sample_index,path,true_index,true_class,pred_index,pred_class,prob_glioma,prob_meningioma,prob_notumor,prob_pituitary
1,"/kaggle/input/datasets/arafatrahmann/my-data221/Epic and CSCR hospital Dataset/Train/glioma/G_704_BR_.jpg",0,glioma,0,glioma,0.9579385519,0.0159040783,0.0126707824,0.0134865958
10,"/kaggle/input/datasets/arafatrahmann/my-data221/Epic and CSCR hospital Dataset/Train/glioma/G_705_HF_.jpg",0,glioma,0,glioma,0.9734486341,0.0087955222,0.0096031409,0.0081526842
13,"/kaggle/input/datasets/arafatrahmann/my-data221/Epic and CSCR hospital Dataset/Train/glioma/G_705_VF_.jpg",0,glioma,0,glioma,0.9715754390,0.0092837159,0.0101837944,0.0089569911
16,"/kaggle/input/datasets/arafatrahmann/my-data221/Epic and CSCR hospital Dataset/Train/glioma/G_706_DA_.jpg",0,glioma,0,glioma,0.9655575752,0.0125724841,0.0098262532,0.0120436996
26,"/kaggle/input/datasets/arafatrahmann/my-data221/Epic and CSCR hospital Dataset/Train/glioma/G_707_SP_.jpg",0,glioma,0,glioma,0.9167014360,0.0154914316,0.0071163671,0.0606906936
27,"/kaggle/input/datasets/arafatrahmann/my-data221/Epic and CSCR hospital Dataset/Train/glioma/G_707_VF_.jpg",0,glioma,3,pituitary,0.3601505756,0.0446375087,0.0098208589,0.5853911042
29,"/kaggle/input/datasets/arafatrahmann/my-data221/Epic and CSCR hospital Dataset/Train/glioma/G_708_BR_.jpg",0,glioma,0,glioma,0.9590314031,0.0168446377,0.0144519629,0.0096720606
35,"/kaggle/input/datasets/arafatrahmann/my-data221/Epic and CSCR hospital Dataset/Train/glioma/G_709.jpg",0,glioma,0,glioma,0.8079032898,0.1654096246,0.0159510225,0.0107360454
40,"/kaggle/input/datasets/arafatrahmann/my-data221/Epic and CSCR hospital Dataset/Train/glioma/G_709_SP_.jpg",0,glioma,1,meningioma,0.2464697808,0.7259247303,0.0106611680,0.0169442929
41,"/kaggle/input/datasets/arafatrahmann/my-data221/Epic and CSCR hospital Dataset/Train/glioma/G_709_VF_.jpg",0,glioma,1,meningioma,0.0510404706,0.9078950882,0.0117941676,0.0292702727
65,"/kaggle/input/datasets/arafatrahmann/my-data221/Epic and CSCR hospital Dataset/Train/glioma/G_713_DA_.jpg",0,glioma,0,glioma,0.9715760946,0.0084767221,0.0112757804,0.0086713377
67,"/kaggle/input/datasets/arafatrahmann/my-data221/Epic and CSCR hospital Dataset/Train/glioma/G_713_RO_.jpg",0,glioma,0,glioma,0.9707988501,0.0104899621,0.0106614418,0.0080496976
75,"/kaggle/input/datasets/arafatrahmann/my-data221/Epic and CSCR hospital Dataset/Train/glioma/G_714_SP_.jpg",0,glioma,0,glioma,0.9698416591,0.0130584436,0.0088395867,0.0082602631
77,"/kaggle/input/datasets/arafatrahmann/my-data221/Epic and CSCR hospital Dataset/Train/glioma/G_715.jpg",0,glioma,0,glioma,0.9698087573,0.0125509501,0.0093138684,0.0083264224
78,"/kaggle/input/datasets/arafatrahmann/my-data221/Epic and CSCR hospital Dataset/Train/glioma/G_715_BR_.jpg",0,glioma,0,glioma,0.9669586420,0.0126325889,0.0126148714,0.0077937632
79,"/kaggle/input/datasets/arafatrahmann/my-data221/Epic and CSCR hospital Dataset/Train/glioma/G_715_DA_.jpg",0,glioma,0,glioma,0.9696232080,0.0103385281,0.0099824611,0.0100558661
90,"/kaggle/input/datasets/arafatrahmann/my-data221/Epic and CSCR hospital Dataset/Train/glioma/G_716_VF_.jpg",0,glioma,0,glioma,0.9702267647,0.0086809117,0.0104397396,0.0106525216
92,"/kaggle/input/datasets/arafatrahmann/my-data221/Epic and CSCR hospital Dataset/Train/glioma/G_717_BR_.jpg",0,glioma,0,glioma,0.9687376022,0.0085876454,0.0153326821,0.0073420047
103,"/kaggle/input/datasets/arafatrahmann/my-data221/Epic and CSCR hospital Dataset/Train/glioma/G_718_SP_.jpg",0,glioma,0,glioma,0.9644735456,0.0165223200,0.0082596969,0.0107444571
105,"/kaggle/input/datasets/arafatrahmann/my-data221/Epic and CSCR hospital Dataset/Train/glioma/G_719.jpg",0,glioma,0,glioma,0.9744254947,0.0097494144,0.0086428206,0.0071823164
106,"/kaggle/input/datasets/arafatrahmann/my-data221/Epic and CSCR hospital Dataset/Train/glioma/G_719_BR_.jpg",0,glioma,0,glioma,0.9635201693,0.0148092182,0.0131234210,0.0085473005
112,"/kaggle/input/datasets/arafatrahmann/my-data221/Epic and CSCR hospital Dataset/Train/glioma/G_720.jpg",0,glioma,0,glioma,0.9670727849,0.0089269998,0.0098048300,0.0141953649
117,"/kaggle/input/datasets/arafatrahmann/my-data221/Epic and CSCR hospital Dataset/Train/glioma/G_720_SP_.jpg",0,glioma,0,glioma,0.9683678746,0.0095071252,0.0077728643,0.0143521605
119,"/kaggle/input/datasets/arafatrahmann/my-data221/Epic and CSCR hospital Dataset/Train/glioma/G_721.jpg",0,glioma,0,glioma,0.9675859213,0.0087932581,0.0101820659,0.0134387612
122,"/kaggle/input/datasets/arafatrahmann/my-data221/Epic and CSCR hospital Dataset/Train/glioma/G_721_HF_.jpg",0,glioma,0,glioma,0.9667674303,0.0091414563,0.0101661962,0.0139248939
136,"/kaggle/input/datasets/arafatrahmann/my-data221/Epic and CSCR hospital Dataset/Train/glioma/G_723_HF_.jpg",0,glioma,0,glioma,0.9229660034,0.0505833104,0.0142242964,0.0122263636
139,"/kaggle/input/datasets/arafatrahmann/my-data221/Epic and CSCR hospital Dataset/Train/glioma/G_723_VF_.jpg",0,glioma,2,notumor,0.2245517224,0.2181505859,0.5313794613,0.0259182658
172,"/kaggle/input/datasets/arafatrahmann/my-data221/Epic and CSCR hospital Dataset/Train/glioma/G_728_RO_.jpg",0,glioma,0,glioma,0.9709591866,0.0077337795,0.0104249530,0.0108820070
177,"/kaggle/input/datasets/arafatrahmann/my-data221/Epic and CSCR hospital Dataset/Train/glioma/G_729_DA_.jpg",0,glioma,0,glioma,0.9707147479,0.0082760844,0.0097897844,0.0112194587
178,"/kaggle/input/datasets/arafatrahmann/my-data221/Epic and CSCR hospital Dataset/Train/glioma/G_729_HF_.jpg",0,glioma,0,glioma,0.9710307121,0.0078538302,0.0105947275,0.0105207078
179,"/kaggle/input/datasets/arafatrahmann/my-data221/Epic and CSCR hospital Dataset/Train/glioma/G_729_RO_.jpg",0,glioma,0,glioma,0.9710000753,0.0077965804,0.0106526827,0.0105507355
181,"/kaggle/input/datasets/arafatrahmann/my-data221/Epic and CSCR hospital Dataset/Train/glioma/G_729_VF_.jpg",0,glioma,0,glioma,0.9706457853,0.0081075225,0.0105985226,0.0106481100
187,"/kaggle/input/datasets/arafatrahmann/my-data221/Epic and CSCR hospital Dataset/Train/glioma/G_730_SP_.jpg",0,glioma,0,glioma,0.7051485777,0.0282615386,0.0090993773,0.2574904859
188,"/kaggle/input/datasets/arafatrahmann/my-data221/Epic and CSCR hospital Dataset/Train/glioma/G_730_VF_.jpg",0,glioma,0,glioma,0.9485400319,0.0148836346,0.0083709545,0.0282054339
192,"/kaggle/input/datasets/arafatrahmann/my-data221/Epic and CSCR hospital Dataset/Train/glioma/G_731_HF_.jpg",0,glioma,0,glioma,0.9681367874,0.0088177454,0.0101417843,0.0129036736
193,"/kaggle/input/datasets/arafatrahmann/my-data221/Epic and CSCR hospital Dataset/Train/glioma/G_731_RO_.jpg",0,glioma,0,glioma,0.9682753682,0.0086706523,0.0103061981,0.0127478391
199,"/kaggle/input/datasets/arafatrahmann/my-data221/Epic and CSCR hospital Dataset/Train/glioma/G_732_HF_.jpg",0,glioma,0,glioma,0.9677774310,0.0113569368,0.0092770094,0.0115886508
210,"/kaggle/input/datasets/arafatrahmann/my-data221/Epic and CSCR hospital Dataset/Train/glioma/G_734.jpg",0,glioma,0,glioma,0.9346807599,0.0396497846,0.0083820596,0.0172874369
212,"/kaggle/input/datasets/arafatrahmann/my-data221/Epic and CSCR hospital Dataset/Train/glioma/G_734_DA_.jpg",0,glioma,0,glioma,0.9544618726,0.0187913440,0.0123985615,0.0143481176
213,"/kaggle/input/datasets/arafatrahmann/my-data221/Epic and CSCR hospital Dataset/Train/glioma/G_734_HF_.jpg",0,glioma,0,glioma,0.9296053052,0.0440275297,0.0086184740,0.0177487582
214,"/kaggle/input/datasets/arafatrahmann/my-data221/Epic and CSCR hospital Dataset/Train/glioma/G_734_RO_.jpg",0,glioma,0,glioma,0.9347532392,0.0373081304,0.0084626963,0.0194759015
217,"/kaggle/input/datasets/arafatrahmann/my-data221/Epic and CSCR hospital Dataset/Train/glioma/G_735.jpg",0,glioma,0,glioma,0.9725696445,0.0079726344,0.0114052128,0.0080524478
232,"/kaggle/input/datasets/arafatrahmann/my-data221/Epic and CSCR hospital Dataset/Train/glioma/G_737_BR_.jpg",0,glioma,0,glioma,0.9639633894,0.0096027358,0.0201622285,0.0062716966
236,"/kaggle/input/datasets/arafatrahmann/my-data221/Epic and CSCR hospital Dataset/Train/glioma/G_737_SP_.jpg",0,glioma,0,glioma,0.9719220996,0.0106718047,0.0092050452,0.0082010375
238,"/kaggle/input/datasets/arafatrahmann/my-data221/Epic and CSCR hospital Dataset/Train/glioma/G_738.jpg",0,glioma,0,glioma,0.9706913233,0.0103245219,0.0118894139,0.0070947064
239,"/kaggle/input/datasets/arafatrahmann/my-data221/Epic and CSCR hospital Dataset/Train/glioma/G_738_BR_.jpg",0,glioma,0,glioma,0.9597360492,0.0103804022,0.0233218148,0.0065616616
241,"/kaggle/input/datasets/arafatrahmann/my-data221/Epic and CSCR hospital Dataset/Train/glioma/G_738_HF_.jpg",0,glioma,0,glioma,0.9699501991,0.0103669353,0.0127657726,0.0069171255
243,"/kaggle/input/datasets/arafatrahmann/my-data221/Epic and CSCR hospital Dataset/Train/glioma/G_738_SP_.jpg",0,glioma,0,glioma,0.9704843760,0.0104681794,0.0116330637,0.0074143796
245,"/kaggle/input/datasets/arafatrahmann/my-data221/Epic and CSCR hospital Dataset/Train/glioma/G_739.jpg",0,glioma,0,glioma,0.9712103605,0.0069685825,0.0109849060,0.0108361673
249,"/kaggle/input/datasets/arafatrahmann/my-data221/Epic and CSCR hospital Dataset/Train/glioma/G_739_RO_.jpg",0,glioma,0,glioma,0.9717677832,0.0068724724,0.0116924997,0.0096673146
251,"/kaggle/input/datasets/arafatrahmann/my-data221/Epic and CSCR hospital Dataset/Train/glioma/G_739_VF_.jpg",0,glioma,0,glioma,0.9708356857,0.0070959129,0.0118152788,0.0102531733
253,"/kaggle/input/datasets/arafatrahmann/my-data221/Epic and CSCR hospital Dataset/Train/glioma/G_740_BR_.jpg",0,glioma,0,glioma,0.9667277336,0.0091348439,0.0161602739,0.0079771448
257,"/kaggle/input/datasets/arafatrahmann/my-data221/Epic and CSCR hospital Dataset/Train/glioma/G_740_SP_.jpg",0,glioma,0,glioma,0.9714481235,0.0086043645,0.0110433623,0.0089041758
263,"/kaggle/input/datasets/arafatrahmann/my-data221/Epic and CSCR hospital Dataset/Train/glioma/G_741_RO_.jpg",0,glioma,0,glioma,0.9728981256,0.0073206099,0.0105394078,0.0092418473
269,"/kaggle/input/datasets/arafatrahmann/my-data221/Epic and CSCR hospital Dataset/Train/glioma/G_742_HF_.jpg",0,glioma,0,glioma,0.9655011892,0.0133565366,0.0082871020,0.0128552364
270,"/kaggle/input/datasets/arafatrahmann/my-data221/Epic and CSCR hospital Dataset/Train/glioma/G_742_RO_.jpg",0,glioma,0,glioma,0.9660376310,0.0098044742,0.0080181649,0.0161397830
271,"/kaggle/input/datasets/arafatrahmann/my-data221/Epic and CSCR hospital Dataset/Train/glioma/G_742_SP_.jpg",0,glioma,0,glioma,0.9320885539,0.0209726952,0.0074306154,0.0395081230
286,"/kaggle/input/datasets/arafatrahmann/my-data221/Epic and CSCR hospital Dataset/Train/glioma/G_744_VF_.jpg",0,glioma,0,glioma,0.9713293314,0.0073514134,0.0111618014,0.0101575358
289,"/kaggle/input/datasets/arafatrahmann/my-data221/Epic and CSCR hospital Dataset/Train/glioma/G_745_DA_.jpg",0,glioma,0,glioma,0.9391937256,0.0211321674,0.0283113178,0.0113628246
291,"/kaggle/input/datasets/arafatrahmann/my-data221/Epic and CSCR hospital Dataset/Train/glioma/G_745_RO_.jpg",0,glioma,0,glioma,0.9082182050,0.0318682715,0.0495256409,0.0103879543
294,"/kaggle/input/datasets/arafatrahmann/my-data221/Epic and CSCR hospital Dataset/Train/glioma/G_746.jpg",0,glioma,0,glioma,0.9685884714,0.0106310584,0.0088648573,0.0119156782
302,"/kaggle/input/datasets/arafatrahmann/my-data221/Epic and CSCR hospital Dataset/Train/glioma/G_747_BR_.jpg",0,glioma,0,glioma,0.9671797752,0.0089638671,0.0162705872,0.0075857588
305,"/kaggle/input/datasets/arafatrahmann/my-data221/Epic and CSCR hospital Dataset/Train/glioma/G_747_RO_.jpg",0,glioma,0,glioma,0.9689631462,0.0077095493,0.0115421265,0.0117851812
309,"/kaggle/input/datasets/arafatrahmann/my-data221/Epic and CSCR hospital Dataset/Train/glioma/G_748_BR_.jpg",0,glioma,0,glioma,0.9666827321,0.0089012654,0.0169163421,0.0074996995
311,"/kaggle/input/datasets/arafatrahmann/my-data221/Epic and CSCR hospital Dataset/Train/glioma/G_748_HF_.jpg",0,glioma,0,glioma,0.9708188772,0.0076842159,0.0110240113,0.0104729002
312,"/kaggle/input/datasets/arafatrahmann/my-data221/Epic and CSCR hospital Dataset/Train/glioma/G_748_RO_.jpg",0,glioma,0,glioma,0.9701982737,0.0074838474,0.0112670986,0.0110507710
314,"/kaggle/input/datasets/arafatrahmann/my-data221/Epic and CSCR hospital Dataset/Train/glioma/G_748_VF_.jpg",0,glioma,0,glioma,0.9692826271,0.0076630013,0.0111260395,0.0119283088
317,"/kaggle/input/datasets/arafatrahmann/my-data221/Epic and CSCR hospital Dataset/Train/glioma/G_749_DA_.jpg",0,glioma,0,glioma,0.9704788923,0.0100852456,0.0100479955,0.0093877967
319,"/kaggle/input/datasets/arafatrahmann/my-data221/Epic and CSCR hospital Dataset/Train/glioma/G_749_RO_.jpg",0,glioma,0,glioma,0.9696179628,0.0087188054,0.0108285882,0.0108347898
325,"/kaggle/input/datasets/arafatrahmann/my-data221/Epic and CSCR hospital Dataset/Train/glioma/G_750_HF_.jpg",0,glioma,0,glioma,0.9701200724,0.0089067724,0.0100582317,0.0109149879
328,"/kaggle/input/datasets/arafatrahmann/my-data221/Epic and CSCR hospital Dataset/Train/glioma/G_750_VF_.jpg",0,glioma,0,glioma,0.9689778090,0.0089478772,0.0102662165,0.0118080201
336,"/kaggle/input/datasets/arafatrahmann/my-data221/Epic and CSCR hospital Dataset/Train/glioma/G_752.jpg",0,glioma,0,glioma,0.9728995562,0.0094859470,0.0105393929,0.0070751770
339,"/kaggle/input/datasets/arafatrahmann/my-data221/Epic and CSCR hospital Dataset/Train/glioma/G_752_HF_.jpg",0,glioma,0,glioma,0.9721733332,0.0098943356,0.0103599513,0.0075725093
345,"/kaggle/input/datasets/arafatrahmann/my-data221/Epic and CSCR hospital Dataset/Train/glioma/G_753_DA_.jpg",0,glioma,0,glioma,0.9692040682,0.0093478281,0.0094261933,0.0120220333
351,"/kaggle/input/datasets/arafatrahmann/my-data221/Epic and CSCR hospital Dataset/Train/glioma/G_754_BR_.jpg",0,glioma,0,glioma,0.9552437067,0.0194977913,0.0104886713,0.0147698522
357,"/kaggle/input/datasets/arafatrahmann/my-data221/Epic and CSCR hospital Dataset/Train/glioma/G_755.jpg",0,glioma,0,glioma,0.9757351875,0.0076237447,0.0083968882,0.0082442090
381,"/kaggle/input/datasets/arafatrahmann/my-data221/Epic and CSCR hospital Dataset/Train/glioma/G_758_HF_.jpg",0,glioma,0,glioma,0.9709857106,0.0104557825,0.0081397537,0.0104187885
385,"/kaggle/input/datasets/arafatrahmann/my-data221/Epic and CSCR hospital Dataset/Train/glioma/G_759.jpg",0,glioma,0,glioma,0.9689320326,0.0108950380,0.0090135289,0.0111593958
395,"/kaggle/input/datasets/arafatrahmann/my-data221/Epic and CSCR hospital Dataset/Train/glioma/G_760_HF_.jpg",0,glioma,0,glioma,0.9715000987,0.0103905154,0.0098046763,0.0083046779
400,"/kaggle/input/datasets/arafatrahmann/my-data221/Epic and CSCR hospital Dataset/Train/glioma/G_761_BR_.jpg",0,glioma,0,glioma,0.9679053426,0.0110238949,0.0133798849,0.0076908828
401,"/kaggle/input/datasets/arafatrahmann/my-data221/Epic and CSCR hospital Dataset/Train/glioma/G_761_DA_.jpg",0,glioma,0,glioma,0.9690874219,0.0085634319,0.0119257253,0.0104234284
403,"/kaggle/input/datasets/arafatrahmann/my-data221/Epic and CSCR hospital Dataset/Train/glioma/G_761_RO_.jpg",0,glioma,0,glioma,0.9586066008,0.0106719648,0.0091419779,0.0215794351
412,"/kaggle/input/datasets/arafatrahmann/my-data221/Epic and CSCR hospital Dataset/Train/glioma/G_762_VF_.jpg",0,glioma,0,glioma,0.9738962054,0.0076373266,0.0086080581,0.0098583531
421,"/kaggle/input/datasets/arafatrahmann/my-data221/Epic and CSCR hospital Dataset/Train/glioma/G_764_BR_.jpg",0,glioma,0,glioma,0.9647397995,0.0119549138,0.0136433588,0.0096619334
428,"/kaggle/input/datasets/arafatrahmann/my-data221/Epic and CSCR hospital Dataset/Train/glioma/G_765_BR_.jpg",0,glioma,0,glioma,0.9665911794,0.0109092407,0.0093236137,0.0131758749
430,"/kaggle/input/datasets/arafatrahmann/my-data221/Epic and CSCR hospital Dataset/Train/glioma/G_765_HF_.jpg",0,glioma,0,glioma,0.9692555666,0.0102111325,0.0085925953,0.0119407680
431,"/kaggle/input/datasets/arafatrahmann/my-data221/Epic and CSCR hospital Dataset/Train/glioma/G_765_RO_.jpg",0,glioma,0,glioma,0.9653657079,0.0088289334,0.0086261043,0.0171792377
434,"/kaggle/input/datasets/arafatrahmann/my-data221/Epic and CSCR hospital Dataset/Train/glioma/G_766.jpg",0,glioma,0,glioma,0.9750409126,0.0072950064,0.0094776321,0.0081864595
445,"/kaggle/input/datasets/arafatrahmann/my-data221/Epic and CSCR hospital Dataset/Train/glioma/G_767_RO_.jpg",0,glioma,0,glioma,0.9286317825,0.0451514907,0.0109928614,0.0152238104
449,"/kaggle/input/datasets/arafatrahmann/my-data221/Epic and CSCR hospital Dataset/Train/glioma/G_768_BR_.jpg",0,glioma,0,glioma,0.9666978717,0.0105339009,0.0131376442,0.0096306670
450,"/kaggle/input/datasets/arafatrahmann/my-data221/Epic and CSCR hospital Dataset/Train/glioma/G_768_DA_.jpg",0,glioma,0,glioma,0.9703998566,0.0084130513,0.0093818260,0.0118052680
456,"/kaggle/input/datasets/arafatrahmann/my-data221/Epic and CSCR hospital Dataset/Train/glioma/G_769_BR_.jpg",0,glioma,0,glioma,0.9675343633,0.0106144054,0.0121861380,0.0096651474
457,"/kaggle/input/datasets/arafatrahmann/my-data221/Epic and CSCR hospital Dataset/Train/glioma/G_769_DA_.jpg",0,glioma,0,glioma,0.9705020785,0.0082870182,0.0093504740,0.0118604479
463,"/kaggle/input/datasets/arafatrahmann/my-data221/Epic and CSCR hospital Dataset/Train/glioma/G_770_BR_.jpg",0,glioma,0,glioma,0.9668653607,0.0117531093,0.0116473343,0.0097341472
470,"/kaggle/input/datasets/arafatrahmann/my-data221/Epic and CSCR hospital Dataset/Train/glioma/G_771_BR_.jpg",0,glioma,0,glioma,0.9670279622,0.0114401346,0.0124476086,0.0090843206
475,"/kaggle/input/datasets/arafatrahmann/my-data221/Epic and CSCR hospital Dataset/Train/glioma/G_771_VF_.jpg",0,glioma,0,glioma,0.9527152181,0.0197128989,0.0120520387,0.0155199217
477,"/kaggle/input/datasets/arafatrahmann/my-data221/Epic and CSCR hospital Dataset/Train/glioma/G_772_BR_.jpg",0,glioma,0,glioma,0.9669601321,0.0114627974,0.0124775041,0.0090994965
492,"/kaggle/input/datasets/arafatrahmann/my-data221/Epic and CSCR hospital Dataset/Train/glioma/G_774_DA_.jpg",0,glioma,0,glioma,0.9695690870,0.0106925899,0.0097843502,0.0099538872
497,"/kaggle/input/datasets/arafatrahmann/my-data221/Epic and CSCR hospital Dataset/Train/glioma/G_775.jpg",0,glioma,0,glioma,0.9750734568,0.0086785760,0.0088611841,0.0073867133
500,"/kaggle/input/datasets/arafatrahmann/my-data221/Epic and CSCR hospital Dataset/Train/glioma/G_775_HF_.jpg",0,glioma,0,glioma,0.9752886891,0.0084820790,0.0088020954,0.0074270554
503,"/kaggle/input/datasets/arafatrahmann/my-data221/Epic and CSCR hospital Dataset/Train/glioma/G_775_VF_.jpg",0,glioma,0,glioma,0.9750590324,0.0079386691,0.0091508189,0.0078514349
505,"/kaggle/input/datasets/arafatrahmann/my-data221/Epic and CSCR hospital Dataset/Train/glioma/G_776_BR_.jpg",0,glioma,0,glioma,0.9661713839,0.0131899212,0.0114515796,0.0091872485
514,"/kaggle/input/datasets/arafatrahmann/my-data221/Epic and CSCR hospital Dataset/Train/glioma/G_777_HF_.jpg",0,glioma,0,glioma,0.9700185061,0.0111587895,0.0082420707,0.0105806571
523,"/kaggle/input/datasets/arafatrahmann/my-data221/Epic and CSCR hospital Dataset/Train/glioma/G_778_SP_.jpg",0,glioma,0,glioma,0.9234849811,0.0476496443,0.0147736650,0.0140916873
524,"/kaggle/input/datasets/arafatrahmann/my-data221/Epic and CSCR hospital Dataset/Train/glioma/G_778_VF_.jpg",0,glioma,0,glioma,0.9245387912,0.0419560708,0.0221489277,0.0113562355
528,"/kaggle/input/datasets/arafatrahmann/my-data221/Epic and CSCR hospital Dataset/Train/glioma/G_779_HF_.jpg",0,glioma,0,glioma,0.9422454834,0.0288601182,0.0172990598,0.0115952594
535,"/kaggle/input/datasets/arafatrahmann/my-data221/Epic and CSCR hospital Dataset/Train/glioma/G_780_HF_.jpg",0,glioma,0,glioma,0.9764995575,0.0079330001,0.0088027790,0.0067647174
538,"/kaggle/input/datasets/arafatrahmann/my-data221/Epic and CSCR hospital Dataset/Train/glioma/G_780_VF_.jpg",0,glioma,0,glioma,0.9756668806,0.0076755257,0.0093331309,0.0073243231
546,"/kaggle/input/datasets/arafatrahmann/my-data221/Epic and CSCR hospital Dataset/Train/glioma/G_782.jpg",0,glioma,0,glioma,0.9722934961,0.0098716896,0.0076212347,0.0102135958
547,"/kaggle/input/datasets/arafatrahmann/my-data221/Epic and CSCR hospital Dataset/Train/glioma/G_782_BR_.jpg",0,glioma,0,glioma,0.9674962163,0.0105962958,0.0132274777,0.0086800316
554,"/kaggle/input/datasets/arafatrahmann/my-data221/Epic and CSCR hospital Dataset/Train/glioma/G_783_BR_.jpg",0,glioma,0,glioma,0.9703006744,0.0097985696,0.0131422980,0.0067585148
555,"/kaggle/input/datasets/arafatrahmann/my-data221/Epic and CSCR hospital Dataset/Train/glioma/G_783_DA_.jpg",0,glioma,0,glioma,0.9706241488,0.0099039329,0.0096083153,0.0098635545
558,"/kaggle/input/datasets/arafatrahmann/my-data221/Epic and CSCR hospital Dataset/Train/glioma/G_783_SP_.jpg",0,glioma,0,glioma,0.9721414447,0.0102252122,0.0073653818,0.0102679487
559,"/kaggle/input/datasets/arafatrahmann/my-data221/Epic and CSCR hospital Dataset/Train/glioma/G_783_VF_.jpg",0,glioma,0,glioma,0.9710826874,0.0107362634,0.0087013738,0.0094796969
560,"/kaggle/input/datasets/arafatrahmann/my-data221/Epic and CSCR hospital Dataset/Train/glioma/G_784.jpg",0,glioma,0,glioma,0.9726360440,0.0106371436,0.0084191281,0.0083076432
566,"/kaggle/input/datasets/arafatrahmann/my-data221/Epic and CSCR hospital Dataset/Train/glioma/G_784_VF_.jpg",0,glioma,0,glioma,0.9715317488,0.0108033000,0.0087770317,0.0088879373
567,"/kaggle/input/datasets/arafatrahmann/my-data221/Epic and CSCR hospital Dataset/Train/glioma/G_785.jpg",0,glioma,0,glioma,0.9706203341,0.0102318721,0.0084900223,0.0106578115
578,"/kaggle/input/datasets/arafatrahmann/my-data221/Epic and CSCR hospital Dataset/Train/glioma/G_786_RO_.jpg",0,glioma,0,glioma,0.9723931551,0.0108362101,0.0099738073,0.0067968396
583,"/kaggle/input/datasets/arafatrahmann/my-data221/Epic and CSCR hospital Dataset/Train/glioma/G_787_DA_.jpg",0,glioma,0,glioma,0.9709448814,0.0093033379,0.0095442683,0.0102074696
593,"/kaggle/input/datasets/arafatrahmann/my-data221/Epic and CSCR hospital Dataset/Train/glioma/G_788_SP_.jpg",0,glioma,0,glioma,0.9721385241,0.0095673669,0.0074732425,0.0108209383
596,"/kaggle/input/datasets/arafatrahmann/my-data221/Epic and CSCR hospital Dataset/Train/glioma/G_789_BR_.jpg",0,glioma,0,glioma,0.9687859416,0.0093138181,0.0132492185,0.0086510703
602,"/kaggle/input/datasets/arafatrahmann/my-data221/Epic and CSCR hospital Dataset/Train/glioma/G_790.jpg",0,glioma,0,glioma,0.9514145851,0.0183645114,0.0214591213,0.0087617692
611,"/kaggle/input/datasets/arafatrahmann/my-data221/Epic and CSCR hospital Dataset/Train/glioma/G_791_DA_.jpg",0,glioma,0,glioma,0.9690411687,0.0100134080,0.0100900847,0.0108554345
613,"/kaggle/input/datasets/arafatrahmann/my-data221/Epic and CSCR hospital Dataset/Train/glioma/G_791_RO_.jpg",0,glioma,0,glioma,0.9720460176,0.0087346639,0.0093260678,0.0098932181
622,"/kaggle/input/datasets/arafatrahmann/my-data221/Epic and CSCR hospital Dataset/Train/glioma/G_792_VF_.jpg",0,glioma,0,glioma,0.9742683172,0.0086536938,0.0085787652,0.0084991809
626,"/kaggle/input/datasets/arafatrahmann/my-data221/Epic and CSCR hospital Dataset/Train/glioma/G_793_HF_.jpg",0,glioma,0,glioma,0.9737215042,0.0085308254,0.0092924992,0.0084551070
627,"/kaggle/input/datasets/arafatrahmann/my-data221/Epic and CSCR hospital Dataset/Train/glioma/G_793_RO_.jpg",0,glioma,0,glioma,0.9736386538,0.0073623965,0.0099561382,0.0090428833
629,"/kaggle/input/datasets/arafatrahmann/my-data221/Epic and CSCR hospital Dataset/Train/glioma/G_793_VF_.jpg",0,glioma,0,glioma,0.9726630449,0.0086757625,0.0086350329,0.0100261662
632,"/kaggle/input/datasets/arafatrahmann/my-data221/Epic and CSCR hospital Dataset/Train/glioma/G_794_DA_.jpg",0,glioma,0,glioma,0.9713279605,0.0082651358,0.0094907554,0.0109161269
639,"/kaggle/input/datasets/arafatrahmann/my-data221/Epic and CSCR hospital Dataset/Train/glioma/G_795_DA_.jpg",0,glioma,0,glioma,0.9695923924,0.0081537999,0.0094157942,0.0128380060
640,"/kaggle/input/datasets/arafatrahmann/my-data221/Epic and CSCR hospital Dataset/Train/glioma/G_795_HF_.jpg",0,glioma,0,glioma,0.9717499614,0.0106512578,0.0095853144,0.0080134701
647,"/kaggle/input/datasets/arafatrahmann/my-data221/Epic and CSCR hospital Dataset/Train/glioma/G_796_HF_.jpg",0,glioma,0,glioma,0.9733537436,0.0083609167,0.0085959109,0.0096894605
660,"/kaggle/input/datasets/arafatrahmann/my-data221/Epic and CSCR hospital Dataset/Train/glioma/G_798_DA_.jpg",0,glioma,0,glioma,0.9684160352,0.0116597097,0.0102967545,0.0096275760
662,"/kaggle/input/datasets/arafatrahmann/my-data221/Epic and CSCR hospital Dataset/Train/glioma/G_798_RO_.jpg",0,glioma,0,glioma,0.9690216780,0.0093413042,0.0096770767,0.0119599197
663,"/kaggle/input/datasets/arafatrahmann/my-data221/Epic and CSCR hospital Dataset/Train/glioma/G_798_SP_.jpg",0,glioma,0,glioma,0.9690514803,0.0111554852,0.0090894811,0.0107036270
664,"/kaggle/input/datasets/arafatrahmann/my-data221/Epic and CSCR hospital Dataset/Train/glioma/G_798_VF_.jpg",0,glioma,0,glioma,0.9615302086,0.0152717400,0.0098683182,0.0133296875
665,"/kaggle/input/datasets/arafatrahmann/my-data221/Epic and CSCR hospital Dataset/Train/glioma/G_799.jpg",0,glioma,0,glioma,0.9752381444,0.0072490647,0.0081328619,0.0093798870
666,"/kaggle/input/datasets/arafatrahmann/my-data221/Epic and CSCR hospital Dataset/Train/glioma/G_799_BR_.jpg",0,glioma,0,glioma,0.9631294012,0.0126652243,0.0118472036,0.0123581095
673,"/kaggle/input/datasets/arafatrahmann/my-data221/Epic and CSCR hospital Dataset/Train/glioma/G_800_BR_.jpg",0,glioma,0,glioma,0.9593087435,0.0146157909,0.0150902616,0.0109851379
683,"/kaggle/input/datasets/arafatrahmann/my-data221/Epic and CSCR hospital Dataset/Train/glioma/G_801_RO_.jpg",0,glioma,0,glioma,0.9282115698,0.0456124693,0.0095160352,0.0166598298
686,"/kaggle/input/datasets/arafatrahmann/my-data221/Epic and CSCR hospital Dataset/Train/glioma/G_802.jpg",0,glioma,0,glioma,0.9722579718,0.0080972249,0.0082924608,0.0113522867
694,"/kaggle/input/datasets/arafatrahmann/my-data221/Epic and CSCR hospital Dataset/Train/glioma/G_803_BR_.jpg",0,glioma,0,glioma,0.9563738704,0.0204053037,0.0114927916,0.0117280167
699,"/kaggle/input/datasets/arafatrahmann/my-data221/Epic and CSCR hospital Dataset/Train/glioma/G_803_VF_.jpg",0,glioma,0,glioma,0.9511286020,0.0222092979,0.0095491596,0.0171130169
700,"/kaggle/input/datasets/arafatrahmann/my-data221/Epic and CSCR hospital Dataset/Train/glioma/G_804.jpg",0,glioma,0,glioma,0.9724453688,0.0082344208,0.0086451713,0.0106749050
702,"/kaggle/input/datasets/arafatrahmann/my-data221/Epic and CSCR hospital Dataset/Train/glioma/G_804_DA_.jpg",0,glioma,0,glioma,0.9696070552,0.0099989912,0.0095328093,0.0108610829
710,"/kaggle/input/datasets/arafatrahmann/my-data221/Epic and CSCR hospital Dataset/Train/glioma/G_805_HF_.jpg",0,glioma,0,glioma,0.9704363942,0.0118701849,0.0105695259,0.0071239360
711,"/kaggle/input/datasets/arafatrahmann/my-data221/Epic and CSCR hospital Dataset/Train/glioma/G_805_RO_.jpg",0,glioma,0,glioma,0.9721771479,0.0102834264,0.0109641990,0.0065752403
724,"/kaggle/input/datasets/arafatrahmann/my-data221/Epic and CSCR hospital Dataset/Train/glioma/G_807_HF_.jpg",0,glioma,0,glioma,0.9719293714,0.0097446274,0.0097108390,0.0086152870
726,"/kaggle/input/datasets/arafatrahmann/my-data221/Epic and CSCR hospital Dataset/Train/glioma/G_807_SP_.jpg",0,glioma,0,glioma,0.9677330852,0.0142583968,0.0089378115,0.0090707634
738,"/kaggle/input/datasets/arafatrahmann/my-data221/Epic and CSCR hospital Dataset/Train/glioma/G_809_HF_.jpg",0,glioma,0,glioma,0.9751674533,0.0075022192,0.0095279496,0.0078023849
743,"/kaggle/input/datasets/arafatrahmann/my-data221/Epic and CSCR hospital Dataset/Train/glioma/G_810_BR_.jpg",0,glioma,0,glioma,0.9636141062,0.0135471104,0.0139912339,0.0088476576
746,"/kaggle/input/datasets/arafatrahmann/my-data221/Epic and CSCR hospital Dataset/Train/glioma/G_810_RO_.jpg",0,glioma,0,glioma,0.9758652449,0.0066284323,0.0091994796,0.0083068302
752,"/kaggle/input/datasets/arafatrahmann/my-data221/Epic and CSCR hospital Dataset/Train/glioma/G_811_HF_.jpg",0,glioma,0,glioma,0.9702467918,0.0098897349,0.0133157875,0.0065476736
754,"/kaggle/input/datasets/arafatrahmann/my-data221/Epic and CSCR hospital Dataset/Train/glioma/G_811_SP_.jpg",0,glioma,0,glioma,0.9701595306,0.0119637745,0.0102225570,0.0076540736
757,"/kaggle/input/datasets/arafatrahmann/my-data221/Epic and CSCR hospital Dataset/Train/glioma/G_812_BR_.jpg",0,glioma,0,glioma,0.9313238859,0.0392604657,0.0194947738,0.0099208280
762,"/kaggle/input/datasets/arafatrahmann/my-data221/Epic and CSCR hospital Dataset/Train/glioma/G_812_VF_.jpg",0,glioma,0,glioma,0.9286036491,0.0452596471,0.0117017478,0.0144349858
767,"/kaggle/input/datasets/arafatrahmann/my-data221/Epic and CSCR hospital Dataset/Train/glioma/G_813_RO_.jpg",0,glioma,0,glioma,0.9716128111,0.0076119564,0.0095782187,0.0111970026
772,"/kaggle/input/datasets/arafatrahmann/my-data221/Epic and CSCR hospital Dataset/Train/glioma/G_814_DA_.jpg",0,glioma,0,glioma,0.9718499184,0.0078239227,0.0095388303,0.0107872244
774,"/kaggle/input/datasets/arafatrahmann/my-data221/Epic and CSCR hospital Dataset/Train/glioma/G_814_RO_.jpg",0,glioma,0,glioma,0.9759621620,0.0065229246,0.0096365092,0.0078784004
777,"/kaggle/input/datasets/arafatrahmann/my-data221/Epic and CSCR hospital Dataset/Train/glioma/G_815.jpg",0,glioma,0,glioma,0.9714280963,0.0097918864,0.0107898079,0.0079902485
779,"/kaggle/input/datasets/arafatrahmann/my-data221/Epic and CSCR hospital Dataset/Train/glioma/G_815_DA_.jpg",0,glioma,0,glioma,0.9702423811,0.0082954653,0.0116204796,0.0098416060
780,"/kaggle/input/datasets/arafatrahmann/my-data221/Epic and CSCR hospital Dataset/Train/glioma/G_815_HF_.jpg",0,glioma,0,glioma,0.9708698392,0.0103673246,0.0112651531,0.0074977144
784,"/kaggle/input/datasets/arafatrahmann/my-data221/Epic and CSCR hospital Dataset/Train/glioma/G_816.jpg",0,glioma,0,glioma,0.9758669734,0.0077307699,0.0089820903,0.0074201063
793,"/kaggle/input/datasets/arafatrahmann/my-data221/Epic and CSCR hospital Dataset/Train/glioma/G_817_DA_.jpg",0,glioma,0,glioma,0.9719295502,0.0081028873,0.0096140578,0.0103534823
795,"/kaggle/input/datasets/arafatrahmann/my-data221/Epic and CSCR hospital Dataset/Train/glioma/G_817_RO_.jpg",0,glioma,0,glioma,0.9764207006,0.0068066521,0.0100506768,0.0067219310
797,"/kaggle/input/datasets/arafatrahmann/my-data221/Epic and CSCR hospital Dataset/Train/glioma/G_817_VF_.jpg",0,glioma,0,glioma,0.9740236998,0.0074426322,0.0086008012,0.0099328365
807,"/kaggle/input/datasets/arafatrahmann/my-data221/Epic and CSCR hospital Dataset/Train/glioma/G_819_DA_.jpg",0,glioma,0,glioma,0.9718419909,0.0090049859,0.0110707749,0.0080821607
808,"/kaggle/input/datasets/arafatrahmann/my-data221/Epic and CSCR hospital Dataset/Train/glioma/G_819_HF_.jpg",0,glioma,0,glioma,0.9721352458,0.0088713784,0.0116105052,0.0073829344
818,"/kaggle/input/datasets/arafatrahmann/my-data221/Epic and CSCR hospital Dataset/Train/glioma/G_820_VF_.jpg",0,glioma,0,glioma,0.9711588621,0.0109130833,0.0105675329,0.0073605040
820,"/kaggle/input/datasets/arafatrahmann/my-data221/Epic and CSCR hospital Dataset/Train/glioma/G_821_BR_.jpg",0,glioma,0,glioma,0.9595206380,0.0152566554,0.0181514658,0.0070713363
821,"/kaggle/input/datasets/arafatrahmann/my-data221/Epic and CSCR hospital Dataset/Train/glioma/G_821_DA_.jpg",0,glioma,0,glioma,0.9728107452,0.0081737433,0.0112631116,0.0077524059
827,"/kaggle/input/datasets/arafatrahmann/my-data221/Epic and CSCR hospital Dataset/Train/glioma/G_822_BR_.jpg",0,glioma,0,glioma,0.9573375583,0.0166120417,0.0186296515,0.0074206898
840,"/kaggle/input/datasets/arafatrahmann/my-data221/Epic and CSCR hospital Dataset/Train/glioma/G_824.jpg",0,glioma,0,glioma,0.9704968333,0.0095841512,0.0100695901,0.0098494561
843,"/kaggle/input/datasets/arafatrahmann/my-data221/Epic and CSCR hospital Dataset/Train/glioma/G_824_HF_.jpg",0,glioma,0,glioma,0.9714954495,0.0091996007,0.0100566167,0.0092482250
847,"/kaggle/input/datasets/arafatrahmann/my-data221/Epic and CSCR hospital Dataset/Train/glioma/G_825.jpg",0,glioma,0,glioma,0.9753257632,0.0069697313,0.0096464669,0.0080580190
861,"/kaggle/input/datasets/arafatrahmann/my-data221/Epic and CSCR hospital Dataset/Train/glioma/G_827.jpg",0,glioma,0,glioma,0.9637695551,0.0141547024,0.0093705514,0.0127052646
883,"/kaggle/input/datasets/arafatrahmann/my-data221/Epic and CSCR hospital Dataset/Train/glioma/G_830_BR_.jpg",0,glioma,0,glioma,0.9662289619,0.0096623851,0.0134524107,0.0106562078
893,"/kaggle/input/datasets/arafatrahmann/my-data221/Epic and CSCR hospital Dataset/Train/glioma/G_831_RO_.jpg",0,glioma,0,glioma,0.9734674692,0.0076676160,0.0091044754,0.0097604590
895,"/kaggle/input/datasets/arafatrahmann/my-data221/Epic and CSCR hospital Dataset/Train/glioma/G_831_VF_.jpg",0,glioma,0,glioma,0.9718535542,0.0090889204,0.0089080557,0.0101495702
897,"/kaggle/input/datasets/arafatrahmann/my-data221/Epic and CSCR hospital Dataset/Train/glioma/G_832_BR_.jpg",0,glioma,0,glioma,0.9684270024,0.0103116315,0.0141412299,0.0071201376
900,"/kaggle/input/datasets/arafatrahmann/my-data221/Epic and CSCR hospital Dataset/Train/glioma/G_832_RO_.jpg",0,glioma,0,glioma,0.9681838751,0.0104211029,0.0093329372,0.0120620560
923,"/kaggle/input/datasets/arafatrahmann/my-data221/Epic and CSCR hospital Dataset/Train/glioma/G_835_VF_.jpg",0,glioma,0,glioma,0.9701467752,0.0100187548,0.0085725393,0.0112620126
930,"/kaggle/input/datasets/arafatrahmann/my-data221/Epic and CSCR hospital Dataset/Train/glioma/G_836_VF_.jpg",0,glioma,0,glioma,0.9732137918,0.0085289320,0.0083570136,0.0099002765
934,"/kaggle/input/datasets/arafatrahmann/my-data221/Epic and CSCR hospital Dataset/Train/glioma/G_837_HF_.jpg",0,glioma,0,glioma,0.9735839963,0.0092962729,0.0099604744,0.0071592666
939,"/kaggle/input/datasets/arafatrahmann/my-data221/Epic and CSCR hospital Dataset/Train/glioma/G_838_BR_.jpg",0,glioma,0,glioma,0.9642699361,0.0115688248,0.0175037291,0.0066574393
950,"/kaggle/input/datasets/arafatrahmann/my-data221/Epic and CSCR hospital Dataset/Train/glioma/G_839_SP_.jpg",0,glioma,0,glioma,0.9620209932,0.0182506107,0.0083050933,0.0114233326
953,"/kaggle/input/datasets/arafatrahmann/my-data221/Epic and CSCR hospital Dataset/Train/glioma/G_840_BR_.jpg",0,glioma,0,glioma,0.9601584673,0.0194728039,0.0106116515,0.0097570606
961,"/kaggle/input/datasets/arafatrahmann/my-data221/Epic and CSCR hospital Dataset/Train/glioma/G_841_DA_.jpg",0,glioma,0,glioma,0.9544433355,0.0100717656,0.0084424457,0.0270424187
965,"/kaggle/input/datasets/arafatrahmann/my-data221/Epic and CSCR hospital Dataset/Train/glioma/G_841_VF_.jpg",0,glioma,0,glioma,0.9617251158,0.0126884254,0.0139632281,0.0116231516
966,"/kaggle/input/datasets/arafatrahmann/my-data221/Epic and CSCR hospital Dataset/Train/glioma/G_842.jpg",0,glioma,0,glioma,0.9704980850,0.0102300448,0.0120950323,0.0071768863
968,"/kaggle/input/datasets/arafatrahmann/my-data221/Epic and CSCR hospital Dataset/Train/glioma/G_842_DA_.jpg",0,glioma,0,glioma,0.9696132541,0.0099874968,0.0111673791,0.0092319623
972,"/kaggle/input/datasets/arafatrahmann/my-data221/Epic and CSCR hospital Dataset/Train/glioma/G_842_VF_.jpg",0,glioma,0,glioma,0.9704405069,0.0102091022,0.0124619417,0.0068885288
983,"/kaggle/input/datasets/arafatrahmann/my-data221/Epic and CSCR hospital Dataset/Train/glioma/G_844_HF_.jpg",0,glioma,0,glioma,0.9691938162,0.0115165832,0.0127317291,0.0065578548
987,"/kaggle/input/datasets/arafatrahmann/my-data221/Epic and CSCR hospital Dataset/Train/glioma/G_845.jpg",0,glioma,0,glioma,0.9689238667,0.0132352514,0.0091296397,0.0087112151
989,"/kaggle/input/datasets/arafatrahmann/my-data221/Epic and CSCR hospital Dataset/Train/glioma/G_845_DA_.jpg",0,glioma,0,glioma,0.9707503319,0.0101251574,0.0102874143,0.0088370154
992,"/kaggle/input/datasets/arafatrahmann/my-data221/Epic and CSCR hospital Dataset/Train/glioma/G_845_SP_.jpg",0,glioma,0,glioma,0.9685131907,0.0136247994,0.0079820007,0.0098800194
994,"/kaggle/input/datasets/arafatrahmann/my-data221/Epic and CSCR hospital Dataset/Train/glioma/G_846.jpg",0,glioma,0,glioma,0.9675148726,0.0126109179,0.0103483750,0.0095258746
1002,"/kaggle/input/datasets/arafatrahmann/my-data221/Epic and CSCR hospital Dataset/Train/glioma/G_847_BR_.jpg",0,glioma,0,glioma,0.9643819928,0.0111205755,0.0179862939,0.0065111285
1009,"/kaggle/input/datasets/arafatrahmann/my-data221/Epic and CSCR hospital Dataset/Train/glioma/G_848_BR_.jpg",0,glioma,0,glioma,0.9668863416,0.0079708444,0.0183048509,0.0068379743
1013,"/kaggle/input/datasets/arafatrahmann/my-data221/Epic and CSCR hospital Dataset/Train/glioma/G_848_SP_.jpg",0,glioma,2,notumor,0.1462080032,0.0081077386,0.6932854056,0.1523988247
1015,"/kaggle/input/datasets/arafatrahmann/my-data221/Epic and CSCR hospital Dataset/Train/glioma/G_849.jpg",0,glioma,0,glioma,0.9733821154,0.0071012625,0.0099282209,0.0095884344
1021,"/kaggle/input/datasets/arafatrahmann/my-data221/Epic and CSCR hospital Dataset/Train/glioma/G_849_VF_.jpg",0,glioma,0,glioma,0.9729485512,0.0072152140,0.0100102043,0.0098260436
1025,"/kaggle/input/datasets/arafatrahmann/my-data221/Epic and CSCR hospital Dataset/Train/glioma/G_850_HF_.jpg",0,glioma,0,glioma,0.9662321210,0.0094881775,0.0072398754,0.0170397777
1042,"/kaggle/input/datasets/arafatrahmann/my-data221/Epic and CSCR hospital Dataset/Train/glioma/G_852_VF_.jpg",0,glioma,0,glioma,0.9544709921,0.0229746755,0.0105290655,0.0120251728
1049,"/kaggle/input/datasets/arafatrahmann/my-data221/Epic and CSCR hospital Dataset/Train/glioma/G_853_VF_.jpg",0,glioma,0,glioma,0.9566545486,0.0180459712,0.0124168620,0.0128825381
1059,"/kaggle/input/datasets/arafatrahmann/my-data221/Epic and CSCR hospital Dataset/Train/glioma/G_855_DA_.jpg",0,glioma,0,glioma,0.5646963120,0.0276088119,0.0085995849,0.3990952671
1065,"/kaggle/input/datasets/arafatrahmann/my-data221/Epic and CSCR hospital Dataset/Train/glioma/G_856_BR_.jpg",0,glioma,0,glioma,0.9467045665,0.0125178378,0.0342437737,0.0065338090
1076,"/kaggle/input/datasets/arafatrahmann/my-data221/Epic and CSCR hospital Dataset/Train/glioma/G_857_SP_.jpg",0,glioma,3,pituitary,0.1963910758,0.0140642570,0.0077551678,0.7817894220
1087,"/kaggle/input/datasets/arafatrahmann/my-data221/Epic and CSCR hospital Dataset/Train/glioma/G_859_DA_.jpg",0,glioma,0,glioma,0.9707086682,0.0087170834,0.0108010555,0.0097732190
1090,"/kaggle/input/datasets/arafatrahmann/my-data221/Epic and CSCR hospital Dataset/Train/glioma/G_859_SP_.jpg",0,glioma,0,glioma,0.9701120257,0.0119621130,0.0101438481,0.0077819638
1093,"/kaggle/input/datasets/arafatrahmann/my-data221/Epic and CSCR hospital Dataset/Train/glioma/G_85_SP_.jpg",0,glioma,0,glioma,0.9664745331,0.0164997876,0.0085094124,0.0085162669
1103,"/kaggle/input/datasets/arafatrahmann/my-data221/Epic and CSCR hospital Dataset/Train/glioma/G_861.jpg",0,glioma,0,glioma,0.9643113017,0.0167223494,0.0099054687,0.0090608448
1105,"/kaggle/input/datasets/arafatrahmann/my-data221/Epic and CSCR hospital Dataset/Train/glioma/G_861_DA_.jpg",0,glioma,0,glioma,0.9642950296,0.0130999666,0.0108116120,0.0117934318
1108,"/kaggle/input/datasets/arafatrahmann/my-data221/Epic and CSCR hospital Dataset/Train/glioma/G_861_SP_.jpg",0,glioma,0,glioma,0.8212558031,0.1536266506,0.0097422693,0.0153753553
1109,"/kaggle/input/datasets/arafatrahmann/my-data221/Epic and CSCR hospital Dataset/Train/glioma/G_861_VF_.jpg",0,glioma,0,glioma,0.8931965828,0.0707371682,0.0155049134,0.0205614381
1120,"/kaggle/input/datasets/arafatrahmann/my-data221/Epic and CSCR hospital Dataset/Train/glioma/G_863_HF_.jpg",0,glioma,0,glioma,0.9703332186,0.0123683717,0.0082828235,0.0090156402
1121,"/kaggle/input/datasets/arafatrahmann/my-data221/Epic and CSCR hospital Dataset/Train/glioma/G_863_RO_.jpg",0,glioma,0,glioma,0.9718753695,0.0102986256,0.0081849573,0.0096410410
1124,"/kaggle/input/datasets/arafatrahmann/my-data221/Epic and CSCR hospital Dataset/Train/glioma/G_864.jpg",0,glioma,0,glioma,0.9627152681,0.0174475200,0.0102913575,0.0095459232
1131,"/kaggle/input/datasets/arafatrahmann/my-data221/Epic and CSCR hospital Dataset/Train/glioma/G_865.jpg",0,glioma,0,glioma,0.9594049454,0.0136863636,0.0067638308,0.0201448910
1135,"/kaggle/input/datasets/arafatrahmann/my-data221/Epic and CSCR hospital Dataset/Train/glioma/G_865_RO_.jpg",0,glioma,0,glioma,0.9634799957,0.0114936074,0.0080188168,0.0170075893
1138,"/kaggle/input/datasets/arafatrahmann/my-data221/Epic and CSCR hospital Dataset/Train/glioma/G_866.jpg",0,glioma,0,glioma,0.9629797935,0.0116448943,0.0070804534,0.0182949435
1140,"/kaggle/input/datasets/arafatrahmann/my-data221/Epic and CSCR hospital Dataset/Train/glioma/G_866_DA_.jpg",0,glioma,0,glioma,0.9672266841,0.0110529540,0.0104326475,0.0112876436
1141,"/kaggle/input/datasets/arafatrahmann/my-data221/Epic and CSCR hospital Dataset/Train/glioma/G_866_HF_.jpg",0,glioma,0,glioma,0.9627851248,0.0110338069,0.0073387250,0.0188422482
1149,"/kaggle/input/datasets/arafatrahmann/my-data221/Epic and CSCR hospital Dataset/Train/glioma/G_867_RO_.jpg",0,glioma,0,glioma,0.9726226926,0.0083746500,0.0099425390,0.0090601183
1150,"/kaggle/input/datasets/arafatrahmann/my-data221/Epic and CSCR hospital Dataset/Train/glioma/G_867_SP_.jpg",0,glioma,0,glioma,0.9648237228,0.0155035853,0.0080998205,0.0115728509
1151,"/kaggle/input/datasets/arafatrahmann/my-data221/Epic and CSCR hospital Dataset/Train/glioma/G_867_VF_.jpg",0,glioma,0,glioma,0.9662237167,0.0127292629,0.0086552370,0.0123917041
1159,"/kaggle/input/datasets/arafatrahmann/my-data221/Epic and CSCR hospital Dataset/Train/glioma/G_869.jpg",0,glioma,0,glioma,0.9706536531,0.0120330770,0.0073537901,0.0099594742
1162,"/kaggle/input/datasets/arafatrahmann/my-data221/Epic and CSCR hospital Dataset/Train/glioma/G_869_HF_.jpg",0,glioma,0,glioma,0.9700087309,0.0118132997,0.0068542482,0.0113237808
1165,"/kaggle/input/datasets/arafatrahmann/my-data221/Epic and CSCR hospital Dataset/Train/glioma/G_869_VF_.jpg",0,glioma,0,glioma,0.9515861273,0.0193049181,0.0110492269,0.0180597045
1166,"/kaggle/input/datasets/arafatrahmann/my-data221/Epic and CSCR hospital Dataset/Train/glioma/G_86_BR_.jpg",0,glioma,0,glioma,0.9565637708,0.0206353720,0.0144343851,0.0083665205
1169,"/kaggle/input/datasets/arafatrahmann/my-data221/Epic and CSCR hospital Dataset/Train/glioma/G_86_RO_.jpg",0,glioma,0,glioma,0.9690172076,0.0126637910,0.0106644239,0.0076544830
1170,"/kaggle/input/datasets/arafatrahmann/my-data221/Epic and CSCR hospital Dataset/Train/glioma/G_86_SP_.jpg",0,glioma,0,glioma,0.9674671888,0.0153338788,0.0083914734,0.0088074403
1172,"/kaggle/input/datasets/arafatrahmann/my-data221/Epic and CSCR hospital Dataset/Train/glioma/G_87.jpg",0,glioma,0,glioma,0.9651211500,0.0158459954,0.0116165783,0.0074162423
1178,"/kaggle/input/datasets/arafatrahmann/my-data221/Epic and CSCR hospital Dataset/Train/glioma/G_870_SP_.jpg",0,glioma,0,glioma,0.9715919495,0.0102386074,0.0072509148,0.0109184934
1181,"/kaggle/input/datasets/arafatrahmann/my-data221/Epic and CSCR hospital Dataset/Train/glioma/G_871_BR_.jpg",0,glioma,0,glioma,0.9661428332,0.0125964908,0.0128697306,0.0083909091
1183,"/kaggle/input/datasets/arafatrahmann/my-data221/Epic and CSCR hospital Dataset/Train/glioma/G_871_HF_.jpg",0,glioma,0,glioma,0.9649756551,0.0149201434,0.0095444638,0.0105597610
1187,"/kaggle/input/datasets/arafatrahmann/my-data221/Epic and CSCR hospital Dataset/Train/glioma/G_872.jpg",0,glioma,0,glioma,0.9624470472,0.0178542566,0.0116343079,0.0080643082
1196,"/kaggle/input/datasets/arafatrahmann/my-data221/Epic and CSCR hospital Dataset/Train/glioma/G_873_DA_.jpg",0,glioma,0,glioma,0.9675556421,0.0109243495,0.0121591091,0.0093608862
1204,"/kaggle/input/datasets/arafatrahmann/my-data221/Epic and CSCR hospital Dataset/Train/glioma/G_874_HF_.jpg",0,glioma,0,glioma,0.9695369601,0.0118455105,0.0083331969,0.0102843428
1205,"/kaggle/input/datasets/arafatrahmann/my-data221/Epic and CSCR hospital Dataset/Train/glioma/G_874_RO_.jpg",0,glioma,0,glioma,0.9723083377,0.0087239929,0.0085927173,0.0103750629
1215,"/kaggle/input/datasets/arafatrahmann/my-data221/Epic and CSCR hospital Dataset/Train/glioma/G_876.jpg",0,glioma,0,glioma,0.9665099978,0.0147606479,0.0089663956,0.0097629670
1227,"/kaggle/input/datasets/arafatrahmann/my-data221/Epic and CSCR hospital Dataset/Train/glioma/G_877_SP_.jpg",0,glioma,0,glioma,0.9589654803,0.0182995144,0.0079511246,0.0147837233
1230,"/kaggle/input/datasets/arafatrahmann/my-data221/Epic and CSCR hospital Dataset/Train/glioma/G_878_BR_.jpg",0,glioma,0,glioma,0.9639975429,0.0146249663,0.0111036589,0.0102737797
1232,"/kaggle/input/datasets/arafatrahmann/my-data221/Epic and CSCR hospital Dataset/Train/glioma/G_878_HF_.jpg",0,glioma,0,glioma,0.9722858667,0.0101153823,0.0092682345,0.0083305072
1237,"/kaggle/input/datasets/arafatrahmann/my-data221/Epic and CSCR hospital Dataset/Train/glioma/G_879_BR_.jpg",0,glioma,0,glioma,0.9650346041,0.0108267386,0.0175618585,0.0065767886
1238,"/kaggle/input/datasets/arafatrahmann/my-data221/Epic and CSCR hospital Dataset/Train/glioma/G_879_DA_.jpg",0,glioma,0,glioma,0.9702075124,0.0080562821,0.0122374650,0.0094987582
1248,"/kaggle/input/datasets/arafatrahmann/my-data221/Epic and CSCR hospital Dataset/Train/glioma/G_87_VF_.jpg",0,glioma,0,glioma,0.8419165611,0.1295948178,0.0144680906,0.0140205724
1251,"/kaggle/input/datasets/arafatrahmann/my-data221/Epic and CSCR hospital Dataset/Train/glioma/G_880_BR_.jpg",0,glioma,0,glioma,0.9602696300,0.0177990980,0.0117871687,0.0101441173
1254,"/kaggle/input/datasets/arafatrahmann/my-data221/Epic and CSCR hospital Dataset/Train/glioma/G_880_RO_.jpg",0,glioma,0,glioma,0.9713193774,0.0090956921,0.0109831737,0.0086017381
1256,"/kaggle/input/datasets/arafatrahmann/my-data221/Epic and CSCR hospital Dataset/Train/glioma/G_880_VF_.jpg",0,glioma,0,glioma,0.9654777646,0.0125219496,0.0117556490,0.0102446964
1259,"/kaggle/input/datasets/arafatrahmann/my-data221/Epic and CSCR hospital Dataset/Train/glioma/G_881_DA_.jpg",0,glioma,0,glioma,0.9440113902,0.0285426788,0.0141945090,0.0132514136
1263,"/kaggle/input/datasets/arafatrahmann/my-data221/Epic and CSCR hospital Dataset/Train/glioma/G_881_VF_.jpg",0,glioma,0,glioma,0.9492713213,0.0209164601,0.0101347594,0.0196775254
1268,"/kaggle/input/datasets/arafatrahmann/my-data221/Epic and CSCR hospital Dataset/Train/glioma/G_882_RO_.jpg",0,glioma,0,glioma,0.9688786268,0.0122943847,0.0111249788,0.0077020922
1269,"/kaggle/input/datasets/arafatrahmann/my-data221/Epic and CSCR hospital Dataset/Train/glioma/G_882_SP_.jpg",0,glioma,0,glioma,0.9645560980,0.0167611111,0.0088288207,0.0098540001
1277,"/kaggle/input/datasets/arafatrahmann/my-data221/Epic and CSCR hospital Dataset/Train/glioma/G_883_VF_.jpg",0,glioma,0,glioma,0.9646490216,0.0129990997,0.0090908483,0.0132611142
1290,"/kaggle/input/datasets/arafatrahmann/my-data221/Epic and CSCR hospital Dataset/Train/glioma/G_885_SP_.jpg",0,glioma,0,glioma,0.9714505076,0.0123128947,0.0081383530,0.0080982130
1292,"/kaggle/input/datasets/arafatrahmann/my-data221/Epic and CSCR hospital Dataset/Train/glioma/G_886.jpg",0,glioma,0,glioma,0.9665007591,0.0150162261,0.0100926198,0.0083904630
1294,"/kaggle/input/datasets/arafatrahmann/my-data221/Epic and CSCR hospital Dataset/Train/glioma/G_886_DA_.jpg",0,glioma,0,glioma,0.9723879099,0.0080546495,0.0104149077,0.0091424780
1296,"/kaggle/input/datasets/arafatrahmann/my-data221/Epic and CSCR hospital Dataset/Train/glioma/G_886_RO_.jpg",0,glioma,0,glioma,0.9706811905,0.0114957513,0.0106770536,0.0071459948
1301,"/kaggle/input/datasets/arafatrahmann/my-data221/Epic and CSCR hospital Dataset/Train/glioma/G_887_DA_.jpg",0,glioma,0,glioma,0.9689282179,0.0097921211,0.0107756583,0.0105040539
1309,"/kaggle/input/datasets/arafatrahmann/my-data221/Epic and CSCR hospital Dataset/Train/glioma/G_888_HF_.jpg",0,glioma,0,glioma,0.9741363525,0.0097760251,0.0091022355,0.0069853724
1313,"/kaggle/input/datasets/arafatrahmann/my-data221/Epic and CSCR hospital Dataset/Train/glioma/G_889.jpg",0,glioma,0,glioma,0.9517185092,0.0227411725,0.0161795150,0.0093607530
1314,"/kaggle/input/datasets/arafatrahmann/my-data221/Epic and CSCR hospital Dataset/Train/glioma/G_889_BR_.jpg",0,glioma,0,glioma,0.9391287565,0.0335558318,0.0179337803,0.0093815606
1316,"/kaggle/input/datasets/arafatrahmann/my-data221/Epic and CSCR hospital Dataset/Train/glioma/G_889_HF_.jpg",0,glioma,0,glioma,0.9317830205,0.0387551114,0.0192362741,0.0102256965
1317,"/kaggle/input/datasets/arafatrahmann/my-data221/Epic and CSCR hospital Dataset/Train/glioma/G_889_RO_.jpg",0,glioma,0,glioma,0.9443532825,0.0301125143,0.0146473143,0.0108868172
1318,"/kaggle/input/datasets/arafatrahmann/my-data221/Epic and CSCR hospital Dataset/Train/glioma/G_889_SP_.jpg",0,glioma,0,glioma,0.9554715157,0.0206846930,0.0095645338,0.0142792491
1319,"/kaggle/input/datasets/arafatrahmann/my-data221/Epic and CSCR hospital Dataset/Train/glioma/G_889_VF_.jpg",0,glioma,0,glioma,0.9232283831,0.0469300225,0.0179171003,0.0119245201
1334,"/kaggle/input/datasets/arafatrahmann/my-data221/Epic and CSCR hospital Dataset/Train/glioma/G_891.jpg",0,glioma,0,glioma,0.9727794528,0.0108431773,0.0094075045,0.0069698081
1341,"/kaggle/input/datasets/arafatrahmann/my-data221/Epic and CSCR hospital Dataset/Train/glioma/G_895_SP_.jpg",0,glioma,0,glioma,0.9717487097,0.0114743356,0.0081394222,0.0086375605
1347,"/kaggle/input/datasets/arafatrahmann/my-data221/Epic and CSCR hospital Dataset/Train/glioma/Te-gl_0058.jpg",0,glioma,0,glioma,0.9768289328,0.0070771864,0.0086665275,0.0074273585
1350,"/kaggle/input/datasets/arafatrahmann/my-data221/Epic and CSCR hospital Dataset/Train/glioma/Te-gl_0061.jpg",0,glioma,0,glioma,0.9722323418,0.0099062091,0.0076053604,0.0102560166
1353,"/kaggle/input/datasets/arafatrahmann/my-data221/Epic and CSCR hospital Dataset/Train/glioma/Te-gl_0064.jpg",0,glioma,0,glioma,0.9710799456,0.0084316265,0.0087592648,0.0117291864
1358,"/kaggle/input/datasets/arafatrahmann/my-data221/Epic and CSCR hospital Dataset/Train/glioma/Te-gl_0069.jpg",0,glioma,0,glioma,0.9752613902,0.0069725187,0.0097015137,0.0080645774
1388,"/kaggle/input/datasets/arafatrahmann/my-data221/Epic and CSCR hospital Dataset/Train/glioma/Te-gl_0099.jpg",0,glioma,0,glioma,0.9726626277,0.0075920438,0.0100400019,0.0097052362
1390,"/kaggle/input/datasets/arafatrahmann/my-data221/Epic and CSCR hospital Dataset/Train/glioma/Te-gl_0101.jpg",0,glioma,0,glioma,0.9709846377,0.0085349083,0.0092506949,0.0112297414
1396,"/kaggle/input/datasets/arafatrahmann/my-data221/Epic and CSCR hospital Dataset/Train/glioma/Te-gl_0107.jpg",0,glioma,0,glioma,0.9535338283,0.0179852750,0.0123538440,0.0161270909
1398,"/kaggle/input/datasets/arafatrahmann/my-data221/Epic and CSCR hospital Dataset/Train/glioma/Te-gl_0110.jpg",0,glioma,0,glioma,0.9564674497,0.0091629326,0.0090392148,0.0253303759
1401,"/kaggle/input/datasets/arafatrahmann/my-data221/Epic and CSCR hospital Dataset/Train/glioma/Te-gl_0113.jpg",0,glioma,0,glioma,0.9729053378,0.0095082866,0.0101470230,0.0074393554
1418,"/kaggle/input/datasets/arafatrahmann/my-data221/Epic and CSCR hospital Dataset/Train/glioma/Te-gl_0130.jpg",0,glioma,0,glioma,0.9727426767,0.0105270203,0.0085808942,0.0081494059
1431,"/kaggle/input/datasets/arafatrahmann/my-data221/Epic and CSCR hospital Dataset/Train/glioma/Te-gl_0143.jpg",0,glioma,0,glioma,0.9726604223,0.0084157381,0.0091235787,0.0098001994
1434,"/kaggle/input/datasets/arafatrahmann/my-data221/Epic and CSCR hospital Dataset/Train/glioma/Te-gl_0146.jpg",0,glioma,0,glioma,0.9764439464,0.0077675628,0.0092456546,0.0065427395
1441,"/kaggle/input/datasets/arafatrahmann/my-data221/Epic and CSCR hospital Dataset/Train/glioma/Te-gl_0153.jpg",0,glioma,0,glioma,0.9754210711,0.0079137590,0.0100052878,0.0066598943
1442,"/kaggle/input/datasets/arafatrahmann/my-data221/Epic and CSCR hospital Dataset/Train/glioma/Te-gl_0154.jpg",0,glioma,0,glioma,0.9762045741,0.0079016080,0.0091740694,0.0067196810
1443,"/kaggle/input/datasets/arafatrahmann/my-data221/Epic and CSCR hospital Dataset/Train/glioma/Te-gl_0155.jpg",0,glioma,0,glioma,0.9724516869,0.0077849613,0.0093712509,0.0103920959
1449,"/kaggle/input/datasets/arafatrahmann/my-data221/Epic and CSCR hospital Dataset/Train/glioma/Te-gl_0161.jpg",0,glioma,0,glioma,0.9707263708,0.0107446257,0.0099786613,0.0085504018
1453,"/kaggle/input/datasets/arafatrahmann/my-data221/Epic and CSCR hospital Dataset/Train/glioma/Te-gl_0165.jpg",0,glioma,0,glioma,0.9638978243,0.0125361010,0.0075953109,0.0159708876
1469,"/kaggle/input/datasets/arafatrahmann/my-data221/Epic and CSCR hospital Dataset/Train/glioma/Te-gl_0181.jpg",0,glioma,0,glioma,0.9708973169,0.0105141411,0.0092078205,0.0093807681
1474,"/kaggle/input/datasets/arafatrahmann/my-data221/Epic and CSCR hospital Dataset/Train/glioma/Te-gl_0186.jpg",0,glioma,0,glioma,0.9317566752,0.0114549445,0.0080601899,0.0487281010
1479,"/kaggle/input/datasets/arafatrahmann/my-data221/Epic and CSCR hospital Dataset/Train/glioma/Te-gl_0191.jpg",0,glioma,0,glioma,0.9695378542,0.0096353162,0.0138932336,0.0069336072
1480,"/kaggle/input/datasets/arafatrahmann/my-data221/Epic and CSCR hospital Dataset/Train/glioma/Te-gl_0192.jpg",0,glioma,0,glioma,0.8010862470,0.1719816625,0.0130742956,0.0138578620
1482,"/kaggle/input/datasets/arafatrahmann/my-data221/Epic and CSCR hospital Dataset/Train/glioma/Te-gl_0194.jpg",0,glioma,0,glioma,0.9708544016,0.0098808808,0.0100266254,0.0092381565
1484,"/kaggle/input/datasets/arafatrahmann/my-data221/Epic and CSCR hospital Dataset/Train/glioma/Te-gl_0196.jpg",0,glioma,0,glioma,0.9664207697,0.0141420569,0.0108069284,0.0086302999
1485,"/kaggle/input/datasets/arafatrahmann/my-data221/Epic and CSCR hospital Dataset/Train/glioma/Te-gl_0197.jpg",0,glioma,0,glioma,0.9578520060,0.0216899514,0.0108824978,0.0095757078
1493,"/kaggle/input/datasets/arafatrahmann/my-data221/Epic and CSCR hospital Dataset/Train/glioma/Te-gl_0205.jpg",0,glioma,0,glioma,0.9708566666,0.0108454796,0.0092043551,0.0090935649
1494,"/kaggle/input/datasets/arafatrahmann/my-data221/Epic and CSCR hospital Dataset/Train/glioma/Te-gl_0206.jpg",0,glioma,0,glioma,0.9593487978,0.0175227001,0.0075800745,0.0155484853
1496,"/kaggle/input/datasets/arafatrahmann/my-data221/Epic and CSCR hospital Dataset/Train/glioma/Te-gl_0208.jpg",0,glioma,0,glioma,0.9549891353,0.0229928344,0.0129725803,0.0090454891
1507,"/kaggle/input/datasets/arafatrahmann/my-data221/Epic and CSCR hospital Dataset/Train/glioma/Te-gl_0219.jpg",0,glioma,0,glioma,0.9565240145,0.0094890688,0.0083492231,0.0256377347
1511,"/kaggle/input/datasets/arafatrahmann/my-data221/Epic and CSCR hospital Dataset/Train/glioma/Te-gl_0223.jpg",0,glioma,0,glioma,0.9614511728,0.0166512933,0.0088521177,0.0130454181
1527,"/kaggle/input/datasets/arafatrahmann/my-data221/Epic and CSCR hospital Dataset/Train/glioma/Te-gl_0239.jpg",0,glioma,0,glioma,0.9665826559,0.0123256724,0.0087891193,0.0123025728
1529,"/kaggle/input/datasets/arafatrahmann/my-data221/Epic and CSCR hospital Dataset/Train/glioma/Te-gl_0241.jpg",0,glioma,0,glioma,0.9623798132,0.0107607571,0.0073439712,0.0195155013
1532,"/kaggle/input/datasets/arafatrahmann/my-data221/Epic and CSCR hospital Dataset/Train/glioma/Te-gl_0244.jpg",0,glioma,0,glioma,0.9705071449,0.0111088809,0.0103940740,0.0079899626
1535,"/kaggle/input/datasets/arafatrahmann/my-data221/Epic and CSCR hospital Dataset/Train/glioma/Te-gl_0247.jpg",0,glioma,0,glioma,0.9628556371,0.0159225650,0.0142414197,0.0069802939
1544,"/kaggle/input/datasets/arafatrahmann/my-data221/Epic and CSCR hospital Dataset/Train/glioma/Te-gl_0256.jpg",0,glioma,0,glioma,0.9209229350,0.0557337701,0.0105850063,0.0127583016
1547,"/kaggle/input/datasets/arafatrahmann/my-data221/Epic and CSCR hospital Dataset/Train/glioma/Te-gl_0259.jpg",0,glioma,0,glioma,0.7749941945,0.1896435320,0.0137886852,0.0215735491
1554,"/kaggle/input/datasets/arafatrahmann/my-data221/Epic and CSCR hospital Dataset/Train/glioma/Te-gl_0288.jpg",0,glioma,0,glioma,0.9709415436,0.0084587438,0.0105408197,0.0100589553
1560,"/kaggle/input/datasets/arafatrahmann/my-data221/Epic and CSCR hospital Dataset/Train/glioma/Te-gl_0294.jpg",0,glioma,0,glioma,0.9745557904,0.0072129564,0.0092026182,0.0090285977
1563,"/kaggle/input/datasets/arafatrahmann/my-data221/Epic and CSCR hospital Dataset/Train/glioma/Te-gl_0297.jpg",0,glioma,0,glioma,0.9733942747,0.0089090597,0.0102430377,0.0074535795
1568,"/kaggle/input/datasets/arafatrahmann/my-data221/Epic and CSCR hospital Dataset/Train/glioma/Tr-gl_0030.jpg",0,glioma,0,glioma,0.9687388539,0.0123396451,0.0102088992,0.0087126568
1570,"/kaggle/input/datasets/arafatrahmann/my-data221/Epic and CSCR hospital Dataset/Train/glioma/Tr-gl_0032.jpg",0,glioma,0,glioma,0.9727660418,0.0104275523,0.0092324587,0.0075739264
1574,"/kaggle/input/datasets/arafatrahmann/my-data221/Epic and CSCR hospital Dataset/Train/glioma/Tr-gl_0036.jpg",0,glioma,0,glioma,0.9651665688,0.0132282423,0.0090381568,0.0125670191
1581,"/kaggle/input/datasets/arafatrahmann/my-data221/Epic and CSCR hospital Dataset/Train/glioma/Tr-gl_0067.jpg",0,glioma,0,glioma,0.9703513980,0.0106489658,0.0114398310,0.0075598345
1588,"/kaggle/input/datasets/arafatrahmann/my-data221/Epic and CSCR hospital Dataset/Train/glioma/Tr-gl_0074.jpg",0,glioma,0,glioma,0.9714849591,0.0088758450,0.0111282505,0.0085109817
1589,"/kaggle/input/datasets/arafatrahmann/my-data221/Epic and CSCR hospital Dataset/Train/glioma/Tr-gl_0075.jpg",0,glioma,0,glioma,0.9722796679,0.0083167274,0.0101106921,0.0092929518
1591,"/kaggle/input/datasets/arafatrahmann/my-data221/Epic and CSCR hospital Dataset/Train/glioma/Tr-gl_0077.jpg",0,glioma,0,glioma,0.9721566439,0.0068818168,0.0105896816,0.0103719700
1604,"/kaggle/input/datasets/arafatrahmann/my-data221/Epic and CSCR hospital Dataset/Train/glioma/Tr-gl_0090.jpg",0,glioma,0,glioma,0.9667717218,0.0095044496,0.0101338681,0.0135900360
1610,"/kaggle/input/datasets/arafatrahmann/my-data221/Epic and CSCR hospital Dataset/Train/glioma/Tr-gl_0096.jpg",0,glioma,0,glioma,0.9724916220,0.0095468089,0.0110748969,0.0068866657
1611,"/kaggle/input/datasets/arafatrahmann/my-data221/Epic and CSCR hospital Dataset/Train/glioma/Tr-gl_0097.jpg",0,glioma,0,glioma,0.9699214101,0.0083820103,0.0098956730,0.0118009299
1615,"/kaggle/input/datasets/arafatrahmann/my-data221/Epic and CSCR hospital Dataset/Train/glioma/Tr-gl_0101.jpg",0,glioma,0,glioma,0.9708973169,0.0116877593,0.0093850205,0.0080298800
1616,"/kaggle/input/datasets/arafatrahmann/my-data221/Epic and CSCR hospital Dataset/Train/glioma/Tr-gl_0117.jpg",0,glioma,0,glioma,0.9751272202,0.0067781457,0.0103766304,0.0077180294
1617,"/kaggle/input/datasets/arafatrahmann/my-data221/Epic and CSCR hospital Dataset/Train/glioma/Tr-gl_0118.jpg",0,glioma,0,glioma,0.9701563120,0.0110985227,0.0085875019,0.0101576429
1618,"/kaggle/input/datasets/arafatrahmann/my-data221/Epic and CSCR hospital Dataset/Train/glioma/Tr-gl_0119.jpg",0,glioma,0,glioma,0.9705674052,0.0102570476,0.0119749997,0.0072005400
1619,"/kaggle/input/datasets/arafatrahmann/my-data221/Epic and CSCR hospital Dataset/Train/glioma/Tr-gl_0120.jpg",0,glioma,0,glioma,0.9732891917,0.0070832893,0.0100629404,0.0095645776
1621,"/kaggle/input/datasets/arafatrahmann/my-data221/Epic and CSCR hospital Dataset/Train/glioma/Tr-gl_0122.jpg",0,glioma,0,glioma,0.9729468226,0.0092004109,0.0094981641,0.0083545707
1626,"/kaggle/input/datasets/arafatrahmann/my-data221/Epic and CSCR hospital Dataset/Train/glioma/Tr-gl_0127.jpg",0,glioma,0,glioma,0.9719605446,0.0084553156,0.0103534432,0.0092307553
1633,"/kaggle/input/datasets/arafatrahmann/my-data221/Epic and CSCR hospital Dataset/Train/glioma/Tr-gl_0134.jpg",0,glioma,0,glioma,0.9706102610,0.0075358539,0.0105163660,0.0113375634
1634,"/kaggle/input/datasets/arafatrahmann/my-data221/Epic and CSCR hospital Dataset/Train/glioma/Tr-gl_0135.jpg",0,glioma,0,glioma,0.9717317820,0.0074080429,0.0105108041,0.0103494273
1635,"/kaggle/input/datasets/arafatrahmann/my-data221/Epic and CSCR hospital Dataset/Train/glioma/Tr-gl_0136.jpg",0,glioma,0,glioma,0.9724479914,0.0073091080,0.0108649498,0.0093778996
1648,"/kaggle/input/datasets/arafatrahmann/my-data221/Epic and CSCR hospital Dataset/Train/glioma/Tr-gl_0149.jpg",0,glioma,0,glioma,0.9672174454,0.0081869084,0.0101613831,0.0144343171
1649,"/kaggle/input/datasets/arafatrahmann/my-data221/Epic and CSCR hospital Dataset/Train/glioma/Tr-gl_0150.jpg",0,glioma,0,glioma,0.9677895308,0.0083089592,0.0102752121,0.0136262942
1650,"/kaggle/input/datasets/arafatrahmann/my-data221/Epic and CSCR hospital Dataset/Train/glioma/Tr-gl_0151.jpg",0,glioma,0,glioma,0.9691187739,0.0086880792,0.0104616713,0.0117314784
1653,"/kaggle/input/datasets/arafatrahmann/my-data221/Epic and CSCR hospital Dataset/Train/glioma/Tr-gl_0154.jpg",0,glioma,0,glioma,0.9698521495,0.0082935737,0.0099008782,0.0119533855
1662,"/kaggle/input/datasets/arafatrahmann/my-data221/Epic and CSCR hospital Dataset/Train/glioma/Tr-gl_0163.jpg",0,glioma,0,glioma,0.9694175720,0.0082749818,0.0086345067,0.0136729330
1665,"/kaggle/input/datasets/arafatrahmann/my-data221/Epic and CSCR hospital Dataset/Train/glioma/Tr-gl_0166.jpg",0,glioma,0,glioma,0.9733554125,0.0087605231,0.0105038863,0.0073802099
1677,"/kaggle/input/datasets/arafatrahmann/my-data221/Epic and CSCR hospital Dataset/Train/glioma/Tr-gl_0178.jpg",0,glioma,0,glioma,0.9675579071,0.0116468258,0.0104221301,0.0103731211
1680,"/kaggle/input/datasets/arafatrahmann/my-data221/Epic and CSCR hospital Dataset/Train/glioma/Tr-gl_0181.jpg",0,glioma,0,glioma,0.9668949246,0.0120638628,0.0109023191,0.0101388972
1681,"/kaggle/input/datasets/arafatrahmann/my-data221/Epic and CSCR hospital Dataset/Train/glioma/Tr-gl_0182.jpg",0,glioma,0,glioma,0.9634097815,0.0097631086,0.0153510738,0.0114760082
1686,"/kaggle/input/datasets/arafatrahmann/my-data221/Epic and CSCR hospital Dataset/Train/glioma/Tr-gl_0187.jpg",0,glioma,0,glioma,0.7610405684,0.0421341248,0.0120226629,0.1848026812
1688,"/kaggle/input/datasets/arafatrahmann/my-data221/Epic and CSCR hospital Dataset/Train/glioma/Tr-gl_0189.jpg",0,glioma,0,glioma,0.9747064710,0.0081608230,0.0093945907,0.0077381148
1709,"/kaggle/input/datasets/arafatrahmann/my-data221/Epic and CSCR hospital Dataset/Train/glioma/Tr-gl_0210.jpg",0,glioma,0,glioma,0.9698749781,0.0092174681,0.0102947224,0.0106128594
1715,"/kaggle/input/datasets/arafatrahmann/my-data221/Epic and CSCR hospital Dataset/Train/glioma/Tr-gl_0216.jpg",0,glioma,0,glioma,0.9688363075,0.0096657695,0.0101179415,0.0113799646
1720,"/kaggle/input/datasets/arafatrahmann/my-data221/Epic and CSCR hospital Dataset/Train/glioma/Tr-gl_0221.jpg",0,glioma,0,glioma,0.9706004858,0.0105430465,0.0105737178,0.0082826409
1734,"/kaggle/input/datasets/arafatrahmann/my-data221/Epic and CSCR hospital Dataset/Train/glioma/Tr-gl_0235.jpg",0,glioma,0,glioma,0.9710160494,0.0091781551,0.0115461219,0.0082596745
1735,"/kaggle/input/datasets/arafatrahmann/my-data221/Epic and CSCR hospital Dataset/Train/glioma/Tr-gl_0236.jpg",0,glioma,0,glioma,0.9668260813,0.0129241617,0.0113586364,0.0088912109
1745,"/kaggle/input/datasets/arafatrahmann/my-data221/Epic and CSCR hospital Dataset/Train/glioma/Tr-gl_0246.jpg",0,glioma,0,glioma,0.9729965329,0.0082458202,0.0105861994,0.0081714783
1766,"/kaggle/input/datasets/arafatrahmann/my-data221/Epic and CSCR hospital Dataset/Train/glioma/Tr-gl_0267.jpg",0,glioma,0,glioma,0.9744896889,0.0072491169,0.0104067149,0.0078544253
1768,"/kaggle/input/datasets/arafatrahmann/my-data221/Epic and CSCR hospital Dataset/Train/glioma/Tr-gl_0269.jpg",0,glioma,0,glioma,0.9657828212,0.0100185201,0.0096591730,0.0145395529
1772,"/kaggle/input/datasets/arafatrahmann/my-data221/Epic and CSCR hospital Dataset/Train/glioma/Tr-gl_0273.jpg",0,glioma,0,glioma,0.9732540846,0.0080722915,0.0098484764,0.0088252304
1773,"/kaggle/input/datasets/arafatrahmann/my-data221/Epic and CSCR hospital Dataset/Train/glioma/Tr-gl_0274.jpg",0,glioma,0,glioma,0.9719320536,0.0080419220,0.0095210411,0.0105049722
1775,"/kaggle/input/datasets/arafatrahmann/my-data221/Epic and CSCR hospital Dataset/Train/glioma/Tr-gl_0276.jpg",0,glioma,0,glioma,0.9735225439,0.0079280538,0.0090494147,0.0094998972
1780,"/kaggle/input/datasets/arafatrahmann/my-data221/Epic and CSCR hospital Dataset/Train/glioma/Tr-gl_0281.jpg",0,glioma,0,glioma,0.9733427167,0.0072015957,0.0104230968,0.0090326797
1781,"/kaggle/input/datasets/arafatrahmann/my-data221/Epic and CSCR hospital Dataset/Train/glioma/Tr-gl_0282.jpg",0,glioma,0,glioma,0.9716493487,0.0075911283,0.0096382331,0.0111213513
1782,"/kaggle/input/datasets/arafatrahmann/my-data221/Epic and CSCR hospital Dataset/Train/glioma/Tr-gl_0283.jpg",0,glioma,0,glioma,0.9682095647,0.0082117496,0.0095339371,0.0140447188
1787,"/kaggle/input/datasets/arafatrahmann/my-data221/Epic and CSCR hospital Dataset/Train/glioma/Tr-gl_0288.jpg",0,glioma,0,glioma,0.9722050428,0.0081392955,0.0089672944,0.0106883943
1802,"/kaggle/input/datasets/arafatrahmann/my-data221/Epic and CSCR hospital Dataset/Train/glioma/Tr-gl_0303.jpg",0,glioma,0,glioma,0.9731131792,0.0077877059,0.0097731547,0.0093259215
1809,"/kaggle/input/datasets/arafatrahmann/my-data221/Epic and CSCR hospital Dataset/Train/glioma/Tr-gl_0310.jpg",0,glioma,0,glioma,0.9723723531,0.0088932412,0.0091993911,0.0095350454
1812,"/kaggle/input/datasets/arafatrahmann/my-data221/Epic and CSCR hospital Dataset/Train/glioma/Tr-gl_0313.jpg",0,glioma,0,glioma,0.9723128080,0.0086854128,0.0102963513,0.0087053599
1833,"/kaggle/input/datasets/arafatrahmann/my-data221/Epic and CSCR hospital Dataset/Train/glioma/Tr-gl_0334.jpg",0,glioma,0,glioma,0.9715232849,0.0081163216,0.0096198786,0.0107405474
1851,"/kaggle/input/datasets/arafatrahmann/my-data221/Epic and CSCR hospital Dataset/Train/glioma/Tr-gl_0352.jpg",0,glioma,0,glioma,0.9717453122,0.0095945690,0.0116453301,0.0070148222
1852,"/kaggle/input/datasets/arafatrahmann/my-data221/Epic and CSCR hospital Dataset/Train/glioma/Tr-gl_0353.jpg",0,glioma,0,glioma,0.9740924835,0.0069281547,0.0102951303,0.0086843101
1857,"/kaggle/input/datasets/arafatrahmann/my-data221/Epic and CSCR hospital Dataset/Train/glioma/Tr-gl_0358.jpg",0,glioma,3,pituitary,0.3060585856,0.0323205963,0.0143344970,0.6472862959
1859,"/kaggle/input/datasets/arafatrahmann/my-data221/Epic and CSCR hospital Dataset/Train/glioma/Tr-gl_0360.jpg",0,glioma,0,glioma,0.9657953382,0.0116645694,0.0102850376,0.0122549646
1862,"/kaggle/input/datasets/arafatrahmann/my-data221/Epic and CSCR hospital Dataset/Train/glioma/Tr-gl_0363.jpg",0,glioma,0,glioma,0.9649794698,0.0099588865,0.0099147018,0.0151469912
1864,"/kaggle/input/datasets/arafatrahmann/my-data221/Epic and CSCR hospital Dataset/Train/glioma/Tr-gl_0365.jpg",0,glioma,0,glioma,0.9648985863,0.0096231904,0.0098001538,0.0156780183
1869,"/kaggle/input/datasets/arafatrahmann/my-data221/Epic and CSCR hospital Dataset/Train/glioma/Tr-gl_0370.jpg",0,glioma,0,glioma,0.9732211828,0.0077582113,0.0095895510,0.0094310213
1878,"/kaggle/input/datasets/arafatrahmann/my-data221/Epic and CSCR hospital Dataset/Train/glioma/Tr-gl_0379.jpg",0,glioma,0,glioma,0.9723900557,0.0076122992,0.0105471658,0.0094503751
1880,"/kaggle/input/datasets/arafatrahmann/my-data221/Epic and CSCR hospital Dataset/Train/glioma/Tr-gl_0381.jpg",0,glioma,0,glioma,0.9678865671,0.0087479111,0.0098527018,0.0135129094
1891,"/kaggle/input/datasets/arafatrahmann/my-data221/Epic and CSCR hospital Dataset/Train/glioma/Tr-gl_0392.jpg",0,glioma,0,glioma,0.9704468846,0.0068172393,0.0120733893,0.0106624709
1896,"/kaggle/input/datasets/arafatrahmann/my-data221/Epic and CSCR hospital Dataset/Train/glioma/Tr-gl_0397.jpg",0,glioma,0,glioma,0.9737910032,0.0078954604,0.0114913592,0.0068221735
1901,"/kaggle/input/datasets/arafatrahmann/my-data221/Epic and CSCR hospital Dataset/Train/glioma/Tr-gl_0402.jpg",0,glioma,0,glioma,0.9724044800,0.0085827075,0.0108830379,0.0081297206
1904,"/kaggle/input/datasets/arafatrahmann/my-data221/Epic and CSCR hospital Dataset/Train/glioma/Tr-gl_0405.jpg",0,glioma,0,glioma,0.9681960344,0.0123861888,0.0114038121,0.0080140140
1912,"/kaggle/input/datasets/arafatrahmann/my-data221/Epic and CSCR hospital Dataset/Train/glioma/Tr-gl_0413.jpg",0,glioma,0,glioma,0.9707248807,0.0077362983,0.0111063337,0.0104324641
1926,"/kaggle/input/datasets/arafatrahmann/my-data221/Epic and CSCR hospital Dataset/Train/glioma/Tr-gl_0427.jpg",0,glioma,0,glioma,0.9765446782,0.0072938176,0.0084794341,0.0076820166
1932,"/kaggle/input/datasets/arafatrahmann/my-data221/Epic and CSCR hospital Dataset/Train/glioma/Tr-gl_0433.jpg",0,glioma,0,glioma,0.9733669162,0.0093608815,0.0077676214,0.0095046340
1946,"/kaggle/input/datasets/arafatrahmann/my-data221/Epic and CSCR hospital Dataset/Train/glioma/Tr-gl_0447.jpg",0,glioma,0,glioma,0.9743436575,0.0079270937,0.0089679817,0.0087612588
1947,"/kaggle/input/datasets/arafatrahmann/my-data221/Epic and CSCR hospital Dataset/Train/glioma/Tr-gl_0448.jpg",0,glioma,0,glioma,0.9242520332,0.0439820103,0.0132208662,0.0185450800
1948,"/kaggle/input/datasets/arafatrahmann/my-data221/Epic and CSCR hospital Dataset/Train/glioma/Tr-gl_0449.jpg",0,glioma,0,glioma,0.8640809059,0.1013712063,0.0162023921,0.0183455143
1954,"/kaggle/input/datasets/arafatrahmann/my-data221/Epic and CSCR hospital Dataset/Train/glioma/Tr-gl_0455.jpg",0,glioma,0,glioma,0.5425990224,0.4105881751,0.0148603767,0.0319524594
1957,"/kaggle/input/datasets/arafatrahmann/my-data221/Epic and CSCR hospital Dataset/Train/glioma/Tr-gl_0458.jpg",0,glioma,0,glioma,0.8752018213,0.0213612467,0.0106974961,0.0927394181
1961,"/kaggle/input/datasets/arafatrahmann/my-data221/Epic and CSCR hospital Dataset/Train/glioma/Tr-gl_0462.jpg",0,glioma,1,meningioma,0.3757198751,0.5976676941,0.0104280785,0.0161843169
1966,"/kaggle/input/datasets/arafatrahmann/my-data221/Epic and CSCR hospital Dataset/Train/glioma/Tr-gl_0467.jpg",0,glioma,0,glioma,0.9735583067,0.0081034247,0.0095687890,0.0087693911
1974,"/kaggle/input/datasets/arafatrahmann/my-data221/Epic and CSCR hospital Dataset/Train/glioma/Tr-gl_0475.jpg",0,glioma,0,glioma,0.9725324512,0.0093085021,0.0117713120,0.0063877939
1976,"/kaggle/input/datasets/arafatrahmann/my-data221/Epic and CSCR hospital Dataset/Train/glioma/Tr-gl_0477.jpg",0,glioma,0,glioma,0.9652773738,0.0130353849,0.0122317821,0.0094555067
1979,"/kaggle/input/datasets/arafatrahmann/my-data221/Epic and CSCR hospital Dataset/Train/glioma/Tr-gl_0480.jpg",0,glioma,0,glioma,0.9734297991,0.0083237328,0.0116432784,0.0066031506
1980,"/kaggle/input/datasets/arafatrahmann/my-data221/Epic and CSCR hospital Dataset/Train/glioma/Tr-gl_0481.jpg",0,glioma,0,glioma,0.9726350904,0.0096855545,0.0101124011,0.0075668925
1983,"/kaggle/input/datasets/arafatrahmann/my-data221/Epic and CSCR hospital Dataset/Train/glioma/Tr-gl_0484.jpg",0,glioma,0,glioma,0.9740965962,0.0066768923,0.0112571372,0.0079693329
1986,"/kaggle/input/datasets/arafatrahmann/my-data221/Epic and CSCR hospital Dataset/Train/glioma/Tr-gl_0487.jpg",0,glioma,0,glioma,0.9658330083,0.0093373973,0.0091898171,0.0156397782
1989,"/kaggle/input/datasets/arafatrahmann/my-data221/Epic and CSCR hospital Dataset/Train/glioma/Tr-gl_0490.jpg",0,glioma,1,meningioma,0.3743064106,0.5959002376,0.0107883774,0.0190049745
1991,"/kaggle/input/datasets/arafatrahmann/my-data221/Epic and CSCR hospital Dataset/Train/glioma/Tr-gl_0492.jpg",0,glioma,0,glioma,0.9707098007,0.0097449133,0.0094175320,0.0101277325
2002,"/kaggle/input/datasets/arafatrahmann/my-data221/Epic and CSCR hospital Dataset/Train/glioma/Tr-gl_0503.jpg",0,glioma,0,glioma,0.9766780734,0.0073952265,0.0088561159,0.0070704781
2003,"/kaggle/input/datasets/arafatrahmann/my-data221/Epic and CSCR hospital Dataset/Train/glioma/Tr-gl_0504.jpg",0,glioma,0,glioma,0.9732944369,0.0094825113,0.0097122593,0.0075107990
2006,"/kaggle/input/datasets/arafatrahmann/my-data221/Epic and CSCR hospital Dataset/Train/glioma/Tr-gl_0507.jpg",0,glioma,0,glioma,0.9723507762,0.0094013531,0.0106797637,0.0075681196
2012,"/kaggle/input/datasets/arafatrahmann/my-data221/Epic and CSCR hospital Dataset/Train/glioma/Tr-gl_0513.jpg",0,glioma,0,glioma,0.9706802368,0.0078007774,0.0103416257,0.0111773778
2016,"/kaggle/input/datasets/arafatrahmann/my-data221/Epic and CSCR hospital Dataset/Train/glioma/Tr-gl_0517.jpg",0,glioma,0,glioma,0.9730474353,0.0072657177,0.0098923938,0.0097944681
2021,"/kaggle/input/datasets/arafatrahmann/my-data221/Epic and CSCR hospital Dataset/Train/glioma/Tr-gl_0522.jpg",0,glioma,0,glioma,0.9687019587,0.0093274741,0.0100005772,0.0119700246
2023,"/kaggle/input/datasets/arafatrahmann/my-data221/Epic and CSCR hospital Dataset/Train/glioma/Tr-gl_0524.jpg",0,glioma,0,glioma,0.9677101970,0.0090458486,0.0088474462,0.0143965380
2024,"/kaggle/input/datasets/arafatrahmann/my-data221/Epic and CSCR hospital Dataset/Train/glioma/Tr-gl_0525.jpg",0,glioma,0,glioma,0.9668098688,0.0110876877,0.0091993725,0.0129031520
2035,"/kaggle/input/datasets/arafatrahmann/my-data221/Epic and CSCR hospital Dataset/Train/glioma/Tr-gl_0536.jpg",0,glioma,0,glioma,0.9728261828,0.0076814508,0.0097894473,0.0097029982
2036,"/kaggle/input/datasets/arafatrahmann/my-data221/Epic and CSCR hospital Dataset/Train/glioma/Tr-gl_0537.jpg",0,glioma,0,glioma,0.9720448256,0.0081576603,0.0097422637,0.0100553185
2039,"/kaggle/input/datasets/arafatrahmann/my-data221/Epic and CSCR hospital Dataset/Train/glioma/Tr-gl_0540.jpg",0,glioma,0,glioma,0.9719455838,0.0077506653,0.0098362025,0.0104676038
2040,"/kaggle/input/datasets/arafatrahmann/my-data221/Epic and CSCR hospital Dataset/Train/glioma/Tr-gl_0541.jpg",0,glioma,0,glioma,0.9707620740,0.0078974543,0.0098028099,0.0115376692
2042,"/kaggle/input/datasets/arafatrahmann/my-data221/Epic and CSCR hospital Dataset/Train/glioma/Tr-gl_0543.jpg",0,glioma,0,glioma,0.9695597887,0.0083820792,0.0099888388,0.0120692998
2043,"/kaggle/input/datasets/arafatrahmann/my-data221/Epic and CSCR hospital Dataset/Train/glioma/Tr-gl_0544.jpg",0,glioma,0,glioma,0.9697870016,0.0085237967,0.0095002754,0.0121888723
2046,"/kaggle/input/datasets/arafatrahmann/my-data221/Epic and CSCR hospital Dataset/Train/glioma/Tr-gl_0547.jpg",0,glioma,0,glioma,0.9692171812,0.0079240333,0.0101637132,0.0126950266
2055,"/kaggle/input/datasets/arafatrahmann/my-data221/Epic and CSCR hospital Dataset/Train/glioma/Tr-gl_0556.jpg",0,glioma,0,glioma,0.9709500074,0.0071011647,0.0114252511,0.0105235605
2062,"/kaggle/input/datasets/arafatrahmann/my-data221/Epic and CSCR hospital Dataset/Train/glioma/Tr-gl_0563.jpg",0,glioma,0,glioma,0.9747201204,0.0078241955,0.0088431351,0.0086125666
2066,"/kaggle/input/datasets/arafatrahmann/my-data221/Epic and CSCR hospital Dataset/Train/glioma/Tr-gl_0567.jpg",0,glioma,0,glioma,0.9769045711,0.0072659105,0.0082419645,0.0075876266
2068,"/kaggle/input/datasets/arafatrahmann/my-data221/Epic and CSCR hospital Dataset/Train/glioma/Tr-gl_0569.jpg",0,glioma,0,glioma,0.9749401808,0.0080201225,0.0098123793,0.0072273128
2070,"/kaggle/input/datasets/arafatrahmann/my-data221/Epic and CSCR hospital Dataset/Train/glioma/Tr-gl_0571.jpg",0,glioma,0,glioma,0.9740282297,0.0087222625,0.0101133082,0.0071362094
2090,"/kaggle/input/datasets/arafatrahmann/my-data221/Epic and CSCR hospital Dataset/Train/glioma/Tr-gl_0591.jpg",0,glioma,0,glioma,0.9699252248,0.0113615198,0.0106264930,0.0080868350
2094,"/kaggle/input/datasets/arafatrahmann/my-data221/Epic and CSCR hospital Dataset/Train/glioma/Tr-gl_0595.jpg",0,glioma,0,glioma,0.9723446965,0.0087235291,0.0119177205,0.0070140152
2096,"/kaggle/input/datasets/arafatrahmann/my-data221/Epic and CSCR hospital Dataset/Train/glioma/Tr-gl_0597.jpg",0,glioma,0,glioma,0.9645849466,0.0118442504,0.0089076255,0.0146632297
2097,"/kaggle/input/datasets/arafatrahmann/my-data221/Epic and CSCR hospital Dataset/Train/glioma/Tr-gl_0598.jpg",0,glioma,0,glioma,0.9737693071,0.0088494848,0.0090637216,0.0083174724
2104,"/kaggle/input/datasets/arafatrahmann/my-data221/Epic and CSCR hospital Dataset/Train/glioma/Tr-gl_0605.jpg",0,glioma,0,glioma,0.9689335823,0.0090935538,0.0089064762,0.0130663868
2106,"/kaggle/input/datasets/arafatrahmann/my-data221/Epic and CSCR hospital Dataset/Train/glioma/Tr-gl_0607.jpg",0,glioma,0,glioma,0.9743688703,0.0085326191,0.0083173020,0.0087812720
2114,"/kaggle/input/datasets/arafatrahmann/my-data221/Epic and CSCR hospital Dataset/Train/glioma/Tr-gl_0615.jpg",0,glioma,0,glioma,0.9759166837,0.0078920918,0.0086459015,0.0075453357
2122,"/kaggle/input/datasets/arafatrahmann/my-data221/Epic and CSCR hospital Dataset/Train/glioma/Tr-gl_0623.jpg",0,glioma,0,glioma,0.9751608968,0.0085634468,0.0098564625,0.0064192279
2130,"/kaggle/input/datasets/arafatrahmann/my-data221/Epic and CSCR hospital Dataset/Train/glioma/Tr-gl_0631.jpg",0,glioma,0,glioma,0.9701062441,0.0115493629,0.0095917434,0.0087526711
2133,"/kaggle/input/datasets/arafatrahmann/my-data221/Epic and CSCR hospital Dataset/Train/glioma/Tr-gl_0634.jpg",0,glioma,0,glioma,0.9744948149,0.0076432051,0.0086104441,0.0092515135
2135,"/kaggle/input/datasets/arafatrahmann/my-data221/Epic and CSCR hospital Dataset/Train/glioma/Tr-gl_0636.jpg",0,glioma,0,glioma,0.9761592150,0.0070868894,0.0085641714,0.0081897285
2146,"/kaggle/input/datasets/arafatrahmann/my-data221/Epic and CSCR hospital Dataset/Train/glioma/Tr-gl_0688.jpg",0,glioma,0,glioma,0.9651354551,0.0154146161,0.0096345460,0.0098153390
2149,"/kaggle/input/datasets/arafatrahmann/my-data221/Epic and CSCR hospital Dataset/Train/glioma/Tr-gl_0792.jpg",0,glioma,0,glioma,0.9755278826,0.0077243275,0.0088730305,0.0078747394
2150,"/kaggle/input/datasets/arafatrahmann/my-data221/Epic and CSCR hospital Dataset/Train/glioma/Tr-gl_0793.jpg",0,glioma,0,glioma,0.9717122912,0.0088531021,0.0087854750,0.0106491903
2154,"/kaggle/input/datasets/arafatrahmann/my-data221/Epic and CSCR hospital Dataset/Train/glioma/Tr-gl_0797.jpg",0,glioma,0,glioma,0.9753788114,0.0075205280,0.0088036489,0.0082970252
2155,"/kaggle/input/datasets/arafatrahmann/my-data221/Epic and CSCR hospital Dataset/Train/glioma/Tr-gl_0798.jpg",0,glioma,0,glioma,0.9764320254,0.0071389116,0.0094491728,0.0069798543
2156,"/kaggle/input/datasets/arafatrahmann/my-data221/Epic and CSCR hospital Dataset/Train/glioma/Tr-gl_0799.jpg",0,glioma,0,glioma,0.9738627672,0.0077459589,0.0094648814,0.0089263078
2165,"/kaggle/input/datasets/arafatrahmann/my-data221/Epic and CSCR hospital Dataset/Train/glioma/Tr-gl_0808.jpg",0,glioma,0,glioma,0.9750394821,0.0069071027,0.0100111626,0.0080421902
2168,"/kaggle/input/datasets/arafatrahmann/my-data221/Epic and CSCR hospital Dataset/Train/glioma/Tr-gl_0811.jpg",0,glioma,0,glioma,0.9704742432,0.0085951332,0.0092164287,0.0117141521
2171,"/kaggle/input/datasets/arafatrahmann/my-data221/Epic and CSCR hospital Dataset/Train/glioma/Tr-gl_0814.jpg",0,glioma,0,glioma,0.9748034477,0.0074932440,0.0094943615,0.0082090199
2172,"/kaggle/input/datasets/arafatrahmann/my-data221/Epic and CSCR hospital Dataset/Train/glioma/Tr-gl_0815.jpg",0,glioma,0,glioma,0.9749534726,0.0072746957,0.0091298521,0.0086419191
2174,"/kaggle/input/datasets/arafatrahmann/my-data221/Epic and CSCR hospital Dataset/Train/glioma/Tr-gl_0817.jpg",0,glioma,0,glioma,0.9759674072,0.0065932483,0.0090118218,0.0084275026
2183,"/kaggle/input/datasets/arafatrahmann/my-data221/Epic and CSCR hospital Dataset/Train/glioma/Tr-gl_0826.jpg",0,glioma,0,glioma,0.9743329883,0.0067742066,0.0098367240,0.0090559535
2192,"/kaggle/input/datasets/arafatrahmann/my-data221/Epic and CSCR hospital Dataset/Train/glioma/Tr-gl_0847.jpg",0,glioma,0,glioma,0.9756374359,0.0077659958,0.0093053170,0.0072912537
2205,"/kaggle/input/datasets/arafatrahmann/my-data221/Epic and CSCR hospital Dataset/Train/glioma/Tr-gl_0860.jpg",0,glioma,0,glioma,0.9619936943,0.0178994313,0.0118407244,0.0082660718
2213,"/kaggle/input/datasets/arafatrahmann/my-data221/Epic and CSCR hospital Dataset/Train/glioma/Tr-gl_0868.jpg",0,glioma,0,glioma,0.9680285454,0.0135312397,0.0090772761,0.0093628643
2215,"/kaggle/input/datasets/arafatrahmann/my-data221/Epic and CSCR hospital Dataset/Train/glioma/Tr-gl_0870.jpg",0,glioma,0,glioma,0.9686430693,0.0137442546,0.0082766833,0.0093359575
2219,"/kaggle/input/datasets/arafatrahmann/my-data221/Epic and CSCR hospital Dataset/Train/glioma/Tr-gl_0874.jpg",0,glioma,0,glioma,0.9580436945,0.0200608671,0.0092231184,0.0126722828
2221,"/kaggle/input/datasets/arafatrahmann/my-data221/Epic and CSCR hospital Dataset/Train/glioma/Tr-gl_0876.jpg",0,glioma,0,glioma,0.9691041708,0.0118855741,0.0073976195,0.0116125271
2236,"/kaggle/input/datasets/arafatrahmann/my-data221/Epic and CSCR hospital Dataset/Train/glioma/Tr-gl_0891.jpg",0,glioma,0,glioma,0.9724729657,0.0086997971,0.0109803202,0.0078469617
2240,"/kaggle/input/datasets/arafatrahmann/my-data221/Epic and CSCR hospital Dataset/Train/glioma/Tr-gl_0895.jpg",0,glioma,0,glioma,0.9725115895,0.0086029517,0.0103050470,0.0085803866
2244,"/kaggle/input/datasets/arafatrahmann/my-data221/Epic and CSCR hospital Dataset/Train/glioma/Tr-gl_0899.jpg",0,glioma,0,glioma,0.9219195247,0.0508824289,0.0136235235,0.0135744913
2254,"/kaggle/input/datasets/arafatrahmann/my-data221/Epic and CSCR hospital Dataset/Train/glioma/Tr-gl_0909.jpg",0,glioma,0,glioma,0.9688582420,0.0103261117,0.0083733052,0.0124424035
2258,"/kaggle/input/datasets/arafatrahmann/my-data221/Epic and CSCR hospital Dataset/Train/glioma/Tr-gl_0913.jpg",0,glioma,0,glioma,0.9634553194,0.0147698149,0.0091502583,0.0126245664
2260,"/kaggle/input/datasets/arafatrahmann/my-data221/Epic and CSCR hospital Dataset/Train/glioma/Tr-gl_0915.jpg",0,glioma,0,glioma,0.9644896388,0.0166746471,0.0092577385,0.0095779039
2263,"/kaggle/input/datasets/arafatrahmann/my-data221/Epic and CSCR hospital Dataset/Train/glioma/Tr-gl_0918.jpg",0,glioma,0,glioma,0.9611965418,0.0187522173,0.0110399621,0.0090113245
2267,"/kaggle/input/datasets/arafatrahmann/my-data221/Epic and CSCR hospital Dataset/Train/glioma/Tr-gl_0922.jpg",0,glioma,0,glioma,0.9664198160,0.0144913942,0.0085320566,0.0105568077
2268,"/kaggle/input/datasets/arafatrahmann/my-data221/Epic and CSCR hospital Dataset/Train/glioma/Tr-gl_0923.jpg",0,glioma,0,glioma,0.9636802673,0.0157734714,0.0088152867,0.0117309950
2277,"/kaggle/input/datasets/arafatrahmann/my-data221/Epic and CSCR hospital Dataset/Train/glioma/Tr-gl_0932.jpg",0,glioma,0,glioma,0.9712190628,0.0121581461,0.0097009595,0.0069219321
2279,"/kaggle/input/datasets/arafatrahmann/my-data221/Epic and CSCR hospital Dataset/Train/glioma/Tr-gl_0934.jpg",0,glioma,0,glioma,0.9714498520,0.0117698107,0.0086105559,0.0081697684
2281,"/kaggle/input/datasets/arafatrahmann/my-data221/Epic and CSCR hospital Dataset/Train/glioma/Tr-gl_0936.jpg",0,glioma,0,glioma,0.9741809964,0.0097304452,0.0082330490,0.0078555262
2287,"/kaggle/input/datasets/arafatrahmann/my-data221/Epic and CSCR hospital Dataset/Train/glioma/Tr-gl_0942.jpg",0,glioma,0,glioma,0.9706107974,0.0107402569,0.0089568105,0.0096921977
2295,"/kaggle/input/datasets/arafatrahmann/my-data221/Epic and CSCR hospital Dataset/Train/glioma/Tr-gl_0950.jpg",0,glioma,0,glioma,0.9636088610,0.0179226566,0.0103760501,0.0080924947
2305,"/kaggle/input/datasets/arafatrahmann/my-data221/Epic and CSCR hospital Dataset/Train/glioma/Tr-gl_0960.jpg",0,glioma,0,glioma,0.9692076445,0.0111736860,0.0093011353,0.0103174262
2309,"/kaggle/input/datasets/arafatrahmann/my-data221/Epic and CSCR hospital Dataset/Train/glioma/Tr-gl_0964.jpg",0,glioma,0,glioma,0.9720037580,0.0092539508,0.0101604071,0.0085819438
2311,"/kaggle/input/datasets/arafatrahmann/my-data221/Epic and CSCR hospital Dataset/Train/glioma/Tr-gl_0966.jpg",0,glioma,0,glioma,0.9366813898,0.0326648317,0.0133561324,0.0172976032
2312,"/kaggle/input/datasets/arafatrahmann/my-data221/Epic and CSCR hospital Dataset/Train/glioma/Tr-gl_0967.jpg",0,glioma,0,glioma,0.9645035863,0.0134147722,0.0105121611,0.0115694879
2318,"/kaggle/input/datasets/arafatrahmann/my-data221/Epic and CSCR hospital Dataset/Train/glioma/Tr-gl_0973.jpg",0,glioma,0,glioma,0.9716156125,0.0095457556,0.0077450736,0.0110935597
2322,"/kaggle/input/datasets/arafatrahmann/my-data221/Epic and CSCR hospital Dataset/Train/glioma/Tr-gl_0977.jpg",0,glioma,0,glioma,0.9056423306,0.0666066408,0.0121905152,0.0155605525
2323,"/kaggle/input/datasets/arafatrahmann/my-data221/Epic and CSCR hospital Dataset/Train/glioma/Tr-gl_0978.jpg",0,glioma,0,glioma,0.9634643793,0.0112282736,0.0083206240,0.0169867706
2333,"/kaggle/input/datasets/arafatrahmann/my-data221/Epic and CSCR hospital Dataset/Train/glioma/Tr-gl_0988.jpg",0,glioma,0,glioma,0.9704016447,0.0090320138,0.0088826558,0.0116837127
2341,"/kaggle/input/datasets/arafatrahmann/my-data221/Epic and CSCR hospital Dataset/Train/glioma/Tr-gl_0996.jpg",0,glioma,0,glioma,0.9680436254,0.0132415770,0.0082206856,0.0104940832
2345,"/kaggle/input/datasets/arafatrahmann/my-data221/Epic and CSCR hospital Dataset/Train/glioma/Tr-gl_1000.jpg",0,glioma,0,glioma,0.9663979411,0.0163329374,0.0089136073,0.0083554275
2351,"/kaggle/input/datasets/arafatrahmann/my-data221/Epic and CSCR hospital Dataset/Train/glioma/Tr-gl_1006.jpg",0,glioma,0,glioma,0.9634774327,0.0147451535,0.0113740610,0.0104034217
2352,"/kaggle/input/datasets/arafatrahmann/my-data221/Epic and CSCR hospital Dataset/Train/glioma/Tr-gl_1007.jpg",0,glioma,0,glioma,0.9673888087,0.0122540426,0.0102565642,0.0101006208
2353,"/kaggle/input/datasets/arafatrahmann/my-data221/Epic and CSCR hospital Dataset/Train/glioma/Tr-gl_1008.jpg",0,glioma,0,glioma,0.9672163725,0.0122233909,0.0107591730,0.0098010479
2354,"/kaggle/input/datasets/arafatrahmann/my-data221/Epic and CSCR hospital Dataset/Train/glioma/Tr-gl_1009.jpg",0,glioma,0,glioma,0.9699242711,0.0094286399,0.0126466174,0.0080005247
2361,"/kaggle/input/datasets/arafatrahmann/my-data221/Epic and CSCR hospital Dataset/Train/glioma/Tr-gl_1016.jpg",0,glioma,0,glioma,0.7826179266,0.1919152886,0.0118271736,0.0136395618
2383,"/kaggle/input/datasets/arafatrahmann/my-data221/Epic and CSCR hospital Dataset/Train/glioma/Tr-gl_1038.jpg",0,glioma,0,glioma,0.9703050852,0.0100966906,0.0108181704,0.0087800855
2384,"/kaggle/input/datasets/arafatrahmann/my-data221/Epic and CSCR hospital Dataset/Train/glioma/Tr-gl_1039.jpg",0,glioma,0,glioma,0.9664209485,0.0134406686,0.0124005843,0.0077378452
2397,"/kaggle/input/datasets/arafatrahmann/my-data221/Epic and CSCR hospital Dataset/Train/glioma/Tr-gl_1052.jpg",0,glioma,0,glioma,0.9503375888,0.0129702389,0.0077848001,0.0289073680
2401,"/kaggle/input/datasets/arafatrahmann/my-data221/Epic and CSCR hospital Dataset/Train/glioma/Tr-gl_1056.jpg",0,glioma,0,glioma,0.9625787735,0.0118548302,0.0060361447,0.0195302591
2406,"/kaggle/input/datasets/arafatrahmann/my-data221/Epic and CSCR hospital Dataset/Train/glioma/Tr-gl_1061.jpg",0,glioma,0,glioma,0.9680353999,0.0109807067,0.0089729819,0.0120108742
2411,"/kaggle/input/datasets/arafatrahmann/my-data221/Epic and CSCR hospital Dataset/Train/glioma/Tr-gl_1066.jpg",0,glioma,0,glioma,0.9710357785,0.0093428688,0.0066472190,0.0129741728
2413,"/kaggle/input/datasets/arafatrahmann/my-data221/Epic and CSCR hospital Dataset/Train/glioma/Tr-gl_1068.jpg",0,glioma,0,glioma,0.9711850286,0.0093509275,0.0083401762,0.0111239571
2415,"/kaggle/input/datasets/arafatrahmann/my-data221/Epic and CSCR hospital Dataset/Train/glioma/Tr-gl_1070.jpg",0,glioma,0,glioma,0.9713196754,0.0105089489,0.0091250995,0.0090462994
2418,"/kaggle/input/datasets/arafatrahmann/my-data221/Epic and CSCR hospital Dataset/Train/glioma/Tr-gl_1073.jpg",0,glioma,0,glioma,0.9602301717,0.0113822967,0.0076776622,0.0207098816
2421,"/kaggle/input/datasets/arafatrahmann/my-data221/Epic and CSCR hospital Dataset/Train/glioma/Tr-gl_1076.jpg",0,glioma,0,glioma,0.9714436531,0.0111647444,0.0083058979,0.0090856524
2424,"/kaggle/input/datasets/arafatrahmann/my-data221/Epic and CSCR hospital Dataset/Train/glioma/Tr-gl_1079.jpg",0,glioma,0,glioma,0.9606106877,0.0179828480,0.0093943458,0.0120121269
2431,"/kaggle/input/datasets/arafatrahmann/my-data221/Epic and CSCR hospital Dataset/Train/glioma/Tr-gl_1086.jpg",0,glioma,0,glioma,0.9724246264,0.0101272939,0.0070264973,0.0104215806
2433,"/kaggle/input/datasets/arafatrahmann/my-data221/Epic and CSCR hospital Dataset/Train/glioma/Tr-gl_1088.jpg",0,glioma,0,glioma,0.9585302472,0.0185247771,0.0098323366,0.0131126773
2434,"/kaggle/input/datasets/arafatrahmann/my-data221/Epic and CSCR hospital Dataset/Train/glioma/Tr-gl_1089.jpg",0,glioma,0,glioma,0.9683367014,0.0137564195,0.0080242157,0.0098826904
2448,"/kaggle/input/datasets/arafatrahmann/my-data221/Epic and CSCR hospital Dataset/Train/glioma/Tr-gl_1103.jpg",0,glioma,0,glioma,0.9591522217,0.0206658505,0.0094102211,0.0107716834
2452,"/kaggle/input/datasets/arafatrahmann/my-data221/Epic and CSCR hospital Dataset/Train/glioma/Tr-gl_1107.jpg",0,glioma,0,glioma,0.9606250525,0.0135328742,0.0085547697,0.0172872338
2462,"/kaggle/input/datasets/arafatrahmann/my-data221/Epic and CSCR hospital Dataset/Train/glioma/Tr-gl_1117.jpg",0,glioma,0,glioma,0.9606293440,0.0192787703,0.0104137864,0.0096781459
2468,"/kaggle/input/datasets/arafatrahmann/my-data221/Epic and CSCR hospital Dataset/Train/glioma/Tr-gl_1123.jpg",0,glioma,0,glioma,0.9685481191,0.0116888555,0.0096263252,0.0101367198
2472,"/kaggle/input/datasets/arafatrahmann/my-data221/Epic and CSCR hospital Dataset/Train/glioma/Tr-gl_1127.jpg",0,glioma,0,glioma,0.9681286812,0.0130837886,0.0083070444,0.0104803648
2477,"/kaggle/input/datasets/arafatrahmann/my-data221/Epic and CSCR hospital Dataset/Train/glioma/Tr-gl_1132.jpg",0,glioma,0,glioma,0.9108201861,0.0393239856,0.0265976079,0.0232582651
2479,"/kaggle/input/datasets/arafatrahmann/my-data221/Epic and CSCR hospital Dataset/Train/glioma/Tr-gl_1134.jpg",0,glioma,0,glioma,0.9709795117,0.0096798940,0.0124877300,0.0068528256
2485,"/kaggle/input/datasets/arafatrahmann/my-data221/Epic and CSCR hospital Dataset/Train/glioma/Tr-gl_1140.jpg",0,glioma,0,glioma,0.9649327397,0.0138098206,0.0131205292,0.0081369448
2488,"/kaggle/input/datasets/arafatrahmann/my-data221/Epic and CSCR hospital Dataset/Train/glioma/Tr-gl_1143.jpg",0,glioma,0,glioma,0.9682170153,0.0101273861,0.0114176143,0.0102379704
2500,"/kaggle/input/datasets/arafatrahmann/my-data221/Epic and CSCR hospital Dataset/Train/glioma/Tr-gl_1155.jpg",0,glioma,0,glioma,0.9637767076,0.0092900302,0.0154779851,0.0114553999
2505,"/kaggle/input/datasets/arafatrahmann/my-data221/Epic and CSCR hospital Dataset/Train/glioma/Tr-gl_1160.jpg",0,glioma,0,glioma,0.8762367964,0.0892942846,0.0187977273,0.0156711582
2507,"/kaggle/input/datasets/arafatrahmann/my-data221/Epic and CSCR hospital Dataset/Train/glioma/Tr-gl_1162.jpg",0,glioma,0,glioma,0.9686832428,0.0131318364,0.0110165905,0.0071683815
2509,"/kaggle/input/datasets/arafatrahmann/my-data221/Epic and CSCR hospital Dataset/Train/glioma/Tr-gl_1164.jpg",0,glioma,0,glioma,0.9661310911,0.0145858945,0.0114998892,0.0077830991
2513,"/kaggle/input/datasets/arafatrahmann/my-data221/Epic and CSCR hospital Dataset/Train/glioma/Tr-gl_1168.jpg",0,glioma,0,glioma,0.9717963934,0.0109231370,0.0073196529,0.0099606933
2514,"/kaggle/input/datasets/arafatrahmann/my-data221/Epic and CSCR hospital Dataset/Train/glioma/Tr-gl_1169.jpg",0,glioma,0,glioma,0.9681767225,0.0138380481,0.0090636220,0.0089215916
2518,"/kaggle/input/datasets/arafatrahmann/my-data221/Epic and CSCR hospital Dataset/Train/glioma/Tr-gl_1173.jpg",0,glioma,0,glioma,0.9668107033,0.0149180945,0.0095654335,0.0087057753
2521,"/kaggle/input/datasets/arafatrahmann/my-data221/Epic and CSCR hospital Dataset/Train/glioma/Tr-gl_1176.jpg",0,glioma,0,glioma,0.6622040272,0.0494964048,0.0133074652,0.2749920487
2522,"/kaggle/input/datasets/arafatrahmann/my-data221/Epic and CSCR hospital Dataset/Train/glioma/Tr-gl_1177.jpg",0,glioma,0,glioma,0.7423619032,0.0284724031,0.0100757675,0.2190898657
2525,"/kaggle/input/datasets/arafatrahmann/my-data221/Epic and CSCR hospital Dataset/Train/glioma/Tr-gl_1180.jpg",0,glioma,0,glioma,0.9664753675,0.0139300916,0.0103801470,0.0092144161
2528,"/kaggle/input/datasets/arafatrahmann/my-data221/Epic and CSCR hospital Dataset/Train/glioma/Tr-gl_1183.jpg",0,glioma,0,glioma,0.9636441469,0.0164807998,0.0118889092,0.0079860864
2530,"/kaggle/input/datasets/arafatrahmann/my-data221/Epic and CSCR hospital Dataset/Train/glioma/Tr-gl_1185.jpg",0,glioma,0,glioma,0.9635004997,0.0161367599,0.0126359295,0.0077267610
2532,"/kaggle/input/datasets/arafatrahmann/my-data221/Epic and CSCR hospital Dataset/Train/glioma/Tr-gl_1187.jpg",0,glioma,0,glioma,0.9691095352,0.0127789276,0.0114306659,0.0066808807
2539,"/kaggle/input/datasets/arafatrahmann/my-data221/Epic and CSCR hospital Dataset/Train/glioma/Tr-gl_1204.jpg",0,glioma,0,glioma,0.9667808414,0.0143534839,0.0106086712,0.0082570361
2557,"/kaggle/input/datasets/arafatrahmann/my-data221/Epic and CSCR hospital Dataset/Train/glioma/Tr-gl_1222.jpg",0,glioma,0,glioma,0.9646345377,0.0164356418,0.0115195028,0.0074103512
2563,"/kaggle/input/datasets/arafatrahmann/my-data221/Epic and CSCR hospital Dataset/Train/glioma/Tr-gl_1228.jpg",0,glioma,0,glioma,0.9380022287,0.0410532840,0.0113266930,0.0096178614
2567,"/kaggle/input/datasets/arafatrahmann/my-data221/Epic and CSCR hospital Dataset/Train/glioma/Tr-gl_1232.jpg",0,glioma,0,glioma,0.9517000914,0.0158721730,0.0092591913,0.0231684931
2571,"/kaggle/input/datasets/arafatrahmann/my-data221/Epic and CSCR hospital Dataset/Train/glioma/Tr-gl_1236.jpg",0,glioma,0,glioma,0.9022510648,0.0749781951,0.0121373404,0.0106334062
2576,"/kaggle/input/datasets/arafatrahmann/my-data221/Epic and CSCR hospital Dataset/Train/glioma/Tr-gl_1241.jpg",0,glioma,0,glioma,0.9472934008,0.0312964395,0.0115234582,0.0098866858
2579,"/kaggle/input/datasets/arafatrahmann/my-data221/Epic and CSCR hospital Dataset/Train/glioma/Tr-gl_1260.jpg",0,glioma,1,meningioma,0.2788985670,0.5761302710,0.0115963016,0.1333748400
2589,"/kaggle/input/datasets/arafatrahmann/my-data221/Epic and CSCR hospital Dataset/Train/glioma/gg (325).jpg",0,glioma,0,glioma,0.9681649208,0.0095205111,0.0091004204,0.0132141439
2598,"/kaggle/input/datasets/arafatrahmann/my-data221/Epic and CSCR hospital Dataset/Train/glioma/gg (333).jpg",0,glioma,0,glioma,0.9758995771,0.0073496215,0.0093137631,0.0074370564
2606,"/kaggle/input/datasets/arafatrahmann/my-data221/Epic and CSCR hospital Dataset/Train/glioma/gg (340).jpg",0,glioma,0,glioma,0.9761395454,0.0074737845,0.0089371558,0.0074494542
2611,"/kaggle/input/datasets/arafatrahmann/my-data221/Epic and CSCR hospital Dataset/Train/glioma/gg (345).jpg",0,glioma,0,glioma,0.9659065008,0.0139471916,0.0113981254,0.0087481420
2614,"/kaggle/input/datasets/arafatrahmann/my-data221/Epic and CSCR hospital Dataset/Train/glioma/gg (348).jpg",0,glioma,0,glioma,0.9757348299,0.0074905627,0.0084223775,0.0083523272
2616,"/kaggle/input/datasets/arafatrahmann/my-data221/Epic and CSCR hospital Dataset/Train/glioma/gg (35).jpg",0,glioma,0,glioma,0.9690556526,0.0099736527,0.0141646136,0.0068060718
2622,"/kaggle/input/datasets/arafatrahmann/my-data221/Epic and CSCR hospital Dataset/Train/glioma/gg (368).jpg",0,glioma,0,glioma,0.8287447691,0.1435251385,0.0133656617,0.0143643674
2623,"/kaggle/input/datasets/arafatrahmann/my-data221/Epic and CSCR hospital Dataset/Train/glioma/gg (369).jpg",0,glioma,0,glioma,0.9490555525,0.0310124848,0.0115223601,0.0084094992
2624,"/kaggle/input/datasets/arafatrahmann/my-data221/Epic and CSCR hospital Dataset/Train/glioma/gg (37).jpg",0,glioma,0,glioma,0.9700969458,0.0085723735,0.0131157544,0.0082149273
2626,"/kaggle/input/datasets/arafatrahmann/my-data221/Epic and CSCR hospital Dataset/Train/glioma/gg (371).jpg",0,glioma,0,glioma,0.9456951022,0.0339094736,0.0107624615,0.0096330009
2628,"/kaggle/input/datasets/arafatrahmann/my-data221/Epic and CSCR hospital Dataset/Train/glioma/gg (373).jpg",0,glioma,0,glioma,0.9757549167,0.0080705341,0.0090195807,0.0071549341
2636,"/kaggle/input/datasets/arafatrahmann/my-data221/Epic and CSCR hospital Dataset/Train/glioma/gg (380).jpg",0,glioma,0,glioma,0.9744456410,0.0085155172,0.0082080914,0.0088308062
2637,"/kaggle/input/datasets/arafatrahmann/my-data221/Epic and CSCR hospital Dataset/Train/glioma/gg (381).jpg",0,glioma,0,glioma,0.9739633799,0.0079657584,0.0077436022,0.0103272377
2638,"/kaggle/input/datasets/arafatrahmann/my-data221/Epic and CSCR hospital Dataset/Train/glioma/gg (382).jpg",0,glioma,0,glioma,0.9742863774,0.0078884689,0.0076607503,0.0101644313
2643,"/kaggle/input/datasets/arafatrahmann/my-data221/Epic and CSCR hospital Dataset/Train/glioma/gg (387).jpg",0,glioma,0,glioma,0.9750493765,0.0079531055,0.0096296053,0.0073678084
2644,"/kaggle/input/datasets/arafatrahmann/my-data221/Epic and CSCR hospital Dataset/Train/glioma/gg (388).jpg",0,glioma,0,glioma,0.9736772776,0.0081854444,0.0096451854,0.0084921615
2649,"/kaggle/input/datasets/arafatrahmann/my-data221/Epic and CSCR hospital Dataset/Train/glioma/gg (392).jpg",0,glioma,0,glioma,0.9687633514,0.0122595495,0.0102969920,0.0086800363
2654,"/kaggle/input/datasets/arafatrahmann/my-data221/Epic and CSCR hospital Dataset/Train/glioma/gg (397).jpg",0,glioma,0,glioma,0.9744365811,0.0080311429,0.0097746653,0.0077575655
2658,"/kaggle/input/datasets/arafatrahmann/my-data221/Epic and CSCR hospital Dataset/Train/glioma/gg (40).jpg",0,glioma,0,glioma,0.9627923965,0.0192135964,0.0090209870,0.0089730155
2662,"/kaggle/input/datasets/arafatrahmann/my-data221/Epic and CSCR hospital Dataset/Train/glioma/gg (403).jpg",0,glioma,0,glioma,0.9744691849,0.0077351355,0.0095775723,0.0082180817
2688,"/kaggle/input/datasets/arafatrahmann/my-data221/Epic and CSCR hospital Dataset/Train/glioma/gg (427).jpg",0,glioma,0,glioma,0.8506313562,0.1237700433,0.0130655067,0.0125331301
2689,"/kaggle/input/datasets/arafatrahmann/my-data221/Epic and CSCR hospital Dataset/Train/glioma/gg (428).jpg",0,glioma,0,glioma,0.9451757669,0.0331403390,0.0128182825,0.0088656629
2695,"/kaggle/input/datasets/arafatrahmann/my-data221/Epic and CSCR hospital Dataset/Train/glioma/gg (433).jpg",0,glioma,0,glioma,0.9694033861,0.0134778200,0.0081157619,0.0090030786
2721,"/kaggle/input/datasets/arafatrahmann/my-data221/Epic and CSCR hospital Dataset/Train/glioma/gg (457).jpg",0,glioma,0,glioma,0.9463334084,0.0205700621,0.0078241341,0.0252723396
2727,"/kaggle/input/datasets/arafatrahmann/my-data221/Epic and CSCR hospital Dataset/Train/glioma/gg (462).jpg",0,glioma,0,glioma,0.7569850087,0.2131702900,0.0132165682,0.0166281667
2728,"/kaggle/input/datasets/arafatrahmann/my-data221/Epic and CSCR hospital Dataset/Train/glioma/gg (463).jpg",0,glioma,0,glioma,0.9461145401,0.0323637351,0.0138184605,0.0077031963
2731,"/kaggle/input/datasets/arafatrahmann/my-data221/Epic and CSCR hospital Dataset/Train/glioma/gg (466).jpg",0,glioma,0,glioma,0.9552171826,0.0254552420,0.0104512107,0.0088763256
2739,"/kaggle/input/datasets/arafatrahmann/my-data221/Epic and CSCR hospital Dataset/Train/glioma/gg (473).jpg",0,glioma,0,glioma,0.9730957150,0.0073140250,0.0090963570,0.0104938699
2747,"/kaggle/input/datasets/arafatrahmann/my-data221/Epic and CSCR hospital Dataset/Train/glioma/gg (480).jpg",0,glioma,0,glioma,0.9698113203,0.0095615191,0.0106125800,0.0100145796
2749,"/kaggle/input/datasets/arafatrahmann/my-data221/Epic and CSCR hospital Dataset/Train/glioma/gg (482).jpg",0,glioma,0,glioma,0.9062128067,0.0460690670,0.0161718205,0.0315462835
2752,"/kaggle/input/datasets/arafatrahmann/my-data221/Epic and CSCR hospital Dataset/Train/glioma/gg (485).jpg",0,glioma,0,glioma,0.9596465826,0.0108372811,0.0087428950,0.0207731649
2759,"/kaggle/input/datasets/arafatrahmann/my-data221/Epic and CSCR hospital Dataset/Train/glioma/gg (491).jpg",0,glioma,0,glioma,0.9706557393,0.0099453293,0.0120041436,0.0073948419
2761,"/kaggle/input/datasets/arafatrahmann/my-data221/Epic and CSCR hospital Dataset/Train/glioma/gg (493).jpg",0,glioma,0,glioma,0.9639045596,0.0135121420,0.0161053874,0.0064778887
2762,"/kaggle/input/datasets/arafatrahmann/my-data221/Epic and CSCR hospital Dataset/Train/glioma/gg (494).jpg",0,glioma,0,glioma,0.9676474333,0.0111429133,0.0149149653,0.0062945499
2766,"/kaggle/input/datasets/arafatrahmann/my-data221/Epic and CSCR hospital Dataset/Train/glioma/gg (498).jpg",0,glioma,0,glioma,0.9746292233,0.0074656932,0.0088952649,0.0090097580
2767,"/kaggle/input/datasets/arafatrahmann/my-data221/Epic and CSCR hospital Dataset/Train/glioma/gg (499).jpg",0,glioma,0,glioma,0.9722594023,0.0082786726,0.0105669685,0.0088948477
2768,"/kaggle/input/datasets/arafatrahmann/my-data221/Epic and CSCR hospital Dataset/Train/glioma/gg (5).jpg",0,glioma,0,glioma,0.9074954987,0.0228680614,0.0595472269,0.0100892540
2790,"/kaggle/input/datasets/arafatrahmann/my-data221/Epic and CSCR hospital Dataset/Train/glioma/gg (519).jpg",0,glioma,0,glioma,0.9734772444,0.0071670241,0.0095230239,0.0098326895
2792,"/kaggle/input/datasets/arafatrahmann/my-data221/Epic and CSCR hospital Dataset/Train/glioma/gg (520).jpg",0,glioma,0,glioma,0.9741028547,0.0074525885,0.0103808530,0.0080636330
2812,"/kaggle/input/datasets/arafatrahmann/my-data221/Epic and CSCR hospital Dataset/Train/glioma/gg (539).jpg",0,glioma,0,glioma,0.9680177569,0.0101369228,0.0098116482,0.0120335948
2818,"/kaggle/input/datasets/arafatrahmann/my-data221/Epic and CSCR hospital Dataset/Train/glioma/gg (544).jpg",0,glioma,0,glioma,0.9605545998,0.0146353198,0.0103763733,0.0144336866
2821,"/kaggle/input/datasets/arafatrahmann/my-data221/Epic and CSCR hospital Dataset/Train/glioma/gg (547).jpg",0,glioma,0,glioma,0.9488633275,0.0177184194,0.0254434254,0.0079748370
2822,"/kaggle/input/datasets/arafatrahmann/my-data221/Epic and CSCR hospital Dataset/Train/glioma/gg (548).jpg",0,glioma,0,glioma,0.9691581726,0.0111598670,0.0100646401,0.0096173268
2824,"/kaggle/input/datasets/arafatrahmann/my-data221/Epic and CSCR hospital Dataset/Train/glioma/gg (55).jpg",0,glioma,0,glioma,0.9746979475,0.0089706788,0.0092163403,0.0071150260
2838,"/kaggle/input/datasets/arafatrahmann/my-data221/Epic and CSCR hospital Dataset/Train/glioma/gg (562).jpg",0,glioma,0,glioma,0.9711284637,0.0085847080,0.0090325596,0.0112542883
2868,"/kaggle/input/datasets/arafatrahmann/my-data221/Epic and CSCR hospital Dataset/Train/glioma/gg (59).jpg",0,glioma,0,glioma,0.9591189623,0.0202074833,0.0118887071,0.0087849405
2870,"/kaggle/input/datasets/arafatrahmann/my-data221/Epic and CSCR hospital Dataset/Train/glioma/gg (591).jpg",0,glioma,0,glioma,0.9700822830,0.0089142015,0.0105080474,0.0104954494
2876,"/kaggle/input/datasets/arafatrahmann/my-data221/Epic and CSCR hospital Dataset/Train/glioma/gg (597).jpg",0,glioma,0,glioma,0.9717546701,0.0074027465,0.0104121231,0.0104304794
2877,"/kaggle/input/datasets/arafatrahmann/my-data221/Epic and CSCR hospital Dataset/Train/glioma/gg (598).jpg",0,glioma,0,glioma,0.9721192122,0.0078153852,0.0098936837,0.0101717617
2883,"/kaggle/input/datasets/arafatrahmann/my-data221/Epic and CSCR hospital Dataset/Train/glioma/gg (602).jpg",0,glioma,0,glioma,0.9699179530,0.0114683863,0.0096676219,0.0089460732
2895,"/kaggle/input/datasets/arafatrahmann/my-data221/Epic and CSCR hospital Dataset/Train/glioma/gg (613).jpg",0,glioma,0,glioma,0.9640290141,0.0092081083,0.0089872088,0.0177756846
2896,"/kaggle/input/datasets/arafatrahmann/my-data221/Epic and CSCR hospital Dataset/Train/glioma/gg (614).jpg",0,glioma,0,glioma,0.9658548236,0.0087116882,0.0093774926,0.0160560682
2897,"/kaggle/input/datasets/arafatrahmann/my-data221/Epic and CSCR hospital Dataset/Train/glioma/gg (615).jpg",0,glioma,0,glioma,0.9695500135,0.0076166987,0.0102621252,0.0125711979
2901,"/kaggle/input/datasets/arafatrahmann/my-data221/Epic and CSCR hospital Dataset/Train/glioma/gg (619).jpg",0,glioma,0,glioma,0.9741930962,0.0084845256,0.0101915728,0.0071308701
2902,"/kaggle/input/datasets/arafatrahmann/my-data221/Epic and CSCR hospital Dataset/Train/glioma/gg (62).jpg",0,glioma,0,glioma,0.9675728679,0.0098131923,0.0076093981,0.0150045427
2905,"/kaggle/input/datasets/arafatrahmann/my-data221/Epic and CSCR hospital Dataset/Train/glioma/gg (622).jpg",0,glioma,0,glioma,0.9730585217,0.0087111825,0.0094821863,0.0087480377
2908,"/kaggle/input/datasets/arafatrahmann/my-data221/Epic and CSCR hospital Dataset/Train/glioma/gg (625).jpg",0,glioma,0,glioma,0.9668854475,0.0135793388,0.0124877151,0.0070474902
2918,"/kaggle/input/datasets/arafatrahmann/my-data221/Epic and CSCR hospital Dataset/Train/glioma/gg (634).jpg",0,glioma,0,glioma,0.9721778035,0.0088004181,0.0109359147,0.0080859419
2921,"/kaggle/input/datasets/arafatrahmann/my-data221/Epic and CSCR hospital Dataset/Train/glioma/gg (637).jpg",0,glioma,0,glioma,0.9715112448,0.0068055526,0.0115511501,0.0101319794
2924,"/kaggle/input/datasets/arafatrahmann/my-data221/Epic and CSCR hospital Dataset/Train/glioma/gg (64).jpg",0,glioma,0,glioma,0.9689849615,0.0093825627,0.0073424513,0.0142899631
2926,"/kaggle/input/datasets/arafatrahmann/my-data221/Epic and CSCR hospital Dataset/Train/glioma/gg (641).jpg",0,glioma,0,glioma,0.9708676338,0.0082918787,0.0102007510,0.0106396945
2931,"/kaggle/input/datasets/arafatrahmann/my-data221/Epic and CSCR hospital Dataset/Train/glioma/gg (646).jpg",0,glioma,0,glioma,0.9673044086,0.0115504274,0.0104070278,0.0107380459
2932,"/kaggle/input/datasets/arafatrahmann/my-data221/Epic and CSCR hospital Dataset/Train/glioma/gg (647).jpg",0,glioma,0,glioma,0.9668036699,0.0122547904,0.0105034802,0.0104381228
2938,"/kaggle/input/datasets/arafatrahmann/my-data221/Epic and CSCR hospital Dataset/Train/glioma/gg (664).jpg",0,glioma,0,glioma,0.9685691595,0.0082450155,0.0103152459,0.0128705818
2939,"/kaggle/input/datasets/arafatrahmann/my-data221/Epic and CSCR hospital Dataset/Train/glioma/gg (665).jpg",0,glioma,0,glioma,0.9672170877,0.0090931915,0.0098318215,0.0138578909
2940,"/kaggle/input/datasets/arafatrahmann/my-data221/Epic and CSCR hospital Dataset/Train/glioma/gg (666).jpg",0,glioma,0,glioma,0.9667106867,0.0095066903,0.0101836957,0.0135988686
2941,"/kaggle/input/datasets/arafatrahmann/my-data221/Epic and CSCR hospital Dataset/Train/glioma/gg (667).jpg",0,glioma,0,glioma,0.9700766802,0.0079898331,0.0107161477,0.0112173781
2954,"/kaggle/input/datasets/arafatrahmann/my-data221/Epic and CSCR hospital Dataset/Train/glioma/image(11).jpg",0,glioma,0,glioma,0.9344776869,0.0397401825,0.0084109213,0.0173711367
2968,"/kaggle/input/datasets/arafatrahmann/my-data221/Epic and CSCR hospital Dataset/Train/glioma/image(24).jpg",0,glioma,0,glioma,0.9286848307,0.0438334756,0.0149077196,0.0125739696
2982,"/kaggle/input/datasets/arafatrahmann/my-data221/Epic and CSCR hospital Dataset/Train/glioma/image(53).jpg",0,glioma,2,notumor,0.0052834796,0.0049319090,0.9630325437,0.0267520510
2984,"/kaggle/input/datasets/arafatrahmann/my-data221/Epic and CSCR hospital Dataset/Train/glioma/image(55).jpg",0,glioma,0,glioma,0.8927397728,0.0741157159,0.0237643253,0.0093802139
2989,"/kaggle/input/datasets/arafatrahmann/my-data221/Epic and CSCR hospital Dataset/Train/glioma/image(60).jpg",0,glioma,0,glioma,0.9694984555,0.0127762081,0.0105510559,0.0071742870
2993,"/kaggle/input/datasets/arafatrahmann/my-data221/Epic and CSCR hospital Dataset/Train/glioma/image(64).jpg",0,glioma,0,glioma,0.9492513537,0.0310477372,0.0111496262,0.0085512716
2994,"/kaggle/input/datasets/arafatrahmann/my-data221/Epic and CSCR hospital Dataset/Train/glioma/image(65).jpg",0,glioma,0,glioma,0.9492929578,0.0307967328,0.0115494858,0.0083608525
3002,"/kaggle/input/datasets/arafatrahmann/my-data221/Epic and CSCR hospital Dataset/Train/glioma/image(73).jpg",0,glioma,0,glioma,0.9726425409,0.0090616848,0.0121245105,0.0061712749
3012,"/kaggle/input/datasets/arafatrahmann/my-data221/Epic and CSCR hospital Dataset/Train/glioma/image(83).jpg",0,glioma,2,notumor,0.0126053467,0.0237115342,0.9494994879,0.0141836498
3027,"/kaggle/input/datasets/arafatrahmann/my-data221/Epic and CSCR hospital Dataset/Train/meningioma/1309.jpg",1,meningioma,1,meningioma,0.0120971194,0.9788933992,0.0052861101,0.0037232439
3034,"/kaggle/input/datasets/arafatrahmann/my-data221/Epic and CSCR hospital Dataset/Train/meningioma/1316.jpg",1,meningioma,1,meningioma,0.0145758167,0.9780671000,0.0041262987,0.0032307927
3042,"/kaggle/input/datasets/arafatrahmann/my-data221/Epic and CSCR hospital Dataset/Train/meningioma/1324.jpg",1,meningioma,1,meningioma,0.0563381724,0.9283959270,0.0055954116,0.0096704140
3044,"/kaggle/input/datasets/arafatrahmann/my-data221/Epic and CSCR hospital Dataset/Train/meningioma/1326.jpg",1,meningioma,1,meningioma,0.0286020879,0.9604203105,0.0071321041,0.0038454649
3054,"/kaggle/input/datasets/arafatrahmann/my-data221/Epic and CSCR hospital Dataset/Train/meningioma/1336.jpg",1,meningioma,1,meningioma,0.0089485692,0.9833083153,0.0052025979,0.0025406084
3057,"/kaggle/input/datasets/arafatrahmann/my-data221/Epic and CSCR hospital Dataset/Train/meningioma/1339.jpg",1,meningioma,1,meningioma,0.0118535943,0.9766957164,0.0046115993,0.0068389745
3058,"/kaggle/input/datasets/arafatrahmann/my-data221/Epic and CSCR hospital Dataset/Train/meningioma/1340.jpg",1,meningioma,1,meningioma,0.3246265054,0.6329061985,0.0210788306,0.0213885475
3069,"/kaggle/input/datasets/arafatrahmann/my-data221/Epic and CSCR hospital Dataset/Train/meningioma/1351.jpg",1,meningioma,1,meningioma,0.0085520064,0.9830279350,0.0046414640,0.0037786029
3070,"/kaggle/input/datasets/arafatrahmann/my-data221/Epic and CSCR hospital Dataset/Train/meningioma/1352.jpg",1,meningioma,1,meningioma,0.0101022786,0.9822659492,0.0047158864,0.0029159230
3088,"/kaggle/input/datasets/arafatrahmann/my-data221/Epic and CSCR hospital Dataset/Train/meningioma/1370.jpg",1,meningioma,1,meningioma,0.0087164361,0.9827827215,0.0050514867,0.0034493674
3092,"/kaggle/input/datasets/arafatrahmann/my-data221/Epic and CSCR hospital Dataset/Train/meningioma/1374.jpg",1,meningioma,1,meningioma,0.0082164183,0.9815964699,0.0061138473,0.0040732631
3096,"/kaggle/input/datasets/arafatrahmann/my-data221/Epic and CSCR hospital Dataset/Train/meningioma/1378.jpg",1,meningioma,1,meningioma,0.0084334360,0.9803817868,0.0080740824,0.0031106554
3097,"/kaggle/input/datasets/arafatrahmann/my-data221/Epic and CSCR hospital Dataset/Train/meningioma/1379.jpg",1,meningioma,1,meningioma,0.0190783869,0.9692300558,0.0073608011,0.0043306695
3105,"/kaggle/input/datasets/arafatrahmann/my-data221/Epic and CSCR hospital Dataset/Train/meningioma/1387.jpg",1,meningioma,1,meningioma,0.0061629610,0.9821370244,0.0081174392,0.0035825998
3114,"/kaggle/input/datasets/arafatrahmann/my-data221/Epic and CSCR hospital Dataset/Train/meningioma/1396.jpg",1,meningioma,1,meningioma,0.0091890916,0.9785804749,0.0066421730,0.0055883275
3119,"/kaggle/input/datasets/arafatrahmann/my-data221/Epic and CSCR hospital Dataset/Train/meningioma/1401.jpg",1,meningioma,1,meningioma,0.0582516566,0.9291701317,0.0080760289,0.0045021432
3122,"/kaggle/input/datasets/arafatrahmann/my-data221/Epic and CSCR hospital Dataset/Train/meningioma/1404.jpg",1,meningioma,1,meningioma,0.0105452966,0.9726265073,0.0080014123,0.0088267475
3126,"/kaggle/input/datasets/arafatrahmann/my-data221/Epic and CSCR hospital Dataset/Train/meningioma/1408.jpg",1,meningioma,1,meningioma,0.0463474020,0.8971543312,0.0194425732,0.0370557234
3134,"/kaggle/input/datasets/arafatrahmann/my-data221/Epic and CSCR hospital Dataset/Train/meningioma/1416.jpg",1,meningioma,1,meningioma,0.0429086164,0.9432628751,0.0076203966,0.0062081246
3135,"/kaggle/input/datasets/arafatrahmann/my-data221/Epic and CSCR hospital Dataset/Train/meningioma/1417.jpg",1,meningioma,1,meningioma,0.0128141986,0.9765709043,0.0046033757,0.0060115336
3136,"/kaggle/input/datasets/arafatrahmann/my-data221/Epic and CSCR hospital Dataset/Train/meningioma/1418.jpg",1,meningioma,1,meningioma,0.0094342558,0.9803141356,0.0057146535,0.0045369850
3143,"/kaggle/input/datasets/arafatrahmann/my-data221/Epic and CSCR hospital Dataset/Train/meningioma/1425.jpg",1,meningioma,1,meningioma,0.0092219971,0.9811828732,0.0067355074,0.0028597096
3146,"/kaggle/input/datasets/arafatrahmann/my-data221/Epic and CSCR hospital Dataset/Train/meningioma/1428.jpg",1,meningioma,1,meningioma,0.0066777058,0.9798353314,0.0071032001,0.0063838051
3153,"/kaggle/input/datasets/arafatrahmann/my-data221/Epic and CSCR hospital Dataset/Train/meningioma/1435.jpg",1,meningioma,1,meningioma,0.0289705154,0.9592311978,0.0052658441,0.0065324223
3154,"/kaggle/input/datasets/arafatrahmann/my-data221/Epic and CSCR hospital Dataset/Train/meningioma/1436.jpg",1,meningioma,1,meningioma,0.0272960309,0.5840139389,0.0247809794,0.3639090955
3155,"/kaggle/input/datasets/arafatrahmann/my-data221/Epic and CSCR hospital Dataset/Train/meningioma/1437.jpg",1,meningioma,1,meningioma,0.0091493251,0.9796082377,0.0048104180,0.0064320052
3157,"/kaggle/input/datasets/arafatrahmann/my-data221/Epic and CSCR hospital Dataset/Train/meningioma/1439.jpg",1,meningioma,1,meningioma,0.0094227176,0.9804880023,0.0065736668,0.0035155632
3158,"/kaggle/input/datasets/arafatrahmann/my-data221/Epic and CSCR hospital Dataset/Train/meningioma/1440.jpg",1,meningioma,1,meningioma,0.0182834007,0.9028501511,0.0281551275,0.0507113822
3160,"/kaggle/input/datasets/arafatrahmann/my-data221/Epic and CSCR hospital Dataset/Train/meningioma/1442.jpg",1,meningioma,2,notumor,0.0346686803,0.3181297481,0.6300376654,0.0171638504
3166,"/kaggle/input/datasets/arafatrahmann/my-data221/Epic and CSCR hospital Dataset/Train/meningioma/M_819_HF_.jpg",1,meningioma,1,meningioma,0.0285184532,0.9593877792,0.0055869306,0.0065068058
3169,"/kaggle/input/datasets/arafatrahmann/my-data221/Epic and CSCR hospital Dataset/Train/meningioma/M_819_VF_.jpg",1,meningioma,1,meningioma,0.0160966571,0.9720432162,0.0058054151,0.0060546948
3172,"/kaggle/input/datasets/arafatrahmann/my-data221/Epic and CSCR hospital Dataset/Train/meningioma/M_820_DA_.jpg",1,meningioma,1,meningioma,0.0294282585,0.7953335047,0.0113812257,0.1638569683
3193,"/kaggle/input/datasets/arafatrahmann/my-data221/Epic and CSCR hospital Dataset/Train/meningioma/M_823_DA_.jpg",1,meningioma,1,meningioma,0.0082011698,0.9812291861,0.0063166968,0.0042529227
3197,"/kaggle/input/datasets/arafatrahmann/my-data221/Epic and CSCR hospital Dataset/Train/meningioma/M_823_VF_.jpg",1,meningioma,1,meningioma,0.0158684943,0.9633437395,0.0109660858,0.0098217474
3199,"/kaggle/input/datasets/arafatrahmann/my-data221/Epic and CSCR hospital Dataset/Train/meningioma/M_824_BR_.jpg",1,meningioma,1,meningioma,0.0436548926,0.9022549391,0.0177574959,0.0363326147
3200,"/kaggle/input/datasets/arafatrahmann/my-data221/Epic and CSCR hospital Dataset/Train/meningioma/M_824_DA_.jpg",1,meningioma,1,meningioma,0.0166532435,0.9651468992,0.0052442993,0.0129554644
3206,"/kaggle/input/datasets/arafatrahmann/my-data221/Epic and CSCR hospital Dataset/Train/meningioma/M_825_BR_.jpg",1,meningioma,1,meningioma,0.0234698988,0.9478818178,0.0218115896,0.0068366528
3213,"/kaggle/input/datasets/arafatrahmann/my-data221/Epic and CSCR hospital Dataset/Train/meningioma/M_826_BR_.jpg",1,meningioma,1,meningioma,0.0458111502,0.8944061399,0.0257748757,0.0340078734
3223,"/kaggle/input/datasets/arafatrahmann/my-data221/Epic and CSCR hospital Dataset/Train/meningioma/M_827_RO_.jpg",1,meningioma,1,meningioma,0.0149244843,0.9753500223,0.0048651733,0.0048602847
3227,"/kaggle/input/datasets/arafatrahmann/my-data221/Epic and CSCR hospital Dataset/Train/meningioma/M_828_BR_.jpg",1,meningioma,1,meningioma,0.0266782455,0.9636143446,0.0059242905,0.0037830174
3231,"/kaggle/input/datasets/arafatrahmann/my-data221/Epic and CSCR hospital Dataset/Train/meningioma/M_828_SP_.jpg",1,meningioma,1,meningioma,0.1303826720,0.8512360454,0.0073000877,0.0110811992
3233,"/kaggle/input/datasets/arafatrahmann/my-data221/Epic and CSCR hospital Dataset/Train/meningioma/M_829.jpg",1,meningioma,1,meningioma,0.0128543228,0.9794849157,0.0042490130,0.0034117852
3241,"/kaggle/input/datasets/arafatrahmann/my-data221/Epic and CSCR hospital Dataset/Train/meningioma/M_830_BR_.jpg",1,meningioma,1,meningioma,0.0075170770,0.9820114374,0.0068810484,0.0035904415
3245,"/kaggle/input/datasets/arafatrahmann/my-data221/Epic and CSCR hospital Dataset/Train/meningioma/M_830_SP_.jpg",1,meningioma,1,meningioma,0.0598764122,0.9066972733,0.0101745473,0.0232517365
3249,"/kaggle/input/datasets/arafatrahmann/my-data221/Epic and CSCR hospital Dataset/Train/meningioma/M_831_DA_.jpg",1,meningioma,1,meningioma,0.0083064344,0.9833548665,0.0043322756,0.0040063201
3251,"/kaggle/input/datasets/arafatrahmann/my-data221/Epic and CSCR hospital Dataset/Train/meningioma/M_831_RO_.jpg",1,meningioma,1,meningioma,0.0131043373,0.9658582807,0.0099339243,0.0111035109
3252,"/kaggle/input/datasets/arafatrahmann/my-data221/Epic and CSCR hospital Dataset/Train/meningioma/M_831_SP_.jpg",1,meningioma,1,meningioma,0.3704996705,0.5535452366,0.0210006610,0.0549544804
3257,"/kaggle/input/datasets/arafatrahmann/my-data221/Epic and CSCR hospital Dataset/Train/meningioma/M_832_HF_.jpg",1,meningioma,1,meningioma,0.0100058634,0.9777514338,0.0072286180,0.0050141076
3258,"/kaggle/input/datasets/arafatrahmann/my-data221/Epic and CSCR hospital Dataset/Train/meningioma/M_832_RO_.jpg",1,meningioma,1,meningioma,0.0298848040,0.9458727837,0.0174266826,0.0068156482
3263,"/kaggle/input/datasets/arafatrahmann/my-data221/Epic and CSCR hospital Dataset/Train/meningioma/M_833_DA_.jpg",1,meningioma,1,meningioma,0.0134903817,0.9765715599,0.0068294406,0.0031086956
3270,"/kaggle/input/datasets/arafatrahmann/my-data221/Epic and CSCR hospital Dataset/Train/meningioma/M_834_DA_.jpg",1,meningioma,1,meningioma,0.0127386078,0.9578057528,0.0258074943,0.0036481437
3283,"/kaggle/input/datasets/arafatrahmann/my-data221/Epic and CSCR hospital Dataset/Train/meningioma/M_836_BR_.jpg",1,meningioma,1,meningioma,0.0112835262,0.9778726697,0.0072084516,0.0036354109
3290,"/kaggle/input/datasets/arafatrahmann/my-data221/Epic and CSCR hospital Dataset/Train/meningioma/M_837_BR_.jpg",1,meningioma,1,meningioma,0.0066186511,0.9810667038,0.0092110168,0.0031035945
3292,"/kaggle/input/datasets/arafatrahmann/my-data221/Epic and CSCR hospital Dataset/Train/meningioma/M_837_HF_.jpg",1,meningioma,1,meningioma,0.0094382279,0.9684574008,0.0130504146,0.0090538468
3310,"/kaggle/input/datasets/arafatrahmann/my-data221/Epic and CSCR hospital Dataset/Train/meningioma/M_840.jpg",1,meningioma,1,meningioma,0.0302936174,0.9063346982,0.0152030392,0.0481687300
3313,"/kaggle/input/datasets/arafatrahmann/my-data221/Epic and CSCR hospital Dataset/Train/meningioma/M_840_HF_.jpg",1,meningioma,1,meningioma,0.0479641445,0.8164736032,0.0224376060,0.1131247282
3319,"/kaggle/input/datasets/arafatrahmann/my-data221/Epic and CSCR hospital Dataset/Train/meningioma/M_841_DA_.jpg",1,meningioma,1,meningioma,0.0096452329,0.9817291498,0.0045864624,0.0040392103
3323,"/kaggle/input/datasets/arafatrahmann/my-data221/Epic and CSCR hospital Dataset/Train/meningioma/M_841_VF_.jpg",1,meningioma,1,meningioma,0.0252740178,0.8971173167,0.0197184272,0.0578902476
3328,"/kaggle/input/datasets/arafatrahmann/my-data221/Epic and CSCR hospital Dataset/Train/meningioma/M_842_RO_.jpg",1,meningioma,1,meningioma,0.0118506085,0.9804803729,0.0048802369,0.0027888205
3338,"/kaggle/input/datasets/arafatrahmann/my-data221/Epic and CSCR hospital Dataset/Train/meningioma/M_844.jpg",1,meningioma,1,meningioma,0.0074042887,0.9844149351,0.0051883375,0.0029923909
3348,"/kaggle/input/datasets/arafatrahmann/my-data221/Epic and CSCR hospital Dataset/Train/meningioma/M_845_HF_.jpg",1,meningioma,1,meningioma,0.0755233690,0.6688277721,0.0320439674,0.2236049175
3350,"/kaggle/input/datasets/arafatrahmann/my-data221/Epic and CSCR hospital Dataset/Train/meningioma/M_845_SP_.jpg",1,meningioma,1,meningioma,0.3620463014,0.5618082285,0.0336555019,0.0424900018
3354,"/kaggle/input/datasets/arafatrahmann/my-data221/Epic and CSCR hospital Dataset/Train/meningioma/M_846_DA_.jpg",1,meningioma,1,meningioma,0.0118057439,0.9667865038,0.0180253368,0.0033824474
3355,"/kaggle/input/datasets/arafatrahmann/my-data221/Epic and CSCR hospital Dataset/Train/meningioma/M_846_HF_.jpg",1,meningioma,1,meningioma,0.0078231525,0.9741975069,0.0139569640,0.0040223985
3358,"/kaggle/input/datasets/arafatrahmann/my-data221/Epic and CSCR hospital Dataset/Train/meningioma/M_846_VF_.jpg",1,meningioma,1,meningioma,0.0112313610,0.9787114263,0.0063489503,0.0037082867
3359,"/kaggle/input/datasets/arafatrahmann/my-data221/Epic and CSCR hospital Dataset/Train/meningioma/M_847.jpg",1,meningioma,1,meningioma,0.0096865268,0.9819237590,0.0051233834,0.0032662307
3369,"/kaggle/input/datasets/arafatrahmann/my-data221/Epic and CSCR hospital Dataset/Train/meningioma/M_848_HF_.jpg",1,meningioma,1,meningioma,0.0078442544,0.9828127027,0.0063199648,0.0030231418
3370,"/kaggle/input/datasets/arafatrahmann/my-data221/Epic and CSCR hospital Dataset/Train/meningioma/M_848_RO_.jpg",1,meningioma,1,meningioma,0.0077514732,0.9827200174,0.0063718460,0.0031566725
3373,"/kaggle/input/datasets/arafatrahmann/my-data221/Epic and CSCR hospital Dataset/Train/meningioma/M_849.jpg",1,meningioma,1,meningioma,0.0081612049,0.9823988080,0.0062637990,0.0031761297
3382,"/kaggle/input/datasets/arafatrahmann/my-data221/Epic and CSCR hospital Dataset/Train/meningioma/M_850_DA_.jpg",1,meningioma,1,meningioma,0.0091175782,0.9832315445,0.0044734026,0.0031774300
3385,"/kaggle/input/datasets/arafatrahmann/my-data221/Epic and CSCR hospital Dataset/Train/meningioma/M_850_SP_.jpg",1,meningioma,1,meningioma,0.0613715537,0.9248881340,0.0067011779,0.0070391297
3391,"/kaggle/input/datasets/arafatrahmann/my-data221/Epic and CSCR hospital Dataset/Train/meningioma/M_851_RO_.jpg",1,meningioma,1,meningioma,0.0192491077,0.9680466652,0.0076338947,0.0050702905
3398,"/kaggle/input/datasets/arafatrahmann/my-data221/Epic and CSCR hospital Dataset/Train/meningioma/M_852_RO_.jpg",1,meningioma,1,meningioma,0.0626508892,0.9238265753,0.0075282613,0.0059942957
3400,"/kaggle/input/datasets/arafatrahmann/my-data221/Epic and CSCR hospital Dataset/Train/meningioma/M_852_VF_.jpg",1,meningioma,1,meningioma,0.0096199438,0.9800726771,0.0062251659,0.0040821573
3407,"/kaggle/input/datasets/arafatrahmann/my-data221/Epic and CSCR hospital Dataset/Train/meningioma/M_853_VF_.jpg",1,meningioma,1,meningioma,0.0090887211,0.9793474078,0.0067845969,0.0047793314
3411,"/kaggle/input/datasets/arafatrahmann/my-data221/Epic and CSCR hospital Dataset/Train/meningioma/M_854_HF_.jpg",1,meningioma,1,meningioma,0.0248677079,0.9477922320,0.0119635370,0.0153765501
3417,"/kaggle/input/datasets/arafatrahmann/my-data221/Epic and CSCR hospital Dataset/Train/meningioma/M_855_DA_.jpg",1,meningioma,1,meningioma,0.0155104082,0.8814926147,0.0134085249,0.0895884261
3419,"/kaggle/input/datasets/arafatrahmann/my-data221/Epic and CSCR hospital Dataset/Train/meningioma/M_855_RO_.jpg",1,meningioma,1,meningioma,0.0353420116,0.8433372378,0.0290124267,0.0923083872
3422,"/kaggle/input/datasets/arafatrahmann/my-data221/Epic and CSCR hospital Dataset/Train/meningioma/M_856.jpg",1,meningioma,1,meningioma,0.0329947770,0.9130874872,0.0227140039,0.0312037803
3423,"/kaggle/input/datasets/arafatrahmann/my-data221/Epic and CSCR hospital Dataset/Train/meningioma/M_856_BR_.jpg",1,meningioma,1,meningioma,0.0088950619,0.9789057970,0.0071391510,0.0050599878
3430,"/kaggle/input/datasets/arafatrahmann/my-data221/Epic and CSCR hospital Dataset/Train/meningioma/M_857_BR_.jpg",1,meningioma,1,meningioma,0.0326639414,0.9561791420,0.0070832125,0.0040736776
3431,"/kaggle/input/datasets/arafatrahmann/my-data221/Epic and CSCR hospital Dataset/Train/meningioma/M_857_DA_.jpg",1,meningioma,1,meningioma,0.0437150113,0.9457114339,0.0057321610,0.0048413374
3433,"/kaggle/input/datasets/arafatrahmann/my-data221/Epic and CSCR hospital Dataset/Train/meningioma/M_857_RO_.jpg",1,meningioma,1,meningioma,0.0616888627,0.9231225848,0.0067958795,0.0083926199
3442,"/kaggle/input/datasets/arafatrahmann/my-data221/Epic and CSCR hospital Dataset/Train/meningioma/M_858_VF_.jpg",1,meningioma,1,meningioma,0.0480079539,0.8676438332,0.0761669800,0.0081812907
3450,"/kaggle/input/datasets/arafatrahmann/my-data221/Epic and CSCR hospital Dataset/Train/meningioma/M_860.jpg",1,meningioma,1,meningioma,0.0103567149,0.9791678190,0.0051150569,0.0053604036
3451,"/kaggle/input/datasets/arafatrahmann/my-data221/Epic and CSCR hospital Dataset/Train/meningioma/M_860_BR_.jpg",1,meningioma,1,meningioma,0.0357362404,0.9511182904,0.0069669923,0.0061784717
3452,"/kaggle/input/datasets/arafatrahmann/my-data221/Epic and CSCR hospital Dataset/Train/meningioma/M_860_DA_.jpg",1,meningioma,1,meningioma,0.0181974135,0.9703451395,0.0048013073,0.0066561988
3456,"/kaggle/input/datasets/arafatrahmann/my-data221/Epic and CSCR hospital Dataset/Train/meningioma/M_860_VF_.jpg",1,meningioma,1,meningioma,0.0408768989,0.9402180910,0.0077998838,0.0111051751
3460,"/kaggle/input/datasets/arafatrahmann/my-data221/Epic and CSCR hospital Dataset/Train/meningioma/M_861_HF_.jpg",1,meningioma,1,meningioma,0.0085341316,0.9815241694,0.0061970176,0.0037446599
3462,"/kaggle/input/datasets/arafatrahmann/my-data221/Epic and CSCR hospital Dataset/Train/meningioma/M_861_SP_.jpg",1,meningioma,1,meningioma,0.0172543488,0.9709064364,0.0056443377,0.0061948360
3465,"/kaggle/input/datasets/arafatrahmann/my-data221/Epic and CSCR hospital Dataset/Train/meningioma/M_862_BR_.jpg",1,meningioma,1,meningioma,0.0097058173,0.9801541567,0.0067968718,0.0033431849
3476,"/kaggle/input/datasets/arafatrahmann/my-data221/Epic and CSCR hospital Dataset/Train/meningioma/M_863_SP_.jpg",1,meningioma,1,meningioma,0.0159310177,0.9736200571,0.0053579411,0.0050910576
3478,"/kaggle/input/datasets/arafatrahmann/my-data221/Epic and CSCR hospital Dataset/Train/meningioma/M_864.jpg",1,meningioma,1,meningioma,0.0061102491,0.9833762050,0.0073423362,0.0031712041
3481,"/kaggle/input/datasets/arafatrahmann/my-data221/Epic and CSCR hospital Dataset/Train/meningioma/M_864_HF_.jpg",1,meningioma,1,meningioma,0.0058813393,0.9832099080,0.0076777986,0.0032308586
3486,"/kaggle/input/datasets/arafatrahmann/my-data221/Epic and CSCR hospital Dataset/Train/meningioma/M_865_BR_.jpg",1,meningioma,1,meningioma,0.0112869460,0.9733940363,0.0123304483,0.0029886854
3494,"/kaggle/input/datasets/arafatrahmann/my-data221/Epic and CSCR hospital Dataset/Train/meningioma/M_866_DA_.jpg",1,meningioma,1,meningioma,0.0149531420,0.9756385684,0.0047272965,0.0046809632
3505,"/kaggle/input/datasets/arafatrahmann/my-data221/Epic and CSCR hospital Dataset/Train/meningioma/M_867_VF_.jpg",1,meningioma,1,meningioma,0.0106744366,0.9810140729,0.0049280683,0.0033835091
3506,"/kaggle/input/datasets/arafatrahmann/my-data221/Epic and CSCR hospital Dataset/Train/meningioma/M_868.jpg",1,meningioma,1,meningioma,0.0109157413,0.9751146436,0.0072446899,0.0067249397
3513,"/kaggle/input/datasets/arafatrahmann/my-data221/Epic and CSCR hospital Dataset/Train/meningioma/M_869.jpg",1,meningioma,1,meningioma,0.0136361495,0.9716232419,0.0061889784,0.0085516069
3523,"/kaggle/input/datasets/arafatrahmann/my-data221/Epic and CSCR hospital Dataset/Train/meningioma/M_870_HF_.jpg",1,meningioma,1,meningioma,0.0100160791,0.9755529165,0.0109018479,0.0035291840
3530,"/kaggle/input/datasets/arafatrahmann/my-data221/Epic and CSCR hospital Dataset/Train/meningioma/M_871_HF_.jpg",1,meningioma,1,meningioma,0.0119727906,0.9796754122,0.0056073852,0.0027443697
3533,"/kaggle/input/datasets/arafatrahmann/my-data221/Epic and CSCR hospital Dataset/Train/meningioma/M_871_VF_.jpg",1,meningioma,1,meningioma,0.0351501107,0.9545313716,0.0061956411,0.0041228342
3538,"/kaggle/input/datasets/arafatrahmann/my-data221/Epic and CSCR hospital Dataset/Train/meningioma/M_872_RO_.jpg",1,meningioma,1,meningioma,0.0085912580,0.9812381864,0.0053270594,0.0048434846
3539,"/kaggle/input/datasets/arafatrahmann/my-data221/Epic and CSCR hospital Dataset/Train/meningioma/M_872_SP_.jpg",1,meningioma,1,meningioma,0.0216761623,0.9615917206,0.0063478970,0.0103842840
3541,"/kaggle/input/datasets/arafatrahmann/my-data221/Epic and CSCR hospital Dataset/Train/meningioma/M_873.jpg",1,meningioma,1,meningioma,0.0097723557,0.9742910266,0.0059392396,0.0099973259
3559,"/kaggle/input/datasets/arafatrahmann/my-data221/Epic and CSCR hospital Dataset/Train/meningioma/M_875_RO_.jpg",1,meningioma,1,meningioma,0.0248091109,0.8355749846,0.0209769662,0.1186390072
3569,"/kaggle/input/datasets/arafatrahmann/my-data221/Epic and CSCR hospital Dataset/Train/meningioma/M_877.jpg",1,meningioma,1,meningioma,0.0093618315,0.9810800552,0.0057679033,0.0037902389
3576,"/kaggle/input/datasets/arafatrahmann/my-data221/Epic and CSCR hospital Dataset/Train/meningioma/M_878.jpg",1,meningioma,1,meningioma,0.0070431679,0.9808573723,0.0084547894,0.0036446378
3581,"/kaggle/input/datasets/arafatrahmann/my-data221/Epic and CSCR hospital Dataset/Train/meningioma/M_878_SP_.jpg",1,meningioma,2,notumor,0.0452692695,0.0832981318,0.8537744284,0.0176581927
3582,"/kaggle/input/datasets/arafatrahmann/my-data221/Epic and CSCR hospital Dataset/Train/meningioma/M_878_VF_.jpg",1,meningioma,2,notumor,0.0098716784,0.0570970103,0.9146458507,0.0183853731
3587,"/kaggle/input/datasets/arafatrahmann/my-data221/Epic and CSCR hospital Dataset/Train/meningioma/M_879_RO_.jpg",1,meningioma,1,meningioma,0.0068681478,0.9830631018,0.0059834993,0.0040852325
3588,"/kaggle/input/datasets/arafatrahmann/my-data221/Epic and CSCR hospital Dataset/Train/meningioma/M_879_SP_.jpg",1,meningioma,1,meningioma,0.0552551970,0.9253638983,0.0081738308,0.0112071345
3592,"/kaggle/input/datasets/arafatrahmann/my-data221/Epic and CSCR hospital Dataset/Train/meningioma/M_880_DA_.jpg",1,meningioma,1,meningioma,0.0074547157,0.9841351509,0.0054560849,0.0029540032
3598,"/kaggle/input/datasets/arafatrahmann/my-data221/Epic and CSCR hospital Dataset/Train/meningioma/M_881_BR_.jpg",1,meningioma,1,meningioma,0.0061365929,0.9826297760,0.0082172398,0.0030164374
3600,"/kaggle/input/datasets/arafatrahmann/my-data221/Epic and CSCR hospital Dataset/Train/meningioma/M_881_HF_.jpg",1,meningioma,1,meningioma,0.0058478173,0.9825245738,0.0081228586,0.0035047960
3606,"/kaggle/input/datasets/arafatrahmann/my-data221/Epic and CSCR hospital Dataset/Train/meningioma/M_882_DA_.jpg",1,meningioma,1,meningioma,0.0159220453,0.9755824208,0.0043733497,0.0041222177
3608,"/kaggle/input/datasets/arafatrahmann/my-data221/Epic and CSCR hospital Dataset/Train/meningioma/M_882_RO_.jpg",1,meningioma,1,meningioma,0.0173205398,0.9720882177,0.0060730786,0.0045180833
3609,"/kaggle/input/datasets/arafatrahmann/my-data221/Epic and CSCR hospital Dataset/Train/meningioma/M_882_SP_.jpg",1,meningioma,1,meningioma,0.0181621965,0.9712465405,0.0052082362,0.0053829462
3615,"/kaggle/input/datasets/arafatrahmann/my-data221/Epic and CSCR hospital Dataset/Train/meningioma/M_883_RO_.jpg",1,meningioma,1,meningioma,0.0148391519,0.9763711691,0.0060231914,0.0027665389
3621,"/kaggle/input/datasets/arafatrahmann/my-data221/Epic and CSCR hospital Dataset/Train/meningioma/M_884_HF_.jpg",1,meningioma,1,meningioma,0.0125488471,0.9771477580,0.0062653623,0.0040379399
3623,"/kaggle/input/datasets/arafatrahmann/my-data221/Epic and CSCR hospital Dataset/Train/meningioma/M_884_SP_.jpg",1,meningioma,1,meningioma,0.0736143813,0.9101441503,0.0073168902,0.0089246240
3626,"/kaggle/input/datasets/arafatrahmann/my-data221/Epic and CSCR hospital Dataset/Train/meningioma/M_885_BR_.jpg",1,meningioma,1,meningioma,0.0063847741,0.9830251932,0.0074131130,0.0031769623
3628,"/kaggle/input/datasets/arafatrahmann/my-data221/Epic and CSCR hospital Dataset/Train/meningioma/M_885_HF_.jpg",1,meningioma,1,meningioma,0.0074862749,0.9826207161,0.0063765412,0.0035164696
3631,"/kaggle/input/datasets/arafatrahmann/my-data221/Epic and CSCR hospital Dataset/Train/meningioma/M_885_VF_.jpg",1,meningioma,1,meningioma,0.0062470306,0.9833901525,0.0070984503,0.0032643557
3635,"/kaggle/input/datasets/arafatrahmann/my-data221/Epic and CSCR hospital Dataset/Train/meningioma/M_886_HF_.jpg",1,meningioma,1,meningioma,0.0137174921,0.9782062769,0.0055300319,0.0025462897
3638,"/kaggle/input/datasets/arafatrahmann/my-data221/Epic and CSCR hospital Dataset/Train/meningioma/M_886_VF_.jpg",1,meningioma,1,meningioma,0.0621344745,0.9268390536,0.0065267375,0.0044996827
3644,"/kaggle/input/datasets/arafatrahmann/my-data221/Epic and CSCR hospital Dataset/Train/meningioma/M_887_SP_.jpg",1,meningioma,1,meningioma,0.1057887673,0.8794213533,0.0074999346,0.0072899386
3650,"/kaggle/input/datasets/arafatrahmann/my-data221/Epic and CSCR hospital Dataset/Train/meningioma/Te-me_0065.jpg",1,meningioma,1,meningioma,0.0259539243,0.9282503128,0.0274133049,0.0183825120
3653,"/kaggle/input/datasets/arafatrahmann/my-data221/Epic and CSCR hospital Dataset/Train/meningioma/Te-me_0068.jpg",1,meningioma,1,meningioma,0.0071129650,0.9824714661,0.0070787952,0.0033367679
3655,"/kaggle/input/datasets/arafatrahmann/my-data221/Epic and CSCR hospital Dataset/Train/meningioma/Te-me_0070.jpg",1,meningioma,1,meningioma,0.0070376983,0.9812415838,0.0078662913,0.0038543709
3664,"/kaggle/input/datasets/arafatrahmann/my-data221/Epic and CSCR hospital Dataset/Train/meningioma/Te-me_0079.jpg",1,meningioma,1,meningioma,0.0214343891,0.9482320547,0.0142048281,0.0161286853
3666,"/kaggle/input/datasets/arafatrahmann/my-data221/Epic and CSCR hospital Dataset/Train/meningioma/Te-me_0081.jpg",1,meningioma,1,meningioma,0.0189071335,0.9503465891,0.0138834249,0.0168628786
3673,"/kaggle/input/datasets/arafatrahmann/my-data221/Epic and CSCR hospital Dataset/Train/meningioma/Te-me_0088.jpg",1,meningioma,1,meningioma,0.0581618361,0.7852176428,0.0429523513,0.1136681885
3674,"/kaggle/input/datasets/arafatrahmann/my-data221/Epic and CSCR hospital Dataset/Train/meningioma/Te-me_0089.jpg",1,meningioma,1,meningioma,0.0393043794,0.9470615387,0.0080649015,0.0055691246
3681,"/kaggle/input/datasets/arafatrahmann/my-data221/Epic and CSCR hospital Dataset/Train/meningioma/Te-me_0096.jpg",1,meningioma,1,meningioma,0.0701204985,0.8593984842,0.0227014218,0.0477795675
3685,"/kaggle/input/datasets/arafatrahmann/my-data221/Epic and CSCR hospital Dataset/Train/meningioma/Te-me_0100.jpg",1,meningioma,1,meningioma,0.0198932514,0.9515454173,0.0146679189,0.0138934497
3690,"/kaggle/input/datasets/arafatrahmann/my-data221/Epic and CSCR hospital Dataset/Train/meningioma/Te-me_0116.jpg",1,meningioma,1,meningioma,0.0147379143,0.9742757678,0.0064993566,0.0044869012
3694,"/kaggle/input/datasets/arafatrahmann/my-data221/Epic and CSCR hospital Dataset/Train/meningioma/Te-me_0120.jpg",1,meningioma,1,meningioma,0.0335397236,0.9384596944,0.0072063887,0.0207942314
3704,"/kaggle/input/datasets/arafatrahmann/my-data221/Epic and CSCR hospital Dataset/Train/meningioma/Te-me_0130.jpg",1,meningioma,1,meningioma,0.0798659325,0.9070970416,0.0063018352,0.0067352019
3709,"/kaggle/input/datasets/arafatrahmann/my-data221/Epic and CSCR hospital Dataset/Train/meningioma/Te-me_0135.jpg",1,meningioma,1,meningioma,0.0140081542,0.9785731435,0.0045276708,0.0028911044
3714,"/kaggle/input/datasets/arafatrahmann/my-data221/Epic and CSCR hospital Dataset/Train/meningioma/Te-me_0140.jpg",1,meningioma,1,meningioma,0.2559168339,0.7182019949,0.0123407263,0.0135403993
3717,"/kaggle/input/datasets/arafatrahmann/my-data221/Epic and CSCR hospital Dataset/Train/meningioma/Te-me_0143.jpg",1,meningioma,1,meningioma,0.0070477435,0.9711973071,0.0184196960,0.0033352736
3719,"/kaggle/input/datasets/arafatrahmann/my-data221/Epic and CSCR hospital Dataset/Train/meningioma/Te-me_0145.jpg",1,meningioma,1,meningioma,0.0123859914,0.6647306085,0.0332372300,0.2896460891
3725,"/kaggle/input/datasets/arafatrahmann/my-data221/Epic and CSCR hospital Dataset/Train/meningioma/Te-me_0151.jpg",1,meningioma,1,meningioma,0.0111155752,0.9808684587,0.0045343358,0.0034815571
3726,"/kaggle/input/datasets/arafatrahmann/my-data221/Epic and CSCR hospital Dataset/Train/meningioma/Te-me_0152.jpg",1,meningioma,1,meningioma,0.0102833863,0.9806298018,0.0048028613,0.0042839395
3741,"/kaggle/input/datasets/arafatrahmann/my-data221/Epic and CSCR hospital Dataset/Train/meningioma/Te-me_0167.jpg",1,meningioma,1,meningioma,0.0065478729,0.9824719429,0.0059288824,0.0050511919
3747,"/kaggle/input/datasets/arafatrahmann/my-data221/Epic and CSCR hospital Dataset/Train/meningioma/Te-me_0173.jpg",1,meningioma,1,meningioma,0.0068480037,0.9832735062,0.0046791807,0.0051992848
3748,"/kaggle/input/datasets/arafatrahmann/my-data221/Epic and CSCR hospital Dataset/Train/meningioma/Te-me_0174.jpg",1,meningioma,1,meningioma,0.0078383489,0.9829488993,0.0065632449,0.0026495536
3752,"/kaggle/input/datasets/arafatrahmann/my-data221/Epic and CSCR hospital Dataset/Train/meningioma/Te-me_0178.jpg",1,meningioma,1,meningioma,0.0530733988,0.9334512949,0.0073701083,0.0061053592
3756,"/kaggle/input/datasets/arafatrahmann/my-data221/Epic and CSCR hospital Dataset/Train/meningioma/Te-me_0182.jpg",1,meningioma,1,meningioma,0.0153018367,0.9686945081,0.0051920814,0.0108116735
3759,"/kaggle/input/datasets/arafatrahmann/my-data221/Epic and CSCR hospital Dataset/Train/meningioma/Te-me_0185.jpg",1,meningioma,1,meningioma,0.0152667034,0.9760630727,0.0054178699,0.0032524285
3760,"/kaggle/input/datasets/arafatrahmann/my-data221/Epic and CSCR hospital Dataset/Train/meningioma/Te-me_0186.jpg",1,meningioma,1,meningioma,0.0089549031,0.9813864827,0.0050958316,0.0045627607
3770,"/kaggle/input/datasets/arafatrahmann/my-data221/Epic and CSCR hospital Dataset/Train/meningioma/Te-me_0196.jpg",1,meningioma,1,meningioma,0.0315363854,0.7365365624,0.0308050178,0.2011220753
3771,"/kaggle/input/datasets/arafatrahmann/my-data221/Epic and CSCR hospital Dataset/Train/meningioma/Te-me_0197.jpg",1,meningioma,1,meningioma,0.0083151506,0.9826254845,0.0050633322,0.0039960318
3773,"/kaggle/input/datasets/arafatrahmann/my-data221/Epic and CSCR hospital Dataset/Train/meningioma/Te-me_0199.jpg",1,meningioma,1,meningioma,0.0079281591,0.9829107523,0.0056975340,0.0034636322
3774,"/kaggle/input/datasets/arafatrahmann/my-data221/Epic and CSCR hospital Dataset/Train/meningioma/Te-me_0200.jpg",1,meningioma,1,meningioma,0.0124475779,0.9772841334,0.0060850028,0.0041832966
3780,"/kaggle/input/datasets/arafatrahmann/my-data221/Epic and CSCR hospital Dataset/Train/meningioma/Te-me_0206.jpg",1,meningioma,1,meningioma,0.0077990443,0.9829707146,0.0046670279,0.0045633027
3788,"/kaggle/input/datasets/arafatrahmann/my-data221/Epic and CSCR hospital Dataset/Train/meningioma/Te-me_0214.jpg",1,meningioma,1,meningioma,0.0135814305,0.9544636011,0.0063099838,0.0256449971
3791,"/kaggle/input/datasets/arafatrahmann/my-data221/Epic and CSCR hospital Dataset/Train/meningioma/Te-me_0217.jpg",1,meningioma,1,meningioma,0.0083022853,0.9831962585,0.0046118153,0.0038895961
3793,"/kaggle/input/datasets/arafatrahmann/my-data221/Epic and CSCR hospital Dataset/Train/meningioma/Te-me_0219.jpg",1,meningioma,1,meningioma,0.0061852462,0.9809975624,0.0076245656,0.0051926570
3797,"/kaggle/input/datasets/arafatrahmann/my-data221/Epic and CSCR hospital Dataset/Train/meningioma/Te-me_0223.jpg",1,meningioma,1,meningioma,0.0679099932,0.8240373731,0.0132445218,0.0948080271
3798,"/kaggle/input/datasets/arafatrahmann/my-data221/Epic and CSCR hospital Dataset/Train/meningioma/Te-me_0224.jpg",1,meningioma,1,meningioma,0.0115538761,0.9702664614,0.0079868492,0.0101927714
3806,"/kaggle/input/datasets/arafatrahmann/my-data221/Epic and CSCR hospital Dataset/Train/meningioma/Te-me_0232.jpg",1,meningioma,1,meningioma,0.0182940252,0.9715257883,0.0056215888,0.0045587015
3812,"/kaggle/input/datasets/arafatrahmann/my-data221/Epic and CSCR hospital Dataset/Train/meningioma/Te-me_0238.jpg",1,meningioma,1,meningioma,0.0481589809,0.6678907871,0.0346086249,0.2493415773
3813,"/kaggle/input/datasets/arafatrahmann/my-data221/Epic and CSCR hospital Dataset/Train/meningioma/Te-me_0239.jpg",1,meningioma,1,meningioma,0.0725541711,0.6842581034,0.0338406675,0.2093471289
3819,"/kaggle/input/datasets/arafatrahmann/my-data221/Epic and CSCR hospital Dataset/Train/meningioma/Te-me_0245.jpg",1,meningioma,1,meningioma,0.0078898584,0.9828206897,0.0057848119,0.0035045878
3825,"/kaggle/input/datasets/arafatrahmann/my-data221/Epic and CSCR hospital Dataset/Train/meningioma/Te-me_0251.jpg",1,meningioma,1,meningioma,0.0227613337,0.9015420675,0.0130661484,0.0626304001
3827,"/kaggle/input/datasets/arafatrahmann/my-data221/Epic and CSCR hospital Dataset/Train/meningioma/Te-me_0253.jpg",1,meningioma,1,meningioma,0.0393668935,0.9448367357,0.0061269621,0.0096693691
3829,"/kaggle/input/datasets/arafatrahmann/my-data221/Epic and CSCR hospital Dataset/Train/meningioma/Te-me_0255.jpg",1,meningioma,1,meningioma,0.0093990061,0.9758116007,0.0071565369,0.0076329433
3831,"/kaggle/input/datasets/arafatrahmann/my-data221/Epic and CSCR hospital Dataset/Train/meningioma/Te-me_0257.jpg",1,meningioma,1,meningioma,0.0098121958,0.9816390872,0.0053086667,0.0032400843
3835,"/kaggle/input/datasets/arafatrahmann/my-data221/Epic and CSCR hospital Dataset/Train/meningioma/Te-me_0261.jpg",1,meningioma,1,meningioma,0.0092837410,0.9808095098,0.0053415624,0.0045652105
3845,"/kaggle/input/datasets/arafatrahmann/my-data221/Epic and CSCR hospital Dataset/Train/meningioma/Te-me_0282.jpg",1,meningioma,1,meningioma,0.0074053556,0.9795596004,0.0076850438,0.0053498792
3854,"/kaggle/input/datasets/arafatrahmann/my-data221/Epic and CSCR hospital Dataset/Train/meningioma/Te-me_0291.jpg",1,meningioma,1,meningioma,0.0965639800,0.8898857832,0.0073958049,0.0061544171
3859,"/kaggle/input/datasets/arafatrahmann/my-data221/Epic and CSCR hospital Dataset/Train/meningioma/Te-me_0296.jpg",1,meningioma,1,meningioma,0.0067747831,0.9824312329,0.0065694102,0.0042245761
3865,"/kaggle/input/datasets/arafatrahmann/my-data221/Epic and CSCR hospital Dataset/Train/meningioma/Te-me_0302.jpg",1,meningioma,1,meningioma,0.0101529565,0.9826188087,0.0045381929,0.0026900026
3876,"/kaggle/input/datasets/arafatrahmann/my-data221/Epic and CSCR hospital Dataset/Train/meningioma/Tr-me_0038.jpg",1,meningioma,1,meningioma,0.0116094127,0.9812573195,0.0039073145,0.0032260369
3882,"/kaggle/input/datasets/arafatrahmann/my-data221/Epic and CSCR hospital Dataset/Train/meningioma/Tr-me_0074.jpg",1,meningioma,1,meningioma,0.0279424004,0.8532117009,0.0118000600,0.1070458740
3888,"/kaggle/input/datasets/arafatrahmann/my-data221/Epic and CSCR hospital Dataset/Train/meningioma/Tr-me_0080.jpg",1,meningioma,1,meningioma,0.0127727687,0.9776786566,0.0069830054,0.0025655390
3891,"/kaggle/input/datasets/arafatrahmann/my-data221/Epic and CSCR hospital Dataset/Train/meningioma/Tr-me_0083.jpg",1,meningioma,1,meningioma,0.0097999293,0.9827671051,0.0045203054,0.0029127090
3898,"/kaggle/input/datasets/arafatrahmann/my-data221/Epic and CSCR hospital Dataset/Train/meningioma/Tr-me_0090.jpg",1,meningioma,1,meningioma,0.0111456253,0.9790498018,0.0053198449,0.0044847890
3901,"/kaggle/input/datasets/arafatrahmann/my-data221/Epic and CSCR hospital Dataset/Train/meningioma/Tr-me_0093.jpg",1,meningioma,1,meningioma,0.0108067086,0.9761184454,0.0094137117,0.0036610472
3919,"/kaggle/input/datasets/arafatrahmann/my-data221/Epic and CSCR hospital Dataset/Train/meningioma/Tr-me_0111.jpg",1,meningioma,1,meningioma,0.0685716271,0.5836642385,0.0219829082,0.3257812858
3922,"/kaggle/input/datasets/arafatrahmann/my-data221/Epic and CSCR hospital Dataset/Train/meningioma/Tr-me_0114.jpg",1,meningioma,1,meningioma,0.0330152959,0.5628421903,0.0215113498,0.3826311231
3923,"/kaggle/input/datasets/arafatrahmann/my-data221/Epic and CSCR hospital Dataset/Train/meningioma/Tr-me_0115.jpg",1,meningioma,1,meningioma,0.0153746875,0.9334839582,0.0081984662,0.0429427475
3924,"/kaggle/input/datasets/arafatrahmann/my-data221/Epic and CSCR hospital Dataset/Train/meningioma/Tr-me_0116.jpg",1,meningioma,1,meningioma,0.0172386989,0.8858321309,0.0055848784,0.0913442969
3925,"/kaggle/input/datasets/arafatrahmann/my-data221/Epic and CSCR hospital Dataset/Train/meningioma/Tr-me_0119.jpg",1,meningioma,1,meningioma,0.0103627266,0.9789522886,0.0053301291,0.0053549269
3926,"/kaggle/input/datasets/arafatrahmann/my-data221/Epic and CSCR hospital Dataset/Train/meningioma/Tr-me_0120.jpg",1,meningioma,1,meningioma,0.0107703973,0.9805737734,0.0052162018,0.0034396157
3934,"/kaggle/input/datasets/arafatrahmann/my-data221/Epic and CSCR hospital Dataset/Train/meningioma/Tr-me_0128.jpg",1,meningioma,1,meningioma,0.0071179448,0.9808105230,0.0066315993,0.0054398864
3935,"/kaggle/input/datasets/arafatrahmann/my-data221/Epic and CSCR hospital Dataset/Train/meningioma/Tr-me_0129.jpg",1,meningioma,1,meningioma,0.0070890202,0.9790328741,0.0078204470,0.0060576592
3943,"/kaggle/input/datasets/arafatrahmann/my-data221/Epic and CSCR hospital Dataset/Train/meningioma/Tr-me_0137.jpg",1,meningioma,1,meningioma,0.0064364597,0.9836721420,0.0055555571,0.0043358016
3951,"/kaggle/input/datasets/arafatrahmann/my-data221/Epic and CSCR hospital Dataset/Train/meningioma/Tr-me_0145.jpg",1,meningioma,1,meningioma,0.0121991877,0.9789613485,0.0048621232,0.0039773360
3961,"/kaggle/input/datasets/arafatrahmann/my-data221/Epic and CSCR hospital Dataset/Train/meningioma/Tr-me_0155.jpg",1,meningioma,1,meningioma,0.0274630431,0.4917976260,0.0216311775,0.4591081738
3962,"/kaggle/input/datasets/arafatrahmann/my-data221/Epic and CSCR hospital Dataset/Train/meningioma/Tr-me_0156.jpg",1,meningioma,1,meningioma,0.0108497478,0.9425555468,0.0163092408,0.0302854963
3966,"/kaggle/input/datasets/arafatrahmann/my-data221/Epic and CSCR hospital Dataset/Train/meningioma/Tr-me_0160.jpg",1,meningioma,1,meningioma,0.0085112806,0.9773672223,0.0061814189,0.0079401508
3973,"/kaggle/input/datasets/arafatrahmann/my-data221/Epic and CSCR hospital Dataset/Train/meningioma/Tr-me_0167.jpg",1,meningioma,1,meningioma,0.0088096354,0.9811915159,0.0041430448,0.0058558648
3974,"/kaggle/input/datasets/arafatrahmann/my-data221/Epic and CSCR hospital Dataset/Train/meningioma/Tr-me_0168.jpg",1,meningioma,1,meningioma,0.0093539078,0.9812401533,0.0044817477,0.0049242820
3989,"/kaggle/input/datasets/arafatrahmann/my-data221/Epic and CSCR hospital Dataset/Train/meningioma/Tr-me_0183.jpg",1,meningioma,1,meningioma,0.2970356047,0.6834618449,0.0111237299,0.0083788568
3992,"/kaggle/input/datasets/arafatrahmann/my-data221/Epic and CSCR hospital Dataset/Train/meningioma/Tr-me_0186.jpg",1,meningioma,1,meningioma,0.0237304382,0.9647083282,0.0071472675,0.0044139256
4002,"/kaggle/input/datasets/arafatrahmann/my-data221/Epic and CSCR hospital Dataset/Train/meningioma/Tr-me_0196.jpg",1,meningioma,0,glioma,0.9209575653,0.0537194721,0.0092736138,0.0160493590
4003,"/kaggle/input/datasets/arafatrahmann/my-data221/Epic and CSCR hospital Dataset/Train/meningioma/Tr-me_0197.jpg",1,meningioma,1,meningioma,0.3927523494,0.4690896869,0.0266495235,0.1115084141
4011,"/kaggle/input/datasets/arafatrahmann/my-data221/Epic and CSCR hospital Dataset/Train/meningioma/Tr-me_0205.jpg",1,meningioma,1,meningioma,0.0487228781,0.9143756628,0.0152679142,0.0216335356
4024,"/kaggle/input/datasets/arafatrahmann/my-data221/Epic and CSCR hospital Dataset/Train/meningioma/Tr-me_0218.jpg",1,meningioma,1,meningioma,0.0132130282,0.9699679613,0.0101828147,0.0066362000
4025,"/kaggle/input/datasets/arafatrahmann/my-data221/Epic and CSCR hospital Dataset/Train/meningioma/Tr-me_0219.jpg",1,meningioma,1,meningioma,0.0430179909,0.9451799393,0.0076296949,0.0041723656
4032,"/kaggle/input/datasets/arafatrahmann/my-data221/Epic and CSCR hospital Dataset/Train/meningioma/Tr-me_0226.jpg",1,meningioma,1,meningioma,0.0332531780,0.9433444738,0.0188208949,0.0045814114
4042,"/kaggle/input/datasets/arafatrahmann/my-data221/Epic and CSCR hospital Dataset/Train/meningioma/Tr-me_0236.jpg",1,meningioma,1,meningioma,0.3333897889,0.6107098460,0.0228651799,0.0330352373
4045,"/kaggle/input/datasets/arafatrahmann/my-data221/Epic and CSCR hospital Dataset/Train/meningioma/Tr-me_0239.jpg",1,meningioma,0,glioma,0.7430552244,0.2219323218,0.0144195054,0.0205929428
4059,"/kaggle/input/datasets/arafatrahmann/my-data221/Epic and CSCR hospital Dataset/Train/meningioma/Tr-me_0253.jpg",1,meningioma,1,meningioma,0.0229511745,0.9582866430,0.0092105828,0.0095515503
4060,"/kaggle/input/datasets/arafatrahmann/my-data221/Epic and CSCR hospital Dataset/Train/meningioma/Tr-me_0254.jpg",1,meningioma,1,meningioma,0.0421523675,0.9045103788,0.0180573724,0.0352798104
4061,"/kaggle/input/datasets/arafatrahmann/my-data221/Epic and CSCR hospital Dataset/Train/meningioma/Tr-me_0255.jpg",1,meningioma,1,meningioma,0.0139747057,0.9595974088,0.0130264042,0.0134014040
4063,"/kaggle/input/datasets/arafatrahmann/my-data221/Epic and CSCR hospital Dataset/Train/meningioma/Tr-me_0257.jpg",1,meningioma,1,meningioma,0.0180272833,0.9567385912,0.0123620126,0.0128721176
4069,"/kaggle/input/datasets/arafatrahmann/my-data221/Epic and CSCR hospital Dataset/Train/meningioma/Tr-me_0263.jpg",1,meningioma,1,meningioma,0.1765115559,0.7426757812,0.0257210284,0.0550916269
4079,"/kaggle/input/datasets/arafatrahmann/my-data221/Epic and CSCR hospital Dataset/Train/meningioma/Tr-me_0273.jpg",1,meningioma,1,meningioma,0.0623057708,0.8787826300,0.0198742338,0.0390373133
4087,"/kaggle/input/datasets/arafatrahmann/my-data221/Epic and CSCR hospital Dataset/Train/meningioma/Tr-me_0281.jpg",1,meningioma,1,meningioma,0.0596404262,0.8965484500,0.0179607086,0.0258504655
4088,"/kaggle/input/datasets/arafatrahmann/my-data221/Epic and CSCR hospital Dataset/Train/meningioma/Tr-me_0282.jpg",1,meningioma,1,meningioma,0.0572844855,0.9242187738,0.0110657159,0.0074309609
4096,"/kaggle/input/datasets/arafatrahmann/my-data221/Epic and CSCR hospital Dataset/Train/meningioma/Tr-me_0290.jpg",1,meningioma,1,meningioma,0.0102426810,0.9685418010,0.0123284031,0.0088871121
4101,"/kaggle/input/datasets/arafatrahmann/my-data221/Epic and CSCR hospital Dataset/Train/meningioma/Tr-me_0295.jpg",1,meningioma,1,meningioma,0.0137147112,0.9778174162,0.0046998011,0.0037680864
4102,"/kaggle/input/datasets/arafatrahmann/my-data221/Epic and CSCR hospital Dataset/Train/meningioma/Tr-me_0296.jpg",1,meningioma,1,meningioma,0.0192571189,0.9708663821,0.0052909912,0.0045854775
4106,"/kaggle/input/datasets/arafatrahmann/my-data221/Epic and CSCR hospital Dataset/Train/meningioma/Tr-me_0300.jpg",1,meningioma,1,meningioma,0.0115427673,0.9796220660,0.0051646400,0.0036704943
4109,"/kaggle/input/datasets/arafatrahmann/my-data221/Epic and CSCR hospital Dataset/Train/meningioma/Tr-me_0303.jpg",1,meningioma,2,notumor,0.0336242542,0.3287096024,0.6210399866,0.0166261476
4123,"/kaggle/input/datasets/arafatrahmann/my-data221/Epic and CSCR hospital Dataset/Train/meningioma/Tr-me_0317.jpg",1,meningioma,1,meningioma,0.0124361310,0.9662968516,0.0074555492,0.0138113704
4130,"/kaggle/input/datasets/arafatrahmann/my-data221/Epic and CSCR hospital Dataset/Train/meningioma/Tr-me_0324.jpg",1,meningioma,1,meningioma,0.0071457648,0.9837805629,0.0060626557,0.0030109570
4131,"/kaggle/input/datasets/arafatrahmann/my-data221/Epic and CSCR hospital Dataset/Train/meningioma/Tr-me_0325.jpg",1,meningioma,1,meningioma,0.0086800596,0.9828459620,0.0059221690,0.0025517815
4146,"/kaggle/input/datasets/arafatrahmann/my-data221/Epic and CSCR hospital Dataset/Train/meningioma/Tr-me_0340.jpg",1,meningioma,1,meningioma,0.0086328406,0.9832892418,0.0046355547,0.0034424227
4147,"/kaggle/input/datasets/arafatrahmann/my-data221/Epic and CSCR hospital Dataset/Train/meningioma/Tr-me_0341.jpg",1,meningioma,1,meningioma,0.0083287433,0.9814366102,0.0057985000,0.0044361562
4150,"/kaggle/input/datasets/arafatrahmann/my-data221/Epic and CSCR hospital Dataset/Train/meningioma/Tr-me_0344.jpg",1,meningioma,1,meningioma,0.0100023625,0.9803445935,0.0051899897,0.0044631013
4151,"/kaggle/input/datasets/arafatrahmann/my-data221/Epic and CSCR hospital Dataset/Train/meningioma/Tr-me_0345.jpg",1,meningioma,1,meningioma,0.0094707562,0.9812181592,0.0049315346,0.0043795360
4152,"/kaggle/input/datasets/arafatrahmann/my-data221/Epic and CSCR hospital Dataset/Train/meningioma/Tr-me_0346.jpg",1,meningioma,1,meningioma,0.0082050236,0.9793079495,0.0093395784,0.0031474088
4165,"/kaggle/input/datasets/arafatrahmann/my-data221/Epic and CSCR hospital Dataset/Train/meningioma/Tr-me_0359.jpg",1,meningioma,1,meningioma,0.0167241376,0.9611973763,0.0184548888,0.0036235596
4181,"/kaggle/input/datasets/arafatrahmann/my-data221/Epic and CSCR hospital Dataset/Train/meningioma/Tr-me_0375.jpg",1,meningioma,1,meningioma,0.0079403352,0.9822136760,0.0046899556,0.0051560714
4192,"/kaggle/input/datasets/arafatrahmann/my-data221/Epic and CSCR hospital Dataset/Train/meningioma/Tr-me_0386.jpg",1,meningioma,1,meningioma,0.0109900422,0.9804889560,0.0056113889,0.0029095861
4197,"/kaggle/input/datasets/arafatrahmann/my-data221/Epic and CSCR hospital Dataset/Train/meningioma/Tr-me_0391.jpg",1,meningioma,0,glioma,0.5368375182,0.4241543710,0.0251178741,0.0138903093
4198,"/kaggle/input/datasets/arafatrahmann/my-data221/Epic and CSCR hospital Dataset/Train/meningioma/Tr-me_0392.jpg",1,meningioma,1,meningioma,0.0067853914,0.9804216623,0.0059783864,0.0068146167
4203,"/kaggle/input/datasets/arafatrahmann/my-data221/Epic and CSCR hospital Dataset/Train/meningioma/Tr-me_0397.jpg",1,meningioma,1,meningioma,0.0456180163,0.7914550304,0.0193803571,0.1435466558
4214,"/kaggle/input/datasets/arafatrahmann/my-data221/Epic and CSCR hospital Dataset/Train/meningioma/Tr-me_0408.jpg",1,meningioma,1,meningioma,0.0161371101,0.9603549838,0.0069825561,0.0165254362
4215,"/kaggle/input/datasets/arafatrahmann/my-data221/Epic and CSCR hospital Dataset/Train/meningioma/Tr-me_0409.jpg",1,meningioma,1,meningioma,0.0305576585,0.9303992391,0.0120503400,0.0269927140
4216,"/kaggle/input/datasets/arafatrahmann/my-data221/Epic and CSCR hospital Dataset/Train/meningioma/Tr-me_0410.jpg",1,meningioma,1,meningioma,0.0107561145,0.9727140665,0.0085889343,0.0079409238
4221,"/kaggle/input/datasets/arafatrahmann/my-data221/Epic and CSCR hospital Dataset/Train/meningioma/Tr-me_0415.jpg",1,meningioma,1,meningioma,0.0074896044,0.9823511243,0.0054377569,0.0047215545
4224,"/kaggle/input/datasets/arafatrahmann/my-data221/Epic and CSCR hospital Dataset/Train/meningioma/Tr-me_0418.jpg",1,meningioma,1,meningioma,0.0142667871,0.9742264748,0.0061491160,0.0053575933
4230,"/kaggle/input/datasets/arafatrahmann/my-data221/Epic and CSCR hospital Dataset/Train/meningioma/Tr-me_0424.jpg",1,meningioma,1,meningioma,0.0096977344,0.9813925624,0.0052418020,0.0036678705
4231,"/kaggle/input/datasets/arafatrahmann/my-data221/Epic and CSCR hospital Dataset/Train/meningioma/Tr-me_0425.jpg",1,meningioma,1,meningioma,0.0112517420,0.9768723249,0.0048293197,0.0070465719
4235,"/kaggle/input/datasets/arafatrahmann/my-data221/Epic and CSCR hospital Dataset/Train/meningioma/Tr-me_0429.jpg",1,meningioma,1,meningioma,0.0159079283,0.9744006395,0.0048110192,0.0048805033
4238,"/kaggle/input/datasets/arafatrahmann/my-data221/Epic and CSCR hospital Dataset/Train/meningioma/Tr-me_0432.jpg",1,meningioma,1,meningioma,0.0102926586,0.9810905457,0.0050550969,0.0035616171
4239,"/kaggle/input/datasets/arafatrahmann/my-data221/Epic and CSCR hospital Dataset/Train/meningioma/Tr-me_0433.jpg",1,meningioma,1,meningioma,0.0110882316,0.9794917107,0.0054726675,0.0039473926
4243,"/kaggle/input/datasets/arafatrahmann/my-data221/Epic and CSCR hospital Dataset/Train/meningioma/Tr-me_0437.jpg",1,meningioma,1,meningioma,0.0098926546,0.9797407389,0.0055927010,0.0047738929
4253,"/kaggle/input/datasets/arafatrahmann/my-data221/Epic and CSCR hospital Dataset/Train/meningioma/Tr-me_0447.jpg",1,meningioma,1,meningioma,0.0098982099,0.9804088473,0.0058142571,0.0038786544
4254,"/kaggle/input/datasets/arafatrahmann/my-data221/Epic and CSCR hospital Dataset/Train/meningioma/Tr-me_0448.jpg",1,meningioma,1,meningioma,0.0267580338,0.9621513486,0.0056527145,0.0054379599
4255,"/kaggle/input/datasets/arafatrahmann/my-data221/Epic and CSCR hospital Dataset/Train/meningioma/Tr-me_0449.jpg",1,meningioma,1,meningioma,0.0239051189,0.9656640887,0.0056389845,0.0047917762
4259,"/kaggle/input/datasets/arafatrahmann/my-data221/Epic and CSCR hospital Dataset/Train/meningioma/Tr-me_0453.jpg",1,meningioma,1,meningioma,0.0243831500,0.7860999703,0.0247065984,0.1648103297
4268,"/kaggle/input/datasets/arafatrahmann/my-data221/Epic and CSCR hospital Dataset/Train/meningioma/Tr-me_0462.jpg",1,meningioma,1,meningioma,0.0106591582,0.9752380252,0.0047638249,0.0093389517
4269,"/kaggle/input/datasets/arafatrahmann/my-data221/Epic and CSCR hospital Dataset/Train/meningioma/Tr-me_0463.jpg",1,meningioma,1,meningioma,0.0094341580,0.9808875918,0.0048066960,0.0048715724
4290,"/kaggle/input/datasets/arafatrahmann/my-data221/Epic and CSCR hospital Dataset/Train/meningioma/Tr-me_0484.jpg",1,meningioma,1,meningioma,0.0149301291,0.9749861956,0.0053566452,0.0047270600
4308,"/kaggle/input/datasets/arafatrahmann/my-data221/Epic and CSCR hospital Dataset/Train/meningioma/Tr-me_0502.jpg",1,meningioma,1,meningioma,0.0618320480,0.9104612470,0.0104793375,0.0172274094
4311,"/kaggle/input/datasets/arafatrahmann/my-data221/Epic and CSCR hospital Dataset/Train/meningioma/Tr-me_0505.jpg",1,meningioma,1,meningioma,0.0094062397,0.9805175066,0.0049516009,0.0051247412
4312,"/kaggle/input/datasets/arafatrahmann/my-data221/Epic and CSCR hospital Dataset/Train/meningioma/Tr-me_0506.jpg",1,meningioma,1,meningioma,0.0091848401,0.9812571406,0.0057872264,0.0037708245
4313,"/kaggle/input/datasets/arafatrahmann/my-data221/Epic and CSCR hospital Dataset/Train/meningioma/Tr-me_0507.jpg",1,meningioma,1,meningioma,0.0071363724,0.9821475744,0.0072365007,0.0034795571
4324,"/kaggle/input/datasets/arafatrahmann/my-data221/Epic and CSCR hospital Dataset/Train/meningioma/Tr-me_0518.jpg",1,meningioma,1,meningioma,0.0168114174,0.9731243253,0.0054223491,0.0046419054
4326,"/kaggle/input/datasets/arafatrahmann/my-data221/Epic and CSCR hospital Dataset/Train/meningioma/Tr-me_0520.jpg",1,meningioma,1,meningioma,0.0085667949,0.9780250788,0.0061781714,0.0072299400
4332,"/kaggle/input/datasets/arafatrahmann/my-data221/Epic and CSCR hospital Dataset/Train/meningioma/Tr-me_0526.jpg",1,meningioma,1,meningioma,0.0088023981,0.9819746017,0.0055725779,0.0036503181
4334,"/kaggle/input/datasets/arafatrahmann/my-data221/Epic and CSCR hospital Dataset/Train/meningioma/Tr-me_0528.jpg",1,meningioma,1,meningioma,0.0119038140,0.9798839688,0.0045800284,0.0036322761
4336,"/kaggle/input/datasets/arafatrahmann/my-data221/Epic and CSCR hospital Dataset/Train/meningioma/Tr-me_0530.jpg",1,meningioma,1,meningioma,0.0099596260,0.9814494848,0.0051167691,0.0034740649
4338,"/kaggle/input/datasets/arafatrahmann/my-data221/Epic and CSCR hospital Dataset/Train/meningioma/Tr-me_0532.jpg",1,meningioma,1,meningioma,0.0149186496,0.9756733775,0.0045938892,0.0048140651
4350,"/kaggle/input/datasets/arafatrahmann/my-data221/Epic and CSCR hospital Dataset/Train/meningioma/Tr-me_0544.jpg",1,meningioma,1,meningioma,0.0080449218,0.9831809998,0.0042504398,0.0045236601
4351,"/kaggle/input/datasets/arafatrahmann/my-data221/Epic and CSCR hospital Dataset/Train/meningioma/Tr-me_0545.jpg",1,meningioma,1,meningioma,0.0155333076,0.9649979472,0.0065654777,0.0129033029
4355,"/kaggle/input/datasets/arafatrahmann/my-data221/Epic and CSCR hospital Dataset/Train/meningioma/Tr-me_0549.jpg",1,meningioma,1,meningioma,0.0074787000,0.9813469052,0.0066095861,0.0045649642
4358,"/kaggle/input/datasets/arafatrahmann/my-data221/Epic and CSCR hospital Dataset/Train/meningioma/Tr-me_0552.jpg",1,meningioma,1,meningioma,0.0064223013,0.9823621511,0.0071646073,0.0040508648
4367,"/kaggle/input/datasets/arafatrahmann/my-data221/Epic and CSCR hospital Dataset/Train/meningioma/Tr-me_0561.jpg",1,meningioma,1,meningioma,0.0110359192,0.9780181646,0.0060037510,0.0049422197
4380,"/kaggle/input/datasets/arafatrahmann/my-data221/Epic and CSCR hospital Dataset/Train/meningioma/Tr-me_0574.jpg",1,meningioma,1,meningioma,0.0074477927,0.9835842848,0.0058114259,0.0031564787
4382,"/kaggle/input/datasets/arafatrahmann/my-data221/Epic and CSCR hospital Dataset/Train/meningioma/Tr-me_0576.jpg",1,meningioma,1,meningioma,0.0082914289,0.9831491709,0.0046350816,0.0039243205
4385,"/kaggle/input/datasets/arafatrahmann/my-data221/Epic and CSCR hospital Dataset/Train/meningioma/Tr-me_0579.jpg",1,meningioma,1,meningioma,0.0103242472,0.9808465242,0.0054385457,0.0033906556
4388,"/kaggle/input/datasets/arafatrahmann/my-data221/Epic and CSCR hospital Dataset/Train/meningioma/Tr-me_0594.jpg",1,meningioma,1,meningioma,0.0179551784,0.8270704150,0.1466034204,0.0083710151
4389,"/kaggle/input/datasets/arafatrahmann/my-data221/Epic and CSCR hospital Dataset/Train/meningioma/Tr-me_0595.jpg",1,meningioma,1,meningioma,0.0070102988,0.9817045331,0.0081952307,0.0030898978
4395,"/kaggle/input/datasets/arafatrahmann/my-data221/Epic and CSCR hospital Dataset/Train/meningioma/Tr-me_0601.jpg",1,meningioma,1,meningioma,0.0135594439,0.9760063291,0.0047146692,0.0057195975
4396,"/kaggle/input/datasets/arafatrahmann/my-data221/Epic and CSCR hospital Dataset/Train/meningioma/Tr-me_0602.jpg",1,meningioma,1,meningioma,0.0952026546,0.8499420285,0.0113600921,0.0434953049
4398,"/kaggle/input/datasets/arafatrahmann/my-data221/Epic and CSCR hospital Dataset/Train/meningioma/Tr-me_0604.jpg",1,meningioma,1,meningioma,0.0066594868,0.9837335348,0.0060815923,0.0035252895
4400,"/kaggle/input/datasets/arafatrahmann/my-data221/Epic and CSCR hospital Dataset/Train/meningioma/Tr-me_0606.jpg",1,meningioma,1,meningioma,0.0067870901,0.9837033153,0.0063013099,0.0032081648
4411,"/kaggle/input/datasets/arafatrahmann/my-data221/Epic and CSCR hospital Dataset/Train/meningioma/Tr-me_0617.jpg",1,meningioma,1,meningioma,0.0307433121,0.9585679173,0.0060544913,0.0046343002
4415,"/kaggle/input/datasets/arafatrahmann/my-data221/Epic and CSCR hospital Dataset/Train/meningioma/Tr-me_0621.jpg",1,meningioma,1,meningioma,0.0064949347,0.9859301448,0.0036566239,0.0039183302
4417,"/kaggle/input/datasets/arafatrahmann/my-data221/Epic and CSCR hospital Dataset/Train/meningioma/Tr-me_0623.jpg",1,meningioma,1,meningioma,0.0099249464,0.9138110280,0.0060341582,0.0702299252
4418,"/kaggle/input/datasets/arafatrahmann/my-data221/Epic and CSCR hospital Dataset/Train/meningioma/Tr-me_0624.jpg",1,meningioma,3,pituitary,0.0091954498,0.3050888479,0.0082351780,0.6774805784
4419,"/kaggle/input/datasets/arafatrahmann/my-data221/Epic and CSCR hospital Dataset/Train/meningioma/Tr-me_0759.jpg",1,meningioma,1,meningioma,0.0096674059,0.9819589853,0.0051155193,0.0032581470
4434,"/kaggle/input/datasets/arafatrahmann/my-data221/Epic and CSCR hospital Dataset/Train/meningioma/Tr-me_0804.jpg",1,meningioma,1,meningioma,0.0158829652,0.9758135676,0.0046321400,0.0036713663
4453,"/kaggle/input/datasets/arafatrahmann/my-data221/Epic and CSCR hospital Dataset/Train/meningioma/Tr-me_0823.jpg",1,meningioma,3,pituitary,0.0076005482,0.0954003707,0.0089616217,0.8880373836
4456,"/kaggle/input/datasets/arafatrahmann/my-data221/Epic and CSCR hospital Dataset/Train/meningioma/Tr-me_0826.jpg",1,meningioma,1,meningioma,0.0271797534,0.6600410938,0.0267335214,0.2860456109
4457,"/kaggle/input/datasets/arafatrahmann/my-data221/Epic and CSCR hospital Dataset/Train/meningioma/Tr-me_0827.jpg",1,meningioma,1,meningioma,0.0093865357,0.9784709215,0.0084509682,0.0036916626
4463,"/kaggle/input/datasets/arafatrahmann/my-data221/Epic and CSCR hospital Dataset/Train/meningioma/Tr-me_0833.jpg",1,meningioma,1,meningioma,0.0104195811,0.9809171557,0.0047116335,0.0039515523
4465,"/kaggle/input/datasets/arafatrahmann/my-data221/Epic and CSCR hospital Dataset/Train/meningioma/Tr-me_0835.jpg",1,meningioma,1,meningioma,0.0132585196,0.9740940332,0.0054693939,0.0071781026
4469,"/kaggle/input/datasets/arafatrahmann/my-data221/Epic and CSCR hospital Dataset/Train/meningioma/Tr-me_0839.jpg",1,meningioma,1,meningioma,0.0098448377,0.9804573059,0.0057949433,0.0039029177
4473,"/kaggle/input/datasets/arafatrahmann/my-data221/Epic and CSCR hospital Dataset/Train/meningioma/Tr-me_0843.jpg",1,meningioma,1,meningioma,0.0108670136,0.9810456038,0.0041179089,0.0039694300
4485,"/kaggle/input/datasets/arafatrahmann/my-data221/Epic and CSCR hospital Dataset/Train/meningioma/Tr-me_0855.jpg",1,meningioma,1,meningioma,0.0098813251,0.9789996147,0.0055974429,0.0055216039
4488,"/kaggle/input/datasets/arafatrahmann/my-data221/Epic and CSCR hospital Dataset/Train/meningioma/Tr-me_0858.jpg",1,meningioma,1,meningioma,0.3831500411,0.5721208453,0.0140966233,0.0306324419
4490,"/kaggle/input/datasets/arafatrahmann/my-data221/Epic and CSCR hospital Dataset/Train/meningioma/Tr-me_0860.jpg",1,meningioma,1,meningioma,0.0162187330,0.9750175476,0.0052106776,0.0035531041
4494,"/kaggle/input/datasets/arafatrahmann/my-data221/Epic and CSCR hospital Dataset/Train/meningioma/Tr-me_0864.jpg",1,meningioma,1,meningioma,0.0064530550,0.9810878634,0.0069404589,0.0055187354
4502,"/kaggle/input/datasets/arafatrahmann/my-data221/Epic and CSCR hospital Dataset/Train/meningioma/Tr-me_0872.jpg",1,meningioma,1,meningioma,0.0119313635,0.9782963991,0.0053812824,0.0043909200
4506,"/kaggle/input/datasets/arafatrahmann/my-data221/Epic and CSCR hospital Dataset/Train/meningioma/Tr-me_0876.jpg",1,meningioma,1,meningioma,0.0089332219,0.9820149541,0.0057325773,0.0033192881
4509,"/kaggle/input/datasets/arafatrahmann/my-data221/Epic and CSCR hospital Dataset/Train/meningioma/Tr-me_0879.jpg",1,meningioma,1,meningioma,0.0082912585,0.9803346395,0.0058670943,0.0055070096
4518,"/kaggle/input/datasets/arafatrahmann/my-data221/Epic and CSCR hospital Dataset/Train/meningioma/Tr-me_0888.jpg",1,meningioma,1,meningioma,0.0077936328,0.9788293839,0.0058637783,0.0075131864
4523,"/kaggle/input/datasets/arafatrahmann/my-data221/Epic and CSCR hospital Dataset/Train/meningioma/Tr-me_0893.jpg",1,meningioma,1,meningioma,0.0167817809,0.9752502441,0.0045886510,0.0033793121
4531,"/kaggle/input/datasets/arafatrahmann/my-data221/Epic and CSCR hospital Dataset/Train/meningioma/Tr-me_0901.jpg",1,meningioma,1,meningioma,0.0287377592,0.9379469752,0.0058082556,0.0275069419
4546,"/kaggle/input/datasets/arafatrahmann/my-data221/Epic and CSCR hospital Dataset/Train/meningioma/Tr-me_0916.jpg",1,meningioma,1,meningioma,0.0167021807,0.9715111852,0.0070238821,0.0047627171
4548,"/kaggle/input/datasets/arafatrahmann/my-data221/Epic and CSCR hospital Dataset/Train/meningioma/Tr-me_0918.jpg",1,meningioma,1,meningioma,0.0083562890,0.9820365906,0.0049300632,0.0046771402
4551,"/kaggle/input/datasets/arafatrahmann/my-data221/Epic and CSCR hospital Dataset/Train/meningioma/Tr-me_0921.jpg",1,meningioma,1,meningioma,0.1100394502,0.8659875989,0.0068532065,0.0171197765
4555,"/kaggle/input/datasets/arafatrahmann/my-data221/Epic and CSCR hospital Dataset/Train/meningioma/Tr-me_0925.jpg",1,meningioma,1,meningioma,0.0124380775,0.9780690074,0.0063964399,0.0030964622
4559,"/kaggle/input/datasets/arafatrahmann/my-data221/Epic and CSCR hospital Dataset/Train/meningioma/Tr-me_0929.jpg",1,meningioma,1,meningioma,0.0141983135,0.9579227567,0.0060167196,0.0218622722
4564,"/kaggle/input/datasets/arafatrahmann/my-data221/Epic and CSCR hospital Dataset/Train/meningioma/Tr-me_0934.jpg",1,meningioma,1,meningioma,0.0228021629,0.9597278833,0.0074461326,0.0100238565
4570,"/kaggle/input/datasets/arafatrahmann/my-data221/Epic and CSCR hospital Dataset/Train/meningioma/Tr-me_0940.jpg",1,meningioma,1,meningioma,0.0159994774,0.9169184566,0.0118905790,0.0551914647
4577,"/kaggle/input/datasets/arafatrahmann/my-data221/Epic and CSCR hospital Dataset/Train/meningioma/Tr-me_0947.jpg",1,meningioma,1,meningioma,0.0075448686,0.9822369814,0.0052565951,0.0049615214
4578,"/kaggle/input/datasets/arafatrahmann/my-data221/Epic and CSCR hospital Dataset/Train/meningioma/Tr-me_0948.jpg",1,meningioma,1,meningioma,0.0380619131,0.9462271929,0.0055962019,0.0101146782
4582,"/kaggle/input/datasets/arafatrahmann/my-data221/Epic and CSCR hospital Dataset/Train/meningioma/Tr-me_0952.jpg",1,meningioma,1,meningioma,0.0084935939,0.9722523689,0.0141955446,0.0050584935
4585,"/kaggle/input/datasets/arafatrahmann/my-data221/Epic and CSCR hospital Dataset/Train/meningioma/Tr-me_0955.jpg",1,meningioma,1,meningioma,0.0126452148,0.9773112535,0.0038917258,0.0061517246
4587,"/kaggle/input/datasets/arafatrahmann/my-data221/Epic and CSCR hospital Dataset/Train/meningioma/Tr-me_0957.jpg",1,meningioma,1,meningioma,0.0145831164,0.9744651914,0.0064933887,0.0044582295
4602,"/kaggle/input/datasets/arafatrahmann/my-data221/Epic and CSCR hospital Dataset/Train/meningioma/Tr-me_0972.jpg",1,meningioma,1,meningioma,0.0110147949,0.9789220691,0.0055524157,0.0045106704
4616,"/kaggle/input/datasets/arafatrahmann/my-data221/Epic and CSCR hospital Dataset/Train/meningioma/Tr-me_0986.jpg",1,meningioma,1,meningioma,0.0089622950,0.9827990532,0.0045239553,0.0037147563
4618,"/kaggle/input/datasets/arafatrahmann/my-data221/Epic and CSCR hospital Dataset/Train/meningioma/Tr-me_0988.jpg",1,meningioma,1,meningioma,0.0101171415,0.9810605049,0.0053826463,0.0034396530
4620,"/kaggle/input/datasets/arafatrahmann/my-data221/Epic and CSCR hospital Dataset/Train/meningioma/Tr-me_0990.jpg",1,meningioma,1,meningioma,0.0074516544,0.9831680059,0.0054599284,0.0039204322
4627,"/kaggle/input/datasets/arafatrahmann/my-data221/Epic and CSCR hospital Dataset/Train/meningioma/Tr-me_0997.jpg",1,meningioma,1,meningioma,0.0153118968,0.9705817103,0.0046596276,0.0094467252
4628,"/kaggle/input/datasets/arafatrahmann/my-data221/Epic and CSCR hospital Dataset/Train/meningioma/Tr-me_0998.jpg",1,meningioma,1,meningioma,0.0132448375,0.9711864591,0.0046836571,0.0108851241
4635,"/kaggle/input/datasets/arafatrahmann/my-data221/Epic and CSCR hospital Dataset/Train/meningioma/Tr-me_1005.jpg",1,meningioma,1,meningioma,0.0084179547,0.9806648493,0.0067983055,0.0041189035
4637,"/kaggle/input/datasets/arafatrahmann/my-data221/Epic and CSCR hospital Dataset/Train/meningioma/Tr-me_1007.jpg",1,meningioma,1,meningioma,0.0073780753,0.9799057841,0.0082111014,0.0045050988
4642,"/kaggle/input/datasets/arafatrahmann/my-data221/Epic and CSCR hospital Dataset/Train/meningioma/Tr-me_1012.jpg",1,meningioma,1,meningioma,0.0133649437,0.9732631445,0.0049097487,0.0084622195
4643,"/kaggle/input/datasets/arafatrahmann/my-data221/Epic and CSCR hospital Dataset/Train/meningioma/Tr-me_1013.jpg",1,meningioma,1,meningioma,0.0115218097,0.9764064550,0.0049885493,0.0070832176
4653,"/kaggle/input/datasets/arafatrahmann/my-data221/Epic and CSCR hospital Dataset/Train/meningioma/Tr-me_1023.jpg",1,meningioma,1,meningioma,0.0079628509,0.9835259318,0.0046856469,0.0038256429
4659,"/kaggle/input/datasets/arafatrahmann/my-data221/Epic and CSCR hospital Dataset/Train/meningioma/Tr-me_1029.jpg",1,meningioma,1,meningioma,0.0134906862,0.9684300423,0.0097300196,0.0083492883
4662,"/kaggle/input/datasets/arafatrahmann/my-data221/Epic and CSCR hospital Dataset/Train/meningioma/Tr-me_1032.jpg",1,meningioma,1,meningioma,0.0095527004,0.9629384875,0.0059144488,0.0215943363
4663,"/kaggle/input/datasets/arafatrahmann/my-data221/Epic and CSCR hospital Dataset/Train/meningioma/Tr-me_1033.jpg",1,meningioma,1,meningioma,0.0098474910,0.9804809690,0.0058543524,0.0038171348
4667,"/kaggle/input/datasets/arafatrahmann/my-data221/Epic and CSCR hospital Dataset/Train/meningioma/Tr-me_1037.jpg",1,meningioma,1,meningioma,0.0293882731,0.5948893428,0.0224197321,0.3533025980
4673,"/kaggle/input/datasets/arafatrahmann/my-data221/Epic and CSCR hospital Dataset/Train/meningioma/Tr-me_1043.jpg",1,meningioma,1,meningioma,0.0201935284,0.9694444537,0.0054171146,0.0049448949
4682,"/kaggle/input/datasets/arafatrahmann/my-data221/Epic and CSCR hospital Dataset/Train/meningioma/Tr-me_1052.jpg",1,meningioma,1,meningioma,0.0104693100,0.9814531207,0.0047981073,0.0032795318
4697,"/kaggle/input/datasets/arafatrahmann/my-data221/Epic and CSCR hospital Dataset/Train/meningioma/Tr-me_1067.jpg",1,meningioma,1,meningioma,0.0184662677,0.7324678898,0.0134824011,0.2355834693
4701,"/kaggle/input/datasets/arafatrahmann/my-data221/Epic and CSCR hospital Dataset/Train/meningioma/Tr-me_1071.jpg",1,meningioma,1,meningioma,0.0129207317,0.9568712115,0.0055279993,0.0246800575
4708,"/kaggle/input/datasets/arafatrahmann/my-data221/Epic and CSCR hospital Dataset/Train/meningioma/Tr-me_1082.jpg",1,meningioma,1,meningioma,0.0070278719,0.9831588864,0.0060100397,0.0038032378
4713,"/kaggle/input/datasets/arafatrahmann/my-data221/Epic and CSCR hospital Dataset/Train/meningioma/Tr-me_1096.jpg",1,meningioma,1,meningioma,0.0382950418,0.6153570414,0.0240507387,0.3222971857
4717,"/kaggle/input/datasets/arafatrahmann/my-data221/Epic and CSCR hospital Dataset/Train/meningioma/Tr-me_1100.jpg",1,meningioma,1,meningioma,0.0070916498,0.9831775427,0.0066404911,0.0030902498
4718,"/kaggle/input/datasets/arafatrahmann/my-data221/Epic and CSCR hospital Dataset/Train/meningioma/Tr-me_1101.jpg",1,meningioma,1,meningioma,0.0092891604,0.9817096591,0.0051137260,0.0038874068
4719,"/kaggle/input/datasets/arafatrahmann/my-data221/Epic and CSCR hospital Dataset/Train/meningioma/Tr-me_1102.jpg",1,meningioma,1,meningioma,0.0096330689,0.9796592593,0.0058785090,0.0048291781
4720,"/kaggle/input/datasets/arafatrahmann/my-data221/Epic and CSCR hospital Dataset/Train/meningioma/Tr-me_1103.jpg",1,meningioma,1,meningioma,0.0079448018,0.9734023809,0.0064025619,0.0122501897
4731,"/kaggle/input/datasets/arafatrahmann/my-data221/Epic and CSCR hospital Dataset/Train/meningioma/Tr-me_1114.jpg",1,meningioma,1,meningioma,0.0505477600,0.8837915659,0.0137466667,0.0519141555
4737,"/kaggle/input/datasets/arafatrahmann/my-data221/Epic and CSCR hospital Dataset/Train/meningioma/Tr-me_1120.jpg",1,meningioma,1,meningioma,0.0132734673,0.9767597318,0.0048501478,0.0051167673
4740,"/kaggle/input/datasets/arafatrahmann/my-data221/Epic and CSCR hospital Dataset/Train/meningioma/Tr-me_1123.jpg",1,meningioma,1,meningioma,0.0135848615,0.9770226479,0.0048866472,0.0045058625
4749,"/kaggle/input/datasets/arafatrahmann/my-data221/Epic and CSCR hospital Dataset/Train/meningioma/Tr-me_1132.jpg",1,meningioma,1,meningioma,0.0101316925,0.9804087877,0.0063389847,0.0031205569
4758,"/kaggle/input/datasets/arafatrahmann/my-data221/Epic and CSCR hospital Dataset/Train/meningioma/Tr-me_1141.jpg",1,meningioma,1,meningioma,0.0079323631,0.9840197563,0.0049931179,0.0030547306
4767,"/kaggle/input/datasets/arafatrahmann/my-data221/Epic and CSCR hospital Dataset/Train/meningioma/Tr-me_1150.jpg",1,meningioma,1,meningioma,0.0377439484,0.8669549823,0.0176995639,0.0776015073
4771,"/kaggle/input/datasets/arafatrahmann/my-data221/Epic and CSCR hospital Dataset/Train/meningioma/Tr-me_1154.jpg",1,meningioma,1,meningioma,0.0102543030,0.9820719957,0.0045744199,0.0030993153
4773,"/kaggle/input/datasets/arafatrahmann/my-data221/Epic and CSCR hospital Dataset/Train/meningioma/Tr-me_1156.jpg",1,meningioma,1,meningioma,0.0187600050,0.8910051584,0.0130747780,0.0771599784
4782,"/kaggle/input/datasets/arafatrahmann/my-data221/Epic and CSCR hospital Dataset/Train/meningioma/Tr-me_1165.jpg",1,meningioma,1,meningioma,0.0082176020,0.9828646779,0.0053964630,0.0035212128
4793,"/kaggle/input/datasets/arafatrahmann/my-data221/Epic and CSCR hospital Dataset/Train/meningioma/Tr-me_1177.jpg",1,meningioma,1,meningioma,0.0070257438,0.9789314270,0.0056146025,0.0084282150
4798,"/kaggle/input/datasets/arafatrahmann/my-data221/Epic and CSCR hospital Dataset/Train/meningioma/Tr-me_1182.jpg",1,meningioma,1,meningioma,0.0079093687,0.9758485556,0.0080803577,0.0081617432
4806,"/kaggle/input/datasets/arafatrahmann/my-data221/Epic and CSCR hospital Dataset/Train/meningioma/Tr-me_1190.jpg",1,meningioma,1,meningioma,0.0086771911,0.9704022408,0.0126706287,0.0082499655
4812,"/kaggle/input/datasets/arafatrahmann/my-data221/Epic and CSCR hospital Dataset/Train/meningioma/Tr-me_1196.jpg",1,meningioma,1,meningioma,0.0087737571,0.9828418493,0.0053099371,0.0030743908
4814,"/kaggle/input/datasets/arafatrahmann/my-data221/Epic and CSCR hospital Dataset/Train/meningioma/Tr-me_1198.jpg",1,meningioma,1,meningioma,0.0079783052,0.9830290675,0.0058612251,0.0031314120
4823,"/kaggle/input/datasets/arafatrahmann/my-data221/Epic and CSCR hospital Dataset/Train/meningioma/Tr-me_1207.jpg",1,meningioma,1,meningioma,0.0080834106,0.9828292727,0.0057695555,0.0033176984
4826,"/kaggle/input/datasets/arafatrahmann/my-data221/Epic and CSCR hospital Dataset/Train/meningioma/Tr-me_1210.jpg",1,meningioma,1,meningioma,0.0110449111,0.9759277105,0.0067114555,0.0063158972
4841,"/kaggle/input/datasets/arafatrahmann/my-data221/Epic and CSCR hospital Dataset/Train/meningioma/Tr-me_1226.jpg",1,meningioma,1,meningioma,0.0065613715,0.9822839499,0.0067505068,0.0044040708
4845,"/kaggle/input/datasets/arafatrahmann/my-data221/Epic and CSCR hospital Dataset/Train/meningioma/Tr-me_1231.jpg",1,meningioma,1,meningioma,0.0110375937,0.9795198441,0.0052452041,0.0041974699
4850,"/kaggle/input/datasets/arafatrahmann/my-data221/Epic and CSCR hospital Dataset/Train/meningioma/Tr-me_1237.jpg",1,meningioma,1,meningioma,0.0096282475,0.9804805517,0.0049162498,0.0049749138
4855,"/kaggle/input/datasets/arafatrahmann/my-data221/Epic and CSCR hospital Dataset/Train/meningioma/Tr-me_1244.jpg",1,meningioma,1,meningioma,0.0088475300,0.9833911061,0.0047834842,0.0029779873
4859,"/kaggle/input/datasets/arafatrahmann/my-data221/Epic and CSCR hospital Dataset/Train/meningioma/Tr-me_1248.jpg",1,meningioma,1,meningioma,0.0188008938,0.9720329046,0.0052895444,0.0038767257
4861,"/kaggle/input/datasets/arafatrahmann/my-data221/Epic and CSCR hospital Dataset/Train/meningioma/Tr-me_1250.jpg",1,meningioma,1,meningioma,0.0066856644,0.9836806059,0.0053353333,0.0042984607
4869,"/kaggle/input/datasets/arafatrahmann/my-data221/Epic and CSCR hospital Dataset/Train/meningioma/Tr-me_1260.jpg",1,meningioma,1,meningioma,0.0081277397,0.9827499390,0.0055867098,0.0035356167
4881,"/kaggle/input/datasets/arafatrahmann/my-data221/Epic and CSCR hospital Dataset/Train/meningioma/Tr-me_1294.jpg",1,meningioma,1,meningioma,0.0139896274,0.9778572917,0.0053697801,0.0027832924
4885,"/kaggle/input/datasets/arafatrahmann/my-data221/Epic and CSCR hospital Dataset/Train/meningioma/Tr-me_1298.jpg",1,meningioma,1,meningioma,0.0171156526,0.9748489261,0.0048881425,0.0031472750
4887,"/kaggle/input/datasets/arafatrahmann/my-data221/Epic and CSCR hospital Dataset/Train/meningioma/Tr-me_1300.jpg",1,meningioma,1,meningioma,0.0212115105,0.9702833295,0.0046865460,0.0038186510
4892,"/kaggle/input/datasets/arafatrahmann/my-data221/Epic and CSCR hospital Dataset/Train/meningioma/Tr-me_1338.jpg",1,meningioma,1,meningioma,0.0135711357,0.9757711291,0.0044996021,0.0061580339
4898,"/kaggle/input/datasets/arafatrahmann/my-data221/Epic and CSCR hospital Dataset/Train/meningioma/m1(6).jpg",1,meningioma,1,meningioma,0.0128192082,0.6647322774,0.0325854905,0.2898630500
4901,"/kaggle/input/datasets/arafatrahmann/my-data221/Epic and CSCR hospital Dataset/Train/meningioma/m1(71).jpg",1,meningioma,1,meningioma,0.0101946080,0.9802975655,0.0048442553,0.0046635536
4906,"/kaggle/input/datasets/arafatrahmann/my-data221/Epic and CSCR hospital Dataset/Train/meningioma/m1(76).jpg",1,meningioma,1,meningioma,0.0095796390,0.9809630513,0.0058048991,0.0036524944
4912,"/kaggle/input/datasets/arafatrahmann/my-data221/Epic and CSCR hospital Dataset/Train/meningioma/m1(81).jpg",1,meningioma,1,meningioma,0.0151390461,0.9759954214,0.0052226987,0.0036427653
4914,"/kaggle/input/datasets/arafatrahmann/my-data221/Epic and CSCR hospital Dataset/Train/meningioma/m1(83).jpg",1,meningioma,1,meningioma,0.0454992540,0.9444062114,0.0058088982,0.0042856494
4937,"/kaggle/input/datasets/arafatrahmann/my-data221/Epic and CSCR hospital Dataset/Train/meningioma/m2 (103).jpg",1,meningioma,1,meningioma,0.0102215223,0.9784828424,0.0071725263,0.0041231504
4938,"/kaggle/input/datasets/arafatrahmann/my-data221/Epic and CSCR hospital Dataset/Train/meningioma/m2 (104).jpg",1,meningioma,1,meningioma,0.0109617990,0.9779462814,0.0061781532,0.0049138227
4945,"/kaggle/input/datasets/arafatrahmann/my-data221/Epic and CSCR hospital Dataset/Train/meningioma/m2 (110).jpg",1,meningioma,1,meningioma,0.0340608209,0.7911095023,0.0178357456,0.1569938511
4946,"/kaggle/input/datasets/arafatrahmann/my-data221/Epic and CSCR hospital Dataset/Train/meningioma/m2 (111).jpg",1,meningioma,1,meningioma,0.0216524601,0.9684576988,0.0058390424,0.0040506413
4948,"/kaggle/input/datasets/arafatrahmann/my-data221/Epic and CSCR hospital Dataset/Train/meningioma/m2 (113).jpg",1,meningioma,1,meningioma,0.0081628468,0.9810161591,0.0076827332,0.0031381189
4952,"/kaggle/input/datasets/arafatrahmann/my-data221/Epic and CSCR hospital Dataset/Train/meningioma/m2 (117).jpg",1,meningioma,1,meningioma,0.0078857150,0.9802860022,0.0045368834,0.0072913291
4963,"/kaggle/input/datasets/arafatrahmann/my-data221/Epic and CSCR hospital Dataset/Train/meningioma/m2 (127).jpg",1,meningioma,1,meningioma,0.0081398971,0.9819934964,0.0057912916,0.0040753270
4966,"/kaggle/input/datasets/arafatrahmann/my-data221/Epic and CSCR hospital Dataset/Train/meningioma/m2 (13).jpg",1,meningioma,1,meningioma,0.0071112355,0.9833289981,0.0056326082,0.0039269975
4980,"/kaggle/input/datasets/arafatrahmann/my-data221/Epic and CSCR hospital Dataset/Train/meningioma/m2 (142).jpg",1,meningioma,1,meningioma,0.0193647426,0.9695458412,0.0049669398,0.0061224671
4984,"/kaggle/input/datasets/arafatrahmann/my-data221/Epic and CSCR hospital Dataset/Train/meningioma/m2 (146).jpg",1,meningioma,1,meningioma,0.0084499801,0.9761139750,0.0099398214,0.0054963198
4991,"/kaggle/input/datasets/arafatrahmann/my-data221/Epic and CSCR hospital Dataset/Train/meningioma/m2 (152).jpg",1,meningioma,1,meningioma,0.0082684020,0.9824374318,0.0057405597,0.0035537102
4997,"/kaggle/input/datasets/arafatrahmann/my-data221/Epic and CSCR hospital Dataset/Train/meningioma/m2 (158).jpg",1,meningioma,1,meningioma,0.0111007504,0.9794682264,0.0054778275,0.0039531859
5001,"/kaggle/input/datasets/arafatrahmann/my-data221/Epic and CSCR hospital Dataset/Train/meningioma/m2 (161).jpg",1,meningioma,1,meningioma,0.0099033695,0.9797175527,0.0055948077,0.0047841468
5006,"/kaggle/input/datasets/arafatrahmann/my-data221/Epic and CSCR hospital Dataset/Train/meningioma/m2 (166).jpg",1,meningioma,1,meningioma,0.0078954082,0.9830344319,0.0057101315,0.0033600025
5009,"/kaggle/input/datasets/arafatrahmann/my-data221/Epic and CSCR hospital Dataset/Train/meningioma/m2 (169).jpg",1,meningioma,1,meningioma,0.0115805436,0.9783254862,0.0053456426,0.0047483318
5011,"/kaggle/input/datasets/arafatrahmann/my-data221/Epic and CSCR hospital Dataset/Train/meningioma/m2 (170).jpg",1,meningioma,1,meningioma,0.0099191228,0.9803568125,0.0058337348,0.0038903388
5013,"/kaggle/input/datasets/arafatrahmann/my-data221/Epic and CSCR hospital Dataset/Train/meningioma/m2 (172).jpg",1,meningioma,1,meningioma,0.0239923075,0.9655252695,0.0056654536,0.0048170453
5016,"/kaggle/input/datasets/arafatrahmann/my-data221/Epic and CSCR hospital Dataset/Train/meningioma/m2 (175).jpg",1,meningioma,1,meningioma,0.0274105873,0.8206278682,0.0142115597,0.1377499700
5020,"/kaggle/input/datasets/arafatrahmann/my-data221/Epic and CSCR hospital Dataset/Train/meningioma/m2 (19).jpg",1,meningioma,1,meningioma,0.0083398921,0.9815308452,0.0046074744,0.0055216965
5021,"/kaggle/input/datasets/arafatrahmann/my-data221/Epic and CSCR hospital Dataset/Train/meningioma/m2 (2).jpg",1,meningioma,1,meningioma,0.0106070638,0.9781782031,0.0051320568,0.0060826759
5022,"/kaggle/input/datasets/arafatrahmann/my-data221/Epic and CSCR hospital Dataset/Train/meningioma/m2 (20).jpg",1,meningioma,1,meningioma,0.0081870109,0.9822198153,0.0052455021,0.0043476839
5023,"/kaggle/input/datasets/arafatrahmann/my-data221/Epic and CSCR hospital Dataset/Train/meningioma/m2 (21).jpg",1,meningioma,1,meningioma,0.0089484993,0.9818074107,0.0053849579,0.0038590818
5030,"/kaggle/input/datasets/arafatrahmann/my-data221/Epic and CSCR hospital Dataset/Train/meningioma/m2 (28).jpg",1,meningioma,1,meningioma,0.0088214139,0.9831188917,0.0048951334,0.0031645976
5038,"/kaggle/input/datasets/arafatrahmann/my-data221/Epic and CSCR hospital Dataset/Train/meningioma/m2 (35).jpg",1,meningioma,1,meningioma,0.0070174285,0.9836143255,0.0056700399,0.0036981949
5039,"/kaggle/input/datasets/arafatrahmann/my-data221/Epic and CSCR hospital Dataset/Train/meningioma/m2 (36).jpg",1,meningioma,1,meningioma,0.0082463436,0.9823589325,0.0060683126,0.0033264502
5040,"/kaggle/input/datasets/arafatrahmann/my-data221/Epic and CSCR hospital Dataset/Train/meningioma/m2 (37).jpg",1,meningioma,1,meningioma,0.0108290389,0.9781234860,0.0054004896,0.0056469655
5041,"/kaggle/input/datasets/arafatrahmann/my-data221/Epic and CSCR hospital Dataset/Train/meningioma/m2 (38).jpg",1,meningioma,1,meningioma,0.0122176241,0.9782964587,0.0050237454,0.0044621588
5049,"/kaggle/input/datasets/arafatrahmann/my-data221/Epic and CSCR hospital Dataset/Train/meningioma/m2 (45).jpg",1,meningioma,1,meningioma,0.0140934391,0.9743005037,0.0055672722,0.0060387803
5052,"/kaggle/input/datasets/arafatrahmann/my-data221/Epic and CSCR hospital Dataset/Train/meningioma/m2 (48).jpg",1,meningioma,1,meningioma,0.0086701261,0.9823028445,0.0048672287,0.0041597863
5054,"/kaggle/input/datasets/arafatrahmann/my-data221/Epic and CSCR hospital Dataset/Train/meningioma/m2 (5).jpg",1,meningioma,1,meningioma,0.0247323923,0.8672479391,0.0148200188,0.0931995958
5055,"/kaggle/input/datasets/arafatrahmann/my-data221/Epic and CSCR hospital Dataset/Train/meningioma/m2 (50).jpg",1,meningioma,1,meningioma,0.0107141146,0.9779793024,0.0048002116,0.0065064430
5068,"/kaggle/input/datasets/arafatrahmann/my-data221/Epic and CSCR hospital Dataset/Train/meningioma/m2 (62).jpg",1,meningioma,1,meningioma,0.0102173844,0.9558552504,0.0069928379,0.0269345399
5075,"/kaggle/input/datasets/arafatrahmann/my-data221/Epic and CSCR hospital Dataset/Train/meningioma/m2 (69).jpg",1,meningioma,1,meningioma,0.0099581610,0.9786611795,0.0054503139,0.0059303218
5083,"/kaggle/input/datasets/arafatrahmann/my-data221/Epic and CSCR hospital Dataset/Train/meningioma/m2 (76).jpg",1,meningioma,1,meningioma,0.0123339649,0.9784804583,0.0049839346,0.0042015808
5085,"/kaggle/input/datasets/arafatrahmann/my-data221/Epic and CSCR hospital Dataset/Train/meningioma/m2 (78).jpg",1,meningioma,1,meningioma,0.0255044997,0.9386435747,0.0096089188,0.0262429807
5087,"/kaggle/input/datasets/arafatrahmann/my-data221/Epic and CSCR hospital Dataset/Train/meningioma/m2 (8).jpg",1,meningioma,1,meningioma,0.0106106829,0.9809991717,0.0045094299,0.0038807106
5088,"/kaggle/input/datasets/arafatrahmann/my-data221/Epic and CSCR hospital Dataset/Train/meningioma/m2 (80).jpg",1,meningioma,1,meningioma,0.0131584676,0.9786454439,0.0049727047,0.0032234117
5089,"/kaggle/input/datasets/arafatrahmann/my-data221/Epic and CSCR hospital Dataset/Train/meningioma/m2 (81).jpg",1,meningioma,1,meningioma,0.0140362708,0.9778562784,0.0050143758,0.0030931984
5091,"/kaggle/input/datasets/arafatrahmann/my-data221/Epic and CSCR hospital Dataset/Train/meningioma/m2 (83).jpg",1,meningioma,1,meningioma,0.0093712676,0.9823492765,0.0046363408,0.0036430217
5094,"/kaggle/input/datasets/arafatrahmann/my-data221/Epic and CSCR hospital Dataset/Train/meningioma/m2 (86).jpg",1,meningioma,1,meningioma,0.0100056631,0.9813637733,0.0051385714,0.0034919933
5096,"/kaggle/input/datasets/arafatrahmann/my-data221/Epic and CSCR hospital Dataset/Train/meningioma/m2 (88).jpg",1,meningioma,1,meningioma,0.0149479927,0.9756222963,0.0046031885,0.0048265373
5098,"/kaggle/input/datasets/arafatrahmann/my-data221/Epic and CSCR hospital Dataset/Train/meningioma/m2 (9).jpg",1,meningioma,1,meningioma,0.0096477922,0.9817944765,0.0053228396,0.0032348596
5103,"/kaggle/input/datasets/arafatrahmann/my-data221/Epic and CSCR hospital Dataset/Train/meningioma/m2 (94).jpg",1,meningioma,1,meningioma,0.0109911682,0.9802325368,0.0051811715,0.0035951354
5105,"/kaggle/input/datasets/arafatrahmann/my-data221/Epic and CSCR hospital Dataset/Train/meningioma/m2 (96).jpg",1,meningioma,1,meningioma,0.0093434993,0.9810533524,0.0060332497,0.0035698856
5107,"/kaggle/input/datasets/arafatrahmann/my-data221/Epic and CSCR hospital Dataset/Train/meningioma/m2 (98).jpg",1,meningioma,1,meningioma,0.0091049895,0.9822430611,0.0050913855,0.0035606560
5112,"/kaggle/input/datasets/arafatrahmann/my-data221/Epic and CSCR hospital Dataset/Train/meningioma/m3 (101).jpg",1,meningioma,1,meningioma,0.0082677919,0.9792051315,0.0072257756,0.0053013056
5120,"/kaggle/input/datasets/arafatrahmann/my-data221/Epic and CSCR hospital Dataset/Train/meningioma/m3 (109).jpg",1,meningioma,1,meningioma,0.0141130090,0.9744442105,0.0049748165,0.0064680362
5123,"/kaggle/input/datasets/arafatrahmann/my-data221/Epic and CSCR hospital Dataset/Train/meningioma/m3 (111).jpg",1,meningioma,1,meningioma,0.0110882306,0.9791339636,0.0056647798,0.0041129082
5131,"/kaggle/input/datasets/arafatrahmann/my-data221/Epic and CSCR hospital Dataset/Train/meningioma/m3 (119).jpg",1,meningioma,1,meningioma,0.0090466989,0.9813383818,0.0054841349,0.0041306997
5136,"/kaggle/input/datasets/arafatrahmann/my-data221/Epic and CSCR hospital Dataset/Train/meningioma/m3 (123).jpg",1,meningioma,1,meningioma,0.0076132165,0.9827000499,0.0064327209,0.0032539957
5140,"/kaggle/input/datasets/arafatrahmann/my-data221/Epic and CSCR hospital Dataset/Train/meningioma/m3 (127).jpg",1,meningioma,1,meningioma,0.0082451878,0.9832436442,0.0046167481,0.0038943947
5145,"/kaggle/input/datasets/arafatrahmann/my-data221/Epic and CSCR hospital Dataset/Train/meningioma/m3 (131).jpg",1,meningioma,1,meningioma,0.0090093203,0.9765407443,0.0113616129,0.0030883187
5147,"/kaggle/input/datasets/arafatrahmann/my-data221/Epic and CSCR hospital Dataset/Train/meningioma/m3 (133).jpg",1,meningioma,2,notumor,0.0228658672,0.1029025763,0.8647342920,0.0094972476
5157,"/kaggle/input/datasets/arafatrahmann/my-data221/Epic and CSCR hospital Dataset/Train/meningioma/m3 (142).jpg",1,meningioma,1,meningioma,0.0410460085,0.8987399936,0.0218485780,0.0383654907
5159,"/kaggle/input/datasets/arafatrahmann/my-data221/Epic and CSCR hospital Dataset/Train/meningioma/m3 (145).jpg",1,meningioma,1,meningioma,0.0067754015,0.9822962880,0.0079683224,0.0029600011
5160,"/kaggle/input/datasets/arafatrahmann/my-data221/Epic and CSCR hospital Dataset/Train/meningioma/m3 (146).jpg",1,meningioma,1,meningioma,0.0610211864,0.9116207957,0.0127665233,0.0145915579
5166,"/kaggle/input/datasets/arafatrahmann/my-data221/Epic and CSCR hospital Dataset/Train/meningioma/m3 (151).jpg",1,meningioma,1,meningioma,0.0861377567,0.8728667498,0.0091579836,0.0318375304
5176,"/kaggle/input/datasets/arafatrahmann/my-data221/Epic and CSCR hospital Dataset/Train/meningioma/m3 (160).jpg",1,meningioma,1,meningioma,0.0351874866,0.5944339037,0.0243045483,0.3460741639
5188,"/kaggle/input/datasets/arafatrahmann/my-data221/Epic and CSCR hospital Dataset/Train/meningioma/m3 (175).jpg",1,meningioma,1,meningioma,0.0655098930,0.9194988012,0.0071466737,0.0078445561
5203,"/kaggle/input/datasets/arafatrahmann/my-data221/Epic and CSCR hospital Dataset/Train/notumor/11 no.jpg",2,notumor,2,notumor,0.0050798208,0.0030855231,0.9876076579,0.0042269574
5213,"/kaggle/input/datasets/arafatrahmann/my-data221/Epic and CSCR hospital Dataset/Train/notumor/1592.jpg",2,notumor,2,notumor,0.0066999579,0.0087777767,0.9758162498,0.0087060053
5215,"/kaggle/input/datasets/arafatrahmann/my-data221/Epic and CSCR hospital Dataset/Train/notumor/1594.jpg",2,notumor,2,notumor,0.0038073652,0.0069826259,0.9814640284,0.0077460259
5217,"/kaggle/input/datasets/arafatrahmann/my-data221/Epic and CSCR hospital Dataset/Train/notumor/1596.jpg",2,notumor,2,notumor,0.0040741339,0.0077522965,0.9815310240,0.0066425116
5220,"/kaggle/input/datasets/arafatrahmann/my-data221/Epic and CSCR hospital Dataset/Train/notumor/1599.jpg",2,notumor,2,notumor,0.0036008176,0.0061856923,0.9831932783,0.0070201783
5222,"/kaggle/input/datasets/arafatrahmann/my-data221/Epic and CSCR hospital Dataset/Train/notumor/1601.jpg",2,notumor,2,notumor,0.0100862579,0.0044349865,0.9812426567,0.0042361412
5224,"/kaggle/input/datasets/arafatrahmann/my-data221/Epic and CSCR hospital Dataset/Train/notumor/1603.jpg",2,notumor,2,notumor,0.0047098086,0.0036172264,0.9852075577,0.0064653018
5225,"/kaggle/input/datasets/arafatrahmann/my-data221/Epic and CSCR hospital Dataset/Train/notumor/1604.jpg",2,notumor,2,notumor,0.0061643668,0.0034388187,0.9861537218,0.0042430493
5227,"/kaggle/input/datasets/arafatrahmann/my-data221/Epic and CSCR hospital Dataset/Train/notumor/1606.jpg",2,notumor,2,notumor,0.0039674388,0.0056358883,0.9839913249,0.0064053102
5230,"/kaggle/input/datasets/arafatrahmann/my-data221/Epic and CSCR hospital Dataset/Train/notumor/1609.jpg",2,notumor,2,notumor,0.0044657243,0.0036413055,0.9865375757,0.0053554457
5234,"/kaggle/input/datasets/arafatrahmann/my-data221/Epic and CSCR hospital Dataset/Train/notumor/1613.jpg",2,notumor,2,notumor,0.0042251050,0.0056015039,0.9834102392,0.0067631626
5238,"/kaggle/input/datasets/arafatrahmann/my-data221/Epic and CSCR hospital Dataset/Train/notumor/1617.jpg",2,notumor,2,notumor,0.0042551472,0.0066728024,0.9829769135,0.0060951323
5239,"/kaggle/input/datasets/arafatrahmann/my-data221/Epic and CSCR hospital Dataset/Train/notumor/1618.jpg",2,notumor,2,notumor,0.0049141985,0.0031402286,0.9873253107,0.0046202387
5242,"/kaggle/input/datasets/arafatrahmann/my-data221/Epic and CSCR hospital Dataset/Train/notumor/1621.jpg",2,notumor,2,notumor,0.0040391972,0.0050134426,0.9842212796,0.0067261318
5249,"/kaggle/input/datasets/arafatrahmann/my-data221/Epic and CSCR hospital Dataset/Train/notumor/1628.jpg",2,notumor,2,notumor,0.0060400600,0.0172620136,0.9682126045,0.0084853824
5251,"/kaggle/input/datasets/arafatrahmann/my-data221/Epic and CSCR hospital Dataset/Train/notumor/1630.jpg",2,notumor,2,notumor,0.0048684394,0.0067556561,0.9816131592,0.0067627677
5263,"/kaggle/input/datasets/arafatrahmann/my-data221/Epic and CSCR hospital Dataset/Train/notumor/1642.jpg",2,notumor,2,notumor,0.0043066456,0.0063430578,0.9826284647,0.0067218533
5274,"/kaggle/input/datasets/arafatrahmann/my-data221/Epic and CSCR hospital Dataset/Train/notumor/1653.jpg",2,notumor,2,notumor,0.0107016061,0.0039263680,0.9816092253,0.0037628270
5275,"/kaggle/input/datasets/arafatrahmann/my-data221/Epic and CSCR hospital Dataset/Train/notumor/1654.jpg",2,notumor,2,notumor,0.0038923367,0.0041056289,0.9868212938,0.0051807105
5276,"/kaggle/input/datasets/arafatrahmann/my-data221/Epic and CSCR hospital Dataset/Train/notumor/1655.jpg",2,notumor,2,notumor,0.0044905622,0.0104579004,0.9771581888,0.0078934375
5281,"/kaggle/input/datasets/arafatrahmann/my-data221/Epic and CSCR hospital Dataset/Train/notumor/1660.jpg",2,notumor,2,notumor,0.0038808968,0.0033820295,0.9869421124,0.0057950588
5286,"/kaggle/input/datasets/arafatrahmann/my-data221/Epic and CSCR hospital Dataset/Train/notumor/1665.jpg",2,notumor,2,notumor,0.0038238638,0.0048763016,0.9857862592,0.0055135917
5290,"/kaggle/input/datasets/arafatrahmann/my-data221/Epic and CSCR hospital Dataset/Train/notumor/1669.jpg",2,notumor,2,notumor,0.0247780755,0.0842179209,0.8602744341,0.0307294987
5293,"/kaggle/input/datasets/arafatrahmann/my-data221/Epic and CSCR hospital Dataset/Train/notumor/1672.jpg",2,notumor,2,notumor,0.0071478421,0.0092306947,0.9764062166,0.0072152438
5298,"/kaggle/input/datasets/arafatrahmann/my-data221/Epic and CSCR hospital Dataset/Train/notumor/1677.jpg",2,notumor,2,notumor,0.0056763915,0.0106968880,0.9712103009,0.0124164661
5304,"/kaggle/input/datasets/arafatrahmann/my-data221/Epic and CSCR hospital Dataset/Train/notumor/1683.jpg",2,notumor,2,notumor,0.0041305292,0.0059951064,0.9835197330,0.0063545951
5320,"/kaggle/input/datasets/arafatrahmann/my-data221/Epic and CSCR hospital Dataset/Train/notumor/1699.jpg",2,notumor,2,notumor,0.0043649040,0.0050847339,0.9853445888,0.0052057775
5323,"/kaggle/input/datasets/arafatrahmann/my-data221/Epic and CSCR hospital Dataset/Train/notumor/1701.jpg",2,notumor,2,notumor,0.0042868191,0.0067847781,0.9812350273,0.0076934053
5325,"/kaggle/input/datasets/arafatrahmann/my-data221/Epic and CSCR hospital Dataset/Train/notumor/1703.jpg",2,notumor,2,notumor,0.0038126644,0.0058573927,0.9830543399,0.0072755492
5328,"/kaggle/input/datasets/arafatrahmann/my-data221/Epic and CSCR hospital Dataset/Train/notumor/1706.jpg",2,notumor,2,notumor,0.0526886061,0.0047355816,0.9377032518,0.0048726341
5330,"/kaggle/input/datasets/arafatrahmann/my-data221/Epic and CSCR hospital Dataset/Train/notumor/1708.jpg",2,notumor,2,notumor,0.0038943491,0.0046808799,0.9860460162,0.0053787073
5339,"/kaggle/input/datasets/arafatrahmann/my-data221/Epic and CSCR hospital Dataset/Train/notumor/1717.jpg",2,notumor,2,notumor,0.0037853848,0.0056980667,0.9830368757,0.0074796295
5341,"/kaggle/input/datasets/arafatrahmann/my-data221/Epic and CSCR hospital Dataset/Train/notumor/1719.jpg",2,notumor,2,notumor,0.0039583016,0.0051232162,0.9841343760,0.0067841075
5343,"/kaggle/input/datasets/arafatrahmann/my-data221/Epic and CSCR hospital Dataset/Train/notumor/1721.jpg",2,notumor,2,notumor,0.0063806800,0.0037645935,0.9849621654,0.0048925937
5350,"/kaggle/input/datasets/arafatrahmann/my-data221/Epic and CSCR hospital Dataset/Train/notumor/1728.jpg",2,notumor,2,notumor,0.0030745366,0.0039948798,0.9852741361,0.0076563717
5357,"/kaggle/input/datasets/arafatrahmann/my-data221/Epic and CSCR hospital Dataset/Train/notumor/1735.jpg",2,notumor,2,notumor,0.0046532978,0.0073743812,0.9796394110,0.0083327806
5371,"/kaggle/input/datasets/arafatrahmann/my-data221/Epic and CSCR hospital Dataset/Train/notumor/1749.jpg",2,notumor,2,notumor,0.0044167964,0.0042777834,0.9831708670,0.0081345113
5374,"/kaggle/input/datasets/arafatrahmann/my-data221/Epic and CSCR hospital Dataset/Train/notumor/1752.jpg",2,notumor,2,notumor,0.0047162240,0.0098713702,0.9770757556,0.0083366092
5380,"/kaggle/input/datasets/arafatrahmann/my-data221/Epic and CSCR hospital Dataset/Train/notumor/1758.jpg",2,notumor,2,notumor,0.0044343947,0.0069312202,0.9821637869,0.0064706290
5389,"/kaggle/input/datasets/arafatrahmann/my-data221/Epic and CSCR hospital Dataset/Train/notumor/1767.jpg",2,notumor,2,notumor,0.0039106803,0.0061974344,0.9834312201,0.0064605922
5391,"/kaggle/input/datasets/arafatrahmann/my-data221/Epic and CSCR hospital Dataset/Train/notumor/1769.jpg",2,notumor,2,notumor,0.0048490949,0.0069039166,0.9808713198,0.0073757516
5396,"/kaggle/input/datasets/arafatrahmann/my-data221/Epic and CSCR hospital Dataset/Train/notumor/1774.jpg",2,notumor,2,notumor,0.0050859870,0.0107745351,0.9762018919,0.0079375030
5411,"/kaggle/input/datasets/arafatrahmann/my-data221/Epic and CSCR hospital Dataset/Train/notumor/1789.jpg",2,notumor,2,notumor,0.0042474247,0.0056789340,0.9845551252,0.0055184229
5421,"/kaggle/input/datasets/arafatrahmann/my-data221/Epic and CSCR hospital Dataset/Train/notumor/1799.jpg",2,notumor,2,notumor,0.0065933680,0.0085663572,0.9777188301,0.0071214782
5423,"/kaggle/input/datasets/arafatrahmann/my-data221/Epic and CSCR hospital Dataset/Train/notumor/1800.jpg",2,notumor,2,notumor,0.0078489510,0.0058806655,0.9814362526,0.0048341332
5424,"/kaggle/input/datasets/arafatrahmann/my-data221/Epic and CSCR hospital Dataset/Train/notumor/1801.jpg",2,notumor,2,notumor,0.0065400898,0.0144332796,0.9722189903,0.0068075783
5427,"/kaggle/input/datasets/arafatrahmann/my-data221/Epic and CSCR hospital Dataset/Train/notumor/1804.jpg",2,notumor,2,notumor,0.0050451057,0.0054498501,0.9838489294,0.0056561297
5436,"/kaggle/input/datasets/arafatrahmann/my-data221/Epic and CSCR hospital Dataset/Train/notumor/1813.jpg",2,notumor,2,notumor,0.0031902741,0.0040068929,0.9872733951,0.0055293762
5440,"/kaggle/input/datasets/arafatrahmann/my-data221/Epic and CSCR hospital Dataset/Train/notumor/1817.jpg",2,notumor,2,notumor,0.0036576770,0.0041023321,0.9845164418,0.0077235354
5441,"/kaggle/input/datasets/arafatrahmann/my-data221/Epic and CSCR hospital Dataset/Train/notumor/1818.jpg",2,notumor,2,notumor,0.0046306476,0.0035618432,0.9866698980,0.0051376252
5442,"/kaggle/input/datasets/arafatrahmann/my-data221/Epic and CSCR hospital Dataset/Train/notumor/1819.jpg",2,notumor,2,notumor,0.0038776577,0.0063132169,0.9835332036,0.0062758727
5445,"/kaggle/input/datasets/arafatrahmann/my-data221/Epic and CSCR hospital Dataset/Train/notumor/1822.jpg",2,notumor,2,notumor,0.0036526415,0.0037817932,0.9830461740,0.0095193256
5446,"/kaggle/input/datasets/arafatrahmann/my-data221/Epic and CSCR hospital Dataset/Train/notumor/1823.jpg",2,notumor,2,notumor,0.0041171322,0.0064826747,0.9819889069,0.0074112574
5456,"/kaggle/input/datasets/arafatrahmann/my-data221/Epic and CSCR hospital Dataset/Train/notumor/1833.jpg",2,notumor,2,notumor,0.0939056724,0.0105829611,0.8874033093,0.0081080813
5465,"/kaggle/input/datasets/arafatrahmann/my-data221/Epic and CSCR hospital Dataset/Train/notumor/1842.jpg",2,notumor,2,notumor,0.0035865642,0.0054291994,0.9852517247,0.0057325615
5466,"/kaggle/input/datasets/arafatrahmann/my-data221/Epic and CSCR hospital Dataset/Train/notumor/1843.jpg",2,notumor,2,notumor,0.0058968370,0.0057199514,0.9828141332,0.0055690939
5469,"/kaggle/input/datasets/arafatrahmann/my-data221/Epic and CSCR hospital Dataset/Train/notumor/1846.jpg",2,notumor,2,notumor,0.0051398077,0.0031908222,0.9869070053,0.0047623571
5470,"/kaggle/input/datasets/arafatrahmann/my-data221/Epic and CSCR hospital Dataset/Train/notumor/1847.jpg",2,notumor,2,notumor,0.0063120099,0.0064169071,0.9827319384,0.0045391903
5477,"/kaggle/input/datasets/arafatrahmann/my-data221/Epic and CSCR hospital Dataset/Train/notumor/1854.jpg",2,notumor,2,notumor,0.0049542962,0.0091341529,0.9778814316,0.0080300057
5484,"/kaggle/input/datasets/arafatrahmann/my-data221/Epic and CSCR hospital Dataset/Train/notumor/1861.jpg",2,notumor,2,notumor,0.0045782430,0.0088379085,0.9780961871,0.0084876362
5489,"/kaggle/input/datasets/arafatrahmann/my-data221/Epic and CSCR hospital Dataset/Train/notumor/1866.jpg",2,notumor,2,notumor,0.0035479385,0.0048543476,0.9854451418,0.0061525749
5493,"/kaggle/input/datasets/arafatrahmann/my-data221/Epic and CSCR hospital Dataset/Train/notumor/1870.jpg",2,notumor,2,notumor,0.0043265535,0.0059208553,0.9840250015,0.0057276832
5502,"/kaggle/input/datasets/arafatrahmann/my-data221/Epic and CSCR hospital Dataset/Train/notumor/1879.jpg",2,notumor,2,notumor,0.0034581446,0.0040103546,0.9857705235,0.0067609004
5503,"/kaggle/input/datasets/arafatrahmann/my-data221/Epic and CSCR hospital Dataset/Train/notumor/1880.jpg",2,notumor,2,notumor,0.0042478284,0.0056039165,0.9847477078,0.0054005701
5513,"/kaggle/input/datasets/arafatrahmann/my-data221/Epic and CSCR hospital Dataset/Train/notumor/1926.jpg",2,notumor,2,notumor,0.0044855028,0.0090958774,0.9778401256,0.0085784625
5519,"/kaggle/input/datasets/arafatrahmann/my-data221/Epic and CSCR hospital Dataset/Train/notumor/33 no.jpg",2,notumor,2,notumor,0.0050616572,0.0048122434,0.9845286608,0.0055974736
5526,"/kaggle/input/datasets/arafatrahmann/my-data221/Epic and CSCR hospital Dataset/Train/notumor/4 no.jpg",2,notumor,2,notumor,0.0036043331,0.0036564278,0.9835613966,0.0091778031
5536,"/kaggle/input/datasets/arafatrahmann/my-data221/Epic and CSCR hospital Dataset/Train/notumor/N15.jpg",2,notumor,2,notumor,0.0040815221,0.0110015376,0.9742992520,0.0106176184
5537,"/kaggle/input/datasets/arafatrahmann/my-data221/Epic and CSCR hospital Dataset/Train/notumor/N16.jpg",2,notumor,2,notumor,0.0039157681,0.0043067611,0.9802722931,0.0115051903
5541,"/kaggle/input/datasets/arafatrahmann/my-data221/Epic and CSCR hospital Dataset/Train/notumor/N20.JPG",2,notumor,2,notumor,0.0040636351,0.0047518392,0.9819415212,0.0092431009
5553,"/kaggle/input/datasets/arafatrahmann/my-data221/Epic and CSCR hospital Dataset/Train/notumor/N_368_SP_.jpg",2,notumor,2,notumor,0.0040287809,0.0037226498,0.9841352701,0.0081134317
5556,"/kaggle/input/datasets/arafatrahmann/my-data221/Epic and CSCR hospital Dataset/Train/notumor/N_369_BR_.jpg",2,notumor,2,notumor,0.0054870052,0.0143003222,0.9719508886,0.0082617449
5558,"/kaggle/input/datasets/arafatrahmann/my-data221/Epic and CSCR hospital Dataset/Train/notumor/N_369_HF_.jpg",2,notumor,2,notumor,0.0060788966,0.0145346373,0.9641098976,0.0152765242
5566,"/kaggle/input/datasets/arafatrahmann/my-data221/Epic and CSCR hospital Dataset/Train/notumor/N_36_SP_.jpg",2,notumor,2,notumor,0.0038557083,0.0045338036,0.9845676422,0.0070428415
5567,"/kaggle/input/datasets/arafatrahmann/my-data221/Epic and CSCR hospital Dataset/Train/notumor/N_36_VF_.jpg",2,notumor,2,notumor,0.0043918826,0.0046728561,0.9862104654,0.0047248593
5576,"/kaggle/input/datasets/arafatrahmann/my-data221/Epic and CSCR hospital Dataset/Train/notumor/N_371_DA_.jpg",2,notumor,2,notumor,0.0047557494,0.0033289301,0.9874519110,0.0044634617
5577,"/kaggle/input/datasets/arafatrahmann/my-data221/Epic and CSCR hospital Dataset/Train/notumor/N_371_HF_.jpg",2,notumor,2,notumor,0.0086804796,0.0056040487,0.9807594419,0.0049560447
5580,"/kaggle/input/datasets/arafatrahmann/my-data221/Epic and CSCR hospital Dataset/Train/notumor/N_371_VF_.jpg",2,notumor,2,notumor,0.0059594945,0.0053052688,0.9836540222,0.0050812536
5583,"/kaggle/input/datasets/arafatrahmann/my-data221/Epic and CSCR hospital Dataset/Train/notumor/N_372_DA_.jpg",2,notumor,2,notumor,0.0069969483,0.0026487883,0.9853170514,0.0050373296
5585,"/kaggle/input/datasets/arafatrahmann/my-data221/Epic and CSCR hospital Dataset/Train/notumor/N_372_RO_.jpg",2,notumor,2,notumor,0.0167712159,0.0034119650,0.9760424495,0.0037743251
5588,"/kaggle/input/datasets/arafatrahmann/my-data221/Epic and CSCR hospital Dataset/Train/notumor/N_373.jpg",2,notumor,2,notumor,0.0059705819,0.0034159415,0.9866372943,0.0039761029
5596,"/kaggle/input/datasets/arafatrahmann/my-data221/Epic and CSCR hospital Dataset/Train/notumor/N_374_BR_.jpg",2,notumor,2,notumor,0.0049833613,0.0039823288,0.9858875275,0.0051467870
5601,"/kaggle/input/datasets/arafatrahmann/my-data221/Epic and CSCR hospital Dataset/Train/notumor/N_374_VF_.jpg",2,notumor,2,notumor,0.0056272573,0.0036873713,0.9817389250,0.0089464029
5605,"/kaggle/input/datasets/arafatrahmann/my-data221/Epic and CSCR hospital Dataset/Train/notumor/N_375_HF_.jpg",2,notumor,2,notumor,0.0047011455,0.0036119041,0.9851231575,0.0065637343
5608,"/kaggle/input/datasets/arafatrahmann/my-data221/Epic and CSCR hospital Dataset/Train/notumor/N_375_VF_.jpg",2,notumor,2,notumor,0.0049302657,0.0035653424,0.9844042659,0.0070999814
5614,"/kaggle/input/datasets/arafatrahmann/my-data221/Epic and CSCR hospital Dataset/Train/notumor/N_376_SP_.jpg",2,notumor,2,notumor,0.0039845877,0.0055941227,0.9823200107,0.0081012212
5617,"/kaggle/input/datasets/arafatrahmann/my-data221/Epic and CSCR hospital Dataset/Train/notumor/N_377_BR_.jpg",2,notumor,2,notumor,0.0038348685,0.0052723140,0.9832841158,0.0076087057
5626,"/kaggle/input/datasets/arafatrahmann/my-data221/Epic and CSCR hospital Dataset/Train/notumor/N_378_HF_.jpg",2,notumor,2,notumor,0.0045897821,0.0038163580,0.9849839211,0.0066099586
5630,"/kaggle/input/datasets/arafatrahmann/my-data221/Epic and CSCR hospital Dataset/Train/notumor/N_379.jpg",2,notumor,2,notumor,0.0038677566,0.0062859817,0.9829782248,0.0068680733
5635,"/kaggle/input/datasets/arafatrahmann/my-data221/Epic and CSCR hospital Dataset/Train/notumor/N_379_SP_.jpg",2,notumor,2,notumor,0.0044736718,0.0046759290,0.9819899797,0.0088604409
5637,"/kaggle/input/datasets/arafatrahmann/my-data221/Epic and CSCR hospital Dataset/Train/notumor/N_37_BR_.jpg",2,notumor,2,notumor,0.0043988274,0.0079547353,0.9803587794,0.0072875880
5645,"/kaggle/input/datasets/arafatrahmann/my-data221/Epic and CSCR hospital Dataset/Train/notumor/N_380_BR_.jpg",2,notumor,2,notumor,0.0049053961,0.0068849912,0.9809370041,0.0072725355
5648,"/kaggle/input/datasets/arafatrahmann/my-data221/Epic and CSCR hospital Dataset/Train/notumor/N_380_RO_.jpg",2,notumor,2,notumor,0.0069408221,0.0063283471,0.9819864035,0.0047444105
5655,"/kaggle/input/datasets/arafatrahmann/my-data221/Epic and CSCR hospital Dataset/Train/notumor/N_381_RO_.jpg",2,notumor,2,notumor,0.0041877003,0.0060352189,0.9830231667,0.0067539169
5657,"/kaggle/input/datasets/arafatrahmann/my-data221/Epic and CSCR hospital Dataset/Train/notumor/N_381_VF_.jpg",2,notumor,2,notumor,0.0040677758,0.0049930848,0.9847682714,0.0061708423
5662,"/kaggle/input/datasets/arafatrahmann/my-data221/Epic and CSCR hospital Dataset/Train/notumor/N_382_RO_.jpg",2,notumor,2,notumor,0.0040269587,0.0055259150,0.9839116335,0.0065355399
5663,"/kaggle/input/datasets/arafatrahmann/my-data221/Epic and CSCR hospital Dataset/Train/notumor/N_382_SP_.jpg",2,notumor,2,notumor,0.0041351011,0.0068410835,0.9767643809,0.0122593436
5664,"/kaggle/input/datasets/arafatrahmann/my-data221/Epic and CSCR hospital Dataset/Train/notumor/N_382_VF_.jpg",2,notumor,2,notumor,0.0042375666,0.0059843389,0.9822677374,0.0075102984
5672,"/kaggle/input/datasets/arafatrahmann/my-data221/Epic and CSCR hospital Dataset/Train/notumor/N_384.jpg",2,notumor,2,notumor,0.0106795486,0.0040574470,0.9810489416,0.0042139692
5673,"/kaggle/input/datasets/arafatrahmann/my-data221/Epic and CSCR hospital Dataset/Train/notumor/N_384_BR_.jpg",2,notumor,2,notumor,0.0084959259,0.0044692773,0.9815528989,0.0054818164
5674,"/kaggle/input/datasets/arafatrahmann/my-data221/Epic and CSCR hospital Dataset/Train/notumor/N_384_DA_.jpg",2,notumor,2,notumor,0.0154089034,0.0034096078,0.9772794843,0.0039020136
5678,"/kaggle/input/datasets/arafatrahmann/my-data221/Epic and CSCR hospital Dataset/Train/notumor/N_384_VF_.jpg",2,notumor,2,notumor,0.0085209478,0.0036263440,0.9837261438,0.0041266773
5707,"/kaggle/input/datasets/arafatrahmann/my-data221/Epic and CSCR hospital Dataset/Train/notumor/N_389.jpg",2,notumor,2,notumor,0.0045894091,0.0080854874,0.9806453586,0.0066797445
5709,"/kaggle/input/datasets/arafatrahmann/my-data221/Epic and CSCR hospital Dataset/Train/notumor/N_389_DA_.jpg",2,notumor,2,notumor,0.0035923023,0.0045874845,0.9867812395,0.0050390204
5713,"/kaggle/input/datasets/arafatrahmann/my-data221/Epic and CSCR hospital Dataset/Train/notumor/N_389_VF_.jpg",2,notumor,2,notumor,0.0045135482,0.0066893222,0.9822856784,0.0065114750
5714,"/kaggle/input/datasets/arafatrahmann/my-data221/Epic and CSCR hospital Dataset/Train/notumor/N_38_BR_.jpg",2,notumor,2,notumor,0.0039088028,0.0040101204,0.9843700528,0.0077109947
5715,"/kaggle/input/datasets/arafatrahmann/my-data221/Epic and CSCR hospital Dataset/Train/notumor/N_38_DA_.jpg",2,notumor,2,notumor,0.0052535823,0.0036018267,0.9849694967,0.0061750887
5720,"/kaggle/input/datasets/arafatrahmann/my-data221/Epic and CSCR hospital Dataset/Train/notumor/N_39.jpg",2,notumor,2,notumor,0.0042904126,0.0057292981,0.9842029810,0.0057773981
5726,"/kaggle/input/datasets/arafatrahmann/my-data221/Epic and CSCR hospital Dataset/Train/notumor/N_390_SP_.jpg",2,notumor,2,notumor,0.0037543725,0.0034953810,0.9858497381,0.0069003813
5740,"/kaggle/input/datasets/arafatrahmann/my-data221/Epic and CSCR hospital Dataset/Train/notumor/N_392_SP_.jpg",2,notumor,2,notumor,0.0038257460,0.0054213107,0.9837040901,0.0070488662
5744,"/kaggle/input/datasets/arafatrahmann/my-data221/Epic and CSCR hospital Dataset/Train/notumor/N_393_DA_.jpg",2,notumor,2,notumor,0.0077414415,0.0030893499,0.9857231379,0.0034460437
5747,"/kaggle/input/datasets/arafatrahmann/my-data221/Epic and CSCR hospital Dataset/Train/notumor/N_393_SP_.jpg",2,notumor,2,notumor,0.0034798342,0.0045609348,0.9847302437,0.0072289407
5756,"/kaggle/input/datasets/arafatrahmann/my-data221/Epic and CSCR hospital Dataset/Train/notumor/N_395.jpg",2,notumor,2,notumor,0.0044708862,0.0047712894,0.9845392108,0.0062185964
5764,"/kaggle/input/datasets/arafatrahmann/my-data221/Epic and CSCR hospital Dataset/Train/notumor/N_396_BR_.jpg",2,notumor,2,notumor,0.0042307102,0.0067222277,0.9820843935,0.0069626756
5771,"/kaggle/input/datasets/arafatrahmann/my-data221/Epic and CSCR hospital Dataset/Train/notumor/N_397_BR_.jpg",2,notumor,2,notumor,0.0049696616,0.0034635668,0.9859550595,0.0056117643
5776,"/kaggle/input/datasets/arafatrahmann/my-data221/Epic and CSCR hospital Dataset/Train/notumor/N_397_VF_.jpg",2,notumor,2,notumor,0.1763164699,0.0052523636,0.8123305440,0.0061006364
5779,"/kaggle/input/datasets/arafatrahmann/my-data221/Epic and CSCR hospital Dataset/Train/notumor/N_398_DA_.jpg",2,notumor,2,notumor,0.0174422450,0.0040995078,0.9744194150,0.0040388806
5781,"/kaggle/input/datasets/arafatrahmann/my-data221/Epic and CSCR hospital Dataset/Train/notumor/N_398_RO_.jpg",2,notumor,2,notumor,0.0104126278,0.0051777316,0.9797903895,0.0046192086
5785,"/kaggle/input/datasets/arafatrahmann/my-data221/Epic and CSCR hospital Dataset/Train/notumor/N_399_BR_.jpg",2,notumor,2,notumor,0.0045203073,0.0070183305,0.9826170206,0.0058443416
5791,"/kaggle/input/datasets/arafatrahmann/my-data221/Epic and CSCR hospital Dataset/Train/notumor/N_39_BR_.jpg",2,notumor,2,notumor,0.0041337470,0.0064581698,0.9814866781,0.0079213884
5807,"/kaggle/input/datasets/arafatrahmann/my-data221/Epic and CSCR hospital Dataset/Train/notumor/N_400_DA_.jpg",2,notumor,2,notumor,0.0037234749,0.0041980399,0.9845388532,0.0075396583
5808,"/kaggle/input/datasets/arafatrahmann/my-data221/Epic and CSCR hospital Dataset/Train/notumor/N_400_HF_.jpg",2,notumor,2,notumor,0.0042137718,0.0060895206,0.9818010330,0.0078956839
5823,"/kaggle/input/datasets/arafatrahmann/my-data221/Epic and CSCR hospital Dataset/Train/notumor/N_402_RO_.jpg",2,notumor,2,notumor,0.0053526862,0.0139231132,0.9682200551,0.0125042303
5831,"/kaggle/input/datasets/arafatrahmann/my-data221/Epic and CSCR hospital Dataset/Train/notumor/N_403_SP_.jpg",2,notumor,2,notumor,0.0042524375,0.0074476353,0.9809591174,0.0073408610
5843,"/kaggle/input/datasets/arafatrahmann/my-data221/Epic and CSCR hospital Dataset/Train/notumor/N_405_HF_.jpg",2,notumor,2,notumor,0.0092257233,0.0043319520,0.9824181795,0.0040241079
5846,"/kaggle/input/datasets/arafatrahmann/my-data221/Epic and CSCR hospital Dataset/Train/notumor/N_405_VF_.jpg",2,notumor,2,notumor,0.0134402569,0.0059795501,0.9752106667,0.0053695678
5848,"/kaggle/input/datasets/arafatrahmann/my-data221/Epic and CSCR hospital Dataset/Train/notumor/N_406_BR_.jpg",2,notumor,2,notumor,0.0131391864,0.0058105225,0.9755048752,0.0055454117
5851,"/kaggle/input/datasets/arafatrahmann/my-data221/Epic and CSCR hospital Dataset/Train/notumor/N_406_RO_.jpg",2,notumor,2,notumor,0.0129804937,0.0076736934,0.9744537473,0.0048920051
5863,"/kaggle/input/datasets/arafatrahmann/my-data221/Epic and CSCR hospital Dataset/Train/notumor/N_408_DA_.jpg",2,notumor,2,notumor,0.0060184305,0.0030090513,0.9861979485,0.0047746110
5864,"/kaggle/input/datasets/arafatrahmann/my-data221/Epic and CSCR hospital Dataset/Train/notumor/N_408_HF_.jpg",2,notumor,2,notumor,0.0054469313,0.0029792376,0.9868874550,0.0046863719
5866,"/kaggle/input/datasets/arafatrahmann/my-data221/Epic and CSCR hospital Dataset/Train/notumor/N_408_SP_.jpg",2,notumor,2,notumor,0.0035481821,0.0036569231,0.9857481122,0.0070467875
5869,"/kaggle/input/datasets/arafatrahmann/my-data221/Epic and CSCR hospital Dataset/Train/notumor/N_409_BR_.jpg",2,notumor,2,notumor,0.0057990332,0.0062907087,0.9811493754,0.0067608980
5875,"/kaggle/input/datasets/arafatrahmann/my-data221/Epic and CSCR hospital Dataset/Train/notumor/N_40_BR_.jpg",2,notumor,2,notumor,0.0042181816,0.0053941444,0.9840885401,0.0062991893
5879,"/kaggle/input/datasets/arafatrahmann/my-data221/Epic and CSCR hospital Dataset/Train/notumor/N_40_SP_.jpg",2,notumor,2,notumor,0.0035834413,0.0046419511,0.9835488200,0.0082257036
5885,"/kaggle/input/datasets/arafatrahmann/my-data221/Epic and CSCR hospital Dataset/Train/notumor/N_410_HF_.jpg",2,notumor,2,notumor,0.0082163149,0.0044969153,0.9783555865,0.0089312000
5886,"/kaggle/input/datasets/arafatrahmann/my-data221/Epic and CSCR hospital Dataset/Train/notumor/N_410_RO_.jpg",2,notumor,2,notumor,0.0140016880,0.0045648748,0.9726027250,0.0088307802
5900,"/kaggle/input/datasets/arafatrahmann/my-data221/Epic and CSCR hospital Dataset/Train/notumor/N_412_RO_.jpg",2,notumor,2,notumor,0.0044641090,0.0030564840,0.9870771170,0.0054021636
5903,"/kaggle/input/datasets/arafatrahmann/my-data221/Epic and CSCR hospital Dataset/Train/notumor/N_413.jpg",2,notumor,2,notumor,0.0065762126,0.0033894449,0.9865509868,0.0034832973
5904,"/kaggle/input/datasets/arafatrahmann/my-data221/Epic and CSCR hospital Dataset/Train/notumor/N_413_BR_.jpg",2,notumor,2,notumor,0.0074130618,0.0052058632,0.9824072123,0.0049739038
5906,"/kaggle/input/datasets/arafatrahmann/my-data221/Epic and CSCR hospital Dataset/Train/notumor/N_413_HF_.jpg",2,notumor,2,notumor,0.0069905496,0.0036550823,0.9854138494,0.0039406312
5909,"/kaggle/input/datasets/arafatrahmann/my-data221/Epic and CSCR hospital Dataset/Train/notumor/N_413_VF_.jpg",2,notumor,2,notumor,0.0060864142,0.0029454953,0.9873502851,0.0036178611
5916,"/kaggle/input/datasets/arafatrahmann/my-data221/Epic and CSCR hospital Dataset/Train/notumor/N_414_VF_.jpg",2,notumor,2,notumor,0.0048487210,0.0078700231,0.9808770418,0.0064042611
5923,"/kaggle/input/datasets/arafatrahmann/my-data221/Epic and CSCR hospital Dataset/Train/notumor/N_415_VF_.jpg",2,notumor,2,notumor,0.0040480685,0.0037050832,0.9874442220,0.0048026131
5924,"/kaggle/input/datasets/arafatrahmann/my-data221/Epic and CSCR hospital Dataset/Train/notumor/N_416.jpg",2,notumor,2,notumor,0.0049239029,0.0038943787,0.9837576747,0.0074240700
5933,"/kaggle/input/datasets/arafatrahmann/my-data221/Epic and CSCR hospital Dataset/Train/notumor/N_417_DA_.jpg",2,notumor,2,notumor,0.0065895976,0.0116249491,0.9749005437,0.0068849572
5941,"/kaggle/input/datasets/arafatrahmann/my-data221/Epic and CSCR hospital Dataset/Train/notumor/N_418_HF_.jpg",2,notumor,2,notumor,0.0041544773,0.0033661861,0.9870938063,0.0053856038
5947,"/kaggle/input/datasets/arafatrahmann/my-data221/Epic and CSCR hospital Dataset/Train/notumor/N_419_DA_.jpg",2,notumor,2,notumor,0.0053808484,0.0038965929,0.9852119684,0.0055106590
5950,"/kaggle/input/datasets/arafatrahmann/my-data221/Epic and CSCR hospital Dataset/Train/notumor/N_419_SP_.jpg",2,notumor,2,notumor,0.0070131347,0.0043856693,0.9723584056,0.0162428729
5956,"/kaggle/input/datasets/arafatrahmann/my-data221/Epic and CSCR hospital Dataset/Train/notumor/N_41_SP_.jpg",2,notumor,2,notumor,0.0039313263,0.0043099900,0.9784768820,0.0132818418
5959,"/kaggle/input/datasets/arafatrahmann/my-data221/Epic and CSCR hospital Dataset/Train/notumor/N_420.jpg",2,notumor,2,notumor,0.0109127769,0.0027610911,0.9831153750,0.0032107867
5964,"/kaggle/input/datasets/arafatrahmann/my-data221/Epic and CSCR hospital Dataset/Train/notumor/N_420_SP_.jpg",2,notumor,2,notumor,0.0034994725,0.0041614394,0.9843055010,0.0080335205
5967,"/kaggle/input/datasets/arafatrahmann/my-data221/Epic and CSCR hospital Dataset/Train/notumor/N_421_BR_.jpg",2,notumor,2,notumor,0.0041097468,0.0075554200,0.9798814058,0.0084534464
5976,"/kaggle/input/datasets/arafatrahmann/my-data221/Epic and CSCR hospital Dataset/Train/notumor/N_422_HF_.jpg",2,notumor,2,notumor,0.0049859695,0.0085288333,0.9773651361,0.0091200974
5979,"/kaggle/input/datasets/arafatrahmann/my-data221/Epic and CSCR hospital Dataset/Train/notumor/N_422_VF_.jpg",2,notumor,2,notumor,0.0048086499,0.0099577606,0.9758784175,0.0093552712
5994,"/kaggle/input/datasets/arafatrahmann/my-data221/Epic and CSCR hospital Dataset/Train/notumor/N_425.jpg",2,notumor,2,notumor,0.0083703343,0.0137586463,0.9709239006,0.0069471123
5997,"/kaggle/input/datasets/arafatrahmann/my-data221/Epic and CSCR hospital Dataset/Train/notumor/N_425_HF_.jpg",2,notumor,2,notumor,0.0082079126,0.0137035800,0.9711731076,0.0069153532
5999,"/kaggle/input/datasets/arafatrahmann/my-data221/Epic and CSCR hospital Dataset/Train/notumor/N_425_SP_.jpg",2,notumor,2,notumor,0.0034232333,0.0051356880,0.9829925299,0.0084485160
6001,"/kaggle/input/datasets/arafatrahmann/my-data221/Epic and CSCR hospital Dataset/Train/notumor/N_426.jpg",2,notumor,2,notumor,0.0047276719,0.0065955655,0.9818946719,0.0067821192
6009,"/kaggle/input/datasets/arafatrahmann/my-data221/Epic and CSCR hospital Dataset/Train/notumor/N_427_BR_.jpg",2,notumor,2,notumor,0.0046144812,0.0088664694,0.9777486920,0.0087703597
6011,"/kaggle/input/datasets/arafatrahmann/my-data221/Epic and CSCR hospital Dataset/Train/notumor/N_427_HF_.jpg",2,notumor,2,notumor,0.0042336229,0.0042987368,0.9814772606,0.0099903131
6012,"/kaggle/input/datasets/arafatrahmann/my-data221/Epic and CSCR hospital Dataset/Train/notumor/N_427_RO_.jpg",2,notumor,2,notumor,0.0041645090,0.0036344198,0.9841577411,0.0080433246
6015,"/kaggle/input/datasets/arafatrahmann/my-data221/Epic and CSCR hospital Dataset/Train/notumor/N_428.jpg",2,notumor,2,notumor,0.0045897230,0.0086307842,0.9795426130,0.0072368989
6018,"/kaggle/input/datasets/arafatrahmann/my-data221/Epic and CSCR hospital Dataset/Train/notumor/N_428_HF_.jpg",2,notumor,2,notumor,0.0046033049,0.0085294209,0.9798406363,0.0070266188
6021,"/kaggle/input/datasets/arafatrahmann/my-data221/Epic and CSCR hospital Dataset/Train/notumor/N_428_VF_.jpg",2,notumor,2,notumor,0.0041248943,0.0081487540,0.9793835878,0.0083428165
6034,"/kaggle/input/datasets/arafatrahmann/my-data221/Epic and CSCR hospital Dataset/Train/notumor/N_42_VF_.jpg",2,notumor,2,notumor,0.0086863767,0.0031284797,0.9825596809,0.0056254780
6039,"/kaggle/input/datasets/arafatrahmann/my-data221/Epic and CSCR hospital Dataset/Train/notumor/N_430_HF_.jpg",2,notumor,2,notumor,0.0046471143,0.0047059143,0.9834381342,0.0072088568
6041,"/kaggle/input/datasets/arafatrahmann/my-data221/Epic and CSCR hospital Dataset/Train/notumor/N_430_SP_.jpg",2,notumor,2,notumor,0.0067328052,0.0112616215,0.9729364514,0.0090690507
6045,"/kaggle/input/datasets/arafatrahmann/my-data221/Epic and CSCR hospital Dataset/Train/notumor/N_431_DA_.jpg",2,notumor,2,notumor,0.0048970054,0.0036982477,0.9863390923,0.0050656684
6046,"/kaggle/input/datasets/arafatrahmann/my-data221/Epic and CSCR hospital Dataset/Train/notumor/N_431_HF_.jpg",2,notumor,2,notumor,0.0047400319,0.0033462893,0.9870212674,0.0048923581
6052,"/kaggle/input/datasets/arafatrahmann/my-data221/Epic and CSCR hospital Dataset/Train/notumor/N_432_DA_.jpg",2,notumor,2,notumor,0.0037320487,0.0047569880,0.9840762019,0.0074347868
6054,"/kaggle/input/datasets/arafatrahmann/my-data221/Epic and CSCR hospital Dataset/Train/notumor/N_432_RO_.jpg",2,notumor,2,notumor,0.0046360232,0.0076454254,0.9801658392,0.0075526768
6055,"/kaggle/input/datasets/arafatrahmann/my-data221/Epic and CSCR hospital Dataset/Train/notumor/N_432_SP_.jpg",2,notumor,2,notumor,0.0040248195,0.0062056654,0.9805263281,0.0092431325
6056,"/kaggle/input/datasets/arafatrahmann/my-data221/Epic and CSCR hospital Dataset/Train/notumor/N_432_VF_.jpg",2,notumor,2,notumor,0.0044642687,0.0073831170,0.9805210233,0.0076315752
6058,"/kaggle/input/datasets/arafatrahmann/my-data221/Epic and CSCR hospital Dataset/Train/notumor/N_433_BR_.jpg",2,notumor,2,notumor,0.0053092265,0.0029760629,0.9875003099,0.0042144456
6061,"/kaggle/input/datasets/arafatrahmann/my-data221/Epic and CSCR hospital Dataset/Train/notumor/N_433_RO_.jpg",2,notumor,2,notumor,0.0152760539,0.0026544330,0.9772005081,0.0048689926
6067,"/kaggle/input/datasets/arafatrahmann/my-data221/Epic and CSCR hospital Dataset/Train/notumor/N_434_HF_.jpg",2,notumor,2,notumor,0.0038797888,0.0034823059,0.9864021540,0.0062357970
6068,"/kaggle/input/datasets/arafatrahmann/my-data221/Epic and CSCR hospital Dataset/Train/notumor/N_434_RO_.jpg",2,notumor,2,notumor,0.0039140927,0.0039776959,0.9869360924,0.0051720524
6069,"/kaggle/input/datasets/arafatrahmann/my-data221/Epic and CSCR hospital Dataset/Train/notumor/N_434_SP_.jpg",2,notumor,2,notumor,0.0069628879,0.0040409123,0.9804881215,0.0085080992
6071,"/kaggle/input/datasets/arafatrahmann/my-data221/Epic and CSCR hospital Dataset/Train/notumor/N_435.jpg",2,notumor,2,notumor,0.0119912121,0.0129010398,0.9682304263,0.0068773814
6079,"/kaggle/input/datasets/arafatrahmann/my-data221/Epic and CSCR hospital Dataset/Train/notumor/N_436_BR_.jpg",2,notumor,2,notumor,0.0046846666,0.0093478840,0.9780966043,0.0078709014
6084,"/kaggle/input/datasets/arafatrahmann/my-data221/Epic and CSCR hospital Dataset/Train/notumor/N_436_VF_.jpg",2,notumor,2,notumor,0.0049830223,0.0126182167,0.9723178744,0.0100808982
6099,"/kaggle/input/datasets/arafatrahmann/my-data221/Epic and CSCR hospital Dataset/Train/notumor/N_43_BR_.jpg",2,notumor,2,notumor,0.0204843003,0.0053861332,0.9693590999,0.0047704801
6105,"/kaggle/input/datasets/arafatrahmann/my-data221/Epic and CSCR hospital Dataset/Train/notumor/N_44.jpg",2,notumor,2,notumor,0.0092555610,0.0297179036,0.9484220743,0.0126044434
6106,"/kaggle/input/datasets/arafatrahmann/my-data221/Epic and CSCR hospital Dataset/Train/notumor/N_44_BR_.jpg",2,notumor,2,notumor,0.0085248388,0.0242517330,0.9576330185,0.0095904535
6107,"/kaggle/input/datasets/arafatrahmann/my-data221/Epic and CSCR hospital Dataset/Train/notumor/N_44_DA_.jpg",2,notumor,2,notumor,0.0043942779,0.0044560554,0.9856206179,0.0055290419
6112,"/kaggle/input/datasets/arafatrahmann/my-data221/Epic and CSCR hospital Dataset/Train/notumor/N_45.jpg",2,notumor,2,notumor,0.0048103207,0.0033530458,0.9866753817,0.0051613273
6117,"/kaggle/input/datasets/arafatrahmann/my-data221/Epic and CSCR hospital Dataset/Train/notumor/N_45_SP_.jpg",2,notumor,2,notumor,0.0038215411,0.0041881921,0.9842717052,0.0077185840
6122,"/kaggle/input/datasets/arafatrahmann/my-data221/Epic and CSCR hospital Dataset/Train/notumor/N_46_HF_.jpg",2,notumor,2,notumor,0.0088842046,0.0154165924,0.9623732567,0.0133259352
6124,"/kaggle/input/datasets/arafatrahmann/my-data221/Epic and CSCR hospital Dataset/Train/notumor/N_46_SP_.jpg",2,notumor,2,notumor,0.0047986824,0.0074747177,0.9780656695,0.0096609276
6125,"/kaggle/input/datasets/arafatrahmann/my-data221/Epic and CSCR hospital Dataset/Train/notumor/N_46_VF_.jpg",2,notumor,2,notumor,0.0082916245,0.0118513172,0.9706333876,0.0092236493
6128,"/kaggle/input/datasets/arafatrahmann/my-data221/Epic and CSCR hospital Dataset/Train/notumor/N_47_DA_.jpg",2,notumor,2,notumor,0.0067540733,0.0052246992,0.9839879870,0.0040332307
6133,"/kaggle/input/datasets/arafatrahmann/my-data221/Epic and CSCR hospital Dataset/Train/notumor/N_48.jpg",2,notumor,2,notumor,0.0047326856,0.0085207950,0.9801104665,0.0066361278
6135,"/kaggle/input/datasets/arafatrahmann/my-data221/Epic and CSCR hospital Dataset/Train/notumor/N_48_DA_.jpg",2,notumor,2,notumor,0.0055031031,0.0085952180,0.9807128906,0.0051888451
6145,"/kaggle/input/datasets/arafatrahmann/my-data221/Epic and CSCR hospital Dataset/Train/notumor/N_49_SP_.jpg",2,notumor,2,notumor,0.0039348369,0.0058920844,0.9801723361,0.0100007085
6149,"/kaggle/input/datasets/arafatrahmann/my-data221/Epic and CSCR hospital Dataset/Train/notumor/N_4_HF_.jpg",2,notumor,2,notumor,0.0064271381,0.0057853302,0.9819780588,0.0058096135
6150,"/kaggle/input/datasets/arafatrahmann/my-data221/Epic and CSCR hospital Dataset/Train/notumor/N_4_RO_.jpg",2,notumor,2,notumor,0.0064182580,0.0075240098,0.9785289764,0.0075287684
6154,"/kaggle/input/datasets/arafatrahmann/my-data221/Epic and CSCR hospital Dataset/Train/notumor/N_50.jpg",2,notumor,2,notumor,0.0040534623,0.0057867868,0.9836801291,0.0064795925
6161,"/kaggle/input/datasets/arafatrahmann/my-data221/Epic and CSCR hospital Dataset/Train/notumor/N_51.jpg",2,notumor,2,notumor,0.0044117500,0.0068220170,0.9806799889,0.0080861999
6165,"/kaggle/input/datasets/arafatrahmann/my-data221/Epic and CSCR hospital Dataset/Train/notumor/N_51_RO_.jpg",2,notumor,2,notumor,0.0047069583,0.0067045121,0.9814928770,0.0070956149
6167,"/kaggle/input/datasets/arafatrahmann/my-data221/Epic and CSCR hospital Dataset/Train/notumor/N_51_VF_.jpg",2,notumor,2,notumor,0.0044119037,0.0103136357,0.9772175550,0.0080567962
6174,"/kaggle/input/datasets/arafatrahmann/my-data221/Epic and CSCR hospital Dataset/Train/notumor/N_56_VF_.jpg",2,notumor,2,notumor,0.0123195918,0.0047082268,0.9786831737,0.0042889654
6175,"/kaggle/input/datasets/arafatrahmann/my-data221/Epic and CSCR hospital Dataset/Train/notumor/N_57.jpg",2,notumor,2,notumor,0.0044272477,0.0044576558,0.9825783968,0.0085367113
6176,"/kaggle/input/datasets/arafatrahmann/my-data221/Epic and CSCR hospital Dataset/Train/notumor/N_57_BR_.jpg",2,notumor,2,notumor,0.0058725127,0.0069818655,0.9796950221,0.0074505894
6180,"/kaggle/input/datasets/arafatrahmann/my-data221/Epic and CSCR hospital Dataset/Train/notumor/N_57_SP_.jpg",2,notumor,2,notumor,0.0035097636,0.0038041088,0.9862586856,0.0064273649
6181,"/kaggle/input/datasets/arafatrahmann/my-data221/Epic and CSCR hospital Dataset/Train/notumor/N_57_VF_.jpg",2,notumor,0,glioma,0.6575875878,0.0080987774,0.3267736733,0.0075400039
6193,"/kaggle/input/datasets/arafatrahmann/my-data221/Epic and CSCR hospital Dataset/Train/notumor/No18.jpg",2,notumor,2,notumor,0.0066763675,0.0089296456,0.9766771197,0.0077169403
6196,"/kaggle/input/datasets/arafatrahmann/my-data221/Epic and CSCR hospital Dataset/Train/notumor/No21.jpg",2,notumor,2,notumor,0.0044888193,0.0057018264,0.9837824106,0.0060269353
6199,"/kaggle/input/datasets/arafatrahmann/my-data221/Epic and CSCR hospital Dataset/Train/notumor/Te-no_0067.jpg",2,notumor,2,notumor,0.0089821368,0.0125951963,0.9688329697,0.0095897457
6209,"/kaggle/input/datasets/arafatrahmann/my-data221/Epic and CSCR hospital Dataset/Train/notumor/Te-no_0077.jpg",2,notumor,2,notumor,0.0066960817,0.0032319438,0.9865965843,0.0034754053
6213,"/kaggle/input/datasets/arafatrahmann/my-data221/Epic and CSCR hospital Dataset/Train/notumor/Te-no_0081.jpg",2,notumor,2,notumor,0.0036191684,0.0033023842,0.9877586365,0.0053198142
6214,"/kaggle/input/datasets/arafatrahmann/my-data221/Epic and CSCR hospital Dataset/Train/notumor/Te-no_0082.jpg",2,notumor,2,notumor,0.0077867606,0.0030120069,0.9857009649,0.0035003666
6224,"/kaggle/input/datasets/arafatrahmann/my-data221/Epic and CSCR hospital Dataset/Train/notumor/Te-no_0092.jpg",2,notumor,2,notumor,0.0048105558,0.0055483994,0.9809821844,0.0086588068
6225,"/kaggle/input/datasets/arafatrahmann/my-data221/Epic and CSCR hospital Dataset/Train/notumor/Te-no_0093.jpg",2,notumor,2,notumor,0.0047020949,0.0034842968,0.9864729643,0.0053406348
6236,"/kaggle/input/datasets/arafatrahmann/my-data221/Epic and CSCR hospital Dataset/Train/notumor/Te-no_0124.jpg",2,notumor,2,notumor,0.0068977647,0.0041111880,0.9843580127,0.0046330015
6237,"/kaggle/input/datasets/arafatrahmann/my-data221/Epic and CSCR hospital Dataset/Train/notumor/Te-no_0125.jpg",2,notumor,2,notumor,0.0040476634,0.0042791287,0.9856410027,0.0060321558
6239,"/kaggle/input/datasets/arafatrahmann/my-data221/Epic and CSCR hospital Dataset/Train/notumor/Te-no_0127.jpg",2,notumor,2,notumor,0.0040782136,0.0046800729,0.9820514917,0.0091901617
6249,"/kaggle/input/datasets/arafatrahmann/my-data221/Epic and CSCR hospital Dataset/Train/notumor/Te-no_0137.jpg",2,notumor,2,notumor,0.0208231416,0.0032468368,0.9715948105,0.0043352889
6252,"/kaggle/input/datasets/arafatrahmann/my-data221/Epic and CSCR hospital Dataset/Train/notumor/Te-no_0140.jpg",2,notumor,2,notumor,0.0049925414,0.0031570208,0.9870892763,0.0047611929
6260,"/kaggle/input/datasets/arafatrahmann/my-data221/Epic and CSCR hospital Dataset/Train/notumor/Te-no_0148.jpg",2,notumor,2,notumor,0.0042595770,0.0096128508,0.9787896276,0.0073380144
6267,"/kaggle/input/datasets/arafatrahmann/my-data221/Epic and CSCR hospital Dataset/Train/notumor/Te-no_0155.jpg",2,notumor,2,notumor,0.0044761491,0.0073281899,0.9810916781,0.0071039209
6270,"/kaggle/input/datasets/arafatrahmann/my-data221/Epic and CSCR hospital Dataset/Train/notumor/Te-no_0158.jpg",2,notumor,2,notumor,0.0058464017,0.0089413496,0.9767173529,0.0084948111
6271,"/kaggle/input/datasets/arafatrahmann/my-data221/Epic and CSCR hospital Dataset/Train/notumor/Te-no_0159.jpg",2,notumor,2,notumor,0.0034716849,0.0053512957,0.9852205515,0.0059565352
6273,"/kaggle/input/datasets/arafatrahmann/my-data221/Epic and CSCR hospital Dataset/Train/notumor/Te-no_0161.jpg",2,notumor,2,notumor,0.0043123243,0.0085506393,0.9791898727,0.0079471637
6278,"/kaggle/input/datasets/arafatrahmann/my-data221/Epic and CSCR hospital Dataset/Train/notumor/Te-no_0166.jpg",2,notumor,2,notumor,0.0042399578,0.0072726822,0.9813619852,0.0071253865
6284,"/kaggle/input/datasets/arafatrahmann/my-data221/Epic and CSCR hospital Dataset/Train/notumor/Te-no_0172.jpg",2,notumor,2,notumor,0.0041474355,0.0076619252,0.9815425873,0.0066480092
6288,"/kaggle/input/datasets/arafatrahmann/my-data221/Epic and CSCR hospital Dataset/Train/notumor/Te-no_0176.jpg",2,notumor,2,notumor,0.0044393716,0.0075269612,0.9808381796,0.0071954825
6295,"/kaggle/input/datasets/arafatrahmann/my-data221/Epic and CSCR hospital Dataset/Train/notumor/Te-no_0183.jpg",2,notumor,2,notumor,0.0053667957,0.0028676051,0.9873059392,0.0044597699
6311,"/kaggle/input/datasets/arafatrahmann/my-data221/Epic and CSCR hospital Dataset/Train/notumor/Te-no_0199.jpg",2,notumor,2,notumor,0.0044565918,0.0035699350,0.9868135452,0.0051599229
6317,"/kaggle/input/datasets/arafatrahmann/my-data221/Epic and CSCR hospital Dataset/Train/notumor/Te-no_0205.jpg",2,notumor,2,notumor,0.0047615608,0.0103998268,0.9748339653,0.0100046741
6320,"/kaggle/input/datasets/arafatrahmann/my-data221/Epic and CSCR hospital Dataset/Train/notumor/Te-no_0208.jpg",2,notumor,2,notumor,0.0131230336,0.0086520184,0.9546967745,0.0235280842
6322,"/kaggle/input/datasets/arafatrahmann/my-data221/Epic and CSCR hospital Dataset/Train/notumor/Te-no_0210.jpg",2,notumor,2,notumor,0.0047983900,0.0031633503,0.9867085218,0.0053297551
6334,"/kaggle/input/datasets/arafatrahmann/my-data221/Epic and CSCR hospital Dataset/Train/notumor/Te-no_0222.jpg",2,notumor,2,notumor,0.0038865502,0.0031505958,0.9871520996,0.0058107814
6336,"/kaggle/input/datasets/arafatrahmann/my-data221/Epic and CSCR hospital Dataset/Train/notumor/Te-no_0224.jpg",2,notumor,2,notumor,0.0039217495,0.0047133872,0.9856824875,0.0056823054
6340,"/kaggle/input/datasets/arafatrahmann/my-data221/Epic and CSCR hospital Dataset/Train/notumor/Te-no_0228.jpg",2,notumor,2,notumor,0.0036412501,0.0053379619,0.9808945656,0.0101262722
6342,"/kaggle/input/datasets/arafatrahmann/my-data221/Epic and CSCR hospital Dataset/Train/notumor/Te-no_0230.jpg",2,notumor,2,notumor,0.0037243827,0.0034144148,0.9861091375,0.0067521571
6344,"/kaggle/input/datasets/arafatrahmann/my-data221/Epic and CSCR hospital Dataset/Train/notumor/Te-no_0232.jpg",2,notumor,2,notumor,0.0065794177,0.0034163520,0.9860280752,0.0039761476
6379,"/kaggle/input/datasets/arafatrahmann/my-data221/Epic and CSCR hospital Dataset/Train/notumor/Te-no_0267.jpg",2,notumor,2,notumor,0.0039611664,0.0066347206,0.9831530452,0.0062509626
6380,"/kaggle/input/datasets/arafatrahmann/my-data221/Epic and CSCR hospital Dataset/Train/notumor/Te-no_0268.jpg",2,notumor,2,notumor,0.0041806353,0.0066689379,0.9824609756,0.0066895024
6396,"/kaggle/input/datasets/arafatrahmann/my-data221/Epic and CSCR hospital Dataset/Train/notumor/Te-no_0284.jpg",2,notumor,2,notumor,0.0036467495,0.0039761118,0.9874290228,0.0049480377
6401,"/kaggle/input/datasets/arafatrahmann/my-data221/Epic and CSCR hospital Dataset/Train/notumor/Te-no_0289.jpg",2,notumor,2,notumor,0.0040603289,0.0069893142,0.9809840918,0.0079663116
6414,"/kaggle/input/datasets/arafatrahmann/my-data221/Epic and CSCR hospital Dataset/Train/notumor/Te-no_0302.jpg",2,notumor,2,notumor,0.0043627466,0.0087259021,0.9786021113,0.0083092377
6419,"/kaggle/input/datasets/arafatrahmann/my-data221/Epic and CSCR hospital Dataset/Train/notumor/Te-no_0307.jpg",2,notumor,2,notumor,0.0048615993,0.0087360879,0.9767918587,0.0096104397
6421,"/kaggle/input/datasets/arafatrahmann/my-data221/Epic and CSCR hospital Dataset/Train/notumor/Te-no_0309.jpg",2,notumor,2,notumor,0.0036269692,0.0031595409,0.9873152971,0.0058982084
6422,"/kaggle/input/datasets/arafatrahmann/my-data221/Epic and CSCR hospital Dataset/Train/notumor/Te-no_0310.jpg",2,notumor,2,notumor,0.0038655226,0.0042853062,0.9853070974,0.0065420913
6424,"/kaggle/input/datasets/arafatrahmann/my-data221/Epic and CSCR hospital Dataset/Train/notumor/Te-no_0312.jpg",2,notumor,2,notumor,0.0068155527,0.0029567815,0.9864956737,0.0037319406
6430,"/kaggle/input/datasets/arafatrahmann/my-data221/Epic and CSCR hospital Dataset/Train/notumor/Te-no_0318.jpg",2,notumor,2,notumor,0.0053377002,0.0029319285,0.9867431521,0.0049871607
6432,"/kaggle/input/datasets/arafatrahmann/my-data221/Epic and CSCR hospital Dataset/Train/notumor/Te-no_0361.jpg",2,notumor,2,notumor,0.0037631548,0.0043796645,0.9863620996,0.0054950723
6438,"/kaggle/input/datasets/arafatrahmann/my-data221/Epic and CSCR hospital Dataset/Train/notumor/Te-no_0367.jpg",2,notumor,2,notumor,0.0038889810,0.0062058368,0.9818195105,0.0080856513
6440,"/kaggle/input/datasets/arafatrahmann/my-data221/Epic and CSCR hospital Dataset/Train/notumor/Tr-no_0020.jpg",2,notumor,2,notumor,0.0048851231,0.0027140686,0.9859690666,0.0064317309
6442,"/kaggle/input/datasets/arafatrahmann/my-data221/Epic and CSCR hospital Dataset/Train/notumor/Tr-no_0022.jpg",2,notumor,2,notumor,0.0056685833,0.0139894458,0.9716506004,0.0086913370
6453,"/kaggle/input/datasets/arafatrahmann/my-data221/Epic and CSCR hospital Dataset/Train/notumor/Tr-no_0056.jpg",2,notumor,2,notumor,0.0039688516,0.0055754441,0.9841583967,0.0062973173
6455,"/kaggle/input/datasets/arafatrahmann/my-data221/Epic and CSCR hospital Dataset/Train/notumor/Tr-no_0058.jpg",2,notumor,2,notumor,0.0041643502,0.0063887248,0.9819542170,0.0074927723
6461,"/kaggle/input/datasets/arafatrahmann/my-data221/Epic and CSCR hospital Dataset/Train/notumor/Tr-no_0064.jpg",2,notumor,2,notumor,0.0043022633,0.0041092010,0.9840314984,0.0075570880
6467,"/kaggle/input/datasets/arafatrahmann/my-data221/Epic and CSCR hospital Dataset/Train/notumor/Tr-no_0070.jpg",2,notumor,2,notumor,0.0062256921,0.0042034616,0.9824577570,0.0071132085
6473,"/kaggle/input/datasets/arafatrahmann/my-data221/Epic and CSCR hospital Dataset/Train/notumor/Tr-no_0076.jpg",2,notumor,2,notumor,0.0041751787,0.0062327688,0.9662367702,0.0233552307
6492,"/kaggle/input/datasets/arafatrahmann/my-data221/Epic and CSCR hospital Dataset/Train/notumor/Tr-no_0095.jpg",2,notumor,2,notumor,0.0040151766,0.0059166686,0.9808874130,0.0091807079
6495,"/kaggle/input/datasets/arafatrahmann/my-data221/Epic and CSCR hospital Dataset/Train/notumor/Tr-no_0098.jpg",2,notumor,2,notumor,0.0128225191,0.0414402261,0.9326812625,0.0130560054
6502,"/kaggle/input/datasets/arafatrahmann/my-data221/Epic and CSCR hospital Dataset/Train/notumor/Tr-no_0106.jpg",2,notumor,2,notumor,0.1705195159,0.0485956967,0.6230652332,0.1578195542
6512,"/kaggle/input/datasets/arafatrahmann/my-data221/Epic and CSCR hospital Dataset/Train/notumor/Tr-no_0116.jpg",2,notumor,2,notumor,0.0054334216,0.0122701153,0.9730814695,0.0092150066
6525,"/kaggle/input/datasets/arafatrahmann/my-data221/Epic and CSCR hospital Dataset/Train/notumor/Tr-no_0129.jpg",2,notumor,2,notumor,0.0040674470,0.0064017037,0.9833501577,0.0061807418
6528,"/kaggle/input/datasets/arafatrahmann/my-data221/Epic and CSCR hospital Dataset/Train/notumor/Tr-no_0132.jpg",2,notumor,2,notumor,0.0053230887,0.0117773926,0.9740961194,0.0088034933
6534,"/kaggle/input/datasets/arafatrahmann/my-data221/Epic and CSCR hospital Dataset/Train/notumor/Tr-no_0138.jpg",2,notumor,2,notumor,0.0049090851,0.0055149659,0.9806711078,0.0089048427
6537,"/kaggle/input/datasets/arafatrahmann/my-data221/Epic and CSCR hospital Dataset/Train/notumor/Tr-no_0141.jpg",2,notumor,2,notumor,0.0034734407,0.0033158634,0.9871026278,0.0061081070
6541,"/kaggle/input/datasets/arafatrahmann/my-data221/Epic and CSCR hospital Dataset/Train/notumor/Tr-no_0145.jpg",2,notumor,2,notumor,0.0041341130,0.0033774716,0.9871484041,0.0053400612
6545,"/kaggle/input/datasets/arafatrahmann/my-data221/Epic and CSCR hospital Dataset/Train/notumor/Tr-no_0149.jpg",2,notumor,2,notumor,0.0045070676,0.0040780986,0.9836276770,0.0077870712
6552,"/kaggle/input/datasets/arafatrahmann/my-data221/Epic and CSCR hospital Dataset/Train/notumor/Tr-no_0156.jpg",2,notumor,2,notumor,0.0035829537,0.0040562265,0.9848724604,0.0074884109
6555,"/kaggle/input/datasets/arafatrahmann/my-data221/Epic and CSCR hospital Dataset/Train/notumor/Tr-no_0159.jpg",2,notumor,2,notumor,0.0048428853,0.0055289539,0.9840177298,0.0056104911
6560,"/kaggle/input/datasets/arafatrahmann/my-data221/Epic and CSCR hospital Dataset/Train/notumor/Tr-no_0164.jpg",2,notumor,2,notumor,0.0049378825,0.0054652854,0.9811216593,0.0084752087
6566,"/kaggle/input/datasets/arafatrahmann/my-data221/Epic and CSCR hospital Dataset/Train/notumor/Tr-no_0170.jpg",2,notumor,2,notumor,0.0041929102,0.0075733536,0.9802590609,0.0079746889
6568,"/kaggle/input/datasets/arafatrahmann/my-data221/Epic and CSCR hospital Dataset/Train/notumor/Tr-no_0172.jpg",2,notumor,2,notumor,0.0071302890,0.0075897113,0.9789020419,0.0063778982
6569,"/kaggle/input/datasets/arafatrahmann/my-data221/Epic and CSCR hospital Dataset/Train/notumor/Tr-no_0173.jpg",2,notumor,2,notumor,0.0040382980,0.0053130593,0.9623880386,0.0282605831
6573,"/kaggle/input/datasets/arafatrahmann/my-data221/Epic and CSCR hospital Dataset/Train/notumor/Tr-no_0177.jpg",2,notumor,2,notumor,0.0081428606,0.0056642247,0.9773335457,0.0088593569
6579,"/kaggle/input/datasets/arafatrahmann/my-data221/Epic and CSCR hospital Dataset/Train/notumor/Tr-no_0183.jpg",2,notumor,2,notumor,0.0036678985,0.0051139263,0.9852640033,0.0059542195
6580,"/kaggle/input/datasets/arafatrahmann/my-data221/Epic and CSCR hospital Dataset/Train/notumor/Tr-no_0184.jpg",2,notumor,2,notumor,0.0045012655,0.0115535976,0.9664731026,0.0174720008
6585,"/kaggle/input/datasets/arafatrahmann/my-data221/Epic and CSCR hospital Dataset/Train/notumor/Tr-no_0189.jpg",2,notumor,3,pituitary,0.0070915506,0.0084190192,0.2723775506,0.7121118307
6598,"/kaggle/input/datasets/arafatrahmann/my-data221/Epic and CSCR hospital Dataset/Train/notumor/Tr-no_0202.jpg",2,notumor,2,notumor,0.0132735372,0.0041969037,0.9782484174,0.0042810948
6600,"/kaggle/input/datasets/arafatrahmann/my-data221/Epic and CSCR hospital Dataset/Train/notumor/Tr-no_0204.jpg",2,notumor,2,notumor,0.0044278647,0.0064448565,0.9816049337,0.0075222710
6603,"/kaggle/input/datasets/arafatrahmann/my-data221/Epic and CSCR hospital Dataset/Train/notumor/Tr-no_0207.jpg",2,notumor,2,notumor,0.0079848003,0.0201890245,0.9609113932,0.0109148035
6610,"/kaggle/input/datasets/arafatrahmann/my-data221/Epic and CSCR hospital Dataset/Train/notumor/Tr-no_0214.jpg",2,notumor,2,notumor,0.0041718991,0.0044529745,0.9853082895,0.0060668583
6614,"/kaggle/input/datasets/arafatrahmann/my-data221/Epic and CSCR hospital Dataset/Train/notumor/Tr-no_0218.jpg",2,notumor,2,notumor,0.0056265318,0.0029917932,0.9869807959,0.0044008447
6617,"/kaggle/input/datasets/arafatrahmann/my-data221/Epic and CSCR hospital Dataset/Train/notumor/Tr-no_0221.jpg",2,notumor,2,notumor,0.0048218304,0.0110032689,0.9760219455,0.0081529357
6621,"/kaggle/input/datasets/arafatrahmann/my-data221/Epic and CSCR hospital Dataset/Train/notumor/Tr-no_0225.jpg",2,notumor,2,notumor,0.0043406598,0.0052388399,0.9793903232,0.0110302251
6623,"/kaggle/input/datasets/arafatrahmann/my-data221/Epic and CSCR hospital Dataset/Train/notumor/Tr-no_0227.jpg",2,notumor,2,notumor,0.0047497703,0.0049964599,0.9845846891,0.0056690183
6636,"/kaggle/input/datasets/arafatrahmann/my-data221/Epic and CSCR hospital Dataset/Train/notumor/Tr-no_0240.jpg",2,notumor,3,pituitary,0.0063570915,0.0092614572,0.1365792602,0.8478021622
6637,"/kaggle/input/datasets/arafatrahmann/my-data221/Epic and CSCR hospital Dataset/Train/notumor/Tr-no_0241.jpg",2,notumor,2,notumor,0.0032461763,0.0042133257,0.9830772281,0.0094632674
6642,"/kaggle/input/datasets/arafatrahmann/my-data221/Epic and CSCR hospital Dataset/Train/notumor/Tr-no_0246.jpg",2,notumor,2,notumor,0.0045770546,0.0075320201,0.9808689356,0.0070220632
6643,"/kaggle/input/datasets/arafatrahmann/my-data221/Epic and CSCR hospital Dataset/Train/notumor/Tr-no_0247.jpg",2,notumor,2,notumor,0.0044346778,0.0084945001,0.9799901843,0.0070806593
6645,"/kaggle/input/datasets/arafatrahmann/my-data221/Epic and CSCR hospital Dataset/Train/notumor/Tr-no_0249.jpg",2,notumor,3,pituitary,0.0407771580,0.0186093636,0.2942785919,0.6463348866
6648,"/kaggle/input/datasets/arafatrahmann/my-data221/Epic and CSCR hospital Dataset/Train/notumor/Tr-no_0252.jpg",2,notumor,2,notumor,0.0597584248,0.0044030184,0.9312502146,0.0045883665
6658,"/kaggle/input/datasets/arafatrahmann/my-data221/Epic and CSCR hospital Dataset/Train/notumor/Tr-no_0262.jpg",2,notumor,3,pituitary,0.0034564096,0.0039973077,0.0231567416,0.9693896174
6659,"/kaggle/input/datasets/arafatrahmann/my-data221/Epic and CSCR hospital Dataset/Train/notumor/Tr-no_0263.jpg",2,notumor,2,notumor,0.0048821680,0.0061608572,0.9791340828,0.0098228622
6673,"/kaggle/input/datasets/arafatrahmann/my-data221/Epic and CSCR hospital Dataset/Train/notumor/Tr-no_0277.jpg",2,notumor,2,notumor,0.0039669317,0.0036030810,0.9867299795,0.0057000397
6674,"/kaggle/input/datasets/arafatrahmann/my-data221/Epic and CSCR hospital Dataset/Train/notumor/Tr-no_0278.jpg",2,notumor,2,notumor,0.0052485708,0.0032591664,0.9859548807,0.0055374475
6675,"/kaggle/input/datasets/arafatrahmann/my-data221/Epic and CSCR hospital Dataset/Train/notumor/Tr-no_0279.jpg",2,notumor,2,notumor,0.0042158775,0.0060106935,0.9831311107,0.0066423654
6676,"/kaggle/input/datasets/arafatrahmann/my-data221/Epic and CSCR hospital Dataset/Train/notumor/Tr-no_0280.jpg",2,notumor,2,notumor,0.0066018528,0.0029862807,0.9867191315,0.0036926598
6678,"/kaggle/input/datasets/arafatrahmann/my-data221/Epic and CSCR hospital Dataset/Train/notumor/Tr-no_0282.jpg",2,notumor,2,notumor,0.0043412270,0.0033715679,0.9862002134,0.0060869912
6688,"/kaggle/input/datasets/arafatrahmann/my-data221/Epic and CSCR hospital Dataset/Train/notumor/Tr-no_0292.jpg",2,notumor,2,notumor,0.0060653533,0.0040716692,0.9841740727,0.0056888913
6696,"/kaggle/input/datasets/arafatrahmann/my-data221/Epic and CSCR hospital Dataset/Train/notumor/Tr-no_0300.jpg",2,notumor,2,notumor,0.0038192808,0.0061829826,0.9818819761,0.0081157070
6705,"/kaggle/input/datasets/arafatrahmann/my-data221/Epic and CSCR hospital Dataset/Train/notumor/Tr-no_0314.jpg",2,notumor,2,notumor,0.0038001579,0.0043515610,0.9854046702,0.0064435774
6714,"/kaggle/input/datasets/arafatrahmann/my-data221/Epic and CSCR hospital Dataset/Train/notumor/Tr-no_0323.jpg",2,notumor,2,notumor,0.0041493592,0.0053119357,0.9839974642,0.0065412568
6717,"/kaggle/input/datasets/arafatrahmann/my-data221/Epic and CSCR hospital Dataset/Train/notumor/Tr-no_0326.jpg",2,notumor,2,notumor,0.0041011050,0.0057383208,0.9828461409,0.0073144799
6723,"/kaggle/input/datasets/arafatrahmann/my-data221/Epic and CSCR hospital Dataset/Train/notumor/Tr-no_0332.jpg",2,notumor,2,notumor,0.0040044398,0.0056625344,0.9839292765,0.0064038513
6732,"/kaggle/input/datasets/arafatrahmann/my-data221/Epic and CSCR hospital Dataset/Train/notumor/Tr-no_0341.jpg",2,notumor,2,notumor,0.0065380684,0.0031486866,0.9868844151,0.0034288284
6734,"/kaggle/input/datasets/arafatrahmann/my-data221/Epic and CSCR hospital Dataset/Train/notumor/Tr-no_0343.jpg",2,notumor,2,notumor,0.0046459809,0.0035008746,0.9857527614,0.0061002928
6736,"/kaggle/input/datasets/arafatrahmann/my-data221/Epic and CSCR hospital Dataset/Train/notumor/Tr-no_0345.jpg",2,notumor,2,notumor,0.0035733513,0.0031980562,0.9881990552,0.0050295112
6743,"/kaggle/input/datasets/arafatrahmann/my-data221/Epic and CSCR hospital Dataset/Train/notumor/Tr-no_0352.jpg",2,notumor,2,notumor,0.0084110256,0.0136403125,0.9707333446,0.0072152345
6755,"/kaggle/input/datasets/arafatrahmann/my-data221/Epic and CSCR hospital Dataset/Train/notumor/Tr-no_0364.jpg",2,notumor,2,notumor,0.0053576403,0.0038968236,0.9869461060,0.0037993968
6760,"/kaggle/input/datasets/arafatrahmann/my-data221/Epic and CSCR hospital Dataset/Train/notumor/Tr-no_0369.jpg",2,notumor,2,notumor,0.0042935479,0.0076342574,0.9817436337,0.0063286289
6771,"/kaggle/input/datasets/arafatrahmann/my-data221/Epic and CSCR hospital Dataset/Train/notumor/Tr-no_0380.jpg",2,notumor,2,notumor,0.0039035610,0.0078811310,0.9802476168,0.0079677021
6772,"/kaggle/input/datasets/arafatrahmann/my-data221/Epic and CSCR hospital Dataset/Train/notumor/Tr-no_0381.jpg",2,notumor,2,notumor,0.0043561910,0.0066686021,0.9808241129,0.0081511009
6773,"/kaggle/input/datasets/arafatrahmann/my-data221/Epic and CSCR hospital Dataset/Train/notumor/Tr-no_0382.jpg",2,notumor,2,notumor,0.0123774009,0.0125964452,0.9669241905,0.0081019793
6775,"/kaggle/input/datasets/arafatrahmann/my-data221/Epic and CSCR hospital Dataset/Train/notumor/Tr-no_0384.jpg",2,notumor,2,notumor,0.0077197431,0.0055941404,0.9821226001,0.0045635840
6780,"/kaggle/input/datasets/arafatrahmann/my-data221/Epic and CSCR hospital Dataset/Train/notumor/Tr-no_0389.jpg",2,notumor,2,notumor,0.0040552095,0.0035835705,0.9855602980,0.0068008653
6782,"/kaggle/input/datasets/arafatrahmann/my-data221/Epic and CSCR hospital Dataset/Train/notumor/Tr-no_0391.jpg",2,notumor,2,notumor,0.0065085799,0.0056825075,0.9828395844,0.0049693896
6791,"/kaggle/input/datasets/arafatrahmann/my-data221/Epic and CSCR hospital Dataset/Train/notumor/Tr-no_0400.jpg",2,notumor,2,notumor,0.0044106697,0.0037127458,0.9866776466,0.0051989546
6794,"/kaggle/input/datasets/arafatrahmann/my-data221/Epic and CSCR hospital Dataset/Train/notumor/Tr-no_0403.jpg",2,notumor,2,notumor,0.0044256272,0.0043433984,0.9841377139,0.0070932014
6795,"/kaggle/input/datasets/arafatrahmann/my-data221/Epic and CSCR hospital Dataset/Train/notumor/Tr-no_0404.jpg",2,notumor,2,notumor,0.0039120931,0.0060634855,0.9842082262,0.0058161640
6803,"/kaggle/input/datasets/arafatrahmann/my-data221/Epic and CSCR hospital Dataset/Train/notumor/Tr-no_0412.jpg",2,notumor,2,notumor,0.0046821749,0.0123321963,0.9736562967,0.0093293283
6805,"/kaggle/input/datasets/arafatrahmann/my-data221/Epic and CSCR hospital Dataset/Train/notumor/Tr-no_0414.jpg",2,notumor,2,notumor,0.0039662374,0.0053085103,0.9835246205,0.0072005941
6808,"/kaggle/input/datasets/arafatrahmann/my-data221/Epic and CSCR hospital Dataset/Train/notumor/Tr-no_0417.jpg",2,notumor,2,notumor,0.0054905778,0.0049879295,0.9840599298,0.0054615140
6810,"/kaggle/input/datasets/arafatrahmann/my-data221/Epic and CSCR hospital Dataset/Train/notumor/Tr-no_0419.jpg",2,notumor,2,notumor,0.0030067391,0.0042661107,0.9859107137,0.0068164743
6826,"/kaggle/input/datasets/arafatrahmann/my-data221/Epic and CSCR hospital Dataset/Train/notumor/Tr-no_0435.jpg",2,notumor,2,notumor,0.0063107051,0.0052870503,0.9805316925,0.0078705167
6832,"/kaggle/input/datasets/arafatrahmann/my-data221/Epic and CSCR hospital Dataset/Train/notumor/Tr-no_0441.jpg",2,notumor,2,notumor,0.0047944468,0.0082023367,0.9785079956,0.0084952172
6850,"/kaggle/input/datasets/arafatrahmann/my-data221/Epic and CSCR hospital Dataset/Train/notumor/Tr-no_0459.jpg",2,notumor,2,notumor,0.0068008890,0.0079770051,0.9788957834,0.0063263974
6851,"/kaggle/input/datasets/arafatrahmann/my-data221/Epic and CSCR hospital Dataset/Train/notumor/Tr-no_0460.jpg",2,notumor,2,notumor,0.0037176623,0.0042831199,0.9857724309,0.0062267384
6865,"/kaggle/input/datasets/arafatrahmann/my-data221/Epic and CSCR hospital Dataset/Train/notumor/Tr-no_0474.jpg",2,notumor,2,notumor,0.0038518277,0.0058739386,0.9821735620,0.0081007369
6872,"/kaggle/input/datasets/arafatrahmann/my-data221/Epic and CSCR hospital Dataset/Train/notumor/Tr-no_0481.jpg",2,notumor,2,notumor,0.0044533284,0.0032182350,0.9883381128,0.0039903498
6874,"/kaggle/input/datasets/arafatrahmann/my-data221/Epic and CSCR hospital Dataset/Train/notumor/Tr-no_0483.jpg",2,notumor,2,notumor,0.0048443959,0.0071298731,0.9796727896,0.0083528357
6885,"/kaggle/input/datasets/arafatrahmann/my-data221/Epic and CSCR hospital Dataset/Train/notumor/Tr-no_0494.jpg",2,notumor,2,notumor,0.0042324355,0.0066742986,0.9820531011,0.0070401751
6892,"/kaggle/input/datasets/arafatrahmann/my-data221/Epic and CSCR hospital Dataset/Train/notumor/Tr-no_0506.jpg",2,notumor,2,notumor,0.0044615241,0.0090588098,0.9785649180,0.0079146605
6894,"/kaggle/input/datasets/arafatrahmann/my-data221/Epic and CSCR hospital Dataset/Train/notumor/Tr-no_0508.jpg",2,notumor,2,notumor,0.0041354666,0.0073748427,0.9816759229,0.0068138265
6906,"/kaggle/input/datasets/arafatrahmann/my-data221/Epic and CSCR hospital Dataset/Train/notumor/Tr-no_0520.jpg",2,notumor,2,notumor,0.0070296116,0.0076935254,0.9794269800,0.0058499025
6915,"/kaggle/input/datasets/arafatrahmann/my-data221/Epic and CSCR hospital Dataset/Train/notumor/Tr-no_0529.jpg",2,notumor,2,notumor,0.0049387226,0.0034886480,0.9857598543,0.0058127865
6916,"/kaggle/input/datasets/arafatrahmann/my-data221/Epic and CSCR hospital Dataset/Train/notumor/Tr-no_0530.jpg",2,notumor,2,notumor,0.0035851386,0.0046821306,0.9852922559,0.0064404593
6919,"/kaggle/input/datasets/arafatrahmann/my-data221/Epic and CSCR hospital Dataset/Train/notumor/Tr-no_0533.jpg",2,notumor,2,notumor,0.0139333215,0.0038473818,0.9781208038,0.0040984661
6925,"/kaggle/input/datasets/arafatrahmann/my-data221/Epic and CSCR hospital Dataset/Train/notumor/Tr-no_0539.jpg",2,notumor,2,notumor,0.0064114793,0.0038969188,0.9848082662,0.0048833303
6926,"/kaggle/input/datasets/arafatrahmann/my-data221/Epic and CSCR hospital Dataset/Train/notumor/Tr-no_0540.jpg",2,notumor,2,notumor,0.0035971641,0.0030736199,0.9877365828,0.0055926717
6928,"/kaggle/input/datasets/arafatrahmann/my-data221/Epic and CSCR hospital Dataset/Train/notumor/Tr-no_0542.jpg",2,notumor,2,notumor,0.0053102975,0.0055333474,0.9784245491,0.0107317455
6941,"/kaggle/input/datasets/arafatrahmann/my-data221/Epic and CSCR hospital Dataset/Train/notumor/Tr-no_0555.jpg",2,notumor,2,notumor,0.0057629202,0.0053157513,0.9830845594,0.0058367411
6945,"/kaggle/input/datasets/arafatrahmann/my-data221/Epic and CSCR hospital Dataset/Train/notumor/Tr-no_0559.jpg",2,notumor,2,notumor,0.0037716448,0.0051720957,0.9848977327,0.0061584711
6948,"/kaggle/input/datasets/arafatrahmann/my-data221/Epic and CSCR hospital Dataset/Train/notumor/Tr-no_0562.jpg",2,notumor,2,notumor,0.0036473610,0.0031432577,0.9875847101,0.0056247301
6950,"/kaggle/input/datasets/arafatrahmann/my-data221/Epic and CSCR hospital Dataset/Train/notumor/Tr-no_0564.jpg",2,notumor,2,notumor,0.0043965071,0.0039413669,0.9845186472,0.0071435296
6955,"/kaggle/input/datasets/arafatrahmann/my-data221/Epic and CSCR hospital Dataset/Train/notumor/Tr-no_0569.jpg",2,notumor,2,notumor,0.0067257523,0.0055603189,0.9814850688,0.0062288134
6959,"/kaggle/input/datasets/arafatrahmann/my-data221/Epic and CSCR hospital Dataset/Train/notumor/Tr-no_0573.jpg",2,notumor,2,notumor,0.0063320128,0.0042461255,0.9839043617,0.0055174492
6963,"/kaggle/input/datasets/arafatrahmann/my-data221/Epic and CSCR hospital Dataset/Train/notumor/Tr-no_0577.jpg",2,notumor,2,notumor,0.0041747764,0.0065085804,0.9809725881,0.0083440710
6964,"/kaggle/input/datasets/arafatrahmann/my-data221/Epic and CSCR hospital Dataset/Train/notumor/Tr-no_0578.jpg",2,notumor,2,notumor,0.1821444929,0.0056111235,0.8069670796,0.0052773757
6965,"/kaggle/input/datasets/arafatrahmann/my-data221/Epic and CSCR hospital Dataset/Train/notumor/Tr-no_0579.jpg",2,notumor,2,notumor,0.0065771872,0.0070244088,0.9798328280,0.0065655634
6972,"/kaggle/input/datasets/arafatrahmann/my-data221/Epic and CSCR hospital Dataset/Train/notumor/Tr-no_0586.jpg",2,notumor,2,notumor,0.0045192866,0.0042573377,0.9829362631,0.0082871243
6984,"/kaggle/input/datasets/arafatrahmann/my-data221/Epic and CSCR hospital Dataset/Train/notumor/Tr-no_0598.jpg",2,notumor,2,notumor,0.3220909536,0.0147985695,0.6562114954,0.0068989904
6986,"/kaggle/input/datasets/arafatrahmann/my-data221/Epic and CSCR hospital Dataset/Train/notumor/Tr-no_0600.jpg",2,notumor,2,notumor,0.0037400082,0.0036752424,0.9840394855,0.0085452637
6987,"/kaggle/input/datasets/arafatrahmann/my-data221/Epic and CSCR hospital Dataset/Train/notumor/Tr-no_0601.jpg",2,notumor,2,notumor,0.0037869092,0.0047882544,0.9836012721,0.0078234728
6992,"/kaggle/input/datasets/arafatrahmann/my-data221/Epic and CSCR hospital Dataset/Train/notumor/Tr-no_0606.jpg",2,notumor,2,notumor,0.0036946083,0.0042652851,0.9870098233,0.0050303098
6998,"/kaggle/input/datasets/arafatrahmann/my-data221/Epic and CSCR hospital Dataset/Train/notumor/Tr-no_0612.jpg",2,notumor,2,notumor,0.4533843994,0.0066310554,0.5336903334,0.0062942430
7007,"/kaggle/input/datasets/arafatrahmann/my-data221/Epic and CSCR hospital Dataset/Train/notumor/Tr-no_0621.jpg",2,notumor,2,notumor,0.0043331641,0.0084338244,0.9781769514,0.0090560205
7013,"/kaggle/input/datasets/arafatrahmann/my-data221/Epic and CSCR hospital Dataset/Train/notumor/Tr-no_0627.jpg",2,notumor,2,notumor,0.0041733282,0.0062989080,0.9811153412,0.0084124105
7015,"/kaggle/input/datasets/arafatrahmann/my-data221/Epic and CSCR hospital Dataset/Train/notumor/Tr-no_0629.jpg",2,notumor,2,notumor,0.0048938990,0.0074061742,0.9810830951,0.0066169486
7017,"/kaggle/input/datasets/arafatrahmann/my-data221/Epic and CSCR hospital Dataset/Train/notumor/Tr-no_0631.jpg",2,notumor,2,notumor,0.0043246881,0.0084728673,0.9801594019,0.0070429901
7027,"/kaggle/input/datasets/arafatrahmann/my-data221/Epic and CSCR hospital Dataset/Train/notumor/Tr-no_0641.jpg",2,notumor,2,notumor,0.0040517082,0.0067193643,0.9824102521,0.0068186135
7032,"/kaggle/input/datasets/arafatrahmann/my-data221/Epic and CSCR hospital Dataset/Train/notumor/Tr-no_0646.jpg",2,notumor,2,notumor,0.0049983608,0.0070080585,0.9793039560,0.0086897193
7033,"/kaggle/input/datasets/arafatrahmann/my-data221/Epic and CSCR hospital Dataset/Train/notumor/Tr-no_0647.jpg",2,notumor,2,notumor,0.0037690047,0.0057009528,0.9833295941,0.0072004544
7034,"/kaggle/input/datasets/arafatrahmann/my-data221/Epic and CSCR hospital Dataset/Train/notumor/Tr-no_0648.jpg",2,notumor,2,notumor,0.0046107797,0.0073777512,0.9821144938,0.0058969376
7045,"/kaggle/input/datasets/arafatrahmann/my-data221/Epic and CSCR hospital Dataset/Train/notumor/Tr-no_0674.jpg",2,notumor,2,notumor,0.0044986466,0.0094034793,0.9772332907,0.0088645946
7056,"/kaggle/input/datasets/arafatrahmann/my-data221/Epic and CSCR hospital Dataset/Train/notumor/Tr-no_0696.jpg",2,notumor,2,notumor,0.0043305582,0.0087023657,0.9783104658,0.0086565223
7064,"/kaggle/input/datasets/arafatrahmann/my-data221/Epic and CSCR hospital Dataset/Train/notumor/image(141) - Copy.jpg",2,notumor,2,notumor,0.0040885434,0.0056770639,0.9823216200,0.0079127979
7070,"/kaggle/input/datasets/arafatrahmann/my-data221/Epic and CSCR hospital Dataset/Train/notumor/image(144) - Copy.jpg",2,notumor,2,notumor,0.0040927012,0.0056974590,0.9826614261,0.0075482936
7071,"/kaggle/input/datasets/arafatrahmann/my-data221/Epic and CSCR hospital Dataset/Train/notumor/image(144).jpg",2,notumor,2,notumor,0.0041541746,0.0060705161,0.9819816351,0.0077936081
7078,"/kaggle/input/datasets/arafatrahmann/my-data221/Epic and CSCR hospital Dataset/Train/notumor/image(148) - Copy.jpg",2,notumor,2,notumor,0.0041703759,0.0062597329,0.9832994342,0.0062705008
7081,"/kaggle/input/datasets/arafatrahmann/my-data221/Epic and CSCR hospital Dataset/Train/notumor/image(149).jpg",2,notumor,2,notumor,0.0042635393,0.0063974424,0.9807723165,0.0085667651
7090,"/kaggle/input/datasets/arafatrahmann/my-data221/Epic and CSCR hospital Dataset/Train/notumor/image(153) - Copy.jpg",2,notumor,2,notumor,0.0054549593,0.0056683482,0.9835761786,0.0053004855
7092,"/kaggle/input/datasets/arafatrahmann/my-data221/Epic and CSCR hospital Dataset/Train/notumor/image(154) - Copy.jpg",2,notumor,2,notumor,0.0040530823,0.0063342727,0.9834888577,0.0061237626
7093,"/kaggle/input/datasets/arafatrahmann/my-data221/Epic and CSCR hospital Dataset/Train/notumor/image(154).jpg",2,notumor,2,notumor,0.0041552181,0.0067476435,0.9825302362,0.0065668994
7096,"/kaggle/input/datasets/arafatrahmann/my-data221/Epic and CSCR hospital Dataset/Train/notumor/image(156) - Copy.jpg",2,notumor,2,notumor,0.0046618045,0.0092874533,0.9783412218,0.0077095712
7110,"/kaggle/input/datasets/arafatrahmann/my-data221/Epic and CSCR hospital Dataset/Train/notumor/image(164).jpg",2,notumor,2,notumor,0.0036088210,0.0036681984,0.9837182164,0.0090047484
7112,"/kaggle/input/datasets/arafatrahmann/my-data221/Epic and CSCR hospital Dataset/Train/notumor/image(173).jpg",2,notumor,2,notumor,0.0050993832,0.0056380834,0.9803256989,0.0089368159
7117,"/kaggle/input/datasets/arafatrahmann/my-data221/Epic and CSCR hospital Dataset/Train/notumor/image(178).jpg",2,notumor,2,notumor,0.0053636851,0.0063192644,0.9821342230,0.0061828555
7120,"/kaggle/input/datasets/arafatrahmann/my-data221/Epic and CSCR hospital Dataset/Train/notumor/image(181).jpg",2,notumor,2,notumor,0.0048141661,0.0054240925,0.9844199419,0.0053418926
7122,"/kaggle/input/datasets/arafatrahmann/my-data221/Epic and CSCR hospital Dataset/Train/notumor/image(183).jpg",2,notumor,2,notumor,0.0054178932,0.0050460761,0.9826978445,0.0068382113
7124,"/kaggle/input/datasets/arafatrahmann/my-data221/Epic and CSCR hospital Dataset/Train/notumor/image(185).jpg",2,notumor,2,notumor,0.0044864304,0.0110878330,0.9761147499,0.0083109792
7131,"/kaggle/input/datasets/arafatrahmann/my-data221/Epic and CSCR hospital Dataset/Train/notumor/image(192).jpg",2,notumor,2,notumor,0.0045929863,0.0068585612,0.9792934656,0.0092549874
7134,"/kaggle/input/datasets/arafatrahmann/my-data221/Epic and CSCR hospital Dataset/Train/notumor/no 100.jpg",2,notumor,2,notumor,0.0090948464,0.0084925359,0.9729551077,0.0094574308
7146,"/kaggle/input/datasets/arafatrahmann/my-data221/Epic and CSCR hospital Dataset/Train/pituitary/1178.jpg",3,pituitary,3,pituitary,0.0046642455,0.0130424295,0.0077485470,0.9745447040
7148,"/kaggle/input/datasets/arafatrahmann/my-data221/Epic and CSCR hospital Dataset/Train/pituitary/1180.jpg",3,pituitary,3,pituitary,0.0045227543,0.0102706542,0.0076470552,0.9775594473
7161,"/kaggle/input/datasets/arafatrahmann/my-data221/Epic and CSCR hospital Dataset/Train/pituitary/1193.jpg",3,pituitary,3,pituitary,0.0044835024,0.0077874227,0.0082441233,0.9794849157
7163,"/kaggle/input/datasets/arafatrahmann/my-data221/Epic and CSCR hospital Dataset/Train/pituitary/1195.jpg",3,pituitary,3,pituitary,0.0044970298,0.0077684321,0.0081386054,0.9795959592
7165,"/kaggle/input/datasets/arafatrahmann/my-data221/Epic and CSCR hospital Dataset/Train/pituitary/1197.jpg",3,pituitary,3,pituitary,0.0053243097,0.0073132170,0.0068446109,0.9805178642
7174,"/kaggle/input/datasets/arafatrahmann/my-data221/Epic and CSCR hospital Dataset/Train/pituitary/P_706.jpg",3,pituitary,3,pituitary,0.0052609979,0.0147203505,0.0073401025,0.9726785421
7175,"/kaggle/input/datasets/arafatrahmann/my-data221/Epic and CSCR hospital Dataset/Train/pituitary/P_706_BR_.jpg",3,pituitary,3,pituitary,0.0055623245,0.0166638140,0.0080130519,0.9697607756
7176,"/kaggle/input/datasets/arafatrahmann/my-data221/Epic and CSCR hospital Dataset/Train/pituitary/P_706_DA_.jpg",3,pituitary,3,pituitary,0.0055358587,0.0129818562,0.0071251742,0.9743571281
7177,"/kaggle/input/datasets/arafatrahmann/my-data221/Epic and CSCR hospital Dataset/Train/pituitary/P_706_HF_.jpg",3,pituitary,3,pituitary,0.0053977189,0.0178303197,0.0077886567,0.9689832926
7182,"/kaggle/input/datasets/arafatrahmann/my-data221/Epic and CSCR hospital Dataset/Train/pituitary/P_707_BR_.jpg",3,pituitary,3,pituitary,0.0049269930,0.0077739670,0.0074115535,0.9798874855
7185,"/kaggle/input/datasets/arafatrahmann/my-data221/Epic and CSCR hospital Dataset/Train/pituitary/P_70_HF_.jpg",3,pituitary,3,pituitary,0.0047379076,0.0116876690,0.0068413904,0.9767330885
7190,"/kaggle/input/datasets/arafatrahmann/my-data221/Epic and CSCR hospital Dataset/Train/pituitary/P_710.jpg",3,pituitary,3,pituitary,0.0045752069,0.0103048980,0.0077510402,0.9773688316
7192,"/kaggle/input/datasets/arafatrahmann/my-data221/Epic and CSCR hospital Dataset/Train/pituitary/P_710_DA_.jpg",3,pituitary,3,pituitary,0.0049508102,0.0108297970,0.0070083411,0.9772111177
7198,"/kaggle/input/datasets/arafatrahmann/my-data221/Epic and CSCR hospital Dataset/Train/pituitary/P_711_BR_.jpg",3,pituitary,3,pituitary,0.0050810133,0.0095222564,0.0073971809,0.9779995680
7200,"/kaggle/input/datasets/arafatrahmann/my-data221/Epic and CSCR hospital Dataset/Train/pituitary/P_711_HF_.jpg",3,pituitary,3,pituitary,0.0049916552,0.0114990929,0.0077802734,0.9757289886
7201,"/kaggle/input/datasets/arafatrahmann/my-data221/Epic and CSCR hospital Dataset/Train/pituitary/P_711_RO_.jpg",3,pituitary,3,pituitary,0.0059318324,0.0116243111,0.0116287563,0.9708150625
7214,"/kaggle/input/datasets/arafatrahmann/my-data221/Epic and CSCR hospital Dataset/Train/pituitary/P_713_HF_.jpg",3,pituitary,3,pituitary,0.0047752936,0.0082595972,0.0073404922,0.9796245694
7216,"/kaggle/input/datasets/arafatrahmann/my-data221/Epic and CSCR hospital Dataset/Train/pituitary/P_713_SP_.jpg",3,pituitary,3,pituitary,0.0062767654,0.0081778970,0.0063106590,0.9792346954
7217,"/kaggle/input/datasets/arafatrahmann/my-data221/Epic and CSCR hospital Dataset/Train/pituitary/P_713_VF_.jpg",3,pituitary,3,pituitary,0.0047781849,0.0086854873,0.0082486328,0.9782876968
7219,"/kaggle/input/datasets/arafatrahmann/my-data221/Epic and CSCR hospital Dataset/Train/pituitary/P_714_BR_.jpg",3,pituitary,3,pituitary,0.0048647164,0.0075201290,0.0080095856,0.9796055555
7223,"/kaggle/input/datasets/arafatrahmann/my-data221/Epic and CSCR hospital Dataset/Train/pituitary/P_714_SP_.jpg",3,pituitary,3,pituitary,0.0055772150,0.0090091983,0.0066366135,0.9787769318
7231,"/kaggle/input/datasets/arafatrahmann/my-data221/Epic and CSCR hospital Dataset/Train/pituitary/P_715_VF_.jpg",3,pituitary,3,pituitary,0.0048277946,0.0078697726,0.0088775968,0.9784248471
7242,"/kaggle/input/datasets/arafatrahmann/my-data221/Epic and CSCR hospital Dataset/Train/pituitary/P_717_HF_.jpg",3,pituitary,3,pituitary,0.0051047574,0.0094941836,0.0062845820,0.9791164398
7244,"/kaggle/input/datasets/arafatrahmann/my-data221/Epic and CSCR hospital Dataset/Train/pituitary/P_717_SP_.jpg",3,pituitary,3,pituitary,0.0064325593,0.0094452370,0.0066662296,0.9774559736
7246,"/kaggle/input/datasets/arafatrahmann/my-data221/Epic and CSCR hospital Dataset/Train/pituitary/P_718.jpg",3,pituitary,3,pituitary,0.0050410875,0.0110282376,0.0076567708,0.9762738943
7258,"/kaggle/input/datasets/arafatrahmann/my-data221/Epic and CSCR hospital Dataset/Train/pituitary/P_719_SP_.jpg",3,pituitary,3,pituitary,0.0060407608,0.0092750601,0.0164975114,0.9681866765
7261,"/kaggle/input/datasets/arafatrahmann/my-data221/Epic and CSCR hospital Dataset/Train/pituitary/P_71_DA_.jpg",3,pituitary,3,pituitary,0.0051971627,0.0122017981,0.0062706000,0.9763303995
7267,"/kaggle/input/datasets/arafatrahmann/my-data221/Epic and CSCR hospital Dataset/Train/pituitary/P_720.jpg",3,pituitary,3,pituitary,0.0043626186,0.0090355091,0.0085935537,0.9780082703
7275,"/kaggle/input/datasets/arafatrahmann/my-data221/Epic and CSCR hospital Dataset/Train/pituitary/P_721_BR_.jpg",3,pituitary,3,pituitary,0.0046617468,0.0123659251,0.0091843195,0.9737879634
7278,"/kaggle/input/datasets/arafatrahmann/my-data221/Epic and CSCR hospital Dataset/Train/pituitary/P_721_RO_.jpg",3,pituitary,3,pituitary,0.0044816975,0.0080248713,0.0091776121,0.9783158302
7286,"/kaggle/input/datasets/arafatrahmann/my-data221/Epic and CSCR hospital Dataset/Train/pituitary/P_722_SP_.jpg",3,pituitary,3,pituitary,0.0051249918,0.0089216456,0.0072224401,0.9787309766
7296,"/kaggle/input/datasets/arafatrahmann/my-data221/Epic and CSCR hospital Dataset/Train/pituitary/P_724_BR_.jpg",3,pituitary,3,pituitary,0.0049248664,0.0095841894,0.0075777136,0.9779132605
7302,"/kaggle/input/datasets/arafatrahmann/my-data221/Epic and CSCR hospital Dataset/Train/pituitary/P_725.jpg",3,pituitary,3,pituitary,0.0046279863,0.0086403508,0.0073750094,0.9793566465
7304,"/kaggle/input/datasets/arafatrahmann/my-data221/Epic and CSCR hospital Dataset/Train/pituitary/P_725_DA_.jpg",3,pituitary,3,pituitary,0.0052459030,0.0109535484,0.0069820257,0.9768184423
7311,"/kaggle/input/datasets/arafatrahmann/my-data221/Epic and CSCR hospital Dataset/Train/pituitary/P_726_DA_.jpg",3,pituitary,3,pituitary,0.0057283370,0.0098903831,0.0070133992,0.9773678780
7317,"/kaggle/input/datasets/arafatrahmann/my-data221/Epic and CSCR hospital Dataset/Train/pituitary/P_727_BR_.jpg",3,pituitary,3,pituitary,0.0054087224,0.0099736722,0.0082943197,0.9763233066
7319,"/kaggle/input/datasets/arafatrahmann/my-data221/Epic and CSCR hospital Dataset/Train/pituitary/P_727_HF_.jpg",3,pituitary,3,pituitary,0.0051667220,0.0106903575,0.0076931282,0.9764497876
7321,"/kaggle/input/datasets/arafatrahmann/my-data221/Epic and CSCR hospital Dataset/Train/pituitary/P_727_SP_.jpg",3,pituitary,3,pituitary,0.0060699573,0.0100400485,0.0069722449,0.9769177437
7323,"/kaggle/input/datasets/arafatrahmann/my-data221/Epic and CSCR hospital Dataset/Train/pituitary/P_728.jpg",3,pituitary,3,pituitary,0.0048535005,0.0083380425,0.0088777011,0.9779308438
7326,"/kaggle/input/datasets/arafatrahmann/my-data221/Epic and CSCR hospital Dataset/Train/pituitary/P_728_HF_.jpg",3,pituitary,3,pituitary,0.0048122071,0.0083529595,0.0090402570,0.9777945280
7328,"/kaggle/input/datasets/arafatrahmann/my-data221/Epic and CSCR hospital Dataset/Train/pituitary/P_728_SP_.jpg",3,pituitary,3,pituitary,0.0058809426,0.0100276023,0.0071849748,0.9769065976
7329,"/kaggle/input/datasets/arafatrahmann/my-data221/Epic and CSCR hospital Dataset/Train/pituitary/P_728_VF_.jpg",3,pituitary,3,pituitary,0.0048211114,0.0081907595,0.0083176885,0.9786704779
7330,"/kaggle/input/datasets/arafatrahmann/my-data221/Epic and CSCR hospital Dataset/Train/pituitary/P_729.jpg",3,pituitary,3,pituitary,0.0049240696,0.0090731382,0.0077045136,0.9782983065
7333,"/kaggle/input/datasets/arafatrahmann/my-data221/Epic and CSCR hospital Dataset/Train/pituitary/P_729_HF_.jpg",3,pituitary,3,pituitary,0.0051662070,0.0092263175,0.0072430419,0.9783644676
7341,"/kaggle/input/datasets/arafatrahmann/my-data221/Epic and CSCR hospital Dataset/Train/pituitary/P_72_SP_.jpg",3,pituitary,3,pituitary,0.0052387142,0.0096304212,0.0062624021,0.9788686037
7348,"/kaggle/input/datasets/arafatrahmann/my-data221/Epic and CSCR hospital Dataset/Train/pituitary/P_730_RO_.jpg",3,pituitary,3,pituitary,0.0049805688,0.0077113188,0.0087275105,0.9785805941
7351,"/kaggle/input/datasets/arafatrahmann/my-data221/Epic and CSCR hospital Dataset/Train/pituitary/P_731.jpg",3,pituitary,3,pituitary,0.0045765094,0.0070115165,0.0090265479,0.9793853760
7354,"/kaggle/input/datasets/arafatrahmann/my-data221/Epic and CSCR hospital Dataset/Train/pituitary/P_731_HF_.jpg",3,pituitary,3,pituitary,0.0046183793,0.0071411915,0.0092431987,0.9789972305
7363,"/kaggle/input/datasets/arafatrahmann/my-data221/Epic and CSCR hospital Dataset/Train/pituitary/P_732_SP_.jpg",3,pituitary,3,pituitary,0.0064075976,0.0094717201,0.0064844205,0.9776363373
7367,"/kaggle/input/datasets/arafatrahmann/my-data221/Epic and CSCR hospital Dataset/Train/pituitary/P_733_DA_.jpg",3,pituitary,3,pituitary,0.0053102849,0.0096022617,0.0058264798,0.9792609215
7377,"/kaggle/input/datasets/arafatrahmann/my-data221/Epic and CSCR hospital Dataset/Train/pituitary/P_734_SP_.jpg",3,pituitary,3,pituitary,0.0055227610,0.0095910486,0.0082851136,0.9766011238
7378,"/kaggle/input/datasets/arafatrahmann/my-data221/Epic and CSCR hospital Dataset/Train/pituitary/P_734_VF_.jpg",3,pituitary,3,pituitary,0.0070928647,0.0240065269,0.0071344562,0.9617662430
7379,"/kaggle/input/datasets/arafatrahmann/my-data221/Epic and CSCR hospital Dataset/Train/pituitary/P_735.jpg",3,pituitary,3,pituitary,0.0053824680,0.0173965245,0.0069213724,0.9702996016
7380,"/kaggle/input/datasets/arafatrahmann/my-data221/Epic and CSCR hospital Dataset/Train/pituitary/P_735_BR_.jpg",3,pituitary,3,pituitary,0.0058130710,0.0134652387,0.0074110404,0.9733105898
7386,"/kaggle/input/datasets/arafatrahmann/my-data221/Epic and CSCR hospital Dataset/Train/pituitary/P_736.jpg",3,pituitary,3,pituitary,0.0053521763,0.0144211324,0.0065557016,0.9736709595
7389,"/kaggle/input/datasets/arafatrahmann/my-data221/Epic and CSCR hospital Dataset/Train/pituitary/P_736_HF_.jpg",3,pituitary,3,pituitary,0.0051875347,0.0133811804,0.0068681999,0.9745630026
7399,"/kaggle/input/datasets/arafatrahmann/my-data221/Epic and CSCR hospital Dataset/Train/pituitary/P_737_VF_.jpg",3,pituitary,3,pituitary,0.0052044671,0.0152471438,0.0072505972,0.9722977877
7402,"/kaggle/input/datasets/arafatrahmann/my-data221/Epic and CSCR hospital Dataset/Train/pituitary/P_738_DA_.jpg",3,pituitary,3,pituitary,0.0050103636,0.0105969030,0.0068507530,0.9775420427
7404,"/kaggle/input/datasets/arafatrahmann/my-data221/Epic and CSCR hospital Dataset/Train/pituitary/P_738_RO_.jpg",3,pituitary,3,pituitary,0.0044224379,0.0076459707,0.0083559984,0.9795756340
7416,"/kaggle/input/datasets/arafatrahmann/my-data221/Epic and CSCR hospital Dataset/Train/pituitary/P_73_HF_.jpg",3,pituitary,3,pituitary,0.0044445647,0.0079951370,0.0074958429,0.9800643921
7421,"/kaggle/input/datasets/arafatrahmann/my-data221/Epic and CSCR hospital Dataset/Train/pituitary/P_740.jpg",3,pituitary,3,pituitary,0.0054505942,0.0232060235,0.0071075545,0.9642359018
7424,"/kaggle/input/datasets/arafatrahmann/my-data221/Epic and CSCR hospital Dataset/Train/pituitary/P_740_HF_.jpg",3,pituitary,3,pituitary,0.0058787605,0.0302082840,0.0073368275,0.9565760493
7425,"/kaggle/input/datasets/arafatrahmann/my-data221/Epic and CSCR hospital Dataset/Train/pituitary/P_740_RO_.jpg",3,pituitary,3,pituitary,0.0068865744,0.0162714384,0.0069869072,0.9698551297
7426,"/kaggle/input/datasets/arafatrahmann/my-data221/Epic and CSCR hospital Dataset/Train/pituitary/P_740_SP_.jpg",3,pituitary,3,pituitary,0.0057799704,0.0115515785,0.0076932623,0.9749752283
7432,"/kaggle/input/datasets/arafatrahmann/my-data221/Epic and CSCR hospital Dataset/Train/pituitary/P_741_RO_.jpg",3,pituitary,3,pituitary,0.0058204718,0.0112385256,0.0062479042,0.9766931534
7433,"/kaggle/input/datasets/arafatrahmann/my-data221/Epic and CSCR hospital Dataset/Train/pituitary/P_741_SP_.jpg",3,pituitary,3,pituitary,0.0100918831,0.0092339255,0.0063963933,0.9742777944
7435,"/kaggle/input/datasets/arafatrahmann/my-data221/Epic and CSCR hospital Dataset/Train/pituitary/P_742.jpg",3,pituitary,3,pituitary,0.0049612853,0.0101800580,0.0064940862,0.9783645868
7439,"/kaggle/input/datasets/arafatrahmann/my-data221/Epic and CSCR hospital Dataset/Train/pituitary/P_742_RO_.jpg",3,pituitary,3,pituitary,0.0055581941,0.0106998384,0.0074778930,0.9762641191
7441,"/kaggle/input/datasets/arafatrahmann/my-data221/Epic and CSCR hospital Dataset/Train/pituitary/P_742_VF_.jpg",3,pituitary,3,pituitary,0.0057242764,0.0112593826,0.0055750171,0.9774414301
7447,"/kaggle/input/datasets/arafatrahmann/my-data221/Epic and CSCR hospital Dataset/Train/pituitary/P_743_SP_.jpg",3,pituitary,3,pituitary,0.0154494764,0.0092933476,0.0062426892,0.9690145254
7449,"/kaggle/input/datasets/arafatrahmann/my-data221/Epic and CSCR hospital Dataset/Train/pituitary/P_744.jpg",3,pituitary,3,pituitary,0.0046597454,0.0130143669,0.0077710422,0.9745548368
7453,"/kaggle/input/datasets/arafatrahmann/my-data221/Epic and CSCR hospital Dataset/Train/pituitary/P_744_RO_.jpg",3,pituitary,3,pituitary,0.0051101102,0.0133452388,0.0084906844,0.9730539322
7459,"/kaggle/input/datasets/arafatrahmann/my-data221/Epic and CSCR hospital Dataset/Train/pituitary/P_745_HF_.jpg",3,pituitary,3,pituitary,0.0047862632,0.0169605725,0.0083136037,0.9699395299
7470,"/kaggle/input/datasets/arafatrahmann/my-data221/Epic and CSCR hospital Dataset/Train/pituitary/P_747.jpg",3,pituitary,3,pituitary,0.0049571204,0.0148625504,0.0071921400,0.9729882479
7477,"/kaggle/input/datasets/arafatrahmann/my-data221/Epic and CSCR hospital Dataset/Train/pituitary/P_748.jpg",3,pituitary,3,pituitary,0.0054570390,0.0257913377,0.0072366698,0.9615148306
7481,"/kaggle/input/datasets/arafatrahmann/my-data221/Epic and CSCR hospital Dataset/Train/pituitary/P_748_RO_.jpg",3,pituitary,3,pituitary,0.0053758756,0.0150371240,0.0074604652,0.9721266031
7484,"/kaggle/input/datasets/arafatrahmann/my-data221/Epic and CSCR hospital Dataset/Train/pituitary/P_749.jpg",3,pituitary,3,pituitary,0.0052703233,0.0197647661,0.0062541612,0.9687107801
7499,"/kaggle/input/datasets/arafatrahmann/my-data221/Epic and CSCR hospital Dataset/Train/pituitary/P_750_BR_.jpg",3,pituitary,3,pituitary,0.0045774551,0.0076138885,0.0095002810,0.9783083200
7502,"/kaggle/input/datasets/arafatrahmann/my-data221/Epic and CSCR hospital Dataset/Train/pituitary/P_750_RO_.jpg",3,pituitary,3,pituitary,0.0044068615,0.0079167476,0.0080512017,0.9796252251
7505,"/kaggle/input/datasets/arafatrahmann/my-data221/Epic and CSCR hospital Dataset/Train/pituitary/P_751.jpg",3,pituitary,3,pituitary,0.0050260639,0.0101577323,0.0067310841,0.9780851603
7508,"/kaggle/input/datasets/arafatrahmann/my-data221/Epic and CSCR hospital Dataset/Train/pituitary/P_751_HF_.jpg",3,pituitary,3,pituitary,0.0049219998,0.0096869934,0.0072975964,0.9780934453
7510,"/kaggle/input/datasets/arafatrahmann/my-data221/Epic and CSCR hospital Dataset/Train/pituitary/P_751_SP_.jpg",3,pituitary,3,pituitary,0.0091298539,0.0089605851,0.0085437084,0.9733659029
7513,"/kaggle/input/datasets/arafatrahmann/my-data221/Epic and CSCR hospital Dataset/Train/pituitary/P_752_BR_.jpg",3,pituitary,3,pituitary,0.0050498825,0.0100803822,0.0078606736,0.9770091176
7517,"/kaggle/input/datasets/arafatrahmann/my-data221/Epic and CSCR hospital Dataset/Train/pituitary/P_752_SP_.jpg",3,pituitary,3,pituitary,0.0065090531,0.0105217919,0.0089384187,0.9740306735
7518,"/kaggle/input/datasets/arafatrahmann/my-data221/Epic and CSCR hospital Dataset/Train/pituitary/P_752_VF_.jpg",3,pituitary,3,pituitary,0.0053887884,0.0132607166,0.0061566993,0.9751937985
7524,"/kaggle/input/datasets/arafatrahmann/my-data221/Epic and CSCR hospital Dataset/Train/pituitary/P_753_SP_.jpg",3,pituitary,3,pituitary,0.0081662331,0.0096311923,0.0075420374,0.9746605754
7528,"/kaggle/input/datasets/arafatrahmann/my-data221/Epic and CSCR hospital Dataset/Train/pituitary/P_754_DA_.jpg",3,pituitary,3,pituitary,0.0058516464,0.0121208206,0.0070867511,0.9749407768
7530,"/kaggle/input/datasets/arafatrahmann/my-data221/Epic and CSCR hospital Dataset/Train/pituitary/P_754_RO_.jpg",3,pituitary,3,pituitary,0.0064805858,0.0132894041,0.0286845509,0.9515454173
7531,"/kaggle/input/datasets/arafatrahmann/my-data221/Epic and CSCR hospital Dataset/Train/pituitary/P_754_SP_.jpg",3,pituitary,2,notumor,0.0062005073,0.0068910108,0.9418875575,0.0450208411
7533,"/kaggle/input/datasets/arafatrahmann/my-data221/Epic and CSCR hospital Dataset/Train/pituitary/P_755.jpg",3,pituitary,3,pituitary,0.0051449439,0.0099459011,0.0080089187,0.9769002199
7535,"/kaggle/input/datasets/arafatrahmann/my-data221/Epic and CSCR hospital Dataset/Train/pituitary/P_755_DA_.jpg",3,pituitary,3,pituitary,0.0056727328,0.0092161195,0.0097240852,0.9753870964
7537,"/kaggle/input/datasets/arafatrahmann/my-data221/Epic and CSCR hospital Dataset/Train/pituitary/P_755_RO_.jpg",3,pituitary,3,pituitary,0.0063243620,0.0113677196,0.0216285102,0.9606794119
7543,"/kaggle/input/datasets/arafatrahmann/my-data221/Epic and CSCR hospital Dataset/Train/pituitary/P_756_HF_.jpg",3,pituitary,3,pituitary,0.0049818270,0.0094213169,0.0077006714,0.9778960943
7550,"/kaggle/input/datasets/arafatrahmann/my-data221/Epic and CSCR hospital Dataset/Train/pituitary/P_757_HF_.jpg",3,pituitary,3,pituitary,0.0051524700,0.0112910848,0.0082257073,0.9753307104
7555,"/kaggle/input/datasets/arafatrahmann/my-data221/Epic and CSCR hospital Dataset/Train/pituitary/P_758_BR_.jpg",3,pituitary,3,pituitary,0.0046616318,0.0071086800,0.0083831493,0.9798465967
7556,"/kaggle/input/datasets/arafatrahmann/my-data221/Epic and CSCR hospital Dataset/Train/pituitary/P_758_DA_.jpg",3,pituitary,3,pituitary,0.0051472625,0.0104760611,0.0064577921,0.9779188037
7561,"/kaggle/input/datasets/arafatrahmann/my-data221/Epic and CSCR hospital Dataset/Train/pituitary/P_759.jpg",3,pituitary,3,pituitary,0.0046265395,0.0070797824,0.0079684043,0.9803253412
7562,"/kaggle/input/datasets/arafatrahmann/my-data221/Epic and CSCR hospital Dataset/Train/pituitary/P_759_BR_.jpg",3,pituitary,3,pituitary,0.0045568608,0.0061346442,0.0080324570,0.9812760353
7564,"/kaggle/input/datasets/arafatrahmann/my-data221/Epic and CSCR hospital Dataset/Train/pituitary/P_759_HF_.jpg",3,pituitary,3,pituitary,0.0045129959,0.0070121503,0.0080767646,0.9803980589
7573,"/kaggle/input/datasets/arafatrahmann/my-data221/Epic and CSCR hospital Dataset/Train/pituitary/P_75_VF_.jpg",3,pituitary,3,pituitary,0.0067526088,0.0134846298,0.0194317997,0.9603310823
7579,"/kaggle/input/datasets/arafatrahmann/my-data221/Epic and CSCR hospital Dataset/Train/pituitary/P_760_RO_.jpg",3,pituitary,3,pituitary,0.0051787770,0.0070014214,0.0100924801,0.9777274132
7582,"/kaggle/input/datasets/arafatrahmann/my-data221/Epic and CSCR hospital Dataset/Train/pituitary/P_761.jpg",3,pituitary,3,pituitary,0.0049106954,0.0131961508,0.0073391134,0.9745539427
7595,"/kaggle/input/datasets/arafatrahmann/my-data221/Epic and CSCR hospital Dataset/Train/pituitary/P_762_VF_.jpg",3,pituitary,3,pituitary,0.0049839960,0.0117418598,0.0070160590,0.9762580991
7614,"/kaggle/input/datasets/arafatrahmann/my-data221/Epic and CSCR hospital Dataset/Train/pituitary/P_765_RO_.jpg",3,pituitary,3,pituitary,0.0049952986,0.0095160268,0.0086155031,0.9768732190
7617,"/kaggle/input/datasets/arafatrahmann/my-data221/Epic and CSCR hospital Dataset/Train/pituitary/P_766.jpg",3,pituitary,3,pituitary,0.0051098866,0.0132111581,0.0072661778,0.9744127393
7621,"/kaggle/input/datasets/arafatrahmann/my-data221/Epic and CSCR hospital Dataset/Train/pituitary/P_766_RO_.jpg",3,pituitary,3,pituitary,0.0051806942,0.0092609543,0.0080484953,0.9775098562
7636,"/kaggle/input/datasets/arafatrahmann/my-data221/Epic and CSCR hospital Dataset/Train/pituitary/P_768_SP_.jpg",3,pituitary,3,pituitary,0.0051240097,0.0109385028,0.0071898373,0.9767476320
7637,"/kaggle/input/datasets/arafatrahmann/my-data221/Epic and CSCR hospital Dataset/Train/pituitary/P_768_VF_.jpg",3,pituitary,3,pituitary,0.0052796765,0.0140314158,0.0075271251,0.9731618166
7641,"/kaggle/input/datasets/arafatrahmann/my-data221/Epic and CSCR hospital Dataset/Train/pituitary/P_769_HF_.jpg",3,pituitary,3,pituitary,0.0051408382,0.0169805549,0.0080619501,0.9698166847
7649,"/kaggle/input/datasets/arafatrahmann/my-data221/Epic and CSCR hospital Dataset/Train/pituitary/P_76_SP_.jpg",3,pituitary,3,pituitary,0.0059314128,0.0116618909,0.0059721065,0.9764345288
7656,"/kaggle/input/datasets/arafatrahmann/my-data221/Epic and CSCR hospital Dataset/Train/pituitary/P_770_RO_.jpg",3,pituitary,3,pituitary,0.0063316748,0.0170975216,0.0110510914,0.9655196071
7662,"/kaggle/input/datasets/arafatrahmann/my-data221/Epic and CSCR hospital Dataset/Train/pituitary/P_771_HF_.jpg",3,pituitary,3,pituitary,0.0053794109,0.0117888208,0.0065263659,0.9763054848
7663,"/kaggle/input/datasets/arafatrahmann/my-data221/Epic and CSCR hospital Dataset/Train/pituitary/P_771_RO_.jpg",3,pituitary,3,pituitary,0.0056797271,0.0097409217,0.0072882725,0.9772911072
7668,"/kaggle/input/datasets/arafatrahmann/my-data221/Epic and CSCR hospital Dataset/Train/pituitary/P_772_DA_.jpg",3,pituitary,3,pituitary,0.0059747631,0.0112796146,0.0060232757,0.9767224193
7680,"/kaggle/input/datasets/arafatrahmann/my-data221/Epic and CSCR hospital Dataset/Train/pituitary/P_774.jpg",3,pituitary,3,pituitary,0.0047661052,0.0094050001,0.0068834289,0.9789454341
7684,"/kaggle/input/datasets/arafatrahmann/my-data221/Epic and CSCR hospital Dataset/Train/pituitary/P_774_RO_.jpg",3,pituitary,3,pituitary,0.0045431429,0.0085061006,0.0078053931,0.9791453481
7685,"/kaggle/input/datasets/arafatrahmann/my-data221/Epic and CSCR hospital Dataset/Train/pituitary/P_774_SP_.jpg",3,pituitary,3,pituitary,0.0052218949,0.0092290100,0.0065235049,0.9790255427
7686,"/kaggle/input/datasets/arafatrahmann/my-data221/Epic and CSCR hospital Dataset/Train/pituitary/P_774_VF_.jpg",3,pituitary,3,pituitary,0.0049352506,0.0120660607,0.0074887993,0.9755099416
7690,"/kaggle/input/datasets/arafatrahmann/my-data221/Epic and CSCR hospital Dataset/Train/pituitary/P_775_HF_.jpg",3,pituitary,3,pituitary,0.0048210830,0.0092044035,0.0069328747,0.9790415764
7696,"/kaggle/input/datasets/arafatrahmann/my-data221/Epic and CSCR hospital Dataset/Train/pituitary/P_776_DA_.jpg",3,pituitary,3,pituitary,0.0051998748,0.0090853665,0.0064989468,0.9792158008
7706,"/kaggle/input/datasets/arafatrahmann/my-data221/Epic and CSCR hospital Dataset/Train/pituitary/P_777_SP_.jpg",3,pituitary,3,pituitary,0.0057244413,0.0079809278,0.0069239535,0.9793705940
7710,"/kaggle/input/datasets/arafatrahmann/my-data221/Epic and CSCR hospital Dataset/Train/pituitary/P_778_DA_.jpg",3,pituitary,3,pituitary,0.0054717781,0.0084965378,0.0060207858,0.9800108671
7711,"/kaggle/input/datasets/arafatrahmann/my-data221/Epic and CSCR hospital Dataset/Train/pituitary/P_778_HF_.jpg",3,pituitary,3,pituitary,0.0048189210,0.0076271482,0.0071661002,0.9803878069
7717,"/kaggle/input/datasets/arafatrahmann/my-data221/Epic and CSCR hospital Dataset/Train/pituitary/P_779_DA_.jpg",3,pituitary,3,pituitary,0.0055773300,0.0068314476,0.0055929637,0.9819982648
7720,"/kaggle/input/datasets/arafatrahmann/my-data221/Epic and CSCR hospital Dataset/Train/pituitary/P_779_SP_.jpg",3,pituitary,3,pituitary,0.0064152912,0.0076595456,0.0080503011,0.9778748751
7725,"/kaggle/input/datasets/arafatrahmann/my-data221/Epic and CSCR hospital Dataset/Train/pituitary/P_77_RO_.jpg",3,pituitary,3,pituitary,0.0046848408,0.0061647343,0.0170226656,0.9721277952
7732,"/kaggle/input/datasets/arafatrahmann/my-data221/Epic and CSCR hospital Dataset/Train/pituitary/P_780_HF_.jpg",3,pituitary,3,pituitary,0.0048797806,0.0087045142,0.0109540038,0.9754617810
7733,"/kaggle/input/datasets/arafatrahmann/my-data221/Epic and CSCR hospital Dataset/Train/pituitary/P_780_RO_.jpg",3,pituitary,3,pituitary,0.0057947147,0.0106221568,0.0475463495,0.9360368848
7734,"/kaggle/input/datasets/arafatrahmann/my-data221/Epic and CSCR hospital Dataset/Train/pituitary/P_780_SP_.jpg",3,pituitary,3,pituitary,0.0055694235,0.0079865772,0.0105219362,0.9759219885
7741,"/kaggle/input/datasets/arafatrahmann/my-data221/Epic and CSCR hospital Dataset/Train/pituitary/P_781_SP_.jpg",3,pituitary,3,pituitary,0.0047859736,0.0094543695,0.0073148995,0.9784447551
7755,"/kaggle/input/datasets/arafatrahmann/my-data221/Epic and CSCR hospital Dataset/Train/pituitary/P_783_SP_.jpg",3,pituitary,3,pituitary,0.0048907758,0.0080986274,0.0067702914,0.9802404642
7762,"/kaggle/input/datasets/arafatrahmann/my-data221/Epic and CSCR hospital Dataset/Train/pituitary/P_784_SP_.jpg",3,pituitary,3,pituitary,0.0074444325,0.0090593304,0.0091033950,0.9743927717
7763,"/kaggle/input/datasets/arafatrahmann/my-data221/Epic and CSCR hospital Dataset/Train/pituitary/P_784_VF_.jpg",3,pituitary,3,pituitary,0.0053438582,0.0088074096,0.0112901302,0.9745585322
7764,"/kaggle/input/datasets/arafatrahmann/my-data221/Epic and CSCR hospital Dataset/Train/pituitary/P_785.jpg",3,pituitary,3,pituitary,0.0043794708,0.0074371821,0.0079788305,0.9802044630
7776,"/kaggle/input/datasets/arafatrahmann/my-data221/Epic and CSCR hospital Dataset/Train/pituitary/P_786_SP_.jpg",3,pituitary,3,pituitary,0.0050816322,0.0073935846,0.0074438318,0.9800809622
7781,"/kaggle/input/datasets/arafatrahmann/my-data221/Epic and CSCR hospital Dataset/Train/pituitary/P_787_HF_.jpg",3,pituitary,3,pituitary,0.0044474890,0.0080657415,0.0078789648,0.9796077609
7788,"/kaggle/input/datasets/arafatrahmann/my-data221/Epic and CSCR hospital Dataset/Train/pituitary/P_788_HF_.jpg",3,pituitary,3,pituitary,0.0044764499,0.0079791993,0.0077986643,0.9797456861
7793,"/kaggle/input/datasets/arafatrahmann/my-data221/Epic and CSCR hospital Dataset/Train/pituitary/P_789_BR_.jpg",3,pituitary,3,pituitary,0.0044079619,0.0069566122,0.0086984308,0.9799369574
7797,"/kaggle/input/datasets/arafatrahmann/my-data221/Epic and CSCR hospital Dataset/Train/pituitary/P_789_SP_.jpg",3,pituitary,3,pituitary,0.0062325364,0.0079082120,0.0062224558,0.9796367884
7801,"/kaggle/input/datasets/arafatrahmann/my-data221/Epic and CSCR hospital Dataset/Train/pituitary/P_78_HF_.jpg",3,pituitary,3,pituitary,0.0060638161,0.0098560639,0.0077038342,0.9763762355
7804,"/kaggle/input/datasets/arafatrahmann/my-data221/Epic and CSCR hospital Dataset/Train/pituitary/P_78_VF_.jpg",3,pituitary,3,pituitary,0.0067498074,0.0116923675,0.0093087358,0.9722491503
7805,"/kaggle/input/datasets/arafatrahmann/my-data221/Epic and CSCR hospital Dataset/Train/pituitary/P_79.jpg",3,pituitary,3,pituitary,0.0052082608,0.0099389078,0.0069394796,0.9779132605
7808,"/kaggle/input/datasets/arafatrahmann/my-data221/Epic and CSCR hospital Dataset/Train/pituitary/P_790_DA_.jpg",3,pituitary,3,pituitary,0.0052675060,0.0098045785,0.0064306399,0.9784972072
7819,"/kaggle/input/datasets/arafatrahmann/my-data221/Epic and CSCR hospital Dataset/Train/pituitary/P_791_VF_.jpg",3,pituitary,3,pituitary,0.0043887068,0.0088327182,0.0073873252,0.9793912768
7823,"/kaggle/input/datasets/arafatrahmann/my-data221/Epic and CSCR hospital Dataset/Train/pituitary/P_792_HF_.jpg",3,pituitary,3,pituitary,0.0047576386,0.0085353004,0.0081130136,0.9785940051
7832,"/kaggle/input/datasets/arafatrahmann/my-data221/Epic and CSCR hospital Dataset/Train/pituitary/P_793_SP_.jpg",3,pituitary,3,pituitary,0.0060641351,0.0079588881,0.0086291768,0.9773477316
7837,"/kaggle/input/datasets/arafatrahmann/my-data221/Epic and CSCR hospital Dataset/Train/pituitary/P_794_HF_.jpg",3,pituitary,3,pituitary,0.0042916723,0.0067938440,0.0091426317,0.9797719121
7842,"/kaggle/input/datasets/arafatrahmann/my-data221/Epic and CSCR hospital Dataset/Train/pituitary/P_795_BR_.jpg",3,pituitary,3,pituitary,0.0070032505,0.0137987453,0.0080776066,0.9711204767
7851,"/kaggle/input/datasets/arafatrahmann/my-data221/Epic and CSCR hospital Dataset/Train/pituitary/P_796_HF_.jpg",3,pituitary,3,pituitary,0.0055255294,0.0172815807,0.0073395134,0.9698534012
7861,"/kaggle/input/datasets/arafatrahmann/my-data221/Epic and CSCR hospital Dataset/Train/pituitary/P_797_VF_.jpg",3,pituitary,3,pituitary,0.0077318237,0.0161127578,0.0289809518,0.9471744299
7869,"/kaggle/input/datasets/arafatrahmann/my-data221/Epic and CSCR hospital Dataset/Train/pituitary/P_799.jpg",3,pituitary,3,pituitary,0.0061068488,0.0168141536,0.0062077721,0.9708711505
7870,"/kaggle/input/datasets/arafatrahmann/my-data221/Epic and CSCR hospital Dataset/Train/pituitary/P_799_BR_.jpg",3,pituitary,3,pituitary,0.0071268701,0.0239126272,0.0066781701,0.9622823596
7871,"/kaggle/input/datasets/arafatrahmann/my-data221/Epic and CSCR hospital Dataset/Train/pituitary/P_799_DA_.jpg",3,pituitary,3,pituitary,0.0079197688,0.0157149713,0.0048127891,0.9715524912
7872,"/kaggle/input/datasets/arafatrahmann/my-data221/Epic and CSCR hospital Dataset/Train/pituitary/P_799_HF_.jpg",3,pituitary,3,pituitary,0.0062403232,0.0168765690,0.0060336678,0.9708493948
7874,"/kaggle/input/datasets/arafatrahmann/my-data221/Epic and CSCR hospital Dataset/Train/pituitary/P_799_SP_.jpg",3,pituitary,3,pituitary,0.0195848718,0.0154353231,0.0055891923,0.9593906403
7876,"/kaggle/input/datasets/arafatrahmann/my-data221/Epic and CSCR hospital Dataset/Train/pituitary/P_79_BR_.jpg",3,pituitary,3,pituitary,0.0054868441,0.0075300224,0.0072452528,0.9797379375
7879,"/kaggle/input/datasets/arafatrahmann/my-data221/Epic and CSCR hospital Dataset/Train/pituitary/P_79_RO_.jpg",3,pituitary,3,pituitary,0.0057211518,0.0102731083,0.0097830221,0.9742227793
7883,"/kaggle/input/datasets/arafatrahmann/my-data221/Epic and CSCR hospital Dataset/Train/pituitary/P_7_DA_.jpg",3,pituitary,3,pituitary,0.0049890904,0.0112041850,0.0073965862,0.9764100313
7894,"/kaggle/input/datasets/arafatrahmann/my-data221/Epic and CSCR hospital Dataset/Train/pituitary/P_800_RO_.jpg",3,pituitary,3,pituitary,0.0050473535,0.0075844815,0.0092164353,0.9781516790
7900,"/kaggle/input/datasets/arafatrahmann/my-data221/Epic and CSCR hospital Dataset/Train/pituitary/P_801_HF_.jpg",3,pituitary,3,pituitary,0.0049647787,0.0097772609,0.0070059733,0.9782520533
7903,"/kaggle/input/datasets/arafatrahmann/my-data221/Epic and CSCR hospital Dataset/Train/pituitary/P_801_VF_.jpg",3,pituitary,3,pituitary,0.0055682170,0.0109321205,0.0088978596,0.9746018648
7909,"/kaggle/input/datasets/arafatrahmann/my-data221/Epic and CSCR hospital Dataset/Train/pituitary/P_802_SP_.jpg",3,pituitary,3,pituitary,0.0054490427,0.0080041513,0.0069058640,0.9796408415
7911,"/kaggle/input/datasets/arafatrahmann/my-data221/Epic and CSCR hospital Dataset/Train/pituitary/P_803.jpg",3,pituitary,3,pituitary,0.0054120631,0.0092000403,0.0078147240,0.9775730968
7912,"/kaggle/input/datasets/arafatrahmann/my-data221/Epic and CSCR hospital Dataset/Train/pituitary/P_803_BR_.jpg",3,pituitary,3,pituitary,0.0068241521,0.0133599266,0.0081062587,0.9717096090
7917,"/kaggle/input/datasets/arafatrahmann/my-data221/Epic and CSCR hospital Dataset/Train/pituitary/P_803_VF_.jpg",3,pituitary,3,pituitary,0.0085410643,0.0185029190,0.0132569494,0.9596991539
7920,"/kaggle/input/datasets/arafatrahmann/my-data221/Epic and CSCR hospital Dataset/Train/pituitary/P_804_DA_.jpg",3,pituitary,3,pituitary,0.0058654998,0.0147031937,0.0051663839,0.9742649198
7923,"/kaggle/input/datasets/arafatrahmann/my-data221/Epic and CSCR hospital Dataset/Train/pituitary/P_804_SP_.jpg",3,pituitary,3,pituitary,0.0081438236,0.0105101317,0.0059221252,0.9754238129
7926,"/kaggle/input/datasets/arafatrahmann/my-data221/Epic and CSCR hospital Dataset/Train/pituitary/P_805_BR_.jpg",3,pituitary,3,pituitary,0.0049427478,0.0083119739,0.0068515604,0.9798938036
7928,"/kaggle/input/datasets/arafatrahmann/my-data221/Epic and CSCR hospital Dataset/Train/pituitary/P_805_HF_.jpg",3,pituitary,3,pituitary,0.0051588891,0.0113045536,0.0066907830,0.9768457413
7929,"/kaggle/input/datasets/arafatrahmann/my-data221/Epic and CSCR hospital Dataset/Train/pituitary/P_805_RO_.jpg",3,pituitary,3,pituitary,0.0059008789,0.0088071283,0.0075580156,0.9777339697
7943,"/kaggle/input/datasets/arafatrahmann/my-data221/Epic and CSCR hospital Dataset/Train/pituitary/P_807_RO_.jpg",3,pituitary,3,pituitary,0.0062091597,0.0075782081,0.0214994065,0.9647132754
7958,"/kaggle/input/datasets/arafatrahmann/my-data221/Epic and CSCR hospital Dataset/Train/pituitary/P_809_SP_.jpg",3,pituitary,3,pituitary,0.0075584464,0.0106075574,0.0076432964,0.9741907120
7960,"/kaggle/input/datasets/arafatrahmann/my-data221/Epic and CSCR hospital Dataset/Train/pituitary/P_80_BR_.jpg",3,pituitary,3,pituitary,0.0046782340,0.0080723260,0.0104080280,0.9768413305
7975,"/kaggle/input/datasets/arafatrahmann/my-data221/Epic and CSCR hospital Dataset/Train/pituitary/P_811_BR_.jpg",3,pituitary,3,pituitary,0.0053439732,0.0098851426,0.0101998178,0.9745711088
7980,"/kaggle/input/datasets/arafatrahmann/my-data221/Epic and CSCR hospital Dataset/Train/pituitary/P_811_VF_.jpg",3,pituitary,3,pituitary,0.0052367332,0.0096097207,0.0129463552,0.9722071886
7993,"/kaggle/input/datasets/arafatrahmann/my-data221/Epic and CSCR hospital Dataset/Train/pituitary/P_813_SP_.jpg",3,pituitary,3,pituitary,0.0059079239,0.0107208984,0.0072838902,0.9760872722
8002,"/kaggle/input/datasets/arafatrahmann/my-data221/Epic and CSCR hospital Dataset/Train/pituitary/P_815.jpg",3,pituitary,3,pituitary,0.0043641697,0.0099053644,0.0089177284,0.9768127203
8004,"/kaggle/input/datasets/arafatrahmann/my-data221/Epic and CSCR hospital Dataset/Train/pituitary/P_815_DA_.jpg",3,pituitary,3,pituitary,0.0047180434,0.0119985268,0.0091606947,0.9741228223
8009,"/kaggle/input/datasets/arafatrahmann/my-data221/Epic and CSCR hospital Dataset/Train/pituitary/P_816.jpg",3,pituitary,3,pituitary,0.0051851952,0.0102360919,0.0086415689,0.9759370685
8023,"/kaggle/input/datasets/arafatrahmann/my-data221/Epic and CSCR hospital Dataset/Train/pituitary/P_818.jpg",3,pituitary,3,pituitary,0.0053144870,0.0114802700,0.0074564130,0.9757488370
8029,"/kaggle/input/datasets/arafatrahmann/my-data221/Epic and CSCR hospital Dataset/Train/pituitary/P_818_VF_.jpg",3,pituitary,3,pituitary,0.0052889232,0.0111902645,0.0080345282,0.9754862785
8038,"/kaggle/input/datasets/arafatrahmann/my-data221/Epic and CSCR hospital Dataset/Train/pituitary/P_81_DA_.jpg",3,pituitary,3,pituitary,0.0053003072,0.0095417406,0.0062761111,0.9788818359
8050,"/kaggle/input/datasets/arafatrahmann/my-data221/Epic and CSCR hospital Dataset/Train/pituitary/P_820_VF_.jpg",3,pituitary,3,pituitary,0.0051145749,0.0088551156,0.0071539134,0.9788764119
8057,"/kaggle/input/datasets/arafatrahmann/my-data221/Epic and CSCR hospital Dataset/Train/pituitary/P_821_VF_.jpg",3,pituitary,3,pituitary,0.0050092163,0.0110053429,0.0082137650,0.9757716060
8060,"/kaggle/input/datasets/arafatrahmann/my-data221/Epic and CSCR hospital Dataset/Train/pituitary/P_822_DA_.jpg",3,pituitary,3,pituitary,0.0059385300,0.0110353939,0.0077623455,0.9752637148
8067,"/kaggle/input/datasets/arafatrahmann/my-data221/Epic and CSCR hospital Dataset/Train/pituitary/P_823_DA_.jpg",3,pituitary,3,pituitary,0.0047295950,0.0123805609,0.0069953091,0.9758945704
8069,"/kaggle/input/datasets/arafatrahmann/my-data221/Epic and CSCR hospital Dataset/Train/pituitary/P_823_RO_.jpg",3,pituitary,3,pituitary,0.0046699494,0.0075437687,0.0080976197,0.9796886444
8071,"/kaggle/input/datasets/arafatrahmann/my-data221/Epic and CSCR hospital Dataset/Train/pituitary/P_823_VF_.jpg",3,pituitary,3,pituitary,0.0047873612,0.0097227786,0.0074732997,0.9780164957
8083,"/kaggle/input/datasets/arafatrahmann/my-data221/Epic and CSCR hospital Dataset/Train/pituitary/P_825_RO_.jpg",3,pituitary,3,pituitary,0.0057093962,0.0142023694,0.0078797881,0.9722083807
8087,"/kaggle/input/datasets/arafatrahmann/my-data221/Epic and CSCR hospital Dataset/Train/pituitary/P_826_BR_.jpg",3,pituitary,3,pituitary,0.0050538327,0.0123123471,0.0082758572,0.9743579626
8094,"/kaggle/input/datasets/arafatrahmann/my-data221/Epic and CSCR hospital Dataset/Train/pituitary/P_827_BR_.jpg",3,pituitary,3,pituitary,0.0049450151,0.0110624675,0.0096036317,0.9743888974
8099,"/kaggle/input/datasets/arafatrahmann/my-data221/Epic and CSCR hospital Dataset/Train/pituitary/P_827_VF_.jpg",3,pituitary,3,pituitary,0.0101318043,0.1305456460,0.0190987084,0.8402239084
8110,"/kaggle/input/datasets/arafatrahmann/my-data221/Epic and CSCR hospital Dataset/Train/pituitary/P_829_HF_.jpg",3,pituitary,3,pituitary,0.0047369711,0.0081261368,0.0083957203,0.9787411690
8121,"/kaggle/input/datasets/arafatrahmann/my-data221/Epic and CSCR hospital Dataset/Train/pituitary/P_830.jpg",3,pituitary,3,pituitary,0.0034401715,0.0039325757,0.0198594481,0.9727678299
8127,"/kaggle/input/datasets/arafatrahmann/my-data221/Epic and CSCR hospital Dataset/Train/pituitary/P_830_VF_.jpg",3,pituitary,3,pituitary,0.0063849664,0.0084291529,0.1478780806,0.8373078108
8131,"/kaggle/input/datasets/arafatrahmann/my-data221/Epic and CSCR hospital Dataset/Train/pituitary/P_831_HF_.jpg",3,pituitary,3,pituitary,0.0048776520,0.0110876411,0.0079224464,0.9761122465
8141,"/kaggle/input/datasets/arafatrahmann/my-data221/Epic and CSCR hospital Dataset/Train/pituitary/P_832_VF_.jpg",3,pituitary,3,pituitary,0.0063343332,0.0156789441,0.0054832473,0.9725034833
8145,"/kaggle/input/datasets/arafatrahmann/my-data221/Epic and CSCR hospital Dataset/Train/pituitary/P_833_HF_.jpg",3,pituitary,3,pituitary,0.0103884619,0.1003670245,0.0084380042,0.8808065653
8153,"/kaggle/input/datasets/arafatrahmann/my-data221/Epic and CSCR hospital Dataset/Train/pituitary/P_834_RO_.jpg",3,pituitary,3,pituitary,0.0147922914,0.1542571634,0.0086368565,0.8223136663
8154,"/kaggle/input/datasets/arafatrahmann/my-data221/Epic and CSCR hospital Dataset/Train/pituitary/P_834_SP_.jpg",3,pituitary,3,pituitary,0.0148799811,0.0302030388,0.0063503459,0.9485666156
8155,"/kaggle/input/datasets/arafatrahmann/my-data221/Epic and CSCR hospital Dataset/Train/pituitary/P_834_VF_.jpg",3,pituitary,3,pituitary,0.0149498489,0.0755570978,0.0074604428,0.9020325541
8156,"/kaggle/input/datasets/arafatrahmann/my-data221/Epic and CSCR hospital Dataset/Train/pituitary/P_835.jpg",3,pituitary,3,pituitary,0.0050512860,0.0126304803,0.0060896892,0.9762285352
8159,"/kaggle/input/datasets/arafatrahmann/my-data221/Epic and CSCR hospital Dataset/Train/pituitary/P_835_HF_.jpg",3,pituitary,3,pituitary,0.0056103761,0.0146916006,0.0058185505,0.9738794565
8161,"/kaggle/input/datasets/arafatrahmann/my-data221/Epic and CSCR hospital Dataset/Train/pituitary/P_835_SP_.jpg",3,pituitary,3,pituitary,0.0075236037,0.0098677920,0.0263446532,0.9562638998
8176,"/kaggle/input/datasets/arafatrahmann/my-data221/Epic and CSCR hospital Dataset/Train/pituitary/P_837_VF_.jpg",3,pituitary,2,notumor,0.0115438569,0.0223040059,0.7855640650,0.1805880964
8177,"/kaggle/input/datasets/arafatrahmann/my-data221/Epic and CSCR hospital Dataset/Train/pituitary/P_838.jpg",3,pituitary,3,pituitary,0.0047068209,0.0077746781,0.0076523675,0.9798661470
8178,"/kaggle/input/datasets/arafatrahmann/my-data221/Epic and CSCR hospital Dataset/Train/pituitary/P_838_BR_.jpg",3,pituitary,3,pituitary,0.0053574434,0.0094236154,0.0075125098,0.9777064323
8181,"/kaggle/input/datasets/arafatrahmann/my-data221/Epic and CSCR hospital Dataset/Train/pituitary/P_838_RO_.jpg",3,pituitary,3,pituitary,0.0052508605,0.0059015653,0.0076312236,0.9812163115
8182,"/kaggle/input/datasets/arafatrahmann/my-data221/Epic and CSCR hospital Dataset/Train/pituitary/P_838_SP_.jpg",3,pituitary,3,pituitary,0.0048151216,0.0079825819,0.0070897164,0.9801125526
8189,"/kaggle/input/datasets/arafatrahmann/my-data221/Epic and CSCR hospital Dataset/Train/pituitary/P_839_SP_.jpg",3,pituitary,3,pituitary,0.0059981137,0.0092207147,0.0066374941,0.9781436920
8197,"/kaggle/input/datasets/arafatrahmann/my-data221/Epic and CSCR hospital Dataset/Train/pituitary/P_84.jpg",3,pituitary,3,pituitary,0.0047334144,0.0079965349,0.0076214122,0.9796487093
8200,"/kaggle/input/datasets/arafatrahmann/my-data221/Epic and CSCR hospital Dataset/Train/pituitary/P_840_DA_.jpg",3,pituitary,3,pituitary,0.0059094494,0.0174482372,0.0065686936,0.9700735807
8206,"/kaggle/input/datasets/arafatrahmann/my-data221/Epic and CSCR hospital Dataset/Train/pituitary/P_841_BR_.jpg",3,pituitary,3,pituitary,0.0053438647,0.0077217491,0.0093818810,0.9775525331
8208,"/kaggle/input/datasets/arafatrahmann/my-data221/Epic and CSCR hospital Dataset/Train/pituitary/P_841_HF_.jpg",3,pituitary,3,pituitary,0.0052524032,0.0076295706,0.0088759670,0.9782420993
8213,"/kaggle/input/datasets/arafatrahmann/my-data221/Epic and CSCR hospital Dataset/Train/pituitary/P_842_BR_.jpg",3,pituitary,3,pituitary,0.0051265107,0.0102860266,0.0102897640,0.9742977023
8214,"/kaggle/input/datasets/arafatrahmann/my-data221/Epic and CSCR hospital Dataset/Train/pituitary/P_842_DA_.jpg",3,pituitary,3,pituitary,0.0048125773,0.0104825972,0.0075351163,0.9771696925
8217,"/kaggle/input/datasets/arafatrahmann/my-data221/Epic and CSCR hospital Dataset/Train/pituitary/P_842_SP_.jpg",3,pituitary,3,pituitary,0.0046390560,0.0089933863,0.0078877769,0.9784798622
8220,"/kaggle/input/datasets/arafatrahmann/my-data221/Epic and CSCR hospital Dataset/Train/pituitary/P_843_BR_.jpg",3,pituitary,3,pituitary,0.0055296710,0.0120596886,0.0076989322,0.9747115970
8227,"/kaggle/input/datasets/arafatrahmann/my-data221/Epic and CSCR hospital Dataset/Train/pituitary/P_844_BR_.jpg",3,pituitary,3,pituitary,0.0066980189,0.0118811000,0.0704057589,0.9110151529
8228,"/kaggle/input/datasets/arafatrahmann/my-data221/Epic and CSCR hospital Dataset/Train/pituitary/P_844_DA_.jpg",3,pituitary,3,pituitary,0.0059755975,0.0139860194,0.0086901532,0.9713481665
8238,"/kaggle/input/datasets/arafatrahmann/my-data221/Epic and CSCR hospital Dataset/Train/pituitary/Te-pi_0017.jpg",3,pituitary,3,pituitary,0.0057264678,0.0145743592,0.0080438377,0.9716552496
8239,"/kaggle/input/datasets/arafatrahmann/my-data221/Epic and CSCR hospital Dataset/Train/pituitary/Te-pi_0018.jpg",3,pituitary,3,pituitary,0.0044885566,0.0067041726,0.0097402083,0.9790670276
8241,"/kaggle/input/datasets/arafatrahmann/my-data221/Epic and CSCR hospital Dataset/Train/pituitary/Te-pi_0020.jpg",3,pituitary,3,pituitary,0.0047959476,0.0125631317,0.0088791661,0.9737617373
8248,"/kaggle/input/datasets/arafatrahmann/my-data221/Epic and CSCR hospital Dataset/Train/pituitary/Te-pi_0027.jpg",3,pituitary,3,pituitary,0.0047673816,0.0125672175,0.0072351471,0.9754301906
8253,"/kaggle/input/datasets/arafatrahmann/my-data221/Epic and CSCR hospital Dataset/Train/pituitary/Te-pi_0032.jpg",3,pituitary,3,pituitary,0.0049736351,0.0067825266,0.0097635295,0.9784803391
8257,"/kaggle/input/datasets/arafatrahmann/my-data221/Epic and CSCR hospital Dataset/Train/pituitary/Te-pi_0036.jpg",3,pituitary,3,pituitary,0.0046295719,0.0102619790,0.0077420608,0.9773663282
8260,"/kaggle/input/datasets/arafatrahmann/my-data221/Epic and CSCR hospital Dataset/Train/pituitary/Te-pi_0039.jpg",3,pituitary,3,pituitary,0.0047732615,0.0066690007,0.0072733378,0.9812843204
8264,"/kaggle/input/datasets/arafatrahmann/my-data221/Epic and CSCR hospital Dataset/Train/pituitary/Te-pi_0043.jpg",3,pituitary,3,pituitary,0.0059351488,0.0135204224,0.0060647521,0.9744796753
8266,"/kaggle/input/datasets/arafatrahmann/my-data221/Epic and CSCR hospital Dataset/Train/pituitary/Te-pi_0045.jpg",3,pituitary,3,pituitary,0.0057437052,0.0109865135,0.0065981904,0.9766715169
8271,"/kaggle/input/datasets/arafatrahmann/my-data221/Epic and CSCR hospital Dataset/Train/pituitary/Te-pi_0050.jpg",3,pituitary,3,pituitary,0.0044871597,0.0065260129,0.0069974610,0.9819892645
8272,"/kaggle/input/datasets/arafatrahmann/my-data221/Epic and CSCR hospital Dataset/Train/pituitary/Te-pi_0051.jpg",3,pituitary,3,pituitary,0.0064426982,0.0106811542,0.0051861829,0.9776900411
8278,"/kaggle/input/datasets/arafatrahmann/my-data221/Epic and CSCR hospital Dataset/Train/pituitary/Te-pi_0067.jpg",3,pituitary,3,pituitary,0.0053276187,0.0099219028,0.0055852188,0.9791652560
8279,"/kaggle/input/datasets/arafatrahmann/my-data221/Epic and CSCR hospital Dataset/Train/pituitary/Te-pi_0068.jpg",3,pituitary,3,pituitary,0.0048999796,0.0091462694,0.0061134645,0.9798403978
8291,"/kaggle/input/datasets/arafatrahmann/my-data221/Epic and CSCR hospital Dataset/Train/pituitary/Te-pi_0080.jpg",3,pituitary,3,pituitary,0.0051778527,0.0084684324,0.0055422890,0.9808114171
8296,"/kaggle/input/datasets/arafatrahmann/my-data221/Epic and CSCR hospital Dataset/Train/pituitary/Te-pi_0085.jpg",3,pituitary,3,pituitary,0.0043940367,0.0076688514,0.0070946887,0.9808424115
8298,"/kaggle/input/datasets/arafatrahmann/my-data221/Epic and CSCR hospital Dataset/Train/pituitary/Te-pi_0087.jpg",3,pituitary,3,pituitary,0.0049654241,0.0110823829,0.0073859789,0.9765661955
8310,"/kaggle/input/datasets/arafatrahmann/my-data221/Epic and CSCR hospital Dataset/Train/pituitary/Te-pi_0099.jpg",3,pituitary,3,pituitary,0.0050918898,0.0092623699,0.0074841776,0.9781616330
8314,"/kaggle/input/datasets/arafatrahmann/my-data221/Epic and CSCR hospital Dataset/Train/pituitary/Te-pi_0103.jpg",3,pituitary,3,pituitary,0.0062862402,0.0158509500,0.0053470591,0.9725157619
8316,"/kaggle/input/datasets/arafatrahmann/my-data221/Epic and CSCR hospital Dataset/Train/pituitary/Te-pi_0105.jpg",3,pituitary,3,pituitary,0.0044933530,0.0080173109,0.0073850378,0.9801042676
8319,"/kaggle/input/datasets/arafatrahmann/my-data221/Epic and CSCR hospital Dataset/Train/pituitary/Te-pi_0108.jpg",3,pituitary,3,pituitary,0.0045170356,0.0105319936,0.0068782391,0.9780728221
8327,"/kaggle/input/datasets/arafatrahmann/my-data221/Epic and CSCR hospital Dataset/Train/pituitary/Te-pi_0116.jpg",3,pituitary,3,pituitary,0.0042530652,0.0075134016,0.0089334901,0.9793001413
8329,"/kaggle/input/datasets/arafatrahmann/my-data221/Epic and CSCR hospital Dataset/Train/pituitary/Te-pi_0118.jpg",3,pituitary,3,pituitary,0.0047829044,0.0084501710,0.0068673557,0.9798995256
8338,"/kaggle/input/datasets/arafatrahmann/my-data221/Epic and CSCR hospital Dataset/Train/pituitary/Te-pi_0127.jpg",3,pituitary,3,pituitary,0.0046928586,0.0147753684,0.0079413904,0.9725903273
8343,"/kaggle/input/datasets/arafatrahmann/my-data221/Epic and CSCR hospital Dataset/Train/pituitary/Te-pi_0132.jpg",3,pituitary,3,pituitary,0.0049775252,0.0154744294,0.0075192703,0.9720287323
8348,"/kaggle/input/datasets/arafatrahmann/my-data221/Epic and CSCR hospital Dataset/Train/pituitary/Te-pi_0137.jpg",3,pituitary,3,pituitary,0.0050994307,0.0100171743,0.0069241165,0.9779592752
8351,"/kaggle/input/datasets/arafatrahmann/my-data221/Epic and CSCR hospital Dataset/Train/pituitary/Te-pi_0140.jpg",3,pituitary,3,pituitary,0.0054538171,0.0147860171,0.0073940032,0.9723661542
8362,"/kaggle/input/datasets/arafatrahmann/my-data221/Epic and CSCR hospital Dataset/Train/pituitary/Te-pi_0151.jpg",3,pituitary,3,pituitary,0.0046365168,0.0110783521,0.0071835713,0.9771016240
8368,"/kaggle/input/datasets/arafatrahmann/my-data221/Epic and CSCR hospital Dataset/Train/pituitary/Te-pi_0157.jpg",3,pituitary,3,pituitary,0.0050344816,0.0140332337,0.0065066018,0.9744256139
8369,"/kaggle/input/datasets/arafatrahmann/my-data221/Epic and CSCR hospital Dataset/Train/pituitary/Te-pi_0158.jpg",3,pituitary,3,pituitary,0.0053670667,0.0094802165,0.0060629356,0.9790898561
8375,"/kaggle/input/datasets/arafatrahmann/my-data221/Epic and CSCR hospital Dataset/Train/pituitary/Te-pi_0173.jpg",3,pituitary,3,pituitary,0.0061434596,0.0108981486,0.0058363690,0.9771221280
8376,"/kaggle/input/datasets/arafatrahmann/my-data221/Epic and CSCR hospital Dataset/Train/pituitary/Te-pi_0174.jpg",3,pituitary,3,pituitary,0.0052863294,0.0097393943,0.0072866539,0.9776876569
8397,"/kaggle/input/datasets/arafatrahmann/my-data221/Epic and CSCR hospital Dataset/Train/pituitary/Te-pi_0195.jpg",3,pituitary,3,pituitary,0.0046773707,0.0079714330,0.0066903592,0.9806607366
8401,"/kaggle/input/datasets/arafatrahmann/my-data221/Epic and CSCR hospital Dataset/Train/pituitary/Te-pi_0199.jpg",3,pituitary,3,pituitary,0.0044794544,0.0066708871,0.0068719387,0.9819777608
8409,"/kaggle/input/datasets/arafatrahmann/my-data221/Epic and CSCR hospital Dataset/Train/pituitary/Te-pi_0207.jpg",3,pituitary,3,pituitary,0.0043152850,0.0074063689,0.0080532841,0.9802250862
8410,"/kaggle/input/datasets/arafatrahmann/my-data221/Epic and CSCR hospital Dataset/Train/pituitary/Te-pi_0208.jpg",3,pituitary,3,pituitary,0.0044015353,0.0077036968,0.0078457976,0.9800490141
8411,"/kaggle/input/datasets/arafatrahmann/my-data221/Epic and CSCR hospital Dataset/Train/pituitary/Te-pi_0209.jpg",3,pituitary,3,pituitary,0.0044349381,0.0077575431,0.0073764897,0.9804309607
8415,"/kaggle/input/datasets/arafatrahmann/my-data221/Epic and CSCR hospital Dataset/Train/pituitary/Tr-pi_0051.jpg",3,pituitary,3,pituitary,0.0047715059,0.0106724966,0.0076944865,0.9768614769
8419,"/kaggle/input/datasets/arafatrahmann/my-data221/Epic and CSCR hospital Dataset/Train/pituitary/Tr-pi_0055.jpg",3,pituitary,3,pituitary,0.0047898688,0.0087549873,0.0075349621,0.9789201617
8425,"/kaggle/input/datasets/arafatrahmann/my-data221/Epic and CSCR hospital Dataset/Train/pituitary/Tr-pi_0083.jpg",3,pituitary,3,pituitary,0.0047489647,0.0087806713,0.0085271690,0.9779431224
8426,"/kaggle/input/datasets/arafatrahmann/my-data221/Epic and CSCR hospital Dataset/Train/pituitary/Tr-pi_0084.jpg",3,pituitary,3,pituitary,0.0044570048,0.0079204421,0.0096285092,0.9779939651
8447,"/kaggle/input/datasets/arafatrahmann/my-data221/Epic and CSCR hospital Dataset/Train/pituitary/Tr-pi_0105.jpg",3,pituitary,3,pituitary,0.0045306208,0.0073143071,0.0078416662,0.9803133011
8449,"/kaggle/input/datasets/arafatrahmann/my-data221/Epic and CSCR hospital Dataset/Train/pituitary/Tr-pi_0107.jpg",3,pituitary,3,pituitary,0.0047531757,0.0078007588,0.0073461384,0.9801000357
8452,"/kaggle/input/datasets/arafatrahmann/my-data221/Epic and CSCR hospital Dataset/Train/pituitary/Tr-pi_0110.jpg",3,pituitary,3,pituitary,0.0047814245,0.0100727733,0.0096410718,0.9755046964
8454,"/kaggle/input/datasets/arafatrahmann/my-data221/Epic and CSCR hospital Dataset/Train/pituitary/Tr-pi_0112.jpg",3,pituitary,3,pituitary,0.0046777907,0.0058497498,0.0095477877,0.9799246788
8471,"/kaggle/input/datasets/arafatrahmann/my-data221/Epic and CSCR hospital Dataset/Train/pituitary/Tr-pi_0130.jpg",3,pituitary,3,pituitary,0.0047475579,0.0087004323,0.0079989303,0.9785531163
8476,"/kaggle/input/datasets/arafatrahmann/my-data221/Epic and CSCR hospital Dataset/Train/pituitary/Tr-pi_0135.jpg",3,pituitary,3,pituitary,0.0053356113,0.0085502649,0.0089782486,0.9771358371
8483,"/kaggle/input/datasets/arafatrahmann/my-data221/Epic and CSCR hospital Dataset/Train/pituitary/Tr-pi_0142.jpg",3,pituitary,3,pituitary,0.0070418692,0.0202585198,0.0073968647,0.9653027654
8490,"/kaggle/input/datasets/arafatrahmann/my-data221/Epic and CSCR hospital Dataset/Train/pituitary/Tr-pi_0149.jpg",3,pituitary,3,pituitary,0.0044178506,0.0076036798,0.0089242589,0.9790542722
8493,"/kaggle/input/datasets/arafatrahmann/my-data221/Epic and CSCR hospital Dataset/Train/pituitary/Tr-pi_0152.jpg",3,pituitary,3,pituitary,0.0050168149,0.0073523200,0.0067313472,0.9808996320
8495,"/kaggle/input/datasets/arafatrahmann/my-data221/Epic and CSCR hospital Dataset/Train/pituitary/Tr-pi_0154.jpg",3,pituitary,3,pituitary,0.0046123844,0.0092170173,0.0074829347,0.9786876440
8505,"/kaggle/input/datasets/arafatrahmann/my-data221/Epic and CSCR hospital Dataset/Train/pituitary/Tr-pi_0164.jpg",3,pituitary,3,pituitary,0.0045461552,0.0097621744,0.0070703588,0.9786213040
8512,"/kaggle/input/datasets/arafatrahmann/my-data221/Epic and CSCR hospital Dataset/Train/pituitary/Tr-pi_0171.jpg",3,pituitary,3,pituitary,0.0054251803,0.0117456997,0.0073103756,0.9755188227
8516,"/kaggle/input/datasets/arafatrahmann/my-data221/Epic and CSCR hospital Dataset/Train/pituitary/Tr-pi_0175.jpg",3,pituitary,3,pituitary,0.0044006640,0.0071449243,0.0080655739,0.9803888202
8519,"/kaggle/input/datasets/arafatrahmann/my-data221/Epic and CSCR hospital Dataset/Train/pituitary/Tr-pi_0178.jpg",3,pituitary,3,pituitary,0.0044179717,0.0090240138,0.0082717389,0.9782862663
8523,"/kaggle/input/datasets/arafatrahmann/my-data221/Epic and CSCR hospital Dataset/Train/pituitary/Tr-pi_0182.jpg",3,pituitary,3,pituitary,0.0046746950,0.0107731745,0.0077551315,0.9767969251
8526,"/kaggle/input/datasets/arafatrahmann/my-data221/Epic and CSCR hospital Dataset/Train/pituitary/Tr-pi_0185.jpg",3,pituitary,3,pituitary,0.0044751591,0.0095628295,0.0073913662,0.9785706401
8531,"/kaggle/input/datasets/arafatrahmann/my-data221/Epic and CSCR hospital Dataset/Train/pituitary/Tr-pi_0190.jpg",3,pituitary,3,pituitary,0.0050990116,0.0078763366,0.0079034744,0.9791212082
8536,"/kaggle/input/datasets/arafatrahmann/my-data221/Epic and CSCR hospital Dataset/Train/pituitary/Tr-pi_0195.jpg",3,pituitary,3,pituitary,0.0043279747,0.0068622669,0.0086535988,0.9801561236
8538,"/kaggle/input/datasets/arafatrahmann/my-data221/Epic and CSCR hospital Dataset/Train/pituitary/Tr-pi_0197.jpg",3,pituitary,3,pituitary,0.0099792928,0.0113826711,0.0048780763,0.9737600088
8542,"/kaggle/input/datasets/arafatrahmann/my-data221/Epic and CSCR hospital Dataset/Train/pituitary/Tr-pi_0201.jpg",3,pituitary,0,glioma,0.5379194021,0.0383392647,0.0090014990,0.4147397876
8543,"/kaggle/input/datasets/arafatrahmann/my-data221/Epic and CSCR hospital Dataset/Train/pituitary/Tr-pi_0202.jpg",3,pituitary,3,pituitary,0.0085933004,0.0179232676,0.0062861070,0.9671972394
8554,"/kaggle/input/datasets/arafatrahmann/my-data221/Epic and CSCR hospital Dataset/Train/pituitary/Tr-pi_0213.jpg",3,pituitary,3,pituitary,0.0049857777,0.0090452936,0.0069405264,0.9790284038
8564,"/kaggle/input/datasets/arafatrahmann/my-data221/Epic and CSCR hospital Dataset/Train/pituitary/Tr-pi_0223.jpg",3,pituitary,3,pituitary,0.0059321648,0.0116789918,0.0098811015,0.9725076556
8569,"/kaggle/input/datasets/arafatrahmann/my-data221/Epic and CSCR hospital Dataset/Train/pituitary/Tr-pi_0228.jpg",3,pituitary,3,pituitary,0.0047134310,0.0084143206,0.0077555338,0.9791167378
8570,"/kaggle/input/datasets/arafatrahmann/my-data221/Epic and CSCR hospital Dataset/Train/pituitary/Tr-pi_0229.jpg",3,pituitary,3,pituitary,0.0050264196,0.0091497945,0.0077314801,0.9780923128
8572,"/kaggle/input/datasets/arafatrahmann/my-data221/Epic and CSCR hospital Dataset/Train/pituitary/Tr-pi_0231.jpg",3,pituitary,3,pituitary,0.0043787966,0.0077934070,0.0081748096,0.9796530008
8574,"/kaggle/input/datasets/arafatrahmann/my-data221/Epic and CSCR hospital Dataset/Train/pituitary/Tr-pi_0233.jpg",3,pituitary,3,pituitary,0.0057366462,0.0104502058,0.0072015910,0.9766116142
8589,"/kaggle/input/datasets/arafatrahmann/my-data221/Epic and CSCR hospital Dataset/Train/pituitary/Tr-pi_0248.jpg",3,pituitary,3,pituitary,0.0047963234,0.0081962459,0.0072628958,0.9797446132
8592,"/kaggle/input/datasets/arafatrahmann/my-data221/Epic and CSCR hospital Dataset/Train/pituitary/Tr-pi_0251.jpg",3,pituitary,3,pituitary,0.0049085552,0.0102934409,0.0086706858,0.9761274457
8594,"/kaggle/input/datasets/arafatrahmann/my-data221/Epic and CSCR hospital Dataset/Train/pituitary/Tr-pi_0253.jpg",3,pituitary,3,pituitary,0.0043566534,0.0067442744,0.0077037602,0.9811953306
8597,"/kaggle/input/datasets/arafatrahmann/my-data221/Epic and CSCR hospital Dataset/Train/pituitary/Tr-pi_0256.jpg",3,pituitary,3,pituitary,0.0070409081,0.0161338132,0.0062526381,0.9705726504
8605,"/kaggle/input/datasets/arafatrahmann/my-data221/Epic and CSCR hospital Dataset/Train/pituitary/Tr-pi_0264.jpg",3,pituitary,3,pituitary,0.0045135678,0.0101801194,0.0075531872,0.9777531624
8606,"/kaggle/input/datasets/arafatrahmann/my-data221/Epic and CSCR hospital Dataset/Train/pituitary/Tr-pi_0265.jpg",3,pituitary,3,pituitary,0.0046069324,0.0069745034,0.0084175300,0.9800010920
8608,"/kaggle/input/datasets/arafatrahmann/my-data221/Epic and CSCR hospital Dataset/Train/pituitary/Tr-pi_0267.jpg",3,pituitary,3,pituitary,0.0091349352,0.0163121540,0.0059605399,0.9685923457
8612,"/kaggle/input/datasets/arafatrahmann/my-data221/Epic and CSCR hospital Dataset/Train/pituitary/Tr-pi_0271.jpg",3,pituitary,3,pituitary,0.0043312092,0.0079880720,0.0077993944,0.9798812866
8613,"/kaggle/input/datasets/arafatrahmann/my-data221/Epic and CSCR hospital Dataset/Train/pituitary/Tr-pi_0272.jpg",3,pituitary,3,pituitary,0.0044161887,0.0080257300,0.0076248995,0.9799332619
8630,"/kaggle/input/datasets/arafatrahmann/my-data221/Epic and CSCR hospital Dataset/Train/pituitary/Tr-pi_0289.jpg",3,pituitary,3,pituitary,0.0056873676,0.0096236896,0.0065676915,0.9781211615
8635,"/kaggle/input/datasets/arafatrahmann/my-data221/Epic and CSCR hospital Dataset/Train/pituitary/Tr-pi_0294.jpg",3,pituitary,3,pituitary,0.0048881215,0.0081180315,0.0068777478,0.9801160097
8638,"/kaggle/input/datasets/arafatrahmann/my-data221/Epic and CSCR hospital Dataset/Train/pituitary/Tr-pi_0297.jpg",3,pituitary,3,pituitary,0.0060905470,0.0134626804,0.0060725613,0.9743741155
8645,"/kaggle/input/datasets/arafatrahmann/my-data221/Epic and CSCR hospital Dataset/Train/pituitary/Tr-pi_0304.jpg",3,pituitary,3,pituitary,0.0058196383,0.0166060925,0.0075002303,0.9700740576
8653,"/kaggle/input/datasets/arafatrahmann/my-data221/Epic and CSCR hospital Dataset/Train/pituitary/Tr-pi_0312.jpg",3,pituitary,3,pituitary,0.0044571124,0.0084956270,0.0071886228,0.9798585773
8654,"/kaggle/input/datasets/arafatrahmann/my-data221/Epic and CSCR hospital Dataset/Train/pituitary/Tr-pi_0313.jpg",3,pituitary,3,pituitary,0.0047496883,0.0072938600,0.0063451589,0.9816112518
8659,"/kaggle/input/datasets/arafatrahmann/my-data221/Epic and CSCR hospital Dataset/Train/pituitary/Tr-pi_0318.jpg",3,pituitary,3,pituitary,0.0045944024,0.0079498682,0.0080483695,0.9794073105
8661,"/kaggle/input/datasets/arafatrahmann/my-data221/Epic and CSCR hospital Dataset/Train/pituitary/Tr-pi_0320.jpg",3,pituitary,3,pituitary,0.0044305772,0.0077301241,0.0075848177,0.9802544713
8666,"/kaggle/input/datasets/arafatrahmann/my-data221/Epic and CSCR hospital Dataset/Train/pituitary/Tr-pi_0325.jpg",3,pituitary,3,pituitary,0.0048301592,0.0094650332,0.0068592085,0.9788455963
8678,"/kaggle/input/datasets/arafatrahmann/my-data221/Epic and CSCR hospital Dataset/Train/pituitary/Tr-pi_0337.jpg",3,pituitary,3,pituitary,0.0047795703,0.0097616389,0.0078798914,0.9775789380
8679,"/kaggle/input/datasets/arafatrahmann/my-data221/Epic and CSCR hospital Dataset/Train/pituitary/Tr-pi_0338.jpg",3,pituitary,3,pituitary,0.0051393593,0.0116476892,0.0072659990,0.9759470224
8683,"/kaggle/input/datasets/arafatrahmann/my-data221/Epic and CSCR hospital Dataset/Train/pituitary/Tr-pi_0342.jpg",3,pituitary,3,pituitary,0.0046224101,0.0098175658,0.0073106871,0.9782493711
8699,"/kaggle/input/datasets/arafatrahmann/my-data221/Epic and CSCR hospital Dataset/Train/pituitary/Tr-pi_0358.jpg",3,pituitary,3,pituitary,0.0050396142,0.0131670311,0.0072411178,0.9745522738
8702,"/kaggle/input/datasets/arafatrahmann/my-data221/Epic and CSCR hospital Dataset/Train/pituitary/Tr-pi_0361.jpg",3,pituitary,3,pituitary,0.0040263464,0.0051789759,0.0178380422,0.9729566574
8703,"/kaggle/input/datasets/arafatrahmann/my-data221/Epic and CSCR hospital Dataset/Train/pituitary/Tr-pi_0362.jpg",3,pituitary,3,pituitary,0.0049703196,0.0080720130,0.0081135686,0.9788440466
8708,"/kaggle/input/datasets/arafatrahmann/my-data221/Epic and CSCR hospital Dataset/Train/pituitary/Tr-pi_0367.jpg",3,pituitary,3,pituitary,0.0051410981,0.0072546839,0.0058840332,0.9817202687
8709,"/kaggle/input/datasets/arafatrahmann/my-data221/Epic and CSCR hospital Dataset/Train/pituitary/Tr-pi_0368.jpg",3,pituitary,3,pituitary,0.0044636615,0.0073584281,0.0080970293,0.9800809026
8711,"/kaggle/input/datasets/arafatrahmann/my-data221/Epic and CSCR hospital Dataset/Train/pituitary/Tr-pi_0370.jpg",3,pituitary,3,pituitary,0.0046667117,0.0082142334,0.0076514157,0.9794676900
8712,"/kaggle/input/datasets/arafatrahmann/my-data221/Epic and CSCR hospital Dataset/Train/pituitary/Tr-pi_0371.jpg",3,pituitary,3,pituitary,0.0044508437,0.0073657809,0.0080419444,0.9801414609
8718,"/kaggle/input/datasets/arafatrahmann/my-data221/Epic and CSCR hospital Dataset/Train/pituitary/Tr-pi_0377.jpg",3,pituitary,3,pituitary,0.0064257965,0.0164293218,0.0053254403,0.9718195200
8720,"/kaggle/input/datasets/arafatrahmann/my-data221/Epic and CSCR hospital Dataset/Train/pituitary/Tr-pi_0379.jpg",3,pituitary,3,pituitary,0.0068652332,0.0170103349,0.0053035254,0.9708209038
8726,"/kaggle/input/datasets/arafatrahmann/my-data221/Epic and CSCR hospital Dataset/Train/pituitary/Tr-pi_0385.jpg",3,pituitary,3,pituitary,0.0044947835,0.0076668435,0.0077765458,0.9800617099
8729,"/kaggle/input/datasets/arafatrahmann/my-data221/Epic and CSCR hospital Dataset/Train/pituitary/Tr-pi_0388.jpg",3,pituitary,3,pituitary,0.0043878853,0.0068567470,0.0078170989,0.9809384346
8742,"/kaggle/input/datasets/arafatrahmann/my-data221/Epic and CSCR hospital Dataset/Train/pituitary/Tr-pi_0401.jpg",3,pituitary,3,pituitary,0.0049820654,0.0108918389,0.0077045932,0.9764215350
8744,"/kaggle/input/datasets/arafatrahmann/my-data221/Epic and CSCR hospital Dataset/Train/pituitary/Tr-pi_0403.jpg",3,pituitary,3,pituitary,0.0057619778,0.0153167844,0.0064055994,0.9725157022
8758,"/kaggle/input/datasets/arafatrahmann/my-data221/Epic and CSCR hospital Dataset/Train/pituitary/Tr-pi_0417.jpg",3,pituitary,3,pituitary,0.0043966877,0.0076896301,0.0078475354,0.9800661206
8764,"/kaggle/input/datasets/arafatrahmann/my-data221/Epic and CSCR hospital Dataset/Train/pituitary/Tr-pi_0423.jpg",3,pituitary,3,pituitary,0.0054532210,0.0113614723,0.0057123653,0.9774729609
8774,"/kaggle/input/datasets/arafatrahmann/my-data221/Epic and CSCR hospital Dataset/Train/pituitary/Tr-pi_0433.jpg",3,pituitary,3,pituitary,0.0048153545,0.0080681462,0.0070433342,0.9800731540
8776,"/kaggle/input/datasets/arafatrahmann/my-data221/Epic and CSCR hospital Dataset/Train/pituitary/Tr-pi_0435.jpg",3,pituitary,3,pituitary,0.0048370413,0.0058788955,0.0075154766,0.9817684889
8779,"/kaggle/input/datasets/arafatrahmann/my-data221/Epic and CSCR hospital Dataset/Train/pituitary/Tr-pi_0438.jpg",3,pituitary,3,pituitary,0.0046998234,0.0080716964,0.0072093704,0.9800189734
8780,"/kaggle/input/datasets/arafatrahmann/my-data221/Epic and CSCR hospital Dataset/Train/pituitary/Tr-pi_0439.jpg",3,pituitary,3,pituitary,0.0050360532,0.0083677573,0.0067400611,0.9798561335
8784,"/kaggle/input/datasets/arafatrahmann/my-data221/Epic and CSCR hospital Dataset/Train/pituitary/Tr-pi_0443.jpg",3,pituitary,3,pituitary,0.0047325389,0.0073426641,0.0075189224,0.9804059267
8785,"/kaggle/input/datasets/arafatrahmann/my-data221/Epic and CSCR hospital Dataset/Train/pituitary/Tr-pi_0444.jpg",3,pituitary,3,pituitary,0.0047974484,0.0071393563,0.0081086550,0.9799545407
8792,"/kaggle/input/datasets/arafatrahmann/my-data221/Epic and CSCR hospital Dataset/Train/pituitary/Tr-pi_0451.jpg",3,pituitary,3,pituitary,0.0060595600,0.0104028704,0.0065479116,0.9769896269
8810,"/kaggle/input/datasets/arafatrahmann/my-data221/Epic and CSCR hospital Dataset/Train/pituitary/Tr-pi_0469.jpg",3,pituitary,3,pituitary,0.0046905628,0.0080652442,0.0064688670,0.9807752371
8816,"/kaggle/input/datasets/arafatrahmann/my-data221/Epic and CSCR hospital Dataset/Train/pituitary/Tr-pi_0475.jpg",3,pituitary,3,pituitary,0.0048392415,0.0077191256,0.0069017997,0.9805397987
8823,"/kaggle/input/datasets/arafatrahmann/my-data221/Epic and CSCR hospital Dataset/Train/pituitary/Tr-pi_0482.jpg",3,pituitary,3,pituitary,0.0050279987,0.0102931876,0.0063924463,0.9782862663
8826,"/kaggle/input/datasets/arafatrahmann/my-data221/Epic and CSCR hospital Dataset/Train/pituitary/Tr-pi_0485.jpg",3,pituitary,3,pituitary,0.0068124845,0.0118799601,0.0060805855,0.9752270579
8827,"/kaggle/input/datasets/arafatrahmann/my-data221/Epic and CSCR hospital Dataset/Train/pituitary/Tr-pi_0486.jpg",3,pituitary,3,pituitary,0.0064821756,0.0094250524,0.0058406102,0.9782521129
8829,"/kaggle/input/datasets/arafatrahmann/my-data221/Epic and CSCR hospital Dataset/Train/pituitary/Tr-pi_0488.jpg",3,pituitary,3,pituitary,0.0061233686,0.0093615633,0.0054891431,0.9790259600
8830,"/kaggle/input/datasets/arafatrahmann/my-data221/Epic and CSCR hospital Dataset/Train/pituitary/Tr-pi_0489.jpg",3,pituitary,3,pituitary,0.0047223317,0.0076363534,0.0071005216,0.9805407524
8838,"/kaggle/input/datasets/arafatrahmann/my-data221/Epic and CSCR hospital Dataset/Train/pituitary/Tr-pi_0497.jpg",3,pituitary,3,pituitary,0.0071403296,0.0100232624,0.0058772834,0.9769591093
8851,"/kaggle/input/datasets/arafatrahmann/my-data221/Epic and CSCR hospital Dataset/Train/pituitary/Tr-pi_0510.jpg",3,pituitary,3,pituitary,0.0045589679,0.0084275026,0.0082928129,0.9787207842
8854,"/kaggle/input/datasets/arafatrahmann/my-data221/Epic and CSCR hospital Dataset/Train/pituitary/Tr-pi_0513.jpg",3,pituitary,3,pituitary,0.0052146036,0.0064529874,0.0079486240,0.9803838730
8856,"/kaggle/input/datasets/arafatrahmann/my-data221/Epic and CSCR hospital Dataset/Train/pituitary/Tr-pi_0515.jpg",3,pituitary,3,pituitary,0.0128488168,0.3769151866,0.0106854010,0.5995506048
8860,"/kaggle/input/datasets/arafatrahmann/my-data221/Epic and CSCR hospital Dataset/Train/pituitary/Tr-pi_0519.jpg",3,pituitary,3,pituitary,0.0045342804,0.0082048345,0.0066869236,0.9805740118
8862,"/kaggle/input/datasets/arafatrahmann/my-data221/Epic and CSCR hospital Dataset/Train/pituitary/Tr-pi_0521.jpg",3,pituitary,3,pituitary,0.0045389528,0.0085481126,0.0087797865,0.9781330824
8872,"/kaggle/input/datasets/arafatrahmann/my-data221/Epic and CSCR hospital Dataset/Train/pituitary/Tr-pi_0531.jpg",3,pituitary,3,pituitary,0.0043618497,0.0083878925,0.0087563982,0.9784938693
8882,"/kaggle/input/datasets/arafatrahmann/my-data221/Epic and CSCR hospital Dataset/Train/pituitary/Tr-pi_0541.jpg",3,pituitary,3,pituitary,0.0055884286,0.0088169686,0.0093880203,0.9762066007
8895,"/kaggle/input/datasets/arafatrahmann/my-data221/Epic and CSCR hospital Dataset/Train/pituitary/Tr-pi_0554.jpg",3,pituitary,3,pituitary,0.0049392781,0.0093125617,0.0058433958,0.9799046516
8898,"/kaggle/input/datasets/arafatrahmann/my-data221/Epic and CSCR hospital Dataset/Train/pituitary/Tr-pi_0557.jpg",3,pituitary,3,pituitary,0.0061661424,0.0082109934,0.0065391473,0.9790837169
8900,"/kaggle/input/datasets/arafatrahmann/my-data221/Epic and CSCR hospital Dataset/Train/pituitary/Tr-pi_0559.jpg",3,pituitary,3,pituitary,0.0047821980,0.0110512972,0.0073520346,0.9768144488
8903,"/kaggle/input/datasets/arafatrahmann/my-data221/Epic and CSCR hospital Dataset/Train/pituitary/Tr-pi_0562.jpg",3,pituitary,3,pituitary,0.0048632436,0.0134321051,0.0070158332,0.9746888876
8906,"/kaggle/input/datasets/arafatrahmann/my-data221/Epic and CSCR hospital Dataset/Train/pituitary/Tr-pi_0565.jpg",3,pituitary,3,pituitary,0.0046740780,0.0109812794,0.0072210701,0.9771236181
8909,"/kaggle/input/datasets/arafatrahmann/my-data221/Epic and CSCR hospital Dataset/Train/pituitary/Tr-pi_0568.jpg",3,pituitary,3,pituitary,0.0045835553,0.0078203650,0.0090892771,0.9785067439
8913,"/kaggle/input/datasets/arafatrahmann/my-data221/Epic and CSCR hospital Dataset/Train/pituitary/Tr-pi_0572.jpg",3,pituitary,3,pituitary,0.0092725288,0.0297882147,0.0078724129,0.9530668259
8915,"/kaggle/input/datasets/arafatrahmann/my-data221/Epic and CSCR hospital Dataset/Train/pituitary/Tr-pi_0574.jpg",3,pituitary,3,pituitary,0.0049113957,0.0077963681,0.0078560393,0.9794362783
8920,"/kaggle/input/datasets/arafatrahmann/my-data221/Epic and CSCR hospital Dataset/Train/pituitary/Tr-pi_0579.jpg",3,pituitary,3,pituitary,0.0049639121,0.0079509700,0.0097251311,0.9773600698
8922,"/kaggle/input/datasets/arafatrahmann/my-data221/Epic and CSCR hospital Dataset/Train/pituitary/Tr-pi_0581.jpg",3,pituitary,3,pituitary,0.0051018940,0.0086157173,0.0082450295,0.9780372381
8932,"/kaggle/input/datasets/arafatrahmann/my-data221/Epic and CSCR hospital Dataset/Train/pituitary/Tr-pi_0591.jpg",3,pituitary,3,pituitary,0.0045348979,0.0097094495,0.0092819016,0.9764738083
8941,"/kaggle/input/datasets/arafatrahmann/my-data221/Epic and CSCR hospital Dataset/Train/pituitary/Tr-pi_0600.jpg",3,pituitary,3,pituitary,0.0044373781,0.0066341842,0.0085555278,0.9803730249
8952,"/kaggle/input/datasets/arafatrahmann/my-data221/Epic and CSCR hospital Dataset/Train/pituitary/Tr-pi_0611.jpg",3,pituitary,3,pituitary,0.0048000836,0.0090442244,0.0086452654,0.9775104523
8954,"/kaggle/input/datasets/arafatrahmann/my-data221/Epic and CSCR hospital Dataset/Train/pituitary/Tr-pi_0613.jpg",3,pituitary,3,pituitary,0.0055683479,0.0173683129,0.0067353942,0.9703279734
8956,"/kaggle/input/datasets/arafatrahmann/my-data221/Epic and CSCR hospital Dataset/Train/pituitary/Tr-pi_0615.jpg",3,pituitary,3,pituitary,0.0046841200,0.0097129503,0.0087802410,0.9768226743
8958,"/kaggle/input/datasets/arafatrahmann/my-data221/Epic and CSCR hospital Dataset/Train/pituitary/Tr-pi_0617.jpg",3,pituitary,3,pituitary,0.0078127850,0.0172502119,0.0053377203,0.9695993662
8965,"/kaggle/input/datasets/arafatrahmann/my-data221/Epic and CSCR hospital Dataset/Train/pituitary/Tr-pi_0624.jpg",3,pituitary,3,pituitary,0.0055310912,0.0116937906,0.0066199400,0.9761551619
8966,"/kaggle/input/datasets/arafatrahmann/my-data221/Epic and CSCR hospital Dataset/Train/pituitary/Tr-pi_0625.jpg",3,pituitary,3,pituitary,0.0055588270,0.0082016988,0.0064090928,0.9798303843
8974,"/kaggle/input/datasets/arafatrahmann/my-data221/Epic and CSCR hospital Dataset/Train/pituitary/Tr-pi_0633.jpg",3,pituitary,3,pituitary,0.0053498396,0.0118452879,0.0066210208,0.9761838913
8980,"/kaggle/input/datasets/arafatrahmann/my-data221/Epic and CSCR hospital Dataset/Train/pituitary/Tr-pi_0639.jpg",3,pituitary,3,pituitary,0.0050139362,0.0101240361,0.0065107951,0.9783512354
8981,"/kaggle/input/datasets/arafatrahmann/my-data221/Epic and CSCR hospital Dataset/Train/pituitary/Tr-pi_0640.jpg",3,pituitary,3,pituitary,0.0055558309,0.0136481896,0.0075498954,0.9732460976
8982,"/kaggle/input/datasets/arafatrahmann/my-data221/Epic and CSCR hospital Dataset/Train/pituitary/Tr-pi_0641.jpg",3,pituitary,3,pituitary,0.0045684967,0.0092063146,0.0077076606,0.9785175323
8990,"/kaggle/input/datasets/arafatrahmann/my-data221/Epic and CSCR hospital Dataset/Train/pituitary/Tr-pi_0649.jpg",3,pituitary,3,pituitary,0.0052578296,0.0099792294,0.0074556060,0.9773073196
8994,"/kaggle/input/datasets/arafatrahmann/my-data221/Epic and CSCR hospital Dataset/Train/pituitary/Tr-pi_0653.jpg",3,pituitary,3,pituitary,0.0048543927,0.0065732868,0.0083331298,0.9802390933
8995,"/kaggle/input/datasets/arafatrahmann/my-data221/Epic and CSCR hospital Dataset/Train/pituitary/Tr-pi_0654.jpg",3,pituitary,3,pituitary,0.0068603964,0.0071845413,0.0065462785,0.9794087410
8996,"/kaggle/input/datasets/arafatrahmann/my-data221/Epic and CSCR hospital Dataset/Train/pituitary/Tr-pi_0655.jpg",3,pituitary,3,pituitary,0.0064989133,0.0082116229,0.0065680547,0.9787213206
8998,"/kaggle/input/datasets/arafatrahmann/my-data221/Epic and CSCR hospital Dataset/Train/pituitary/Tr-pi_0657.jpg",3,pituitary,3,pituitary,0.0051080822,0.0104080532,0.0070005758,0.9774832726
9001,"/kaggle/input/datasets/arafatrahmann/my-data221/Epic and CSCR hospital Dataset/Train/pituitary/Tr-pi_0660.jpg",3,pituitary,3,pituitary,0.0044790125,0.0087659666,0.0085773561,0.9781777263
9007,"/kaggle/input/datasets/arafatrahmann/my-data221/Epic and CSCR hospital Dataset/Train/pituitary/Tr-pi_0666.jpg",3,pituitary,3,pituitary,0.0061380188,0.0144935874,0.0070224181,0.9723460078
9019,"/kaggle/input/datasets/arafatrahmann/my-data221/Epic and CSCR hospital Dataset/Train/pituitary/Tr-pi_0678.jpg",3,pituitary,3,pituitary,0.0057261507,0.0093175359,0.0046138256,0.9803423882
9029,"/kaggle/input/datasets/arafatrahmann/my-data221/Epic and CSCR hospital Dataset/Train/pituitary/Tr-pi_0688.jpg",3,pituitary,3,pituitary,0.0084900567,0.0099465549,0.0045920527,0.9769713283
9035,"/kaggle/input/datasets/arafatrahmann/my-data221/Epic and CSCR hospital Dataset/Train/pituitary/Tr-pi_0694.jpg",3,pituitary,3,pituitary,0.0049755960,0.0104668103,0.0066649057,0.9778926969
9038,"/kaggle/input/datasets/arafatrahmann/my-data221/Epic and CSCR hospital Dataset/Train/pituitary/Tr-pi_0697.jpg",3,pituitary,3,pituitary,0.0045823241,0.0103079844,0.0077537312,0.9773558378
9043,"/kaggle/input/datasets/arafatrahmann/my-data221/Epic and CSCR hospital Dataset/Train/pituitary/Tr-pi_0702.jpg",3,pituitary,3,pituitary,0.0049862415,0.0111348806,0.0070745996,0.9768043756
9058,"/kaggle/input/datasets/arafatrahmann/my-data221/Epic and CSCR hospital Dataset/Train/pituitary/Tr-pi_0717.jpg",3,pituitary,3,pituitary,0.0049729040,0.0175110064,0.0076139444,0.9699022174
9065,"/kaggle/input/datasets/arafatrahmann/my-data221/Epic and CSCR hospital Dataset/Train/pituitary/Tr-pi_0724.jpg",3,pituitary,3,pituitary,0.0049550370,0.0148650389,0.0071914168,0.9729884863
9067,"/kaggle/input/datasets/arafatrahmann/my-data221/Epic and CSCR hospital Dataset/Train/pituitary/Tr-pi_0726.jpg",3,pituitary,3,pituitary,0.0044817138,0.0077448920,0.0081311613,0.9796422720
9075,"/kaggle/input/datasets/arafatrahmann/my-data221/Epic and CSCR hospital Dataset/Train/pituitary/Tr-pi_0734.jpg",3,pituitary,3,pituitary,0.0049125995,0.0131936492,0.0073413076,0.9745524526
9077,"/kaggle/input/datasets/arafatrahmann/my-data221/Epic and CSCR hospital Dataset/Train/pituitary/Tr-pi_0736.jpg",3,pituitary,3,pituitary,0.0047974288,0.0111503918,0.0078332340,0.9762189984
9079,"/kaggle/input/datasets/arafatrahmann/my-data221/Epic and CSCR hospital Dataset/Train/pituitary/Tr-pi_0738.jpg",3,pituitary,3,pituitary,0.0048213378,0.0149520729,0.0080045713,0.9722221494
9093,"/kaggle/input/datasets/arafatrahmann/my-data221/Epic and CSCR hospital Dataset/Train/pituitary/Tr-pi_0752.jpg",3,pituitary,3,pituitary,0.0042640464,0.0082366085,0.0078633828,0.9796360135
9095,"/kaggle/input/datasets/arafatrahmann/my-data221/Epic and CSCR hospital Dataset/Train/pituitary/Tr-pi_0754.jpg",3,pituitary,3,pituitary,0.0043638404,0.0074387155,0.0078496020,0.9803478122
9096,"/kaggle/input/datasets/arafatrahmann/my-data221/Epic and CSCR hospital Dataset/Train/pituitary/Tr-pi_0755.jpg",3,pituitary,3,pituitary,0.0044204695,0.0080077043,0.0077465824,0.9798251987
9102,"/kaggle/input/datasets/arafatrahmann/my-data221/Epic and CSCR hospital Dataset/Train/pituitary/Tr-pi_0761.jpg",3,pituitary,3,pituitary,0.0048017874,0.0091301538,0.0064010718,0.9796670079
9104,"/kaggle/input/datasets/arafatrahmann/my-data221/Epic and CSCR hospital Dataset/Train/pituitary/Tr-pi_0763.jpg",3,pituitary,3,pituitary,0.0062082158,0.0112502538,0.0061971718,0.9763442874
9113,"/kaggle/input/datasets/arafatrahmann/my-data221/Epic and CSCR hospital Dataset/Train/pituitary/Tr-pi_0772.jpg",3,pituitary,3,pituitary,0.0049367091,0.0068269866,0.0067759617,0.9814603925
9116,"/kaggle/input/datasets/arafatrahmann/my-data221/Epic and CSCR hospital Dataset/Train/pituitary/Tr-pi_0775.jpg",3,pituitary,3,pituitary,0.0045961100,0.0082068266,0.0070294947,0.9801675677
9117,"/kaggle/input/datasets/arafatrahmann/my-data221/Epic and CSCR hospital Dataset/Train/pituitary/Tr-pi_0776.jpg",3,pituitary,3,pituitary,0.0044547049,0.0075454572,0.0069824220,0.9810174108
9119,"/kaggle/input/datasets/arafatrahmann/my-data221/Epic and CSCR hospital Dataset/Train/pituitary/Tr-pi_0778.jpg",3,pituitary,3,pituitary,0.0049881679,0.0069307438,0.0073051392,0.9807759523
9121,"/kaggle/input/datasets/arafatrahmann/my-data221/Epic and CSCR hospital Dataset/Train/pituitary/Tr-pi_0780.jpg",3,pituitary,3,pituitary,0.0046923305,0.0076356106,0.0064256103,0.9812464714
9123,"/kaggle/input/datasets/arafatrahmann/my-data221/Epic and CSCR hospital Dataset/Train/pituitary/Tr-pi_0782.jpg",3,pituitary,3,pituitary,0.0046503767,0.0080235656,0.0068802885,0.9804457426
9125,"/kaggle/input/datasets/arafatrahmann/my-data221/Epic and CSCR hospital Dataset/Train/pituitary/Tr-pi_0784.jpg",3,pituitary,3,pituitary,0.0048618922,0.0075448626,0.0066854679,0.9809077978
9127,"/kaggle/input/datasets/arafatrahmann/my-data221/Epic and CSCR hospital Dataset/Train/pituitary/Tr-pi_0786.jpg",3,pituitary,3,pituitary,0.0049364781,0.0080882721,0.0066203224,0.9803549051
9144,"/kaggle/input/datasets/arafatrahmann/my-data221/Epic and CSCR hospital Dataset/Train/pituitary/Tr-pi_0803.jpg",3,pituitary,3,pituitary,0.0048540924,0.0087938104,0.0070097176,0.9793424606
9146,"/kaggle/input/datasets/arafatrahmann/my-data221/Epic and CSCR hospital Dataset/Train/pituitary/Tr-pi_0847.jpg",3,pituitary,3,pituitary,0.0049210116,0.0108632594,0.0067353696,0.9774804115
9151,"/kaggle/input/datasets/arafatrahmann/my-data221/Epic and CSCR hospital Dataset/Train/pituitary/Tr-pi_0945.jpg",3,pituitary,3,pituitary,0.0045861793,0.0070743719,0.0081013450,0.9802381396
9153,"/kaggle/input/datasets/arafatrahmann/my-data221/Epic and CSCR hospital Dataset/Train/pituitary/Tr-pi_0947.jpg",3,pituitary,3,pituitary,0.0049420400,0.0141876768,0.0073504732,0.9735199213
9156,"/kaggle/input/datasets/arafatrahmann/my-data221/Epic and CSCR hospital Dataset/Train/pituitary/Tr-pi_0950.jpg",3,pituitary,3,pituitary,0.0047889724,0.0145357149,0.0079282355,0.9727470279
9169,"/kaggle/input/datasets/arafatrahmann/my-data221/Epic and CSCR hospital Dataset/Train/pituitary/Tr-pi_0993.jpg",3,pituitary,3,pituitary,0.0052765594,0.0113131972,0.0064194254,0.9769908786
9174,"/kaggle/input/datasets/arafatrahmann/my-data221/Epic and CSCR hospital Dataset/Train/pituitary/Tr-pi_0998.jpg",3,pituitary,3,pituitary,0.0054574143,0.0125071462,0.0053725759,0.9766628146
9180,"/kaggle/input/datasets/arafatrahmann/my-data221/Epic and CSCR hospital Dataset/Train/pituitary/Tr-pi_1004.jpg",3,pituitary,3,pituitary,0.0049051140,0.0141457142,0.0075857751,0.9733632803
9184,"/kaggle/input/datasets/arafatrahmann/my-data221/Epic and CSCR hospital Dataset/Train/pituitary/Tr-pi_1008.jpg",3,pituitary,3,pituitary,0.0056988196,0.0127613544,0.0073552532,0.9741845131
9193,"/kaggle/input/datasets/arafatrahmann/my-data221/Epic and CSCR hospital Dataset/Train/pituitary/Tr-pi_1017.jpg",3,pituitary,3,pituitary,0.0054181153,0.0081581241,0.0075577176,0.9788659811
9197,"/kaggle/input/datasets/arafatrahmann/my-data221/Epic and CSCR hospital Dataset/Train/pituitary/Tr-pi_1021.jpg",3,pituitary,3,pituitary,0.0053431792,0.0100632478,0.0073321955,0.9772613645
9199,"/kaggle/input/datasets/arafatrahmann/my-data221/Epic and CSCR hospital Dataset/Train/pituitary/Tr-pi_1023.jpg",3,pituitary,3,pituitary,0.0047752904,0.0118246274,0.0087281028,0.9746719599
9201,"/kaggle/input/datasets/arafatrahmann/my-data221/Epic and CSCR hospital Dataset/Train/pituitary/Tr-pi_1025.jpg",3,pituitary,3,pituitary,0.0052012638,0.0130681675,0.0092427749,0.9724878073
9217,"/kaggle/input/datasets/arafatrahmann/my-data221/Epic and CSCR hospital Dataset/Train/pituitary/Tr-pi_1043.jpg",3,pituitary,3,pituitary,0.0057369722,0.0135876890,0.0070298212,0.9736455679
9223,"/kaggle/input/datasets/arafatrahmann/my-data221/Epic and CSCR hospital Dataset/Train/pituitary/Tr-pi_1049.jpg",3,pituitary,3,pituitary,0.0042243521,0.0061230697,0.0085890982,0.9810634851
9229,"/kaggle/input/datasets/arafatrahmann/my-data221/Epic and CSCR hospital Dataset/Train/pituitary/Tr-pi_1056.jpg",3,pituitary,3,pituitary,0.0047604293,0.0082691777,0.0071685626,0.9798018336
9230,"/kaggle/input/datasets/arafatrahmann/my-data221/Epic and CSCR hospital Dataset/Train/pituitary/Tr-pi_1057.jpg",3,pituitary,3,pituitary,0.0050025657,0.0104997503,0.0065733665,0.9779243469
9233,"/kaggle/input/datasets/arafatrahmann/my-data221/Epic and CSCR hospital Dataset/Train/pituitary/Tr-pi_1060.jpg",3,pituitary,3,pituitary,0.0047814166,0.0132721812,0.0072576688,0.9746888280
9234,"/kaggle/input/datasets/arafatrahmann/my-data221/Epic and CSCR hospital Dataset/Train/pituitary/Tr-pi_1061.jpg",3,pituitary,3,pituitary,0.0051936265,0.0102376314,0.0082634669,0.9763053060
9236,"/kaggle/input/datasets/arafatrahmann/my-data221/Epic and CSCR hospital Dataset/Train/pituitary/Tr-pi_1063.jpg",3,pituitary,3,pituitary,0.0046901708,0.0092883669,0.0087505309,0.9772709608
9257,"/kaggle/input/datasets/arafatrahmann/my-data221/Epic and CSCR hospital Dataset/Train/pituitary/Tr-pi_1084.jpg",3,pituitary,3,pituitary,0.0043744156,0.0058835526,0.0085545648,0.9811875224
9258,"/kaggle/input/datasets/arafatrahmann/my-data221/Epic and CSCR hospital Dataset/Train/pituitary/Tr-pi_1085.jpg",3,pituitary,3,pituitary,0.0054688617,0.0097204354,0.0066478401,0.9781629443
9267,"/kaggle/input/datasets/arafatrahmann/my-data221/Epic and CSCR hospital Dataset/Train/pituitary/Tr-pi_1095.jpg",3,pituitary,3,pituitary,0.0048898333,0.0142109822,0.0078959269,0.9730032086
9270,"/kaggle/input/datasets/arafatrahmann/my-data221/Epic and CSCR hospital Dataset/Train/pituitary/Tr-pi_1098.jpg",3,pituitary,3,pituitary,0.0046931501,0.0117838783,0.0071086967,0.9764143229
9273,"/kaggle/input/datasets/arafatrahmann/my-data221/Epic and CSCR hospital Dataset/Train/pituitary/Tr-pi_1101.jpg",3,pituitary,3,pituitary,0.0046084281,0.0091810236,0.0077984789,0.9784120321
9286,"/kaggle/input/datasets/arafatrahmann/my-data221/Epic and CSCR hospital Dataset/Train/pituitary/Tr-pi_1117.jpg",3,pituitary,3,pituitary,0.0044674189,0.0109143406,0.0084042596,0.9762140512
9287,"/kaggle/input/datasets/arafatrahmann/my-data221/Epic and CSCR hospital Dataset/Train/pituitary/Tr-pi_1118.jpg",3,pituitary,3,pituitary,0.0046685319,0.0125637893,0.0082075801,0.9745600820
9291,"/kaggle/input/datasets/arafatrahmann/my-data221/Epic and CSCR hospital Dataset/Train/pituitary/Tr-pi_1123.jpg",3,pituitary,3,pituitary,0.0050602010,0.0077540958,0.0064580543,0.9807276726
9296,"/kaggle/input/datasets/arafatrahmann/my-data221/Epic and CSCR hospital Dataset/Train/pituitary/Tr-pi_1129.jpg",3,pituitary,3,pituitary,0.0056025097,0.0105052115,0.0068327310,0.9770595431
9299,"/kaggle/input/datasets/arafatrahmann/my-data221/Epic and CSCR hospital Dataset/Train/pituitary/Tr-pi_1132.jpg",3,pituitary,3,pituitary,0.0048598973,0.0083792405,0.0075544389,0.9792064428
9300,"/kaggle/input/datasets/arafatrahmann/my-data221/Epic and CSCR hospital Dataset/Train/pituitary/Tr-pi_1133.jpg",3,pituitary,3,pituitary,0.0046986588,0.0080027934,0.0074758269,0.9798227549
9303,"/kaggle/input/datasets/arafatrahmann/my-data221/Epic and CSCR hospital Dataset/Train/pituitary/Tr-pi_1136.jpg",3,pituitary,3,pituitary,0.0042992858,0.0066019939,0.0078359665,0.9812628031
9305,"/kaggle/input/datasets/arafatrahmann/my-data221/Epic and CSCR hospital Dataset/Train/pituitary/Tr-pi_1138.jpg",3,pituitary,3,pituitary,0.0046396204,0.0076616593,0.0070142420,0.9806844592
9307,"/kaggle/input/datasets/arafatrahmann/my-data221/Epic and CSCR hospital Dataset/Train/pituitary/Tr-pi_1140.jpg",3,pituitary,3,pituitary,0.0050611459,0.0118611921,0.0066130012,0.9764645696
9310,"/kaggle/input/datasets/arafatrahmann/my-data221/Epic and CSCR hospital Dataset/Train/pituitary/Tr-pi_1143.jpg",3,pituitary,3,pituitary,0.0053338991,0.0093422104,0.0057299687,0.9795939326
9322,"/kaggle/input/datasets/arafatrahmann/my-data221/Epic and CSCR hospital Dataset/Train/pituitary/Tr-pi_1155.jpg",3,pituitary,3,pituitary,0.0044339714,0.0067449869,0.0069229216,0.9818981290
9328,"/kaggle/input/datasets/arafatrahmann/my-data221/Epic and CSCR hospital Dataset/Train/pituitary/Tr-pi_1161.jpg",3,pituitary,3,pituitary,0.0047086040,0.0098257083,0.0069734291,0.9784922600
9329,"/kaggle/input/datasets/arafatrahmann/my-data221/Epic and CSCR hospital Dataset/Train/pituitary/Tr-pi_1162.jpg",3,pituitary,3,pituitary,0.0047026044,0.0089357411,0.0073296712,0.9790319204
9332,"/kaggle/input/datasets/arafatrahmann/my-data221/Epic and CSCR hospital Dataset/Train/pituitary/Tr-pi_1165.jpg",3,pituitary,3,pituitary,0.0053376555,0.0118820025,0.0064689824,0.9763113856
9335,"/kaggle/input/datasets/arafatrahmann/my-data221/Epic and CSCR hospital Dataset/Train/pituitary/Tr-pi_1168.jpg",3,pituitary,3,pituitary,0.0044787633,0.0078261597,0.0075543402,0.9801408052
9342,"/kaggle/input/datasets/arafatrahmann/my-data221/Epic and CSCR hospital Dataset/Train/pituitary/Tr-pi_1175.jpg",3,pituitary,3,pituitary,0.0044602165,0.0072172568,0.0076871393,0.9806353450
9347,"/kaggle/input/datasets/arafatrahmann/my-data221/Epic and CSCR hospital Dataset/Train/pituitary/Tr-pi_1180.jpg",3,pituitary,3,pituitary,0.0042534713,0.0070703952,0.0079121431,0.9807640314
9354,"/kaggle/input/datasets/arafatrahmann/my-data221/Epic and CSCR hospital Dataset/Train/pituitary/Tr-pi_1187.jpg",3,pituitary,3,pituitary,0.0046463949,0.0091687227,0.0064448593,0.9797399640
9355,"/kaggle/input/datasets/arafatrahmann/my-data221/Epic and CSCR hospital Dataset/Train/pituitary/Tr-pi_1188.jpg",3,pituitary,3,pituitary,0.0052862056,0.0123649957,0.0061735986,0.9761751890
9357,"/kaggle/input/datasets/arafatrahmann/my-data221/Epic and CSCR hospital Dataset/Train/pituitary/Tr-pi_1190.jpg",3,pituitary,3,pituitary,0.0045966743,0.0096246591,0.0079271616,0.9778513908
9371,"/kaggle/input/datasets/arafatrahmann/my-data221/Epic and CSCR hospital Dataset/Train/pituitary/Tr-pi_1204.jpg",3,pituitary,3,pituitary,0.0050335387,0.0096398015,0.0064190156,0.9789075851
9377,"/kaggle/input/datasets/arafatrahmann/my-data221/Epic and CSCR hospital Dataset/Train/pituitary/Tr-pi_1210.jpg",3,pituitary,3,pituitary,0.0069621801,0.0128809316,0.0043792347,0.9757776260
9378,"/kaggle/input/datasets/arafatrahmann/my-data221/Epic and CSCR hospital Dataset/Train/pituitary/Tr-pi_1211.jpg",3,pituitary,3,pituitary,0.0053534880,0.0105623212,0.0057236282,0.9783605337
9381,"/kaggle/input/datasets/arafatrahmann/my-data221/Epic and CSCR hospital Dataset/Train/pituitary/Tr-pi_1214.jpg",3,pituitary,3,pituitary,0.0052450071,0.0096678454,0.0069192075,0.9781680107
9384,"/kaggle/input/datasets/arafatrahmann/my-data221/Epic and CSCR hospital Dataset/Train/pituitary/Tr-pi_1217.jpg",3,pituitary,3,pituitary,0.0049218019,0.0085297208,0.0075118109,0.9790366292
9396,"/kaggle/input/datasets/arafatrahmann/my-data221/Epic and CSCR hospital Dataset/Train/pituitary/Tr-pi_1229.jpg",3,pituitary,3,pituitary,0.0055418443,0.0109939082,0.0061131385,0.9773511887
9400,"/kaggle/input/datasets/arafatrahmann/my-data221/Epic and CSCR hospital Dataset/Train/pituitary/Tr-pi_1233.jpg",3,pituitary,3,pituitary,0.0056345738,0.0150740743,0.0075073452,0.9717839956
9403,"/kaggle/input/datasets/arafatrahmann/my-data221/Epic and CSCR hospital Dataset/Train/pituitary/Tr-pi_1236.jpg",3,pituitary,3,pituitary,0.0043481207,0.0065468485,0.0072769769,0.9818280935
9405,"/kaggle/input/datasets/arafatrahmann/my-data221/Epic and CSCR hospital Dataset/Train/pituitary/Tr-pi_1238.jpg",3,pituitary,3,pituitary,0.0045619765,0.0085302442,0.0070800101,0.9798277617
9407,"/kaggle/input/datasets/arafatrahmann/my-data221/Epic and CSCR hospital Dataset/Train/pituitary/Tr-pi_1240.jpg",3,pituitary,3,pituitary,0.0044205412,0.0084056053,0.0072316588,0.9799422026
9410,"/kaggle/input/datasets/arafatrahmann/my-data221/Epic and CSCR hospital Dataset/Train/pituitary/Tr-pi_1243.jpg",3,pituitary,3,pituitary,0.0045513590,0.0071863630,0.0068779080,0.9813843966
9411,"/kaggle/input/datasets/arafatrahmann/my-data221/Epic and CSCR hospital Dataset/Train/pituitary/Tr-pi_1244.jpg",3,pituitary,3,pituitary,0.0044274083,0.0082934462,0.0078215897,0.9794574976
9418,"/kaggle/input/datasets/arafatrahmann/my-data221/Epic and CSCR hospital Dataset/Train/pituitary/Tr-pi_1251.jpg",3,pituitary,3,pituitary,0.0047775861,0.0103438320,0.0064852512,0.9783933759
9420,"/kaggle/input/datasets/arafatrahmann/my-data221/Epic and CSCR hospital Dataset/Train/pituitary/Tr-pi_1253.jpg",3,pituitary,3,pituitary,0.0047678575,0.0084584542,0.0065735145,0.9802001715
9421,"/kaggle/input/datasets/arafatrahmann/my-data221/Epic and CSCR hospital Dataset/Train/pituitary/Tr-pi_1260.jpg",3,pituitary,3,pituitary,0.0049605006,0.0091659334,0.0072686328,0.9786049724
9422,"/kaggle/input/datasets/arafatrahmann/my-data221/Epic and CSCR hospital Dataset/Train/pituitary/Tr-pi_1261.jpg",3,pituitary,3,pituitary,0.0045488672,0.0079026958,0.0081687532,0.9793796539
9423,"/kaggle/input/datasets/arafatrahmann/my-data221/Epic and CSCR hospital Dataset/Train/pituitary/Tr-pi_1262.jpg",3,pituitary,3,pituitary,0.0048170527,0.0079018138,0.0072786822,0.9800025225
9427,"/kaggle/input/datasets/arafatrahmann/my-data221/Epic and CSCR hospital Dataset/Train/pituitary/Tr-pi_1266.jpg",3,pituitary,3,pituitary,0.0050654253,0.0122478176,0.0066009015,0.9760858417
9428,"/kaggle/input/datasets/arafatrahmann/my-data221/Epic and CSCR hospital Dataset/Train/pituitary/Tr-pi_1267.jpg",3,pituitary,3,pituitary,0.0055829934,0.0120671764,0.0060696593,0.9762800932
9430,"/kaggle/input/datasets/arafatrahmann/my-data221/Epic and CSCR hospital Dataset/Train/pituitary/Tr-pi_1270.jpg",3,pituitary,3,pituitary,0.0043784152,0.0080223884,0.0078361649,0.9797630310
9442,"/kaggle/input/datasets/arafatrahmann/my-data221/Epic and CSCR hospital Dataset/Train/pituitary/Tr-pi_1293.jpg",3,pituitary,3,pituitary,0.0046611251,0.0100150714,0.0075888759,0.9777349234
9449,"/kaggle/input/datasets/arafatrahmann/my-data221/Epic and CSCR hospital Dataset/Train/pituitary/Tr-pi_1300.jpg",3,pituitary,3,pituitary,0.0045483601,0.0076124454,0.0086911703,0.9791480303
9451,"/kaggle/input/datasets/arafatrahmann/my-data221/Epic and CSCR hospital Dataset/Train/pituitary/Tr-pi_1302.jpg",3,pituitary,3,pituitary,0.0044667036,0.0074662245,0.0085552083,0.9795119166
9459,"/kaggle/input/datasets/arafatrahmann/my-data221/Epic and CSCR hospital Dataset/Train/pituitary/Tr-pi_1310.jpg",3,pituitary,3,pituitary,0.0041415612,0.0058251237,0.0093432516,0.9806900024
9472,"/kaggle/input/datasets/arafatrahmann/my-data221/Epic and CSCR hospital Dataset/Train/pituitary/Tr-pi_1330.jpg",3,pituitary,3,pituitary,0.0045863683,0.0083957482,0.0079049319,0.9791129231
9473,"/kaggle/input/datasets/arafatrahmann/my-data221/Epic and CSCR hospital Dataset/Train/pituitary/Tr-pi_1331.jpg",3,pituitary,3,pituitary,0.0045880182,0.0075929342,0.0072421795,0.9805768728
9474,"/kaggle/input/datasets/arafatrahmann/my-data221/Epic and CSCR hospital Dataset/Train/pituitary/Tr-pi_1332.jpg",3,pituitary,3,pituitary,0.0055365921,0.0103955213,0.0066360021,0.9774318933
9479,"/kaggle/input/datasets/arafatrahmann/my-data221/Epic and CSCR hospital Dataset/Train/pituitary/Tr-pi_1338.jpg",3,pituitary,3,pituitary,0.0047068386,0.0076364665,0.0078113987,0.9798452258
9480,"/kaggle/input/datasets/arafatrahmann/my-data221/Epic and CSCR hospital Dataset/Train/pituitary/Tr-pi_1339.jpg",3,pituitary,3,pituitary,0.0046301829,0.0070072003,0.0081337951,0.9802287817
9484,"/kaggle/input/datasets/arafatrahmann/my-data221/Epic and CSCR hospital Dataset/Train/pituitary/Tr-pi_1345.jpg",3,pituitary,3,pituitary,0.0045864088,0.0086276950,0.0079976460,0.9787882566
9485,"/kaggle/input/datasets/arafatrahmann/my-data221/Epic and CSCR hospital Dataset/Train/pituitary/Tr-pi_1346.jpg",3,pituitary,3,pituitary,0.0044801245,0.0092894416,0.0080790371,0.9781514406
9488,"/kaggle/input/datasets/arafatrahmann/my-data221/Epic and CSCR hospital Dataset/Train/pituitary/Tr-pi_1350.jpg",3,pituitary,3,pituitary,0.0045626857,0.0083653843,0.0085672541,0.9785046577
9492,"/kaggle/input/datasets/arafatrahmann/my-data221/Epic and CSCR hospital Dataset/Train/pituitary/Tr-pi_1355.jpg",3,pituitary,3,pituitary,0.0043186690,0.0070930072,0.0078865290,0.9807017446
9495,"/kaggle/input/datasets/arafatrahmann/my-data221/Epic and CSCR hospital Dataset/Train/pituitary/Tr-pi_1358.jpg",3,pituitary,3,pituitary,0.0047412599,0.0083883712,0.0075626932,0.9793076515
9497,"/kaggle/input/datasets/arafatrahmann/my-data221/Epic and CSCR hospital Dataset/Train/pituitary/Tr-pi_1360.jpg",3,pituitary,3,pituitary,0.0156561136,0.0278695635,0.0071724011,0.9493018985
9500,"/kaggle/input/datasets/arafatrahmann/my-data221/Epic and CSCR hospital Dataset/Train/pituitary/Tr-pi_1364.jpg",3,pituitary,3,pituitary,0.0049747564,0.0071939277,0.0069476618,0.9808837175
9505,"/kaggle/input/datasets/arafatrahmann/my-data221/Epic and CSCR hospital Dataset/Train/pituitary/Tr-pi_1370.jpg",3,pituitary,3,pituitary,0.0046835924,0.0096447207,0.0069020204,0.9787696600
9537,"/kaggle/input/datasets/arafatrahmann/my-data221/Epic and CSCR hospital Dataset/Train/pituitary/p (486).jpg",3,pituitary,3,pituitary,0.0050029801,0.0079231141,0.0066292733,0.9804446101
9539,"/kaggle/input/datasets/arafatrahmann/my-data221/Epic and CSCR hospital Dataset/Train/pituitary/p (488).jpg",3,pituitary,3,pituitary,0.0050920392,0.0071016192,0.0065608597,0.9812455177
9542,"/kaggle/input/datasets/arafatrahmann/my-data221/Epic and CSCR hospital Dataset/Train/pituitary/p (491).jpg",3,pituitary,3,pituitary,0.0049417727,0.0059947749,0.0076464689,0.9814170003
9552,"/kaggle/input/datasets/arafatrahmann/my-data221/Epic and CSCR hospital Dataset/Train/pituitary/p (501).jpg",3,pituitary,3,pituitary,0.0067749857,0.0132604390,0.0047345208,0.9752300382
9579,"/kaggle/input/datasets/arafatrahmann/my-data221/Epic and CSCR hospital Dataset/Train/pituitary/p (528).jpg",3,pituitary,3,pituitary,0.0048682811,0.0081230486,0.0067686168,0.9802401662
9586,"/kaggle/input/datasets/arafatrahmann/my-data221/Epic and CSCR hospital Dataset/Train/pituitary/p (535).jpg",3,pituitary,3,pituitary,0.0106278677,0.0193863381,0.0052226959,0.9647630453
9587,"/kaggle/input/datasets/arafatrahmann/my-data221/Epic and CSCR hospital Dataset/Train/pituitary/p (536).jpg",3,pituitary,3,pituitary,0.0067605563,0.0118342983,0.0060540112,0.9753511548
9601,"/kaggle/input/datasets/arafatrahmann/my-data221/Epic and CSCR hospital Dataset/Train/pituitary/p (550).jpg",3,pituitary,3,pituitary,0.0057273833,0.0122556863,0.0079322895,0.9740845561
9603,"/kaggle/input/datasets/arafatrahmann/my-data221/Epic and CSCR hospital Dataset/Train/pituitary/p (552).jpg",3,pituitary,3,pituitary,0.0050407252,0.0110097723,0.0075977533,0.9763517380
9612,"/kaggle/input/datasets/arafatrahmann/my-data221/Epic and CSCR hospital Dataset/Train/pituitary/p (561).jpg",3,pituitary,3,pituitary,0.0048310123,0.0074108690,0.0078085354,0.9799495935
9616,"/kaggle/input/datasets/arafatrahmann/my-data221/Epic and CSCR hospital Dataset/Train/pituitary/p (565).jpg",3,pituitary,3,pituitary,0.0046037664,0.0096623525,0.0075146020,0.9782193303
9620,"/kaggle/input/datasets/arafatrahmann/my-data221/Epic and CSCR hospital Dataset/Train/pituitary/p (569).jpg",3,pituitary,1,meningioma,0.0087689999,0.9759046435,0.0059728390,0.0093534533
9624,"/kaggle/input/datasets/arafatrahmann/my-data221/Epic and CSCR hospital Dataset/Train/pituitary/p (573).jpg",3,pituitary,3,pituitary,0.0043290267,0.0066434988,0.0081711132,0.9808562994
9626,"/kaggle/input/datasets/arafatrahmann/my-data221/Epic and CSCR hospital Dataset/Train/pituitary/p (575).jpg",3,pituitary,3,pituitary,0.0045395279,0.0084514907,0.0081122490,0.9788967371
9634,"/kaggle/input/datasets/arafatrahmann/my-data221/Epic and CSCR hospital Dataset/Train/pituitary/p (594).jpg",3,pituitary,3,pituitary,0.0044904267,0.0086275144,0.0090774521,0.9778045416
9641,"/kaggle/input/datasets/arafatrahmann/my-data221/Epic and CSCR hospital Dataset/Train/pituitary/p (601).jpg",3,pituitary,3,pituitary,0.0047793090,0.0112669393,0.0073568239,0.9765968323
9652,"/kaggle/input/datasets/arafatrahmann/my-data221/Epic and CSCR hospital Dataset/Test/glioma/1051.jpg",0,glioma,0,glioma,0.9758701324,0.0071968427,0.0094036367,0.0075293789
9655,"/kaggle/input/datasets/arafatrahmann/my-data221/Epic and CSCR hospital Dataset/Test/glioma/1054.jpg",0,glioma,0,glioma,0.9695631862,0.0112155303,0.0124179367,0.0068033389
9656,"/kaggle/input/datasets/arafatrahmann/my-data221/Epic and CSCR hospital Dataset/Test/glioma/1055.jpg",0,glioma,0,glioma,0.9659519196,0.0092272256,0.0094890362,0.0153318271
9657,"/kaggle/input/datasets/arafatrahmann/my-data221/Epic and CSCR hospital Dataset/Test/glioma/1089.jpg",0,glioma,0,glioma,0.9762407541,0.0070870770,0.0083588213,0.0083132945
9661,"/kaggle/input/datasets/arafatrahmann/my-data221/Epic and CSCR hospital Dataset/Test/glioma/1093.jpg",0,glioma,0,glioma,0.9447649121,0.0300831050,0.0136422943,0.0115097892
9664,"/kaggle/input/datasets/arafatrahmann/my-data221/Epic and CSCR hospital Dataset/Test/glioma/1096.jpg",0,glioma,0,glioma,0.9703232646,0.0103055937,0.0087887300,0.0105823819
9667,"/kaggle/input/datasets/arafatrahmann/my-data221/Epic and CSCR hospital Dataset/Test/glioma/1099.jpg",0,glioma,0,glioma,0.9710273743,0.0085772779,0.0090319281,0.0113635100
9668,"/kaggle/input/datasets/arafatrahmann/my-data221/Epic and CSCR hospital Dataset/Test/glioma/1100.jpg",0,glioma,0,glioma,0.9709652066,0.0102388691,0.0103164762,0.0084794611
9676,"/kaggle/input/datasets/arafatrahmann/my-data221/Epic and CSCR hospital Dataset/Test/glioma/1108.jpg",0,glioma,0,glioma,0.9704608917,0.0084495610,0.0102660377,0.0108234938
9681,"/kaggle/input/datasets/arafatrahmann/my-data221/Epic and CSCR hospital Dataset/Test/glioma/1113.jpg",0,glioma,0,glioma,0.9755135775,0.0078062899,0.0097998129,0.0068803416
9686,"/kaggle/input/datasets/arafatrahmann/my-data221/Epic and CSCR hospital Dataset/Test/glioma/1118.jpg",0,glioma,0,glioma,0.7859030962,0.1884423494,0.0117490357,0.0139055848
9690,"/kaggle/input/datasets/arafatrahmann/my-data221/Epic and CSCR hospital Dataset/Test/glioma/1122.jpg",0,glioma,0,glioma,0.9715348482,0.0074749640,0.0102508487,0.0107394196
9702,"/kaggle/input/datasets/arafatrahmann/my-data221/Epic and CSCR hospital Dataset/Test/glioma/1134.jpg",0,glioma,0,glioma,0.9582961202,0.0103260446,0.0078630587,0.0235146973
9704,"/kaggle/input/datasets/arafatrahmann/my-data221/Epic and CSCR hospital Dataset/Test/glioma/1136.jpg",0,glioma,0,glioma,0.9652301073,0.0132885231,0.0075122938,0.0139690787
9716,"/kaggle/input/datasets/arafatrahmann/my-data221/Epic and CSCR hospital Dataset/Test/glioma/1148.jpg",0,glioma,0,glioma,0.9717024565,0.0085321236,0.0094094649,0.0103559615
9719,"/kaggle/input/datasets/arafatrahmann/my-data221/Epic and CSCR hospital Dataset/Test/glioma/1151.jpg",0,glioma,0,glioma,0.9690611959,0.0111921597,0.0101458663,0.0096007958
9723,"/kaggle/input/datasets/arafatrahmann/my-data221/Epic and CSCR hospital Dataset/Test/glioma/1155.jpg",0,glioma,0,glioma,0.9693276286,0.0136501770,0.0082488442,0.0087733958
9729,"/kaggle/input/datasets/arafatrahmann/my-data221/Epic and CSCR hospital Dataset/Test/glioma/1161.jpg",0,glioma,0,glioma,0.9707843661,0.0073774033,0.0114754140,0.0103627713
9731,"/kaggle/input/datasets/arafatrahmann/my-data221/Epic and CSCR hospital Dataset/Test/glioma/1163.jpg",0,glioma,0,glioma,0.9111286402,0.0669319928,0.0110295331,0.0109098852
9732,"/kaggle/input/datasets/arafatrahmann/my-data221/Epic and CSCR hospital Dataset/Test/glioma/1164.jpg",0,glioma,0,glioma,0.9513306618,0.0258606337,0.0102648037,0.0125439791
9735,"/kaggle/input/datasets/arafatrahmann/my-data221/Epic and CSCR hospital Dataset/Test/glioma/1167.jpg",0,glioma,0,glioma,0.9684025049,0.0092520760,0.0099778268,0.0123676714
9742,"/kaggle/input/datasets/arafatrahmann/my-data221/Epic and CSCR hospital Dataset/Test/glioma/1174.jpg",0,glioma,0,glioma,0.9755641818,0.0075998567,0.0093289893,0.0075068707
9743,"/kaggle/input/datasets/arafatrahmann/my-data221/Epic and CSCR hospital Dataset/Test/glioma/1175.jpg",0,glioma,0,glioma,0.9696432352,0.0111628780,0.0116390092,0.0075549735
9748,"/kaggle/input/datasets/arafatrahmann/my-data221/Epic and CSCR hospital Dataset/Test/glioma/1180.jpg",0,glioma,0,glioma,0.9717600942,0.0082224915,0.0103166839,0.0097007230
9750,"/kaggle/input/datasets/arafatrahmann/my-data221/Epic and CSCR hospital Dataset/Test/glioma/1182.jpg",0,glioma,0,glioma,0.9759318233,0.0074504293,0.0086966967,0.0079210205
9761,"/kaggle/input/datasets/arafatrahmann/my-data221/Epic and CSCR hospital Dataset/Test/glioma/1193.jpg",0,glioma,0,glioma,0.9702016115,0.0089150937,0.0103986328,0.0104846545
9770,"/kaggle/input/datasets/arafatrahmann/my-data221/Epic and CSCR hospital Dataset/Test/glioma/1202.jpg",0,glioma,0,glioma,0.9721419215,0.0088621983,0.0100403633,0.0089555150
9774,"/kaggle/input/datasets/arafatrahmann/my-data221/Epic and CSCR hospital Dataset/Test/glioma/1206.jpg",0,glioma,0,glioma,0.9750993848,0.0073144310,0.0098520182,0.0077341786
9777,"/kaggle/input/datasets/arafatrahmann/my-data221/Epic and CSCR hospital Dataset/Test/glioma/1209.jpg",0,glioma,0,glioma,0.9711211324,0.0097485883,0.0096977688,0.0094325570
9788,"/kaggle/input/datasets/arafatrahmann/my-data221/Epic and CSCR hospital Dataset/Test/glioma/1220.jpg",0,glioma,0,glioma,0.9668146968,0.0106602861,0.0118116308,0.0107132625
9789,"/kaggle/input/datasets/arafatrahmann/my-data221/Epic and CSCR hospital Dataset/Test/glioma/1221.jpg",0,glioma,0,glioma,0.9710728526,0.0106228143,0.0096085900,0.0086956909
9791,"/kaggle/input/datasets/arafatrahmann/my-data221/Epic and CSCR hospital Dataset/Test/glioma/1223.jpg",0,glioma,0,glioma,0.9666756392,0.0141355600,0.0097232964,0.0094655231
9795,"/kaggle/input/datasets/arafatrahmann/my-data221/Epic and CSCR hospital Dataset/Test/glioma/1227.jpg",0,glioma,0,glioma,0.7559869885,0.1337041557,0.0140662072,0.0962426662
9805,"/kaggle/input/datasets/arafatrahmann/my-data221/Epic and CSCR hospital Dataset/Test/glioma/1237.jpg",0,glioma,0,glioma,0.9722169042,0.0107984962,0.0105250059,0.0064595775
9810,"/kaggle/input/datasets/arafatrahmann/my-data221/Epic and CSCR hospital Dataset/Test/glioma/1242.jpg",0,glioma,0,glioma,0.9717683792,0.0083779488,0.0097461594,0.0101074856
9811,"/kaggle/input/datasets/arafatrahmann/my-data221/Epic and CSCR hospital Dataset/Test/glioma/1243.jpg",0,glioma,0,glioma,0.9635844231,0.0093151908,0.0154860038,0.0116143757
9813,"/kaggle/input/datasets/arafatrahmann/my-data221/Epic and CSCR hospital Dataset/Test/glioma/1245.jpg",0,glioma,0,glioma,0.9680552483,0.0125097204,0.0111808721,0.0082543204
9814,"/kaggle/input/datasets/arafatrahmann/my-data221/Epic and CSCR hospital Dataset/Test/glioma/1246.jpg",0,glioma,0,glioma,0.9707299471,0.0080811428,0.0109653519,0.0102236625
9820,"/kaggle/input/datasets/arafatrahmann/my-data221/Epic and CSCR hospital Dataset/Test/glioma/1252.jpg",0,glioma,0,glioma,0.9711170197,0.0125840828,0.0081900824,0.0081087928
9830,"/kaggle/input/datasets/arafatrahmann/my-data221/Epic and CSCR hospital Dataset/Test/glioma/1262.jpg",0,glioma,0,glioma,0.9736368060,0.0070566772,0.0098005980,0.0095059481
9831,"/kaggle/input/datasets/arafatrahmann/my-data221/Epic and CSCR hospital Dataset/Test/glioma/1263.jpg",0,glioma,0,glioma,0.9735258818,0.0078883795,0.0097765941,0.0088090654
9836,"/kaggle/input/datasets/arafatrahmann/my-data221/Epic and CSCR hospital Dataset/Test/glioma/1268.jpg",0,glioma,0,glioma,0.9705179334,0.0105487378,0.0106580043,0.0082752723
9838,"/kaggle/input/datasets/arafatrahmann/my-data221/Epic and CSCR hospital Dataset/Test/glioma/1270.jpg",0,glioma,0,glioma,0.9716156125,0.0091379397,0.0092828795,0.0099635404
9840,"/kaggle/input/datasets/arafatrahmann/my-data221/Epic and CSCR hospital Dataset/Test/glioma/1272.jpg",0,glioma,0,glioma,0.9726375341,0.0089142574,0.0090496074,0.0093986038
9844,"/kaggle/input/datasets/arafatrahmann/my-data221/Epic and CSCR hospital Dataset/Test/glioma/1276.jpg",0,glioma,0,glioma,0.7907102108,0.1724852920,0.0180612989,0.0187432356
9845,"/kaggle/input/datasets/arafatrahmann/my-data221/Epic and CSCR hospital Dataset/Test/glioma/1277.jpg",0,glioma,0,glioma,0.9758914113,0.0079023512,0.0086517762,0.0075545260
9860,"/kaggle/input/datasets/arafatrahmann/my-data221/Epic and CSCR hospital Dataset/Test/glioma/1292.jpg",0,glioma,0,glioma,0.9679684639,0.0086630573,0.0099174725,0.0134509727
9866,"/kaggle/input/datasets/arafatrahmann/my-data221/Epic and CSCR hospital Dataset/Test/glioma/1298.jpg",0,glioma,0,glioma,0.9733675718,0.0089429207,0.0105549162,0.0071345521
9869,"/kaggle/input/datasets/arafatrahmann/my-data221/Epic and CSCR hospital Dataset/Test/glioma/1301.jpg",0,glioma,0,glioma,0.9635475278,0.0154553484,0.0081420550,0.0128550278
9876,"/kaggle/input/datasets/arafatrahmann/my-data221/Epic and CSCR hospital Dataset/Test/glioma/1308.jpg",0,glioma,0,glioma,0.9700983763,0.0105937198,0.0082946140,0.0110132191
9877,"/kaggle/input/datasets/arafatrahmann/my-data221/Epic and CSCR hospital Dataset/Test/glioma/1309.jpg",0,glioma,0,glioma,0.9649666548,0.0159846507,0.0102343215,0.0088144653
9878,"/kaggle/input/datasets/arafatrahmann/my-data221/Epic and CSCR hospital Dataset/Test/glioma/1310.jpg",0,glioma,0,glioma,0.9753071070,0.0071517848,0.0083670393,0.0091741001
9887,"/kaggle/input/datasets/arafatrahmann/my-data221/Epic and CSCR hospital Dataset/Test/glioma/1319.jpg",0,glioma,0,glioma,0.9707501531,0.0097755250,0.0093012899,0.0101730097
9894,"/kaggle/input/datasets/arafatrahmann/my-data221/Epic and CSCR hospital Dataset/Test/glioma/1326.jpg",0,glioma,0,glioma,0.9293892980,0.0437847190,0.0089151645,0.0179108791
9896,"/kaggle/input/datasets/arafatrahmann/my-data221/Epic and CSCR hospital Dataset/Test/glioma/1328.jpg",0,glioma,0,glioma,0.9764639139,0.0077251075,0.0092772888,0.0065336800
9898,"/kaggle/input/datasets/arafatrahmann/my-data221/Epic and CSCR hospital Dataset/Test/glioma/1330.jpg",0,glioma,0,glioma,0.9669494629,0.0077961897,0.0155939981,0.0096603623
9899,"/kaggle/input/datasets/arafatrahmann/my-data221/Epic and CSCR hospital Dataset/Test/glioma/1331.jpg",0,glioma,0,glioma,0.9688373804,0.0101979841,0.0073722638,0.0135924099
9901,"/kaggle/input/datasets/arafatrahmann/my-data221/Epic and CSCR hospital Dataset/Test/glioma/1333.jpg",0,glioma,0,glioma,0.9743108749,0.0081781456,0.0089493776,0.0085616689
9911,"/kaggle/input/datasets/arafatrahmann/my-data221/Epic and CSCR hospital Dataset/Test/glioma/1343.jpg",0,glioma,0,glioma,0.9733360410,0.0088963071,0.0103206467,0.0074470132
9932,"/kaggle/input/datasets/arafatrahmann/my-data221/Epic and CSCR hospital Dataset/Test/glioma/1364.jpg",0,glioma,0,glioma,0.9647668600,0.0126476809,0.0083638113,0.0142215658
9942,"/kaggle/input/datasets/arafatrahmann/my-data221/Epic and CSCR hospital Dataset/Test/glioma/1374.jpg",0,glioma,0,glioma,0.9675587416,0.0105734998,0.0109137017,0.0109539730
9943,"/kaggle/input/datasets/arafatrahmann/my-data221/Epic and CSCR hospital Dataset/Test/glioma/1375.jpg",0,glioma,0,glioma,0.9708501101,0.0079869116,0.0110213365,0.0101416903
9944,"/kaggle/input/datasets/arafatrahmann/my-data221/Epic and CSCR hospital Dataset/Test/glioma/1376.jpg",0,glioma,0,glioma,0.9733496904,0.0092678983,0.0074284868,0.0099539068
9946,"/kaggle/input/datasets/arafatrahmann/my-data221/Epic and CSCR hospital Dataset/Test/glioma/1378.jpg",0,glioma,0,glioma,0.9595387578,0.0173723418,0.0075619640,0.0155269429
9956,"/kaggle/input/datasets/arafatrahmann/my-data221/Epic and CSCR hospital Dataset/Test/glioma/1388.jpg",0,glioma,0,glioma,0.8720661402,0.0331943110,0.0091764918,0.0855630711
9959,"/kaggle/input/datasets/arafatrahmann/my-data221/Epic and CSCR hospital Dataset/Test/glioma/1391.jpg",0,glioma,0,glioma,0.9714680910,0.0114861121,0.0099982237,0.0070476262
9964,"/kaggle/input/datasets/arafatrahmann/my-data221/Epic and CSCR hospital Dataset/Test/glioma/1396.jpg",0,glioma,0,glioma,0.9721455574,0.0097203245,0.0084247915,0.0097092232
9965,"/kaggle/input/datasets/arafatrahmann/my-data221/Epic and CSCR hospital Dataset/Test/glioma/1397.jpg",0,glioma,0,glioma,0.9308915138,0.0114630293,0.0080616539,0.0495838448
9969,"/kaggle/input/datasets/arafatrahmann/my-data221/Epic and CSCR hospital Dataset/Test/glioma/1401.jpg",0,glioma,0,glioma,0.9737466574,0.0087676682,0.0091929268,0.0082927123
9974,"/kaggle/input/datasets/arafatrahmann/my-data221/Epic and CSCR hospital Dataset/Test/glioma/1406.jpg",0,glioma,0,glioma,0.9640728235,0.0092019346,0.0089727864,0.0177525673
9979,"/kaggle/input/datasets/arafatrahmann/my-data221/Epic and CSCR hospital Dataset/Test/glioma/1411.jpg",0,glioma,0,glioma,0.9710523486,0.0087078512,0.0101779746,0.0100618228
9981,"/kaggle/input/datasets/arafatrahmann/my-data221/Epic and CSCR hospital Dataset/Test/glioma/1413.jpg",0,glioma,0,glioma,0.9458259344,0.0262327641,0.0188787282,0.0090625100
9982,"/kaggle/input/datasets/arafatrahmann/my-data221/Epic and CSCR hospital Dataset/Test/glioma/1414.jpg",0,glioma,0,glioma,0.9566300511,0.0091592278,0.0090588303,0.0251518898
9988,"/kaggle/input/datasets/arafatrahmann/my-data221/Epic and CSCR hospital Dataset/Test/glioma/1420.jpg",0,glioma,0,glioma,0.9733689427,0.0088855047,0.0095550735,0.0081904624
9990,"/kaggle/input/datasets/arafatrahmann/my-data221/Epic and CSCR hospital Dataset/Test/glioma/1422.jpg",0,glioma,0,glioma,0.9690346718,0.0128393490,0.0114875324,0.0066384436
9991,"/kaggle/input/datasets/arafatrahmann/my-data221/Epic and CSCR hospital Dataset/Test/glioma/1423.jpg",0,glioma,0,glioma,0.9669319391,0.0140153542,0.0096735470,0.0093791168
9994,"/kaggle/input/datasets/arafatrahmann/my-data221/Epic and CSCR hospital Dataset/Test/glioma/1426.jpg",0,glioma,0,glioma,0.9556363225,0.0216413699,0.0104096178,0.0123126274
9995,"/kaggle/input/datasets/arafatrahmann/my-data221/Epic and CSCR hospital Dataset/Test/glioma/1427.jpg",0,glioma,0,glioma,0.9706431627,0.0081141973,0.0091365334,0.0121061094
9996,"/kaggle/input/datasets/arafatrahmann/my-data221/Epic and CSCR hospital Dataset/Test/glioma/1428.jpg",0,glioma,0,glioma,0.9620645642,0.0108772656,0.0073255883,0.0197326113
10002,"/kaggle/input/datasets/arafatrahmann/my-data221/Epic and CSCR hospital Dataset/Test/glioma/1434.jpg",0,glioma,0,glioma,0.9673507810,0.0131096337,0.0125697423,0.0069698403
10005,"/kaggle/input/datasets/arafatrahmann/my-data221/Epic and CSCR hospital Dataset/Test/glioma/1437.jpg",0,glioma,0,glioma,0.9702702761,0.0075979778,0.0110004898,0.0111312503
10008,"/kaggle/input/datasets/arafatrahmann/my-data221/Epic and CSCR hospital Dataset/Test/glioma/1440.jpg",0,glioma,0,glioma,0.9660682678,0.0122365281,0.0089002894,0.0127948746
10016,"/kaggle/input/datasets/arafatrahmann/my-data221/Epic and CSCR hospital Dataset/Test/glioma/1448.jpg",0,glioma,0,glioma,0.9686784744,0.0128583638,0.0088838534,0.0095793195
10018,"/kaggle/input/datasets/arafatrahmann/my-data221/Epic and CSCR hospital Dataset/Test/glioma/1450.jpg",0,glioma,0,glioma,0.9701645970,0.0088787898,0.0098664220,0.0110902637
10020,"/kaggle/input/datasets/arafatrahmann/my-data221/Epic and CSCR hospital Dataset/Test/glioma/1452.jpg",0,glioma,0,glioma,0.9745152593,0.0079072267,0.0094447564,0.0081327315
10024,"/kaggle/input/datasets/arafatrahmann/my-data221/Epic and CSCR hospital Dataset/Test/glioma/1456.jpg",0,glioma,0,glioma,0.9751011729,0.0076459101,0.0109202899,0.0063326256
10026,"/kaggle/input/datasets/arafatrahmann/my-data221/Epic and CSCR hospital Dataset/Test/glioma/1458.jpg",0,glioma,0,glioma,0.9714423418,0.0068167849,0.0115914550,0.0101494165
10028,"/kaggle/input/datasets/arafatrahmann/my-data221/Epic and CSCR hospital Dataset/Test/glioma/1460.jpg",0,glioma,1,meningioma,0.2110635489,0.6745947003,0.0124472091,0.1018946022
10034,"/kaggle/input/datasets/arafatrahmann/my-data221/Epic and CSCR hospital Dataset/Test/glioma/1466.jpg",0,glioma,3,pituitary,0.2761784196,0.0151928114,0.0086291721,0.6999996305
10036,"/kaggle/input/datasets/arafatrahmann/my-data221/Epic and CSCR hospital Dataset/Test/glioma/1468.jpg",0,glioma,0,glioma,0.9734595418,0.0087397126,0.0089250589,0.0088756466
10043,"/kaggle/input/datasets/arafatrahmann/my-data221/Epic and CSCR hospital Dataset/Test/glioma/1475.jpg",0,glioma,1,meningioma,0.1954458207,0.5558508635,0.0218582563,0.2268450260
10045,"/kaggle/input/datasets/arafatrahmann/my-data221/Epic and CSCR hospital Dataset/Test/glioma/1477.jpg",0,glioma,0,glioma,0.9594545364,0.0135246161,0.0066545703,0.0203662589
10046,"/kaggle/input/datasets/arafatrahmann/my-data221/Epic and CSCR hospital Dataset/Test/glioma/1478.jpg",0,glioma,0,glioma,0.9707490206,0.0105402423,0.0092834551,0.0094273584
10055,"/kaggle/input/datasets/arafatrahmann/my-data221/Epic and CSCR hospital Dataset/Test/glioma/1487.jpg",0,glioma,0,glioma,0.9716920853,0.0104517331,0.0068842797,0.0109720118
10063,"/kaggle/input/datasets/arafatrahmann/my-data221/Epic and CSCR hospital Dataset/Test/glioma/1495.jpg",0,glioma,0,glioma,0.9678746462,0.0105723925,0.0090714898,0.0124815237
10064,"/kaggle/input/datasets/arafatrahmann/my-data221/Epic and CSCR hospital Dataset/Test/glioma/1496.jpg",0,glioma,0,glioma,0.9717146754,0.0079172868,0.0103089903,0.0100590233
10066,"/kaggle/input/datasets/arafatrahmann/my-data221/Epic and CSCR hospital Dataset/Test/glioma/1498.jpg",0,glioma,0,glioma,0.9731928110,0.0092586651,0.0100660156,0.0074826153
10067,"/kaggle/input/datasets/arafatrahmann/my-data221/Epic and CSCR hospital Dataset/Test/glioma/1499.jpg",0,glioma,0,glioma,0.9752420187,0.0069970675,0.0096453251,0.0081155291
10068,"/kaggle/input/datasets/arafatrahmann/my-data221/Epic and CSCR hospital Dataset/Test/glioma/1500.jpg",0,glioma,0,glioma,0.7820266485,0.1167775989,0.0146426391,0.0865531415
10075,"/kaggle/input/datasets/arafatrahmann/my-data221/Epic and CSCR hospital Dataset/Test/glioma/1526.jpg",0,glioma,0,glioma,0.9758383036,0.0077115344,0.0090379501,0.0074123577
10078,"/kaggle/input/datasets/arafatrahmann/my-data221/Epic and CSCR hospital Dataset/Test/glioma/1529.jpg",0,glioma,0,glioma,0.9738693237,0.0105413059,0.0078216447,0.0077677229
10082,"/kaggle/input/datasets/arafatrahmann/my-data221/Epic and CSCR hospital Dataset/Test/glioma/G_675_SP_.jpg",0,glioma,0,glioma,0.9713168144,0.0114219980,0.0084167831,0.0088443728
10089,"/kaggle/input/datasets/arafatrahmann/my-data221/Epic and CSCR hospital Dataset/Test/glioma/G_676_SP_.jpg",0,glioma,0,glioma,0.9712527990,0.0115955919,0.0083990637,0.0087524476
10092,"/kaggle/input/datasets/arafatrahmann/my-data221/Epic and CSCR hospital Dataset/Test/glioma/G_677_BR_.jpg",0,glioma,0,glioma,0.9598928690,0.0138967829,0.0195389390,0.0066714124
10099,"/kaggle/input/datasets/arafatrahmann/my-data221/Epic and CSCR hospital Dataset/Test/glioma/G_678_BR_.jpg",0,glioma,0,glioma,0.9573948979,0.0194681622,0.0118622947,0.0112746125
10105,"/kaggle/input/datasets/arafatrahmann/my-data221/Epic and CSCR hospital Dataset/Test/glioma/G_67_VF_.jpg",0,glioma,0,glioma,0.9564597011,0.0210551582,0.0141204894,0.0083647212
10110,"/kaggle/input/datasets/arafatrahmann/my-data221/Epic and CSCR hospital Dataset/Test/glioma/G_681_HF_.jpg",0,glioma,0,glioma,0.9718647003,0.0088476362,0.0123871425,0.0069004623
10112,"/kaggle/input/datasets/arafatrahmann/my-data221/Epic and CSCR hospital Dataset/Test/glioma/G_681_SP_.jpg",0,glioma,0,glioma,0.9732468724,0.0099191424,0.0086627910,0.0081712399
10115,"/kaggle/input/datasets/arafatrahmann/my-data221/Epic and CSCR hospital Dataset/Test/glioma/G_682_BR_.jpg",0,glioma,0,glioma,0.9546052217,0.0132634910,0.0229949858,0.0091362521
10120,"/kaggle/input/datasets/arafatrahmann/my-data221/Epic and CSCR hospital Dataset/Test/glioma/G_682_VF_.jpg",0,glioma,0,glioma,0.9426578283,0.0147305131,0.0161615983,0.0264501087
10128,"/kaggle/input/datasets/arafatrahmann/my-data221/Epic and CSCR hospital Dataset/Test/glioma/G_684.jpg",0,glioma,0,glioma,0.9700409770,0.0083893295,0.0097812824,0.0117883328
10135,"/kaggle/input/datasets/arafatrahmann/my-data221/Epic and CSCR hospital Dataset/Test/glioma/G_685.jpg",0,glioma,0,glioma,0.9601795077,0.0156565197,0.0152844833,0.0088794706
10137,"/kaggle/input/datasets/arafatrahmann/my-data221/Epic and CSCR hospital Dataset/Test/glioma/G_685_DA_.jpg",0,glioma,0,glioma,0.9703117609,0.0085839136,0.0115839411,0.0095204469
10140,"/kaggle/input/datasets/arafatrahmann/my-data221/Epic and CSCR hospital Dataset/Test/glioma/G_685_SP_.jpg",0,glioma,0,glioma,0.9686433673,0.0115109459,0.0114855040,0.0083601689
10142,"/kaggle/input/datasets/arafatrahmann/my-data221/Epic and CSCR hospital Dataset/Test/glioma/G_686.jpg",0,glioma,0,glioma,0.9448801279,0.0273124427,0.0146827446,0.0131247146
10151,"/kaggle/input/datasets/arafatrahmann/my-data221/Epic and CSCR hospital Dataset/Test/glioma/G_687_DA_.jpg",0,glioma,0,glioma,0.9611551166,0.0142690148,0.0096674180,0.0149084004
10154,"/kaggle/input/datasets/arafatrahmann/my-data221/Epic and CSCR hospital Dataset/Test/glioma/G_687_SP_.jpg",0,glioma,0,glioma,0.9260334969,0.0368028656,0.0123333400,0.0248302985
10155,"/kaggle/input/datasets/arafatrahmann/my-data221/Epic and CSCR hospital Dataset/Test/glioma/G_687_VF_.jpg",0,glioma,0,glioma,0.7819932699,0.0582873709,0.0178230889,0.1418962479
10156,"/kaggle/input/datasets/arafatrahmann/my-data221/Epic and CSCR hospital Dataset/Test/glioma/G_688.jpg",0,glioma,0,glioma,0.9721351862,0.0109647885,0.0077397414,0.0091603482
10158,"/kaggle/input/datasets/arafatrahmann/my-data221/Epic and CSCR hospital Dataset/Test/glioma/G_688_DA_.jpg",0,glioma,0,glioma,0.9691053629,0.0098269042,0.0092863133,0.0117814131
10163,"/kaggle/input/datasets/arafatrahmann/my-data221/Epic and CSCR hospital Dataset/Test/glioma/G_689.jpg",0,glioma,0,glioma,0.9675801396,0.0145016434,0.0096831424,0.0082350988
10164,"/kaggle/input/datasets/arafatrahmann/my-data221/Epic and CSCR hospital Dataset/Test/glioma/G_689_BR_.jpg",0,glioma,0,glioma,0.9501117468,0.0251862947,0.0151050147,0.0095969448
10166,"/kaggle/input/datasets/arafatrahmann/my-data221/Epic and CSCR hospital Dataset/Test/glioma/G_689_HF_.jpg",0,glioma,0,glioma,0.9701658487,0.0126359165,0.0095832767,0.0076150363
10171,"/kaggle/input/datasets/arafatrahmann/my-data221/Epic and CSCR hospital Dataset/Test/glioma/G_68_DA_.jpg",0,glioma,0,glioma,0.9600432515,0.0122165876,0.0120986905,0.0156415738
10177,"/kaggle/input/datasets/arafatrahmann/my-data221/Epic and CSCR hospital Dataset/Test/glioma/G_690.jpg",0,glioma,0,glioma,0.9602468610,0.0168999098,0.0167049877,0.0061482531
10186,"/kaggle/input/datasets/arafatrahmann/my-data221/Epic and CSCR hospital Dataset/Test/glioma/G_691_DA_.jpg",0,glioma,0,glioma,0.9717749357,0.0082466248,0.0106081413,0.0093702935
10188,"/kaggle/input/datasets/arafatrahmann/my-data221/Epic and CSCR hospital Dataset/Test/glioma/G_691_RO_.jpg",0,glioma,0,glioma,0.9721578360,0.0089177657,0.0100786593,0.0088456105
10190,"/kaggle/input/datasets/arafatrahmann/my-data221/Epic and CSCR hospital Dataset/Test/glioma/G_691_VF_.jpg",0,glioma,0,glioma,0.9513813853,0.0139131155,0.0231080521,0.0115974294
10195,"/kaggle/input/datasets/arafatrahmann/my-data221/Epic and CSCR hospital Dataset/Test/glioma/G_692_RO_.jpg",0,glioma,0,glioma,0.9664605856,0.0114919115,0.0087076053,0.0133398818
10196,"/kaggle/input/datasets/arafatrahmann/my-data221/Epic and CSCR hospital Dataset/Test/glioma/G_692_SP_.jpg",0,glioma,0,glioma,0.9257465601,0.0472198538,0.0099743204,0.0170593075
10201,"/kaggle/input/datasets/arafatrahmann/my-data221/Epic and CSCR hospital Dataset/Test/glioma/G_693_HF_.jpg",0,glioma,0,glioma,0.9712091684,0.0115511492,0.0103725521,0.0068671294
10207,"/kaggle/input/datasets/arafatrahmann/my-data221/Epic and CSCR hospital Dataset/Test/glioma/G_694_DA_.jpg",0,glioma,0,glioma,0.9652823210,0.0100499885,0.0093304422,0.0153372139
10208,"/kaggle/input/datasets/arafatrahmann/my-data221/Epic and CSCR hospital Dataset/Test/glioma/G_694_HF_.jpg",0,glioma,0,glioma,0.9661415815,0.0115677714,0.0080776103,0.0142129976
10214,"/kaggle/input/datasets/arafatrahmann/my-data221/Epic and CSCR hospital Dataset/Test/glioma/G_695_DA_.jpg",0,glioma,0,glioma,0.9706574678,0.0091678882,0.0106448550,0.0095298523
10217,"/kaggle/input/datasets/arafatrahmann/my-data221/Epic and CSCR hospital Dataset/Test/glioma/G_695_SP_.jpg",0,glioma,0,glioma,0.9703642130,0.0124888327,0.0086630601,0.0084839817
10218,"/kaggle/input/datasets/arafatrahmann/my-data221/Epic and CSCR hospital Dataset/Test/glioma/G_695_VF_.jpg",0,glioma,0,glioma,0.9641581774,0.0155382473,0.0107129682,0.0095906509
10225,"/kaggle/input/datasets/arafatrahmann/my-data221/Epic and CSCR hospital Dataset/Test/glioma/G_696_VF_.jpg",0,glioma,0,glioma,0.6372330785,0.0867980495,0.0358344838,0.2401344031
10238,"/kaggle/input/datasets/arafatrahmann/my-data221/Epic and CSCR hospital Dataset/Test/glioma/G_698_SP_.jpg",0,glioma,0,glioma,0.9666810036,0.0156214340,0.0079423422,0.0097552426
10239,"/kaggle/input/datasets/arafatrahmann/my-data221/Epic and CSCR hospital Dataset/Test/glioma/G_698_VF_.jpg",0,glioma,0,glioma,0.9634912610,0.0163693931,0.0101343328,0.0100049498
10254,"/kaggle/input/datasets/arafatrahmann/my-data221/Epic and CSCR hospital Dataset/Test/glioma/G_6_DA_.jpg",0,glioma,0,glioma,0.9709788561,0.0094475551,0.0105150891,0.0090585183
10255,"/kaggle/input/datasets/arafatrahmann/my-data221/Epic and CSCR hospital Dataset/Test/glioma/G_6_HF_.jpg",0,glioma,0,glioma,0.9701946974,0.0117309093,0.0094486279,0.0086257597
10261,"/kaggle/input/datasets/arafatrahmann/my-data221/Epic and CSCR hospital Dataset/Test/glioma/G_700.jpg",0,glioma,0,glioma,0.9686959386,0.0135359596,0.0098416219,0.0079264119
10263,"/kaggle/input/datasets/arafatrahmann/my-data221/Epic and CSCR hospital Dataset/Test/glioma/G_700_DA_.jpg",0,glioma,0,glioma,0.9718402028,0.0081059691,0.0101816747,0.0098721925
10265,"/kaggle/input/datasets/arafatrahmann/my-data221/Epic and CSCR hospital Dataset/Test/glioma/G_700_RO_.jpg",0,glioma,0,glioma,0.9716516733,0.0106922109,0.0096562449,0.0079998337
10275,"/kaggle/input/datasets/arafatrahmann/my-data221/Epic and CSCR hospital Dataset/Test/glioma/G_702.jpg",0,glioma,0,glioma,0.9586606026,0.0205270201,0.0128550176,0.0079572862
10285,"/kaggle/input/datasets/arafatrahmann/my-data221/Epic and CSCR hospital Dataset/Test/glioma/G_703_HF_.jpg",0,glioma,0,glioma,0.9602901340,0.0136712026,0.0081477324,0.0178909078
10299,"/kaggle/input/datasets/arafatrahmann/my-data221/Epic and CSCR hospital Dataset/Test/glioma/G_71_HF_.jpg",0,glioma,0,glioma,0.9689218402,0.0112323817,0.0086434269,0.0112023484
10301,"/kaggle/input/datasets/arafatrahmann/my-data221/Epic and CSCR hospital Dataset/Test/glioma/G_71_SP_.jpg",0,glioma,0,glioma,0.9632668495,0.0152033893,0.0074128904,0.0141169326
10315,"/kaggle/input/datasets/arafatrahmann/my-data221/Epic and CSCR hospital Dataset/Test/glioma/G_73_SP_.jpg",0,glioma,0,glioma,0.9185546041,0.0206785593,0.0111840274,0.0495827869
10317,"/kaggle/input/datasets/arafatrahmann/my-data221/Epic and CSCR hospital Dataset/Test/glioma/G_74.jpg",0,glioma,0,glioma,0.8229929209,0.1305687726,0.0166120827,0.0298262183
10318,"/kaggle/input/datasets/arafatrahmann/my-data221/Epic and CSCR hospital Dataset/Test/glioma/G_74_BR_.jpg",0,glioma,0,glioma,0.9177405238,0.0502791181,0.0208024234,0.0111778229
10321,"/kaggle/input/datasets/arafatrahmann/my-data221/Epic and CSCR hospital Dataset/Test/glioma/G_74_RO_.jpg",0,glioma,0,glioma,0.5802581906,0.3601644337,0.0186000206,0.0409774296
10326,"/kaggle/input/datasets/arafatrahmann/my-data221/Epic and CSCR hospital Dataset/Test/glioma/G_75_DA_.jpg",0,glioma,0,glioma,0.9684688449,0.0107062291,0.0107750930,0.0100497585
10334,"/kaggle/input/datasets/arafatrahmann/my-data221/Epic and CSCR hospital Dataset/Test/glioma/G_76_HF_.jpg",0,glioma,0,glioma,0.9655871391,0.0165821873,0.0099983551,0.0078323521
10347,"/kaggle/input/datasets/arafatrahmann/my-data221/Epic and CSCR hospital Dataset/Test/glioma/G_78_DA_.jpg",0,glioma,0,glioma,0.9658759832,0.0127299260,0.0130598946,0.0083341859
10348,"/kaggle/input/datasets/arafatrahmann/my-data221/Epic and CSCR hospital Dataset/Test/glioma/G_78_HF_.jpg",0,glioma,0,glioma,0.9525947571,0.0255502164,0.0125915706,0.0092635211
10352,"/kaggle/input/datasets/arafatrahmann/my-data221/Epic and CSCR hospital Dataset/Test/glioma/G_79.jpg",0,glioma,0,glioma,0.9206274152,0.0469861515,0.0241176989,0.0082686590
10355,"/kaggle/input/datasets/arafatrahmann/my-data221/Epic and CSCR hospital Dataset/Test/glioma/G_79_HF_.jpg",0,glioma,0,glioma,0.9209126234,0.0469019860,0.0239513069,0.0082340026
10362,"/kaggle/input/datasets/arafatrahmann/my-data221/Epic and CSCR hospital Dataset/Test/glioma/G_7_RO_.jpg",0,glioma,0,glioma,0.9657173157,0.0131120356,0.0081916312,0.0129789589
10367,"/kaggle/input/datasets/arafatrahmann/my-data221/Epic and CSCR hospital Dataset/Test/glioma/G_80_BR_.jpg",0,glioma,0,glioma,0.9600237608,0.0173190869,0.0148429675,0.0078141317
10372,"/kaggle/input/datasets/arafatrahmann/my-data221/Epic and CSCR hospital Dataset/Test/glioma/G_80_VF_.jpg",0,glioma,0,glioma,0.9016488791,0.0717799664,0.0144794034,0.0120917633
10380,"/kaggle/input/datasets/arafatrahmann/my-data221/Epic and CSCR hospital Dataset/Test/glioma/G_82.jpg",0,glioma,0,glioma,0.9294208288,0.0480433889,0.0106827905,0.0118529294
10384,"/kaggle/input/datasets/arafatrahmann/my-data221/Epic and CSCR hospital Dataset/Test/glioma/G_82_RO_.jpg",0,glioma,0,glioma,0.8627476692,0.1114461273,0.0135523677,0.0122537939
10387,"/kaggle/input/datasets/arafatrahmann/my-data221/Epic and CSCR hospital Dataset/Test/glioma/G_83.jpg",0,glioma,0,glioma,0.9620293379,0.0146385636,0.0086149741,0.0147171365
10389,"/kaggle/input/datasets/arafatrahmann/my-data221/Epic and CSCR hospital Dataset/Test/glioma/G_83_DA_.jpg",0,glioma,0,glioma,0.9665586352,0.0111590717,0.0117619382,0.0105203670
10390,"/kaggle/input/datasets/arafatrahmann/my-data221/Epic and CSCR hospital Dataset/Test/glioma/G_83_HF_.jpg",0,glioma,0,glioma,0.9606124759,0.0135721937,0.0083165439,0.0174988396
10398,"/kaggle/input/datasets/arafatrahmann/my-data221/Epic and CSCR hospital Dataset/Test/glioma/G_84_RO_.jpg",0,glioma,0,glioma,0.9283263087,0.0475073941,0.0116227223,0.0125435712
10403,"/kaggle/input/datasets/arafatrahmann/my-data221/Epic and CSCR hospital Dataset/Test/glioma/G_85_DA_.jpg",0,glioma,0,glioma,0.9702335596,0.0095109669,0.0112108868,0.0090446007
10404,"/kaggle/input/datasets/arafatrahmann/my-data221/Epic and CSCR hospital Dataset/Test/glioma/G_85_HF_.jpg",0,glioma,0,glioma,0.9629611969,0.0190860201,0.0102473889,0.0077054026
10411,"/kaggle/input/datasets/arafatrahmann/my-data221/Epic and CSCR hospital Dataset/Test/meningioma/1300.jpg",1,meningioma,1,meningioma,0.0080952579,0.9803986549,0.0058002793,0.0057058572
10419,"/kaggle/input/datasets/arafatrahmann/my-data221/Epic and CSCR hospital Dataset/Test/meningioma/1454.jpg",1,meningioma,1,meningioma,0.0087641012,0.9813334346,0.0049065514,0.0049959347
10425,"/kaggle/input/datasets/arafatrahmann/my-data221/Epic and CSCR hospital Dataset/Test/meningioma/1460.jpg",1,meningioma,1,meningioma,0.0177606065,0.9503535032,0.0149479900,0.0169379096
10428,"/kaggle/input/datasets/arafatrahmann/my-data221/Epic and CSCR hospital Dataset/Test/meningioma/1463.jpg",1,meningioma,1,meningioma,0.0142405881,0.9302538037,0.0083782608,0.0471273772
10430,"/kaggle/input/datasets/arafatrahmann/my-data221/Epic and CSCR hospital Dataset/Test/meningioma/1465.jpg",1,meningioma,1,meningioma,0.0322337970,0.7277510166,0.0244942866,0.2155209333
10431,"/kaggle/input/datasets/arafatrahmann/my-data221/Epic and CSCR hospital Dataset/Test/meningioma/1466.jpg",1,meningioma,1,meningioma,0.0146043468,0.9769841433,0.0052484418,0.0031630404
10437,"/kaggle/input/datasets/arafatrahmann/my-data221/Epic and CSCR hospital Dataset/Test/meningioma/1472.jpg",1,meningioma,0,glioma,0.9312114716,0.0459976904,0.0118200239,0.0109708197
10446,"/kaggle/input/datasets/arafatrahmann/my-data221/Epic and CSCR hospital Dataset/Test/meningioma/1481.jpg",1,meningioma,1,meningioma,0.0122450944,0.9538539052,0.0077374754,0.0261636116
10448,"/kaggle/input/datasets/arafatrahmann/my-data221/Epic and CSCR hospital Dataset/Test/meningioma/1483.jpg",1,meningioma,1,meningioma,0.0155751333,0.9748231173,0.0055498970,0.0040519210
10451,"/kaggle/input/datasets/arafatrahmann/my-data221/Epic and CSCR hospital Dataset/Test/meningioma/1486.jpg",1,meningioma,1,meningioma,0.0092151891,0.9787205458,0.0062601557,0.0058040721
10452,"/kaggle/input/datasets/arafatrahmann/my-data221/Epic and CSCR hospital Dataset/Test/meningioma/1487.jpg",1,meningioma,1,meningioma,0.0111374576,0.9729164839,0.0093615251,0.0065845558
10453,"/kaggle/input/datasets/arafatrahmann/my-data221/Epic and CSCR hospital Dataset/Test/meningioma/1488.jpg",1,meningioma,1,meningioma,0.0100284982,0.9706298709,0.0134519693,0.0058895433
10455,"/kaggle/input/datasets/arafatrahmann/my-data221/Epic and CSCR hospital Dataset/Test/meningioma/1490.jpg",1,meningioma,1,meningioma,0.0070195245,0.9819641113,0.0072780936,0.0037382357
10456,"/kaggle/input/datasets/arafatrahmann/my-data221/Epic and CSCR hospital Dataset/Test/meningioma/1491.jpg",1,meningioma,1,meningioma,0.0110237133,0.9766348004,0.0058354214,0.0065061534
10457,"/kaggle/input/datasets/arafatrahmann/my-data221/Epic and CSCR hospital Dataset/Test/meningioma/1492.jpg",1,meningioma,1,meningioma,0.0137324436,0.9555131197,0.0062842658,0.0244701076
10463,"/kaggle/input/datasets/arafatrahmann/my-data221/Epic and CSCR hospital Dataset/Test/meningioma/1498.jpg",1,meningioma,1,meningioma,0.0090051163,0.9821537733,0.0050053042,0.0038357205
10471,"/kaggle/input/datasets/arafatrahmann/my-data221/Epic and CSCR hospital Dataset/Test/meningioma/1506.jpg",1,meningioma,1,meningioma,0.0117178168,0.9784681201,0.0048858416,0.0049282168
10475,"/kaggle/input/datasets/arafatrahmann/my-data221/Epic and CSCR hospital Dataset/Test/meningioma/1510.jpg",1,meningioma,1,meningioma,0.0098568462,0.9793591499,0.0049648611,0.0058191582
10484,"/kaggle/input/datasets/arafatrahmann/my-data221/Epic and CSCR hospital Dataset/Test/meningioma/1519.jpg",1,meningioma,1,meningioma,0.0545403473,0.9326788783,0.0071518617,0.0056289956
10491,"/kaggle/input/datasets/arafatrahmann/my-data221/Epic and CSCR hospital Dataset/Test/meningioma/1535.jpg",1,meningioma,1,meningioma,0.0083148340,0.9776602983,0.0080841184,0.0059406860
10504,"/kaggle/input/datasets/arafatrahmann/my-data221/Epic and CSCR hospital Dataset/Test/meningioma/1548.jpg",1,meningioma,1,meningioma,0.0491791293,0.6581246853,0.0349967815,0.2576994300
10507,"/kaggle/input/datasets/arafatrahmann/my-data221/Epic and CSCR hospital Dataset/Test/meningioma/1551.jpg",1,meningioma,1,meningioma,0.0099643152,0.9697358012,0.0110717714,0.0092280749
10512,"/kaggle/input/datasets/arafatrahmann/my-data221/Epic and CSCR hospital Dataset/Test/meningioma/M_776_DA_.jpg",1,meningioma,1,meningioma,0.0181374438,0.7378890514,0.0211952832,0.2227781713
10514,"/kaggle/input/datasets/arafatrahmann/my-data221/Epic and CSCR hospital Dataset/Test/meningioma/M_776_RO_.jpg",1,meningioma,3,pituitary,0.0142451404,0.2623558640,0.0203042887,0.7030947208
10516,"/kaggle/input/datasets/arafatrahmann/my-data221/Epic and CSCR hospital Dataset/Test/meningioma/M_776_VF_.jpg",1,meningioma,1,meningioma,0.0122597916,0.8483864069,0.0188763980,0.1204774529
10525,"/kaggle/input/datasets/arafatrahmann/my-data221/Epic and CSCR hospital Dataset/Test/meningioma/M_778_BR_.jpg",1,meningioma,1,meningioma,0.0129294395,0.9300702810,0.0530611277,0.0039390661
10526,"/kaggle/input/datasets/arafatrahmann/my-data221/Epic and CSCR hospital Dataset/Test/meningioma/M_778_DA_.jpg",1,meningioma,1,meningioma,0.0061146859,0.9680634737,0.0208504908,0.0049712700
10527,"/kaggle/input/datasets/arafatrahmann/my-data221/Epic and CSCR hospital Dataset/Test/meningioma/M_778_HF_.jpg",1,meningioma,1,meningioma,0.0071579949,0.9732700586,0.0162521284,0.0033198125
10531,"/kaggle/input/datasets/arafatrahmann/my-data221/Epic and CSCR hospital Dataset/Test/meningioma/M_779.jpg",1,meningioma,1,meningioma,0.0161916353,0.9703454971,0.0073827654,0.0060800826
10535,"/kaggle/input/datasets/arafatrahmann/my-data221/Epic and CSCR hospital Dataset/Test/meningioma/M_779_RO_.jpg",1,meningioma,1,meningioma,0.0127378507,0.9755813479,0.0071272878,0.0045534596
10539,"/kaggle/input/datasets/arafatrahmann/my-data221/Epic and CSCR hospital Dataset/Test/meningioma/M_77_HF_.jpg",1,meningioma,1,meningioma,0.0077376440,0.9809449911,0.0063067265,0.0050106281
10543,"/kaggle/input/datasets/arafatrahmann/my-data221/Epic and CSCR hospital Dataset/Test/meningioma/M_78.jpg",1,meningioma,1,meningioma,0.0069611655,0.9793778658,0.0077310419,0.0059300652
10547,"/kaggle/input/datasets/arafatrahmann/my-data221/Epic and CSCR hospital Dataset/Test/meningioma/M_780_HF_.jpg",1,meningioma,1,meningioma,0.0135384528,0.9769786596,0.0060657314,0.0034170833
10548,"/kaggle/input/datasets/arafatrahmann/my-data221/Epic and CSCR hospital Dataset/Test/meningioma/M_780_RO_.jpg",1,meningioma,1,meningioma,0.0266922414,0.9598864317,0.0084941452,0.0049270815
10550,"/kaggle/input/datasets/arafatrahmann/my-data221/Epic and CSCR hospital Dataset/Test/meningioma/M_780_VF_.jpg",1,meningioma,1,meningioma,0.0095115434,0.9781166315,0.0080431784,0.0043286118
10559,"/kaggle/input/datasets/arafatrahmann/my-data221/Epic and CSCR hospital Dataset/Test/meningioma/M_782_BR_.jpg",1,meningioma,1,meningioma,0.0166699700,0.9644813538,0.0089058485,0.0099428985
10561,"/kaggle/input/datasets/arafatrahmann/my-data221/Epic and CSCR hospital Dataset/Test/meningioma/M_782_HF_.jpg",1,meningioma,1,meningioma,0.0169858895,0.9579355121,0.0081813978,0.0168972202
10572,"/kaggle/input/datasets/arafatrahmann/my-data221/Epic and CSCR hospital Dataset/Test/meningioma/M_784.jpg",1,meningioma,1,meningioma,0.0090092234,0.9759742618,0.0062322496,0.0087843137
10579,"/kaggle/input/datasets/arafatrahmann/my-data221/Epic and CSCR hospital Dataset/Test/meningioma/M_785.jpg",1,meningioma,1,meningioma,0.0059605101,0.9842586517,0.0054681869,0.0043126731
10583,"/kaggle/input/datasets/arafatrahmann/my-data221/Epic and CSCR hospital Dataset/Test/meningioma/M_785_RO_.jpg",1,meningioma,1,meningioma,0.0146029620,0.9747602344,0.0064582690,0.0041786046
10585,"/kaggle/input/datasets/arafatrahmann/my-data221/Epic and CSCR hospital Dataset/Test/meningioma/M_785_VF_.jpg",1,meningioma,1,meningioma,0.0115958331,0.9793548584,0.0049009658,0.0041484348
10606,"/kaggle/input/datasets/arafatrahmann/my-data221/Epic and CSCR hospital Dataset/Test/meningioma/M_788_VF_.jpg",1,meningioma,1,meningioma,0.0082959263,0.9822767377,0.0054793041,0.0039480501
10612,"/kaggle/input/datasets/arafatrahmann/my-data221/Epic and CSCR hospital Dataset/Test/meningioma/M_789_SP_.jpg",1,meningioma,1,meningioma,0.0356409661,0.9091197848,0.0113543998,0.0438848510
10613,"/kaggle/input/datasets/arafatrahmann/my-data221/Epic and CSCR hospital Dataset/Test/meningioma/M_789_VF_.jpg",1,meningioma,1,meningioma,0.0110744182,0.9745537639,0.0068825088,0.0074893101
10620,"/kaggle/input/datasets/arafatrahmann/my-data221/Epic and CSCR hospital Dataset/Test/meningioma/M_79.jpg",1,meningioma,1,meningioma,0.1165956631,0.8596054912,0.0138631808,0.0099357348
10622,"/kaggle/input/datasets/arafatrahmann/my-data221/Epic and CSCR hospital Dataset/Test/meningioma/M_790_BR_.jpg",1,meningioma,1,meningioma,0.0098600937,0.9799348116,0.0068431175,0.0033620186
10626,"/kaggle/input/datasets/arafatrahmann/my-data221/Epic and CSCR hospital Dataset/Test/meningioma/M_790_SP_.jpg",1,meningioma,0,glioma,0.8856338263,0.0868644342,0.0128247915,0.0146769257
10628,"/kaggle/input/datasets/arafatrahmann/my-data221/Epic and CSCR hospital Dataset/Test/meningioma/M_791.jpg",1,meningioma,1,meningioma,0.0116360765,0.9343584776,0.0125398394,0.0414655246
10641,"/kaggle/input/datasets/arafatrahmann/my-data221/Epic and CSCR hospital Dataset/Test/meningioma/M_792_VF_.jpg",1,meningioma,1,meningioma,0.0102542397,0.9740200043,0.0086063137,0.0071193664
10644,"/kaggle/input/datasets/arafatrahmann/my-data221/Epic and CSCR hospital Dataset/Test/meningioma/M_793_DA_.jpg",1,meningioma,1,meningioma,0.0142541844,0.9772465825,0.0038937195,0.0046055601
10645,"/kaggle/input/datasets/arafatrahmann/my-data221/Epic and CSCR hospital Dataset/Test/meningioma/M_793_HF_.jpg",1,meningioma,1,meningioma,0.0127969487,0.9767548442,0.0051662740,0.0052819992
10662,"/kaggle/input/datasets/arafatrahmann/my-data221/Epic and CSCR hospital Dataset/Test/meningioma/M_795_VF_.jpg",1,meningioma,1,meningioma,0.0066049495,0.9822183847,0.0065779844,0.0045987680
10676,"/kaggle/input/datasets/arafatrahmann/my-data221/Epic and CSCR hospital Dataset/Test/meningioma/M_797_VF_.jpg",1,meningioma,1,meningioma,0.0121590635,0.9687782526,0.0046576718,0.0144050103
10677,"/kaggle/input/datasets/arafatrahmann/my-data221/Epic and CSCR hospital Dataset/Test/meningioma/M_798.jpg",1,meningioma,1,meningioma,0.0063300431,0.9834975004,0.0063682185,0.0038041372
10680,"/kaggle/input/datasets/arafatrahmann/my-data221/Epic and CSCR hospital Dataset/Test/meningioma/M_798_HF_.jpg",1,meningioma,1,meningioma,0.0066469284,0.9830412865,0.0066663497,0.0036454487
10685,"/kaggle/input/datasets/arafatrahmann/my-data221/Epic and CSCR hospital Dataset/Test/meningioma/M_799_BR_.jpg",1,meningioma,1,meningioma,0.0066546216,0.9839546084,0.0066592395,0.0027314690
10691,"/kaggle/input/datasets/arafatrahmann/my-data221/Epic and CSCR hospital Dataset/Test/meningioma/M_79_BR_.jpg",1,meningioma,1,meningioma,0.0317171291,0.9556816220,0.0079424577,0.0046588695
10696,"/kaggle/input/datasets/arafatrahmann/my-data221/Epic and CSCR hospital Dataset/Test/meningioma/M_79_VF_.jpg",1,meningioma,1,meningioma,0.0348862931,0.9486566782,0.0097533707,0.0067037074
10698,"/kaggle/input/datasets/arafatrahmann/my-data221/Epic and CSCR hospital Dataset/Test/meningioma/M_7_DA_.jpg",1,meningioma,1,meningioma,0.0138272587,0.9727958441,0.0061561591,0.0072207497
10700,"/kaggle/input/datasets/arafatrahmann/my-data221/Epic and CSCR hospital Dataset/Test/meningioma/M_7_RO_.jpg",1,meningioma,1,meningioma,0.1307245195,0.7605281472,0.0284873284,0.0802600235
10712,"/kaggle/input/datasets/arafatrahmann/my-data221/Epic and CSCR hospital Dataset/Test/meningioma/M_801.jpg",1,meningioma,1,meningioma,0.0165368300,0.9530355334,0.0145905064,0.0158370566
10713,"/kaggle/input/datasets/arafatrahmann/my-data221/Epic and CSCR hospital Dataset/Test/meningioma/M_801_BR_.jpg",1,meningioma,1,meningioma,0.0063985484,0.9816370010,0.0079759452,0.0039884811
10715,"/kaggle/input/datasets/arafatrahmann/my-data221/Epic and CSCR hospital Dataset/Test/meningioma/M_801_HF_.jpg",1,meningioma,1,meningioma,0.0173566602,0.9503566027,0.0152424667,0.0170442797
10718,"/kaggle/input/datasets/arafatrahmann/my-data221/Epic and CSCR hospital Dataset/Test/meningioma/M_801_VF_.jpg",1,meningioma,1,meningioma,0.0133326845,0.9671422243,0.0103564020,0.0091687506
10719,"/kaggle/input/datasets/arafatrahmann/my-data221/Epic and CSCR hospital Dataset/Test/meningioma/M_802.jpg",1,meningioma,1,meningioma,0.0057373559,0.9844859838,0.0060828249,0.0036938344
10728,"/kaggle/input/datasets/arafatrahmann/my-data221/Epic and CSCR hospital Dataset/Test/meningioma/M_803_DA_.jpg",1,meningioma,1,meningioma,0.0137751680,0.9759966731,0.0045912140,0.0056368671
10742,"/kaggle/input/datasets/arafatrahmann/my-data221/Epic and CSCR hospital Dataset/Test/meningioma/M_805_DA_.jpg",1,meningioma,1,meningioma,0.0056948829,0.9853726625,0.0056691170,0.0032633543
10750,"/kaggle/input/datasets/arafatrahmann/my-data221/Epic and CSCR hospital Dataset/Test/meningioma/M_806_HF_.jpg",1,meningioma,1,meningioma,0.0106092859,0.9807475805,0.0056129126,0.0030302457
10752,"/kaggle/input/datasets/arafatrahmann/my-data221/Epic and CSCR hospital Dataset/Test/meningioma/M_806_SP_.jpg",1,meningioma,1,meningioma,0.0168708302,0.9732271433,0.0052605392,0.0046415380
10753,"/kaggle/input/datasets/arafatrahmann/my-data221/Epic and CSCR hospital Dataset/Test/meningioma/M_806_VF_.jpg",1,meningioma,1,meningioma,0.0141215371,0.9772027135,0.0050854399,0.0035903379
10766,"/kaggle/input/datasets/arafatrahmann/my-data221/Epic and CSCR hospital Dataset/Test/meningioma/M_808_SP_.jpg",1,meningioma,1,meningioma,0.1002590284,0.8457516432,0.0123408129,0.0416485779
10767,"/kaggle/input/datasets/arafatrahmann/my-data221/Epic and CSCR hospital Dataset/Test/meningioma/M_808_VF_.jpg",1,meningioma,1,meningioma,0.0180656351,0.9637991786,0.0067088692,0.0114262151
10770,"/kaggle/input/datasets/arafatrahmann/my-data221/Epic and CSCR hospital Dataset/Test/meningioma/M_809_DA_.jpg",1,meningioma,1,meningioma,0.0080783386,0.9840405583,0.0037805501,0.0041005076
10772,"/kaggle/input/datasets/arafatrahmann/my-data221/Epic and CSCR hospital Dataset/Test/meningioma/M_809_RO_.jpg",1,meningioma,1,meningioma,0.0064756759,0.9836761355,0.0047374233,0.0051107598
10775,"/kaggle/input/datasets/arafatrahmann/my-data221/Epic and CSCR hospital Dataset/Test/meningioma/M_80_BR_.jpg",1,meningioma,1,meningioma,0.0101804305,0.9776865840,0.0083831940,0.0037497091
10785,"/kaggle/input/datasets/arafatrahmann/my-data221/Epic and CSCR hospital Dataset/Test/meningioma/M_810_HF_.jpg",1,meningioma,1,meningioma,0.0106335748,0.9783964157,0.0049598753,0.0060101273
10787,"/kaggle/input/datasets/arafatrahmann/my-data221/Epic and CSCR hospital Dataset/Test/meningioma/M_810_SP_.jpg",1,meningioma,1,meningioma,0.1136926636,0.8488413692,0.0105749015,0.0268910434
10791,"/kaggle/input/datasets/arafatrahmann/my-data221/Epic and CSCR hospital Dataset/Test/meningioma/M_811_DA_.jpg",1,meningioma,1,meningioma,0.0095736720,0.9823719263,0.0040143505,0.0040400052
10799,"/kaggle/input/datasets/arafatrahmann/my-data221/Epic and CSCR hospital Dataset/Test/meningioma/M_812_HF_.jpg",1,meningioma,1,meningioma,0.0087057613,0.9812164307,0.0070735463,0.0030042743
10802,"/kaggle/input/datasets/arafatrahmann/my-data221/Epic and CSCR hospital Dataset/Test/meningioma/M_812_VF_.jpg",1,meningioma,1,meningioma,0.0116084833,0.9774778485,0.0078320866,0.0030815941
10806,"/kaggle/input/datasets/arafatrahmann/my-data221/Epic and CSCR hospital Dataset/Test/meningioma/M_813_HF_.jpg",1,meningioma,1,meningioma,0.0126341032,0.9772847891,0.0052692392,0.0048116921
10808,"/kaggle/input/datasets/arafatrahmann/my-data221/Epic and CSCR hospital Dataset/Test/meningioma/M_813_SP_.jpg",1,meningioma,1,meningioma,0.1376849711,0.8359360695,0.0088916728,0.0174872782
10813,"/kaggle/input/datasets/arafatrahmann/my-data221/Epic and CSCR hospital Dataset/Test/meningioma/M_814_HF_.jpg",1,meningioma,1,meningioma,0.0168650486,0.9730325937,0.0060531693,0.0040492574
10818,"/kaggle/input/datasets/arafatrahmann/my-data221/Epic and CSCR hospital Dataset/Test/meningioma/M_815_BR_.jpg",1,meningioma,1,meningioma,0.0101521770,0.9804821014,0.0064077913,0.0029579364
10824,"/kaggle/input/datasets/arafatrahmann/my-data221/Epic and CSCR hospital Dataset/Test/meningioma/M_816.jpg",1,meningioma,1,meningioma,0.0148597080,0.9745981097,0.0052754297,0.0052667283
10825,"/kaggle/input/datasets/arafatrahmann/my-data221/Epic and CSCR hospital Dataset/Test/meningioma/M_816_BR_.jpg",1,meningioma,1,meningioma,0.0171818435,0.9701876640,0.0067074760,0.0059230542
10828,"/kaggle/input/datasets/arafatrahmann/my-data221/Epic and CSCR hospital Dataset/Test/meningioma/M_816_RO_.jpg",1,meningioma,1,meningioma,0.0086487355,0.9816544652,0.0059288810,0.0037678820
10835,"/kaggle/input/datasets/arafatrahmann/my-data221/Epic and CSCR hospital Dataset/Test/meningioma/M_817_RO_.jpg",1,meningioma,1,meningioma,0.0068504363,0.9821974635,0.0055724699,0.0053796158
10836,"/kaggle/input/datasets/arafatrahmann/my-data221/Epic and CSCR hospital Dataset/Test/meningioma/M_817_SP_.jpg",1,meningioma,1,meningioma,0.0254759341,0.6186735034,0.0174582414,0.3383922875
10837,"/kaggle/input/datasets/arafatrahmann/my-data221/Epic and CSCR hospital Dataset/Test/meningioma/M_817_VF_.jpg",1,meningioma,1,meningioma,0.0075338171,0.9815467000,0.0057247858,0.0051947283
10838,"/kaggle/input/datasets/arafatrahmann/my-data221/Epic and CSCR hospital Dataset/Test/meningioma/M_818.jpg",1,meningioma,1,meningioma,0.0108018946,0.9735409021,0.0084706228,0.0071865702
10840,"/kaggle/input/datasets/arafatrahmann/my-data221/Epic and CSCR hospital Dataset/Test/meningioma/M_818_DA_.jpg",1,meningioma,1,meningioma,0.0073102163,0.9840737581,0.0050971671,0.0035188745
10844,"/kaggle/input/datasets/arafatrahmann/my-data221/Epic and CSCR hospital Dataset/Test/meningioma/M_818_VF_.jpg",1,meningioma,1,meningioma,0.0116453357,0.9694454074,0.0095691383,0.0093401801
10847,"/kaggle/input/datasets/arafatrahmann/my-data221/Epic and CSCR hospital Dataset/Test/meningioma/M_81_BR_.jpg",1,meningioma,1,meningioma,0.0200200975,0.9712368250,0.0054573738,0.0032857258
10848,"/kaggle/input/datasets/arafatrahmann/my-data221/Epic and CSCR hospital Dataset/Test/meningioma/M_81_DA_.jpg",1,meningioma,1,meningioma,0.0177380182,0.9740225077,0.0038533546,0.0043861787
10849,"/kaggle/input/datasets/arafatrahmann/my-data221/Epic and CSCR hospital Dataset/Test/meningioma/M_81_HF_.jpg",1,meningioma,1,meningioma,0.0155737121,0.9762284160,0.0045489771,0.0036488913
10854,"/kaggle/input/datasets/arafatrahmann/my-data221/Epic and CSCR hospital Dataset/Test/meningioma/M_82_BR_.jpg",1,meningioma,1,meningioma,0.0095075080,0.9762646556,0.0090566128,0.0051711639
10856,"/kaggle/input/datasets/arafatrahmann/my-data221/Epic and CSCR hospital Dataset/Test/meningioma/M_82_HF_.jpg",1,meningioma,1,meningioma,0.0069547547,0.9803749323,0.0068755695,0.0057948139
10860,"/kaggle/input/datasets/arafatrahmann/my-data221/Epic and CSCR hospital Dataset/Test/meningioma/M_83.jpg",1,meningioma,1,meningioma,0.0063653002,0.9800270796,0.0077767037,0.0058309273
10866,"/kaggle/input/datasets/arafatrahmann/my-data221/Epic and CSCR hospital Dataset/Test/meningioma/M_83_VF_.jpg",1,meningioma,1,meningioma,0.0126613779,0.9655667543,0.0080246227,0.0137472348
10868,"/kaggle/input/datasets/arafatrahmann/my-data221/Epic and CSCR hospital Dataset/Test/meningioma/M_84_BR_.jpg",1,meningioma,1,meningioma,0.0100134052,0.9768048525,0.0090481834,0.0041336231
10869,"/kaggle/input/datasets/arafatrahmann/my-data221/Epic and CSCR hospital Dataset/Test/meningioma/M_84_DA_.jpg",1,meningioma,1,meningioma,0.0070925937,0.9834071398,0.0054691900,0.0040311846
10872,"/kaggle/input/datasets/arafatrahmann/my-data221/Epic and CSCR hospital Dataset/Test/meningioma/M_84_SP_.jpg",1,meningioma,1,meningioma,0.0218612421,0.9622486830,0.0065442631,0.0093457429
10878,"/kaggle/input/datasets/arafatrahmann/my-data221/Epic and CSCR hospital Dataset/Test/meningioma/M_85_RO_.jpg",1,meningioma,1,meningioma,0.0215422697,0.9028266072,0.0126302345,0.0630009472
10881,"/kaggle/input/datasets/arafatrahmann/my-data221/Epic and CSCR hospital Dataset/Test/meningioma/M_86.jpg",1,meningioma,1,meningioma,0.0074192607,0.9816820025,0.0057760915,0.0051226690
10889,"/kaggle/input/datasets/arafatrahmann/my-data221/Epic and CSCR hospital Dataset/Test/meningioma/M_87_BR_.jpg",1,meningioma,1,meningioma,0.0060513457,0.9826499820,0.0066670529,0.0046315216
10892,"/kaggle/input/datasets/arafatrahmann/my-data221/Epic and CSCR hospital Dataset/Test/meningioma/M_87_RO_.jpg",1,meningioma,1,meningioma,0.0291506145,0.8899142146,0.0176808983,0.0632542819
10894,"/kaggle/input/datasets/arafatrahmann/my-data221/Epic and CSCR hospital Dataset/Test/meningioma/M_87_VF_.jpg",1,meningioma,1,meningioma,0.0108054867,0.9717153311,0.0076574525,0.0098216441
10895,"/kaggle/input/datasets/arafatrahmann/my-data221/Epic and CSCR hospital Dataset/Test/meningioma/M_88.jpg",1,meningioma,1,meningioma,0.0064180037,0.9837131500,0.0055460902,0.0043227202
10904,"/kaggle/input/datasets/arafatrahmann/my-data221/Epic and CSCR hospital Dataset/Test/meningioma/image(112).jpg",1,meningioma,1,meningioma,0.0161113869,0.9644693136,0.0159520097,0.0034673153
10907,"/kaggle/input/datasets/arafatrahmann/my-data221/Epic and CSCR hospital Dataset/Test/meningioma/image(12).jpg",1,meningioma,1,meningioma,0.0081086159,0.9817134738,0.0061301766,0.0040477864
10910,"/kaggle/input/datasets/arafatrahmann/my-data221/Epic and CSCR hospital Dataset/Test/meningioma/image(13).jpg",1,meningioma,1,meningioma,0.0136505589,0.9553758502,0.0107218772,0.0202516560
10911,"/kaggle/input/datasets/arafatrahmann/my-data221/Epic and CSCR hospital Dataset/Test/meningioma/image(14).jpg",1,meningioma,1,meningioma,0.0205242001,0.9635190964,0.0091969687,0.0067597805
10915,"/kaggle/input/datasets/arafatrahmann/my-data221/Epic and CSCR hospital Dataset/Test/meningioma/image(18).jpg",1,meningioma,1,meningioma,0.0606868379,0.8717998266,0.0194632448,0.0480499975
10923,"/kaggle/input/datasets/arafatrahmann/my-data221/Epic and CSCR hospital Dataset/Test/meningioma/image(25).jpg",1,meningioma,1,meningioma,0.0554727986,0.9317611456,0.0082350811,0.0045309830
10928,"/kaggle/input/datasets/arafatrahmann/my-data221/Epic and CSCR hospital Dataset/Test/meningioma/image(46).jpg",1,meningioma,1,meningioma,0.0256542508,0.9359653592,0.0155423926,0.0228380319
10930,"/kaggle/input/datasets/arafatrahmann/my-data221/Epic and CSCR hospital Dataset/Test/meningioma/image(48).jpg",1,meningioma,1,meningioma,0.3259706497,0.6220147610,0.0211621653,0.0308524668
10933,"/kaggle/input/datasets/arafatrahmann/my-data221/Epic and CSCR hospital Dataset/Test/meningioma/image(51).jpg",1,meningioma,1,meningioma,0.0207798313,0.9669445157,0.0076859868,0.0045896908
10938,"/kaggle/input/datasets/arafatrahmann/my-data221/Epic and CSCR hospital Dataset/Test/meningioma/image(56).jpg",1,meningioma,1,meningioma,0.1164997220,0.8659888506,0.0090226177,0.0084888609
10948,"/kaggle/input/datasets/arafatrahmann/my-data221/Epic and CSCR hospital Dataset/Test/meningioma/image(66).jpg",1,meningioma,1,meningioma,0.0162362009,0.9533774257,0.0143235549,0.0160628725
10955,"/kaggle/input/datasets/arafatrahmann/my-data221/Epic and CSCR hospital Dataset/Test/notumor/1111.jpg",2,notumor,2,notumor,0.0045561525,0.0031262271,0.9871772528,0.0051403837
10957,"/kaggle/input/datasets/arafatrahmann/my-data221/Epic and CSCR hospital Dataset/Test/notumor/1113.jpg",2,notumor,2,notumor,0.0041810707,0.0031097955,0.9852830172,0.0074260668
10962,"/kaggle/input/datasets/arafatrahmann/my-data221/Epic and CSCR hospital Dataset/Test/notumor/1118.jpg",2,notumor,2,notumor,0.0085527319,0.0089261737,0.9694362879,0.0130848242
10975,"/kaggle/input/datasets/arafatrahmann/my-data221/Epic and CSCR hospital Dataset/Test/notumor/1131.jpg",2,notumor,2,notumor,0.0055922912,0.0080912542,0.9784281850,0.0078883134
10990,"/kaggle/input/datasets/arafatrahmann/my-data221/Epic and CSCR hospital Dataset/Test/notumor/1146.jpg",2,notumor,2,notumor,0.0039075869,0.0053726193,0.9841049910,0.0066148364
10991,"/kaggle/input/datasets/arafatrahmann/my-data221/Epic and CSCR hospital Dataset/Test/notumor/1149.jpg",2,notumor,2,notumor,0.0039307750,0.0066988030,0.9819766283,0.0073938086
10999,"/kaggle/input/datasets/arafatrahmann/my-data221/Epic and CSCR hospital Dataset/Test/notumor/1157.jpg",2,notumor,2,notumor,0.0040705269,0.0056710192,0.9846531749,0.0056052860
11000,"/kaggle/input/datasets/arafatrahmann/my-data221/Epic and CSCR hospital Dataset/Test/notumor/1158.jpg",2,notumor,2,notumor,0.0050223256,0.0032042370,0.9866346121,0.0051387488
11007,"/kaggle/input/datasets/arafatrahmann/my-data221/Epic and CSCR hospital Dataset/Test/notumor/1165.jpg",2,notumor,2,notumor,0.0041168150,0.0077905706,0.9812690020,0.0068236641
11010,"/kaggle/input/datasets/arafatrahmann/my-data221/Epic and CSCR hospital Dataset/Test/notumor/1168.jpg",2,notumor,2,notumor,0.0032681953,0.0040728441,0.9860156775,0.0066432268
11012,"/kaggle/input/datasets/arafatrahmann/my-data221/Epic and CSCR hospital Dataset/Test/notumor/1170.jpg",2,notumor,2,notumor,0.0042114877,0.0034165480,0.9866538048,0.0057182414
11013,"/kaggle/input/datasets/arafatrahmann/my-data221/Epic and CSCR hospital Dataset/Test/notumor/1171.jpg",2,notumor,2,notumor,0.0043469029,0.0033813559,0.9860649109,0.0062067579
11016,"/kaggle/input/datasets/arafatrahmann/my-data221/Epic and CSCR hospital Dataset/Test/notumor/1174.jpg",2,notumor,2,notumor,0.0042862007,0.0075840116,0.9812732935,0.0068564899
11029,"/kaggle/input/datasets/arafatrahmann/my-data221/Epic and CSCR hospital Dataset/Test/notumor/1187.jpg",2,notumor,2,notumor,0.0077571794,0.0040546455,0.9836703539,0.0045178561
11032,"/kaggle/input/datasets/arafatrahmann/my-data221/Epic and CSCR hospital Dataset/Test/notumor/1190.jpg",2,notumor,2,notumor,0.0081597185,0.0134782922,0.9714104533,0.0069515603
11034,"/kaggle/input/datasets/arafatrahmann/my-data221/Epic and CSCR hospital Dataset/Test/notumor/1192.jpg",2,notumor,2,notumor,0.0036870646,0.0045515848,0.9814995527,0.0102617331
11035,"/kaggle/input/datasets/arafatrahmann/my-data221/Epic and CSCR hospital Dataset/Test/notumor/1193.jpg",2,notumor,2,notumor,0.0058117569,0.0032555845,0.9861522913,0.0047804140
11038,"/kaggle/input/datasets/arafatrahmann/my-data221/Epic and CSCR hospital Dataset/Test/notumor/1196.jpg",2,notumor,2,notumor,0.0058907932,0.0109198987,0.9742725492,0.0089167822
11042,"/kaggle/input/datasets/arafatrahmann/my-data221/Epic and CSCR hospital Dataset/Test/notumor/1200.jpg",2,notumor,2,notumor,0.0093790721,0.0097138267,0.9725910425,0.0083159786
11043,"/kaggle/input/datasets/arafatrahmann/my-data221/Epic and CSCR hospital Dataset/Test/notumor/1201.jpg",2,notumor,2,notumor,0.0043709478,0.0090117343,0.9782505035,0.0083668027
11044,"/kaggle/input/datasets/arafatrahmann/my-data221/Epic and CSCR hospital Dataset/Test/notumor/1202.jpg",2,notumor,2,notumor,0.0066062449,0.0086593069,0.9780578613,0.0066766529
11046,"/kaggle/input/datasets/arafatrahmann/my-data221/Epic and CSCR hospital Dataset/Test/notumor/1204.jpg",2,notumor,2,notumor,0.0051983558,0.0034541159,0.9873514175,0.0039960346
11050,"/kaggle/input/datasets/arafatrahmann/my-data221/Epic and CSCR hospital Dataset/Test/notumor/1208.jpg",2,notumor,2,notumor,0.0036648258,0.0041724755,0.9868501425,0.0053124633
11070,"/kaggle/input/datasets/arafatrahmann/my-data221/Epic and CSCR hospital Dataset/Test/notumor/1228.jpg",2,notumor,2,notumor,0.0043518096,0.0053977519,0.9840442538,0.0062062354
11072,"/kaggle/input/datasets/arafatrahmann/my-data221/Epic and CSCR hospital Dataset/Test/notumor/1230.jpg",2,notumor,2,notumor,0.0069227084,0.0039501442,0.9834272265,0.0056999703
11074,"/kaggle/input/datasets/arafatrahmann/my-data221/Epic and CSCR hospital Dataset/Test/notumor/1232.jpg",2,notumor,2,notumor,0.0062658722,0.0053201485,0.9782087207,0.0102053164
11079,"/kaggle/input/datasets/arafatrahmann/my-data221/Epic and CSCR hospital Dataset/Test/notumor/1237.jpg",2,notumor,2,notumor,0.0038080476,0.0047411271,0.9854200482,0.0060307933
11088,"/kaggle/input/datasets/arafatrahmann/my-data221/Epic and CSCR hospital Dataset/Test/notumor/1246.jpg",2,notumor,2,notumor,0.0043382850,0.0067155310,0.9806349874,0.0083111916
11094,"/kaggle/input/datasets/arafatrahmann/my-data221/Epic and CSCR hospital Dataset/Test/notumor/1252.jpg",2,notumor,2,notumor,0.0041375589,0.0078814989,0.9808311462,0.0071498193
11095,"/kaggle/input/datasets/arafatrahmann/my-data221/Epic and CSCR hospital Dataset/Test/notumor/1253.jpg",2,notumor,2,notumor,0.0050206305,0.0053618774,0.9827880859,0.0068294182
11097,"/kaggle/input/datasets/arafatrahmann/my-data221/Epic and CSCR hospital Dataset/Test/notumor/1255.jpg",2,notumor,2,notumor,0.0039145579,0.0049166437,0.9812088013,0.0099601019
11100,"/kaggle/input/datasets/arafatrahmann/my-data221/Epic and CSCR hospital Dataset/Test/notumor/1258.jpg",2,notumor,2,notumor,0.0045512118,0.0058053015,0.9786514044,0.0109920669
11101,"/kaggle/input/datasets/arafatrahmann/my-data221/Epic and CSCR hospital Dataset/Test/notumor/1259.jpg",2,notumor,2,notumor,0.0042140856,0.0069344407,0.9796762466,0.0091752131
11102,"/kaggle/input/datasets/arafatrahmann/my-data221/Epic and CSCR hospital Dataset/Test/notumor/1260.jpg",2,notumor,2,notumor,0.0051542120,0.0109972376,0.9754959345,0.0083526839
11104,"/kaggle/input/datasets/arafatrahmann/my-data221/Epic and CSCR hospital Dataset/Test/notumor/1262.jpg",2,notumor,2,notumor,0.0041559329,0.0066951597,0.9820580482,0.0070909164
11105,"/kaggle/input/datasets/arafatrahmann/my-data221/Epic and CSCR hospital Dataset/Test/notumor/1263.jpg",2,notumor,2,notumor,0.0047279699,0.0043306928,0.9785606265,0.0123807285
11122,"/kaggle/input/datasets/arafatrahmann/my-data221/Epic and CSCR hospital Dataset/Test/notumor/1280.jpg",2,notumor,2,notumor,0.0040268111,0.0068994537,0.9826930165,0.0063806856
11133,"/kaggle/input/datasets/arafatrahmann/my-data221/Epic and CSCR hospital Dataset/Test/notumor/1291.jpg",2,notumor,2,notumor,0.0039292471,0.0055011492,0.9839188457,0.0066507449
11136,"/kaggle/input/datasets/arafatrahmann/my-data221/Epic and CSCR hospital Dataset/Test/notumor/1294.jpg",2,notumor,2,notumor,0.0040085604,0.0047253896,0.9837642908,0.0075017279
11139,"/kaggle/input/datasets/arafatrahmann/my-data221/Epic and CSCR hospital Dataset/Test/notumor/1297.jpg",2,notumor,2,notumor,0.0035350192,0.0045326715,0.9869246483,0.0050075762
11145,"/kaggle/input/datasets/arafatrahmann/my-data221/Epic and CSCR hospital Dataset/Test/notumor/1303.jpg",2,notumor,2,notumor,0.0056244186,0.0066600754,0.9805140495,0.0072014881
11154,"/kaggle/input/datasets/arafatrahmann/my-data221/Epic and CSCR hospital Dataset/Test/notumor/1312.jpg",2,notumor,2,notumor,0.0066851154,0.0092530604,0.9762951732,0.0077665471
11156,"/kaggle/input/datasets/arafatrahmann/my-data221/Epic and CSCR hospital Dataset/Test/notumor/1314.jpg",2,notumor,2,notumor,0.0488130376,0.0045225024,0.9421771765,0.0044872621
11172,"/kaggle/input/datasets/arafatrahmann/my-data221/Epic and CSCR hospital Dataset/Test/notumor/1330.jpg",2,notumor,2,notumor,0.0044313804,0.0064186999,0.9827741385,0.0063757873
11176,"/kaggle/input/datasets/arafatrahmann/my-data221/Epic and CSCR hospital Dataset/Test/notumor/1334.jpg",2,notumor,2,notumor,0.0047118403,0.0076659196,0.9793756604,0.0082466314
11177,"/kaggle/input/datasets/arafatrahmann/my-data221/Epic and CSCR hospital Dataset/Test/notumor/1335.jpg",2,notumor,2,notumor,0.0035121639,0.0048355768,0.9852795601,0.0063726478
11179,"/kaggle/input/datasets/arafatrahmann/my-data221/Epic and CSCR hospital Dataset/Test/notumor/1337.jpg",2,notumor,2,notumor,0.0035852599,0.0046163755,0.9865605235,0.0052378802
11186,"/kaggle/input/datasets/arafatrahmann/my-data221/Epic and CSCR hospital Dataset/Test/notumor/1344.jpg",2,notumor,2,notumor,0.0037653844,0.0053982888,0.9801416397,0.0106947301
11190,"/kaggle/input/datasets/arafatrahmann/my-data221/Epic and CSCR hospital Dataset/Test/notumor/1348.jpg",2,notumor,2,notumor,0.0036489000,0.0048749754,0.9827407598,0.0087354025
11193,"/kaggle/input/datasets/arafatrahmann/my-data221/Epic and CSCR hospital Dataset/Test/notumor/1351.jpg",2,notumor,2,notumor,0.0048940303,0.0039759679,0.9834400415,0.0076899705
11195,"/kaggle/input/datasets/arafatrahmann/my-data221/Epic and CSCR hospital Dataset/Test/notumor/1353.jpg",2,notumor,2,notumor,0.0042387191,0.0082643321,0.9799868464,0.0075100907
11196,"/kaggle/input/datasets/arafatrahmann/my-data221/Epic and CSCR hospital Dataset/Test/notumor/1354.jpg",2,notumor,2,notumor,0.0047747344,0.0034665731,0.9869674444,0.0047911741
11198,"/kaggle/input/datasets/arafatrahmann/my-data221/Epic and CSCR hospital Dataset/Test/notumor/1356.jpg",2,notumor,2,notumor,0.0033563927,0.0034632843,0.9873017073,0.0058786082
11200,"/kaggle/input/datasets/arafatrahmann/my-data221/Epic and CSCR hospital Dataset/Test/notumor/1358.jpg",2,notumor,2,notumor,0.0042234203,0.0037821911,0.9862901568,0.0057042437
11204,"/kaggle/input/datasets/arafatrahmann/my-data221/Epic and CSCR hospital Dataset/Test/notumor/1362.jpg",2,notumor,2,notumor,0.0045036250,0.0056985402,0.9821015596,0.0076963706
11215,"/kaggle/input/datasets/arafatrahmann/my-data221/Epic and CSCR hospital Dataset/Test/notumor/1373.jpg",2,notumor,2,notumor,0.0047238842,0.0034806156,0.9864693880,0.0053261728
11216,"/kaggle/input/datasets/arafatrahmann/my-data221/Epic and CSCR hospital Dataset/Test/notumor/1374.jpg",2,notumor,2,notumor,0.0043209977,0.0039474540,0.9842970967,0.0074344203
11227,"/kaggle/input/datasets/arafatrahmann/my-data221/Epic and CSCR hospital Dataset/Test/notumor/1385.jpg",2,notumor,2,notumor,0.0039222566,0.0053166156,0.9847572446,0.0060038837
11230,"/kaggle/input/datasets/arafatrahmann/my-data221/Epic and CSCR hospital Dataset/Test/notumor/1388.jpg",2,notumor,2,notumor,0.0041956608,0.0061137760,0.9836594462,0.0060311789
11231,"/kaggle/input/datasets/arafatrahmann/my-data221/Epic and CSCR hospital Dataset/Test/notumor/1389.jpg",2,notumor,2,notumor,0.0048879436,0.0056915269,0.9813580513,0.0080624763
11233,"/kaggle/input/datasets/arafatrahmann/my-data221/Epic and CSCR hospital Dataset/Test/notumor/1391.jpg",2,notumor,2,notumor,0.0057940618,0.0040666265,0.9791532755,0.0109860953
11239,"/kaggle/input/datasets/arafatrahmann/my-data221/Epic and CSCR hospital Dataset/Test/notumor/1397.jpg",2,notumor,2,notumor,0.0038252394,0.0051422631,0.9844287634,0.0066036447
11240,"/kaggle/input/datasets/arafatrahmann/my-data221/Epic and CSCR hospital Dataset/Test/notumor/1398.jpg",2,notumor,2,notumor,0.0040398804,0.0058648614,0.9831328392,0.0069623413
11243,"/kaggle/input/datasets/arafatrahmann/my-data221/Epic and CSCR hospital Dataset/Test/notumor/1401.jpg",2,notumor,2,notumor,0.0064601460,0.0029871545,0.9869117737,0.0036408915
11247,"/kaggle/input/datasets/arafatrahmann/my-data221/Epic and CSCR hospital Dataset/Test/notumor/1405.jpg",2,notumor,2,notumor,0.0048685721,0.0097258324,0.9774522781,0.0079534547
11248,"/kaggle/input/datasets/arafatrahmann/my-data221/Epic and CSCR hospital Dataset/Test/notumor/1406.jpg",2,notumor,2,notumor,0.0039672349,0.0044242432,0.9849165082,0.0066920952
11257,"/kaggle/input/datasets/arafatrahmann/my-data221/Epic and CSCR hospital Dataset/Test/notumor/1415.jpg",2,notumor,2,notumor,0.0048674652,0.0068019303,0.9815260172,0.0068046525
11258,"/kaggle/input/datasets/arafatrahmann/my-data221/Epic and CSCR hospital Dataset/Test/notumor/1416.jpg",2,notumor,2,notumor,0.0045410031,0.0085307891,0.9802244306,0.0067038261
11259,"/kaggle/input/datasets/arafatrahmann/my-data221/Epic and CSCR hospital Dataset/Test/notumor/1417.jpg",2,notumor,2,notumor,0.0065064682,0.0066936957,0.9814995527,0.0053002760
11260,"/kaggle/input/datasets/arafatrahmann/my-data221/Epic and CSCR hospital Dataset/Test/notumor/1418.jpg",2,notumor,2,notumor,0.0039019310,0.0051339446,0.9832151532,0.0077489875
11262,"/kaggle/input/datasets/arafatrahmann/my-data221/Epic and CSCR hospital Dataset/Test/notumor/1420.jpg",2,notumor,2,notumor,0.0036666729,0.0047757812,0.9868956804,0.0046619251
11266,"/kaggle/input/datasets/arafatrahmann/my-data221/Epic and CSCR hospital Dataset/Test/notumor/1424.jpg",2,notumor,2,notumor,0.0036101523,0.0042612050,0.9802408218,0.0118878121
11279,"/kaggle/input/datasets/arafatrahmann/my-data221/Epic and CSCR hospital Dataset/Test/notumor/1437.jpg",2,notumor,2,notumor,0.0037557990,0.0041237134,0.9867528081,0.0053676865
11281,"/kaggle/input/datasets/arafatrahmann/my-data221/Epic and CSCR hospital Dataset/Test/notumor/1439.jpg",2,notumor,2,notumor,0.0042638932,0.0058464529,0.9823377728,0.0075518573
11298,"/kaggle/input/datasets/arafatrahmann/my-data221/Epic and CSCR hospital Dataset/Test/notumor/1456.jpg",2,notumor,2,notumor,0.0218793824,0.0068671936,0.9600892067,0.0111642256
11300,"/kaggle/input/datasets/arafatrahmann/my-data221/Epic and CSCR hospital Dataset/Test/notumor/1458.jpg",2,notumor,2,notumor,0.0040621785,0.0043721879,0.9823719263,0.0091937641
11308,"/kaggle/input/datasets/arafatrahmann/my-data221/Epic and CSCR hospital Dataset/Test/notumor/1466.jpg",2,notumor,2,notumor,0.0037688073,0.0055287555,0.9843991995,0.0063032536
11309,"/kaggle/input/datasets/arafatrahmann/my-data221/Epic and CSCR hospital Dataset/Test/notumor/1467.jpg",2,notumor,2,notumor,0.0070762048,0.0071636983,0.9806353450,0.0051247654
11310,"/kaggle/input/datasets/arafatrahmann/my-data221/Epic and CSCR hospital Dataset/Test/notumor/1468.jpg",2,notumor,2,notumor,0.0044954275,0.0064158752,0.9815415144,0.0075471043
11313,"/kaggle/input/datasets/arafatrahmann/my-data221/Epic and CSCR hospital Dataset/Test/notumor/1471.jpg",2,notumor,2,notumor,0.0041097812,0.0082403217,0.9801484346,0.0075015733
11316,"/kaggle/input/datasets/arafatrahmann/my-data221/Epic and CSCR hospital Dataset/Test/notumor/1474.jpg",2,notumor,2,notumor,0.0042911777,0.0036217484,0.9838203192,0.0082666911
11326,"/kaggle/input/datasets/arafatrahmann/my-data221/Epic and CSCR hospital Dataset/Test/notumor/1484.jpg",2,notumor,2,notumor,0.0040118778,0.0057780584,0.9839497805,0.0062602246
11328,"/kaggle/input/datasets/arafatrahmann/my-data221/Epic and CSCR hospital Dataset/Test/notumor/1486.jpg",2,notumor,2,notumor,0.0110720322,0.0035799562,0.9799221754,0.0054258183
11330,"/kaggle/input/datasets/arafatrahmann/my-data221/Epic and CSCR hospital Dataset/Test/notumor/1488.jpg",2,notumor,2,notumor,0.0039394065,0.0054513188,0.9844610095,0.0061481944
11343,"/kaggle/input/datasets/arafatrahmann/my-data221/Epic and CSCR hospital Dataset/Test/notumor/1501.jpg",2,notumor,2,notumor,0.0071414607,0.0040572090,0.9835945964,0.0052067218
11356,"/kaggle/input/datasets/arafatrahmann/my-data221/Epic and CSCR hospital Dataset/Test/notumor/1514.jpg",2,notumor,2,notumor,0.0064306119,0.0097719319,0.9282697439,0.0555276759
11357,"/kaggle/input/datasets/arafatrahmann/my-data221/Epic and CSCR hospital Dataset/Test/notumor/1515.jpg",2,notumor,2,notumor,0.0050115059,0.0046508359,0.9857031107,0.0046345713
11371,"/kaggle/input/datasets/arafatrahmann/my-data221/Epic and CSCR hospital Dataset/Test/notumor/1529.jpg",2,notumor,2,notumor,0.0037039227,0.0051447726,0.9837150574,0.0074363099
11373,"/kaggle/input/datasets/arafatrahmann/my-data221/Epic and CSCR hospital Dataset/Test/notumor/1531.jpg",2,notumor,2,notumor,0.0053475159,0.0032440699,0.9855831861,0.0058251778
11380,"/kaggle/input/datasets/arafatrahmann/my-data221/Epic and CSCR hospital Dataset/Test/notumor/1538.jpg",2,notumor,2,notumor,0.0044168117,0.0062290085,0.9822332263,0.0071208426
11383,"/kaggle/input/datasets/arafatrahmann/my-data221/Epic and CSCR hospital Dataset/Test/notumor/1541.jpg",2,notumor,2,notumor,0.0046171686,0.0080353618,0.9775410891,0.0098064067
11384,"/kaggle/input/datasets/arafatrahmann/my-data221/Epic and CSCR hospital Dataset/Test/notumor/1542.jpg",2,notumor,2,notumor,0.0045151021,0.0049780919,0.9844071269,0.0060996413
11385,"/kaggle/input/datasets/arafatrahmann/my-data221/Epic and CSCR hospital Dataset/Test/notumor/1543.jpg",2,notumor,2,notumor,0.0046875598,0.0063081593,0.9817226529,0.0072816061
11387,"/kaggle/input/datasets/arafatrahmann/my-data221/Epic and CSCR hospital Dataset/Test/notumor/1545.jpg",2,notumor,2,notumor,0.0047915848,0.0031633798,0.9880397916,0.0040053199
11389,"/kaggle/input/datasets/arafatrahmann/my-data221/Epic and CSCR hospital Dataset/Test/notumor/1547.jpg",2,notumor,2,notumor,0.0039810352,0.0056267716,0.9823077917,0.0080843586
11392,"/kaggle/input/datasets/arafatrahmann/my-data221/Epic and CSCR hospital Dataset/Test/notumor/1550.jpg",2,notumor,2,notumor,0.0076663061,0.0076849670,0.9777971506,0.0068515465
11394,"/kaggle/input/datasets/arafatrahmann/my-data221/Epic and CSCR hospital Dataset/Test/notumor/1552.jpg",2,notumor,2,notumor,0.0045878766,0.0071035000,0.9801009893,0.0082076536
11396,"/kaggle/input/datasets/arafatrahmann/my-data221/Epic and CSCR hospital Dataset/Test/notumor/1554.jpg",2,notumor,2,notumor,0.0066367649,0.0027975892,0.9867636561,0.0038020071
11407,"/kaggle/input/datasets/arafatrahmann/my-data221/Epic and CSCR hospital Dataset/Test/notumor/1565.jpg",2,notumor,2,notumor,0.0058312672,0.0064038187,0.9784081578,0.0093567539
11411,"/kaggle/input/datasets/arafatrahmann/my-data221/Epic and CSCR hospital Dataset/Test/notumor/1569.jpg",2,notumor,2,notumor,0.0044568712,0.0031325133,0.9860180616,0.0063924813
11417,"/kaggle/input/datasets/arafatrahmann/my-data221/Epic and CSCR hospital Dataset/Test/notumor/1575.jpg",2,notumor,2,notumor,0.0041895118,0.0061933217,0.9827377200,0.0068794512
11418,"/kaggle/input/datasets/arafatrahmann/my-data221/Epic and CSCR hospital Dataset/Test/notumor/1576.jpg",2,notumor,2,notumor,0.0037254598,0.0043530241,0.9866865277,0.0052350098
11424,"/kaggle/input/datasets/arafatrahmann/my-data221/Epic and CSCR hospital Dataset/Test/notumor/1582.jpg",2,notumor,2,notumor,0.0040525016,0.0080959983,0.9802573919,0.0075941188
11426,"/kaggle/input/datasets/arafatrahmann/my-data221/Epic and CSCR hospital Dataset/Test/notumor/1584.jpg",2,notumor,2,notumor,0.0042086812,0.0069607287,0.9808799028,0.0079506878
11430,"/kaggle/input/datasets/arafatrahmann/my-data221/Epic and CSCR hospital Dataset/Test/notumor/42 no.jpg",2,notumor,2,notumor,0.0043751211,0.0033186313,0.9880083203,0.0042980225
11433,"/kaggle/input/datasets/arafatrahmann/my-data221/Epic and CSCR hospital Dataset/Test/notumor/45 no.jpg",2,notumor,2,notumor,0.0040489719,0.0070049069,0.9816665649,0.0072795623
11441,"/kaggle/input/datasets/arafatrahmann/my-data221/Epic and CSCR hospital Dataset/Test/pituitary/1204.jpg",3,pituitary,3,pituitary,0.0056268587,0.0088428855,0.0094422372,0.9760881662
11449,"/kaggle/input/datasets/arafatrahmann/my-data221/Epic and CSCR hospital Dataset/Test/pituitary/1219.jpg",3,pituitary,3,pituitary,0.0049329875,0.0080435919,0.0080451937,0.9789782763
11456,"/kaggle/input/datasets/arafatrahmann/my-data221/Epic and CSCR hospital Dataset/Test/pituitary/1226.jpg",3,pituitary,3,pituitary,0.0055706427,0.0157998353,0.0071856542,0.9714438319
11464,"/kaggle/input/datasets/arafatrahmann/my-data221/Epic and CSCR hospital Dataset/Test/pituitary/1234.jpg",3,pituitary,3,pituitary,0.0049005519,0.0108449170,0.0067317737,0.9775226712
11469,"/kaggle/input/datasets/arafatrahmann/my-data221/Epic and CSCR hospital Dataset/Test/pituitary/1239.jpg",3,pituitary,3,pituitary,0.0054333387,0.0118028224,0.0063484954,0.9764153361
11470,"/kaggle/input/datasets/arafatrahmann/my-data221/Epic and CSCR hospital Dataset/Test/pituitary/1240.jpg",3,pituitary,3,pituitary,0.0055109104,0.0104666185,0.0061415941,0.9778809547
11473,"/kaggle/input/datasets/arafatrahmann/my-data221/Epic and CSCR hospital Dataset/Test/pituitary/1243.jpg",3,pituitary,3,pituitary,0.0044885459,0.0082369568,0.0085910941,0.9786834717
11476,"/kaggle/input/datasets/arafatrahmann/my-data221/Epic and CSCR hospital Dataset/Test/pituitary/1246.jpg",3,pituitary,3,pituitary,0.0050201099,0.0080316719,0.0081700254,0.9787781835
11488,"/kaggle/input/datasets/arafatrahmann/my-data221/Epic and CSCR hospital Dataset/Test/pituitary/1258.jpg",3,pituitary,3,pituitary,0.0058337050,0.0092327800,0.0049496708,0.9799838066
11490,"/kaggle/input/datasets/arafatrahmann/my-data221/Epic and CSCR hospital Dataset/Test/pituitary/1260.jpg",3,pituitary,3,pituitary,0.0047124946,0.0081033688,0.0072409585,0.9799431562
11497,"/kaggle/input/datasets/arafatrahmann/my-data221/Epic and CSCR hospital Dataset/Test/pituitary/1267.jpg",3,pituitary,3,pituitary,0.0050961515,0.0132098673,0.0079421345,0.9737519026
11502,"/kaggle/input/datasets/arafatrahmann/my-data221/Epic and CSCR hospital Dataset/Test/pituitary/1272.jpg",3,pituitary,3,pituitary,0.0044698282,0.0084018754,0.0075285174,0.9795997739
11510,"/kaggle/input/datasets/arafatrahmann/my-data221/Epic and CSCR hospital Dataset/Test/pituitary/1280.jpg",3,pituitary,3,pituitary,0.0049685473,0.0102626774,0.0067452481,0.9780236483
11516,"/kaggle/input/datasets/arafatrahmann/my-data221/Epic and CSCR hospital Dataset/Test/pituitary/1286.jpg",3,pituitary,3,pituitary,0.0049769999,0.0125906896,0.0071077072,0.9753246307
11517,"/kaggle/input/datasets/arafatrahmann/my-data221/Epic and CSCR hospital Dataset/Test/pituitary/1287.jpg",3,pituitary,3,pituitary,0.0046692817,0.0080231670,0.0068906294,0.9804169536
11520,"/kaggle/input/datasets/arafatrahmann/my-data221/Epic and CSCR hospital Dataset/Test/pituitary/1290.jpg",3,pituitary,3,pituitary,0.0053617945,0.0116012711,0.0061295675,0.9769073725
11524,"/kaggle/input/datasets/arafatrahmann/my-data221/Epic and CSCR hospital Dataset/Test/pituitary/1294.jpg",3,pituitary,3,pituitary,0.0047428333,0.0119622154,0.0070847319,0.9762102962
11526,"/kaggle/input/datasets/arafatrahmann/my-data221/Epic and CSCR hospital Dataset/Test/pituitary/1296.jpg",3,pituitary,3,pituitary,0.0043340386,0.0075873872,0.0076586991,0.9804199338
11536,"/kaggle/input/datasets/arafatrahmann/my-data221/Epic and CSCR hospital Dataset/Test/pituitary/1306.jpg",3,pituitary,3,pituitary,0.0045111342,0.0080426410,0.0068923272,0.9805539250
11543,"/kaggle/input/datasets/arafatrahmann/my-data221/Epic and CSCR hospital Dataset/Test/pituitary/1313.jpg",3,pituitary,3,pituitary,0.0052485401,0.0096747708,0.0068755946,0.9782010913
11547,"/kaggle/input/datasets/arafatrahmann/my-data221/Epic and CSCR hospital Dataset/Test/pituitary/1317.jpg",3,pituitary,3,pituitary,0.0064528668,0.0091121681,0.0052329162,0.9792020917
11553,"/kaggle/input/datasets/arafatrahmann/my-data221/Epic and CSCR hospital Dataset/Test/pituitary/1323.jpg",3,pituitary,3,pituitary,0.0044770660,0.0088030566,0.0074360408,0.9792838097
11561,"/kaggle/input/datasets/arafatrahmann/my-data221/Epic and CSCR hospital Dataset/Test/pituitary/1331.jpg",3,pituitary,3,pituitary,0.0047324775,0.0117919650,0.0071553760,0.9763201475
11563,"/kaggle/input/datasets/arafatrahmann/my-data221/Epic and CSCR hospital Dataset/Test/pituitary/1333.jpg",3,pituitary,3,pituitary,0.0052131591,0.0091974298,0.0065143653,0.9790750742
11565,"/kaggle/input/datasets/arafatrahmann/my-data221/Epic and CSCR hospital Dataset/Test/pituitary/1335.jpg",3,pituitary,3,pituitary,0.0053696912,0.0128022013,0.0064660534,0.9753620028
11566,"/kaggle/input/datasets/arafatrahmann/my-data221/Epic and CSCR hospital Dataset/Test/pituitary/1336.jpg",3,pituitary,3,pituitary,0.0069182487,0.0125922589,0.0059861662,0.9745033383
11570,"/kaggle/input/datasets/arafatrahmann/my-data221/Epic and CSCR hospital Dataset/Test/pituitary/1340.jpg",3,pituitary,3,pituitary,0.0054743644,0.0114888689,0.0079507977,0.9750860333
11571,"/kaggle/input/datasets/arafatrahmann/my-data221/Epic and CSCR hospital Dataset/Test/pituitary/1341.jpg",3,pituitary,3,pituitary,0.0065073282,0.0116058346,0.0174775608,0.9644092321
11573,"/kaggle/input/datasets/arafatrahmann/my-data221/Epic and CSCR hospital Dataset/Test/pituitary/1343.jpg",3,pituitary,3,pituitary,0.0044394168,0.0074206768,0.0085350322,0.9796048999
11575,"/kaggle/input/datasets/arafatrahmann/my-data221/Epic and CSCR hospital Dataset/Test/pituitary/1345.jpg",3,pituitary,3,pituitary,0.0047296258,0.0081237871,0.0071510663,0.9799954295
11579,"/kaggle/input/datasets/arafatrahmann/my-data221/Epic and CSCR hospital Dataset/Test/pituitary/1349.jpg",3,pituitary,3,pituitary,0.0049621975,0.0090221912,0.0069352151,0.9790803790
11584,"/kaggle/input/datasets/arafatrahmann/my-data221/Epic and CSCR hospital Dataset/Test/pituitary/1354.jpg",3,pituitary,3,pituitary,0.0047912779,0.0111401277,0.0073267729,0.9767417908
11586,"/kaggle/input/datasets/arafatrahmann/my-data221/Epic and CSCR hospital Dataset/Test/pituitary/1356.jpg",3,pituitary,3,pituitary,0.0050980053,0.0106539950,0.0077565364,0.9764914513
11587,"/kaggle/input/datasets/arafatrahmann/my-data221/Epic and CSCR hospital Dataset/Test/pituitary/1357.jpg",3,pituitary,3,pituitary,0.0043184273,0.0071094162,0.0079003619,0.9806717634
11593,"/kaggle/input/datasets/arafatrahmann/my-data221/Epic and CSCR hospital Dataset/Test/pituitary/1363.jpg",3,pituitary,3,pituitary,0.0046154256,0.0074359379,0.0074248724,0.9805237651
11600,"/kaggle/input/datasets/arafatrahmann/my-data221/Epic and CSCR hospital Dataset/Test/pituitary/1370.jpg",3,pituitary,3,pituitary,0.0052339802,0.0163032897,0.0072188070,0.9712439775
11606,"/kaggle/input/datasets/arafatrahmann/my-data221/Epic and CSCR hospital Dataset/Test/pituitary/1376.jpg",3,pituitary,3,pituitary,0.0044524902,0.0078615183,0.0074042007,0.9802818298
11610,"/kaggle/input/datasets/arafatrahmann/my-data221/Epic and CSCR hospital Dataset/Test/pituitary/1380.jpg",3,pituitary,3,pituitary,0.0046744412,0.0066650733,0.0072171055,0.9814434052
11612,"/kaggle/input/datasets/arafatrahmann/my-data221/Epic and CSCR hospital Dataset/Test/pituitary/1382.jpg",3,pituitary,3,pituitary,0.0052477224,0.0113482429,0.0063030659,0.9771009684
11617,"/kaggle/input/datasets/arafatrahmann/my-data221/Epic and CSCR hospital Dataset/Test/pituitary/1387.jpg",3,pituitary,3,pituitary,0.0045053191,0.0092184972,0.0074140332,0.9788621664
11619,"/kaggle/input/datasets/arafatrahmann/my-data221/Epic and CSCR hospital Dataset/Test/pituitary/1389.jpg",3,pituitary,3,pituitary,0.0048051234,0.0098072486,0.0068725375,0.9785150290
11621,"/kaggle/input/datasets/arafatrahmann/my-data221/Epic and CSCR hospital Dataset/Test/pituitary/1391.jpg",3,pituitary,3,pituitary,0.0048388038,0.0079393853,0.0069826031,0.9802392125
11625,"/kaggle/input/datasets/arafatrahmann/my-data221/Epic and CSCR hospital Dataset/Test/pituitary/1395.jpg",3,pituitary,3,pituitary,0.0045505664,0.0107325148,0.0096401898,0.9750767946
11630,"/kaggle/input/datasets/arafatrahmann/my-data221/Epic and CSCR hospital Dataset/Test/pituitary/1400.jpg",3,pituitary,3,pituitary,0.0046876026,0.0094261905,0.0077923266,0.9780938029
11632,"/kaggle/input/datasets/arafatrahmann/my-data221/Epic and CSCR hospital Dataset/Test/pituitary/1402.jpg",3,pituitary,3,pituitary,0.0048883664,0.0098103266,0.0060476726,0.9792536497
11639,"/kaggle/input/datasets/arafatrahmann/my-data221/Epic and CSCR hospital Dataset/Test/pituitary/1409.jpg",3,pituitary,3,pituitary,0.0050446442,0.0107423328,0.0076980419,0.9765149355
11640,"/kaggle/input/datasets/arafatrahmann/my-data221/Epic and CSCR hospital Dataset/Test/pituitary/1410.jpg",3,pituitary,3,pituitary,0.0047838399,0.0115259495,0.0084663900,0.9752237201
11643,"/kaggle/input/datasets/arafatrahmann/my-data221/Epic and CSCR hospital Dataset/Test/pituitary/1413.jpg",3,pituitary,3,pituitary,0.0048353886,0.0080639133,0.0070570847,0.9800437093
11646,"/kaggle/input/datasets/arafatrahmann/my-data221/Epic and CSCR hospital Dataset/Test/pituitary/1416.jpg",3,pituitary,3,pituitary,0.0045028883,0.0086206030,0.0076735551,0.9792029262
11656,"/kaggle/input/datasets/arafatrahmann/my-data221/Epic and CSCR hospital Dataset/Test/pituitary/1426.jpg",3,pituitary,3,pituitary,0.0046837498,0.0094395168,0.0074176900,0.9784590602
11659,"/kaggle/input/datasets/arafatrahmann/my-data221/Epic and CSCR hospital Dataset/Test/pituitary/1429.jpg",3,pituitary,3,pituitary,0.0079472866,0.0137636261,0.0062304661,0.9720586538
11660,"/kaggle/input/datasets/arafatrahmann/my-data221/Epic and CSCR hospital Dataset/Test/pituitary/1430.jpg",3,pituitary,3,pituitary,0.0047145914,0.0073112459,0.0073589357,0.9806152582
11662,"/kaggle/input/datasets/arafatrahmann/my-data221/Epic and CSCR hospital Dataset/Test/pituitary/1432.jpg",3,pituitary,3,pituitary,0.0052122083,0.0112830736,0.0068622669,0.9766424894
11665,"/kaggle/input/datasets/arafatrahmann/my-data221/Epic and CSCR hospital Dataset/Test/pituitary/1435.jpg",3,pituitary,3,pituitary,0.0053917384,0.0161005594,0.0072063459,0.9713013768
11689,"/kaggle/input/datasets/arafatrahmann/my-data221/Epic and CSCR hospital Dataset/Test/pituitary/1459.jpg",3,pituitary,3,pituitary,0.0049019717,0.0100350203,0.0067378469,0.9783250690
11703,"/kaggle/input/datasets/arafatrahmann/my-data221/Epic and CSCR hospital Dataset/Test/pituitary/1473.jpg",3,pituitary,3,pituitary,0.0096611949,0.0093082432,0.0073275231,0.9737030268
11706,"/kaggle/input/datasets/arafatrahmann/my-data221/Epic and CSCR hospital Dataset/Test/pituitary/1476.jpg",3,pituitary,3,pituitary,0.0050394749,0.0119509231,0.0065434789,0.9764660597
11707,"/kaggle/input/datasets/arafatrahmann/my-data221/Epic and CSCR hospital Dataset/Test/pituitary/1477.jpg",3,pituitary,3,pituitary,0.0046672756,0.0158545561,0.0079219220,0.9715561867
11710,"/kaggle/input/datasets/arafatrahmann/my-data221/Epic and CSCR hospital Dataset/Test/pituitary/1480.jpg",3,pituitary,3,pituitary,0.0051582637,0.0125303539,0.0076548145,0.9746565819
11715,"/kaggle/input/datasets/arafatrahmann/my-data221/Epic and CSCR hospital Dataset/Test/pituitary/1485.jpg",3,pituitary,3,pituitary,0.0045918794,0.0099216150,0.0069560511,0.9785305262
11718,"/kaggle/input/datasets/arafatrahmann/my-data221/Epic and CSCR hospital Dataset/Test/pituitary/1488.jpg",3,pituitary,3,pituitary,0.0063671852,0.0107395574,0.0052193091,0.9776740074
11721,"/kaggle/input/datasets/arafatrahmann/my-data221/Epic and CSCR hospital Dataset/Test/pituitary/1491.jpg",3,pituitary,3,pituitary,0.0046994146,0.0103527000,0.0074193664,0.9775284529
11724,"/kaggle/input/datasets/arafatrahmann/my-data221/Epic and CSCR hospital Dataset/Test/pituitary/1494.jpg",3,pituitary,3,pituitary,0.0043174997,0.0072975396,0.0077445097,0.9806404114
11726,"/kaggle/input/datasets/arafatrahmann/my-data221/Epic and CSCR hospital Dataset/Test/pituitary/1496.jpg",3,pituitary,3,pituitary,0.0048299022,0.0069331587,0.0072501069,0.9809867740
11736,"/kaggle/input/datasets/arafatrahmann/my-data221/Epic and CSCR hospital Dataset/Test/pituitary/1506.jpg",3,pituitary,3,pituitary,0.0044854479,0.0065381303,0.0070179738,0.9819585085
11739,"/kaggle/input/datasets/arafatrahmann/my-data221/Epic and CSCR hospital Dataset/Test/pituitary/1509.jpg",3,pituitary,3,pituitary,0.0048218984,0.0143785551,0.0078479480,0.9729515314
11744,"/kaggle/input/datasets/arafatrahmann/my-data221/Epic and CSCR hospital Dataset/Test/pituitary/1514.jpg",3,pituitary,3,pituitary,0.0045968108,0.0088780923,0.0076109832,0.9789141417
11753,"/kaggle/input/datasets/arafatrahmann/my-data221/Epic and CSCR hospital Dataset/Test/pituitary/1523.jpg",3,pituitary,3,pituitary,0.0049196435,0.0070509748,0.0085321991,0.9794971347
11756,"/kaggle/input/datasets/arafatrahmann/my-data221/Epic and CSCR hospital Dataset/Test/pituitary/1526.jpg",3,pituitary,3,pituitary,0.0050266748,0.0111444546,0.0077384859,0.9760904312
11757,"/kaggle/input/datasets/arafatrahmann/my-data221/Epic and CSCR hospital Dataset/Test/pituitary/1527.jpg",3,pituitary,3,pituitary,0.0047618076,0.0107694920,0.0065737600,0.9778949022
11758,"/kaggle/input/datasets/arafatrahmann/my-data221/Epic and CSCR hospital Dataset/Test/pituitary/1528.jpg",3,pituitary,3,pituitary,0.0043844534,0.0076394379,0.0081251273,0.9798509479
11763,"/kaggle/input/datasets/arafatrahmann/my-data221/Epic and CSCR hospital Dataset/Test/pituitary/1533.jpg",3,pituitary,3,pituitary,0.0044897473,0.0080164066,0.0073306011,0.9801632762
11768,"/kaggle/input/datasets/arafatrahmann/my-data221/Epic and CSCR hospital Dataset/Test/pituitary/1538.jpg",3,pituitary,3,pituitary,0.0059949905,0.0117214918,0.0070985318,0.9751849174
11774,"/kaggle/input/datasets/arafatrahmann/my-data221/Epic and CSCR hospital Dataset/Test/pituitary/1544.jpg",3,pituitary,3,pituitary,0.0044263643,0.0077369921,0.0073517500,0.9804849625
11777,"/kaggle/input/datasets/arafatrahmann/my-data221/Epic and CSCR hospital Dataset/Test/pituitary/1547.jpg",3,pituitary,3,pituitary,0.0047760461,0.0085040778,0.0085256035,0.9781943560
11778,"/kaggle/input/datasets/arafatrahmann/my-data221/Epic and CSCR hospital Dataset/Test/pituitary/1548.jpg",3,pituitary,3,pituitary,0.0076522306,0.0554923713,0.0083704721,0.9284849167
11791,"/kaggle/input/datasets/arafatrahmann/my-data221/Epic and CSCR hospital Dataset/Test/pituitary/1561.jpg",3,pituitary,3,pituitary,0.0046398067,0.0096388515,0.0074084289,0.9783129692
11796,"/kaggle/input/datasets/arafatrahmann/my-data221/Epic and CSCR hospital Dataset/Test/pituitary/1566.jpg",3,pituitary,3,pituitary,0.0045248894,0.0080214236,0.0078952853,0.9795583487
11798,"/kaggle/input/datasets/arafatrahmann/my-data221/Epic and CSCR hospital Dataset/Test/pituitary/1568.jpg",3,pituitary,3,pituitary,0.0132630421,0.0181786884,0.0044405279,0.9641177058
11801,"/kaggle/input/datasets/arafatrahmann/my-data221/Epic and CSCR hospital Dataset/Test/pituitary/1571.jpg",3,pituitary,3,pituitary,0.0070584314,0.0114631932,0.0050265864,0.9764518738
11809,"/kaggle/input/datasets/arafatrahmann/my-data221/Epic and CSCR hospital Dataset/Test/pituitary/1579.jpg",3,pituitary,3,pituitary,0.0050129266,0.0058880812,0.0080621727,0.9810367823
11813,"/kaggle/input/datasets/arafatrahmann/my-data221/Epic and CSCR hospital Dataset/Test/pituitary/1583.jpg",3,pituitary,3,pituitary,0.0044424757,0.0085275015,0.0071247406,0.9799053073
11820,"/kaggle/input/datasets/arafatrahmann/my-data221/Epic and CSCR hospital Dataset/Test/pituitary/1590.jpg",3,pituitary,3,pituitary,0.0048686983,0.0068026409,0.0074032582,0.9809253812
11822,"/kaggle/input/datasets/arafatrahmann/my-data221/Epic and CSCR hospital Dataset/Test/pituitary/1592.jpg",3,pituitary,3,pituitary,0.0068974970,0.0094240885,0.0049437750,0.9787346125
11826,"/kaggle/input/datasets/arafatrahmann/my-data221/Epic and CSCR hospital Dataset/Test/pituitary/1596.jpg",3,pituitary,3,pituitary,0.0048132921,0.0102706179,0.0069115991,0.9780044556
11840,"/kaggle/input/datasets/arafatrahmann/my-data221/Epic and CSCR hospital Dataset/Test/pituitary/1610.jpg",3,pituitary,3,pituitary,0.0046066674,0.0092159342,0.0077023534,0.9784750938
11841,"/kaggle/input/datasets/arafatrahmann/my-data221/Epic and CSCR hospital Dataset/Test/pituitary/1611.jpg",3,pituitary,3,pituitary,0.0053615733,0.0094741257,0.0060690837,0.9790951610
11848,"/kaggle/input/datasets/arafatrahmann/my-data221/Epic and CSCR hospital Dataset/Test/pituitary/1618.jpg",3,pituitary,3,pituitary,0.0059841587,0.0107584763,0.0057784086,0.9774789810
11860,"/kaggle/input/datasets/arafatrahmann/my-data221/Epic and CSCR hospital Dataset/Test/pituitary/1653.jpg",3,pituitary,3,pituitary,0.0046010464,0.0090170037,0.0069241179,0.9794577360
11863,"/kaggle/input/datasets/arafatrahmann/my-data221/Epic and CSCR hospital Dataset/Test/pituitary/1656.jpg",3,pituitary,3,pituitary,0.0046661319,0.0114264246,0.0080223996,0.9758850336
11864,"/kaggle/input/datasets/arafatrahmann/my-data221/Epic and CSCR hospital Dataset/Test/pituitary/1657.jpg",3,pituitary,3,pituitary,0.0047383187,0.0095342342,0.0076451786,0.9780822992
11866,"/kaggle/input/datasets/arafatrahmann/my-data221/Epic and CSCR hospital Dataset/Test/pituitary/image(1).jpg",3,pituitary,3,pituitary,0.0049162107,0.0123658683,0.0073510213,0.9753668904
11873,"/kaggle/input/datasets/arafatrahmann/my-data221/Epic and CSCR hospital Dataset/Test/pituitary/image(2).jpg",3,pituitary,3,pituitary,0.0049124304,0.0123556256,0.0073477402,0.9753842354
11876,"/kaggle/input/datasets/arafatrahmann/my-data221/Epic and CSCR hospital Dataset/Test/pituitary/image(22).jpg",3,pituitary,3,pituitary,0.0049031470,0.0112510622,0.0105914176,0.9732543230
11889,"/kaggle/input/datasets/arafatrahmann/my-data221/Epic and CSCR hospital Dataset/Test/pituitary/image(42).jpg",3,pituitary,3,pituitary,0.0050062342,0.0116885900,0.0082043838,0.9751006961
11890,"/kaggle/input/datasets/arafatrahmann/my-data221/Epic and CSCR hospital Dataset/Test/pituitary/image(43).jpg",3,pituitary,3,pituitary,0.0050071152,0.0116927624,0.0082056643,0.9750944376
11905,"/kaggle/input/datasets/arafatrahmann/my-data221/Epic and CSCR hospital Dataset/Test/pituitary/image(87).jpg",3,pituitary,3,pituitary,0.0060690744,0.0158829987,0.0117974672,0.9662504196
11910,"/kaggle/input/datasets/arafatrahmann/my-data221/Epic and CSCR hospital Dataset/Test/pituitary/image(92).jpg",3,pituitary,3,pituitary,0.0049720146,0.0070498809,0.0086527113,0.9793254137
11926,"/kaggle/input/datasets/arafatrahmann/my-data221/Epic and CSCR hospital Dataset/Test/pituitary/p (366).jpg",3,pituitary,3,pituitary,0.0046094223,0.0073628286,0.0086957663,0.9793320894
11928,"/kaggle/input/datasets/arafatrahmann/my-data221/Epic and CSCR hospital Dataset/Test/pituitary/p (368).jpg",3,pituitary,3,pituitary,0.0053538522,0.0100960145,0.0062305122,0.9783196449
11929,"/kaggle/input/datasets/arafatrahmann/my-data221/Epic and CSCR hospital Dataset/Test/pituitary/p (369).jpg",3,pituitary,3,pituitary,0.0051428536,0.0117195901,0.0065965191,0.9765410423
11943,"/kaggle/input/datasets/arafatrahmann/my-data221/Epic and CSCR hospital Dataset/Test/pituitary/p (381).jpg",3,pituitary,3,pituitary,0.0047681280,0.0073187733,0.0063672899,0.9815458059
11948,"/kaggle/input/datasets/arafatrahmann/my-data221/Epic and CSCR hospital Dataset/Test/pituitary/p (386).jpg",3,pituitary,3,pituitary,0.0046122996,0.0079662651,0.0080639850,0.9793574214
11950,"/kaggle/input/datasets/arafatrahmann/my-data221/Epic and CSCR hospital Dataset/Test/pituitary/p (388).jpg",3,pituitary,3,pituitary,0.0044414662,0.0077448441,0.0075930492,0.9802206159
11963,"/kaggle/input/datasets/arafatrahmann/my-data221/Epic and CSCR hospital Dataset/Test/pituitary/p (4).jpg",3,pituitary,3,pituitary,0.0053099529,0.0103984550,0.0072877533,0.9770037532
11965,"/kaggle/input/datasets/arafatrahmann/my-data221/Epic and CSCR hospital Dataset/Test/pituitary/p (400).jpg",3,pituitary,3,pituitary,0.0047370689,0.0096758353,0.0075098886,0.9780772924
11966,"/kaggle/input/datasets/arafatrahmann/my-data221/Epic and CSCR hospital Dataset/Test/pituitary/p (401).jpg",3,pituitary,3,pituitary,0.0048710802,0.0101148766,0.0065694237,0.9784446955
11972,"/kaggle/input/datasets/arafatrahmann/my-data221/Epic and CSCR hospital Dataset/Test/pituitary/p (407).jpg",3,pituitary,3,pituitary,0.0046104058,0.0098084165,0.0073012575,0.9782798886
11973,"/kaggle/input/datasets/arafatrahmann/my-data221/Epic and CSCR hospital Dataset/Test/pituitary/p (408).jpg",3,pituitary,3,pituitary,0.0046195574,0.0098087853,0.0073078400,0.9782638550
11976,"/kaggle/input/datasets/arafatrahmann/my-data221/Epic and CSCR hospital Dataset/Test/pituitary/p (410).jpg",3,pituitary,3,pituitary,0.0045211101,0.0069985860,0.0082007032,0.9802796245
11982,"/kaggle/input/datasets/arafatrahmann/my-data221/Epic and CSCR hospital Dataset/Test/pituitary/p (416).jpg",3,pituitary,3,pituitary,0.0054369504,0.0141283097,0.0062793517,0.9741553068
11983,"/kaggle/input/datasets/arafatrahmann/my-data221/Epic and CSCR hospital Dataset/Test/pituitary/p (417).jpg",3,pituitary,3,pituitary,0.0051371297,0.0120912567,0.0068148300,0.9759567976
11988,"/kaggle/input/datasets/arafatrahmann/my-data221/Epic and CSCR hospital Dataset/Test/pituitary/p (421).jpg",3,pituitary,3,pituitary,0.0050357780,0.0131676570,0.0072381846,0.9745584726
11997,"/kaggle/input/datasets/arafatrahmann/my-data221/Epic and CSCR hospital Dataset/Test/pituitary/p (43).jpg",3,pituitary,3,pituitary,0.0051238011,0.0072386251,0.0058732447,0.9817644358
12002,"/kaggle/input/datasets/arafatrahmann/my-data221/Epic and CSCR hospital Dataset/Test/pituitary/p (434).jpg",3,pituitary,3,pituitary,0.0043704258,0.0067307381,0.0090036439,0.9798952341
12003,"/kaggle/input/datasets/arafatrahmann/my-data221/Epic and CSCR hospital Dataset/Test/pituitary/p (435).jpg",3,pituitary,3,pituitary,0.0047918470,0.0092648948,0.0071470151,0.9787961841
12004,"/kaggle/input/datasets/arafatrahmann/my-data221/Epic and CSCR hospital Dataset/Test/pituitary/p (436).jpg",3,pituitary,3,pituitary,0.0047852723,0.0099001173,0.0073145060,0.9780000448
12005,"/kaggle/input/datasets/arafatrahmann/my-data221/Epic and CSCR hospital Dataset/Test/pituitary/p (437).jpg",3,pituitary,3,pituitary,0.0048123086,0.0098383138,0.0069144880,0.9784348607
12006,"/kaggle/input/datasets/arafatrahmann/my-data221/Epic and CSCR hospital Dataset/Test/pituitary/p (438).jpg",3,pituitary,3,pituitary,0.0050158799,0.0109012257,0.0062452317,0.9778376818
12008,"/kaggle/input/datasets/arafatrahmann/my-data221/Epic and CSCR hospital Dataset/Test/pituitary/p (44).jpg",3,pituitary,3,pituitary,0.0046999236,0.0072402880,0.0064482838,0.9816115499
12009,"/kaggle/input/datasets/arafatrahmann/my-data221/Epic and CSCR hospital Dataset/Test/pituitary/p (440).jpg",3,pituitary,3,pituitary,0.0068242438,0.0169725232,0.0052898475,0.9709134102
12020,"/kaggle/input/datasets/arafatrahmann/my-data221/Epic and CSCR hospital Dataset/Test/pituitary/p (450).jpg",3,pituitary,3,pituitary,0.0050109425,0.0116676567,0.0068224631,0.9764989018
12023,"/kaggle/input/datasets/arafatrahmann/my-data221/Epic and CSCR hospital Dataset/Test/pituitary/p (453).jpg",3,pituitary,3,pituitary,0.0051765516,0.0113403779,0.0079543907,0.9755287170
12025,"/kaggle/input/datasets/arafatrahmann/my-data221/Epic and CSCR hospital Dataset/Test/pituitary/p (455).jpg",3,pituitary,3,pituitary,0.0048049847,0.0115458276,0.0073447414,0.9763045311
12035,"/kaggle/input/datasets/arafatrahmann/my-data221/Epic and CSCR hospital Dataset/Test/pituitary/p (464).jpg",3,pituitary,3,pituitary,0.0050785849,0.0143971946,0.0070720948,0.9734522104
12040,"/kaggle/input/datasets/arafatrahmann/my-data221/Epic and CSCR hospital Dataset/Test/pituitary/p (469).jpg",3,pituitary,3,pituitary,0.0049993638,0.0084942970,0.0055803037,0.9809261560
12047,"/kaggle/input/datasets/arafatrahmann/my-data221/Epic and CSCR hospital Dataset/Test/pituitary/p (475).jpg",3,pituitary,3,pituitary,0.0043844269,0.0076752612,0.0078358399,0.9801044464
12050,"/kaggle/input/datasets/arafatrahmann/my-data221/Epic and CSCR hospital Dataset/Test/pituitary/p (478).jpg",3,pituitary,3,pituitary,0.0044011879,0.0065718442,0.0073523060,0.9816746712
12057,"/kaggle/input/datasets/arafatrahmann/my-data221/Epic and CSCR hospital Dataset/Test/pituitary/p (51).jpg",3,pituitary,3,pituitary,0.0048909765,0.0098694609,0.0067522400,0.9784873128
12059,"/kaggle/input/datasets/arafatrahmann/my-data221/Epic and CSCR hospital Dataset/Test/pituitary/p (53).jpg",3,pituitary,3,pituitary,0.0045325570,0.0071098208,0.0072813318,0.9810763597
