sample_index,path,true_index,true_class,pred_index,pred_class,prob_glioma,prob_meningioma,prob_notumor,prob_pituitary
0,"/kaggle/input/datasets/arafatrahmann/my-data221/Epic and CSCR hospital Dataset/Train/glioma/G_675_BR_.jpg",0,glioma,0,glioma,0.9840033650,0.0040152129,0.0066217408,0.0053597167
4,"/kaggle/input/datasets/arafatrahmann/my-data221/Epic and CSCR hospital Dataset/Train/glioma/G_704_RO_.jpg",0,glioma,0,glioma,0.9816831350,0.0042699524,0.0066171684,0.0074297721
11,"/kaggle/input/datasets/arafatrahmann/my-data221/Epic and CSCR hospital Dataset/Train/glioma/G_705_RO_.jpg",0,glioma,0,glioma,0.9831126928,0.0040024766,0.0064834161,0.0064013661
12,"/kaggle/input/datasets/arafatrahmann/my-data221/Epic and CSCR hospital Dataset/Train/glioma/G_705_SP_.jpg",0,glioma,0,glioma,0.9817907214,0.0045803245,0.0068814592,0.0067474046
14,"/kaggle/input/datasets/arafatrahmann/my-data221/Epic and CSCR hospital Dataset/Train/glioma/G_706.jpg",0,glioma,0,glioma,0.9829367399,0.0041256817,0.0061785067,0.0067589968
21,"/kaggle/input/datasets/arafatrahmann/my-data221/Epic and CSCR hospital Dataset/Train/glioma/G_707.jpg",0,glioma,0,glioma,0.9815320969,0.0044545271,0.0065592825,0.0074541206
23,"/kaggle/input/datasets/arafatrahmann/my-data221/Epic and CSCR hospital Dataset/Train/glioma/G_707_DA_.jpg",0,glioma,0,glioma,0.9830851555,0.0037678625,0.0067199059,0.0064271046
24,"/kaggle/input/datasets/arafatrahmann/my-data221/Epic and CSCR hospital Dataset/Train/glioma/G_707_HF_.jpg",0,glioma,0,glioma,0.9823372960,0.0042533865,0.0063397484,0.0070696226
38,"/kaggle/input/datasets/arafatrahmann/my-data221/Epic and CSCR hospital Dataset/Train/glioma/G_709_HF_.jpg",0,glioma,0,glioma,0.8048748970,0.1814592183,0.0070980461,0.0065678013
39,"/kaggle/input/datasets/arafatrahmann/my-data221/Epic and CSCR hospital Dataset/Train/glioma/G_709_RO_.jpg",0,glioma,1,meningioma,0.0285043065,0.9584123492,0.0053677261,0.0077156858
42,"/kaggle/input/datasets/arafatrahmann/my-data221/Epic and CSCR hospital Dataset/Train/glioma/G_710.jpg",0,glioma,0,glioma,0.9822151065,0.0042907796,0.0064525856,0.0070415102
43,"/kaggle/input/datasets/arafatrahmann/my-data221/Epic and CSCR hospital Dataset/Train/glioma/G_710_BR_.jpg",0,glioma,0,glioma,0.9834637642,0.0041144704,0.0067196474,0.0057020797
44,"/kaggle/input/datasets/arafatrahmann/my-data221/Epic and CSCR hospital Dataset/Train/glioma/G_710_DA_.jpg",0,glioma,0,glioma,0.9830406904,0.0036623138,0.0069067194,0.0063902214
46,"/kaggle/input/datasets/arafatrahmann/my-data221/Epic and CSCR hospital Dataset/Train/glioma/G_710_RO_.jpg",0,glioma,0,glioma,0.9826925993,0.0040445616,0.0065280274,0.0067347228
47,"/kaggle/input/datasets/arafatrahmann/my-data221/Epic and CSCR hospital Dataset/Train/glioma/G_710_SP_.jpg",0,glioma,1,meningioma,0.0269762874,0.9592434764,0.0049273451,0.0088529047
50,"/kaggle/input/datasets/arafatrahmann/my-data221/Epic and CSCR hospital Dataset/Train/glioma/G_711_BR_.jpg",0,glioma,0,glioma,0.9834076166,0.0039694933,0.0070639276,0.0055590295
54,"/kaggle/input/datasets/arafatrahmann/my-data221/Epic and CSCR hospital Dataset/Train/glioma/G_711_SP_.jpg",0,glioma,0,glioma,0.9816502333,0.0043601184,0.0067299763,0.0072596953
57,"/kaggle/input/datasets/arafatrahmann/my-data221/Epic and CSCR hospital Dataset/Train/glioma/G_712_BR_.jpg",0,glioma,0,glioma,0.9754063487,0.0106702046,0.0080879442,0.0058354121
61,"/kaggle/input/datasets/arafatrahmann/my-data221/Epic and CSCR hospital Dataset/Train/glioma/G_712_SP_.jpg",0,glioma,1,meningioma,0.0572330244,0.9261177778,0.0069150897,0.0097340122
62,"/kaggle/input/datasets/arafatrahmann/my-data221/Epic and CSCR hospital Dataset/Train/glioma/G_712_VF_.jpg",0,glioma,1,meningioma,0.1168723926,0.8686665297,0.0064516612,0.0080094635
69,"/kaggle/input/datasets/arafatrahmann/my-data221/Epic and CSCR hospital Dataset/Train/glioma/G_713_VF_.jpg",0,glioma,0,glioma,0.9826048017,0.0042884443,0.0066628978,0.0064438707
80,"/kaggle/input/datasets/arafatrahmann/my-data221/Epic and CSCR hospital Dataset/Train/glioma/G_715_HF_.jpg",0,glioma,0,glioma,0.9826436043,0.0042111445,0.0064265071,0.0067187073
81,"/kaggle/input/datasets/arafatrahmann/my-data221/Epic and CSCR hospital Dataset/Train/glioma/G_715_RO_.jpg",0,glioma,0,glioma,0.9823958278,0.0040654521,0.0066375039,0.0069012754
84,"/kaggle/input/datasets/arafatrahmann/my-data221/Epic and CSCR hospital Dataset/Train/glioma/G_716.jpg",0,glioma,0,glioma,0.9818701744,0.0042668893,0.0069454759,0.0069175372
85,"/kaggle/input/datasets/arafatrahmann/my-data221/Epic and CSCR hospital Dataset/Train/glioma/G_716_BR_.jpg",0,glioma,0,glioma,0.9830188751,0.0043546734,0.0067638969,0.0058625666
87,"/kaggle/input/datasets/arafatrahmann/my-data221/Epic and CSCR hospital Dataset/Train/glioma/G_716_HF_.jpg",0,glioma,0,glioma,0.9824939966,0.0041383849,0.0067356648,0.0066319779
91,"/kaggle/input/datasets/arafatrahmann/my-data221/Epic and CSCR hospital Dataset/Train/glioma/G_717.jpg",0,glioma,0,glioma,0.9830628633,0.0041296659,0.0066270805,0.0061803209
93,"/kaggle/input/datasets/arafatrahmann/my-data221/Epic and CSCR hospital Dataset/Train/glioma/G_717_DA_.jpg",0,glioma,0,glioma,0.9830135107,0.0036137612,0.0071453028,0.0062274314
99,"/kaggle/input/datasets/arafatrahmann/my-data221/Epic and CSCR hospital Dataset/Train/glioma/G_718_BR_.jpg",0,glioma,0,glioma,0.9833967090,0.0042271921,0.0066828826,0.0056932317
113,"/kaggle/input/datasets/arafatrahmann/my-data221/Epic and CSCR hospital Dataset/Train/glioma/G_720_BR_.jpg",0,glioma,0,glioma,0.9829059839,0.0041779121,0.0068570925,0.0060590124
118,"/kaggle/input/datasets/arafatrahmann/my-data221/Epic and CSCR hospital Dataset/Train/glioma/G_720_VF_.jpg",0,glioma,0,glioma,0.9832555652,0.0037967761,0.0066757994,0.0062718890
125,"/kaggle/input/datasets/arafatrahmann/my-data221/Epic and CSCR hospital Dataset/Train/glioma/G_721_VF_.jpg",0,glioma,0,glioma,0.9827651978,0.0040444098,0.0066504544,0.0065398985
126,"/kaggle/input/datasets/arafatrahmann/my-data221/Epic and CSCR hospital Dataset/Train/glioma/G_722.jpg",0,glioma,0,glioma,0.9816730618,0.0044593839,0.0070206448,0.0068468996
129,"/kaggle/input/datasets/arafatrahmann/my-data221/Epic and CSCR hospital Dataset/Train/glioma/G_722_HF_.jpg",0,glioma,0,glioma,0.9818738103,0.0043367147,0.0070559890,0.0067335181
137,"/kaggle/input/datasets/arafatrahmann/my-data221/Epic and CSCR hospital Dataset/Train/glioma/G_723_RO_.jpg",0,glioma,2,notumor,0.3205617368,0.1037199348,0.5704403520,0.0052779731
138,"/kaggle/input/datasets/arafatrahmann/my-data221/Epic and CSCR hospital Dataset/Train/glioma/G_723_SP_.jpg",0,glioma,0,glioma,0.8186982274,0.1035175472,0.0644438788,0.0133403298
141,"/kaggle/input/datasets/arafatrahmann/my-data221/Epic and CSCR hospital Dataset/Train/glioma/G_724_BR_.jpg",0,glioma,0,glioma,0.9828575253,0.0042986083,0.0070130574,0.0058308351
142,"/kaggle/input/datasets/arafatrahmann/my-data221/Epic and CSCR hospital Dataset/Train/glioma/G_724_DA_.jpg",0,glioma,0,glioma,0.9824684262,0.0037216707,0.0069147372,0.0068951109
145,"/kaggle/input/datasets/arafatrahmann/my-data221/Epic and CSCR hospital Dataset/Train/glioma/G_724_SP_.jpg",0,glioma,3,pituitary,0.0717677101,0.0217463952,0.0071844957,0.8993013501
157,"/kaggle/input/datasets/arafatrahmann/my-data221/Epic and CSCR hospital Dataset/Train/glioma/G_726_HF_.jpg",0,glioma,0,glioma,0.9829937816,0.0038522421,0.0066879787,0.0064660036
160,"/kaggle/input/datasets/arafatrahmann/my-data221/Epic and CSCR hospital Dataset/Train/glioma/G_726_VF_.jpg",0,glioma,0,glioma,0.9835042953,0.0035473197,0.0067024073,0.0062459419
163,"/kaggle/input/datasets/arafatrahmann/my-data221/Epic and CSCR hospital Dataset/Train/glioma/G_727_DA_.jpg",0,glioma,0,glioma,0.9833103418,0.0039121783,0.0068918369,0.0058856965
164,"/kaggle/input/datasets/arafatrahmann/my-data221/Epic and CSCR hospital Dataset/Train/glioma/G_727_HF_.jpg",0,glioma,0,glioma,0.9833690524,0.0036623522,0.0067060366,0.0062625632
165,"/kaggle/input/datasets/arafatrahmann/my-data221/Epic and CSCR hospital Dataset/Train/glioma/G_727_RO_.jpg",0,glioma,0,glioma,0.9835098386,0.0037132720,0.0067337505,0.0060431473
166,"/kaggle/input/datasets/arafatrahmann/my-data221/Epic and CSCR hospital Dataset/Train/glioma/G_727_SP_.jpg",0,glioma,0,glioma,0.9807025790,0.0052006603,0.0071928003,0.0069038817
170,"/kaggle/input/datasets/arafatrahmann/my-data221/Epic and CSCR hospital Dataset/Train/glioma/G_728_DA_.jpg",0,glioma,0,glioma,0.9825826883,0.0036330025,0.0073528565,0.0064314245
174,"/kaggle/input/datasets/arafatrahmann/my-data221/Epic and CSCR hospital Dataset/Train/glioma/G_728_VF_.jpg",0,glioma,0,glioma,0.9836360812,0.0036277645,0.0067014857,0.0060346872
175,"/kaggle/input/datasets/arafatrahmann/my-data221/Epic and CSCR hospital Dataset/Train/glioma/G_729.jpg",0,glioma,0,glioma,0.9826211929,0.0039119385,0.0070143626,0.0064525800
176,"/kaggle/input/datasets/arafatrahmann/my-data221/Epic and CSCR hospital Dataset/Train/glioma/G_729_BR_.jpg",0,glioma,0,glioma,0.9839338064,0.0038596105,0.0068900706,0.0053165695
183,"/kaggle/input/datasets/arafatrahmann/my-data221/Epic and CSCR hospital Dataset/Train/glioma/G_730_BR_.jpg",0,glioma,0,glioma,0.9830740690,0.0041554612,0.0063492460,0.0064212121
190,"/kaggle/input/datasets/arafatrahmann/my-data221/Epic and CSCR hospital Dataset/Train/glioma/G_731_BR_.jpg",0,glioma,0,glioma,0.9840151668,0.0037697987,0.0068002394,0.0054148696
197,"/kaggle/input/datasets/arafatrahmann/my-data221/Epic and CSCR hospital Dataset/Train/glioma/G_732_BR_.jpg",0,glioma,0,glioma,0.9833461642,0.0040215207,0.0064780936,0.0061542331
200,"/kaggle/input/datasets/arafatrahmann/my-data221/Epic and CSCR hospital Dataset/Train/glioma/G_732_RO_.jpg",0,glioma,0,glioma,0.9835106730,0.0037175524,0.0064251805,0.0063466183
204,"/kaggle/input/datasets/arafatrahmann/my-data221/Epic and CSCR hospital Dataset/Train/glioma/G_733_BR_.jpg",0,glioma,0,glioma,0.9838528633,0.0039354190,0.0068271644,0.0053845583
206,"/kaggle/input/datasets/arafatrahmann/my-data221/Epic and CSCR hospital Dataset/Train/glioma/G_733_HF_.jpg",0,glioma,0,glioma,0.9829537272,0.0040817880,0.0068256049,0.0061388924
228,"/kaggle/input/datasets/arafatrahmann/my-data221/Epic and CSCR hospital Dataset/Train/glioma/G_736_RO_.jpg",0,glioma,0,glioma,0.9824612737,0.0043051615,0.0070881858,0.0061453814
229,"/kaggle/input/datasets/arafatrahmann/my-data221/Epic and CSCR hospital Dataset/Train/glioma/G_736_SP_.jpg",0,glioma,0,glioma,0.9828495979,0.0041785948,0.0066243364,0.0063474835
230,"/kaggle/input/datasets/arafatrahmann/my-data221/Epic and CSCR hospital Dataset/Train/glioma/G_736_VF_.jpg",0,glioma,0,glioma,0.9817482829,0.0046783155,0.0072495015,0.0063239657
231,"/kaggle/input/datasets/arafatrahmann/my-data221/Epic and CSCR hospital Dataset/Train/glioma/G_737.jpg",0,glioma,0,glioma,0.9813545346,0.0050296918,0.0073768124,0.0062389998
247,"/kaggle/input/datasets/arafatrahmann/my-data221/Epic and CSCR hospital Dataset/Train/glioma/G_739_DA_.jpg",0,glioma,0,glioma,0.9830564260,0.0036616870,0.0071439580,0.0061378879
250,"/kaggle/input/datasets/arafatrahmann/my-data221/Epic and CSCR hospital Dataset/Train/glioma/G_739_SP_.jpg",0,glioma,0,glioma,0.9821380377,0.0037592973,0.0076353685,0.0064673079
255,"/kaggle/input/datasets/arafatrahmann/my-data221/Epic and CSCR hospital Dataset/Train/glioma/G_740_HF_.jpg",0,glioma,0,glioma,0.9834243655,0.0038170062,0.0066594915,0.0060990155
260,"/kaggle/input/datasets/arafatrahmann/my-data221/Epic and CSCR hospital Dataset/Train/glioma/G_741_BR_.jpg",0,glioma,0,glioma,0.9831529856,0.0042989291,0.0066311522,0.0059169345
261,"/kaggle/input/datasets/arafatrahmann/my-data221/Epic and CSCR hospital Dataset/Train/glioma/G_741_DA_.jpg",0,glioma,0,glioma,0.9835550189,0.0039422358,0.0068093902,0.0056933882
262,"/kaggle/input/datasets/arafatrahmann/my-data221/Epic and CSCR hospital Dataset/Train/glioma/G_741_HF_.jpg",0,glioma,0,glioma,0.9831913710,0.0039421069,0.0066879401,0.0061785593
266,"/kaggle/input/datasets/arafatrahmann/my-data221/Epic and CSCR hospital Dataset/Train/glioma/G_742.jpg",0,glioma,0,glioma,0.9816874266,0.0045045596,0.0062904707,0.0075176195
273,"/kaggle/input/datasets/arafatrahmann/my-data221/Epic and CSCR hospital Dataset/Train/glioma/G_743.jpg",0,glioma,0,glioma,0.9834203720,0.0040016579,0.0065749185,0.0060030338
274,"/kaggle/input/datasets/arafatrahmann/my-data221/Epic and CSCR hospital Dataset/Train/glioma/G_743_BR_.jpg",0,glioma,0,glioma,0.9835793376,0.0041173375,0.0064205839,0.0058827419
276,"/kaggle/input/datasets/arafatrahmann/my-data221/Epic and CSCR hospital Dataset/Train/glioma/G_743_HF_.jpg",0,glioma,0,glioma,0.9830865860,0.0040404573,0.0067241951,0.0061487150
284,"/kaggle/input/datasets/arafatrahmann/my-data221/Epic and CSCR hospital Dataset/Train/glioma/G_744_RO_.jpg",0,glioma,0,glioma,0.9828077555,0.0037302934,0.0070931464,0.0063687116
285,"/kaggle/input/datasets/arafatrahmann/my-data221/Epic and CSCR hospital Dataset/Train/glioma/G_744_SP_.jpg",0,glioma,0,glioma,0.9825347662,0.0037720096,0.0069576623,0.0067354366
293,"/kaggle/input/datasets/arafatrahmann/my-data221/Epic and CSCR hospital Dataset/Train/glioma/G_745_VF_.jpg",0,glioma,0,glioma,0.9773628116,0.0082988171,0.0089966170,0.0053418102
295,"/kaggle/input/datasets/arafatrahmann/my-data221/Epic and CSCR hospital Dataset/Train/glioma/G_746_BR_.jpg",0,glioma,0,glioma,0.9835140109,0.0039394274,0.0065152235,0.0060312734
297,"/kaggle/input/datasets/arafatrahmann/my-data221/Epic and CSCR hospital Dataset/Train/glioma/G_746_HF_.jpg",0,glioma,0,glioma,0.9832509160,0.0038500871,0.0065356875,0.0063632959
300,"/kaggle/input/datasets/arafatrahmann/my-data221/Epic and CSCR hospital Dataset/Train/glioma/G_746_VF_.jpg",0,glioma,0,glioma,0.9831219912,0.0039872015,0.0065462096,0.0063445568
303,"/kaggle/input/datasets/arafatrahmann/my-data221/Epic and CSCR hospital Dataset/Train/glioma/G_747_DA_.jpg",0,glioma,0,glioma,0.9825151563,0.0039476883,0.0072725751,0.0062645832
310,"/kaggle/input/datasets/arafatrahmann/my-data221/Epic and CSCR hospital Dataset/Train/glioma/G_748_DA_.jpg",0,glioma,0,glioma,0.9832228422,0.0036801074,0.0070735337,0.0060235658
321,"/kaggle/input/datasets/arafatrahmann/my-data221/Epic and CSCR hospital Dataset/Train/glioma/G_749_VF_.jpg",0,glioma,0,glioma,0.9829171300,0.0040783505,0.0067298561,0.0062746583
327,"/kaggle/input/datasets/arafatrahmann/my-data221/Epic and CSCR hospital Dataset/Train/glioma/G_750_SP_.jpg",0,glioma,0,glioma,0.9826791883,0.0039750310,0.0070918174,0.0062539531
331,"/kaggle/input/datasets/arafatrahmann/my-data221/Epic and CSCR hospital Dataset/Train/glioma/G_751_DA_.jpg",0,glioma,0,glioma,0.9831320643,0.0036920137,0.0071370853,0.0060387598
338,"/kaggle/input/datasets/arafatrahmann/my-data221/Epic and CSCR hospital Dataset/Train/glioma/G_752_DA_.jpg",0,glioma,0,glioma,0.9835074544,0.0037698571,0.0066848248,0.0060378648
347,"/kaggle/input/datasets/arafatrahmann/my-data221/Epic and CSCR hospital Dataset/Train/glioma/G_753_RO_.jpg",0,glioma,0,glioma,0.9828380346,0.0039825151,0.0065436708,0.0066358284
348,"/kaggle/input/datasets/arafatrahmann/my-data221/Epic and CSCR hospital Dataset/Train/glioma/G_753_SP_.jpg",0,glioma,0,glioma,0.9798948169,0.0055962531,0.0069456534,0.0075632213
364,"/kaggle/input/datasets/arafatrahmann/my-data221/Epic and CSCR hospital Dataset/Train/glioma/G_756.jpg",0,glioma,0,glioma,0.9813650250,0.0056382716,0.0069891713,0.0060075340
365,"/kaggle/input/datasets/arafatrahmann/my-data221/Epic and CSCR hospital Dataset/Train/glioma/G_756_BR_.jpg",0,glioma,0,glioma,0.9825172424,0.0053660432,0.0066187396,0.0054979892
367,"/kaggle/input/datasets/arafatrahmann/my-data221/Epic and CSCR hospital Dataset/Train/glioma/G_756_HF_.jpg",0,glioma,0,glioma,0.9809981585,0.0057790573,0.0071055219,0.0061172671
371,"/kaggle/input/datasets/arafatrahmann/my-data221/Epic and CSCR hospital Dataset/Train/glioma/G_757.jpg",0,glioma,0,glioma,0.9826231003,0.0039863316,0.0064494135,0.0069411113
373,"/kaggle/input/datasets/arafatrahmann/my-data221/Epic and CSCR hospital Dataset/Train/glioma/G_757_DA_.jpg",0,glioma,0,glioma,0.9839024544,0.0036781146,0.0065507093,0.0058687772
374,"/kaggle/input/datasets/arafatrahmann/my-data221/Epic and CSCR hospital Dataset/Train/glioma/G_757_HF_.jpg",0,glioma,0,glioma,0.9831079245,0.0039308961,0.0062998990,0.0066612265
379,"/kaggle/input/datasets/arafatrahmann/my-data221/Epic and CSCR hospital Dataset/Train/glioma/G_758_BR_.jpg",0,glioma,0,glioma,0.9807839394,0.0061026230,0.0069943280,0.0061191120
382,"/kaggle/input/datasets/arafatrahmann/my-data221/Epic and CSCR hospital Dataset/Train/glioma/G_758_RO_.jpg",0,glioma,0,glioma,0.9768460989,0.0065439222,0.0081590693,0.0084508536
383,"/kaggle/input/datasets/arafatrahmann/my-data221/Epic and CSCR hospital Dataset/Train/glioma/G_758_SP_.jpg",0,glioma,0,glioma,0.8892952204,0.0514764376,0.0068447306,0.0523837134
384,"/kaggle/input/datasets/arafatrahmann/my-data221/Epic and CSCR hospital Dataset/Train/glioma/G_758_VF_.jpg",0,glioma,0,glioma,0.9660696983,0.0152772758,0.0078048939,0.0108481254
387,"/kaggle/input/datasets/arafatrahmann/my-data221/Epic and CSCR hospital Dataset/Train/glioma/G_759_DA_.jpg",0,glioma,0,glioma,0.9836438894,0.0038256615,0.0066928687,0.0058376342
388,"/kaggle/input/datasets/arafatrahmann/my-data221/Epic and CSCR hospital Dataset/Train/glioma/G_759_HF_.jpg",0,glioma,0,glioma,0.9831131101,0.0039586490,0.0063889362,0.0065393327
390,"/kaggle/input/datasets/arafatrahmann/my-data221/Epic and CSCR hospital Dataset/Train/glioma/G_759_SP_.jpg",0,glioma,0,glioma,0.9823635221,0.0040290826,0.0066037304,0.0070036487
394,"/kaggle/input/datasets/arafatrahmann/my-data221/Epic and CSCR hospital Dataset/Train/glioma/G_760_DA_.jpg",0,glioma,0,glioma,0.9809422493,0.0046420884,0.0078782514,0.0065374048
398,"/kaggle/input/datasets/arafatrahmann/my-data221/Epic and CSCR hospital Dataset/Train/glioma/G_760_VF_.jpg",0,glioma,0,glioma,0.5423957705,0.4319842756,0.0067749531,0.0188449975
404,"/kaggle/input/datasets/arafatrahmann/my-data221/Epic and CSCR hospital Dataset/Train/glioma/G_761_SP_.jpg",0,glioma,0,glioma,0.9785441160,0.0054818490,0.0065697655,0.0094042616
405,"/kaggle/input/datasets/arafatrahmann/my-data221/Epic and CSCR hospital Dataset/Train/glioma/G_761_VF_.jpg",0,glioma,0,glioma,0.9766127467,0.0071859695,0.0070747272,0.0091264639
409,"/kaggle/input/datasets/arafatrahmann/my-data221/Epic and CSCR hospital Dataset/Train/glioma/G_762_HF_.jpg",0,glioma,0,glioma,0.9822589159,0.0041379547,0.0064411545,0.0071620247
416,"/kaggle/input/datasets/arafatrahmann/my-data221/Epic and CSCR hospital Dataset/Train/glioma/G_763_HF_.jpg",0,glioma,0,glioma,0.9831262827,0.0042189471,0.0062005920,0.0064542145
420,"/kaggle/input/datasets/arafatrahmann/my-data221/Epic and CSCR hospital Dataset/Train/glioma/G_764.jpg",0,glioma,0,glioma,0.9829785228,0.0040964046,0.0063809068,0.0065441341
425,"/kaggle/input/datasets/arafatrahmann/my-data221/Epic and CSCR hospital Dataset/Train/glioma/G_764_SP_.jpg",0,glioma,0,glioma,0.9821763039,0.0044014817,0.0063458169,0.0070764720
432,"/kaggle/input/datasets/arafatrahmann/my-data221/Epic and CSCR hospital Dataset/Train/glioma/G_765_SP_.jpg",0,glioma,0,glioma,0.9825709462,0.0040660338,0.0065309666,0.0068320595
439,"/kaggle/input/datasets/arafatrahmann/my-data221/Epic and CSCR hospital Dataset/Train/glioma/G_766_SP_.jpg",0,glioma,0,glioma,0.9822360277,0.0042069377,0.0063530104,0.0072040288
441,"/kaggle/input/datasets/arafatrahmann/my-data221/Epic and CSCR hospital Dataset/Train/glioma/G_767.jpg",0,glioma,0,glioma,0.9789873362,0.0067372038,0.0066360040,0.0076394328
453,"/kaggle/input/datasets/arafatrahmann/my-data221/Epic and CSCR hospital Dataset/Train/glioma/G_768_SP_.jpg",0,glioma,0,glioma,0.9823780060,0.0042740740,0.0063426867,0.0070052566
455,"/kaggle/input/datasets/arafatrahmann/my-data221/Epic and CSCR hospital Dataset/Train/glioma/G_769.jpg",0,glioma,0,glioma,0.9829916954,0.0040059322,0.0064066099,0.0065957033
460,"/kaggle/input/datasets/arafatrahmann/my-data221/Epic and CSCR hospital Dataset/Train/glioma/G_769_SP_.jpg",0,glioma,0,glioma,0.9821154475,0.0044887881,0.0064284923,0.0069672922
484,"/kaggle/input/datasets/arafatrahmann/my-data221/Epic and CSCR hospital Dataset/Train/glioma/G_773_BR_.jpg",0,glioma,0,glioma,0.9835481644,0.0041956850,0.0064584268,0.0057976833
487,"/kaggle/input/datasets/arafatrahmann/my-data221/Epic and CSCR hospital Dataset/Train/glioma/G_773_RO_.jpg",0,glioma,0,glioma,0.9829607010,0.0039541926,0.0064064763,0.0066786632
495,"/kaggle/input/datasets/arafatrahmann/my-data221/Epic and CSCR hospital Dataset/Train/glioma/G_774_SP_.jpg",0,glioma,0,glioma,0.9819970131,0.0043751867,0.0065458501,0.0070819566
496,"/kaggle/input/datasets/arafatrahmann/my-data221/Epic and CSCR hospital Dataset/Train/glioma/G_774_VF_.jpg",0,glioma,0,glioma,0.9822413325,0.0045529669,0.0066036014,0.0066021308
504,"/kaggle/input/datasets/arafatrahmann/my-data221/Epic and CSCR hospital Dataset/Train/glioma/G_776.jpg",0,glioma,0,glioma,0.9831610918,0.0040520080,0.0063351458,0.0064517260
509,"/kaggle/input/datasets/arafatrahmann/my-data221/Epic and CSCR hospital Dataset/Train/glioma/G_776_SP_.jpg",0,glioma,0,glioma,0.9821522832,0.0044156974,0.0063156076,0.0071164509
511,"/kaggle/input/datasets/arafatrahmann/my-data221/Epic and CSCR hospital Dataset/Train/glioma/G_777.jpg",0,glioma,0,glioma,0.9825568199,0.0042946162,0.0061848671,0.0069637420
513,"/kaggle/input/datasets/arafatrahmann/my-data221/Epic and CSCR hospital Dataset/Train/glioma/G_777_DA_.jpg",0,glioma,0,glioma,0.9833472967,0.0037759810,0.0066707321,0.0062059825
515,"/kaggle/input/datasets/arafatrahmann/my-data221/Epic and CSCR hospital Dataset/Train/glioma/G_777_RO_.jpg",0,glioma,0,glioma,0.9820860624,0.0041714543,0.0064173080,0.0073252744
518,"/kaggle/input/datasets/arafatrahmann/my-data221/Epic and CSCR hospital Dataset/Train/glioma/G_778.jpg",0,glioma,0,glioma,0.9824096560,0.0050781956,0.0064524794,0.0060596289
520,"/kaggle/input/datasets/arafatrahmann/my-data221/Epic and CSCR hospital Dataset/Train/glioma/G_778_DA_.jpg",0,glioma,0,glioma,0.9796142578,0.0056970380,0.0064069419,0.0082817217
522,"/kaggle/input/datasets/arafatrahmann/my-data221/Epic and CSCR hospital Dataset/Train/glioma/G_778_RO_.jpg",0,glioma,0,glioma,0.9815657735,0.0050098957,0.0069724596,0.0064518587
530,"/kaggle/input/datasets/arafatrahmann/my-data221/Epic and CSCR hospital Dataset/Train/glioma/G_779_SP_.jpg",0,glioma,0,glioma,0.9826544523,0.0048504849,0.0069819279,0.0055131433
563,"/kaggle/input/datasets/arafatrahmann/my-data221/Epic and CSCR hospital Dataset/Train/glioma/G_784_HF_.jpg",0,glioma,0,glioma,0.9833062291,0.0040849592,0.0063981144,0.0062107136
573,"/kaggle/input/datasets/arafatrahmann/my-data221/Epic and CSCR hospital Dataset/Train/glioma/G_785_VF_.jpg",0,glioma,0,glioma,0.9815676808,0.0047874562,0.0068081594,0.0068366369
582,"/kaggle/input/datasets/arafatrahmann/my-data221/Epic and CSCR hospital Dataset/Train/glioma/G_787_BR_.jpg",0,glioma,0,glioma,0.9829762578,0.0041765780,0.0066811689,0.0061659720
584,"/kaggle/input/datasets/arafatrahmann/my-data221/Epic and CSCR hospital Dataset/Train/glioma/G_787_HF_.jpg",0,glioma,0,glioma,0.9831112027,0.0041035675,0.0063630841,0.0064221150
585,"/kaggle/input/datasets/arafatrahmann/my-data221/Epic and CSCR hospital Dataset/Train/glioma/G_787_RO_.jpg",0,glioma,0,glioma,0.9837023616,0.0037229669,0.0063749822,0.0061996751
586,"/kaggle/input/datasets/arafatrahmann/my-data221/Epic and CSCR hospital Dataset/Train/glioma/G_787_SP_.jpg",0,glioma,0,glioma,0.9822052717,0.0043395278,0.0064580687,0.0069971643
591,"/kaggle/input/datasets/arafatrahmann/my-data221/Epic and CSCR hospital Dataset/Train/glioma/G_788_HF_.jpg",0,glioma,0,glioma,0.9831107855,0.0041082539,0.0063592112,0.0064217309
599,"/kaggle/input/datasets/arafatrahmann/my-data221/Epic and CSCR hospital Dataset/Train/glioma/G_789_RO_.jpg",0,glioma,0,glioma,0.9834810495,0.0038041170,0.0064334557,0.0062813694
600,"/kaggle/input/datasets/arafatrahmann/my-data221/Epic and CSCR hospital Dataset/Train/glioma/G_789_SP_.jpg",0,glioma,0,glioma,0.9821594357,0.0043042004,0.0063715903,0.0071648164
601,"/kaggle/input/datasets/arafatrahmann/my-data221/Epic and CSCR hospital Dataset/Train/glioma/G_789_VF_.jpg",0,glioma,0,glioma,0.9827979207,0.0039341790,0.0064784056,0.0067895376
607,"/kaggle/input/datasets/arafatrahmann/my-data221/Epic and CSCR hospital Dataset/Train/glioma/G_790_SP_.jpg",0,glioma,0,glioma,0.9669027328,0.0203206483,0.0081009613,0.0046756677
608,"/kaggle/input/datasets/arafatrahmann/my-data221/Epic and CSCR hospital Dataset/Train/glioma/G_790_VF_.jpg",0,glioma,0,glioma,0.7768667936,0.2090039253,0.0087602939,0.0053689899
609,"/kaggle/input/datasets/arafatrahmann/my-data221/Epic and CSCR hospital Dataset/Train/glioma/G_791.jpg",0,glioma,0,glioma,0.9826722145,0.0042807451,0.0061117047,0.0069353892
610,"/kaggle/input/datasets/arafatrahmann/my-data221/Epic and CSCR hospital Dataset/Train/glioma/G_791_BR_.jpg",0,glioma,0,glioma,0.9835222960,0.0041579818,0.0064160312,0.0059036245
616,"/kaggle/input/datasets/arafatrahmann/my-data221/Epic and CSCR hospital Dataset/Train/glioma/G_792.jpg",0,glioma,0,glioma,0.9825046659,0.0042286189,0.0065144235,0.0067522759
619,"/kaggle/input/datasets/arafatrahmann/my-data221/Epic and CSCR hospital Dataset/Train/glioma/G_792_HF_.jpg",0,glioma,0,glioma,0.9824196696,0.0043201535,0.0064957142,0.0067644543
625,"/kaggle/input/datasets/arafatrahmann/my-data221/Epic and CSCR hospital Dataset/Train/glioma/G_793_DA_.jpg",0,glioma,0,glioma,0.9833742380,0.0037723687,0.0066833408,0.0061701345
634,"/kaggle/input/datasets/arafatrahmann/my-data221/Epic and CSCR hospital Dataset/Train/glioma/G_794_RO_.jpg",0,glioma,0,glioma,0.9828136563,0.0039269282,0.0066854311,0.0065739700
635,"/kaggle/input/datasets/arafatrahmann/my-data221/Epic and CSCR hospital Dataset/Train/glioma/G_794_SP_.jpg",0,glioma,0,glioma,0.9824738503,0.0041291406,0.0061096987,0.0072872960
637,"/kaggle/input/datasets/arafatrahmann/my-data221/Epic and CSCR hospital Dataset/Train/glioma/G_795.jpg",0,glioma,0,glioma,0.9817895889,0.0045998311,0.0067015802,0.0069090156
642,"/kaggle/input/datasets/arafatrahmann/my-data221/Epic and CSCR hospital Dataset/Train/glioma/G_795_SP_.jpg",0,glioma,0,glioma,0.9822084308,0.0044694087,0.0063997833,0.0069223708
645,"/kaggle/input/datasets/arafatrahmann/my-data221/Epic and CSCR hospital Dataset/Train/glioma/G_796_BR_.jpg",0,glioma,0,glioma,0.9833160639,0.0043309154,0.0063595236,0.0059935646
651,"/kaggle/input/datasets/arafatrahmann/my-data221/Epic and CSCR hospital Dataset/Train/glioma/G_797.jpg",0,glioma,0,glioma,0.9821906090,0.0042723268,0.0064360537,0.0071010003
652,"/kaggle/input/datasets/arafatrahmann/my-data221/Epic and CSCR hospital Dataset/Train/glioma/G_797_BR_.jpg",0,glioma,0,glioma,0.9833930731,0.0041966410,0.0062722587,0.0061380649
654,"/kaggle/input/datasets/arafatrahmann/my-data221/Epic and CSCR hospital Dataset/Train/glioma/G_797_HF_.jpg",0,glioma,0,glioma,0.9821068048,0.0042647482,0.0063944771,0.0072339391
655,"/kaggle/input/datasets/arafatrahmann/my-data221/Epic and CSCR hospital Dataset/Train/glioma/G_797_RO_.jpg",0,glioma,0,glioma,0.9833130836,0.0039308858,0.0062796148,0.0064765154
657,"/kaggle/input/datasets/arafatrahmann/my-data221/Epic and CSCR hospital Dataset/Train/glioma/G_797_VF_.jpg",0,glioma,0,glioma,0.9820659757,0.0041962005,0.0062345127,0.0075033219
677,"/kaggle/input/datasets/arafatrahmann/my-data221/Epic and CSCR hospital Dataset/Train/glioma/G_800_SP_.jpg",0,glioma,0,glioma,0.9807260633,0.0048899390,0.0063837906,0.0080002304
680,"/kaggle/input/datasets/arafatrahmann/my-data221/Epic and CSCR hospital Dataset/Train/glioma/G_801_BR_.jpg",0,glioma,0,glioma,0.8000699282,0.1864912808,0.0067875432,0.0066513382
687,"/kaggle/input/datasets/arafatrahmann/my-data221/Epic and CSCR hospital Dataset/Train/glioma/G_802_BR_.jpg",0,glioma,0,glioma,0.9827663302,0.0043313685,0.0065881498,0.0063140942
692,"/kaggle/input/datasets/arafatrahmann/my-data221/Epic and CSCR hospital Dataset/Train/glioma/G_802_VF_.jpg",0,glioma,0,glioma,0.9823277593,0.0041432893,0.0062346384,0.0072943084
696,"/kaggle/input/datasets/arafatrahmann/my-data221/Epic and CSCR hospital Dataset/Train/glioma/G_803_HF_.jpg",0,glioma,0,glioma,0.9817655683,0.0047854716,0.0062457537,0.0072032576
697,"/kaggle/input/datasets/arafatrahmann/my-data221/Epic and CSCR hospital Dataset/Train/glioma/G_803_RO_.jpg",0,glioma,0,glioma,0.9824129343,0.0042786235,0.0061462438,0.0071622194
704,"/kaggle/input/datasets/arafatrahmann/my-data221/Epic and CSCR hospital Dataset/Train/glioma/G_804_RO_.jpg",0,glioma,0,glioma,0.9831241369,0.0039174920,0.0064235725,0.0065348400
706,"/kaggle/input/datasets/arafatrahmann/my-data221/Epic and CSCR hospital Dataset/Train/glioma/G_804_VF_.jpg",0,glioma,0,glioma,0.9824185371,0.0041071656,0.0063045719,0.0071696998
708,"/kaggle/input/datasets/arafatrahmann/my-data221/Epic and CSCR hospital Dataset/Train/glioma/G_805_BR_.jpg",0,glioma,0,glioma,0.9828643799,0.0047838115,0.0069150813,0.0054366654
713,"/kaggle/input/datasets/arafatrahmann/my-data221/Epic and CSCR hospital Dataset/Train/glioma/G_805_VF_.jpg",0,glioma,0,glioma,0.9823502302,0.0046899868,0.0067888931,0.0061708828
717,"/kaggle/input/datasets/arafatrahmann/my-data221/Epic and CSCR hospital Dataset/Train/glioma/G_806_HF_.jpg",0,glioma,0,glioma,0.9821139574,0.0045183618,0.0066699879,0.0066975914
719,"/kaggle/input/datasets/arafatrahmann/my-data221/Epic and CSCR hospital Dataset/Train/glioma/G_806_SP_.jpg",0,glioma,0,glioma,0.9770290256,0.0082460064,0.0072621754,0.0074628247
723,"/kaggle/input/datasets/arafatrahmann/my-data221/Epic and CSCR hospital Dataset/Train/glioma/G_807_DA_.jpg",0,glioma,0,glioma,0.9831506014,0.0040215226,0.0067540272,0.0060739079
725,"/kaggle/input/datasets/arafatrahmann/my-data221/Epic and CSCR hospital Dataset/Train/glioma/G_807_RO_.jpg",0,glioma,0,glioma,0.9820624590,0.0041828291,0.0067889742,0.0069657406
729,"/kaggle/input/datasets/arafatrahmann/my-data221/Epic and CSCR hospital Dataset/Train/glioma/G_808_BR_.jpg",0,glioma,0,glioma,0.9826759100,0.0044488311,0.0066392357,0.0062359944
731,"/kaggle/input/datasets/arafatrahmann/my-data221/Epic and CSCR hospital Dataset/Train/glioma/G_808_HF_.jpg",0,glioma,0,glioma,0.9823824763,0.0045140153,0.0063797114,0.0067238547
739,"/kaggle/input/datasets/arafatrahmann/my-data221/Epic and CSCR hospital Dataset/Train/glioma/G_809_RO_.jpg",0,glioma,0,glioma,0.9820197821,0.0043259980,0.0068799914,0.0067741238
741,"/kaggle/input/datasets/arafatrahmann/my-data221/Epic and CSCR hospital Dataset/Train/glioma/G_809_VF_.jpg",0,glioma,0,glioma,0.9824737310,0.0042215101,0.0062850141,0.0070198141
742,"/kaggle/input/datasets/arafatrahmann/my-data221/Epic and CSCR hospital Dataset/Train/glioma/G_810.jpg",0,glioma,0,glioma,0.9825643301,0.0041604778,0.0064680255,0.0068070106
749,"/kaggle/input/datasets/arafatrahmann/my-data221/Epic and CSCR hospital Dataset/Train/glioma/G_811.jpg",0,glioma,0,glioma,0.9827618599,0.0045728208,0.0067409701,0.0059244167
755,"/kaggle/input/datasets/arafatrahmann/my-data221/Epic and CSCR hospital Dataset/Train/glioma/G_811_VF_.jpg",0,glioma,0,glioma,0.9810172915,0.0051679225,0.0071268477,0.0066879196
761,"/kaggle/input/datasets/arafatrahmann/my-data221/Epic and CSCR hospital Dataset/Train/glioma/G_812_SP_.jpg",0,glioma,0,glioma,0.9810754061,0.0060090255,0.0069326251,0.0059829801
765,"/kaggle/input/datasets/arafatrahmann/my-data221/Epic and CSCR hospital Dataset/Train/glioma/G_813_DA_.jpg",0,glioma,0,glioma,0.9833559990,0.0036746282,0.0066950978,0.0062743016
769,"/kaggle/input/datasets/arafatrahmann/my-data221/Epic and CSCR hospital Dataset/Train/glioma/G_813_VF_.jpg",0,glioma,0,glioma,0.9818578959,0.0042004902,0.0066732727,0.0072683683
770,"/kaggle/input/datasets/arafatrahmann/my-data221/Epic and CSCR hospital Dataset/Train/glioma/G_814.jpg",0,glioma,0,glioma,0.9827529192,0.0041694581,0.0064070583,0.0066706031
776,"/kaggle/input/datasets/arafatrahmann/my-data221/Epic and CSCR hospital Dataset/Train/glioma/G_814_VF_.jpg",0,glioma,0,glioma,0.9824512601,0.0042645950,0.0064386302,0.0068455143
782,"/kaggle/input/datasets/arafatrahmann/my-data221/Epic and CSCR hospital Dataset/Train/glioma/G_815_SP_.jpg",0,glioma,0,glioma,0.9827141762,0.0041868226,0.0063252104,0.0067737573
785,"/kaggle/input/datasets/arafatrahmann/my-data221/Epic and CSCR hospital Dataset/Train/glioma/G_816_BR_.jpg",0,glioma,0,glioma,0.9832506180,0.0043222541,0.0066240258,0.0058032237
787,"/kaggle/input/datasets/arafatrahmann/my-data221/Epic and CSCR hospital Dataset/Train/glioma/G_816_HF_.jpg",0,glioma,0,glioma,0.9823290110,0.0043351008,0.0064935149,0.0068424628
788,"/kaggle/input/datasets/arafatrahmann/my-data221/Epic and CSCR hospital Dataset/Train/glioma/G_816_RO_.jpg",0,glioma,0,glioma,0.9834251404,0.0041318825,0.0063153738,0.0061276583
805,"/kaggle/input/datasets/arafatrahmann/my-data221/Epic and CSCR hospital Dataset/Train/glioma/G_819.jpg",0,glioma,0,glioma,0.9821957350,0.0044419062,0.0070317225,0.0063306550
806,"/kaggle/input/datasets/arafatrahmann/my-data221/Epic and CSCR hospital Dataset/Train/glioma/G_819_BR_.jpg",0,glioma,0,glioma,0.9831945300,0.0043548229,0.0069682659,0.0054823318
811,"/kaggle/input/datasets/arafatrahmann/my-data221/Epic and CSCR hospital Dataset/Train/glioma/G_819_VF_.jpg",0,glioma,0,glioma,0.9793455005,0.0067369491,0.0076258294,0.0062916959
814,"/kaggle/input/datasets/arafatrahmann/my-data221/Epic and CSCR hospital Dataset/Train/glioma/G_820_DA_.jpg",0,glioma,0,glioma,0.9829395413,0.0040875771,0.0070352270,0.0059376182
826,"/kaggle/input/datasets/arafatrahmann/my-data221/Epic and CSCR hospital Dataset/Train/glioma/G_822.jpg",0,glioma,0,glioma,0.9825932384,0.0046387538,0.0067972690,0.0059707342
832,"/kaggle/input/datasets/arafatrahmann/my-data221/Epic and CSCR hospital Dataset/Train/glioma/G_822_VF_.jpg",0,glioma,0,glioma,0.9005478621,0.0846231878,0.0077103660,0.0071185296
837,"/kaggle/input/datasets/arafatrahmann/my-data221/Epic and CSCR hospital Dataset/Train/glioma/G_823_RO_.jpg",0,glioma,0,glioma,0.9832940102,0.0038301114,0.0066847713,0.0061910911
839,"/kaggle/input/datasets/arafatrahmann/my-data221/Epic and CSCR hospital Dataset/Train/glioma/G_823_VF_.jpg",0,glioma,0,glioma,0.9830811620,0.0038094209,0.0067877681,0.0063217110
841,"/kaggle/input/datasets/arafatrahmann/my-data221/Epic and CSCR hospital Dataset/Train/glioma/G_824_BR_.jpg",0,glioma,0,glioma,0.9829395413,0.0041606068,0.0068758652,0.0060240268
844,"/kaggle/input/datasets/arafatrahmann/my-data221/Epic and CSCR hospital Dataset/Train/glioma/G_824_RO_.jpg",0,glioma,0,glioma,0.9828925133,0.0039624632,0.0069239726,0.0062210620
851,"/kaggle/input/datasets/arafatrahmann/my-data221/Epic and CSCR hospital Dataset/Train/glioma/G_825_RO_.jpg",0,glioma,0,glioma,0.9826608896,0.0040004356,0.0062605999,0.0070780949
858,"/kaggle/input/datasets/arafatrahmann/my-data221/Epic and CSCR hospital Dataset/Train/glioma/G_826_RO_.jpg",0,glioma,0,glioma,0.9830250740,0.0040803128,0.0062710457,0.0066234781
863,"/kaggle/input/datasets/arafatrahmann/my-data221/Epic and CSCR hospital Dataset/Train/glioma/G_827_DA_.jpg",0,glioma,0,glioma,0.9828212857,0.0038938764,0.0069321403,0.0063526453
864,"/kaggle/input/datasets/arafatrahmann/my-data221/Epic and CSCR hospital Dataset/Train/glioma/G_827_HF_.jpg",0,glioma,0,glioma,0.9827134013,0.0041526454,0.0063381651,0.0067957332
866,"/kaggle/input/datasets/arafatrahmann/my-data221/Epic and CSCR hospital Dataset/Train/glioma/G_827_SP_.jpg",0,glioma,0,glioma,0.9825021029,0.0040920060,0.0065249475,0.0068810061
867,"/kaggle/input/datasets/arafatrahmann/my-data221/Epic and CSCR hospital Dataset/Train/glioma/G_827_VF_.jpg",0,glioma,0,glioma,0.9811097383,0.0047199582,0.0069913333,0.0071789837
875,"/kaggle/input/datasets/arafatrahmann/my-data221/Epic and CSCR hospital Dataset/Train/glioma/G_829.jpg",0,glioma,0,glioma,0.9823979139,0.0040339674,0.0062347492,0.0073334179
881,"/kaggle/input/datasets/arafatrahmann/my-data221/Epic and CSCR hospital Dataset/Train/glioma/G_829_VF_.jpg",0,glioma,0,glioma,0.9802755117,0.0042866785,0.0056640725,0.0097737722
888,"/kaggle/input/datasets/arafatrahmann/my-data221/Epic and CSCR hospital Dataset/Train/glioma/G_830_VF_.jpg",0,glioma,0,glioma,0.8154326677,0.0037439973,0.0049251909,0.1758981198
890,"/kaggle/input/datasets/arafatrahmann/my-data221/Epic and CSCR hospital Dataset/Train/glioma/G_831_BR_.jpg",0,glioma,0,glioma,0.9838164449,0.0040409812,0.0065521961,0.0055903620
891,"/kaggle/input/datasets/arafatrahmann/my-data221/Epic and CSCR hospital Dataset/Train/glioma/G_831_DA_.jpg",0,glioma,0,glioma,0.9832291603,0.0037478697,0.0069511347,0.0060718348
899,"/kaggle/input/datasets/arafatrahmann/my-data221/Epic and CSCR hospital Dataset/Train/glioma/G_832_HF_.jpg",0,glioma,0,glioma,0.9825693965,0.0042290422,0.0065725641,0.0066289790
902,"/kaggle/input/datasets/arafatrahmann/my-data221/Epic and CSCR hospital Dataset/Train/glioma/G_832_VF_.jpg",0,glioma,0,glioma,0.9816242456,0.0046107294,0.0069248555,0.0068402379
903,"/kaggle/input/datasets/arafatrahmann/my-data221/Epic and CSCR hospital Dataset/Train/glioma/G_833.jpg",0,glioma,0,glioma,0.9824595451,0.0042177094,0.0065532075,0.0067695631
905,"/kaggle/input/datasets/arafatrahmann/my-data221/Epic and CSCR hospital Dataset/Train/glioma/G_833_DA_.jpg",0,glioma,0,glioma,0.9834907651,0.0037533038,0.0067913583,0.0059644966
906,"/kaggle/input/datasets/arafatrahmann/my-data221/Epic and CSCR hospital Dataset/Train/glioma/G_833_HF_.jpg",0,glioma,0,glioma,0.9821389914,0.0041659670,0.0066909268,0.0070040068
907,"/kaggle/input/datasets/arafatrahmann/my-data221/Epic and CSCR hospital Dataset/Train/glioma/G_833_RO_.jpg",0,glioma,0,glioma,0.9829634428,0.0039844485,0.0065062819,0.0065457635
914,"/kaggle/input/datasets/arafatrahmann/my-data221/Epic and CSCR hospital Dataset/Train/glioma/G_834_RO_.jpg",0,glioma,1,meningioma,0.0439406075,0.9431977272,0.0056601763,0.0072015538
917,"/kaggle/input/datasets/arafatrahmann/my-data221/Epic and CSCR hospital Dataset/Train/glioma/G_835.jpg",0,glioma,0,glioma,0.9825277328,0.0039867843,0.0066481726,0.0068372102
918,"/kaggle/input/datasets/arafatrahmann/my-data221/Epic and CSCR hospital Dataset/Train/glioma/G_835_BR_.jpg",0,glioma,0,glioma,0.9828881025,0.0042346264,0.0067127361,0.0061645154
926,"/kaggle/input/datasets/arafatrahmann/my-data221/Epic and CSCR hospital Dataset/Train/glioma/G_836_DA_.jpg",0,glioma,0,glioma,0.9837479591,0.0037713412,0.0065970831,0.0058836071
929,"/kaggle/input/datasets/arafatrahmann/my-data221/Epic and CSCR hospital Dataset/Train/glioma/G_836_SP_.jpg",0,glioma,0,glioma,0.9825029373,0.0043841088,0.0065377639,0.0065751546
938,"/kaggle/input/datasets/arafatrahmann/my-data221/Epic and CSCR hospital Dataset/Train/glioma/G_838.jpg",0,glioma,0,glioma,0.9824751616,0.0043684198,0.0067783333,0.0063780076
941,"/kaggle/input/datasets/arafatrahmann/my-data221/Epic and CSCR hospital Dataset/Train/glioma/G_838_HF_.jpg",0,glioma,0,glioma,0.9832415581,0.0042839833,0.0064671347,0.0060073016
943,"/kaggle/input/datasets/arafatrahmann/my-data221/Epic and CSCR hospital Dataset/Train/glioma/G_838_SP_.jpg",0,glioma,0,glioma,0.9822877645,0.0041782735,0.0065242439,0.0070097460
951,"/kaggle/input/datasets/arafatrahmann/my-data221/Epic and CSCR hospital Dataset/Train/glioma/G_839_VF_.jpg",0,glioma,0,glioma,0.9805610776,0.0053136414,0.0068764100,0.0072488436
955,"/kaggle/input/datasets/arafatrahmann/my-data221/Epic and CSCR hospital Dataset/Train/glioma/G_840_HF_.jpg",0,glioma,0,glioma,0.9821721911,0.0046094465,0.0063233161,0.0068949275
963,"/kaggle/input/datasets/arafatrahmann/my-data221/Epic and CSCR hospital Dataset/Train/glioma/G_841_RO_.jpg",0,glioma,0,glioma,0.9825237989,0.0040110676,0.0063943677,0.0070706382
969,"/kaggle/input/datasets/arafatrahmann/my-data221/Epic and CSCR hospital Dataset/Train/glioma/G_842_HF_.jpg",0,glioma,0,glioma,0.9824226499,0.0040286263,0.0069596404,0.0065890430
970,"/kaggle/input/datasets/arafatrahmann/my-data221/Epic and CSCR hospital Dataset/Train/glioma/G_842_RO_.jpg",0,glioma,0,glioma,0.9826667905,0.0038763389,0.0069440082,0.0065129213
973,"/kaggle/input/datasets/arafatrahmann/my-data221/Epic and CSCR hospital Dataset/Train/glioma/G_843.jpg",0,glioma,0,glioma,0.9821612239,0.0043278225,0.0070876493,0.0064233528
977,"/kaggle/input/datasets/arafatrahmann/my-data221/Epic and CSCR hospital Dataset/Train/glioma/G_843_RO_.jpg",0,glioma,0,glioma,0.9830076098,0.0040637637,0.0068489006,0.0060797660
979,"/kaggle/input/datasets/arafatrahmann/my-data221/Epic and CSCR hospital Dataset/Train/glioma/G_843_VF_.jpg",0,glioma,0,glioma,0.9826062918,0.0046269754,0.0067376355,0.0060291206
1004,"/kaggle/input/datasets/arafatrahmann/my-data221/Epic and CSCR hospital Dataset/Train/glioma/G_847_HF_.jpg",0,glioma,0,glioma,0.9822713137,0.0048576640,0.0068974472,0.0059735933
1022,"/kaggle/input/datasets/arafatrahmann/my-data221/Epic and CSCR hospital Dataset/Train/glioma/G_850.jpg",0,glioma,0,glioma,0.9819990396,0.0042882254,0.0063568703,0.0073558530
1044,"/kaggle/input/datasets/arafatrahmann/my-data221/Epic and CSCR hospital Dataset/Train/glioma/G_853_BR_.jpg",0,glioma,0,glioma,0.9828498960,0.0041047591,0.0064759003,0.0065695294
1046,"/kaggle/input/datasets/arafatrahmann/my-data221/Epic and CSCR hospital Dataset/Train/glioma/G_853_HF_.jpg",0,glioma,0,glioma,0.9824061394,0.0041576419,0.0064672665,0.0069689737
1058,"/kaggle/input/datasets/arafatrahmann/my-data221/Epic and CSCR hospital Dataset/Train/glioma/G_855_BR_.jpg",0,glioma,0,glioma,0.9833688736,0.0040907688,0.0064449585,0.0060954005
1062,"/kaggle/input/datasets/arafatrahmann/my-data221/Epic and CSCR hospital Dataset/Train/glioma/G_855_SP_.jpg",0,glioma,0,glioma,0.9821584821,0.0043240655,0.0063559613,0.0071614743
1069,"/kaggle/input/datasets/arafatrahmann/my-data221/Epic and CSCR hospital Dataset/Train/glioma/G_856_SP_.jpg",0,glioma,0,glioma,0.9825887680,0.0043943389,0.0063941963,0.0066226711
1071,"/kaggle/input/datasets/arafatrahmann/my-data221/Epic and CSCR hospital Dataset/Train/glioma/G_857.jpg",0,glioma,0,glioma,0.9819943309,0.0041852016,0.0063624517,0.0074579874
1074,"/kaggle/input/datasets/arafatrahmann/my-data221/Epic and CSCR hospital Dataset/Train/glioma/G_857_HF_.jpg",0,glioma,0,glioma,0.9822748303,0.0043769656,0.0062219119,0.0071263826
1079,"/kaggle/input/datasets/arafatrahmann/my-data221/Epic and CSCR hospital Dataset/Train/glioma/G_858_BR_.jpg",0,glioma,0,glioma,0.9835418463,0.0041016228,0.0066040019,0.0057525551
1081,"/kaggle/input/datasets/arafatrahmann/my-data221/Epic and CSCR hospital Dataset/Train/glioma/G_858_HF_.jpg",0,glioma,0,glioma,0.9829705358,0.0041548312,0.0062002055,0.0066744657
1082,"/kaggle/input/datasets/arafatrahmann/my-data221/Epic and CSCR hospital Dataset/Train/glioma/G_858_RO_.jpg",0,glioma,0,glioma,0.9824093580,0.0039332644,0.0063666897,0.0072906218
1083,"/kaggle/input/datasets/arafatrahmann/my-data221/Epic and CSCR hospital Dataset/Train/glioma/G_858_SP_.jpg",0,glioma,0,glioma,0.9815737009,0.0043154443,0.0066084331,0.0075023496
1084,"/kaggle/input/datasets/arafatrahmann/my-data221/Epic and CSCR hospital Dataset/Train/glioma/G_858_VF_.jpg",0,glioma,0,glioma,0.9813053012,0.0046082470,0.0066957818,0.0073907063
1089,"/kaggle/input/datasets/arafatrahmann/my-data221/Epic and CSCR hospital Dataset/Train/glioma/G_859_RO_.jpg",0,glioma,0,glioma,0.9808403254,0.0050232494,0.0074557350,0.0066806548
1096,"/kaggle/input/datasets/arafatrahmann/my-data221/Epic and CSCR hospital Dataset/Train/glioma/G_860.jpg",0,glioma,0,glioma,0.9830223918,0.0039691827,0.0062872246,0.0067212777
1101,"/kaggle/input/datasets/arafatrahmann/my-data221/Epic and CSCR hospital Dataset/Train/glioma/G_860_SP_.jpg",0,glioma,0,glioma,0.9827646017,0.0041639493,0.0063636824,0.0067077214
1102,"/kaggle/input/datasets/arafatrahmann/my-data221/Epic and CSCR hospital Dataset/Train/glioma/G_860_VF_.jpg",0,glioma,0,glioma,0.9827237129,0.0039756759,0.0064319386,0.0068686707
1106,"/kaggle/input/datasets/arafatrahmann/my-data221/Epic and CSCR hospital Dataset/Train/glioma/G_861_HF_.jpg",0,glioma,0,glioma,0.9817973971,0.0047281566,0.0062387055,0.0072358386
1110,"/kaggle/input/datasets/arafatrahmann/my-data221/Epic and CSCR hospital Dataset/Train/glioma/G_862.jpg",0,glioma,0,glioma,0.9821643829,0.0044342116,0.0062930821,0.0071083270
1111,"/kaggle/input/datasets/arafatrahmann/my-data221/Epic and CSCR hospital Dataset/Train/glioma/G_862_BR_.jpg",0,glioma,0,glioma,0.9835876226,0.0042855488,0.0064206184,0.0057061790
1113,"/kaggle/input/datasets/arafatrahmann/my-data221/Epic and CSCR hospital Dataset/Train/glioma/G_862_HF_.jpg",0,glioma,0,glioma,0.9820397496,0.0044743256,0.0063283192,0.0071576373
1115,"/kaggle/input/datasets/arafatrahmann/my-data221/Epic and CSCR hospital Dataset/Train/glioma/G_862_SP_.jpg",0,glioma,0,glioma,0.9807580113,0.0049947472,0.0065293885,0.0077178320
1116,"/kaggle/input/datasets/arafatrahmann/my-data221/Epic and CSCR hospital Dataset/Train/glioma/G_862_VF_.jpg",0,glioma,0,glioma,0.9811255336,0.0049828682,0.0064463587,0.0074451314
1123,"/kaggle/input/datasets/arafatrahmann/my-data221/Epic and CSCR hospital Dataset/Train/glioma/G_863_VF_.jpg",0,glioma,0,glioma,0.9815191031,0.0049779462,0.0063031963,0.0071997694
1144,"/kaggle/input/datasets/arafatrahmann/my-data221/Epic and CSCR hospital Dataset/Train/glioma/G_866_VF_.jpg",0,glioma,0,glioma,0.9812355042,0.0047844234,0.0062568253,0.0077232332
1145,"/kaggle/input/datasets/arafatrahmann/my-data221/Epic and CSCR hospital Dataset/Train/glioma/G_867.jpg",0,glioma,0,glioma,0.9825246930,0.0043902905,0.0062308079,0.0068541663
1153,"/kaggle/input/datasets/arafatrahmann/my-data221/Epic and CSCR hospital Dataset/Train/glioma/G_868_BR_.jpg",0,glioma,0,glioma,0.9832878113,0.0040921895,0.0064042159,0.0062157693
1155,"/kaggle/input/datasets/arafatrahmann/my-data221/Epic and CSCR hospital Dataset/Train/glioma/G_868_HF_.jpg",0,glioma,0,glioma,0.9812570810,0.0043596998,0.0066294847,0.0077536562
1156,"/kaggle/input/datasets/arafatrahmann/my-data221/Epic and CSCR hospital Dataset/Train/glioma/G_868_RO_.jpg",0,glioma,0,glioma,0.9777161479,0.0046832673,0.0059826109,0.0116179464
1158,"/kaggle/input/datasets/arafatrahmann/my-data221/Epic and CSCR hospital Dataset/Train/glioma/G_868_VF_.jpg",0,glioma,0,glioma,0.9811437726,0.0047776182,0.0067158840,0.0073627317
1163,"/kaggle/input/datasets/arafatrahmann/my-data221/Epic and CSCR hospital Dataset/Train/glioma/G_869_RO_.jpg",0,glioma,0,glioma,0.9760096669,0.0045325020,0.0055997455,0.0138582038
1171,"/kaggle/input/datasets/arafatrahmann/my-data221/Epic and CSCR hospital Dataset/Train/glioma/G_86_VF_.jpg",0,glioma,0,glioma,0.9804250598,0.0054541426,0.0070986608,0.0070221359
1175,"/kaggle/input/datasets/arafatrahmann/my-data221/Epic and CSCR hospital Dataset/Train/glioma/G_870_DA_.jpg",0,glioma,0,glioma,0.9824644923,0.0040206634,0.0071759052,0.0063389181
1177,"/kaggle/input/datasets/arafatrahmann/my-data221/Epic and CSCR hospital Dataset/Train/glioma/G_870_RO_.jpg",0,glioma,0,glioma,0.9813175201,0.0042103897,0.0068205716,0.0076515498
1180,"/kaggle/input/datasets/arafatrahmann/my-data221/Epic and CSCR hospital Dataset/Train/glioma/G_871.jpg",0,glioma,0,glioma,0.9817808867,0.0044532749,0.0065207980,0.0072450666
1189,"/kaggle/input/datasets/arafatrahmann/my-data221/Epic and CSCR hospital Dataset/Train/glioma/G_872_DA_.jpg",0,glioma,0,glioma,0.9822558165,0.0038058329,0.0070897914,0.0068485015
1191,"/kaggle/input/datasets/arafatrahmann/my-data221/Epic and CSCR hospital Dataset/Train/glioma/G_872_RO_.jpg",0,glioma,0,glioma,0.9820672870,0.0043062661,0.0067517967,0.0068747438
1192,"/kaggle/input/datasets/arafatrahmann/my-data221/Epic and CSCR hospital Dataset/Train/glioma/G_872_SP_.jpg",0,glioma,0,glioma,0.9796019793,0.0055874311,0.0070615513,0.0077490457
1194,"/kaggle/input/datasets/arafatrahmann/my-data221/Epic and CSCR hospital Dataset/Train/glioma/G_873.jpg",0,glioma,0,glioma,0.9814945459,0.0047877077,0.0063946345,0.0073233088
1198,"/kaggle/input/datasets/arafatrahmann/my-data221/Epic and CSCR hospital Dataset/Train/glioma/G_873_RO_.jpg",0,glioma,0,glioma,0.9825139046,0.0043088486,0.0065574609,0.0066197873
1212,"/kaggle/input/datasets/arafatrahmann/my-data221/Epic and CSCR hospital Dataset/Train/glioma/G_875_RO_.jpg",0,glioma,0,glioma,0.9818881154,0.0043777646,0.0064169122,0.0073172054
1214,"/kaggle/input/datasets/arafatrahmann/my-data221/Epic and CSCR hospital Dataset/Train/glioma/G_875_VF_.jpg",0,glioma,0,glioma,0.9823196530,0.0044052689,0.0063280850,0.0069469824
1221,"/kaggle/input/datasets/arafatrahmann/my-data221/Epic and CSCR hospital Dataset/Train/glioma/G_876_VF_.jpg",0,glioma,0,glioma,0.9821006060,0.0044423603,0.0063312724,0.0071257139
1233,"/kaggle/input/datasets/arafatrahmann/my-data221/Epic and CSCR hospital Dataset/Train/glioma/G_878_RO_.jpg",0,glioma,0,glioma,0.9826849103,0.0040645883,0.0066262195,0.0066242591
1234,"/kaggle/input/datasets/arafatrahmann/my-data221/Epic and CSCR hospital Dataset/Train/glioma/G_878_SP_.jpg",0,glioma,0,glioma,0.9827125669,0.0043054065,0.0062601813,0.0067218458
1253,"/kaggle/input/datasets/arafatrahmann/my-data221/Epic and CSCR hospital Dataset/Train/glioma/G_880_HF_.jpg",0,glioma,0,glioma,0.9819899797,0.0044421521,0.0065218671,0.0070461011
1261,"/kaggle/input/datasets/arafatrahmann/my-data221/Epic and CSCR hospital Dataset/Train/glioma/G_881_RO_.jpg",0,glioma,0,glioma,0.9837858081,0.0038400348,0.0064429874,0.0059311697
1267,"/kaggle/input/datasets/arafatrahmann/my-data221/Epic and CSCR hospital Dataset/Train/glioma/G_882_HF_.jpg",0,glioma,0,glioma,0.9829179049,0.0041544070,0.0064692772,0.0064584785
1272,"/kaggle/input/datasets/arafatrahmann/my-data221/Epic and CSCR hospital Dataset/Train/glioma/G_883_BR_.jpg",0,glioma,0,glioma,0.9837058187,0.0041531790,0.0065592555,0.0055817897
1273,"/kaggle/input/datasets/arafatrahmann/my-data221/Epic and CSCR hospital Dataset/Train/glioma/G_883_DA_.jpg",0,glioma,0,glioma,0.9831888080,0.0038337901,0.0065938877,0.0063834437
1278,"/kaggle/input/datasets/arafatrahmann/my-data221/Epic and CSCR hospital Dataset/Train/glioma/G_884.jpg",0,glioma,0,glioma,0.9820207357,0.0045532365,0.0065557086,0.0068703862
1283,"/kaggle/input/datasets/arafatrahmann/my-data221/Epic and CSCR hospital Dataset/Train/glioma/G_884_SP_.jpg",0,glioma,0,glioma,0.9800995588,0.0061499472,0.0069379956,0.0068125427
1284,"/kaggle/input/datasets/arafatrahmann/my-data221/Epic and CSCR hospital Dataset/Train/glioma/G_884_VF_.jpg",0,glioma,0,glioma,0.9813801646,0.0051302519,0.0066687926,0.0068208156
1289,"/kaggle/input/datasets/arafatrahmann/my-data221/Epic and CSCR hospital Dataset/Train/glioma/G_885_RO_.jpg",0,glioma,0,glioma,0.9828881025,0.0039551030,0.0066497498,0.0065069841
1304,"/kaggle/input/datasets/arafatrahmann/my-data221/Epic and CSCR hospital Dataset/Train/glioma/G_887_SP_.jpg",0,glioma,0,glioma,0.9782420397,0.0073930742,0.0071700886,0.0071947658
1308,"/kaggle/input/datasets/arafatrahmann/my-data221/Epic and CSCR hospital Dataset/Train/glioma/G_888_DA_.jpg",0,glioma,0,glioma,0.9831773639,0.0037632796,0.0066694776,0.0063897921
1315,"/kaggle/input/datasets/arafatrahmann/my-data221/Epic and CSCR hospital Dataset/Train/glioma/G_889_DA_.jpg",0,glioma,0,glioma,0.9835381508,0.0039580585,0.0065395758,0.0059642359
1325,"/kaggle/input/datasets/arafatrahmann/my-data221/Epic and CSCR hospital Dataset/Train/glioma/G_88_VF_.jpg",0,glioma,0,glioma,0.9830936193,0.0038872056,0.0066870814,0.0063320496
1342,"/kaggle/input/datasets/arafatrahmann/my-data221/Epic and CSCR hospital Dataset/Train/glioma/G_895_VF_.jpg",0,glioma,0,glioma,0.9815319180,0.0049260454,0.0068877959,0.0066543045
1348,"/kaggle/input/datasets/arafatrahmann/my-data221/Epic and CSCR hospital Dataset/Train/glioma/Te-gl_0059.jpg",0,glioma,0,glioma,0.9828152657,0.0040681567,0.0064004222,0.0067161382
1351,"/kaggle/input/datasets/arafatrahmann/my-data221/Epic and CSCR hospital Dataset/Train/glioma/Te-gl_0062.jpg",0,glioma,0,glioma,0.9827858806,0.0040665986,0.0065243519,0.0066232234
1367,"/kaggle/input/datasets/arafatrahmann/my-data221/Epic and CSCR hospital Dataset/Train/glioma/Te-gl_0078.jpg",0,glioma,0,glioma,0.9830390811,0.0037897783,0.0066306191,0.0065405206
1368,"/kaggle/input/datasets/arafatrahmann/my-data221/Epic and CSCR hospital Dataset/Train/glioma/Te-gl_0079.jpg",0,glioma,0,glioma,0.9834111333,0.0039661429,0.0064242841,0.0061984467
1369,"/kaggle/input/datasets/arafatrahmann/my-data221/Epic and CSCR hospital Dataset/Train/glioma/Te-gl_0080.jpg",0,glioma,0,glioma,0.9831369519,0.0038570277,0.0065321079,0.0064740358
1374,"/kaggle/input/datasets/arafatrahmann/my-data221/Epic and CSCR hospital Dataset/Train/glioma/Te-gl_0085.jpg",0,glioma,0,glioma,0.9836280942,0.0038496708,0.0064123631,0.0061099310
1380,"/kaggle/input/datasets/arafatrahmann/my-data221/Epic and CSCR hospital Dataset/Train/glioma/Te-gl_0091.jpg",0,glioma,0,glioma,0.9826906919,0.0039565261,0.0069826408,0.0063701710
1389,"/kaggle/input/datasets/arafatrahmann/my-data221/Epic and CSCR hospital Dataset/Train/glioma/Te-gl_0100.jpg",0,glioma,0,glioma,0.9832576513,0.0037539036,0.0066691176,0.0063193813
1391,"/kaggle/input/datasets/arafatrahmann/my-data221/Epic and CSCR hospital Dataset/Train/glioma/Te-gl_0102.jpg",0,glioma,0,glioma,0.9834683537,0.0036077357,0.0066904128,0.0062335576
1393,"/kaggle/input/datasets/arafatrahmann/my-data221/Epic and CSCR hospital Dataset/Train/glioma/Te-gl_0104.jpg",0,glioma,0,glioma,0.9830780029,0.0038549062,0.0067069507,0.0063601658
1412,"/kaggle/input/datasets/arafatrahmann/my-data221/Epic and CSCR hospital Dataset/Train/glioma/Te-gl_0124.jpg",0,glioma,0,glioma,0.9832242131,0.0038520568,0.0062596975,0.0066639706
1413,"/kaggle/input/datasets/arafatrahmann/my-data221/Epic and CSCR hospital Dataset/Train/glioma/Te-gl_0125.jpg",0,glioma,0,glioma,0.9781095386,0.0070898547,0.0072858594,0.0075147329
1422,"/kaggle/input/datasets/arafatrahmann/my-data221/Epic and CSCR hospital Dataset/Train/glioma/Te-gl_0134.jpg",0,glioma,0,glioma,0.9831825495,0.0040046619,0.0063398867,0.0064729126
1424,"/kaggle/input/datasets/arafatrahmann/my-data221/Epic and CSCR hospital Dataset/Train/glioma/Te-gl_0136.jpg",0,glioma,0,glioma,0.9814139605,0.0048922598,0.0071793064,0.0065145679
1425,"/kaggle/input/datasets/arafatrahmann/my-data221/Epic and CSCR hospital Dataset/Train/glioma/Te-gl_0137.jpg",0,glioma,0,glioma,0.9817055464,0.0045054611,0.0067440583,0.0070449240
1435,"/kaggle/input/datasets/arafatrahmann/my-data221/Epic and CSCR hospital Dataset/Train/glioma/Te-gl_0147.jpg",0,glioma,0,glioma,0.9828926921,0.0040971036,0.0063406611,0.0066695162
1437,"/kaggle/input/datasets/arafatrahmann/my-data221/Epic and CSCR hospital Dataset/Train/glioma/Te-gl_0149.jpg",0,glioma,0,glioma,0.9829609990,0.0039227684,0.0064667999,0.0066495156
1444,"/kaggle/input/datasets/arafatrahmann/my-data221/Epic and CSCR hospital Dataset/Train/glioma/Te-gl_0156.jpg",0,glioma,0,glioma,0.9813600779,0.0040281033,0.0068080076,0.0078038843
1456,"/kaggle/input/datasets/arafatrahmann/my-data221/Epic and CSCR hospital Dataset/Train/glioma/Te-gl_0168.jpg",0,glioma,0,glioma,0.9822704196,0.0044929376,0.0068739653,0.0063626328
1457,"/kaggle/input/datasets/arafatrahmann/my-data221/Epic and CSCR hospital Dataset/Train/glioma/Te-gl_0169.jpg",0,glioma,0,glioma,0.9816149473,0.0047893799,0.0063224705,0.0072732694
1459,"/kaggle/input/datasets/arafatrahmann/my-data221/Epic and CSCR hospital Dataset/Train/glioma/Te-gl_0171.jpg",0,glioma,0,glioma,0.9820514917,0.0043978645,0.0062427740,0.0073078414
1462,"/kaggle/input/datasets/arafatrahmann/my-data221/Epic and CSCR hospital Dataset/Train/glioma/Te-gl_0174.jpg",0,glioma,0,glioma,0.9812911153,0.0049858531,0.0074442835,0.0062787840
1463,"/kaggle/input/datasets/arafatrahmann/my-data221/Epic and CSCR hospital Dataset/Train/glioma/Te-gl_0175.jpg",0,glioma,0,glioma,0.9834710360,0.0039987192,0.0066259140,0.0059043029
1468,"/kaggle/input/datasets/arafatrahmann/my-data221/Epic and CSCR hospital Dataset/Train/glioma/Te-gl_0180.jpg",0,glioma,0,glioma,0.9827827215,0.0042208931,0.0063168621,0.0066795005
1471,"/kaggle/input/datasets/arafatrahmann/my-data221/Epic and CSCR hospital Dataset/Train/glioma/Te-gl_0183.jpg",0,glioma,0,glioma,0.9825104475,0.0042534410,0.0063083856,0.0069276742
1487,"/kaggle/input/datasets/arafatrahmann/my-data221/Epic and CSCR hospital Dataset/Train/glioma/Te-gl_0199.jpg",0,glioma,0,glioma,0.9809104204,0.0051671662,0.0066055581,0.0073168641
1488,"/kaggle/input/datasets/arafatrahmann/my-data221/Epic and CSCR hospital Dataset/Train/glioma/Te-gl_0200.jpg",0,glioma,0,glioma,0.9825690389,0.0043249778,0.0064509721,0.0066550947
1490,"/kaggle/input/datasets/arafatrahmann/my-data221/Epic and CSCR hospital Dataset/Train/glioma/Te-gl_0202.jpg",0,glioma,0,glioma,0.9827486277,0.0040722378,0.0066645099,0.0065146023
1492,"/kaggle/input/datasets/arafatrahmann/my-data221/Epic and CSCR hospital Dataset/Train/glioma/Te-gl_0204.jpg",0,glioma,0,glioma,0.9773934484,0.0070718499,0.0090116281,0.0065231076
1500,"/kaggle/input/datasets/arafatrahmann/my-data221/Epic and CSCR hospital Dataset/Train/glioma/Te-gl_0212.jpg",0,glioma,0,glioma,0.9830116034,0.0039612455,0.0064779455,0.0065491847
1501,"/kaggle/input/datasets/arafatrahmann/my-data221/Epic and CSCR hospital Dataset/Train/glioma/Te-gl_0213.jpg",0,glioma,0,glioma,0.9831044078,0.0041559748,0.0062660864,0.0064735143
1505,"/kaggle/input/datasets/arafatrahmann/my-data221/Epic and CSCR hospital Dataset/Train/glioma/Te-gl_0217.jpg",0,glioma,0,glioma,0.9813234210,0.0044406932,0.0065510608,0.0076847686
1517,"/kaggle/input/datasets/arafatrahmann/my-data221/Epic and CSCR hospital Dataset/Train/glioma/Te-gl_0229.jpg",0,glioma,0,glioma,0.9792640805,0.0065818741,0.0074955388,0.0066584661
1519,"/kaggle/input/datasets/arafatrahmann/my-data221/Epic and CSCR hospital Dataset/Train/glioma/Te-gl_0231.jpg",0,glioma,0,glioma,0.9819760323,0.0041460833,0.0067318976,0.0071459301
1524,"/kaggle/input/datasets/arafatrahmann/my-data221/Epic and CSCR hospital Dataset/Train/glioma/Te-gl_0236.jpg",0,glioma,0,glioma,0.9815117717,0.0048085037,0.0071725114,0.0065071234
1549,"/kaggle/input/datasets/arafatrahmann/my-data221/Epic and CSCR hospital Dataset/Train/glioma/Te-gl_0261.jpg",0,glioma,0,glioma,0.9828182459,0.0044280807,0.0064911731,0.0062625557
1561,"/kaggle/input/datasets/arafatrahmann/my-data221/Epic and CSCR hospital Dataset/Train/glioma/Te-gl_0295.jpg",0,glioma,0,glioma,0.9804662466,0.0055870879,0.0070882039,0.0068584620
1564,"/kaggle/input/datasets/arafatrahmann/my-data221/Epic and CSCR hospital Dataset/Train/glioma/Te-gl_0298.jpg",0,glioma,0,glioma,0.9830924273,0.0038020245,0.0067096362,0.0063958047
1567,"/kaggle/input/datasets/arafatrahmann/my-data221/Epic and CSCR hospital Dataset/Train/glioma/Tr-gl_0029.jpg",0,glioma,0,glioma,0.9832698703,0.0039495947,0.0065503465,0.0062302737
1582,"/kaggle/input/datasets/arafatrahmann/my-data221/Epic and CSCR hospital Dataset/Train/glioma/Tr-gl_0068.jpg",0,glioma,0,glioma,0.9816907048,0.0044971765,0.0069890721,0.0068230084
1584,"/kaggle/input/datasets/arafatrahmann/my-data221/Epic and CSCR hospital Dataset/Train/glioma/Tr-gl_0070.jpg",0,glioma,0,glioma,0.9823030233,0.0044847508,0.0069351690,0.0062770345
1586,"/kaggle/input/datasets/arafatrahmann/my-data221/Epic and CSCR hospital Dataset/Train/glioma/Tr-gl_0072.jpg",0,glioma,0,glioma,0.9829368591,0.0038328462,0.0069477074,0.0062825829
1593,"/kaggle/input/datasets/arafatrahmann/my-data221/Epic and CSCR hospital Dataset/Train/glioma/Tr-gl_0079.jpg",0,glioma,0,glioma,0.9836329222,0.0036193705,0.0067298734,0.0060177064
1594,"/kaggle/input/datasets/arafatrahmann/my-data221/Epic and CSCR hospital Dataset/Train/glioma/Tr-gl_0080.jpg",0,glioma,0,glioma,0.9820057154,0.0046804077,0.0068703876,0.0064434903
1600,"/kaggle/input/datasets/arafatrahmann/my-data221/Epic and CSCR hospital Dataset/Train/glioma/Tr-gl_0086.jpg",0,glioma,0,glioma,0.9815613031,0.0049870564,0.0068842485,0.0065673748
1602,"/kaggle/input/datasets/arafatrahmann/my-data221/Epic and CSCR hospital Dataset/Train/glioma/Tr-gl_0088.jpg",0,glioma,0,glioma,0.9825433493,0.0039974051,0.0067807771,0.0066785417
1609,"/kaggle/input/datasets/arafatrahmann/my-data221/Epic and CSCR hospital Dataset/Train/glioma/Tr-gl_0095.jpg",0,glioma,0,glioma,0.9826537371,0.0043620495,0.0068611093,0.0061231209
1612,"/kaggle/input/datasets/arafatrahmann/my-data221/Epic and CSCR hospital Dataset/Train/glioma/Tr-gl_0098.jpg",0,glioma,0,glioma,0.9822540283,0.0045462004,0.0064958022,0.0067039998
1620,"/kaggle/input/datasets/arafatrahmann/my-data221/Epic and CSCR hospital Dataset/Train/glioma/Tr-gl_0121.jpg",0,glioma,0,glioma,0.9813582301,0.0044397749,0.0067176223,0.0074844025
1630,"/kaggle/input/datasets/arafatrahmann/my-data221/Epic and CSCR hospital Dataset/Train/glioma/Tr-gl_0131.jpg",0,glioma,0,glioma,0.9829059839,0.0037673102,0.0065362928,0.0067904019
1636,"/kaggle/input/datasets/arafatrahmann/my-data221/Epic and CSCR hospital Dataset/Train/glioma/Tr-gl_0137.jpg",0,glioma,0,glioma,0.9831102490,0.0040359627,0.0067409351,0.0061128717
1657,"/kaggle/input/datasets/arafatrahmann/my-data221/Epic and CSCR hospital Dataset/Train/glioma/Tr-gl_0158.jpg",0,glioma,0,glioma,0.9819790721,0.0048490516,0.0068134232,0.0063583800
1659,"/kaggle/input/datasets/arafatrahmann/my-data221/Epic and CSCR hospital Dataset/Train/glioma/Tr-gl_0160.jpg",0,glioma,0,glioma,0.9838827848,0.0038278829,0.0062506320,0.0060386593
1668,"/kaggle/input/datasets/arafatrahmann/my-data221/Epic and CSCR hospital Dataset/Train/glioma/Tr-gl_0169.jpg",0,glioma,0,glioma,0.9833167195,0.0036996454,0.0067414204,0.0062422571
1670,"/kaggle/input/datasets/arafatrahmann/my-data221/Epic and CSCR hospital Dataset/Train/glioma/Tr-gl_0171.jpg",0,glioma,0,glioma,0.9830495715,0.0037311930,0.0068767471,0.0063424250
1679,"/kaggle/input/datasets/arafatrahmann/my-data221/Epic and CSCR hospital Dataset/Train/glioma/Tr-gl_0180.jpg",0,glioma,0,glioma,0.9823601842,0.0043937638,0.0068559959,0.0063901087
1689,"/kaggle/input/datasets/arafatrahmann/my-data221/Epic and CSCR hospital Dataset/Train/glioma/Tr-gl_0190.jpg",0,glioma,0,glioma,0.9829392433,0.0040474930,0.0065308651,0.0064824061
1692,"/kaggle/input/datasets/arafatrahmann/my-data221/Epic and CSCR hospital Dataset/Train/glioma/Tr-gl_0193.jpg",0,glioma,0,glioma,0.9832283258,0.0040210481,0.0066359350,0.0061146943
1697,"/kaggle/input/datasets/arafatrahmann/my-data221/Epic and CSCR hospital Dataset/Train/glioma/Tr-gl_0198.jpg",0,glioma,0,glioma,0.9835426211,0.0039164061,0.0063572368,0.0061836559
1705,"/kaggle/input/datasets/arafatrahmann/my-data221/Epic and CSCR hospital Dataset/Train/glioma/Tr-gl_0206.jpg",0,glioma,0,glioma,0.9826904535,0.0039644642,0.0070564738,0.0062887133
1710,"/kaggle/input/datasets/arafatrahmann/my-data221/Epic and CSCR hospital Dataset/Train/glioma/Tr-gl_0211.jpg",0,glioma,0,glioma,0.9814165831,0.0049446682,0.0072013019,0.0064373622
1712,"/kaggle/input/datasets/arafatrahmann/my-data221/Epic and CSCR hospital Dataset/Train/glioma/Tr-gl_0213.jpg",0,glioma,0,glioma,0.9827868342,0.0040998785,0.0070015052,0.0061117550
1719,"/kaggle/input/datasets/arafatrahmann/my-data221/Epic and CSCR hospital Dataset/Train/glioma/Tr-gl_0220.jpg",0,glioma,0,glioma,0.9810302854,0.0050886162,0.0074521378,0.0064290389
1721,"/kaggle/input/datasets/arafatrahmann/my-data221/Epic and CSCR hospital Dataset/Train/glioma/Tr-gl_0222.jpg",0,glioma,0,glioma,0.9804724455,0.0053907833,0.0077987714,0.0063379658
1722,"/kaggle/input/datasets/arafatrahmann/my-data221/Epic and CSCR hospital Dataset/Train/glioma/Tr-gl_0223.jpg",0,glioma,0,glioma,0.9816907644,0.0046973806,0.0071087652,0.0065030479
1727,"/kaggle/input/datasets/arafatrahmann/my-data221/Epic and CSCR hospital Dataset/Train/glioma/Tr-gl_0228.jpg",0,glioma,0,glioma,0.9821491241,0.0048361570,0.0071387580,0.0058759758
1728,"/kaggle/input/datasets/arafatrahmann/my-data221/Epic and CSCR hospital Dataset/Train/glioma/Tr-gl_0229.jpg",0,glioma,0,glioma,0.9816575050,0.0046507409,0.0069968612,0.0066948095
1740,"/kaggle/input/datasets/arafatrahmann/my-data221/Epic and CSCR hospital Dataset/Train/glioma/Tr-gl_0241.jpg",0,glioma,0,glioma,0.9792861938,0.0054810876,0.0088141598,0.0064187027
1741,"/kaggle/input/datasets/arafatrahmann/my-data221/Epic and CSCR hospital Dataset/Train/glioma/Tr-gl_0242.jpg",0,glioma,0,glioma,0.9595278502,0.0253888108,0.0085578291,0.0065254709
1744,"/kaggle/input/datasets/arafatrahmann/my-data221/Epic and CSCR hospital Dataset/Train/glioma/Tr-gl_0245.jpg",0,glioma,0,glioma,0.9823789597,0.0044138394,0.0069398843,0.0062673665
1752,"/kaggle/input/datasets/arafatrahmann/my-data221/Epic and CSCR hospital Dataset/Train/glioma/Tr-gl_0253.jpg",0,glioma,0,glioma,0.9794374704,0.0054863053,0.0083642332,0.0067120269
1755,"/kaggle/input/datasets/arafatrahmann/my-data221/Epic and CSCR hospital Dataset/Train/glioma/Tr-gl_0256.jpg",0,glioma,0,glioma,0.9838406444,0.0036195882,0.0065650726,0.0059745661
1764,"/kaggle/input/datasets/arafatrahmann/my-data221/Epic and CSCR hospital Dataset/Train/glioma/Tr-gl_0265.jpg",0,glioma,0,glioma,0.9830884933,0.0041274196,0.0067523895,0.0060316930
1767,"/kaggle/input/datasets/arafatrahmann/my-data221/Epic and CSCR hospital Dataset/Train/glioma/Tr-gl_0268.jpg",0,glioma,0,glioma,0.9820802808,0.0040223859,0.0067782840,0.0071190619
1771,"/kaggle/input/datasets/arafatrahmann/my-data221/Epic and CSCR hospital Dataset/Train/glioma/Tr-gl_0272.jpg",0,glioma,0,glioma,0.9830008745,0.0038699924,0.0065975352,0.0065316209
1779,"/kaggle/input/datasets/arafatrahmann/my-data221/Epic and CSCR hospital Dataset/Train/glioma/Tr-gl_0280.jpg",0,glioma,0,glioma,0.9828245044,0.0039687264,0.0065859840,0.0066207857
1785,"/kaggle/input/datasets/arafatrahmann/my-data221/Epic and CSCR hospital Dataset/Train/glioma/Tr-gl_0286.jpg",0,glioma,0,glioma,0.9832733274,0.0035630681,0.0066168951,0.0065468117
1792,"/kaggle/input/datasets/arafatrahmann/my-data221/Epic and CSCR hospital Dataset/Train/glioma/Tr-gl_0293.jpg",0,glioma,0,glioma,0.9828389883,0.0039488198,0.0063294144,0.0068828315
1793,"/kaggle/input/datasets/arafatrahmann/my-data221/Epic and CSCR hospital Dataset/Train/glioma/Tr-gl_0294.jpg",0,glioma,0,glioma,0.9828963280,0.0038489960,0.0067846901,0.0064700320
1797,"/kaggle/input/datasets/arafatrahmann/my-data221/Epic and CSCR hospital Dataset/Train/glioma/Tr-gl_0298.jpg",0,glioma,0,glioma,0.9820038080,0.0041369260,0.0063782288,0.0074809911
1800,"/kaggle/input/datasets/arafatrahmann/my-data221/Epic and CSCR hospital Dataset/Train/glioma/Tr-gl_0301.jpg",0,glioma,0,glioma,0.9826712608,0.0041216165,0.0067022359,0.0065048998
1808,"/kaggle/input/datasets/arafatrahmann/my-data221/Epic and CSCR hospital Dataset/Train/glioma/Tr-gl_0309.jpg",0,glioma,0,glioma,0.9807829857,0.0050927289,0.0073918104,0.0067325025
1816,"/kaggle/input/datasets/arafatrahmann/my-data221/Epic and CSCR hospital Dataset/Train/glioma/Tr-gl_0317.jpg",0,glioma,0,glioma,0.9829532504,0.0040055304,0.0071099252,0.0059312009
1817,"/kaggle/input/datasets/arafatrahmann/my-data221/Epic and CSCR hospital Dataset/Train/glioma/Tr-gl_0318.jpg",0,glioma,0,glioma,0.9834094048,0.0038150784,0.0065449020,0.0062306337
1820,"/kaggle/input/datasets/arafatrahmann/my-data221/Epic and CSCR hospital Dataset/Train/glioma/Tr-gl_0321.jpg",0,glioma,0,glioma,0.9834057093,0.0039785407,0.0065080673,0.0061077001
1827,"/kaggle/input/datasets/arafatrahmann/my-data221/Epic and CSCR hospital Dataset/Train/glioma/Tr-gl_0328.jpg",0,glioma,0,glioma,0.9825721979,0.0042951237,0.0065293745,0.0066032992
1835,"/kaggle/input/datasets/arafatrahmann/my-data221/Epic and CSCR hospital Dataset/Train/glioma/Tr-gl_0336.jpg",0,glioma,0,glioma,0.9814596176,0.0048200465,0.0071818493,0.0065385313
1836,"/kaggle/input/datasets/arafatrahmann/my-data221/Epic and CSCR hospital Dataset/Train/glioma/Tr-gl_0337.jpg",0,glioma,0,glioma,0.9823879004,0.0047734170,0.0066853487,0.0061534410
1844,"/kaggle/input/datasets/arafatrahmann/my-data221/Epic and CSCR hospital Dataset/Train/glioma/Tr-gl_0345.jpg",0,glioma,0,glioma,0.9826652408,0.0042263269,0.0067300610,0.0063784220
1848,"/kaggle/input/datasets/arafatrahmann/my-data221/Epic and CSCR hospital Dataset/Train/glioma/Tr-gl_0349.jpg",0,glioma,0,glioma,0.9815050364,0.0043664253,0.0072256560,0.0069030328
1850,"/kaggle/input/datasets/arafatrahmann/my-data221/Epic and CSCR hospital Dataset/Train/glioma/Tr-gl_0351.jpg",0,glioma,0,glioma,0.9823738933,0.0041883183,0.0068636895,0.0065740636
1866,"/kaggle/input/datasets/arafatrahmann/my-data221/Epic and CSCR hospital Dataset/Train/glioma/Tr-gl_0367.jpg",0,glioma,0,glioma,0.9831072092,0.0038443382,0.0062907180,0.0067577735
1870,"/kaggle/input/datasets/arafatrahmann/my-data221/Epic and CSCR hospital Dataset/Train/glioma/Tr-gl_0371.jpg",0,glioma,0,glioma,0.9800900221,0.0061181569,0.0071873395,0.0066044061
1875,"/kaggle/input/datasets/arafatrahmann/my-data221/Epic and CSCR hospital Dataset/Train/glioma/Tr-gl_0376.jpg",0,glioma,0,glioma,0.9816532135,0.0047018779,0.0070525794,0.0065922225
1879,"/kaggle/input/datasets/arafatrahmann/my-data221/Epic and CSCR hospital Dataset/Train/glioma/Tr-gl_0380.jpg",0,glioma,0,glioma,0.9816080332,0.0044894889,0.0070574768,0.0068450579
1881,"/kaggle/input/datasets/arafatrahmann/my-data221/Epic and CSCR hospital Dataset/Train/glioma/Tr-gl_0382.jpg",0,glioma,0,glioma,0.9831855893,0.0038972504,0.0064944522,0.0064227358
1887,"/kaggle/input/datasets/arafatrahmann/my-data221/Epic and CSCR hospital Dataset/Train/glioma/Tr-gl_0388.jpg",0,glioma,0,glioma,0.9833335876,0.0036884497,0.0068117129,0.0061663096
1890,"/kaggle/input/datasets/arafatrahmann/my-data221/Epic and CSCR hospital Dataset/Train/glioma/Tr-gl_0391.jpg",0,glioma,0,glioma,0.9826862216,0.0042188680,0.0069308160,0.0061640986
1892,"/kaggle/input/datasets/arafatrahmann/my-data221/Epic and CSCR hospital Dataset/Train/glioma/Tr-gl_0393.jpg",0,glioma,0,glioma,0.9830775261,0.0038363398,0.0066936924,0.0063923760
1898,"/kaggle/input/datasets/arafatrahmann/my-data221/Epic and CSCR hospital Dataset/Train/glioma/Tr-gl_0399.jpg",0,glioma,0,glioma,0.9819634557,0.0050551919,0.0068946891,0.0060866252
1900,"/kaggle/input/datasets/arafatrahmann/my-data221/Epic and CSCR hospital Dataset/Train/glioma/Tr-gl_0401.jpg",0,glioma,0,glioma,0.9810733795,0.0050922353,0.0073767463,0.0064576701
1906,"/kaggle/input/datasets/arafatrahmann/my-data221/Epic and CSCR hospital Dataset/Train/glioma/Tr-gl_0407.jpg",0,glioma,0,glioma,0.9834259748,0.0037835285,0.0066227876,0.0061676041
1907,"/kaggle/input/datasets/arafatrahmann/my-data221/Epic and CSCR hospital Dataset/Train/glioma/Tr-gl_0408.jpg",0,glioma,0,glioma,0.9836624861,0.0038241341,0.0065333592,0.0059800087
1908,"/kaggle/input/datasets/arafatrahmann/my-data221/Epic and CSCR hospital Dataset/Train/glioma/Tr-gl_0409.jpg",0,glioma,0,glioma,0.9832249880,0.0040153996,0.0067000315,0.0060596280
1909,"/kaggle/input/datasets/arafatrahmann/my-data221/Epic and CSCR hospital Dataset/Train/glioma/Tr-gl_0410.jpg",0,glioma,0,glioma,0.9827083349,0.0040367688,0.0068949275,0.0063599697
1914,"/kaggle/input/datasets/arafatrahmann/my-data221/Epic and CSCR hospital Dataset/Train/glioma/Tr-gl_0415.jpg",0,glioma,0,glioma,0.9815902710,0.0048763347,0.0068686968,0.0066646338
1923,"/kaggle/input/datasets/arafatrahmann/my-data221/Epic and CSCR hospital Dataset/Train/glioma/Tr-gl_0424.jpg",0,glioma,0,glioma,0.9834169149,0.0038910471,0.0063020526,0.0063899932
1928,"/kaggle/input/datasets/arafatrahmann/my-data221/Epic and CSCR hospital Dataset/Train/glioma/Tr-gl_0429.jpg",0,glioma,0,glioma,0.9828524590,0.0040663676,0.0064127883,0.0066683614
1933,"/kaggle/input/datasets/arafatrahmann/my-data221/Epic and CSCR hospital Dataset/Train/glioma/Tr-gl_0434.jpg",0,glioma,0,glioma,0.9819993973,0.0047000339,0.0067178109,0.0065827309
1935,"/kaggle/input/datasets/arafatrahmann/my-data221/Epic and CSCR hospital Dataset/Train/glioma/Tr-gl_0436.jpg",0,glioma,0,glioma,0.9837020636,0.0038666422,0.0063437745,0.0060874457
1940,"/kaggle/input/datasets/arafatrahmann/my-data221/Epic and CSCR hospital Dataset/Train/glioma/Tr-gl_0441.jpg",0,glioma,0,glioma,0.9819928408,0.0044334587,0.0068792999,0.0066944314
1942,"/kaggle/input/datasets/arafatrahmann/my-data221/Epic and CSCR hospital Dataset/Train/glioma/Tr-gl_0443.jpg",0,glioma,0,glioma,0.9835957289,0.0039442163,0.0062342389,0.0062257019
1943,"/kaggle/input/datasets/arafatrahmann/my-data221/Epic and CSCR hospital Dataset/Train/glioma/Tr-gl_0444.jpg",0,glioma,0,glioma,0.9826598167,0.0041131442,0.0064603603,0.0067666722
1944,"/kaggle/input/datasets/arafatrahmann/my-data221/Epic and CSCR hospital Dataset/Train/glioma/Tr-gl_0445.jpg",0,glioma,0,glioma,0.9836722612,0.0039905966,0.0061985604,0.0061385720
1956,"/kaggle/input/datasets/arafatrahmann/my-data221/Epic and CSCR hospital Dataset/Train/glioma/Tr-gl_0457.jpg",0,glioma,0,glioma,0.9823195338,0.0044239843,0.0061907815,0.0070657157
1958,"/kaggle/input/datasets/arafatrahmann/my-data221/Epic and CSCR hospital Dataset/Train/glioma/Tr-gl_0459.jpg",0,glioma,0,glioma,0.9826027155,0.0042498047,0.0063980729,0.0067494446
1962,"/kaggle/input/datasets/arafatrahmann/my-data221/Epic and CSCR hospital Dataset/Train/glioma/Tr-gl_0463.jpg",0,glioma,0,glioma,0.9826844931,0.0044313329,0.0066746487,0.0062095597
1964,"/kaggle/input/datasets/arafatrahmann/my-data221/Epic and CSCR hospital Dataset/Train/glioma/Tr-gl_0465.jpg",0,glioma,0,glioma,0.9826725125,0.0043827938,0.0065159439,0.0064286590
1965,"/kaggle/input/datasets/arafatrahmann/my-data221/Epic and CSCR hospital Dataset/Train/glioma/Tr-gl_0466.jpg",0,glioma,0,glioma,0.9826133847,0.0043309601,0.0064389533,0.0066167004
1968,"/kaggle/input/datasets/arafatrahmann/my-data221/Epic and CSCR hospital Dataset/Train/glioma/Tr-gl_0469.jpg",0,glioma,0,glioma,0.9824934006,0.0042218557,0.0064736912,0.0068109902
1970,"/kaggle/input/datasets/arafatrahmann/my-data221/Epic and CSCR hospital Dataset/Train/glioma/Tr-gl_0471.jpg",0,glioma,0,glioma,0.9826768637,0.0042500584,0.0064506875,0.0066224216
1972,"/kaggle/input/datasets/arafatrahmann/my-data221/Epic and CSCR hospital Dataset/Train/glioma/Tr-gl_0473.jpg",0,glioma,0,glioma,0.9827524424,0.0044425498,0.0067131296,0.0060919053
1973,"/kaggle/input/datasets/arafatrahmann/my-data221/Epic and CSCR hospital Dataset/Train/glioma/Tr-gl_0474.jpg",0,glioma,0,glioma,0.9823365211,0.0043825135,0.0070116939,0.0062691830
1982,"/kaggle/input/datasets/arafatrahmann/my-data221/Epic and CSCR hospital Dataset/Train/glioma/Tr-gl_0483.jpg",0,glioma,0,glioma,0.9823127985,0.0041852579,0.0064083962,0.0070934547
1995,"/kaggle/input/datasets/arafatrahmann/my-data221/Epic and CSCR hospital Dataset/Train/glioma/Tr-gl_0496.jpg",0,glioma,0,glioma,0.9817932248,0.0044720704,0.0069640786,0.0067706630
1997,"/kaggle/input/datasets/arafatrahmann/my-data221/Epic and CSCR hospital Dataset/Train/glioma/Tr-gl_0498.jpg",0,glioma,0,glioma,0.9817840457,0.0043009273,0.0068433895,0.0070717237
2000,"/kaggle/input/datasets/arafatrahmann/my-data221/Epic and CSCR hospital Dataset/Train/glioma/Tr-gl_0501.jpg",0,glioma,0,glioma,0.9820483923,0.0041913572,0.0066863922,0.0070737572
2010,"/kaggle/input/datasets/arafatrahmann/my-data221/Epic and CSCR hospital Dataset/Train/glioma/Tr-gl_0511.jpg",0,glioma,0,glioma,0.9830880165,0.0040494362,0.0066648074,0.0061977478
2027,"/kaggle/input/datasets/arafatrahmann/my-data221/Epic and CSCR hospital Dataset/Train/glioma/Tr-gl_0528.jpg",0,glioma,0,glioma,0.9824058414,0.0039288504,0.0067072781,0.0069580516
2029,"/kaggle/input/datasets/arafatrahmann/my-data221/Epic and CSCR hospital Dataset/Train/glioma/Tr-gl_0530.jpg",0,glioma,0,glioma,0.9835416079,0.0037757382,0.0064515779,0.0062311064
2030,"/kaggle/input/datasets/arafatrahmann/my-data221/Epic and CSCR hospital Dataset/Train/glioma/Tr-gl_0531.jpg",0,glioma,0,glioma,0.9835501909,0.0036621480,0.0065632663,0.0062244115
2033,"/kaggle/input/datasets/arafatrahmann/my-data221/Epic and CSCR hospital Dataset/Train/glioma/Tr-gl_0534.jpg",0,glioma,0,glioma,0.9831864238,0.0039203460,0.0064960322,0.0063972315
2034,"/kaggle/input/datasets/arafatrahmann/my-data221/Epic and CSCR hospital Dataset/Train/glioma/Tr-gl_0535.jpg",0,glioma,0,glioma,0.9814276695,0.0043868977,0.0069042691,0.0072811581
2038,"/kaggle/input/datasets/arafatrahmann/my-data221/Epic and CSCR hospital Dataset/Train/glioma/Tr-gl_0539.jpg",0,glioma,0,glioma,0.9835882187,0.0037373465,0.0066570169,0.0060173944
2050,"/kaggle/input/datasets/arafatrahmann/my-data221/Epic and CSCR hospital Dataset/Train/glioma/Tr-gl_0551.jpg",0,glioma,0,glioma,0.9828432202,0.0037717826,0.0073017566,0.0060832775
2051,"/kaggle/input/datasets/arafatrahmann/my-data221/Epic and CSCR hospital Dataset/Train/glioma/Tr-gl_0552.jpg",0,glioma,0,glioma,0.9816775322,0.0044215256,0.0075870692,0.0063138665
2056,"/kaggle/input/datasets/arafatrahmann/my-data221/Epic and CSCR hospital Dataset/Train/glioma/Tr-gl_0557.jpg",0,glioma,0,glioma,0.9833024144,0.0039498582,0.0066456497,0.0061022090
2060,"/kaggle/input/datasets/arafatrahmann/my-data221/Epic and CSCR hospital Dataset/Train/glioma/Tr-gl_0561.jpg",0,glioma,0,glioma,0.9827189445,0.0044396268,0.0067186714,0.0061228136
2061,"/kaggle/input/datasets/arafatrahmann/my-data221/Epic and CSCR hospital Dataset/Train/glioma/Tr-gl_0562.jpg",0,glioma,0,glioma,0.9823177457,0.0050257659,0.0067909025,0.0058655124
2078,"/kaggle/input/datasets/arafatrahmann/my-data221/Epic and CSCR hospital Dataset/Train/glioma/Tr-gl_0579.jpg",0,glioma,0,glioma,0.9815959930,0.0046329843,0.0065015974,0.0072694412
2080,"/kaggle/input/datasets/arafatrahmann/my-data221/Epic and CSCR hospital Dataset/Train/glioma/Tr-gl_0581.jpg",0,glioma,0,glioma,0.9833824039,0.0040764920,0.0065436708,0.0059974142
2091,"/kaggle/input/datasets/arafatrahmann/my-data221/Epic and CSCR hospital Dataset/Train/glioma/Tr-gl_0592.jpg",0,glioma,0,glioma,0.9823864102,0.0039681587,0.0070178150,0.0066276132
2101,"/kaggle/input/datasets/arafatrahmann/my-data221/Epic and CSCR hospital Dataset/Train/glioma/Tr-gl_0602.jpg",0,glioma,0,glioma,0.9822074175,0.0042531476,0.0064989263,0.0070406273
2103,"/kaggle/input/datasets/arafatrahmann/my-data221/Epic and CSCR hospital Dataset/Train/glioma/Tr-gl_0604.jpg",0,glioma,0,glioma,0.9830883145,0.0039985185,0.0064023035,0.0065109804
2112,"/kaggle/input/datasets/arafatrahmann/my-data221/Epic and CSCR hospital Dataset/Train/glioma/Tr-gl_0613.jpg",0,glioma,0,glioma,0.9823552966,0.0043355785,0.0062880157,0.0070210593
2115,"/kaggle/input/datasets/arafatrahmann/my-data221/Epic and CSCR hospital Dataset/Train/glioma/Tr-gl_0616.jpg",0,glioma,0,glioma,0.9838128090,0.0038099021,0.0063742599,0.0060029542
2119,"/kaggle/input/datasets/arafatrahmann/my-data221/Epic and CSCR hospital Dataset/Train/glioma/Tr-gl_0620.jpg",0,glioma,0,glioma,0.9827083349,0.0042816987,0.0069573112,0.0060525984
2124,"/kaggle/input/datasets/arafatrahmann/my-data221/Epic and CSCR hospital Dataset/Train/glioma/Tr-gl_0625.jpg",0,glioma,0,glioma,0.9831736684,0.0040347022,0.0066565173,0.0061352272
2127,"/kaggle/input/datasets/arafatrahmann/my-data221/Epic and CSCR hospital Dataset/Train/glioma/Tr-gl_0628.jpg",0,glioma,0,glioma,0.9834944606,0.0038942657,0.0062654195,0.0063458360
2128,"/kaggle/input/datasets/arafatrahmann/my-data221/Epic and CSCR hospital Dataset/Train/glioma/Tr-gl_0629.jpg",0,glioma,0,glioma,0.9829913378,0.0042157331,0.0067215906,0.0060713589
2138,"/kaggle/input/datasets/arafatrahmann/my-data221/Epic and CSCR hospital Dataset/Train/glioma/Tr-gl_0639.jpg",0,glioma,0,glioma,0.9837961197,0.0037286151,0.0063402667,0.0061349375
2141,"/kaggle/input/datasets/arafatrahmann/my-data221/Epic and CSCR hospital Dataset/Train/glioma/Tr-gl_0683.jpg",0,glioma,0,glioma,0.9825256467,0.0040359283,0.0065000304,0.0069383183
2144,"/kaggle/input/datasets/arafatrahmann/my-data221/Epic and CSCR hospital Dataset/Train/glioma/Tr-gl_0686.jpg",0,glioma,0,glioma,0.9834394455,0.0040412969,0.0063680606,0.0061511770
2147,"/kaggle/input/datasets/arafatrahmann/my-data221/Epic and CSCR hospital Dataset/Train/glioma/Tr-gl_0689.jpg",0,glioma,0,glioma,0.9820303917,0.0045220652,0.0066927196,0.0067548514
2175,"/kaggle/input/datasets/arafatrahmann/my-data221/Epic and CSCR hospital Dataset/Train/glioma/Tr-gl_0818.jpg",0,glioma,0,glioma,0.9830064774,0.0039857025,0.0065394701,0.0064683356
2180,"/kaggle/input/datasets/arafatrahmann/my-data221/Epic and CSCR hospital Dataset/Train/glioma/Tr-gl_0823.jpg",0,glioma,0,glioma,0.9829834700,0.0040215827,0.0062953620,0.0066995635
2186,"/kaggle/input/datasets/arafatrahmann/my-data221/Epic and CSCR hospital Dataset/Train/glioma/Tr-gl_0829.jpg",0,glioma,0,glioma,0.9816776514,0.0043504089,0.0073592155,0.0066127898
2189,"/kaggle/input/datasets/arafatrahmann/my-data221/Epic and CSCR hospital Dataset/Train/glioma/Tr-gl_0844.jpg",0,glioma,0,glioma,0.9822157025,0.0045357738,0.0066468976,0.0066015711
2199,"/kaggle/input/datasets/arafatrahmann/my-data221/Epic and CSCR hospital Dataset/Train/glioma/Tr-gl_0854.jpg",0,glioma,0,glioma,0.9832981229,0.0039625317,0.0063344291,0.0064049126
2203,"/kaggle/input/datasets/arafatrahmann/my-data221/Epic and CSCR hospital Dataset/Train/glioma/Tr-gl_0858.jpg",0,glioma,0,glioma,0.9830921292,0.0040534837,0.0062538898,0.0066004628
2204,"/kaggle/input/datasets/arafatrahmann/my-data221/Epic and CSCR hospital Dataset/Train/glioma/Tr-gl_0859.jpg",0,glioma,0,glioma,0.9822516441,0.0042358339,0.0065226466,0.0069898171
2214,"/kaggle/input/datasets/arafatrahmann/my-data221/Epic and CSCR hospital Dataset/Train/glioma/Tr-gl_0869.jpg",0,glioma,0,glioma,0.9823822975,0.0043131043,0.0065214313,0.0067831203
2239,"/kaggle/input/datasets/arafatrahmann/my-data221/Epic and CSCR hospital Dataset/Train/glioma/Tr-gl_0894.jpg",0,glioma,0,glioma,0.9826663136,0.0041167038,0.0064483918,0.0067685633
2241,"/kaggle/input/datasets/arafatrahmann/my-data221/Epic and CSCR hospital Dataset/Train/glioma/Tr-gl_0896.jpg",0,glioma,0,glioma,0.9824969172,0.0038986229,0.0067009814,0.0069034509
2242,"/kaggle/input/datasets/arafatrahmann/my-data221/Epic and CSCR hospital Dataset/Train/glioma/Tr-gl_0897.jpg",0,glioma,0,glioma,0.9821557999,0.0042427112,0.0065068938,0.0070946561
2243,"/kaggle/input/datasets/arafatrahmann/my-data221/Epic and CSCR hospital Dataset/Train/glioma/Tr-gl_0898.jpg",0,glioma,0,glioma,0.9743896723,0.0106347660,0.0080926493,0.0068829334
2245,"/kaggle/input/datasets/arafatrahmann/my-data221/Epic and CSCR hospital Dataset/Train/glioma/Tr-gl_0900.jpg",0,glioma,0,glioma,0.9831284285,0.0041325190,0.0066266111,0.0061125369
2251,"/kaggle/input/datasets/arafatrahmann/my-data221/Epic and CSCR hospital Dataset/Train/glioma/Tr-gl_0906.jpg",0,glioma,0,glioma,0.9827365875,0.0041532386,0.0063574547,0.0067527965
2253,"/kaggle/input/datasets/arafatrahmann/my-data221/Epic and CSCR hospital Dataset/Train/glioma/Tr-gl_0908.jpg",0,glioma,0,glioma,0.9820948839,0.0045229322,0.0061288970,0.0072533647
2256,"/kaggle/input/datasets/arafatrahmann/my-data221/Epic and CSCR hospital Dataset/Train/glioma/Tr-gl_0911.jpg",0,glioma,0,glioma,0.9825214148,0.0042567281,0.0061974018,0.0070244446
2257,"/kaggle/input/datasets/arafatrahmann/my-data221/Epic and CSCR hospital Dataset/Train/glioma/Tr-gl_0912.jpg",0,glioma,0,glioma,0.9818103909,0.0046648998,0.0062309406,0.0072937077
2259,"/kaggle/input/datasets/arafatrahmann/my-data221/Epic and CSCR hospital Dataset/Train/glioma/Tr-gl_0914.jpg",0,glioma,0,glioma,0.9820529819,0.0046694377,0.0063561513,0.0069214003
2261,"/kaggle/input/datasets/arafatrahmann/my-data221/Epic and CSCR hospital Dataset/Train/glioma/Tr-gl_0916.jpg",0,glioma,0,glioma,0.9819172025,0.0047521880,0.0063454569,0.0069851829
2271,"/kaggle/input/datasets/arafatrahmann/my-data221/Epic and CSCR hospital Dataset/Train/glioma/Tr-gl_0926.jpg",0,glioma,0,glioma,0.9820663333,0.0044860165,0.0068758205,0.0065718195
2272,"/kaggle/input/datasets/arafatrahmann/my-data221/Epic and CSCR hospital Dataset/Train/glioma/Tr-gl_0927.jpg",0,glioma,0,glioma,0.9829046130,0.0041209171,0.0065043839,0.0064701377
2273,"/kaggle/input/datasets/arafatrahmann/my-data221/Epic and CSCR hospital Dataset/Train/glioma/Tr-gl_0928.jpg",0,glioma,0,glioma,0.9828054309,0.0041099293,0.0063703330,0.0067143575
2274,"/kaggle/input/datasets/arafatrahmann/my-data221/Epic and CSCR hospital Dataset/Train/glioma/Tr-gl_0929.jpg",0,glioma,0,glioma,0.9829404950,0.0041966899,0.0062522939,0.0066105323
2278,"/kaggle/input/datasets/arafatrahmann/my-data221/Epic and CSCR hospital Dataset/Train/glioma/Tr-gl_0933.jpg",0,glioma,0,glioma,0.9817999005,0.0045284163,0.0070888801,0.0065827915
2282,"/kaggle/input/datasets/arafatrahmann/my-data221/Epic and CSCR hospital Dataset/Train/glioma/Tr-gl_0937.jpg",0,glioma,0,glioma,0.9828563929,0.0041055023,0.0062566302,0.0067814784
2283,"/kaggle/input/datasets/arafatrahmann/my-data221/Epic and CSCR hospital Dataset/Train/glioma/Tr-gl_0938.jpg",0,glioma,0,glioma,0.9825783968,0.0043078079,0.0062608481,0.0068529882
2290,"/kaggle/input/datasets/arafatrahmann/my-data221/Epic and CSCR hospital Dataset/Train/glioma/Tr-gl_0945.jpg",0,glioma,0,glioma,0.9831761122,0.0037618889,0.0069649802,0.0060969624
2292,"/kaggle/input/datasets/arafatrahmann/my-data221/Epic and CSCR hospital Dataset/Train/glioma/Tr-gl_0947.jpg",0,glioma,0,glioma,0.9802988172,0.0058400324,0.0073552108,0.0065059541
2296,"/kaggle/input/datasets/arafatrahmann/my-data221/Epic and CSCR hospital Dataset/Train/glioma/Tr-gl_0951.jpg",0,glioma,0,glioma,0.9818363190,0.0045830468,0.0070205750,0.0065600211
2299,"/kaggle/input/datasets/arafatrahmann/my-data221/Epic and CSCR hospital Dataset/Train/glioma/Tr-gl_0954.jpg",0,glioma,0,glioma,0.9819366336,0.0047883196,0.0065149539,0.0067600654
2300,"/kaggle/input/datasets/arafatrahmann/my-data221/Epic and CSCR hospital Dataset/Train/glioma/Tr-gl_0955.jpg",0,glioma,0,glioma,0.9822932482,0.0042807371,0.0067214496,0.0067045270
2301,"/kaggle/input/datasets/arafatrahmann/my-data221/Epic and CSCR hospital Dataset/Train/glioma/Tr-gl_0956.jpg",0,glioma,0,glioma,0.9826604724,0.0040744627,0.0064660744,0.0067989626
2302,"/kaggle/input/datasets/arafatrahmann/my-data221/Epic and CSCR hospital Dataset/Train/glioma/Tr-gl_0957.jpg",0,glioma,0,glioma,0.9815622568,0.0043519633,0.0062182946,0.0078675468
2306,"/kaggle/input/datasets/arafatrahmann/my-data221/Epic and CSCR hospital Dataset/Train/glioma/Tr-gl_0961.jpg",0,glioma,0,glioma,0.9819883108,0.0044103665,0.0064872690,0.0071139908
2319,"/kaggle/input/datasets/arafatrahmann/my-data221/Epic and CSCR hospital Dataset/Train/glioma/Tr-gl_0974.jpg",0,glioma,0,glioma,0.9822249413,0.0042958865,0.0061915154,0.0072876886
2320,"/kaggle/input/datasets/arafatrahmann/my-data221/Epic and CSCR hospital Dataset/Train/glioma/Tr-gl_0975.jpg",0,glioma,0,glioma,0.9805967212,0.0048191035,0.0065573594,0.0080267759
2328,"/kaggle/input/datasets/arafatrahmann/my-data221/Epic and CSCR hospital Dataset/Train/glioma/Tr-gl_0983.jpg",0,glioma,0,glioma,0.9820965528,0.0043625003,0.0063963309,0.0071445629
2330,"/kaggle/input/datasets/arafatrahmann/my-data221/Epic and CSCR hospital Dataset/Train/glioma/Tr-gl_0985.jpg",0,glioma,0,glioma,0.9825393558,0.0042690123,0.0062560947,0.0069355830
2331,"/kaggle/input/datasets/arafatrahmann/my-data221/Epic and CSCR hospital Dataset/Train/glioma/Tr-gl_0986.jpg",0,glioma,0,glioma,0.9820243716,0.0043449518,0.0061618113,0.0074688061
2347,"/kaggle/input/datasets/arafatrahmann/my-data221/Epic and CSCR hospital Dataset/Train/glioma/Tr-gl_1002.jpg",0,glioma,0,glioma,0.9789319038,0.0065937042,0.0070005441,0.0074738027
2355,"/kaggle/input/datasets/arafatrahmann/my-data221/Epic and CSCR hospital Dataset/Train/glioma/Tr-gl_1010.jpg",0,glioma,0,glioma,0.9835688472,0.0038924485,0.0066643008,0.0058742799
2358,"/kaggle/input/datasets/arafatrahmann/my-data221/Epic and CSCR hospital Dataset/Train/glioma/Tr-gl_1013.jpg",0,glioma,0,glioma,0.9836815000,0.0037532835,0.0065141106,0.0060510738
2365,"/kaggle/input/datasets/arafatrahmann/my-data221/Epic and CSCR hospital Dataset/Train/glioma/Tr-gl_1020.jpg",0,glioma,0,glioma,0.9811964035,0.0047032791,0.0064085438,0.0076917829
2366,"/kaggle/input/datasets/arafatrahmann/my-data221/Epic and CSCR hospital Dataset/Train/glioma/Tr-gl_1021.jpg",0,glioma,0,glioma,0.9831855893,0.0042322446,0.0064145634,0.0061675906
2369,"/kaggle/input/datasets/arafatrahmann/my-data221/Epic and CSCR hospital Dataset/Train/glioma/Tr-gl_1024.jpg",0,glioma,0,glioma,0.9824470282,0.0043928823,0.0067408280,0.0064192428
2374,"/kaggle/input/datasets/arafatrahmann/my-data221/Epic and CSCR hospital Dataset/Train/glioma/Tr-gl_1029.jpg",0,glioma,0,glioma,0.9813718796,0.0048154886,0.0065037855,0.0073088584
2376,"/kaggle/input/datasets/arafatrahmann/my-data221/Epic and CSCR hospital Dataset/Train/glioma/Tr-gl_1031.jpg",0,glioma,0,glioma,0.9833567739,0.0039750682,0.0062678130,0.0064003235
2380,"/kaggle/input/datasets/arafatrahmann/my-data221/Epic and CSCR hospital Dataset/Train/glioma/Tr-gl_1035.jpg",0,glioma,0,glioma,0.9830057025,0.0041666050,0.0063851834,0.0064424351
2381,"/kaggle/input/datasets/arafatrahmann/my-data221/Epic and CSCR hospital Dataset/Train/glioma/Tr-gl_1036.jpg",0,glioma,0,glioma,0.9826370478,0.0041912375,0.0067412332,0.0064304592
2382,"/kaggle/input/datasets/arafatrahmann/my-data221/Epic and CSCR hospital Dataset/Train/glioma/Tr-gl_1037.jpg",0,glioma,0,glioma,0.9819759130,0.0041450774,0.0069467663,0.0069322377
2387,"/kaggle/input/datasets/arafatrahmann/my-data221/Epic and CSCR hospital Dataset/Train/glioma/Tr-gl_1042.jpg",0,glioma,0,glioma,0.9813049436,0.0047894814,0.0064424193,0.0074631721
2398,"/kaggle/input/datasets/arafatrahmann/my-data221/Epic and CSCR hospital Dataset/Train/glioma/Tr-gl_1053.jpg",0,glioma,0,glioma,0.9828270674,0.0042251348,0.0060627209,0.0068851179
2403,"/kaggle/input/datasets/arafatrahmann/my-data221/Epic and CSCR hospital Dataset/Train/glioma/Tr-gl_1058.jpg",0,glioma,0,glioma,0.9820392728,0.0046329470,0.0065227943,0.0068050167
2404,"/kaggle/input/datasets/arafatrahmann/my-data221/Epic and CSCR hospital Dataset/Train/glioma/Tr-gl_1059.jpg",0,glioma,0,glioma,0.9808363914,0.0048006703,0.0067497613,0.0076131793
2405,"/kaggle/input/datasets/arafatrahmann/my-data221/Epic and CSCR hospital Dataset/Train/glioma/Tr-gl_1060.jpg",0,glioma,0,glioma,0.9835609198,0.0037989661,0.0063530132,0.0062870891
2408,"/kaggle/input/datasets/arafatrahmann/my-data221/Epic and CSCR hospital Dataset/Train/glioma/Tr-gl_1063.jpg",0,glioma,0,glioma,0.9828376770,0.0040299548,0.0064139040,0.0067184144
2423,"/kaggle/input/datasets/arafatrahmann/my-data221/Epic and CSCR hospital Dataset/Train/glioma/Tr-gl_1078.jpg",0,glioma,0,glioma,0.9829343557,0.0042524114,0.0063400948,0.0064731697
2425,"/kaggle/input/datasets/arafatrahmann/my-data221/Epic and CSCR hospital Dataset/Train/glioma/Tr-gl_1080.jpg",0,glioma,0,glioma,0.9807621241,0.0052231774,0.0072145378,0.0068001212
2428,"/kaggle/input/datasets/arafatrahmann/my-data221/Epic and CSCR hospital Dataset/Train/glioma/Tr-gl_1083.jpg",0,glioma,0,glioma,0.9802139401,0.0050608693,0.0063561588,0.0083690239
2429,"/kaggle/input/datasets/arafatrahmann/my-data221/Epic and CSCR hospital Dataset/Train/glioma/Tr-gl_1084.jpg",0,glioma,0,glioma,0.9822053909,0.0042037908,0.0064452058,0.0071456162
2436,"/kaggle/input/datasets/arafatrahmann/my-data221/Epic and CSCR hospital Dataset/Train/glioma/Tr-gl_1091.jpg",0,glioma,0,glioma,0.9821925163,0.0043174932,0.0064438172,0.0070461584
2442,"/kaggle/input/datasets/arafatrahmann/my-data221/Epic and CSCR hospital Dataset/Train/glioma/Tr-gl_1097.jpg",0,glioma,0,glioma,0.9826498032,0.0042063575,0.0065157986,0.0066280602
2443,"/kaggle/input/datasets/arafatrahmann/my-data221/Epic and CSCR hospital Dataset/Train/glioma/Tr-gl_1098.jpg",0,glioma,0,glioma,0.9825258255,0.0040886439,0.0063615395,0.0070240661
2445,"/kaggle/input/datasets/arafatrahmann/my-data221/Epic and CSCR hospital Dataset/Train/glioma/Tr-gl_1100.jpg",0,glioma,0,glioma,0.9826528430,0.0040716245,0.0062972382,0.0069783228
2450,"/kaggle/input/datasets/arafatrahmann/my-data221/Epic and CSCR hospital Dataset/Train/glioma/Tr-gl_1105.jpg",0,glioma,0,glioma,0.9818832278,0.0046431124,0.0061502261,0.0073234425
2455,"/kaggle/input/datasets/arafatrahmann/my-data221/Epic and CSCR hospital Dataset/Train/glioma/Tr-gl_1110.jpg",0,glioma,0,glioma,0.9821010828,0.0044145337,0.0067359386,0.0067484365
2466,"/kaggle/input/datasets/arafatrahmann/my-data221/Epic and CSCR hospital Dataset/Train/glioma/Tr-gl_1121.jpg",0,glioma,0,glioma,0.9825237989,0.0044436897,0.0064316853,0.0066007785
2478,"/kaggle/input/datasets/arafatrahmann/my-data221/Epic and CSCR hospital Dataset/Train/glioma/Tr-gl_1133.jpg",0,glioma,0,glioma,0.9826062322,0.0044539263,0.0067517562,0.0061880862
2480,"/kaggle/input/datasets/arafatrahmann/my-data221/Epic and CSCR hospital Dataset/Train/glioma/Tr-gl_1135.jpg",0,glioma,0,glioma,0.9816066027,0.0047507924,0.0070706205,0.0065721227
2483,"/kaggle/input/datasets/arafatrahmann/my-data221/Epic and CSCR hospital Dataset/Train/glioma/Tr-gl_1138.jpg",0,glioma,0,glioma,0.9821979403,0.0045227371,0.0065484107,0.0067308918
2490,"/kaggle/input/datasets/arafatrahmann/my-data221/Epic and CSCR hospital Dataset/Train/glioma/Tr-gl_1145.jpg",0,glioma,0,glioma,0.9829862714,0.0040779905,0.0064887912,0.0064470768
2494,"/kaggle/input/datasets/arafatrahmann/my-data221/Epic and CSCR hospital Dataset/Train/glioma/Tr-gl_1149.jpg",0,glioma,0,glioma,0.9804757237,0.0053540440,0.0072108684,0.0069594108
2495,"/kaggle/input/datasets/arafatrahmann/my-data221/Epic and CSCR hospital Dataset/Train/glioma/Tr-gl_1150.jpg",0,glioma,0,glioma,0.5520895720,0.4334241748,0.0074797957,0.0070064603
2502,"/kaggle/input/datasets/arafatrahmann/my-data221/Epic and CSCR hospital Dataset/Train/glioma/Tr-gl_1157.jpg",0,glioma,0,glioma,0.9825148582,0.0043006008,0.0069418205,0.0062426799
2512,"/kaggle/input/datasets/arafatrahmann/my-data221/Epic and CSCR hospital Dataset/Train/glioma/Tr-gl_1167.jpg",0,glioma,0,glioma,0.8658314943,0.1195734516,0.0076132910,0.0069819158
2523,"/kaggle/input/datasets/arafatrahmann/my-data221/Epic and CSCR hospital Dataset/Train/glioma/Tr-gl_1178.jpg",0,glioma,0,glioma,0.9820895195,0.0042443499,0.0064282133,0.0072378470
2537,"/kaggle/input/datasets/arafatrahmann/my-data221/Epic and CSCR hospital Dataset/Train/glioma/Tr-gl_1192.jpg",0,glioma,0,glioma,0.9818712473,0.0043817754,0.0071062008,0.0066408389
2549,"/kaggle/input/datasets/arafatrahmann/my-data221/Epic and CSCR hospital Dataset/Train/glioma/Tr-gl_1214.jpg",0,glioma,0,glioma,0.9817894101,0.0046078134,0.0068406956,0.0067621358
2552,"/kaggle/input/datasets/arafatrahmann/my-data221/Epic and CSCR hospital Dataset/Train/glioma/Tr-gl_1217.jpg",0,glioma,0,glioma,0.9762835503,0.0086944122,0.0073654959,0.0076565864
2559,"/kaggle/input/datasets/arafatrahmann/my-data221/Epic and CSCR hospital Dataset/Train/glioma/Tr-gl_1224.jpg",0,glioma,0,glioma,0.9800922275,0.0052968767,0.0080631701,0.0065476820
2561,"/kaggle/input/datasets/arafatrahmann/my-data221/Epic and CSCR hospital Dataset/Train/glioma/Tr-gl_1226.jpg",0,glioma,0,glioma,0.9816054106,0.0048923246,0.0067959339,0.0067063356
2564,"/kaggle/input/datasets/arafatrahmann/my-data221/Epic and CSCR hospital Dataset/Train/glioma/Tr-gl_1229.jpg",0,glioma,0,glioma,0.9820434451,0.0046019387,0.0065660430,0.0067885169
2566,"/kaggle/input/datasets/arafatrahmann/my-data221/Epic and CSCR hospital Dataset/Train/glioma/Tr-gl_1231.jpg",0,glioma,0,glioma,0.8783642650,0.1059603691,0.0076704533,0.0080048461
2572,"/kaggle/input/datasets/arafatrahmann/my-data221/Epic and CSCR hospital Dataset/Train/glioma/Tr-gl_1237.jpg",0,glioma,0,glioma,0.9823834300,0.0042377790,0.0066267154,0.0067521008
2573,"/kaggle/input/datasets/arafatrahmann/my-data221/Epic and CSCR hospital Dataset/Train/glioma/Tr-gl_1238.jpg",0,glioma,0,glioma,0.9833396077,0.0040907329,0.0064469441,0.0061227353
2585,"/kaggle/input/datasets/arafatrahmann/my-data221/Epic and CSCR hospital Dataset/Train/glioma/Tr-gl_1266.jpg",0,glioma,0,glioma,0.9834116697,0.0039569316,0.0068906196,0.0057406956
2593,"/kaggle/input/datasets/arafatrahmann/my-data221/Epic and CSCR hospital Dataset/Train/glioma/gg (329).jpg",0,glioma,0,glioma,0.9826846123,0.0039829253,0.0067770993,0.0065554059
2596,"/kaggle/input/datasets/arafatrahmann/my-data221/Epic and CSCR hospital Dataset/Train/glioma/gg (331).jpg",0,glioma,0,glioma,0.9837883711,0.0036892295,0.0062751742,0.0062471703
2620,"/kaggle/input/datasets/arafatrahmann/my-data221/Epic and CSCR hospital Dataset/Train/glioma/gg (366).jpg",0,glioma,0,glioma,0.9808491468,0.0047674431,0.0062277019,0.0081557091
2629,"/kaggle/input/datasets/arafatrahmann/my-data221/Epic and CSCR hospital Dataset/Train/glioma/gg (374).jpg",0,glioma,0,glioma,0.9828101397,0.0042682313,0.0063558579,0.0065658642
2631,"/kaggle/input/datasets/arafatrahmann/my-data221/Epic and CSCR hospital Dataset/Train/glioma/gg (376).jpg",0,glioma,0,glioma,0.9825785756,0.0040412755,0.0065705413,0.0068096826
2633,"/kaggle/input/datasets/arafatrahmann/my-data221/Epic and CSCR hospital Dataset/Train/glioma/gg (378).jpg",0,glioma,0,glioma,0.9829012156,0.0038867458,0.0064378218,0.0067741522
2646,"/kaggle/input/datasets/arafatrahmann/my-data221/Epic and CSCR hospital Dataset/Train/glioma/gg (39).jpg",0,glioma,0,glioma,0.9824181795,0.0039472706,0.0064945929,0.0071400190
2648,"/kaggle/input/datasets/arafatrahmann/my-data221/Epic and CSCR hospital Dataset/Train/glioma/gg (391).jpg",0,glioma,0,glioma,0.9835503697,0.0039854152,0.0062321303,0.0062321527
2660,"/kaggle/input/datasets/arafatrahmann/my-data221/Epic and CSCR hospital Dataset/Train/glioma/gg (401).jpg",0,glioma,0,glioma,0.9829753041,0.0040200604,0.0063247965,0.0066797598
2667,"/kaggle/input/datasets/arafatrahmann/my-data221/Epic and CSCR hospital Dataset/Train/glioma/gg (408).jpg",0,glioma,0,glioma,0.9824588895,0.0041020927,0.0067293672,0.0067095580
2670,"/kaggle/input/datasets/arafatrahmann/my-data221/Epic and CSCR hospital Dataset/Train/glioma/gg (410).jpg",0,glioma,0,glioma,0.9825962782,0.0040971991,0.0067327432,0.0065737986
2674,"/kaggle/input/datasets/arafatrahmann/my-data221/Epic and CSCR hospital Dataset/Train/glioma/gg (414).jpg",0,glioma,0,glioma,0.9832755327,0.0037431910,0.0066653555,0.0063159405
2678,"/kaggle/input/datasets/arafatrahmann/my-data221/Epic and CSCR hospital Dataset/Train/glioma/gg (418).jpg",0,glioma,0,glioma,0.9828904867,0.0037845604,0.0065060467,0.0068189627
2679,"/kaggle/input/datasets/arafatrahmann/my-data221/Epic and CSCR hospital Dataset/Train/glioma/gg (419).jpg",0,glioma,0,glioma,0.9827159643,0.0040946943,0.0063639968,0.0068253106
2682,"/kaggle/input/datasets/arafatrahmann/my-data221/Epic and CSCR hospital Dataset/Train/glioma/gg (421).jpg",0,glioma,0,glioma,0.9824573398,0.0043744151,0.0063819224,0.0067862547
2684,"/kaggle/input/datasets/arafatrahmann/my-data221/Epic and CSCR hospital Dataset/Train/glioma/gg (423).jpg",0,glioma,0,glioma,0.9825018644,0.0043085567,0.0064922394,0.0066972761
2685,"/kaggle/input/datasets/arafatrahmann/my-data221/Epic and CSCR hospital Dataset/Train/glioma/gg (424).jpg",0,glioma,0,glioma,0.9818593860,0.0051421211,0.0062163509,0.0067820973
2686,"/kaggle/input/datasets/arafatrahmann/my-data221/Epic and CSCR hospital Dataset/Train/glioma/gg (425).jpg",0,glioma,0,glioma,0.9828665853,0.0042237029,0.0065618716,0.0063477829
2687,"/kaggle/input/datasets/arafatrahmann/my-data221/Epic and CSCR hospital Dataset/Train/glioma/gg (426).jpg",0,glioma,0,glioma,0.9816929102,0.0046648686,0.0065930607,0.0070492513
2697,"/kaggle/input/datasets/arafatrahmann/my-data221/Epic and CSCR hospital Dataset/Train/glioma/gg (435).jpg",0,glioma,0,glioma,0.9820691943,0.0043843249,0.0068402537,0.0067062192
2704,"/kaggle/input/datasets/arafatrahmann/my-data221/Epic and CSCR hospital Dataset/Train/glioma/gg (441).jpg",0,glioma,0,glioma,0.9827591777,0.0044938829,0.0067888536,0.0059579983
2705,"/kaggle/input/datasets/arafatrahmann/my-data221/Epic and CSCR hospital Dataset/Train/glioma/gg (442).jpg",0,glioma,0,glioma,0.9831560254,0.0041099014,0.0066743633,0.0060596578
2707,"/kaggle/input/datasets/arafatrahmann/my-data221/Epic and CSCR hospital Dataset/Train/glioma/gg (444).jpg",0,glioma,0,glioma,0.9817277789,0.0046098731,0.0066675246,0.0069948942
2708,"/kaggle/input/datasets/arafatrahmann/my-data221/Epic and CSCR hospital Dataset/Train/glioma/gg (445).jpg",0,glioma,0,glioma,0.9815292358,0.0049193469,0.0069648111,0.0065866807
2710,"/kaggle/input/datasets/arafatrahmann/my-data221/Epic and CSCR hospital Dataset/Train/glioma/gg (447).jpg",0,glioma,0,glioma,0.9825245142,0.0044522271,0.0065232748,0.0064999908
2711,"/kaggle/input/datasets/arafatrahmann/my-data221/Epic and CSCR hospital Dataset/Train/glioma/gg (448).jpg",0,glioma,0,glioma,0.9826498032,0.0042023165,0.0067354045,0.0064124539
2715,"/kaggle/input/datasets/arafatrahmann/my-data221/Epic and CSCR hospital Dataset/Train/glioma/gg (451).jpg",0,glioma,0,glioma,0.9828255773,0.0043224730,0.0067699119,0.0060821222
2718,"/kaggle/input/datasets/arafatrahmann/my-data221/Epic and CSCR hospital Dataset/Train/glioma/gg (454).jpg",0,glioma,0,glioma,0.9812741280,0.0049673533,0.0062224767,0.0075361021
2742,"/kaggle/input/datasets/arafatrahmann/my-data221/Epic and CSCR hospital Dataset/Train/glioma/gg (476).jpg",0,glioma,0,glioma,0.9825081825,0.0042822785,0.0068966388,0.0063128672
2745,"/kaggle/input/datasets/arafatrahmann/my-data221/Epic and CSCR hospital Dataset/Train/glioma/gg (479).jpg",0,glioma,0,glioma,0.9809392691,0.0056008431,0.0073092780,0.0061506024
2750,"/kaggle/input/datasets/arafatrahmann/my-data221/Epic and CSCR hospital Dataset/Train/glioma/gg (483).jpg",0,glioma,0,glioma,0.9816008806,0.0043508569,0.0066272886,0.0074210176
2751,"/kaggle/input/datasets/arafatrahmann/my-data221/Epic and CSCR hospital Dataset/Train/glioma/gg (484).jpg",0,glioma,0,glioma,0.9818302393,0.0041013965,0.0065823360,0.0074860407
2755,"/kaggle/input/datasets/arafatrahmann/my-data221/Epic and CSCR hospital Dataset/Train/glioma/gg (488).jpg",0,glioma,0,glioma,0.9803814888,0.0058624693,0.0070786523,0.0066773221
2756,"/kaggle/input/datasets/arafatrahmann/my-data221/Epic and CSCR hospital Dataset/Train/glioma/gg (489).jpg",0,glioma,0,glioma,0.9797023535,0.0059868391,0.0074767047,0.0068340614
2764,"/kaggle/input/datasets/arafatrahmann/my-data221/Epic and CSCR hospital Dataset/Train/glioma/gg (496).jpg",0,glioma,0,glioma,0.9815775752,0.0052931560,0.0069949841,0.0061343284
2780,"/kaggle/input/datasets/arafatrahmann/my-data221/Epic and CSCR hospital Dataset/Train/glioma/gg (51).jpg",0,glioma,0,glioma,0.9812870026,0.0050737215,0.0065146848,0.0071245590
2782,"/kaggle/input/datasets/arafatrahmann/my-data221/Epic and CSCR hospital Dataset/Train/glioma/gg (511).jpg",0,glioma,0,glioma,0.9833112955,0.0040313629,0.0065573072,0.0061000232
2783,"/kaggle/input/datasets/arafatrahmann/my-data221/Epic and CSCR hospital Dataset/Train/glioma/gg (512).jpg",0,glioma,0,glioma,0.9824879766,0.0044194618,0.0068166875,0.0062759235
2784,"/kaggle/input/datasets/arafatrahmann/my-data221/Epic and CSCR hospital Dataset/Train/glioma/gg (513).jpg",0,glioma,0,glioma,0.9829545021,0.0038980406,0.0068124458,0.0063350587
2785,"/kaggle/input/datasets/arafatrahmann/my-data221/Epic and CSCR hospital Dataset/Train/glioma/gg (514).jpg",0,glioma,0,glioma,0.9827183485,0.0040131100,0.0067318650,0.0065367022
2786,"/kaggle/input/datasets/arafatrahmann/my-data221/Epic and CSCR hospital Dataset/Train/glioma/gg (515).jpg",0,glioma,0,glioma,0.9827860594,0.0040373220,0.0067997389,0.0063768574
2787,"/kaggle/input/datasets/arafatrahmann/my-data221/Epic and CSCR hospital Dataset/Train/glioma/gg (516).jpg",0,glioma,0,glioma,0.9821392298,0.0044347094,0.0069190664,0.0065069883
2788,"/kaggle/input/datasets/arafatrahmann/my-data221/Epic and CSCR hospital Dataset/Train/glioma/gg (517).jpg",0,glioma,0,glioma,0.9832317233,0.0042816801,0.0063186111,0.0061679790
2793,"/kaggle/input/datasets/arafatrahmann/my-data221/Epic and CSCR hospital Dataset/Train/glioma/gg (521).jpg",0,glioma,0,glioma,0.9593179822,0.0240444597,0.0073492504,0.0092882868
2797,"/kaggle/input/datasets/arafatrahmann/my-data221/Epic and CSCR hospital Dataset/Train/glioma/gg (525).jpg",0,glioma,0,glioma,0.9828554392,0.0041807317,0.0065854946,0.0063783871
2798,"/kaggle/input/datasets/arafatrahmann/my-data221/Epic and CSCR hospital Dataset/Train/glioma/gg (526).jpg",0,glioma,0,glioma,0.9820600748,0.0046655098,0.0068420097,0.0064323181
2799,"/kaggle/input/datasets/arafatrahmann/my-data221/Epic and CSCR hospital Dataset/Train/glioma/gg (527).jpg",0,glioma,0,glioma,0.9808658361,0.0050350432,0.0072505325,0.0068486407
2813,"/kaggle/input/datasets/arafatrahmann/my-data221/Epic and CSCR hospital Dataset/Train/glioma/gg (54).jpg",0,glioma,0,glioma,0.9822681546,0.0042466773,0.0065710088,0.0069141053
2819,"/kaggle/input/datasets/arafatrahmann/my-data221/Epic and CSCR hospital Dataset/Train/glioma/gg (545).jpg",0,glioma,0,glioma,0.9820154905,0.0043999907,0.0069762231,0.0066083097
2823,"/kaggle/input/datasets/arafatrahmann/my-data221/Epic and CSCR hospital Dataset/Train/glioma/gg (549).jpg",0,glioma,0,glioma,0.9816976786,0.0043859277,0.0068116696,0.0071047759
2825,"/kaggle/input/datasets/arafatrahmann/my-data221/Epic and CSCR hospital Dataset/Train/glioma/gg (550).jpg",0,glioma,0,glioma,0.9825938940,0.0041251383,0.0064823134,0.0067986520
2826,"/kaggle/input/datasets/arafatrahmann/my-data221/Epic and CSCR hospital Dataset/Train/glioma/gg (551).jpg",0,glioma,0,glioma,0.9812186360,0.0046974802,0.0067584091,0.0073255398
2827,"/kaggle/input/datasets/arafatrahmann/my-data221/Epic and CSCR hospital Dataset/Train/glioma/gg (552).jpg",0,glioma,0,glioma,0.9810045362,0.0047404706,0.0082034022,0.0060517080
2829,"/kaggle/input/datasets/arafatrahmann/my-data221/Epic and CSCR hospital Dataset/Train/glioma/gg (554).jpg",0,glioma,0,glioma,0.9776375890,0.0070691705,0.0086343959,0.0066589653
2831,"/kaggle/input/datasets/arafatrahmann/my-data221/Epic and CSCR hospital Dataset/Train/glioma/gg (556).jpg",0,glioma,0,glioma,0.9826658964,0.0042701326,0.0065701441,0.0064938343
2839,"/kaggle/input/datasets/arafatrahmann/my-data221/Epic and CSCR hospital Dataset/Train/glioma/gg (563).jpg",0,glioma,0,glioma,0.9821604490,0.0041738786,0.0069266027,0.0067389854
2841,"/kaggle/input/datasets/arafatrahmann/my-data221/Epic and CSCR hospital Dataset/Train/glioma/gg (565).jpg",0,glioma,0,glioma,0.9831746221,0.0038099433,0.0065029883,0.0065124058
2845,"/kaggle/input/datasets/arafatrahmann/my-data221/Epic and CSCR hospital Dataset/Train/glioma/gg (569).jpg",0,glioma,0,glioma,0.9828175306,0.0038845059,0.0066967718,0.0066011893
2850,"/kaggle/input/datasets/arafatrahmann/my-data221/Epic and CSCR hospital Dataset/Train/glioma/gg (573).jpg",0,glioma,0,glioma,0.9816336632,0.0043726442,0.0067523420,0.0072413618
2855,"/kaggle/input/datasets/arafatrahmann/my-data221/Epic and CSCR hospital Dataset/Train/glioma/gg (578).jpg",0,glioma,0,glioma,0.9832812548,0.0038906769,0.0065574967,0.0062706457
2858,"/kaggle/input/datasets/arafatrahmann/my-data221/Epic and CSCR hospital Dataset/Train/glioma/gg (580).jpg",0,glioma,0,glioma,0.9828978777,0.0042326627,0.0064856261,0.0063838833
2859,"/kaggle/input/datasets/arafatrahmann/my-data221/Epic and CSCR hospital Dataset/Train/glioma/gg (581).jpg",0,glioma,0,glioma,0.9817485809,0.0047265165,0.0066820458,0.0068429923
2862,"/kaggle/input/datasets/arafatrahmann/my-data221/Epic and CSCR hospital Dataset/Train/glioma/gg (584).jpg",0,glioma,0,glioma,0.9828437567,0.0041540251,0.0065380028,0.0064642048
2872,"/kaggle/input/datasets/arafatrahmann/my-data221/Epic and CSCR hospital Dataset/Train/glioma/gg (593).jpg",0,glioma,0,glioma,0.9827068448,0.0039201323,0.0065305866,0.0068425061
2874,"/kaggle/input/datasets/arafatrahmann/my-data221/Epic and CSCR hospital Dataset/Train/glioma/gg (595).jpg",0,glioma,0,glioma,0.9826174974,0.0038142563,0.0067235297,0.0068447008
2881,"/kaggle/input/datasets/arafatrahmann/my-data221/Epic and CSCR hospital Dataset/Train/glioma/gg (600).jpg",0,glioma,0,glioma,0.9816972017,0.0047249612,0.0070363395,0.0065415092
2882,"/kaggle/input/datasets/arafatrahmann/my-data221/Epic and CSCR hospital Dataset/Train/glioma/gg (601).jpg",0,glioma,0,glioma,0.9823423624,0.0045378814,0.0068393983,0.0062804185
2885,"/kaggle/input/datasets/arafatrahmann/my-data221/Epic and CSCR hospital Dataset/Train/glioma/gg (604).jpg",0,glioma,0,glioma,0.9817172289,0.0046247514,0.0068081468,0.0068498477
2888,"/kaggle/input/datasets/arafatrahmann/my-data221/Epic and CSCR hospital Dataset/Train/glioma/gg (607).jpg",0,glioma,0,glioma,0.9833387136,0.0035208496,0.0068810880,0.0062592602
2889,"/kaggle/input/datasets/arafatrahmann/my-data221/Epic and CSCR hospital Dataset/Train/glioma/gg (608).jpg",0,glioma,0,glioma,0.9815078974,0.0046345042,0.0069761514,0.0068814894
2890,"/kaggle/input/datasets/arafatrahmann/my-data221/Epic and CSCR hospital Dataset/Train/glioma/gg (609).jpg",0,glioma,0,glioma,0.9809535146,0.0048665730,0.0070504555,0.0071295286
2898,"/kaggle/input/datasets/arafatrahmann/my-data221/Epic and CSCR hospital Dataset/Train/glioma/gg (616).jpg",0,glioma,0,glioma,0.9834272265,0.0038307023,0.0064753732,0.0062667937
2900,"/kaggle/input/datasets/arafatrahmann/my-data221/Epic and CSCR hospital Dataset/Train/glioma/gg (618).jpg",0,glioma,0,glioma,0.9822189212,0.0046287882,0.0068015456,0.0063506863
2907,"/kaggle/input/datasets/arafatrahmann/my-data221/Epic and CSCR hospital Dataset/Train/glioma/gg (624).jpg",0,glioma,0,glioma,0.9814006090,0.0047169435,0.0071838484,0.0066986210
2916,"/kaggle/input/datasets/arafatrahmann/my-data221/Epic and CSCR hospital Dataset/Train/glioma/gg (632).jpg",0,glioma,0,glioma,0.9833423495,0.0038317810,0.0064502447,0.0063755335
2917,"/kaggle/input/datasets/arafatrahmann/my-data221/Epic and CSCR hospital Dataset/Train/glioma/gg (633).jpg",0,glioma,0,glioma,0.9813941717,0.0047846143,0.0073601664,0.0064609693
2919,"/kaggle/input/datasets/arafatrahmann/my-data221/Epic and CSCR hospital Dataset/Train/glioma/gg (635).jpg",0,glioma,0,glioma,0.9788471460,0.0064237365,0.0078704972,0.0068587111
2920,"/kaggle/input/datasets/arafatrahmann/my-data221/Epic and CSCR hospital Dataset/Train/glioma/gg (636).jpg",0,glioma,0,glioma,0.9837207794,0.0038758323,0.0063777007,0.0060257167
2925,"/kaggle/input/datasets/arafatrahmann/my-data221/Epic and CSCR hospital Dataset/Train/glioma/gg (640).jpg",0,glioma,0,glioma,0.9824207425,0.0041140383,0.0069392868,0.0065259100
2929,"/kaggle/input/datasets/arafatrahmann/my-data221/Epic and CSCR hospital Dataset/Train/glioma/gg (644).jpg",0,glioma,0,glioma,0.9813731909,0.0049838116,0.0069621904,0.0066807782
2934,"/kaggle/input/datasets/arafatrahmann/my-data221/Epic and CSCR hospital Dataset/Train/glioma/gg (660).jpg",0,glioma,0,glioma,0.9833168983,0.0038354795,0.0066327280,0.0062149419
2936,"/kaggle/input/datasets/arafatrahmann/my-data221/Epic and CSCR hospital Dataset/Train/glioma/gg (662).jpg",0,glioma,0,glioma,0.9833753705,0.0040817675,0.0064712330,0.0060715713
2943,"/kaggle/input/datasets/arafatrahmann/my-data221/Epic and CSCR hospital Dataset/Train/glioma/gg (669).jpg",0,glioma,0,glioma,0.9810611606,0.0048989099,0.0076758652,0.0063640065
2947,"/kaggle/input/datasets/arafatrahmann/my-data221/Epic and CSCR hospital Dataset/Train/glioma/gg (673).jpg",0,glioma,0,glioma,0.9829121828,0.0041335444,0.0067052804,0.0062489915
2948,"/kaggle/input/datasets/arafatrahmann/my-data221/Epic and CSCR hospital Dataset/Train/glioma/gg (674).jpg",0,glioma,0,glioma,0.9814447165,0.0045310333,0.0068070055,0.0072172484
2951,"/kaggle/input/datasets/arafatrahmann/my-data221/Epic and CSCR hospital Dataset/Train/glioma/gg (677).jpg",0,glioma,0,glioma,0.9822680354,0.0046184240,0.0064102365,0.0067033814
2962,"/kaggle/input/datasets/arafatrahmann/my-data221/Epic and CSCR hospital Dataset/Train/glioma/image(19).jpg",0,glioma,2,notumor,0.0084049078,0.0150306271,0.9658826590,0.0106817577
2963,"/kaggle/input/datasets/arafatrahmann/my-data221/Epic and CSCR hospital Dataset/Train/glioma/image(2).jpg",0,glioma,1,meningioma,0.0109014977,0.9779474139,0.0046311892,0.0065198950
2966,"/kaggle/input/datasets/arafatrahmann/my-data221/Epic and CSCR hospital Dataset/Train/glioma/image(22).jpg",0,glioma,1,meningioma,0.1841107756,0.7980068922,0.0086016553,0.0092807906
2973,"/kaggle/input/datasets/arafatrahmann/my-data221/Epic and CSCR hospital Dataset/Train/glioma/image(29).jpg",0,glioma,0,glioma,0.9825202227,0.0051171482,0.0067437203,0.0056190128
2974,"/kaggle/input/datasets/arafatrahmann/my-data221/Epic and CSCR hospital Dataset/Train/glioma/image(3).jpg",0,glioma,0,glioma,0.9713312984,0.0116115371,0.0097242342,0.0073329126
2975,"/kaggle/input/datasets/arafatrahmann/my-data221/Epic and CSCR hospital Dataset/Train/glioma/image(30).jpg",0,glioma,0,glioma,0.6034988761,0.1884789765,0.2022050321,0.0058171107
2981,"/kaggle/input/datasets/arafatrahmann/my-data221/Epic and CSCR hospital Dataset/Train/glioma/image(52).jpg",0,glioma,0,glioma,0.8201926351,0.1643213928,0.0066463188,0.0088396277
2996,"/kaggle/input/datasets/arafatrahmann/my-data221/Epic and CSCR hospital Dataset/Train/glioma/image(67).jpg",0,glioma,0,glioma,0.9820598364,0.0047418433,0.0068988102,0.0062994636
3004,"/kaggle/input/datasets/arafatrahmann/my-data221/Epic and CSCR hospital Dataset/Train/glioma/image(75).jpg",0,glioma,0,glioma,0.9818156958,0.0044936314,0.0071143359,0.0065762373
3011,"/kaggle/input/datasets/arafatrahmann/my-data221/Epic and CSCR hospital Dataset/Train/glioma/image(82).jpg",0,glioma,1,meningioma,0.0144145070,0.9723952413,0.0064806477,0.0067095971
3019,"/kaggle/input/datasets/arafatrahmann/my-data221/Epic and CSCR hospital Dataset/Train/meningioma/1301.jpg",1,meningioma,1,meningioma,0.0104213180,0.9780303836,0.0046905847,0.0068577691
3026,"/kaggle/input/datasets/arafatrahmann/my-data221/Epic and CSCR hospital Dataset/Train/meningioma/1308.jpg",1,meningioma,1,meningioma,0.0104199965,0.9782451391,0.0048091658,0.0065257563
3028,"/kaggle/input/datasets/arafatrahmann/my-data221/Epic and CSCR hospital Dataset/Train/meningioma/1310.jpg",1,meningioma,1,meningioma,0.0082234964,0.9812943339,0.0045624198,0.0059196884
3029,"/kaggle/input/datasets/arafatrahmann/my-data221/Epic and CSCR hospital Dataset/Train/meningioma/1311.jpg",1,meningioma,1,meningioma,0.0118817482,0.9762955904,0.0047843237,0.0070383400
3030,"/kaggle/input/datasets/arafatrahmann/my-data221/Epic and CSCR hospital Dataset/Train/meningioma/1312.jpg",1,meningioma,1,meningioma,0.0096283518,0.9800964594,0.0046088668,0.0056662904
3031,"/kaggle/input/datasets/arafatrahmann/my-data221/Epic and CSCR hospital Dataset/Train/meningioma/1313.jpg",1,meningioma,1,meningioma,0.0117147565,0.9772850871,0.0046564871,0.0063436166
3035,"/kaggle/input/datasets/arafatrahmann/my-data221/Epic and CSCR hospital Dataset/Train/meningioma/1317.jpg",1,meningioma,1,meningioma,0.0094845304,0.9792254567,0.0047632018,0.0065267617
3046,"/kaggle/input/datasets/arafatrahmann/my-data221/Epic and CSCR hospital Dataset/Train/meningioma/1328.jpg",1,meningioma,1,meningioma,0.0229959674,0.9595313072,0.0050294483,0.0124433143
3049,"/kaggle/input/datasets/arafatrahmann/my-data221/Epic and CSCR hospital Dataset/Train/meningioma/1331.jpg",1,meningioma,1,meningioma,0.0115211476,0.9764708281,0.0050728782,0.0069351667
3052,"/kaggle/input/datasets/arafatrahmann/my-data221/Epic and CSCR hospital Dataset/Train/meningioma/1334.jpg",1,meningioma,1,meningioma,0.0376347713,0.9421788454,0.0053474070,0.0148390057
3061,"/kaggle/input/datasets/arafatrahmann/my-data221/Epic and CSCR hospital Dataset/Train/meningioma/1343.jpg",1,meningioma,1,meningioma,0.0090068635,0.9796646833,0.0049391203,0.0063893101
3062,"/kaggle/input/datasets/arafatrahmann/my-data221/Epic and CSCR hospital Dataset/Train/meningioma/1344.jpg",1,meningioma,1,meningioma,0.0105326790,0.9780993462,0.0050546667,0.0063133379
3075,"/kaggle/input/datasets/arafatrahmann/my-data221/Epic and CSCR hospital Dataset/Train/meningioma/1357.jpg",1,meningioma,1,meningioma,0.0137449745,0.9745197296,0.0047944756,0.0069408491
3082,"/kaggle/input/datasets/arafatrahmann/my-data221/Epic and CSCR hospital Dataset/Train/meningioma/1364.jpg",1,meningioma,1,meningioma,0.0108151035,0.9776769876,0.0050634118,0.0064444682
3083,"/kaggle/input/datasets/arafatrahmann/my-data221/Epic and CSCR hospital Dataset/Train/meningioma/1365.jpg",1,meningioma,1,meningioma,0.0132750543,0.9750325084,0.0049116109,0.0067808344
3090,"/kaggle/input/datasets/arafatrahmann/my-data221/Epic and CSCR hospital Dataset/Train/meningioma/1372.jpg",1,meningioma,1,meningioma,0.0079231728,0.9815477133,0.0045956844,0.0059335083
3102,"/kaggle/input/datasets/arafatrahmann/my-data221/Epic and CSCR hospital Dataset/Train/meningioma/1384.jpg",1,meningioma,1,meningioma,0.0112720672,0.9768377542,0.0047641108,0.0071260468
3104,"/kaggle/input/datasets/arafatrahmann/my-data221/Epic and CSCR hospital Dataset/Train/meningioma/1386.jpg",1,meningioma,1,meningioma,0.0084113982,0.9810940027,0.0045594946,0.0059350254
3109,"/kaggle/input/datasets/arafatrahmann/my-data221/Epic and CSCR hospital Dataset/Train/meningioma/1391.jpg",1,meningioma,1,meningioma,0.0103611220,0.9782053828,0.0049943710,0.0064391554
3111,"/kaggle/input/datasets/arafatrahmann/my-data221/Epic and CSCR hospital Dataset/Train/meningioma/1393.jpg",1,meningioma,1,meningioma,0.0141350627,0.9728026390,0.0053328932,0.0077294400
3121,"/kaggle/input/datasets/arafatrahmann/my-data221/Epic and CSCR hospital Dataset/Train/meningioma/1403.jpg",1,meningioma,1,meningioma,0.0116143003,0.9777728915,0.0045505753,0.0060622385
3123,"/kaggle/input/datasets/arafatrahmann/my-data221/Epic and CSCR hospital Dataset/Train/meningioma/1405.jpg",1,meningioma,1,meningioma,0.0110691199,0.9773401022,0.0046154289,0.0069753723
3125,"/kaggle/input/datasets/arafatrahmann/my-data221/Epic and CSCR hospital Dataset/Train/meningioma/1407.jpg",1,meningioma,1,meningioma,0.0099039711,0.9785678983,0.0045505823,0.0069776690
3129,"/kaggle/input/datasets/arafatrahmann/my-data221/Epic and CSCR hospital Dataset/Train/meningioma/1411.jpg",1,meningioma,1,meningioma,0.0098281233,0.9793076515,0.0045193480,0.0063448390
3130,"/kaggle/input/datasets/arafatrahmann/my-data221/Epic and CSCR hospital Dataset/Train/meningioma/1412.jpg",1,meningioma,1,meningioma,0.0129848747,0.9754203558,0.0049338434,0.0066609844
3131,"/kaggle/input/datasets/arafatrahmann/my-data221/Epic and CSCR hospital Dataset/Train/meningioma/1413.jpg",1,meningioma,1,meningioma,0.0082698064,0.9811533093,0.0047760955,0.0058007436
3132,"/kaggle/input/datasets/arafatrahmann/my-data221/Epic and CSCR hospital Dataset/Train/meningioma/1414.jpg",1,meningioma,1,meningioma,0.0092680100,0.9796136618,0.0050252466,0.0060930564
3139,"/kaggle/input/datasets/arafatrahmann/my-data221/Epic and CSCR hospital Dataset/Train/meningioma/1421.jpg",1,meningioma,1,meningioma,0.0109136561,0.9769261479,0.0049793958,0.0071807420
3142,"/kaggle/input/datasets/arafatrahmann/my-data221/Epic and CSCR hospital Dataset/Train/meningioma/1424.jpg",1,meningioma,1,meningioma,0.0108280312,0.9778476954,0.0048233699,0.0065008774
3151,"/kaggle/input/datasets/arafatrahmann/my-data221/Epic and CSCR hospital Dataset/Train/meningioma/1433.jpg",1,meningioma,1,meningioma,0.0094563011,0.9798321724,0.0046102288,0.0061013624
3163,"/kaggle/input/datasets/arafatrahmann/my-data221/Epic and CSCR hospital Dataset/Train/meningioma/1445.jpg",1,meningioma,1,meningioma,0.0113461819,0.9773281813,0.0046609929,0.0066646077
3168,"/kaggle/input/datasets/arafatrahmann/my-data221/Epic and CSCR hospital Dataset/Train/meningioma/M_819_SP_.jpg",1,meningioma,1,meningioma,0.0183856748,0.9691731334,0.0048199771,0.0076212185
3175,"/kaggle/input/datasets/arafatrahmann/my-data221/Epic and CSCR hospital Dataset/Train/meningioma/M_820_SP_.jpg",1,meningioma,1,meningioma,0.0168757029,0.9716306925,0.0046942015,0.0067994865
3180,"/kaggle/input/datasets/arafatrahmann/my-data221/Epic and CSCR hospital Dataset/Train/meningioma/M_821_HF_.jpg",1,meningioma,1,meningioma,0.0093838722,0.9796310663,0.0044759079,0.0065091783
3183,"/kaggle/input/datasets/arafatrahmann/my-data221/Epic and CSCR hospital Dataset/Train/meningioma/M_821_VF_.jpg",1,meningioma,1,meningioma,0.0199122392,0.9630290270,0.0050520520,0.0120067950
3190,"/kaggle/input/datasets/arafatrahmann/my-data221/Epic and CSCR hospital Dataset/Train/meningioma/M_822_VF_.jpg",1,meningioma,1,meningioma,0.0140889306,0.9739201665,0.0049193930,0.0070714443
3192,"/kaggle/input/datasets/arafatrahmann/my-data221/Epic and CSCR hospital Dataset/Train/meningioma/M_823_BR_.jpg",1,meningioma,1,meningioma,0.0079317410,0.9811221361,0.0050165546,0.0059296079
3195,"/kaggle/input/datasets/arafatrahmann/my-data221/Epic and CSCR hospital Dataset/Train/meningioma/M_823_RO_.jpg",1,meningioma,1,meningioma,0.0119746756,0.9748195410,0.0050380481,0.0081677772
3196,"/kaggle/input/datasets/arafatrahmann/my-data221/Epic and CSCR hospital Dataset/Train/meningioma/M_823_SP_.jpg",1,meningioma,1,meningioma,0.0086358283,0.9793872833,0.0061717676,0.0058051217
3204,"/kaggle/input/datasets/arafatrahmann/my-data221/Epic and CSCR hospital Dataset/Train/meningioma/M_824_VF_.jpg",1,meningioma,1,meningioma,0.0114236251,0.9774975777,0.0046785041,0.0064002583
3216,"/kaggle/input/datasets/arafatrahmann/my-data221/Epic and CSCR hospital Dataset/Train/meningioma/M_826_RO_.jpg",1,meningioma,1,meningioma,0.0181507207,0.9690409899,0.0053077834,0.0075005367
3217,"/kaggle/input/datasets/arafatrahmann/my-data221/Epic and CSCR hospital Dataset/Train/meningioma/M_826_SP_.jpg",1,meningioma,1,meningioma,0.0250095129,0.9597368240,0.0052111656,0.0100425500
3218,"/kaggle/input/datasets/arafatrahmann/my-data221/Epic and CSCR hospital Dataset/Train/meningioma/M_826_VF_.jpg",1,meningioma,1,meningioma,0.0149768693,0.9722653627,0.0052367514,0.0075210123
3222,"/kaggle/input/datasets/arafatrahmann/my-data221/Epic and CSCR hospital Dataset/Train/meningioma/M_827_HF_.jpg",1,meningioma,1,meningioma,0.0127081620,0.9752334356,0.0047126068,0.0073458133
3225,"/kaggle/input/datasets/arafatrahmann/my-data221/Epic and CSCR hospital Dataset/Train/meningioma/M_827_VF_.jpg",1,meningioma,1,meningioma,0.0123977419,0.9759140015,0.0047141695,0.0069740554
3256,"/kaggle/input/datasets/arafatrahmann/my-data221/Epic and CSCR hospital Dataset/Train/meningioma/M_832_DA_.jpg",1,meningioma,1,meningioma,0.0114297122,0.9774062037,0.0047322051,0.0064318278
3262,"/kaggle/input/datasets/arafatrahmann/my-data221/Epic and CSCR hospital Dataset/Train/meningioma/M_833_BR_.jpg",1,meningioma,1,meningioma,0.0085142916,0.9812988043,0.0048133847,0.0053735147
3264,"/kaggle/input/datasets/arafatrahmann/my-data221/Epic and CSCR hospital Dataset/Train/meningioma/M_833_HF_.jpg",1,meningioma,1,meningioma,0.0099713830,0.9795664549,0.0046612308,0.0058008330
3266,"/kaggle/input/datasets/arafatrahmann/my-data221/Epic and CSCR hospital Dataset/Train/meningioma/M_833_SP_.jpg",1,meningioma,1,meningioma,0.0154676633,0.9739424586,0.0045270598,0.0060629402
3272,"/kaggle/input/datasets/arafatrahmann/my-data221/Epic and CSCR hospital Dataset/Train/meningioma/M_834_RO_.jpg",1,meningioma,1,meningioma,0.0092503456,0.9800368547,0.0048680166,0.0058448636
3285,"/kaggle/input/datasets/arafatrahmann/my-data221/Epic and CSCR hospital Dataset/Train/meningioma/M_836_HF_.jpg",1,meningioma,1,meningioma,0.0104727130,0.9780484438,0.0046637291,0.0068151504
3286,"/kaggle/input/datasets/arafatrahmann/my-data221/Epic and CSCR hospital Dataset/Train/meningioma/M_836_RO_.jpg",1,meningioma,1,meningioma,0.0099603301,0.9784731865,0.0047816178,0.0067848554
3304,"/kaggle/input/datasets/arafatrahmann/my-data221/Epic and CSCR hospital Dataset/Train/meningioma/M_839_BR_.jpg",1,meningioma,1,meningioma,0.0108456034,0.9769768715,0.0051987730,0.0069788196
3306,"/kaggle/input/datasets/arafatrahmann/my-data221/Epic and CSCR hospital Dataset/Train/meningioma/M_839_HF_.jpg",1,meningioma,1,meningioma,0.0128055690,0.9746004343,0.0048235962,0.0077703865
3308,"/kaggle/input/datasets/arafatrahmann/my-data221/Epic and CSCR hospital Dataset/Train/meningioma/M_839_SP_.jpg",1,meningioma,1,meningioma,0.0150640933,0.9709049463,0.0050933016,0.0089377286
3314,"/kaggle/input/datasets/arafatrahmann/my-data221/Epic and CSCR hospital Dataset/Train/meningioma/M_840_RO_.jpg",1,meningioma,1,meningioma,0.0147548970,0.9722620249,0.0047431365,0.0082398672
3320,"/kaggle/input/datasets/arafatrahmann/my-data221/Epic and CSCR hospital Dataset/Train/meningioma/M_841_HF_.jpg",1,meningioma,1,meningioma,0.0147661958,0.9725586772,0.0047150692,0.0079601128
3322,"/kaggle/input/datasets/arafatrahmann/my-data221/Epic and CSCR hospital Dataset/Train/meningioma/M_841_SP_.jpg",1,meningioma,1,meningioma,0.0237227045,0.9596918821,0.0054201102,0.0111653600
3324,"/kaggle/input/datasets/arafatrahmann/my-data221/Epic and CSCR hospital Dataset/Train/meningioma/M_842.jpg",1,meningioma,1,meningioma,0.0082855010,0.9816777110,0.0046704416,0.0053662322
3329,"/kaggle/input/datasets/arafatrahmann/my-data221/Epic and CSCR hospital Dataset/Train/meningioma/M_842_SP_.jpg",1,meningioma,1,meningioma,0.0108564673,0.9794565439,0.0045809932,0.0051060235
3334,"/kaggle/input/datasets/arafatrahmann/my-data221/Epic and CSCR hospital Dataset/Train/meningioma/M_843_HF_.jpg",1,meningioma,1,meningioma,0.0091814306,0.9807202220,0.0046017603,0.0054966016
3335,"/kaggle/input/datasets/arafatrahmann/my-data221/Epic and CSCR hospital Dataset/Train/meningioma/M_843_RO_.jpg",1,meningioma,1,meningioma,0.0091336612,0.9807589650,0.0045720497,0.0055353991
3336,"/kaggle/input/datasets/arafatrahmann/my-data221/Epic and CSCR hospital Dataset/Train/meningioma/M_843_SP_.jpg",1,meningioma,1,meningioma,0.0123589784,0.9776859283,0.0045031146,0.0054519270
3339,"/kaggle/input/datasets/arafatrahmann/my-data221/Epic and CSCR hospital Dataset/Train/meningioma/M_844_BR_.jpg",1,meningioma,1,meningioma,0.0089797853,0.9789992571,0.0050837379,0.0069372579
3341,"/kaggle/input/datasets/arafatrahmann/my-data221/Epic and CSCR hospital Dataset/Train/meningioma/M_844_HF_.jpg",1,meningioma,1,meningioma,0.0106665920,0.9776004553,0.0047682351,0.0069647236
3344,"/kaggle/input/datasets/arafatrahmann/my-data221/Epic and CSCR hospital Dataset/Train/meningioma/M_844_VF_.jpg",1,meningioma,1,meningioma,0.0096223513,0.9792645574,0.0047401236,0.0063729919
3347,"/kaggle/input/datasets/arafatrahmann/my-data221/Epic and CSCR hospital Dataset/Train/meningioma/M_845_DA_.jpg",1,meningioma,1,meningioma,0.0166584849,0.9721273184,0.0047061234,0.0065080747
3351,"/kaggle/input/datasets/arafatrahmann/my-data221/Epic and CSCR hospital Dataset/Train/meningioma/M_845_VF_.jpg",1,meningioma,0,glioma,0.6071640849,0.1340930164,0.0078173978,0.2509255409
3352,"/kaggle/input/datasets/arafatrahmann/my-data221/Epic and CSCR hospital Dataset/Train/meningioma/M_846.jpg",1,meningioma,1,meningioma,0.0105480934,0.9784103632,0.0046996302,0.0063418583
3357,"/kaggle/input/datasets/arafatrahmann/my-data221/Epic and CSCR hospital Dataset/Train/meningioma/M_846_SP_.jpg",1,meningioma,1,meningioma,0.0173820723,0.9711608887,0.0046406044,0.0068164309
3360,"/kaggle/input/datasets/arafatrahmann/my-data221/Epic and CSCR hospital Dataset/Train/meningioma/M_847_BR_.jpg",1,meningioma,1,meningioma,0.0076012588,0.9818751216,0.0049814330,0.0055420846
3371,"/kaggle/input/datasets/arafatrahmann/my-data221/Epic and CSCR hospital Dataset/Train/meningioma/M_848_SP_.jpg",1,meningioma,1,meningioma,0.0158785023,0.9732806087,0.0045524901,0.0062884465
3379,"/kaggle/input/datasets/arafatrahmann/my-data221/Epic and CSCR hospital Dataset/Train/meningioma/M_849_VF_.jpg",1,meningioma,1,meningioma,0.0112621384,0.9787268639,0.0046695545,0.0053414302
3383,"/kaggle/input/datasets/arafatrahmann/my-data221/Epic and CSCR hospital Dataset/Train/meningioma/M_850_HF_.jpg",1,meningioma,1,meningioma,0.0095402254,0.9802094698,0.0046037999,0.0056464807
3386,"/kaggle/input/datasets/arafatrahmann/my-data221/Epic and CSCR hospital Dataset/Train/meningioma/M_850_VF_.jpg",1,meningioma,1,meningioma,0.0118743749,0.9779351354,0.0046575707,0.0055329828
3394,"/kaggle/input/datasets/arafatrahmann/my-data221/Epic and CSCR hospital Dataset/Train/meningioma/M_852.jpg",1,meningioma,1,meningioma,0.0088528302,0.9806944728,0.0046305014,0.0058221733
3395,"/kaggle/input/datasets/arafatrahmann/my-data221/Epic and CSCR hospital Dataset/Train/meningioma/M_852_BR_.jpg",1,meningioma,1,meningioma,0.0087804571,0.9800286293,0.0049120830,0.0062788771
3403,"/kaggle/input/datasets/arafatrahmann/my-data221/Epic and CSCR hospital Dataset/Train/meningioma/M_853_DA_.jpg",1,meningioma,1,meningioma,0.0124806566,0.9765224457,0.0047694808,0.0062274500
3404,"/kaggle/input/datasets/arafatrahmann/my-data221/Epic and CSCR hospital Dataset/Train/meningioma/M_853_HF_.jpg",1,meningioma,1,meningioma,0.0121900830,0.9772065878,0.0046602637,0.0059430101
3421,"/kaggle/input/datasets/arafatrahmann/my-data221/Epic and CSCR hospital Dataset/Train/meningioma/M_855_VF_.jpg",1,meningioma,1,meningioma,0.0141024487,0.9728139043,0.0049598864,0.0081236940
3427,"/kaggle/input/datasets/arafatrahmann/my-data221/Epic and CSCR hospital Dataset/Train/meningioma/M_856_SP_.jpg",1,meningioma,1,meningioma,0.0116874399,0.9765086174,0.0052205073,0.0065834983
3429,"/kaggle/input/datasets/arafatrahmann/my-data221/Epic and CSCR hospital Dataset/Train/meningioma/M_857.jpg",1,meningioma,1,meningioma,0.0145680364,0.9745151401,0.0045083268,0.0064084171
3436,"/kaggle/input/datasets/arafatrahmann/my-data221/Epic and CSCR hospital Dataset/Train/meningioma/M_858.jpg",1,meningioma,1,meningioma,0.0105226766,0.9786086082,0.0047277552,0.0061410526
3447,"/kaggle/input/datasets/arafatrahmann/my-data221/Epic and CSCR hospital Dataset/Train/meningioma/M_859_RO_.jpg",1,meningioma,1,meningioma,0.0097946022,0.9801430702,0.0045841439,0.0054781497
3455,"/kaggle/input/datasets/arafatrahmann/my-data221/Epic and CSCR hospital Dataset/Train/meningioma/M_860_SP_.jpg",1,meningioma,1,meningioma,0.0163000021,0.9718993902,0.0047549279,0.0070457309
3458,"/kaggle/input/datasets/arafatrahmann/my-data221/Epic and CSCR hospital Dataset/Train/meningioma/M_861_BR_.jpg",1,meningioma,1,meningioma,0.0099048074,0.9799200296,0.0047882963,0.0053868638
3467,"/kaggle/input/datasets/arafatrahmann/my-data221/Epic and CSCR hospital Dataset/Train/meningioma/M_862_HF_.jpg",1,meningioma,1,meningioma,0.0106497901,0.9791699648,0.0044731814,0.0057070553
3472,"/kaggle/input/datasets/arafatrahmann/my-data221/Epic and CSCR hospital Dataset/Train/meningioma/M_863_BR_.jpg",1,meningioma,1,meningioma,0.0078017055,0.9821571112,0.0048560584,0.0051851277
3479,"/kaggle/input/datasets/arafatrahmann/my-data221/Epic and CSCR hospital Dataset/Train/meningioma/M_864_BR_.jpg",1,meningioma,1,meningioma,0.0069885948,0.9827818871,0.0049934066,0.0052360529
3480,"/kaggle/input/datasets/arafatrahmann/my-data221/Epic and CSCR hospital Dataset/Train/meningioma/M_864_DA_.jpg",1,meningioma,1,meningioma,0.0080566080,0.9820127487,0.0046878722,0.0052427929
3491,"/kaggle/input/datasets/arafatrahmann/my-data221/Epic and CSCR hospital Dataset/Train/meningioma/M_865_VF_.jpg",1,meningioma,1,meningioma,0.0094118025,0.9803180695,0.0046042637,0.0056658452
3492,"/kaggle/input/datasets/arafatrahmann/my-data221/Epic and CSCR hospital Dataset/Train/meningioma/M_866.jpg",1,meningioma,1,meningioma,0.0094141299,0.9797995687,0.0047569321,0.0060293679
3495,"/kaggle/input/datasets/arafatrahmann/my-data221/Epic and CSCR hospital Dataset/Train/meningioma/M_866_HF_.jpg",1,meningioma,1,meningioma,0.0096603576,0.9795694351,0.0047498923,0.0060202475
3496,"/kaggle/input/datasets/arafatrahmann/my-data221/Epic and CSCR hospital Dataset/Train/meningioma/M_866_RO_.jpg",1,meningioma,1,meningioma,0.0090584774,0.9802026749,0.0047336100,0.0060052504
3497,"/kaggle/input/datasets/arafatrahmann/my-data221/Epic and CSCR hospital Dataset/Train/meningioma/M_866_SP_.jpg",1,meningioma,1,meningioma,0.0138271581,0.9746146202,0.0048529352,0.0067053302
3503,"/kaggle/input/datasets/arafatrahmann/my-data221/Epic and CSCR hospital Dataset/Train/meningioma/M_867_RO_.jpg",1,meningioma,1,meningioma,0.0090091731,0.9792720675,0.0053594573,0.0063592819
3507,"/kaggle/input/datasets/arafatrahmann/my-data221/Epic and CSCR hospital Dataset/Train/meningioma/M_868_BR_.jpg",1,meningioma,1,meningioma,0.0079920888,0.9815136194,0.0049736379,0.0055206171
3510,"/kaggle/input/datasets/arafatrahmann/my-data221/Epic and CSCR hospital Dataset/Train/meningioma/M_868_RO_.jpg",1,meningioma,1,meningioma,0.0076697529,0.9822395444,0.0046155904,0.0054752193
3511,"/kaggle/input/datasets/arafatrahmann/my-data221/Epic and CSCR hospital Dataset/Train/meningioma/M_868_SP_.jpg",1,meningioma,1,meningioma,0.0115955183,0.9776626825,0.0046365429,0.0061052642
3515,"/kaggle/input/datasets/arafatrahmann/my-data221/Epic and CSCR hospital Dataset/Train/meningioma/M_869_DA_.jpg",1,meningioma,1,meningioma,0.0105384458,0.9788674116,0.0047688745,0.0058252648
3516,"/kaggle/input/datasets/arafatrahmann/my-data221/Epic and CSCR hospital Dataset/Train/meningioma/M_869_HF_.jpg",1,meningioma,1,meningioma,0.0111447126,0.9778855443,0.0047793211,0.0061904383
3522,"/kaggle/input/datasets/arafatrahmann/my-data221/Epic and CSCR hospital Dataset/Train/meningioma/M_870_DA_.jpg",1,meningioma,1,meningioma,0.0105616413,0.9785200953,0.0047812248,0.0061370442
3525,"/kaggle/input/datasets/arafatrahmann/my-data221/Epic and CSCR hospital Dataset/Train/meningioma/M_870_SP_.jpg",1,meningioma,1,meningioma,0.0135983797,0.9750150442,0.0046912930,0.0066952840
3526,"/kaggle/input/datasets/arafatrahmann/my-data221/Epic and CSCR hospital Dataset/Train/meningioma/M_870_VF_.jpg",1,meningioma,1,meningioma,0.0093002114,0.9801512957,0.0046636127,0.0058849482
3527,"/kaggle/input/datasets/arafatrahmann/my-data221/Epic and CSCR hospital Dataset/Train/meningioma/M_871.jpg",1,meningioma,1,meningioma,0.0091327662,0.9808786511,0.0045217653,0.0054667573
3531,"/kaggle/input/datasets/arafatrahmann/my-data221/Epic and CSCR hospital Dataset/Train/meningioma/M_871_RO_.jpg",1,meningioma,1,meningioma,0.0108777480,0.9784659147,0.0045990637,0.0060573169
3537,"/kaggle/input/datasets/arafatrahmann/my-data221/Epic and CSCR hospital Dataset/Train/meningioma/M_872_HF_.jpg",1,meningioma,1,meningioma,0.0118512893,0.9764653444,0.0048793312,0.0068041384
3545,"/kaggle/input/datasets/arafatrahmann/my-data221/Epic and CSCR hospital Dataset/Train/meningioma/M_873_RO_.jpg",1,meningioma,1,meningioma,0.0089710876,0.9802123308,0.0046775294,0.0061391280
3547,"/kaggle/input/datasets/arafatrahmann/my-data221/Epic and CSCR hospital Dataset/Train/meningioma/M_873_VF_.jpg",1,meningioma,1,meningioma,0.0104050869,0.9786335826,0.0047264080,0.0062349006
3550,"/kaggle/input/datasets/arafatrahmann/my-data221/Epic and CSCR hospital Dataset/Train/meningioma/M_874_DA_.jpg",1,meningioma,1,meningioma,0.0108363535,0.9777911305,0.0049040816,0.0064684218
3553,"/kaggle/input/datasets/arafatrahmann/my-data221/Epic and CSCR hospital Dataset/Train/meningioma/M_874_SP_.jpg",1,meningioma,1,meningioma,0.0135914506,0.9751279950,0.0045782570,0.0067021921
3554,"/kaggle/input/datasets/arafatrahmann/my-data221/Epic and CSCR hospital Dataset/Train/meningioma/M_874_VF_.jpg",1,meningioma,1,meningioma,0.0106605170,0.9780941010,0.0047193854,0.0065260800
3556,"/kaggle/input/datasets/arafatrahmann/my-data221/Epic and CSCR hospital Dataset/Train/meningioma/M_875_BR_.jpg",1,meningioma,1,meningioma,0.0081330510,0.9812005758,0.0049513103,0.0057150582
3572,"/kaggle/input/datasets/arafatrahmann/my-data221/Epic and CSCR hospital Dataset/Train/meningioma/M_877_HF_.jpg",1,meningioma,1,meningioma,0.0087130014,0.9805906415,0.0045260331,0.0061702868
3573,"/kaggle/input/datasets/arafatrahmann/my-data221/Epic and CSCR hospital Dataset/Train/meningioma/M_877_RO_.jpg",1,meningioma,1,meningioma,0.0091648344,0.9800435305,0.0045260834,0.0062655555
3580,"/kaggle/input/datasets/arafatrahmann/my-data221/Epic and CSCR hospital Dataset/Train/meningioma/M_878_RO_.jpg",1,meningioma,1,meningioma,0.0096806940,0.9777712822,0.0051865210,0.0073615471
3585,"/kaggle/input/datasets/arafatrahmann/my-data221/Epic and CSCR hospital Dataset/Train/meningioma/M_879_DA_.jpg",1,meningioma,1,meningioma,0.0090506580,0.9803806543,0.0046337154,0.0059350338
3589,"/kaggle/input/datasets/arafatrahmann/my-data221/Epic and CSCR hospital Dataset/Train/meningioma/M_879_VF_.jpg",1,meningioma,1,meningioma,0.0088144783,0.9805177450,0.0046846559,0.0059830579
3593,"/kaggle/input/datasets/arafatrahmann/my-data221/Epic and CSCR hospital Dataset/Train/meningioma/M_880_HF_.jpg",1,meningioma,1,meningioma,0.0077652289,0.9820297956,0.0045966199,0.0056082672
3595,"/kaggle/input/datasets/arafatrahmann/my-data221/Epic and CSCR hospital Dataset/Train/meningioma/M_880_SP_.jpg",1,meningioma,1,meningioma,0.0119968569,0.9770158529,0.0046632257,0.0063239681
3596,"/kaggle/input/datasets/arafatrahmann/my-data221/Epic and CSCR hospital Dataset/Train/meningioma/M_880_VF_.jpg",1,meningioma,1,meningioma,0.0087334085,0.9807891846,0.0045422753,0.0059351819
3602,"/kaggle/input/datasets/arafatrahmann/my-data221/Epic and CSCR hospital Dataset/Train/meningioma/M_881_SP_.jpg",1,meningioma,1,meningioma,0.0085779931,0.9809865952,0.0048474604,0.0055880258
3605,"/kaggle/input/datasets/arafatrahmann/my-data221/Epic and CSCR hospital Dataset/Train/meningioma/M_882_BR_.jpg",1,meningioma,1,meningioma,0.0093318215,0.9804037809,0.0048512584,0.0054131318
3610,"/kaggle/input/datasets/arafatrahmann/my-data221/Epic and CSCR hospital Dataset/Train/meningioma/M_882_VF_.jpg",1,meningioma,1,meningioma,0.0113375355,0.9778562784,0.0045764418,0.0062298076
3611,"/kaggle/input/datasets/arafatrahmann/my-data221/Epic and CSCR hospital Dataset/Train/meningioma/M_883.jpg",1,meningioma,1,meningioma,0.0093688481,0.9804884791,0.0045669568,0.0055756425
3612,"/kaggle/input/datasets/arafatrahmann/my-data221/Epic and CSCR hospital Dataset/Train/meningioma/M_883_BR_.jpg",1,meningioma,1,meningioma,0.0079214210,0.9814006090,0.0050941049,0.0055838968
3613,"/kaggle/input/datasets/arafatrahmann/my-data221/Epic and CSCR hospital Dataset/Train/meningioma/M_883_DA_.jpg",1,meningioma,1,meningioma,0.0093013747,0.9798580408,0.0049504414,0.0058901506
3616,"/kaggle/input/datasets/arafatrahmann/my-data221/Epic and CSCR hospital Dataset/Train/meningioma/M_883_SP_.jpg",1,meningioma,1,meningioma,0.0165317357,0.9729579091,0.0047622276,0.0057480717
3620,"/kaggle/input/datasets/arafatrahmann/my-data221/Epic and CSCR hospital Dataset/Train/meningioma/M_884_DA_.jpg",1,meningioma,1,meningioma,0.0135162547,0.9753721952,0.0051803421,0.0059310771
3622,"/kaggle/input/datasets/arafatrahmann/my-data221/Epic and CSCR hospital Dataset/Train/meningioma/M_884_RO_.jpg",1,meningioma,1,meningioma,0.0129995588,0.9758152962,0.0049319305,0.0062532136
3625,"/kaggle/input/datasets/arafatrahmann/my-data221/Epic and CSCR hospital Dataset/Train/meningioma/M_885.jpg",1,meningioma,1,meningioma,0.0074223229,0.9825712442,0.0046447990,0.0053616497
3632,"/kaggle/input/datasets/arafatrahmann/my-data221/Epic and CSCR hospital Dataset/Train/meningioma/M_886.jpg",1,meningioma,1,meningioma,0.0085556228,0.9816695452,0.0045790384,0.0051959124
3636,"/kaggle/input/datasets/arafatrahmann/my-data221/Epic and CSCR hospital Dataset/Train/meningioma/M_886_RO_.jpg",1,meningioma,1,meningioma,0.0134533402,0.9760501981,0.0046404651,0.0058559654
3639,"/kaggle/input/datasets/arafatrahmann/my-data221/Epic and CSCR hospital Dataset/Train/meningioma/M_887.jpg",1,meningioma,1,meningioma,0.0079288250,0.9820146561,0.0046578706,0.0053986022
3640,"/kaggle/input/datasets/arafatrahmann/my-data221/Epic and CSCR hospital Dataset/Train/meningioma/M_887_BR_.jpg",1,meningioma,1,meningioma,0.0074702911,0.9818199873,0.0050179795,0.0056917453
3643,"/kaggle/input/datasets/arafatrahmann/my-data221/Epic and CSCR hospital Dataset/Train/meningioma/M_887_RO_.jpg",1,meningioma,1,meningioma,0.0084492993,0.9813526869,0.0047395071,0.0054585380
3648,"/kaggle/input/datasets/arafatrahmann/my-data221/Epic and CSCR hospital Dataset/Train/meningioma/M_892_HF_.jpg",1,meningioma,1,meningioma,0.0074162208,0.9829743505,0.0047180308,0.0048914673
3652,"/kaggle/input/datasets/arafatrahmann/my-data221/Epic and CSCR hospital Dataset/Train/meningioma/Te-me_0067.jpg",1,meningioma,1,meningioma,0.0262757130,0.9604935646,0.0050430931,0.0081876284
3654,"/kaggle/input/datasets/arafatrahmann/my-data221/Epic and CSCR hospital Dataset/Train/meningioma/Te-me_0069.jpg",1,meningioma,1,meningioma,0.0106285112,0.9779685140,0.0049923146,0.0064106942
3656,"/kaggle/input/datasets/arafatrahmann/my-data221/Epic and CSCR hospital Dataset/Train/meningioma/Te-me_0071.jpg",1,meningioma,1,meningioma,0.0137101654,0.9739257693,0.0049335966,0.0074303448
3661,"/kaggle/input/datasets/arafatrahmann/my-data221/Epic and CSCR hospital Dataset/Train/meningioma/Te-me_0076.jpg",1,meningioma,1,meningioma,0.0092015406,0.9796247482,0.0048309905,0.0063426653
3665,"/kaggle/input/datasets/arafatrahmann/my-data221/Epic and CSCR hospital Dataset/Train/meningioma/Te-me_0080.jpg",1,meningioma,1,meningioma,0.0128435818,0.9747735262,0.0046900725,0.0076928139
3669,"/kaggle/input/datasets/arafatrahmann/my-data221/Epic and CSCR hospital Dataset/Train/meningioma/Te-me_0084.jpg",1,meningioma,1,meningioma,0.0094758691,0.9793016315,0.0050273333,0.0061951261
3670,"/kaggle/input/datasets/arafatrahmann/my-data221/Epic and CSCR hospital Dataset/Train/meningioma/Te-me_0085.jpg",1,meningioma,1,meningioma,0.0080073113,0.9813444018,0.0048938254,0.0057544922
3671,"/kaggle/input/datasets/arafatrahmann/my-data221/Epic and CSCR hospital Dataset/Train/meningioma/Te-me_0086.jpg",1,meningioma,1,meningioma,0.0101215113,0.9785463214,0.0047007101,0.0066315248
3678,"/kaggle/input/datasets/arafatrahmann/my-data221/Epic and CSCR hospital Dataset/Train/meningioma/Te-me_0093.jpg",1,meningioma,1,meningioma,0.0083100824,0.9773601294,0.0073744045,0.0069554173
3684,"/kaggle/input/datasets/arafatrahmann/my-data221/Epic and CSCR hospital Dataset/Train/meningioma/Te-me_0099.jpg",1,meningioma,1,meningioma,0.0079136211,0.9798828959,0.0059643723,0.0062391534
3688,"/kaggle/input/datasets/arafatrahmann/my-data221/Epic and CSCR hospital Dataset/Train/meningioma/Te-me_0103.jpg",1,meningioma,1,meningioma,0.0118643139,0.9756557345,0.0050053950,0.0074744597
3695,"/kaggle/input/datasets/arafatrahmann/my-data221/Epic and CSCR hospital Dataset/Train/meningioma/Te-me_0121.jpg",1,meningioma,1,meningioma,0.0109463492,0.9780943990,0.0047599571,0.0061993594
3696,"/kaggle/input/datasets/arafatrahmann/my-data221/Epic and CSCR hospital Dataset/Train/meningioma/Te-me_0122.jpg",1,meningioma,1,meningioma,0.0175628550,0.9680559039,0.0047762799,0.0096049486
3707,"/kaggle/input/datasets/arafatrahmann/my-data221/Epic and CSCR hospital Dataset/Train/meningioma/Te-me_0133.jpg",1,meningioma,1,meningioma,0.0093533639,0.9805075526,0.0045679212,0.0055711456
3710,"/kaggle/input/datasets/arafatrahmann/my-data221/Epic and CSCR hospital Dataset/Train/meningioma/Te-me_0136.jpg",1,meningioma,1,meningioma,0.0116856787,0.9768422246,0.0047864350,0.0066857003
3715,"/kaggle/input/datasets/arafatrahmann/my-data221/Epic and CSCR hospital Dataset/Train/meningioma/Te-me_0141.jpg",1,meningioma,1,meningioma,0.0167180784,0.9703224301,0.0049467897,0.0080126505
3723,"/kaggle/input/datasets/arafatrahmann/my-data221/Epic and CSCR hospital Dataset/Train/meningioma/Te-me_0149.jpg",1,meningioma,1,meningioma,0.0094092526,0.9796167612,0.0046419292,0.0063320808
3733,"/kaggle/input/datasets/arafatrahmann/my-data221/Epic and CSCR hospital Dataset/Train/meningioma/Te-me_0159.jpg",1,meningioma,1,meningioma,0.0104094436,0.9788175821,0.0047721053,0.0060008755
3734,"/kaggle/input/datasets/arafatrahmann/my-data221/Epic and CSCR hospital Dataset/Train/meningioma/Te-me_0160.jpg",1,meningioma,1,meningioma,0.0086926026,0.9808539152,0.0046130777,0.0058403378
3735,"/kaggle/input/datasets/arafatrahmann/my-data221/Epic and CSCR hospital Dataset/Train/meningioma/Te-me_0161.jpg",1,meningioma,1,meningioma,0.0112713827,0.9770458937,0.0046064416,0.0070763766
3738,"/kaggle/input/datasets/arafatrahmann/my-data221/Epic and CSCR hospital Dataset/Train/meningioma/Te-me_0164.jpg",1,meningioma,1,meningioma,0.0129345609,0.9746724367,0.0047569210,0.0076360479
3740,"/kaggle/input/datasets/arafatrahmann/my-data221/Epic and CSCR hospital Dataset/Train/meningioma/Te-me_0166.jpg",1,meningioma,1,meningioma,0.0105074029,0.9784165621,0.0046676104,0.0064084320
3743,"/kaggle/input/datasets/arafatrahmann/my-data221/Epic and CSCR hospital Dataset/Train/meningioma/Te-me_0169.jpg",1,meningioma,1,meningioma,0.0101902056,0.9788286090,0.0046906220,0.0062905611
3750,"/kaggle/input/datasets/arafatrahmann/my-data221/Epic and CSCR hospital Dataset/Train/meningioma/Te-me_0176.jpg",1,meningioma,1,meningioma,0.0092701586,0.9800472260,0.0045836587,0.0060988707
3763,"/kaggle/input/datasets/arafatrahmann/my-data221/Epic and CSCR hospital Dataset/Train/meningioma/Te-me_0189.jpg",1,meningioma,1,meningioma,0.0144498218,0.9013223648,0.0049590031,0.0792687908
3776,"/kaggle/input/datasets/arafatrahmann/my-data221/Epic and CSCR hospital Dataset/Train/meningioma/Te-me_0202.jpg",1,meningioma,1,meningioma,0.0108315451,0.9776527286,0.0050612576,0.0064544729
3786,"/kaggle/input/datasets/arafatrahmann/my-data221/Epic and CSCR hospital Dataset/Train/meningioma/Te-me_0212.jpg",1,meningioma,1,meningioma,0.0098187234,0.9794960022,0.0044664079,0.0062188678
3787,"/kaggle/input/datasets/arafatrahmann/my-data221/Epic and CSCR hospital Dataset/Train/meningioma/Te-me_0213.jpg",1,meningioma,1,meningioma,0.0121427653,0.9759646654,0.0047133109,0.0071792626
3796,"/kaggle/input/datasets/arafatrahmann/my-data221/Epic and CSCR hospital Dataset/Train/meningioma/Te-me_0222.jpg",1,meningioma,1,meningioma,0.0143963974,0.9736536145,0.0047634435,0.0071865432
3803,"/kaggle/input/datasets/arafatrahmann/my-data221/Epic and CSCR hospital Dataset/Train/meningioma/Te-me_0229.jpg",1,meningioma,1,meningioma,0.0094577903,0.9798356891,0.0046083322,0.0060981987
3808,"/kaggle/input/datasets/arafatrahmann/my-data221/Epic and CSCR hospital Dataset/Train/meningioma/Te-me_0234.jpg",1,meningioma,1,meningioma,0.0071675405,0.9824293256,0.0047862725,0.0056168977
3809,"/kaggle/input/datasets/arafatrahmann/my-data221/Epic and CSCR hospital Dataset/Train/meningioma/Te-me_0235.jpg",1,meningioma,1,meningioma,0.0099230343,0.9791004062,0.0047315569,0.0062450711
3816,"/kaggle/input/datasets/arafatrahmann/my-data221/Epic and CSCR hospital Dataset/Train/meningioma/Te-me_0242.jpg",1,meningioma,1,meningioma,0.0098621855,0.9795947075,0.0044780639,0.0060649570
3822,"/kaggle/input/datasets/arafatrahmann/my-data221/Epic and CSCR hospital Dataset/Train/meningioma/Te-me_0248.jpg",1,meningioma,1,meningioma,0.0099332277,0.9785032272,0.0045462684,0.0070173405
3828,"/kaggle/input/datasets/arafatrahmann/my-data221/Epic and CSCR hospital Dataset/Train/meningioma/Te-me_0254.jpg",1,meningioma,1,meningioma,0.0092882263,0.9794954062,0.0047823177,0.0064341063
3834,"/kaggle/input/datasets/arafatrahmann/my-data221/Epic and CSCR hospital Dataset/Train/meningioma/Te-me_0260.jpg",1,meningioma,1,meningioma,0.1981862038,0.7872062922,0.0055111800,0.0090963189
3836,"/kaggle/input/datasets/arafatrahmann/my-data221/Epic and CSCR hospital Dataset/Train/meningioma/Te-me_0262.jpg",1,meningioma,1,meningioma,0.0129502937,0.9756374359,0.0045708879,0.0068414798
3837,"/kaggle/input/datasets/arafatrahmann/my-data221/Epic and CSCR hospital Dataset/Train/meningioma/Te-me_0263.jpg",1,meningioma,1,meningioma,0.0085966252,0.9806625247,0.0046883109,0.0060524861
3839,"/kaggle/input/datasets/arafatrahmann/my-data221/Epic and CSCR hospital Dataset/Train/meningioma/Te-me_0265.jpg",1,meningioma,1,meningioma,0.0127513539,0.9752036929,0.0049032485,0.0071417661
3844,"/kaggle/input/datasets/arafatrahmann/my-data221/Epic and CSCR hospital Dataset/Train/meningioma/Te-me_0281.jpg",1,meningioma,1,meningioma,0.0115481419,0.9778479338,0.0045600324,0.0060438430
3849,"/kaggle/input/datasets/arafatrahmann/my-data221/Epic and CSCR hospital Dataset/Train/meningioma/Te-me_0286.jpg",1,meningioma,1,meningioma,0.0129783330,0.9749768972,0.0045002373,0.0075444402
3850,"/kaggle/input/datasets/arafatrahmann/my-data221/Epic and CSCR hospital Dataset/Train/meningioma/Te-me_0287.jpg",1,meningioma,1,meningioma,0.0123967333,0.9759628177,0.0046378123,0.0070026889
3851,"/kaggle/input/datasets/arafatrahmann/my-data221/Epic and CSCR hospital Dataset/Train/meningioma/Te-me_0288.jpg",1,meningioma,1,meningioma,0.0090363855,0.9800930023,0.0045754826,0.0062951408
3853,"/kaggle/input/datasets/arafatrahmann/my-data221/Epic and CSCR hospital Dataset/Train/meningioma/Te-me_0290.jpg",1,meningioma,1,meningioma,0.0086251441,0.9805822372,0.0045894198,0.0062032836
3871,"/kaggle/input/datasets/arafatrahmann/my-data221/Epic and CSCR hospital Dataset/Train/meningioma/Tr-me_0033.jpg",1,meningioma,1,meningioma,0.0143098552,0.9736242294,0.0047719469,0.0072939163
3883,"/kaggle/input/datasets/arafatrahmann/my-data221/Epic and CSCR hospital Dataset/Train/meningioma/Tr-me_0075.jpg",1,meningioma,1,meningioma,0.0098010618,0.9794014692,0.0047931373,0.0060042748
3893,"/kaggle/input/datasets/arafatrahmann/my-data221/Epic and CSCR hospital Dataset/Train/meningioma/Tr-me_0085.jpg",1,meningioma,1,meningioma,0.0098034320,0.9790072441,0.0046473034,0.0065419823
3900,"/kaggle/input/datasets/arafatrahmann/my-data221/Epic and CSCR hospital Dataset/Train/meningioma/Tr-me_0092.jpg",1,meningioma,1,meningioma,0.0090534296,0.9806753993,0.0046455888,0.0056256331
3902,"/kaggle/input/datasets/arafatrahmann/my-data221/Epic and CSCR hospital Dataset/Train/meningioma/Tr-me_0094.jpg",1,meningioma,1,meningioma,0.0121794268,0.9760529399,0.0047043385,0.0070632948
3903,"/kaggle/input/datasets/arafatrahmann/my-data221/Epic and CSCR hospital Dataset/Train/meningioma/Tr-me_0095.jpg",1,meningioma,1,meningioma,0.0113763921,0.9776275754,0.0045900098,0.0064060711
3909,"/kaggle/input/datasets/arafatrahmann/my-data221/Epic and CSCR hospital Dataset/Train/meningioma/Tr-me_0101.jpg",1,meningioma,1,meningioma,0.0106498618,0.9782045484,0.0045709321,0.0065746075
3910,"/kaggle/input/datasets/arafatrahmann/my-data221/Epic and CSCR hospital Dataset/Train/meningioma/Tr-me_0102.jpg",1,meningioma,1,meningioma,0.0105341962,0.9782381058,0.0046070619,0.0066205771
3911,"/kaggle/input/datasets/arafatrahmann/my-data221/Epic and CSCR hospital Dataset/Train/meningioma/Tr-me_0103.jpg",1,meningioma,1,meningioma,0.0104371654,0.9776884913,0.0051243533,0.0067499829
3914,"/kaggle/input/datasets/arafatrahmann/my-data221/Epic and CSCR hospital Dataset/Train/meningioma/Tr-me_0106.jpg",1,meningioma,1,meningioma,0.0090917218,0.9806469083,0.0045276429,0.0057337922
3916,"/kaggle/input/datasets/arafatrahmann/my-data221/Epic and CSCR hospital Dataset/Train/meningioma/Tr-me_0108.jpg",1,meningioma,1,meningioma,0.0088025536,0.9807842374,0.0045889756,0.0058242562
3932,"/kaggle/input/datasets/arafatrahmann/my-data221/Epic and CSCR hospital Dataset/Train/meningioma/Tr-me_0126.jpg",1,meningioma,1,meningioma,0.0130874412,0.9747492671,0.0049107308,0.0072526024
3956,"/kaggle/input/datasets/arafatrahmann/my-data221/Epic and CSCR hospital Dataset/Train/meningioma/Tr-me_0150.jpg",1,meningioma,1,meningioma,0.0111601446,0.9769312143,0.0047430568,0.0071656900
3957,"/kaggle/input/datasets/arafatrahmann/my-data221/Epic and CSCR hospital Dataset/Train/meningioma/Tr-me_0151.jpg",1,meningioma,1,meningioma,0.0146506783,0.9734032750,0.0048018084,0.0071442253
3958,"/kaggle/input/datasets/arafatrahmann/my-data221/Epic and CSCR hospital Dataset/Train/meningioma/Tr-me_0152.jpg",1,meningioma,1,meningioma,0.0156802386,0.9720191956,0.0048208721,0.0074796760
3976,"/kaggle/input/datasets/arafatrahmann/my-data221/Epic and CSCR hospital Dataset/Train/meningioma/Tr-me_0170.jpg",1,meningioma,1,meningioma,0.0124627892,0.9756661654,0.0047057113,0.0071653379
3978,"/kaggle/input/datasets/arafatrahmann/my-data221/Epic and CSCR hospital Dataset/Train/meningioma/Tr-me_0172.jpg",1,meningioma,1,meningioma,0.0136865107,0.9742024541,0.0047735954,0.0073374165
3981,"/kaggle/input/datasets/arafatrahmann/my-data221/Epic and CSCR hospital Dataset/Train/meningioma/Tr-me_0175.jpg",1,meningioma,1,meningioma,0.0107474513,0.9777784348,0.0047282767,0.0067458772
3991,"/kaggle/input/datasets/arafatrahmann/my-data221/Epic and CSCR hospital Dataset/Train/meningioma/Tr-me_0185.jpg",1,meningioma,1,meningioma,0.0118401255,0.9764094353,0.0051815743,0.0065688817
3996,"/kaggle/input/datasets/arafatrahmann/my-data221/Epic and CSCR hospital Dataset/Train/meningioma/Tr-me_0190.jpg",1,meningioma,1,meningioma,0.0086668096,0.9806019068,0.0049293349,0.0058019147
3999,"/kaggle/input/datasets/arafatrahmann/my-data221/Epic and CSCR hospital Dataset/Train/meningioma/Tr-me_0193.jpg",1,meningioma,1,meningioma,0.0149276331,0.9726822972,0.0048260344,0.0075640334
4000,"/kaggle/input/datasets/arafatrahmann/my-data221/Epic and CSCR hospital Dataset/Train/meningioma/Tr-me_0194.jpg",1,meningioma,1,meningioma,0.0118630845,0.9756517410,0.0050034225,0.0074816928
4001,"/kaggle/input/datasets/arafatrahmann/my-data221/Epic and CSCR hospital Dataset/Train/meningioma/Tr-me_0195.jpg",1,meningioma,1,meningioma,0.0134282485,0.9747192264,0.0047543175,0.0070982166
4005,"/kaggle/input/datasets/arafatrahmann/my-data221/Epic and CSCR hospital Dataset/Train/meningioma/Tr-me_0199.jpg",1,meningioma,1,meningioma,0.0115682594,0.9769933820,0.0046675303,0.0067708245
4008,"/kaggle/input/datasets/arafatrahmann/my-data221/Epic and CSCR hospital Dataset/Train/meningioma/Tr-me_0202.jpg",1,meningioma,1,meningioma,0.0113953790,0.9763386846,0.0049998784,0.0072660269
4014,"/kaggle/input/datasets/arafatrahmann/my-data221/Epic and CSCR hospital Dataset/Train/meningioma/Tr-me_0208.jpg",1,meningioma,1,meningioma,0.0094278865,0.9789908528,0.0048525012,0.0067287199
4015,"/kaggle/input/datasets/arafatrahmann/my-data221/Epic and CSCR hospital Dataset/Train/meningioma/Tr-me_0209.jpg",1,meningioma,1,meningioma,0.0111963898,0.9779154658,0.0054382039,0.0054499772
4019,"/kaggle/input/datasets/arafatrahmann/my-data221/Epic and CSCR hospital Dataset/Train/meningioma/Tr-me_0213.jpg",1,meningioma,1,meningioma,0.0093513587,0.9782794714,0.0053036311,0.0070655765
4039,"/kaggle/input/datasets/arafatrahmann/my-data221/Epic and CSCR hospital Dataset/Train/meningioma/Tr-me_0233.jpg",1,meningioma,1,meningioma,0.0101824310,0.9773598909,0.0049701133,0.0074875997
4043,"/kaggle/input/datasets/arafatrahmann/my-data221/Epic and CSCR hospital Dataset/Train/meningioma/Tr-me_0237.jpg",1,meningioma,1,meningioma,0.0108629353,0.9777556658,0.0048121777,0.0065692835
4050,"/kaggle/input/datasets/arafatrahmann/my-data221/Epic and CSCR hospital Dataset/Train/meningioma/Tr-me_0244.jpg",1,meningioma,1,meningioma,0.0175569542,0.9679584503,0.0051842839,0.0093002450
4055,"/kaggle/input/datasets/arafatrahmann/my-data221/Epic and CSCR hospital Dataset/Train/meningioma/Tr-me_0249.jpg",1,meningioma,1,meningioma,0.0137126772,0.9739262462,0.0049288222,0.0074322582
4056,"/kaggle/input/datasets/arafatrahmann/my-data221/Epic and CSCR hospital Dataset/Train/meningioma/Tr-me_0250.jpg",1,meningioma,1,meningioma,0.0100903381,0.9784066081,0.0049971822,0.0065059499
4058,"/kaggle/input/datasets/arafatrahmann/my-data221/Epic and CSCR hospital Dataset/Train/meningioma/Tr-me_0252.jpg",1,meningioma,1,meningioma,0.0081608910,0.9818202257,0.0048900293,0.0051289154
4065,"/kaggle/input/datasets/arafatrahmann/my-data221/Epic and CSCR hospital Dataset/Train/meningioma/Tr-me_0259.jpg",1,meningioma,1,meningioma,0.0090849055,0.9797762036,0.0049258755,0.0062130229
4066,"/kaggle/input/datasets/arafatrahmann/my-data221/Epic and CSCR hospital Dataset/Train/meningioma/Tr-me_0260.jpg",1,meningioma,1,meningioma,0.0092534423,0.9794998169,0.0049689510,0.0062778778
4074,"/kaggle/input/datasets/arafatrahmann/my-data221/Epic and CSCR hospital Dataset/Train/meningioma/Tr-me_0268.jpg",1,meningioma,1,meningioma,0.0095582055,0.9786754847,0.0051291334,0.0066372538
4080,"/kaggle/input/datasets/arafatrahmann/my-data221/Epic and CSCR hospital Dataset/Train/meningioma/Tr-me_0274.jpg",1,meningioma,1,meningioma,0.0118480986,0.9765279889,0.0048769750,0.0067469976
4093,"/kaggle/input/datasets/arafatrahmann/my-data221/Epic and CSCR hospital Dataset/Train/meningioma/Tr-me_0287.jpg",1,meningioma,1,meningioma,0.0084042279,0.9815734625,0.0047133202,0.0053089922
4097,"/kaggle/input/datasets/arafatrahmann/my-data221/Epic and CSCR hospital Dataset/Train/meningioma/Tr-me_0291.jpg",1,meningioma,1,meningioma,0.0100857038,0.9794281721,0.0046911412,0.0057949019
4104,"/kaggle/input/datasets/arafatrahmann/my-data221/Epic and CSCR hospital Dataset/Train/meningioma/Tr-me_0298.jpg",1,meningioma,1,meningioma,0.0102987150,0.9788686633,0.0047154166,0.0061172666
4110,"/kaggle/input/datasets/arafatrahmann/my-data221/Epic and CSCR hospital Dataset/Train/meningioma/Tr-me_0304.jpg",1,meningioma,1,meningioma,0.0096443761,0.9799430966,0.0045545874,0.0058580148
4111,"/kaggle/input/datasets/arafatrahmann/my-data221/Epic and CSCR hospital Dataset/Train/meningioma/Tr-me_0305.jpg",1,meningioma,1,meningioma,0.0101461317,0.9790566564,0.0046059554,0.0061912392
4121,"/kaggle/input/datasets/arafatrahmann/my-data221/Epic and CSCR hospital Dataset/Train/meningioma/Tr-me_0315.jpg",1,meningioma,1,meningioma,0.0157487206,0.9717914462,0.0048929015,0.0075669275
4132,"/kaggle/input/datasets/arafatrahmann/my-data221/Epic and CSCR hospital Dataset/Train/meningioma/Tr-me_0326.jpg",1,meningioma,1,meningioma,0.0097132381,0.9795203209,0.0046515763,0.0061148391
4135,"/kaggle/input/datasets/arafatrahmann/my-data221/Epic and CSCR hospital Dataset/Train/meningioma/Tr-me_0329.jpg",1,meningioma,1,meningioma,0.0127843041,0.9754127264,0.0049060667,0.0068968525
4138,"/kaggle/input/datasets/arafatrahmann/my-data221/Epic and CSCR hospital Dataset/Train/meningioma/Tr-me_0332.jpg",1,meningioma,1,meningioma,0.0077587403,0.9820036888,0.0047788196,0.0054587265
4145,"/kaggle/input/datasets/arafatrahmann/my-data221/Epic and CSCR hospital Dataset/Train/meningioma/Tr-me_0339.jpg",1,meningioma,1,meningioma,0.0110101793,0.9771590233,0.0048347469,0.0069961408
4154,"/kaggle/input/datasets/arafatrahmann/my-data221/Epic and CSCR hospital Dataset/Train/meningioma/Tr-me_0348.jpg",1,meningioma,1,meningioma,0.0105845826,0.9785816073,0.0046105026,0.0062233163
4157,"/kaggle/input/datasets/arafatrahmann/my-data221/Epic and CSCR hospital Dataset/Train/meningioma/Tr-me_0351.jpg",1,meningioma,1,meningioma,0.0089358371,0.9804703593,0.0047045597,0.0058892663
4163,"/kaggle/input/datasets/arafatrahmann/my-data221/Epic and CSCR hospital Dataset/Train/meningioma/Tr-me_0357.jpg",1,meningioma,1,meningioma,0.0090109762,0.9783941507,0.0055726659,0.0070221410
4168,"/kaggle/input/datasets/arafatrahmann/my-data221/Epic and CSCR hospital Dataset/Train/meningioma/Tr-me_0362.jpg",1,meningioma,1,meningioma,0.0114724059,0.9770160913,0.0050406740,0.0064708055
4172,"/kaggle/input/datasets/arafatrahmann/my-data221/Epic and CSCR hospital Dataset/Train/meningioma/Tr-me_0366.jpg",1,meningioma,1,meningioma,0.0082724597,0.9799352884,0.0054472173,0.0063450662
4173,"/kaggle/input/datasets/arafatrahmann/my-data221/Epic and CSCR hospital Dataset/Train/meningioma/Tr-me_0367.jpg",1,meningioma,1,meningioma,0.0091555100,0.9800714254,0.0048318403,0.0059412415
4175,"/kaggle/input/datasets/arafatrahmann/my-data221/Epic and CSCR hospital Dataset/Train/meningioma/Tr-me_0369.jpg",1,meningioma,1,meningioma,0.0092447260,0.9803946614,0.0045027575,0.0058578267
4176,"/kaggle/input/datasets/arafatrahmann/my-data221/Epic and CSCR hospital Dataset/Train/meningioma/Tr-me_0370.jpg",1,meningioma,1,meningioma,0.0108197723,0.9771419764,0.0045376532,0.0075006410
4178,"/kaggle/input/datasets/arafatrahmann/my-data221/Epic and CSCR hospital Dataset/Train/meningioma/Tr-me_0372.jpg",1,meningioma,1,meningioma,0.0118523352,0.9756615758,0.0048538982,0.0076322146
4188,"/kaggle/input/datasets/arafatrahmann/my-data221/Epic and CSCR hospital Dataset/Train/meningioma/Tr-me_0382.jpg",1,meningioma,1,meningioma,0.0139176128,0.9744464159,0.0048092781,0.0068266736
4190,"/kaggle/input/datasets/arafatrahmann/my-data221/Epic and CSCR hospital Dataset/Train/meningioma/Tr-me_0384.jpg",1,meningioma,1,meningioma,0.0108768372,0.9780664444,0.0048951684,0.0061615310
4205,"/kaggle/input/datasets/arafatrahmann/my-data221/Epic and CSCR hospital Dataset/Train/meningioma/Tr-me_0399.jpg",1,meningioma,1,meningioma,0.0084924586,0.9813640714,0.0045416411,0.0056017758
4206,"/kaggle/input/datasets/arafatrahmann/my-data221/Epic and CSCR hospital Dataset/Train/meningioma/Tr-me_0400.jpg",1,meningioma,1,meningioma,0.0085825492,0.9811763763,0.0046154363,0.0056256065
4210,"/kaggle/input/datasets/arafatrahmann/my-data221/Epic and CSCR hospital Dataset/Train/meningioma/Tr-me_0404.jpg",1,meningioma,1,meningioma,0.0118166115,0.9750989676,0.0046138810,0.0084705222
4228,"/kaggle/input/datasets/arafatrahmann/my-data221/Epic and CSCR hospital Dataset/Train/meningioma/Tr-me_0422.jpg",1,meningioma,1,meningioma,0.0160734318,0.9708050489,0.0052912636,0.0078302715
4229,"/kaggle/input/datasets/arafatrahmann/my-data221/Epic and CSCR hospital Dataset/Train/meningioma/Tr-me_0423.jpg",1,meningioma,1,meningioma,0.0173720885,0.9691376686,0.0050233970,0.0084668491
4234,"/kaggle/input/datasets/arafatrahmann/my-data221/Epic and CSCR hospital Dataset/Train/meningioma/Tr-me_0428.jpg",1,meningioma,1,meningioma,0.0085047390,0.9812865257,0.0046903631,0.0055183782
4246,"/kaggle/input/datasets/arafatrahmann/my-data221/Epic and CSCR hospital Dataset/Train/meningioma/Tr-me_0440.jpg",1,meningioma,1,meningioma,0.0122241247,0.9761994481,0.0047844634,0.0067920224
4247,"/kaggle/input/datasets/arafatrahmann/my-data221/Epic and CSCR hospital Dataset/Train/meningioma/Tr-me_0441.jpg",1,meningioma,1,meningioma,0.0083099175,0.9813884497,0.0046510929,0.0056505152
4257,"/kaggle/input/datasets/arafatrahmann/my-data221/Epic and CSCR hospital Dataset/Train/meningioma/Tr-me_0451.jpg",1,meningioma,1,meningioma,0.0093151042,0.9801376462,0.0045877784,0.0059595099
4258,"/kaggle/input/datasets/arafatrahmann/my-data221/Epic and CSCR hospital Dataset/Train/meningioma/Tr-me_0452.jpg",1,meningioma,1,meningioma,0.0110061150,0.9774117470,0.0051362971,0.0064458861
4261,"/kaggle/input/datasets/arafatrahmann/my-data221/Epic and CSCR hospital Dataset/Train/meningioma/Tr-me_0455.jpg",1,meningioma,1,meningioma,0.0092079099,0.9801918268,0.0045619518,0.0060383282
4262,"/kaggle/input/datasets/arafatrahmann/my-data221/Epic and CSCR hospital Dataset/Train/meningioma/Tr-me_0456.jpg",1,meningioma,1,meningioma,0.0101690749,0.9787861705,0.0046709753,0.0063738502
4273,"/kaggle/input/datasets/arafatrahmann/my-data221/Epic and CSCR hospital Dataset/Train/meningioma/Tr-me_0467.jpg",1,meningioma,1,meningioma,0.0078866296,0.9818560481,0.0047876695,0.0054696188
4278,"/kaggle/input/datasets/arafatrahmann/my-data221/Epic and CSCR hospital Dataset/Train/meningioma/Tr-me_0472.jpg",1,meningioma,1,meningioma,0.0106723858,0.9779660106,0.0045649903,0.0067966273
4289,"/kaggle/input/datasets/arafatrahmann/my-data221/Epic and CSCR hospital Dataset/Train/meningioma/Tr-me_0483.jpg",1,meningioma,1,meningioma,0.0131344218,0.9749641418,0.0047958088,0.0071055912
4291,"/kaggle/input/datasets/arafatrahmann/my-data221/Epic and CSCR hospital Dataset/Train/meningioma/Tr-me_0485.jpg",1,meningioma,1,meningioma,0.0102948239,0.9788066745,0.0044858628,0.0064126030
4295,"/kaggle/input/datasets/arafatrahmann/my-data221/Epic and CSCR hospital Dataset/Train/meningioma/Tr-me_0489.jpg",1,meningioma,1,meningioma,0.0099728545,0.9787100554,0.0046856948,0.0066313618
4298,"/kaggle/input/datasets/arafatrahmann/my-data221/Epic and CSCR hospital Dataset/Train/meningioma/Tr-me_0492.jpg",1,meningioma,1,meningioma,0.0106308088,0.9773645401,0.0046301419,0.0073744417
4299,"/kaggle/input/datasets/arafatrahmann/my-data221/Epic and CSCR hospital Dataset/Train/meningioma/Tr-me_0493.jpg",1,meningioma,1,meningioma,0.0097150607,0.9792011976,0.0045397403,0.0065439469
4300,"/kaggle/input/datasets/arafatrahmann/my-data221/Epic and CSCR hospital Dataset/Train/meningioma/Tr-me_0494.jpg",1,meningioma,1,meningioma,0.0098288665,0.9792910814,0.0046696309,0.0062104329
4307,"/kaggle/input/datasets/arafatrahmann/my-data221/Epic and CSCR hospital Dataset/Train/meningioma/Tr-me_0501.jpg",1,meningioma,1,meningioma,0.0107802590,0.9778210521,0.0046611517,0.0067375167
4316,"/kaggle/input/datasets/arafatrahmann/my-data221/Epic and CSCR hospital Dataset/Train/meningioma/Tr-me_0510.jpg",1,meningioma,1,meningioma,0.0129295066,0.9757040143,0.0045869332,0.0067795627
4323,"/kaggle/input/datasets/arafatrahmann/my-data221/Epic and CSCR hospital Dataset/Train/meningioma/Tr-me_0517.jpg",1,meningioma,1,meningioma,0.0112616997,0.9779518247,0.0045478404,0.0062386235
4339,"/kaggle/input/datasets/arafatrahmann/my-data221/Epic and CSCR hospital Dataset/Train/meningioma/Tr-me_0533.jpg",1,meningioma,1,meningioma,0.0111727621,0.9768698812,0.0048500514,0.0071073263
4341,"/kaggle/input/datasets/arafatrahmann/my-data221/Epic and CSCR hospital Dataset/Train/meningioma/Tr-me_0535.jpg",1,meningioma,1,meningioma,0.0097189089,0.9789427519,0.0047475332,0.0065907799
4345,"/kaggle/input/datasets/arafatrahmann/my-data221/Epic and CSCR hospital Dataset/Train/meningioma/Tr-me_0539.jpg",1,meningioma,1,meningioma,0.0120518636,0.9764260054,0.0047411867,0.0067807911
4348,"/kaggle/input/datasets/arafatrahmann/my-data221/Epic and CSCR hospital Dataset/Train/meningioma/Tr-me_0542.jpg",1,meningioma,1,meningioma,0.0095286351,0.9802435637,0.0045410697,0.0056866519
4359,"/kaggle/input/datasets/arafatrahmann/my-data221/Epic and CSCR hospital Dataset/Train/meningioma/Tr-me_0553.jpg",1,meningioma,1,meningioma,0.0090984013,0.9807016253,0.0044660177,0.0057339510
4361,"/kaggle/input/datasets/arafatrahmann/my-data221/Epic and CSCR hospital Dataset/Train/meningioma/Tr-me_0555.jpg",1,meningioma,1,meningioma,0.0111521762,0.9772992134,0.0046788468,0.0068696938
4364,"/kaggle/input/datasets/arafatrahmann/my-data221/Epic and CSCR hospital Dataset/Train/meningioma/Tr-me_0558.jpg",1,meningioma,1,meningioma,0.0107705183,0.9779984355,0.0046731797,0.0065578083
4390,"/kaggle/input/datasets/arafatrahmann/my-data221/Epic and CSCR hospital Dataset/Train/meningioma/Tr-me_0596.jpg",1,meningioma,1,meningioma,0.0108793657,0.9762755632,0.0050384207,0.0078066015
4392,"/kaggle/input/datasets/arafatrahmann/my-data221/Epic and CSCR hospital Dataset/Train/meningioma/Tr-me_0598.jpg",1,meningioma,1,meningioma,0.0142414998,0.9739981890,0.0046837684,0.0070766015
4393,"/kaggle/input/datasets/arafatrahmann/my-data221/Epic and CSCR hospital Dataset/Train/meningioma/Tr-me_0599.jpg",1,meningioma,1,meningioma,0.0116547830,0.9770421982,0.0045895120,0.0067135282
4394,"/kaggle/input/datasets/arafatrahmann/my-data221/Epic and CSCR hospital Dataset/Train/meningioma/Tr-me_0600.jpg",1,meningioma,1,meningioma,0.0093795368,0.9804322124,0.0045757508,0.0056124306
4401,"/kaggle/input/datasets/arafatrahmann/my-data221/Epic and CSCR hospital Dataset/Train/meningioma/Tr-me_0607.jpg",1,meningioma,1,meningioma,0.0081655076,0.9810289145,0.0046986649,0.0061069289
4420,"/kaggle/input/datasets/arafatrahmann/my-data221/Epic and CSCR hospital Dataset/Train/meningioma/Tr-me_0760.jpg",1,meningioma,1,meningioma,0.0082976492,0.9818341136,0.0045176791,0.0053505222
4425,"/kaggle/input/datasets/arafatrahmann/my-data221/Epic and CSCR hospital Dataset/Train/meningioma/Tr-me_0765.jpg",1,meningioma,1,meningioma,0.0174512640,0.9716861844,0.0046484587,0.0062142177
4430,"/kaggle/input/datasets/arafatrahmann/my-data221/Epic and CSCR hospital Dataset/Train/meningioma/Tr-me_0770.jpg",1,meningioma,1,meningioma,0.0116679631,0.9780794978,0.0044294270,0.0058230916
4441,"/kaggle/input/datasets/arafatrahmann/my-data221/Epic and CSCR hospital Dataset/Train/meningioma/Tr-me_0811.jpg",1,meningioma,1,meningioma,0.0089730807,0.9801909328,0.0045706639,0.0062652766
4458,"/kaggle/input/datasets/arafatrahmann/my-data221/Epic and CSCR hospital Dataset/Train/meningioma/Tr-me_0828.jpg",1,meningioma,3,pituitary,0.0100260926,0.0169863049,0.0069690025,0.9660185575
4460,"/kaggle/input/datasets/arafatrahmann/my-data221/Epic and CSCR hospital Dataset/Train/meningioma/Tr-me_0830.jpg",1,meningioma,1,meningioma,0.0096643250,0.9796457291,0.0047245673,0.0059654159
4467,"/kaggle/input/datasets/arafatrahmann/my-data221/Epic and CSCR hospital Dataset/Train/meningioma/Tr-me_0837.jpg",1,meningioma,1,meningioma,0.0103203095,0.9785946608,0.0045844056,0.0065005561
4480,"/kaggle/input/datasets/arafatrahmann/my-data221/Epic and CSCR hospital Dataset/Train/meningioma/Tr-me_0850.jpg",1,meningioma,1,meningioma,0.1273579895,0.8510142565,0.0049602883,0.0166674387
4483,"/kaggle/input/datasets/arafatrahmann/my-data221/Epic and CSCR hospital Dataset/Train/meningioma/Tr-me_0853.jpg",1,meningioma,1,meningioma,0.0111996774,0.9773251414,0.0046802810,0.0067948299
4493,"/kaggle/input/datasets/arafatrahmann/my-data221/Epic and CSCR hospital Dataset/Train/meningioma/Tr-me_0863.jpg",1,meningioma,1,meningioma,0.0098552741,0.9793483615,0.0046333722,0.0061628995
4495,"/kaggle/input/datasets/arafatrahmann/my-data221/Epic and CSCR hospital Dataset/Train/meningioma/Tr-me_0865.jpg",1,meningioma,1,meningioma,0.0114524867,0.9771871567,0.0046687708,0.0066916794
4496,"/kaggle/input/datasets/arafatrahmann/my-data221/Epic and CSCR hospital Dataset/Train/meningioma/Tr-me_0866.jpg",1,meningioma,1,meningioma,0.0113375057,0.9774724841,0.0046407804,0.0065492638
4498,"/kaggle/input/datasets/arafatrahmann/my-data221/Epic and CSCR hospital Dataset/Train/meningioma/Tr-me_0868.jpg",1,meningioma,1,meningioma,0.0085314587,0.9810145497,0.0045771752,0.0058768117
4508,"/kaggle/input/datasets/arafatrahmann/my-data221/Epic and CSCR hospital Dataset/Train/meningioma/Tr-me_0878.jpg",1,meningioma,1,meningioma,0.0100175608,0.9788190126,0.0050615007,0.0061019086
4510,"/kaggle/input/datasets/arafatrahmann/my-data221/Epic and CSCR hospital Dataset/Train/meningioma/Tr-me_0880.jpg",1,meningioma,1,meningioma,0.0106768012,0.9782043695,0.0046709115,0.0064480221
4519,"/kaggle/input/datasets/arafatrahmann/my-data221/Epic and CSCR hospital Dataset/Train/meningioma/Tr-me_0889.jpg",1,meningioma,1,meningioma,0.0116869574,0.9770156145,0.0045295283,0.0067679100
4520,"/kaggle/input/datasets/arafatrahmann/my-data221/Epic and CSCR hospital Dataset/Train/meningioma/Tr-me_0890.jpg",1,meningioma,1,meningioma,0.0127153937,0.9744211435,0.0048123184,0.0080511291
4527,"/kaggle/input/datasets/arafatrahmann/my-data221/Epic and CSCR hospital Dataset/Train/meningioma/Tr-me_0897.jpg",1,meningioma,1,meningioma,0.0096069509,0.9798974991,0.0045607798,0.0059348810
4529,"/kaggle/input/datasets/arafatrahmann/my-data221/Epic and CSCR hospital Dataset/Train/meningioma/Tr-me_0899.jpg",1,meningioma,1,meningioma,0.0078269448,0.9821263552,0.0047869962,0.0052596601
4530,"/kaggle/input/datasets/arafatrahmann/my-data221/Epic and CSCR hospital Dataset/Train/meningioma/Tr-me_0900.jpg",1,meningioma,1,meningioma,0.0092819650,0.9796638489,0.0047909608,0.0062632905
4535,"/kaggle/input/datasets/arafatrahmann/my-data221/Epic and CSCR hospital Dataset/Train/meningioma/Tr-me_0905.jpg",1,meningioma,1,meningioma,0.0107838837,0.9774739146,0.0047341594,0.0070079952
4536,"/kaggle/input/datasets/arafatrahmann/my-data221/Epic and CSCR hospital Dataset/Train/meningioma/Tr-me_0906.jpg",1,meningioma,1,meningioma,0.0120237563,0.9752157331,0.0048742294,0.0078863492
4539,"/kaggle/input/datasets/arafatrahmann/my-data221/Epic and CSCR hospital Dataset/Train/meningioma/Tr-me_0909.jpg",1,meningioma,1,meningioma,0.0100036813,0.9792931676,0.0045796866,0.0061234320
4543,"/kaggle/input/datasets/arafatrahmann/my-data221/Epic and CSCR hospital Dataset/Train/meningioma/Tr-me_0913.jpg",1,meningioma,1,meningioma,0.0086319838,0.9810312986,0.0046434333,0.0056932657
4544,"/kaggle/input/datasets/arafatrahmann/my-data221/Epic and CSCR hospital Dataset/Train/meningioma/Tr-me_0914.jpg",1,meningioma,1,meningioma,0.0133851739,0.9681065679,0.0046577253,0.0138505027
4563,"/kaggle/input/datasets/arafatrahmann/my-data221/Epic and CSCR hospital Dataset/Train/meningioma/Tr-me_0933.jpg",1,meningioma,1,meningioma,0.0104553578,0.9783257246,0.0051063197,0.0061124875
4568,"/kaggle/input/datasets/arafatrahmann/my-data221/Epic and CSCR hospital Dataset/Train/meningioma/Tr-me_0938.jpg",1,meningioma,1,meningioma,0.0080324132,0.9818124771,0.0045946473,0.0055604624
4569,"/kaggle/input/datasets/arafatrahmann/my-data221/Epic and CSCR hospital Dataset/Train/meningioma/Tr-me_0939.jpg",1,meningioma,1,meningioma,0.0147449058,0.9654046297,0.0047467798,0.0151036400
4571,"/kaggle/input/datasets/arafatrahmann/my-data221/Epic and CSCR hospital Dataset/Train/meningioma/Tr-me_0941.jpg",1,meningioma,1,meningioma,0.0115776891,0.9759007692,0.0045567686,0.0079648178
4584,"/kaggle/input/datasets/arafatrahmann/my-data221/Epic and CSCR hospital Dataset/Train/meningioma/Tr-me_0954.jpg",1,meningioma,1,meningioma,0.0150896758,0.9719039798,0.0049169604,0.0080894483
4588,"/kaggle/input/datasets/arafatrahmann/my-data221/Epic and CSCR hospital Dataset/Train/meningioma/Tr-me_0958.jpg",1,meningioma,1,meningioma,0.0083135450,0.9815742373,0.0046977373,0.0054144142
4590,"/kaggle/input/datasets/arafatrahmann/my-data221/Epic and CSCR hospital Dataset/Train/meningioma/Tr-me_0960.jpg",1,meningioma,1,meningioma,0.0106695425,0.9784393311,0.0045658182,0.0063253455
4594,"/kaggle/input/datasets/arafatrahmann/my-data221/Epic and CSCR hospital Dataset/Train/meningioma/Tr-me_0964.jpg",1,meningioma,1,meningioma,0.0112337824,0.9770862460,0.0046136277,0.0070663737
4596,"/kaggle/input/datasets/arafatrahmann/my-data221/Epic and CSCR hospital Dataset/Train/meningioma/Tr-me_0966.jpg",1,meningioma,1,meningioma,0.0118501410,0.9767001867,0.0045310073,0.0069186836
4606,"/kaggle/input/datasets/arafatrahmann/my-data221/Epic and CSCR hospital Dataset/Train/meningioma/Tr-me_0976.jpg",1,meningioma,1,meningioma,0.0116540520,0.9770960808,0.0045801206,0.0066698059
4607,"/kaggle/input/datasets/arafatrahmann/my-data221/Epic and CSCR hospital Dataset/Train/meningioma/Tr-me_0977.jpg",1,meningioma,1,meningioma,0.0110599548,0.9774819613,0.0050918311,0.0063662478
4613,"/kaggle/input/datasets/arafatrahmann/my-data221/Epic and CSCR hospital Dataset/Train/meningioma/Tr-me_0983.jpg",1,meningioma,1,meningioma,0.0104462225,0.9782658815,0.0046203593,0.0066674598
4621,"/kaggle/input/datasets/arafatrahmann/my-data221/Epic and CSCR hospital Dataset/Train/meningioma/Tr-me_0991.jpg",1,meningioma,1,meningioma,0.0090210550,0.9805599451,0.0046279393,0.0057910038
4622,"/kaggle/input/datasets/arafatrahmann/my-data221/Epic and CSCR hospital Dataset/Train/meningioma/Tr-me_0992.jpg",1,meningioma,1,meningioma,0.0103868674,0.9787203670,0.0046639992,0.0062286318
4624,"/kaggle/input/datasets/arafatrahmann/my-data221/Epic and CSCR hospital Dataset/Train/meningioma/Tr-me_0994.jpg",1,meningioma,1,meningioma,0.0094336905,0.9799677730,0.0045516025,0.0060468512
4639,"/kaggle/input/datasets/arafatrahmann/my-data221/Epic and CSCR hospital Dataset/Train/meningioma/Tr-me_1009.jpg",1,meningioma,1,meningioma,0.0119463503,0.9766231775,0.0047594118,0.0066710720
4651,"/kaggle/input/datasets/arafatrahmann/my-data221/Epic and CSCR hospital Dataset/Train/meningioma/Tr-me_1021.jpg",1,meningioma,1,meningioma,0.0097103314,0.9785711169,0.0045245122,0.0071940543
4652,"/kaggle/input/datasets/arafatrahmann/my-data221/Epic and CSCR hospital Dataset/Train/meningioma/Tr-me_1022.jpg",1,meningioma,1,meningioma,0.0097442605,0.9789090157,0.0046952334,0.0066514886
4661,"/kaggle/input/datasets/arafatrahmann/my-data221/Epic and CSCR hospital Dataset/Train/meningioma/Tr-me_1031.jpg",1,meningioma,1,meningioma,0.0095546953,0.9801975489,0.0045650741,0.0056827576
4664,"/kaggle/input/datasets/arafatrahmann/my-data221/Epic and CSCR hospital Dataset/Train/meningioma/Tr-me_1034.jpg",1,meningioma,1,meningioma,0.0102210054,0.9789932370,0.0046779863,0.0061079077
4669,"/kaggle/input/datasets/arafatrahmann/my-data221/Epic and CSCR hospital Dataset/Train/meningioma/Tr-me_1039.jpg",1,meningioma,1,meningioma,0.0119726388,0.9769831896,0.0046938723,0.0063502961
4672,"/kaggle/input/datasets/arafatrahmann/my-data221/Epic and CSCR hospital Dataset/Train/meningioma/Tr-me_1042.jpg",1,meningioma,1,meningioma,0.0119769303,0.9772872925,0.0045126965,0.0062230984
4679,"/kaggle/input/datasets/arafatrahmann/my-data221/Epic and CSCR hospital Dataset/Train/meningioma/Tr-me_1049.jpg",1,meningioma,1,meningioma,0.0105597870,0.9784561396,0.0046629538,0.0063211815
4683,"/kaggle/input/datasets/arafatrahmann/my-data221/Epic and CSCR hospital Dataset/Train/meningioma/Tr-me_1053.jpg",1,meningioma,1,meningioma,0.0106199123,0.9781351089,0.0048136301,0.0064313225
4689,"/kaggle/input/datasets/arafatrahmann/my-data221/Epic and CSCR hospital Dataset/Train/meningioma/Tr-me_1059.jpg",1,meningioma,1,meningioma,0.0178547110,0.9672152400,0.0047880132,0.0101420535
4702,"/kaggle/input/datasets/arafatrahmann/my-data221/Epic and CSCR hospital Dataset/Train/meningioma/Tr-me_1072.jpg",1,meningioma,1,meningioma,0.0139971022,0.9742459059,0.0046415562,0.0071153203
4704,"/kaggle/input/datasets/arafatrahmann/my-data221/Epic and CSCR hospital Dataset/Train/meningioma/Tr-me_1074.jpg",1,meningioma,1,meningioma,0.0134053258,0.9744563103,0.0047712037,0.0073671849
4723,"/kaggle/input/datasets/arafatrahmann/my-data221/Epic and CSCR hospital Dataset/Train/meningioma/Tr-me_1106.jpg",1,meningioma,1,meningioma,0.0102184722,0.9788171649,0.0047701062,0.0061942469
4727,"/kaggle/input/datasets/arafatrahmann/my-data221/Epic and CSCR hospital Dataset/Train/meningioma/Tr-me_1110.jpg",1,meningioma,1,meningioma,0.0079376046,0.9817536473,0.0045188577,0.0057898825
4748,"/kaggle/input/datasets/arafatrahmann/my-data221/Epic and CSCR hospital Dataset/Train/meningioma/Tr-me_1131.jpg",1,meningioma,1,meningioma,0.0098142400,0.9794567227,0.0046323095,0.0060967933
4754,"/kaggle/input/datasets/arafatrahmann/my-data221/Epic and CSCR hospital Dataset/Train/meningioma/Tr-me_1137.jpg",1,meningioma,1,meningioma,0.0138280615,0.9739935994,0.0054039559,0.0067744525
4755,"/kaggle/input/datasets/arafatrahmann/my-data221/Epic and CSCR hospital Dataset/Train/meningioma/Tr-me_1138.jpg",1,meningioma,1,meningioma,0.0068995222,0.9827426672,0.0047535412,0.0056042476
4759,"/kaggle/input/datasets/arafatrahmann/my-data221/Epic and CSCR hospital Dataset/Train/meningioma/Tr-me_1142.jpg",1,meningioma,1,meningioma,0.0132546602,0.9745886922,0.0048375265,0.0073191538
4769,"/kaggle/input/datasets/arafatrahmann/my-data221/Epic and CSCR hospital Dataset/Train/meningioma/Tr-me_1152.jpg",1,meningioma,1,meningioma,0.0109628085,0.9781459570,0.0044757118,0.0064155287
4775,"/kaggle/input/datasets/arafatrahmann/my-data221/Epic and CSCR hospital Dataset/Train/meningioma/Tr-me_1158.jpg",1,meningioma,1,meningioma,0.0109956954,0.9783808589,0.0046077324,0.0060156807
4781,"/kaggle/input/datasets/arafatrahmann/my-data221/Epic and CSCR hospital Dataset/Train/meningioma/Tr-me_1164.jpg",1,meningioma,1,meningioma,0.0093753394,0.9798926115,0.0045598098,0.0061722132
4785,"/kaggle/input/datasets/arafatrahmann/my-data221/Epic and CSCR hospital Dataset/Train/meningioma/Tr-me_1168.jpg",1,meningioma,1,meningioma,0.0083168391,0.9810950160,0.0046327021,0.0059554940
4788,"/kaggle/input/datasets/arafatrahmann/my-data221/Epic and CSCR hospital Dataset/Train/meningioma/Tr-me_1171.jpg",1,meningioma,1,meningioma,0.0083331075,0.9809142351,0.0046590837,0.0060934918
4789,"/kaggle/input/datasets/arafatrahmann/my-data221/Epic and CSCR hospital Dataset/Train/meningioma/Tr-me_1172.jpg",1,meningioma,1,meningioma,0.0128005939,0.9754196405,0.0045930212,0.0071868389
4791,"/kaggle/input/datasets/arafatrahmann/my-data221/Epic and CSCR hospital Dataset/Train/meningioma/Tr-me_1175.jpg",1,meningioma,1,meningioma,0.0086513907,0.9808079004,0.0046610422,0.0058797440
4795,"/kaggle/input/datasets/arafatrahmann/my-data221/Epic and CSCR hospital Dataset/Train/meningioma/Tr-me_1179.jpg",1,meningioma,1,meningioma,0.0107695181,0.9778023958,0.0047027795,0.0067254035
4799,"/kaggle/input/datasets/arafatrahmann/my-data221/Epic and CSCR hospital Dataset/Train/meningioma/Tr-me_1183.jpg",1,meningioma,1,meningioma,0.0117696198,0.9766981006,0.0046370812,0.0068952246
4804,"/kaggle/input/datasets/arafatrahmann/my-data221/Epic and CSCR hospital Dataset/Train/meningioma/Tr-me_1188.jpg",1,meningioma,1,meningioma,0.0129958214,0.9752953649,0.0047259629,0.0069828788
4808,"/kaggle/input/datasets/arafatrahmann/my-data221/Epic and CSCR hospital Dataset/Train/meningioma/Tr-me_1192.jpg",1,meningioma,1,meningioma,0.0125231501,0.9756159782,0.0045993151,0.0072614416
4811,"/kaggle/input/datasets/arafatrahmann/my-data221/Epic and CSCR hospital Dataset/Train/meningioma/Tr-me_1195.jpg",1,meningioma,1,meningioma,0.0101740640,0.9785304070,0.0047136769,0.0065818913
4813,"/kaggle/input/datasets/arafatrahmann/my-data221/Epic and CSCR hospital Dataset/Train/meningioma/Tr-me_1197.jpg",1,meningioma,1,meningioma,0.0082798768,0.9817951322,0.0045070238,0.0054179751
4818,"/kaggle/input/datasets/arafatrahmann/my-data221/Epic and CSCR hospital Dataset/Train/meningioma/Tr-me_1202.jpg",1,meningioma,1,meningioma,0.0105914008,0.9784289598,0.0046728263,0.0063067987
4822,"/kaggle/input/datasets/arafatrahmann/my-data221/Epic and CSCR hospital Dataset/Train/meningioma/Tr-me_1206.jpg",1,meningioma,1,meningioma,0.0232915245,0.9470086098,0.0051122168,0.0245876759
4825,"/kaggle/input/datasets/arafatrahmann/my-data221/Epic and CSCR hospital Dataset/Train/meningioma/Tr-me_1209.jpg",1,meningioma,1,meningioma,0.0093864258,0.9799334407,0.0046974593,0.0059826276
4828,"/kaggle/input/datasets/arafatrahmann/my-data221/Epic and CSCR hospital Dataset/Train/meningioma/Tr-me_1212.jpg",1,meningioma,1,meningioma,0.0130484253,0.9750763178,0.0047979630,0.0070773186
4830,"/kaggle/input/datasets/arafatrahmann/my-data221/Epic and CSCR hospital Dataset/Train/meningioma/Tr-me_1214.jpg",1,meningioma,1,meningioma,0.0106024668,0.9786974192,0.0045110998,0.0061890269
4832,"/kaggle/input/datasets/arafatrahmann/my-data221/Epic and CSCR hospital Dataset/Train/meningioma/Tr-me_1216.jpg",1,meningioma,1,meningioma,0.0091683744,0.9800440073,0.0044918717,0.0062958300
4836,"/kaggle/input/datasets/arafatrahmann/my-data221/Epic and CSCR hospital Dataset/Train/meningioma/Tr-me_1220.jpg",1,meningioma,1,meningioma,0.0140482280,0.9746308327,0.0047614551,0.0065595447
4839,"/kaggle/input/datasets/arafatrahmann/my-data221/Epic and CSCR hospital Dataset/Train/meningioma/Tr-me_1224.jpg",1,meningioma,1,meningioma,0.0087085301,0.9811879992,0.0044932468,0.0056101931
4848,"/kaggle/input/datasets/arafatrahmann/my-data221/Epic and CSCR hospital Dataset/Train/meningioma/Tr-me_1235.jpg",1,meningioma,1,meningioma,0.0112239774,0.9774387479,0.0045632068,0.0067740725
4849,"/kaggle/input/datasets/arafatrahmann/my-data221/Epic and CSCR hospital Dataset/Train/meningioma/Tr-me_1236.jpg",1,meningioma,1,meningioma,0.0122228488,0.9765599370,0.0045389556,0.0066782595
4851,"/kaggle/input/datasets/arafatrahmann/my-data221/Epic and CSCR hospital Dataset/Train/meningioma/Tr-me_1238.jpg",1,meningioma,1,meningioma,0.0127679883,0.9754267931,0.0046118447,0.0071934797
4856,"/kaggle/input/datasets/arafatrahmann/my-data221/Epic and CSCR hospital Dataset/Train/meningioma/Tr-me_1245.jpg",1,meningioma,1,meningioma,0.0092575634,0.9803304672,0.0046227323,0.0057891626
4857,"/kaggle/input/datasets/arafatrahmann/my-data221/Epic and CSCR hospital Dataset/Train/meningioma/Tr-me_1246.jpg",1,meningioma,1,meningioma,0.0082428902,0.9812743068,0.0045571974,0.0059255608
4876,"/kaggle/input/datasets/arafatrahmann/my-data221/Epic and CSCR hospital Dataset/Train/meningioma/Tr-me_1289.jpg",1,meningioma,1,meningioma,0.0088378405,0.9804593921,0.0046923971,0.0060103172
4878,"/kaggle/input/datasets/arafatrahmann/my-data221/Epic and CSCR hospital Dataset/Train/meningioma/Tr-me_1291.jpg",1,meningioma,1,meningioma,0.0106024705,0.9784425497,0.0048318710,0.0061230743
4879,"/kaggle/input/datasets/arafatrahmann/my-data221/Epic and CSCR hospital Dataset/Train/meningioma/Tr-me_1292.jpg",1,meningioma,1,meningioma,0.0094758514,0.9796212316,0.0046944669,0.0062085809
4880,"/kaggle/input/datasets/arafatrahmann/my-data221/Epic and CSCR hospital Dataset/Train/meningioma/Tr-me_1293.jpg",1,meningioma,1,meningioma,0.0114710452,0.9772540927,0.0047555822,0.0065192729
4886,"/kaggle/input/datasets/arafatrahmann/my-data221/Epic and CSCR hospital Dataset/Train/meningioma/Tr-me_1299.jpg",1,meningioma,1,meningioma,0.0084882416,0.9813410044,0.0047338968,0.0054369839
4899,"/kaggle/input/datasets/arafatrahmann/my-data221/Epic and CSCR hospital Dataset/Train/meningioma/m1(7).jpg",1,meningioma,1,meningioma,0.0105776032,0.9765892029,0.0057474626,0.0070857545
4910,"/kaggle/input/datasets/arafatrahmann/my-data221/Epic and CSCR hospital Dataset/Train/meningioma/m1(8).jpg",1,meningioma,1,meningioma,0.0082199629,0.9803209305,0.0054495307,0.0060094427
4918,"/kaggle/input/datasets/arafatrahmann/my-data221/Epic and CSCR hospital Dataset/Train/meningioma/m1(87).jpg",1,meningioma,1,meningioma,0.0085588442,0.9809425473,0.0045580352,0.0059405821
4919,"/kaggle/input/datasets/arafatrahmann/my-data221/Epic and CSCR hospital Dataset/Train/meningioma/m1(88).jpg",1,meningioma,1,meningioma,0.0112209991,0.9772041440,0.0046418523,0.0069329059
4921,"/kaggle/input/datasets/arafatrahmann/my-data221/Epic and CSCR hospital Dataset/Train/meningioma/m1(9).jpg",1,meningioma,1,meningioma,0.0090205818,0.9784113765,0.0055694040,0.0069986051
4926,"/kaggle/input/datasets/arafatrahmann/my-data221/Epic and CSCR hospital Dataset/Train/meningioma/m1(94).jpg",1,meningioma,1,meningioma,0.0114566227,0.9770631790,0.0050438633,0.0064362972
4927,"/kaggle/input/datasets/arafatrahmann/my-data221/Epic and CSCR hospital Dataset/Train/meningioma/m1(95).jpg",1,meningioma,1,meningioma,0.0094537651,0.9798032641,0.0048791505,0.0058637774
4932,"/kaggle/input/datasets/arafatrahmann/my-data221/Epic and CSCR hospital Dataset/Train/meningioma/m2 (1).jpg",1,meningioma,1,meningioma,0.0160312615,0.9707454443,0.0046887817,0.0085345022
4940,"/kaggle/input/datasets/arafatrahmann/my-data221/Epic and CSCR hospital Dataset/Train/meningioma/m2 (106).jpg",1,meningioma,1,meningioma,0.0123445503,0.9744740725,0.0047092610,0.0084720980
4941,"/kaggle/input/datasets/arafatrahmann/my-data221/Epic and CSCR hospital Dataset/Train/meningioma/m2 (107).jpg",1,meningioma,1,meningioma,0.0098404344,0.9789819717,0.0046472000,0.0065303547
4942,"/kaggle/input/datasets/arafatrahmann/my-data221/Epic and CSCR hospital Dataset/Train/meningioma/m2 (108).jpg",1,meningioma,1,meningioma,0.0120066237,0.9755978584,0.0045838328,0.0078116199
4961,"/kaggle/input/datasets/arafatrahmann/my-data221/Epic and CSCR hospital Dataset/Train/meningioma/m2 (125).jpg",1,meningioma,1,meningioma,0.0159082077,0.9719678164,0.0046961857,0.0074278200
4965,"/kaggle/input/datasets/arafatrahmann/my-data221/Epic and CSCR hospital Dataset/Train/meningioma/m2 (129).jpg",1,meningioma,1,meningioma,0.0084989620,0.9811217189,0.0046400363,0.0057392023
4972,"/kaggle/input/datasets/arafatrahmann/my-data221/Epic and CSCR hospital Dataset/Train/meningioma/m2 (135).jpg",1,meningioma,1,meningioma,0.0135600809,0.9746955037,0.0048864479,0.0068580499
4987,"/kaggle/input/datasets/arafatrahmann/my-data221/Epic and CSCR hospital Dataset/Train/meningioma/m2 (149).jpg",1,meningioma,1,meningioma,0.0173633434,0.9691348076,0.0050270441,0.0084746936
4995,"/kaggle/input/datasets/arafatrahmann/my-data221/Epic and CSCR hospital Dataset/Train/meningioma/m2 (156).jpg",1,meningioma,1,meningioma,0.0092046913,0.9798148870,0.0047606016,0.0062198192
4999,"/kaggle/input/datasets/arafatrahmann/my-data221/Epic and CSCR hospital Dataset/Train/meningioma/m2 (16).jpg",1,meningioma,1,meningioma,0.0102515426,0.9788914919,0.0046485746,0.0062084505
5008,"/kaggle/input/datasets/arafatrahmann/my-data221/Epic and CSCR hospital Dataset/Train/meningioma/m2 (168).jpg",1,meningioma,1,meningioma,0.0099231396,0.9791568518,0.0045164940,0.0064035193
5019,"/kaggle/input/datasets/arafatrahmann/my-data221/Epic and CSCR hospital Dataset/Train/meningioma/m2 (18).jpg",1,meningioma,1,meningioma,0.0091931317,0.9802201986,0.0045673959,0.0060191955
5024,"/kaggle/input/datasets/arafatrahmann/my-data221/Epic and CSCR hospital Dataset/Train/meningioma/m2 (22).jpg",1,meningioma,1,meningioma,0.0097804051,0.9791048765,0.0045542940,0.0065604402
5026,"/kaggle/input/datasets/arafatrahmann/my-data221/Epic and CSCR hospital Dataset/Train/meningioma/m2 (24).jpg",1,meningioma,1,meningioma,0.0099610416,0.9790896177,0.0046011829,0.0063481396
5032,"/kaggle/input/datasets/arafatrahmann/my-data221/Epic and CSCR hospital Dataset/Train/meningioma/m2 (3).jpg",1,meningioma,1,meningioma,0.0122453030,0.9747499228,0.0046704989,0.0083342316
5033,"/kaggle/input/datasets/arafatrahmann/my-data221/Epic and CSCR hospital Dataset/Train/meningioma/m2 (30).jpg",1,meningioma,1,meningioma,0.0096155973,0.9796155691,0.0045618177,0.0062069735
5035,"/kaggle/input/datasets/arafatrahmann/my-data221/Epic and CSCR hospital Dataset/Train/meningioma/m2 (32).jpg",1,meningioma,1,meningioma,0.0093127582,0.9800874591,0.0044832779,0.0061164899
5037,"/kaggle/input/datasets/arafatrahmann/my-data221/Epic and CSCR hospital Dataset/Train/meningioma/m2 (34).jpg",1,meningioma,1,meningioma,0.0088692699,0.9807753563,0.0044690734,0.0058862870
5044,"/kaggle/input/datasets/arafatrahmann/my-data221/Epic and CSCR hospital Dataset/Train/meningioma/m2 (40).jpg",1,meningioma,1,meningioma,0.0105396891,0.9781420827,0.0046508657,0.0066673821
5046,"/kaggle/input/datasets/arafatrahmann/my-data221/Epic and CSCR hospital Dataset/Train/meningioma/m2 (42).jpg",1,meningioma,1,meningioma,0.0122122206,0.9760387540,0.0047238236,0.0070251809
5050,"/kaggle/input/datasets/arafatrahmann/my-data221/Epic and CSCR hospital Dataset/Train/meningioma/m2 (46).jpg",1,meningioma,1,meningioma,0.0095470538,0.9797474742,0.0044610049,0.0062443558
5053,"/kaggle/input/datasets/arafatrahmann/my-data221/Epic and CSCR hospital Dataset/Train/meningioma/m2 (49).jpg",1,meningioma,1,meningioma,0.0099807819,0.9786966443,0.0046777315,0.0066448124
5056,"/kaggle/input/datasets/arafatrahmann/my-data221/Epic and CSCR hospital Dataset/Train/meningioma/m2 (51).jpg",1,meningioma,1,meningioma,0.0106373448,0.9773461223,0.0046202918,0.0073961928
5059,"/kaggle/input/datasets/arafatrahmann/my-data221/Epic and CSCR hospital Dataset/Train/meningioma/m2 (54).jpg",1,meningioma,1,meningioma,0.0092760697,0.9800740480,0.0045180647,0.0061319331
5060,"/kaggle/input/datasets/arafatrahmann/my-data221/Epic and CSCR hospital Dataset/Train/meningioma/m2 (55).jpg",1,meningioma,1,meningioma,0.0218743365,0.9637063146,0.0048146346,0.0096047055
5063,"/kaggle/input/datasets/arafatrahmann/my-data221/Epic and CSCR hospital Dataset/Train/meningioma/m2 (58).jpg",1,meningioma,1,meningioma,0.0072077727,0.9824298024,0.0047766673,0.0055857804
5066,"/kaggle/input/datasets/arafatrahmann/my-data221/Epic and CSCR hospital Dataset/Train/meningioma/m2 (60).jpg",1,meningioma,1,meningioma,0.0100167412,0.9789020419,0.0046581021,0.0064230794
5069,"/kaggle/input/datasets/arafatrahmann/my-data221/Epic and CSCR hospital Dataset/Train/meningioma/m2 (63).jpg",1,meningioma,1,meningioma,0.0099617448,0.9797270894,0.0045998236,0.0057113604
5074,"/kaggle/input/datasets/arafatrahmann/my-data221/Epic and CSCR hospital Dataset/Train/meningioma/m2 (68).jpg",1,meningioma,1,meningioma,0.0129376529,0.9756914973,0.0045823664,0.0067884447
5081,"/kaggle/input/datasets/arafatrahmann/my-data221/Epic and CSCR hospital Dataset/Train/meningioma/m2 (74).jpg",1,meningioma,1,meningioma,0.0112573691,0.9779571295,0.0045472616,0.0062382543
5082,"/kaggle/input/datasets/arafatrahmann/my-data221/Epic and CSCR hospital Dataset/Train/meningioma/m2 (75).jpg",1,meningioma,1,meningioma,0.0109273139,0.9787375331,0.0044982112,0.0058369404
5084,"/kaggle/input/datasets/arafatrahmann/my-data221/Epic and CSCR hospital Dataset/Train/meningioma/m2 (77).jpg",1,meningioma,1,meningioma,0.0119850915,0.9755641222,0.0047697411,0.0076810368
5090,"/kaggle/input/datasets/arafatrahmann/my-data221/Epic and CSCR hospital Dataset/Train/meningioma/m2 (82).jpg",1,meningioma,1,meningioma,0.0089328336,0.9803985357,0.0045433883,0.0061251717
5093,"/kaggle/input/datasets/arafatrahmann/my-data221/Epic and CSCR hospital Dataset/Train/meningioma/m2 (85).jpg",1,meningioma,1,meningioma,0.0099403774,0.9789436460,0.0046242615,0.0064917160
5100,"/kaggle/input/datasets/arafatrahmann/my-data221/Epic and CSCR hospital Dataset/Train/meningioma/m2 (91).jpg",1,meningioma,1,meningioma,0.0102371881,0.9780155420,0.0047189416,0.0070283399
5101,"/kaggle/input/datasets/arafatrahmann/my-data221/Epic and CSCR hospital Dataset/Train/meningioma/m2 (92).jpg",1,meningioma,1,meningioma,0.0127469655,0.9756143689,0.0046301135,0.0070084468
5102,"/kaggle/input/datasets/arafatrahmann/my-data221/Epic and CSCR hospital Dataset/Train/meningioma/m2 (93).jpg",1,meningioma,1,meningioma,0.0113037108,0.9773858190,0.0047191852,0.0065913224
5104,"/kaggle/input/datasets/arafatrahmann/my-data221/Epic and CSCR hospital Dataset/Train/meningioma/m2 (95).jpg",1,meningioma,1,meningioma,0.0110517945,0.9779409170,0.0048334296,0.0061738663
5109,"/kaggle/input/datasets/arafatrahmann/my-data221/Epic and CSCR hospital Dataset/Train/meningioma/m3 (1).jpg",1,meningioma,1,meningioma,0.0113448203,0.9770917892,0.0044809626,0.0070823566
5116,"/kaggle/input/datasets/arafatrahmann/my-data221/Epic and CSCR hospital Dataset/Train/meningioma/m3 (105).jpg",1,meningioma,1,meningioma,0.0075972816,0.9822759628,0.0045185965,0.0056081717
5117,"/kaggle/input/datasets/arafatrahmann/my-data221/Epic and CSCR hospital Dataset/Train/meningioma/m3 (106).jpg",1,meningioma,1,meningioma,0.0091008143,0.9806821942,0.0044662934,0.0057507344
5121,"/kaggle/input/datasets/arafatrahmann/my-data221/Epic and CSCR hospital Dataset/Train/meningioma/m3 (11).jpg",1,meningioma,1,meningioma,0.0111938668,0.9768689275,0.0044973427,0.0074398569
5125,"/kaggle/input/datasets/arafatrahmann/my-data221/Epic and CSCR hospital Dataset/Train/meningioma/m3 (113).jpg",1,meningioma,1,meningioma,0.0119040878,0.9767789841,0.0046423087,0.0066745775
5128,"/kaggle/input/datasets/arafatrahmann/my-data221/Epic and CSCR hospital Dataset/Train/meningioma/m3 (116).jpg",1,meningioma,1,meningioma,0.0107986350,0.9780956507,0.0045467485,0.0065589240
5133,"/kaggle/input/datasets/arafatrahmann/my-data221/Epic and CSCR hospital Dataset/Train/meningioma/m3 (120).jpg",1,meningioma,1,meningioma,0.0092215585,0.9797841907,0.0044895564,0.0065047429
5134,"/kaggle/input/datasets/arafatrahmann/my-data221/Epic and CSCR hospital Dataset/Train/meningioma/m3 (121).jpg",1,meningioma,1,meningioma,0.0091307927,0.9798890352,0.0046352991,0.0063449899
5144,"/kaggle/input/datasets/arafatrahmann/my-data221/Epic and CSCR hospital Dataset/Train/meningioma/m3 (130).jpg",1,meningioma,1,meningioma,0.0094732586,0.9795910716,0.0049209110,0.0060147448
5149,"/kaggle/input/datasets/arafatrahmann/my-data221/Epic and CSCR hospital Dataset/Train/meningioma/m3 (135).jpg",1,meningioma,1,meningioma,0.2287654877,0.7560084462,0.0063181892,0.0089078769
5161,"/kaggle/input/datasets/arafatrahmann/my-data221/Epic and CSCR hospital Dataset/Train/meningioma/m3 (147).jpg",1,meningioma,1,meningioma,0.0122168232,0.9764086008,0.0046369028,0.0067377142
5164,"/kaggle/input/datasets/arafatrahmann/my-data221/Epic and CSCR hospital Dataset/Train/meningioma/m3 (15).jpg",1,meningioma,1,meningioma,0.0086920885,0.9816321135,0.0044947476,0.0051810835
5170,"/kaggle/input/datasets/arafatrahmann/my-data221/Epic and CSCR hospital Dataset/Train/meningioma/m3 (155).jpg",1,meningioma,1,meningioma,0.0079504605,0.9817458391,0.0046331440,0.0056704744
5178,"/kaggle/input/datasets/arafatrahmann/my-data221/Epic and CSCR hospital Dataset/Train/meningioma/m3 (165).jpg",1,meningioma,1,meningioma,0.0101066530,0.9788403511,0.0045496169,0.0065033743
5185,"/kaggle/input/datasets/arafatrahmann/my-data221/Epic and CSCR hospital Dataset/Train/meningioma/m3 (172).jpg",1,meningioma,1,meningioma,0.0198392887,0.9634766579,0.0051542078,0.0115298331
5186,"/kaggle/input/datasets/arafatrahmann/my-data221/Epic and CSCR hospital Dataset/Train/meningioma/m3 (173).jpg",1,meningioma,1,meningioma,0.0343557112,0.8651936650,0.0060345251,0.0944162235
5189,"/kaggle/input/datasets/arafatrahmann/my-data221/Epic and CSCR hospital Dataset/Train/meningioma/m3 (176).jpg",1,meningioma,1,meningioma,0.0120952446,0.9766845703,0.0046367617,0.0065833987
5199,"/kaggle/input/datasets/arafatrahmann/my-data221/Epic and CSCR hospital Dataset/Train/meningioma/m3 (186).jpg",1,meningioma,1,meningioma,0.0084796483,0.9806464911,0.0046485746,0.0062252926
5200,"/kaggle/input/datasets/arafatrahmann/my-data221/Epic and CSCR hospital Dataset/Train/meningioma/m3 (187).jpg",1,meningioma,1,meningioma,0.0100297583,0.9795182347,0.0045596994,0.0058924030
5205,"/kaggle/input/datasets/arafatrahmann/my-data221/Epic and CSCR hospital Dataset/Train/notumor/13 no.jpg",2,notumor,2,notumor,0.0096466485,0.0061441427,0.9745700955,0.0096391439
5206,"/kaggle/input/datasets/arafatrahmann/my-data221/Epic and CSCR hospital Dataset/Train/notumor/14 no.jpg",2,notumor,2,notumor,0.0080866832,0.0060875975,0.9751013517,0.0107244123
5211,"/kaggle/input/datasets/arafatrahmann/my-data221/Epic and CSCR hospital Dataset/Train/notumor/1590.jpg",2,notumor,2,notumor,0.0080302740,0.0061228913,0.9750661850,0.0107806884
5231,"/kaggle/input/datasets/arafatrahmann/my-data221/Epic and CSCR hospital Dataset/Train/notumor/1610.jpg",2,notumor,2,notumor,0.0087367939,0.0057243374,0.9747444391,0.0107944934
5233,"/kaggle/input/datasets/arafatrahmann/my-data221/Epic and CSCR hospital Dataset/Train/notumor/1612.jpg",2,notumor,2,notumor,0.0082827117,0.0053096907,0.9740884900,0.0123191550
5237,"/kaggle/input/datasets/arafatrahmann/my-data221/Epic and CSCR hospital Dataset/Train/notumor/1616.jpg",2,notumor,2,notumor,0.0089074159,0.0056823781,0.9748385549,0.0105715971
5244,"/kaggle/input/datasets/arafatrahmann/my-data221/Epic and CSCR hospital Dataset/Train/notumor/1623.jpg",2,notumor,2,notumor,0.0086390078,0.0052051218,0.9739452600,0.0122106401
5250,"/kaggle/input/datasets/arafatrahmann/my-data221/Epic and CSCR hospital Dataset/Train/notumor/1629.jpg",2,notumor,2,notumor,0.0083686057,0.0056306385,0.9750289917,0.0109717660
5254,"/kaggle/input/datasets/arafatrahmann/my-data221/Epic and CSCR hospital Dataset/Train/notumor/1633.jpg",2,notumor,2,notumor,0.0078960499,0.0060222144,0.9749680758,0.0111137526
5260,"/kaggle/input/datasets/arafatrahmann/my-data221/Epic and CSCR hospital Dataset/Train/notumor/1639.jpg",2,notumor,2,notumor,0.0078976918,0.0063642226,0.9742369652,0.0115011446
5264,"/kaggle/input/datasets/arafatrahmann/my-data221/Epic and CSCR hospital Dataset/Train/notumor/1643.jpg",2,notumor,2,notumor,0.0079809604,0.0059531657,0.9747519493,0.0113139302
5267,"/kaggle/input/datasets/arafatrahmann/my-data221/Epic and CSCR hospital Dataset/Train/notumor/1646.jpg",2,notumor,2,notumor,0.0081679160,0.0061319666,0.9749776125,0.0107225198
5287,"/kaggle/input/datasets/arafatrahmann/my-data221/Epic and CSCR hospital Dataset/Train/notumor/1666.jpg",2,notumor,2,notumor,0.0078009539,0.0068871006,0.9748584628,0.0104533825
5294,"/kaggle/input/datasets/arafatrahmann/my-data221/Epic and CSCR hospital Dataset/Train/notumor/1673.jpg",2,notumor,2,notumor,0.0091985315,0.0054730368,0.9748074412,0.0105210301
5300,"/kaggle/input/datasets/arafatrahmann/my-data221/Epic and CSCR hospital Dataset/Train/notumor/1679.jpg",2,notumor,2,notumor,0.0081070270,0.0061486857,0.9750796556,0.0106647015
5307,"/kaggle/input/datasets/arafatrahmann/my-data221/Epic and CSCR hospital Dataset/Train/notumor/1686.jpg",2,notumor,2,notumor,0.0077965306,0.0062451726,0.9750749469,0.0108832950
5309,"/kaggle/input/datasets/arafatrahmann/my-data221/Epic and CSCR hospital Dataset/Train/notumor/1688.jpg",2,notumor,2,notumor,0.0079684798,0.0062200557,0.9750176668,0.0107937641
5319,"/kaggle/input/datasets/arafatrahmann/my-data221/Epic and CSCR hospital Dataset/Train/notumor/1698.jpg",2,notumor,2,notumor,0.0082029905,0.0060114944,0.9750278592,0.0107577359
5324,"/kaggle/input/datasets/arafatrahmann/my-data221/Epic and CSCR hospital Dataset/Train/notumor/1702.jpg",2,notumor,2,notumor,0.0082526766,0.0059042787,0.9749752283,0.0108678844
5326,"/kaggle/input/datasets/arafatrahmann/my-data221/Epic and CSCR hospital Dataset/Train/notumor/1704.jpg",2,notumor,2,notumor,0.0090557309,0.0058443840,0.9747802615,0.0103195123
5332,"/kaggle/input/datasets/arafatrahmann/my-data221/Epic and CSCR hospital Dataset/Train/notumor/1710.jpg",2,notumor,2,notumor,0.0078345509,0.0061704465,0.9749741554,0.0110208215
5346,"/kaggle/input/datasets/arafatrahmann/my-data221/Epic and CSCR hospital Dataset/Train/notumor/1724.jpg",2,notumor,2,notumor,0.0091121513,0.0059134681,0.9750784636,0.0098958416
5351,"/kaggle/input/datasets/arafatrahmann/my-data221/Epic and CSCR hospital Dataset/Train/notumor/1729.jpg",2,notumor,2,notumor,0.0088811759,0.0058462326,0.9748832583,0.0103893271
5352,"/kaggle/input/datasets/arafatrahmann/my-data221/Epic and CSCR hospital Dataset/Train/notumor/1730.jpg",2,notumor,2,notumor,0.0096341353,0.0062084752,0.9746061563,0.0095512094
5362,"/kaggle/input/datasets/arafatrahmann/my-data221/Epic and CSCR hospital Dataset/Train/notumor/1740.jpg",2,notumor,2,notumor,0.0087621678,0.0057260520,0.9747290611,0.0107826646
5363,"/kaggle/input/datasets/arafatrahmann/my-data221/Epic and CSCR hospital Dataset/Train/notumor/1741.jpg",2,notumor,2,notumor,0.0081353839,0.0060268482,0.9748526812,0.0109851211
5369,"/kaggle/input/datasets/arafatrahmann/my-data221/Epic and CSCR hospital Dataset/Train/notumor/1747.jpg",2,notumor,2,notumor,0.0080296146,0.0060598422,0.9749047160,0.0110057844
5375,"/kaggle/input/datasets/arafatrahmann/my-data221/Epic and CSCR hospital Dataset/Train/notumor/1753.jpg",2,notumor,2,notumor,0.0083293878,0.0056118080,0.9749563336,0.0111026037
5378,"/kaggle/input/datasets/arafatrahmann/my-data221/Epic and CSCR hospital Dataset/Train/notumor/1756.jpg",2,notumor,2,notumor,0.0080956575,0.0061718589,0.9749725461,0.0107599078
5390,"/kaggle/input/datasets/arafatrahmann/my-data221/Epic and CSCR hospital Dataset/Train/notumor/1768.jpg",2,notumor,2,notumor,0.0079082781,0.0058979886,0.9742806554,0.0119131189
5392,"/kaggle/input/datasets/arafatrahmann/my-data221/Epic and CSCR hospital Dataset/Train/notumor/1770.jpg",2,notumor,2,notumor,0.0079834228,0.0060422393,0.9747626185,0.0112117883
5394,"/kaggle/input/datasets/arafatrahmann/my-data221/Epic and CSCR hospital Dataset/Train/notumor/1772.jpg",2,notumor,2,notumor,0.0084218476,0.0055534518,0.9750852585,0.0109394845
5404,"/kaggle/input/datasets/arafatrahmann/my-data221/Epic and CSCR hospital Dataset/Train/notumor/1782.jpg",2,notumor,2,notumor,0.0078344103,0.0058525288,0.9742655754,0.0120474910
5405,"/kaggle/input/datasets/arafatrahmann/my-data221/Epic and CSCR hospital Dataset/Train/notumor/1783.jpg",2,notumor,2,notumor,0.0082845446,0.0056639677,0.9743874669,0.0116639864
5407,"/kaggle/input/datasets/arafatrahmann/my-data221/Epic and CSCR hospital Dataset/Train/notumor/1785.jpg",2,notumor,2,notumor,0.0081124688,0.0060579474,0.9748744965,0.0109550897
5415,"/kaggle/input/datasets/arafatrahmann/my-data221/Epic and CSCR hospital Dataset/Train/notumor/1793.jpg",2,notumor,2,notumor,0.0076949345,0.0062816078,0.9749237299,0.0110996729
5417,"/kaggle/input/datasets/arafatrahmann/my-data221/Epic and CSCR hospital Dataset/Train/notumor/1795.jpg",2,notumor,2,notumor,0.0090771187,0.0064041121,0.9746025801,0.0099161677
5425,"/kaggle/input/datasets/arafatrahmann/my-data221/Epic and CSCR hospital Dataset/Train/notumor/1802.jpg",2,notumor,2,notumor,0.0084186960,0.0053522112,0.9744442701,0.0117847677
5430,"/kaggle/input/datasets/arafatrahmann/my-data221/Epic and CSCR hospital Dataset/Train/notumor/1807.jpg",2,notumor,2,notumor,0.0087787528,0.0057622315,0.9747917056,0.0106672766
5432,"/kaggle/input/datasets/arafatrahmann/my-data221/Epic and CSCR hospital Dataset/Train/notumor/1809.jpg",2,notumor,2,notumor,0.0079065282,0.0060252557,0.9748625755,0.0112056732
5439,"/kaggle/input/datasets/arafatrahmann/my-data221/Epic and CSCR hospital Dataset/Train/notumor/1816.jpg",2,notumor,2,notumor,0.0092087220,0.0051539750,0.9742810130,0.0113563351
5448,"/kaggle/input/datasets/arafatrahmann/my-data221/Epic and CSCR hospital Dataset/Train/notumor/1825.jpg",2,notumor,2,notumor,0.0080410857,0.0059596160,0.9749720693,0.0110272635
5450,"/kaggle/input/datasets/arafatrahmann/my-data221/Epic and CSCR hospital Dataset/Train/notumor/1827.jpg",2,notumor,2,notumor,0.0080580553,0.0058616688,0.9748076200,0.0112726456
5467,"/kaggle/input/datasets/arafatrahmann/my-data221/Epic and CSCR hospital Dataset/Train/notumor/1844.jpg",2,notumor,2,notumor,0.0081119165,0.0061592711,0.9751082659,0.0106204953
5468,"/kaggle/input/datasets/arafatrahmann/my-data221/Epic and CSCR hospital Dataset/Train/notumor/1845.jpg",2,notumor,2,notumor,0.0080282772,0.0057965135,0.9746029973,0.0115721915
5472,"/kaggle/input/datasets/arafatrahmann/my-data221/Epic and CSCR hospital Dataset/Train/notumor/1849.jpg",2,notumor,2,notumor,0.0087577645,0.0056377994,0.9746618271,0.0109425373
5487,"/kaggle/input/datasets/arafatrahmann/my-data221/Epic and CSCR hospital Dataset/Train/notumor/1864.jpg",2,notumor,2,notumor,0.0079354243,0.0058500180,0.9747766256,0.0114379106
5492,"/kaggle/input/datasets/arafatrahmann/my-data221/Epic and CSCR hospital Dataset/Train/notumor/1869.jpg",2,notumor,2,notumor,0.0081182700,0.0059180157,0.9747646451,0.0111990934
5494,"/kaggle/input/datasets/arafatrahmann/my-data221/Epic and CSCR hospital Dataset/Train/notumor/1871.jpg",2,notumor,2,notumor,0.0079572294,0.0054743411,0.9742727280,0.0122956401
5497,"/kaggle/input/datasets/arafatrahmann/my-data221/Epic and CSCR hospital Dataset/Train/notumor/1874.jpg",2,notumor,2,notumor,0.0078944033,0.0058873170,0.9748880267,0.0113303345
5504,"/kaggle/input/datasets/arafatrahmann/my-data221/Epic and CSCR hospital Dataset/Train/notumor/1881.jpg",2,notumor,2,notumor,0.0086787725,0.0060702804,0.9748500586,0.0104008093
5508,"/kaggle/input/datasets/arafatrahmann/my-data221/Epic and CSCR hospital Dataset/Train/notumor/19 no.jpg",2,notumor,2,notumor,0.0085208695,0.0057145925,0.9747034907,0.0110610621
5509,"/kaggle/input/datasets/arafatrahmann/my-data221/Epic and CSCR hospital Dataset/Train/notumor/1922.jpg",2,notumor,2,notumor,0.0091117304,0.0054433057,0.9748282433,0.0106167747
5512,"/kaggle/input/datasets/arafatrahmann/my-data221/Epic and CSCR hospital Dataset/Train/notumor/1925.jpg",2,notumor,2,notumor,0.0078745298,0.0060906638,0.9748409390,0.0111938827
5515,"/kaggle/input/datasets/arafatrahmann/my-data221/Epic and CSCR hospital Dataset/Train/notumor/20 no.jpg",2,notumor,2,notumor,0.0080400538,0.0060484959,0.9749385715,0.0109728370
5520,"/kaggle/input/datasets/arafatrahmann/my-data221/Epic and CSCR hospital Dataset/Train/notumor/34 no.jpg",2,notumor,2,notumor,0.0084443260,0.0054198378,0.9741259813,0.0120098852
5531,"/kaggle/input/datasets/arafatrahmann/my-data221/Epic and CSCR hospital Dataset/Train/notumor/7 no.jpg",2,notumor,2,notumor,0.0082420195,0.0055544232,0.9747989774,0.0114046931
5538,"/kaggle/input/datasets/arafatrahmann/my-data221/Epic and CSCR hospital Dataset/Train/notumor/N17.jpg",2,notumor,2,notumor,0.0076982663,0.0051466757,0.9708102942,0.0163447112
5545,"/kaggle/input/datasets/arafatrahmann/my-data221/Epic and CSCR hospital Dataset/Train/notumor/N3.jpg",2,notumor,2,notumor,0.0091453446,0.0054756249,0.9748756289,0.0105034849
5547,"/kaggle/input/datasets/arafatrahmann/my-data221/Epic and CSCR hospital Dataset/Train/notumor/N6.jpg",2,notumor,2,notumor,0.0081300959,0.0055837771,0.9744455218,0.0118405614
5549,"/kaggle/input/datasets/arafatrahmann/my-data221/Epic and CSCR hospital Dataset/Train/notumor/N_368_BR_.jpg",2,notumor,2,notumor,0.0080738422,0.0052793822,0.9737073183,0.0129394904
5550,"/kaggle/input/datasets/arafatrahmann/my-data221/Epic and CSCR hospital Dataset/Train/notumor/N_368_DA_.jpg",2,notumor,2,notumor,0.0076426417,0.0050993403,0.9716950655,0.0155629870
5551,"/kaggle/input/datasets/arafatrahmann/my-data221/Epic and CSCR hospital Dataset/Train/notumor/N_368_HF_.jpg",2,notumor,2,notumor,0.0082043214,0.0050709303,0.9734009504,0.0133237764
5557,"/kaggle/input/datasets/arafatrahmann/my-data221/Epic and CSCR hospital Dataset/Train/notumor/N_369_DA_.jpg",2,notumor,2,notumor,0.0098413080,0.0055751763,0.9739339948,0.0106495125
5561,"/kaggle/input/datasets/arafatrahmann/my-data221/Epic and CSCR hospital Dataset/Train/notumor/N_369_VF_.jpg",2,notumor,2,notumor,0.0092321513,0.0060018785,0.9739435315,0.0108223949
5568,"/kaggle/input/datasets/arafatrahmann/my-data221/Epic and CSCR hospital Dataset/Train/notumor/N_37.jpg",2,notumor,2,notumor,0.0080861924,0.0061344150,0.9750822186,0.0106971245
5569,"/kaggle/input/datasets/arafatrahmann/my-data221/Epic and CSCR hospital Dataset/Train/notumor/N_370.jpg",2,notumor,2,notumor,0.0090491474,0.0054388586,0.9746044874,0.0109076137
5582,"/kaggle/input/datasets/arafatrahmann/my-data221/Epic and CSCR hospital Dataset/Train/notumor/N_372_BR_.jpg",2,notumor,2,notumor,0.0078494074,0.0059234756,0.9748327136,0.0113944262
5589,"/kaggle/input/datasets/arafatrahmann/my-data221/Epic and CSCR hospital Dataset/Train/notumor/N_373_BR_.jpg",2,notumor,2,notumor,0.0081206029,0.0055858619,0.9748204947,0.0114730587
5590,"/kaggle/input/datasets/arafatrahmann/my-data221/Epic and CSCR hospital Dataset/Train/notumor/N_373_DA_.jpg",2,notumor,2,notumor,0.0080693793,0.0062010689,0.9749719501,0.0107576307
5597,"/kaggle/input/datasets/arafatrahmann/my-data221/Epic and CSCR hospital Dataset/Train/notumor/N_374_DA_.jpg",2,notumor,2,notumor,0.0083090095,0.0058777183,0.9750097394,0.0108035654
5600,"/kaggle/input/datasets/arafatrahmann/my-data221/Epic and CSCR hospital Dataset/Train/notumor/N_374_SP_.jpg",2,notumor,2,notumor,0.0082603432,0.0060836161,0.9740493894,0.0116066560
5602,"/kaggle/input/datasets/arafatrahmann/my-data221/Epic and CSCR hospital Dataset/Train/notumor/N_375.jpg",2,notumor,2,notumor,0.0151527626,0.0059319949,0.9701840281,0.0087312292
5606,"/kaggle/input/datasets/arafatrahmann/my-data221/Epic and CSCR hospital Dataset/Train/notumor/N_375_RO_.jpg",2,notumor,2,notumor,0.0125504415,0.0056596519,0.9723941684,0.0093957242
5609,"/kaggle/input/datasets/arafatrahmann/my-data221/Epic and CSCR hospital Dataset/Train/notumor/N_376.jpg",2,notumor,2,notumor,0.0082358057,0.0059617343,0.9748457074,0.0109567614
5612,"/kaggle/input/datasets/arafatrahmann/my-data221/Epic and CSCR hospital Dataset/Train/notumor/N_376_HF_.jpg",2,notumor,2,notumor,0.0083579887,0.0059174732,0.9748088717,0.0109155569
5623,"/kaggle/input/datasets/arafatrahmann/my-data221/Epic and CSCR hospital Dataset/Train/notumor/N_378.jpg",2,notumor,2,notumor,0.0089081870,0.0058065383,0.9748619199,0.0104233827
5627,"/kaggle/input/datasets/arafatrahmann/my-data221/Epic and CSCR hospital Dataset/Train/notumor/N_378_RO_.jpg",2,notumor,2,notumor,0.0094280513,0.0060338606,0.9746490717,0.0098890467
5629,"/kaggle/input/datasets/arafatrahmann/my-data221/Epic and CSCR hospital Dataset/Train/notumor/N_378_VF_.jpg",2,notumor,2,notumor,0.0084291315,0.0056434209,0.9746785164,0.0112489183
5632,"/kaggle/input/datasets/arafatrahmann/my-data221/Epic and CSCR hospital Dataset/Train/notumor/N_379_DA_.jpg",2,notumor,2,notumor,0.0087071164,0.0058423225,0.9748620987,0.0105884969
5634,"/kaggle/input/datasets/arafatrahmann/my-data221/Epic and CSCR hospital Dataset/Train/notumor/N_379_RO_.jpg",2,notumor,2,notumor,0.0086982977,0.0060647153,0.9751523733,0.0100845834
5643,"/kaggle/input/datasets/arafatrahmann/my-data221/Epic and CSCR hospital Dataset/Train/notumor/N_38.jpg",2,notumor,2,notumor,0.0091090742,0.0054039895,0.9747025371,0.0107844034
5644,"/kaggle/input/datasets/arafatrahmann/my-data221/Epic and CSCR hospital Dataset/Train/notumor/N_380.jpg",2,notumor,2,notumor,0.0080337180,0.0063798726,0.9749984741,0.0105879931
5650,"/kaggle/input/datasets/arafatrahmann/my-data221/Epic and CSCR hospital Dataset/Train/notumor/N_380_VF_.jpg",2,notumor,2,notumor,0.0081737135,0.0061604967,0.9750525355,0.0106133204
5667,"/kaggle/input/datasets/arafatrahmann/my-data221/Epic and CSCR hospital Dataset/Train/notumor/N_383_DA_.jpg",2,notumor,2,notumor,0.0084618609,0.0061979559,0.9750658274,0.0102745080
5669,"/kaggle/input/datasets/arafatrahmann/my-data221/Epic and CSCR hospital Dataset/Train/notumor/N_383_RO_.jpg",2,notumor,2,notumor,0.0080647077,0.0062190974,0.9751127958,0.0106034745
5684,"/kaggle/input/datasets/arafatrahmann/my-data221/Epic and CSCR hospital Dataset/Train/notumor/N_385_SP_.jpg",2,notumor,2,notumor,0.0080117462,0.0060555097,0.9749605060,0.0109723089
5688,"/kaggle/input/datasets/arafatrahmann/my-data221/Epic and CSCR hospital Dataset/Train/notumor/N_386_DA_.jpg",2,notumor,2,notumor,0.0943361521,0.0050952067,0.8949016333,0.0056669749
5690,"/kaggle/input/datasets/arafatrahmann/my-data221/Epic and CSCR hospital Dataset/Train/notumor/N_386_RO_.jpg",2,notumor,2,notumor,0.0094067277,0.0056258538,0.9738380313,0.0111294128
5694,"/kaggle/input/datasets/arafatrahmann/my-data221/Epic and CSCR hospital Dataset/Train/notumor/N_387_BR_.jpg",2,notumor,2,notumor,0.0079377061,0.0059469654,0.9749276042,0.0111877155
5698,"/kaggle/input/datasets/arafatrahmann/my-data221/Epic and CSCR hospital Dataset/Train/notumor/N_387_SP_.jpg",2,notumor,2,notumor,0.0079381336,0.0058670472,0.9748111963,0.0113836685
5702,"/kaggle/input/datasets/arafatrahmann/my-data221/Epic and CSCR hospital Dataset/Train/notumor/N_388_DA_.jpg",2,notumor,2,notumor,0.0085994992,0.0057705985,0.9749878049,0.0106420983
5708,"/kaggle/input/datasets/arafatrahmann/my-data221/Epic and CSCR hospital Dataset/Train/notumor/N_389_BR_.jpg",2,notumor,2,notumor,0.0083667077,0.0060918713,0.9750644565,0.0104769291
5710,"/kaggle/input/datasets/arafatrahmann/my-data221/Epic and CSCR hospital Dataset/Train/notumor/N_389_HF_.jpg",2,notumor,2,notumor,0.0082529709,0.0060629984,0.9750909805,0.0105929812
5711,"/kaggle/input/datasets/arafatrahmann/my-data221/Epic and CSCR hospital Dataset/Train/notumor/N_389_RO_.jpg",2,notumor,2,notumor,0.0081068594,0.0060668136,0.9751365781,0.0106898192
5724,"/kaggle/input/datasets/arafatrahmann/my-data221/Epic and CSCR hospital Dataset/Train/notumor/N_390_HF_.jpg",2,notumor,2,notumor,0.0091487244,0.0051283231,0.9742521048,0.0114708710
5725,"/kaggle/input/datasets/arafatrahmann/my-data221/Epic and CSCR hospital Dataset/Train/notumor/N_390_RO_.jpg",2,notumor,2,notumor,0.0095704021,0.0052253786,0.9744285345,0.0107757198
5731,"/kaggle/input/datasets/arafatrahmann/my-data221/Epic and CSCR hospital Dataset/Train/notumor/N_391_HF_.jpg",2,notumor,2,notumor,0.0084275315,0.0062178979,0.9750697017,0.0102849212
5735,"/kaggle/input/datasets/arafatrahmann/my-data221/Epic and CSCR hospital Dataset/Train/notumor/N_392.jpg",2,notumor,2,notumor,0.0082306154,0.0060800798,0.9751409292,0.0105484584
5762,"/kaggle/input/datasets/arafatrahmann/my-data221/Epic and CSCR hospital Dataset/Train/notumor/N_395_VF_.jpg",2,notumor,2,notumor,0.0081152227,0.0063197548,0.9751012921,0.0104638133
5763,"/kaggle/input/datasets/arafatrahmann/my-data221/Epic and CSCR hospital Dataset/Train/notumor/N_396.jpg",2,notumor,2,notumor,0.0081635443,0.0058572954,0.9749284983,0.0110506825
5769,"/kaggle/input/datasets/arafatrahmann/my-data221/Epic and CSCR hospital Dataset/Train/notumor/N_396_VF_.jpg",2,notumor,2,notumor,0.0080880225,0.0058255373,0.9747701883,0.0113161588
5772,"/kaggle/input/datasets/arafatrahmann/my-data221/Epic and CSCR hospital Dataset/Train/notumor/N_397_DA_.jpg",2,notumor,2,notumor,0.0085705388,0.0062041311,0.9749596715,0.0102656307
5775,"/kaggle/input/datasets/arafatrahmann/my-data221/Epic and CSCR hospital Dataset/Train/notumor/N_397_SP_.jpg",2,notumor,2,notumor,0.0086730774,0.0055500949,0.9745016098,0.0112751406
5778,"/kaggle/input/datasets/arafatrahmann/my-data221/Epic and CSCR hospital Dataset/Train/notumor/N_398_BR_.jpg",2,notumor,2,notumor,0.0081370054,0.0054484298,0.9746311307,0.0117834825
5783,"/kaggle/input/datasets/arafatrahmann/my-data221/Epic and CSCR hospital Dataset/Train/notumor/N_398_VF_.jpg",2,notumor,2,notumor,0.0091085881,0.0050906488,0.9741268158,0.0116738938
5787,"/kaggle/input/datasets/arafatrahmann/my-data221/Epic and CSCR hospital Dataset/Train/notumor/N_399_HF_.jpg",2,notumor,2,notumor,0.0081574675,0.0063707842,0.9751337171,0.0103380866
5788,"/kaggle/input/datasets/arafatrahmann/my-data221/Epic and CSCR hospital Dataset/Train/notumor/N_399_RO_.jpg",2,notumor,2,notumor,0.0082503809,0.0065027699,0.9751036763,0.0101431822
5789,"/kaggle/input/datasets/arafatrahmann/my-data221/Epic and CSCR hospital Dataset/Train/notumor/N_399_SP_.jpg",2,notumor,2,notumor,0.0081852665,0.0062914477,0.9750344157,0.0104889069
5794,"/kaggle/input/datasets/arafatrahmann/my-data221/Epic and CSCR hospital Dataset/Train/notumor/N_39_RO_.jpg",2,notumor,2,notumor,0.0090262424,0.0069614002,0.9744391441,0.0095732491
5795,"/kaggle/input/datasets/arafatrahmann/my-data221/Epic and CSCR hospital Dataset/Train/notumor/N_39_SP_.jpg",2,notumor,2,notumor,0.0079876622,0.0136855394,0.8466135859,0.1317132562
5796,"/kaggle/input/datasets/arafatrahmann/my-data221/Epic and CSCR hospital Dataset/Train/notumor/N_39_VF_.jpg",2,notumor,2,notumor,0.0091434261,0.0058437893,0.9707736969,0.0142390672
5804,"/kaggle/input/datasets/arafatrahmann/my-data221/Epic and CSCR hospital Dataset/Train/notumor/N_40.jpg",2,notumor,2,notumor,0.0084792869,0.0058626132,0.9748976827,0.0107604312
5809,"/kaggle/input/datasets/arafatrahmann/my-data221/Epic and CSCR hospital Dataset/Train/notumor/N_400_RO_.jpg",2,notumor,2,notumor,0.0082984492,0.0057203388,0.9748247862,0.0111564081
5810,"/kaggle/input/datasets/arafatrahmann/my-data221/Epic and CSCR hospital Dataset/Train/notumor/N_400_SP_.jpg",2,notumor,2,notumor,0.0080478285,0.0058914213,0.9747214317,0.0113392891
5830,"/kaggle/input/datasets/arafatrahmann/my-data221/Epic and CSCR hospital Dataset/Train/notumor/N_403_RO_.jpg",2,notumor,2,notumor,0.0080866888,0.0062868549,0.9751474261,0.0104790647
5837,"/kaggle/input/datasets/arafatrahmann/my-data221/Epic and CSCR hospital Dataset/Train/notumor/N_404_RO_.jpg",2,notumor,2,notumor,0.0081150597,0.0055355160,0.9745532274,0.0117962360
5838,"/kaggle/input/datasets/arafatrahmann/my-data221/Epic and CSCR hospital Dataset/Train/notumor/N_404_SP_.jpg",2,notumor,2,notumor,0.0086724441,0.0055455500,0.9746533632,0.0111286547
5840,"/kaggle/input/datasets/arafatrahmann/my-data221/Epic and CSCR hospital Dataset/Train/notumor/N_405.jpg",2,notumor,2,notumor,0.0091885095,0.0063249357,0.9747355580,0.0097510787
5841,"/kaggle/input/datasets/arafatrahmann/my-data221/Epic and CSCR hospital Dataset/Train/notumor/N_405_BR_.jpg",2,notumor,2,notumor,0.0087050907,0.0060112756,0.9749801755,0.0103034433
5844,"/kaggle/input/datasets/arafatrahmann/my-data221/Epic and CSCR hospital Dataset/Train/notumor/N_405_RO_.jpg",2,notumor,2,notumor,0.0097289868,0.0096308086,0.9718990326,0.0087411907
5847,"/kaggle/input/datasets/arafatrahmann/my-data221/Epic and CSCR hospital Dataset/Train/notumor/N_406.jpg",2,notumor,2,notumor,0.0093405433,0.0054355939,0.9744483232,0.0107754683
5855,"/kaggle/input/datasets/arafatrahmann/my-data221/Epic and CSCR hospital Dataset/Train/notumor/N_407_BR_.jpg",2,notumor,2,notumor,0.0089100422,0.0055570146,0.9744634628,0.0110694990
5856,"/kaggle/input/datasets/arafatrahmann/my-data221/Epic and CSCR hospital Dataset/Train/notumor/N_407_DA_.jpg",2,notumor,2,notumor,0.0090365373,0.0060474612,0.9746842384,0.0102318991
5858,"/kaggle/input/datasets/arafatrahmann/my-data221/Epic and CSCR hospital Dataset/Train/notumor/N_407_RO_.jpg",2,notumor,2,notumor,0.0092073996,0.0061299582,0.9747818708,0.0098807337
5859,"/kaggle/input/datasets/arafatrahmann/my-data221/Epic and CSCR hospital Dataset/Train/notumor/N_407_SP_.jpg",2,notumor,2,notumor,0.0089861797,0.0056828195,0.9740381241,0.0112928627
5872,"/kaggle/input/datasets/arafatrahmann/my-data221/Epic and CSCR hospital Dataset/Train/notumor/N_409_RO_.jpg",2,notumor,2,notumor,0.0084151421,0.0053548128,0.9742174149,0.0120125841
5878,"/kaggle/input/datasets/arafatrahmann/my-data221/Epic and CSCR hospital Dataset/Train/notumor/N_40_RO_.jpg",2,notumor,2,notumor,0.0086553274,0.0059393281,0.9749972224,0.0104081072
5881,"/kaggle/input/datasets/arafatrahmann/my-data221/Epic and CSCR hospital Dataset/Train/notumor/N_41.jpg",2,notumor,2,notumor,0.0083544375,0.0051685437,0.9734591246,0.0130179469
5887,"/kaggle/input/datasets/arafatrahmann/my-data221/Epic and CSCR hospital Dataset/Train/notumor/N_410_SP_.jpg",2,notumor,2,notumor,0.0086155524,0.0058946768,0.9744278789,0.0110618854
5890,"/kaggle/input/datasets/arafatrahmann/my-data221/Epic and CSCR hospital Dataset/Train/notumor/N_411_BR_.jpg",2,notumor,2,notumor,0.0082329912,0.0056392928,0.9743821025,0.0117456345
5910,"/kaggle/input/datasets/arafatrahmann/my-data221/Epic and CSCR hospital Dataset/Train/notumor/N_414.jpg",2,notumor,2,notumor,0.0078086234,0.0061304877,0.9751139879,0.0109469742
5911,"/kaggle/input/datasets/arafatrahmann/my-data221/Epic and CSCR hospital Dataset/Train/notumor/N_414_BR_.jpg",2,notumor,2,notumor,0.0083130496,0.0059238286,0.9750875235,0.0106756259
5912,"/kaggle/input/datasets/arafatrahmann/my-data221/Epic and CSCR hospital Dataset/Train/notumor/N_414_DA_.jpg",2,notumor,2,notumor,0.0075098248,0.0063338391,0.9750420451,0.0111142099
5914,"/kaggle/input/datasets/arafatrahmann/my-data221/Epic and CSCR hospital Dataset/Train/notumor/N_414_RO_.jpg",2,notumor,2,notumor,0.0081268996,0.0064153695,0.9750364423,0.0104212938
5918,"/kaggle/input/datasets/arafatrahmann/my-data221/Epic and CSCR hospital Dataset/Train/notumor/N_415_BR_.jpg",2,notumor,2,notumor,0.0085320221,0.0053846464,0.9741944075,0.0118888859
5925,"/kaggle/input/datasets/arafatrahmann/my-data221/Epic and CSCR hospital Dataset/Train/notumor/N_416_BR_.jpg",2,notumor,2,notumor,0.0128670754,0.0063278126,0.9720485806,0.0087565165
5931,"/kaggle/input/datasets/arafatrahmann/my-data221/Epic and CSCR hospital Dataset/Train/notumor/N_417.jpg",2,notumor,2,notumor,0.0078480672,0.0061042989,0.9750978351,0.0109497486
5934,"/kaggle/input/datasets/arafatrahmann/my-data221/Epic and CSCR hospital Dataset/Train/notumor/N_417_HF_.jpg",2,notumor,2,notumor,0.0078759231,0.0060755708,0.9750508070,0.0109976120
5935,"/kaggle/input/datasets/arafatrahmann/my-data221/Epic and CSCR hospital Dataset/Train/notumor/N_417_RO_.jpg",2,notumor,2,notumor,0.0081414301,0.0063949339,0.9750531316,0.0104104541
5937,"/kaggle/input/datasets/arafatrahmann/my-data221/Epic and CSCR hospital Dataset/Train/notumor/N_417_VF_.jpg",2,notumor,2,notumor,0.0079573011,0.0061126491,0.9751563072,0.0107737221
5940,"/kaggle/input/datasets/arafatrahmann/my-data221/Epic and CSCR hospital Dataset/Train/notumor/N_418_DA_.jpg",2,notumor,2,notumor,0.0088796578,0.0054791472,0.9747497439,0.0108914403
5949,"/kaggle/input/datasets/arafatrahmann/my-data221/Epic and CSCR hospital Dataset/Train/notumor/N_419_RO_.jpg",2,notumor,2,notumor,0.0139485328,0.0063561425,0.9710885882,0.0086067822
5951,"/kaggle/input/datasets/arafatrahmann/my-data221/Epic and CSCR hospital Dataset/Train/notumor/N_419_VF_.jpg",2,notumor,2,notumor,0.0113673043,0.0056167175,0.9731556773,0.0098602949
5953,"/kaggle/input/datasets/arafatrahmann/my-data221/Epic and CSCR hospital Dataset/Train/notumor/N_41_DA_.jpg",2,notumor,2,notumor,0.0084700864,0.0055090701,0.9748083949,0.0112124328
5961,"/kaggle/input/datasets/arafatrahmann/my-data221/Epic and CSCR hospital Dataset/Train/notumor/N_420_DA_.jpg",2,notumor,2,notumor,0.0090388032,0.0057930555,0.9749968648,0.0101713054
5969,"/kaggle/input/datasets/arafatrahmann/my-data221/Epic and CSCR hospital Dataset/Train/notumor/N_421_HF_.jpg",2,notumor,2,notumor,0.0082853902,0.0057465844,0.9748255014,0.0111425519
5971,"/kaggle/input/datasets/arafatrahmann/my-data221/Epic and CSCR hospital Dataset/Train/notumor/N_421_SP_.jpg",2,notumor,2,notumor,0.0081519093,0.0059466129,0.9747413397,0.0111601250
5973,"/kaggle/input/datasets/arafatrahmann/my-data221/Epic and CSCR hospital Dataset/Train/notumor/N_422.jpg",2,notumor,2,notumor,0.0089609297,0.0060491846,0.9746667147,0.0103232227
5982,"/kaggle/input/datasets/arafatrahmann/my-data221/Epic and CSCR hospital Dataset/Train/notumor/N_423_DA_.jpg",2,notumor,2,notumor,0.0083004329,0.0059028408,0.9752219319,0.0105749108
5986,"/kaggle/input/datasets/arafatrahmann/my-data221/Epic and CSCR hospital Dataset/Train/notumor/N_423_VF_.jpg",2,notumor,2,notumor,0.0081025418,0.0059381751,0.9750348330,0.0109245265
5995,"/kaggle/input/datasets/arafatrahmann/my-data221/Epic and CSCR hospital Dataset/Train/notumor/N_425_BR_.jpg",2,notumor,2,notumor,0.0078978008,0.0054481020,0.9735566974,0.0130973551
5996,"/kaggle/input/datasets/arafatrahmann/my-data221/Epic and CSCR hospital Dataset/Train/notumor/N_425_DA_.jpg",2,notumor,2,notumor,0.0085111782,0.0061087403,0.9749110937,0.0104689365
5998,"/kaggle/input/datasets/arafatrahmann/my-data221/Epic and CSCR hospital Dataset/Train/notumor/N_425_RO_.jpg",2,notumor,2,notumor,0.0082722735,0.0055744695,0.9747391939,0.0114141135
6003,"/kaggle/input/datasets/arafatrahmann/my-data221/Epic and CSCR hospital Dataset/Train/notumor/N_426_DA_.jpg",2,notumor,2,notumor,0.0096122567,0.0061849141,0.9742406607,0.0099621713
6008,"/kaggle/input/datasets/arafatrahmann/my-data221/Epic and CSCR hospital Dataset/Train/notumor/N_427.jpg",2,notumor,2,notumor,0.0085683987,0.0055199605,0.9745180011,0.0113936383
6023,"/kaggle/input/datasets/arafatrahmann/my-data221/Epic and CSCR hospital Dataset/Train/notumor/N_429_BR_.jpg",2,notumor,2,notumor,0.0078111673,0.0058766073,0.9747604132,0.0115517993
6029,"/kaggle/input/datasets/arafatrahmann/my-data221/Epic and CSCR hospital Dataset/Train/notumor/N_42_BR_.jpg",2,notumor,2,notumor,0.0088869166,0.0055751326,0.9745115042,0.0110265100
6037,"/kaggle/input/datasets/arafatrahmann/my-data221/Epic and CSCR hospital Dataset/Train/notumor/N_430_BR_.jpg",2,notumor,2,notumor,0.0081896987,0.0057611526,0.9746385813,0.0114105809
6043,"/kaggle/input/datasets/arafatrahmann/my-data221/Epic and CSCR hospital Dataset/Train/notumor/N_431.jpg",2,notumor,2,notumor,0.0085843224,0.0061898297,0.9750205278,0.0102052931
6047,"/kaggle/input/datasets/arafatrahmann/my-data221/Epic and CSCR hospital Dataset/Train/notumor/N_431_RO_.jpg",2,notumor,2,notumor,0.0087334244,0.0061553074,0.9751216769,0.0099895336
6050,"/kaggle/input/datasets/arafatrahmann/my-data221/Epic and CSCR hospital Dataset/Train/notumor/N_432.jpg",2,notumor,2,notumor,0.0083967140,0.0059257345,0.9750251770,0.0106524052
6059,"/kaggle/input/datasets/arafatrahmann/my-data221/Epic and CSCR hospital Dataset/Train/notumor/N_433_DA_.jpg",2,notumor,2,notumor,0.0082714129,0.0059726550,0.9747654200,0.0109905675
6073,"/kaggle/input/datasets/arafatrahmann/my-data221/Epic and CSCR hospital Dataset/Train/notumor/N_435_DA_.jpg",2,notumor,2,notumor,0.0086028827,0.0066859275,0.9750176668,0.0096935295
6086,"/kaggle/input/datasets/arafatrahmann/my-data221/Epic and CSCR hospital Dataset/Train/notumor/N_437_BR_.jpg",2,notumor,2,notumor,0.0079755252,0.0060244957,0.9747644663,0.0112356041
6090,"/kaggle/input/datasets/arafatrahmann/my-data221/Epic and CSCR hospital Dataset/Train/notumor/N_437_SP_.jpg",2,notumor,2,notumor,0.0077722720,0.0080565372,0.9729202986,0.0112508349
6095,"/kaggle/input/datasets/arafatrahmann/my-data221/Epic and CSCR hospital Dataset/Train/notumor/N_438_HF_.jpg",2,notumor,2,notumor,0.0091907391,0.0053763082,0.9742182493,0.0112146679
6097,"/kaggle/input/datasets/arafatrahmann/my-data221/Epic and CSCR hospital Dataset/Train/notumor/N_438_SP_.jpg",2,notumor,2,notumor,0.0083784591,0.0057344758,0.9712430835,0.0146440547
6108,"/kaggle/input/datasets/arafatrahmann/my-data221/Epic and CSCR hospital Dataset/Train/notumor/N_44_HF_.jpg",2,notumor,2,notumor,0.0085894447,0.0061871670,0.9747877121,0.0104357051
6111,"/kaggle/input/datasets/arafatrahmann/my-data221/Epic and CSCR hospital Dataset/Train/notumor/N_44_VF_.jpg",2,notumor,2,notumor,0.0078410516,0.0083836634,0.9735752940,0.0102000702
6113,"/kaggle/input/datasets/arafatrahmann/my-data221/Epic and CSCR hospital Dataset/Train/notumor/N_45_BR_.jpg",2,notumor,2,notumor,0.0081680426,0.0059068534,0.9744880795,0.0114369690
6119,"/kaggle/input/datasets/arafatrahmann/my-data221/Epic and CSCR hospital Dataset/Train/notumor/N_46.jpg",2,notumor,2,notumor,0.0081311688,0.0057340562,0.9747393727,0.0113955047
6120,"/kaggle/input/datasets/arafatrahmann/my-data221/Epic and CSCR hospital Dataset/Train/notumor/N_46_BR_.jpg",2,notumor,2,notumor,0.0080641434,0.0057188394,0.9744833112,0.0117337145
6132,"/kaggle/input/datasets/arafatrahmann/my-data221/Epic and CSCR hospital Dataset/Train/notumor/N_47_VF_.jpg",2,notumor,2,notumor,0.0080372319,0.0054175816,0.9743436575,0.0122014983
6136,"/kaggle/input/datasets/arafatrahmann/my-data221/Epic and CSCR hospital Dataset/Train/notumor/N_48_HF_.jpg",2,notumor,2,notumor,0.0078468500,0.0060981773,0.9750962257,0.0109587330
6140,"/kaggle/input/datasets/arafatrahmann/my-data221/Epic and CSCR hospital Dataset/Train/notumor/N_49.jpg",2,notumor,2,notumor,0.0083959298,0.0058079790,0.9749448895,0.0108512603
6144,"/kaggle/input/datasets/arafatrahmann/my-data221/Epic and CSCR hospital Dataset/Train/notumor/N_49_RO_.jpg",2,notumor,2,notumor,0.0082519343,0.0057534361,0.9749026299,0.0110920835
6147,"/kaggle/input/datasets/arafatrahmann/my-data221/Epic and CSCR hospital Dataset/Train/notumor/N_4_BR_.jpg",2,notumor,2,notumor,0.0081574740,0.0057467804,0.9747352600,0.0113605224
6151,"/kaggle/input/datasets/arafatrahmann/my-data221/Epic and CSCR hospital Dataset/Train/notumor/N_4_SP_.jpg",2,notumor,2,notumor,0.0086675119,0.0050660959,0.9712197185,0.0150465965
6163,"/kaggle/input/datasets/arafatrahmann/my-data221/Epic and CSCR hospital Dataset/Train/notumor/N_51_DA_.jpg",2,notumor,2,notumor,0.0101310834,0.0054639140,0.9744619131,0.0099429954
6168,"/kaggle/input/datasets/arafatrahmann/my-data221/Epic and CSCR hospital Dataset/Train/notumor/N_52.jpg",2,notumor,2,notumor,0.0078200903,0.0061720810,0.9747368097,0.0112710502
6171,"/kaggle/input/datasets/arafatrahmann/my-data221/Epic and CSCR hospital Dataset/Train/notumor/N_52_HF_.jpg",2,notumor,2,notumor,0.0079462482,0.0058255596,0.9746174812,0.0116107101
6182,"/kaggle/input/datasets/arafatrahmann/my-data221/Epic and CSCR hospital Dataset/Train/notumor/N_58.jpg",2,notumor,2,notumor,0.0082927337,0.0061763669,0.9752554893,0.0102754589
6191,"/kaggle/input/datasets/arafatrahmann/my-data221/Epic and CSCR hospital Dataset/Train/notumor/No16.jpg",2,notumor,2,notumor,0.0085003395,0.0065651825,0.9745712280,0.0103632240
6192,"/kaggle/input/datasets/arafatrahmann/my-data221/Epic and CSCR hospital Dataset/Train/notumor/No17.jpg",2,notumor,2,notumor,0.0089070946,0.0053338534,0.9742269516,0.0115320496
6198,"/kaggle/input/datasets/arafatrahmann/my-data221/Epic and CSCR hospital Dataset/Train/notumor/Te-no_0066.jpg",2,notumor,2,notumor,0.0079062060,0.0061189136,0.9751390219,0.0108358283
6201,"/kaggle/input/datasets/arafatrahmann/my-data221/Epic and CSCR hospital Dataset/Train/notumor/Te-no_0069.jpg",2,notumor,2,notumor,0.0092434986,0.0063771745,0.9747335315,0.0096458001
6206,"/kaggle/input/datasets/arafatrahmann/my-data221/Epic and CSCR hospital Dataset/Train/notumor/Te-no_0074.jpg",2,notumor,2,notumor,0.0136972666,0.0057367696,0.9714561701,0.0091098044
6208,"/kaggle/input/datasets/arafatrahmann/my-data221/Epic and CSCR hospital Dataset/Train/notumor/Te-no_0076.jpg",2,notumor,2,notumor,0.0088120960,0.0051470958,0.9739362597,0.0121045075
6212,"/kaggle/input/datasets/arafatrahmann/my-data221/Epic and CSCR hospital Dataset/Train/notumor/Te-no_0080.jpg",2,notumor,2,notumor,0.0092034228,0.0054697962,0.9748047590,0.0105219837
6215,"/kaggle/input/datasets/arafatrahmann/my-data221/Epic and CSCR hospital Dataset/Train/notumor/Te-no_0083.jpg",2,notumor,2,notumor,0.0086311866,0.0061756698,0.9750514030,0.0101417331
6216,"/kaggle/input/datasets/arafatrahmann/my-data221/Epic and CSCR hospital Dataset/Train/notumor/Te-no_0084.jpg",2,notumor,2,notumor,0.0081217112,0.0057321494,0.9747056961,0.0114404419
6221,"/kaggle/input/datasets/arafatrahmann/my-data221/Epic and CSCR hospital Dataset/Train/notumor/Te-no_0089.jpg",2,notumor,2,notumor,0.0086405743,0.0055010021,0.9744718671,0.0113865882
6223,"/kaggle/input/datasets/arafatrahmann/my-data221/Epic and CSCR hospital Dataset/Train/notumor/Te-no_0091.jpg",2,notumor,2,notumor,0.0082675908,0.0053596166,0.9740412831,0.0123315901
6226,"/kaggle/input/datasets/arafatrahmann/my-data221/Epic and CSCR hospital Dataset/Train/notumor/Te-no_0094.jpg",2,notumor,2,notumor,0.0083559435,0.0059237359,0.9750501513,0.0106700519
6228,"/kaggle/input/datasets/arafatrahmann/my-data221/Epic and CSCR hospital Dataset/Train/notumor/Te-no_0096.jpg",2,notumor,2,notumor,0.0088483971,0.0063332105,0.9750568271,0.0097615924
6230,"/kaggle/input/datasets/arafatrahmann/my-data221/Epic and CSCR hospital Dataset/Train/notumor/Te-no_0118.jpg",2,notumor,2,notumor,0.0084433388,0.0061473185,0.9750140309,0.0103953946
6250,"/kaggle/input/datasets/arafatrahmann/my-data221/Epic and CSCR hospital Dataset/Train/notumor/Te-no_0138.jpg",2,notumor,2,notumor,0.0082005607,0.0053247223,0.9740523100,0.0124224043
6257,"/kaggle/input/datasets/arafatrahmann/my-data221/Epic and CSCR hospital Dataset/Train/notumor/Te-no_0145.jpg",2,notumor,2,notumor,0.0081645045,0.0058671148,0.9747226834,0.0112457033
6265,"/kaggle/input/datasets/arafatrahmann/my-data221/Epic and CSCR hospital Dataset/Train/notumor/Te-no_0153.jpg",2,notumor,2,notumor,0.0080128303,0.0060014753,0.9749248624,0.0110608172
6272,"/kaggle/input/datasets/arafatrahmann/my-data221/Epic and CSCR hospital Dataset/Train/notumor/Te-no_0160.jpg",2,notumor,2,notumor,0.0079705082,0.0060156719,0.9748210907,0.0111926980
6276,"/kaggle/input/datasets/arafatrahmann/my-data221/Epic and CSCR hospital Dataset/Train/notumor/Te-no_0164.jpg",2,notumor,2,notumor,0.0079347286,0.0060247760,0.9749542475,0.0110862460
6277,"/kaggle/input/datasets/arafatrahmann/my-data221/Epic and CSCR hospital Dataset/Train/notumor/Te-no_0165.jpg",2,notumor,2,notumor,0.0079791909,0.0060849437,0.9749584198,0.0109773558
6279,"/kaggle/input/datasets/arafatrahmann/my-data221/Epic and CSCR hospital Dataset/Train/notumor/Te-no_0167.jpg",2,notumor,2,notumor,0.0078152725,0.0062252027,0.9750536680,0.0109058972
6286,"/kaggle/input/datasets/arafatrahmann/my-data221/Epic and CSCR hospital Dataset/Train/notumor/Te-no_0174.jpg",2,notumor,2,notumor,0.0080688884,0.0058799614,0.9745340347,0.0115170870
6289,"/kaggle/input/datasets/arafatrahmann/my-data221/Epic and CSCR hospital Dataset/Train/notumor/Te-no_0177.jpg",2,notumor,2,notumor,0.0088425642,0.0060720928,0.9749077559,0.0101776533
6290,"/kaggle/input/datasets/arafatrahmann/my-data221/Epic and CSCR hospital Dataset/Train/notumor/Te-no_0178.jpg",2,notumor,2,notumor,0.0088116480,0.0059294538,0.9749690294,0.0102899438
6294,"/kaggle/input/datasets/arafatrahmann/my-data221/Epic and CSCR hospital Dataset/Train/notumor/Te-no_0182.jpg",2,notumor,2,notumor,0.0081209131,0.0060527129,0.9748476148,0.0109786894
6299,"/kaggle/input/datasets/arafatrahmann/my-data221/Epic and CSCR hospital Dataset/Train/notumor/Te-no_0187.jpg",2,notumor,2,notumor,0.0079137962,0.0060149832,0.9749776721,0.0110934079
6304,"/kaggle/input/datasets/arafatrahmann/my-data221/Epic and CSCR hospital Dataset/Train/notumor/Te-no_0192.jpg",2,notumor,2,notumor,0.0090475427,0.0056494107,0.9748382568,0.0104648583
6324,"/kaggle/input/datasets/arafatrahmann/my-data221/Epic and CSCR hospital Dataset/Train/notumor/Te-no_0212.jpg",2,notumor,2,notumor,0.0079723038,0.0062000114,0.9751383066,0.0106893275
6325,"/kaggle/input/datasets/arafatrahmann/my-data221/Epic and CSCR hospital Dataset/Train/notumor/Te-no_0213.jpg",2,notumor,2,notumor,0.0085796854,0.0059060780,0.9751443863,0.0103698289
6349,"/kaggle/input/datasets/arafatrahmann/my-data221/Epic and CSCR hospital Dataset/Train/notumor/Te-no_0237.jpg",2,notumor,2,notumor,0.0087584052,0.0056941626,0.9742416143,0.0113058174
6351,"/kaggle/input/datasets/arafatrahmann/my-data221/Epic and CSCR hospital Dataset/Train/notumor/Te-no_0239.jpg",2,notumor,2,notumor,0.0083448160,0.0057074344,0.9749467969,0.0110010253
6352,"/kaggle/input/datasets/arafatrahmann/my-data221/Epic and CSCR hospital Dataset/Train/notumor/Te-no_0240.jpg",2,notumor,2,notumor,0.0093161985,0.0059287623,0.9748455286,0.0099095013
6362,"/kaggle/input/datasets/arafatrahmann/my-data221/Epic and CSCR hospital Dataset/Train/notumor/Te-no_0250.jpg",2,notumor,2,notumor,0.0081102680,0.0058799437,0.9747772217,0.0112325316
6364,"/kaggle/input/datasets/arafatrahmann/my-data221/Epic and CSCR hospital Dataset/Train/notumor/Te-no_0252.jpg",2,notumor,2,notumor,0.0080454219,0.0061520627,0.9749835134,0.0108190048
6366,"/kaggle/input/datasets/arafatrahmann/my-data221/Epic and CSCR hospital Dataset/Train/notumor/Te-no_0254.jpg",2,notumor,2,notumor,0.0079801446,0.0064402656,0.9749660492,0.0106135150
6369,"/kaggle/input/datasets/arafatrahmann/my-data221/Epic and CSCR hospital Dataset/Train/notumor/Te-no_0257.jpg",2,notumor,2,notumor,0.0078893872,0.0061084032,0.9748876691,0.0111145684
6370,"/kaggle/input/datasets/arafatrahmann/my-data221/Epic and CSCR hospital Dataset/Train/notumor/Te-no_0258.jpg",2,notumor,2,notumor,0.0077007040,0.0061753346,0.9749759436,0.0111480150
6376,"/kaggle/input/datasets/arafatrahmann/my-data221/Epic and CSCR hospital Dataset/Train/notumor/Te-no_0264.jpg",2,notumor,2,notumor,0.0079247300,0.0060416074,0.9748098254,0.0112238172
6377,"/kaggle/input/datasets/arafatrahmann/my-data221/Epic and CSCR hospital Dataset/Train/notumor/Te-no_0265.jpg",2,notumor,2,notumor,0.0081601236,0.0060891742,0.9751113057,0.0106394310
6381,"/kaggle/input/datasets/arafatrahmann/my-data221/Epic and CSCR hospital Dataset/Train/notumor/Te-no_0269.jpg",2,notumor,2,notumor,0.0080761714,0.0059106043,0.9747840166,0.0112292524
6383,"/kaggle/input/datasets/arafatrahmann/my-data221/Epic and CSCR hospital Dataset/Train/notumor/Te-no_0271.jpg",2,notumor,2,notumor,0.0082562836,0.0060289367,0.9749799967,0.0107347537
6387,"/kaggle/input/datasets/arafatrahmann/my-data221/Epic and CSCR hospital Dataset/Train/notumor/Te-no_0275.jpg",2,notumor,2,notumor,0.0080971345,0.0062686638,0.9751637578,0.0104704527
6394,"/kaggle/input/datasets/arafatrahmann/my-data221/Epic and CSCR hospital Dataset/Train/notumor/Te-no_0282.jpg",2,notumor,2,notumor,0.0077843182,0.0062520741,0.9750301242,0.0109335249
6397,"/kaggle/input/datasets/arafatrahmann/my-data221/Epic and CSCR hospital Dataset/Train/notumor/Te-no_0285.jpg",2,notumor,2,notumor,0.0080563007,0.0059870034,0.9748800397,0.0110766124
6400,"/kaggle/input/datasets/arafatrahmann/my-data221/Epic and CSCR hospital Dataset/Train/notumor/Te-no_0288.jpg",2,notumor,2,notumor,0.0076612271,0.0063509457,0.9748411179,0.0111466888
6410,"/kaggle/input/datasets/arafatrahmann/my-data221/Epic and CSCR hospital Dataset/Train/notumor/Te-no_0298.jpg",2,notumor,2,notumor,0.0083031235,0.0059817126,0.9748092890,0.0109059904
6412,"/kaggle/input/datasets/arafatrahmann/my-data221/Epic and CSCR hospital Dataset/Train/notumor/Te-no_0300.jpg",2,notumor,2,notumor,0.0080017326,0.0060717035,0.9750159979,0.0109104915
6420,"/kaggle/input/datasets/arafatrahmann/my-data221/Epic and CSCR hospital Dataset/Train/notumor/Te-no_0308.jpg",2,notumor,2,notumor,0.0096249124,0.0062102200,0.9746166468,0.0095482254
6426,"/kaggle/input/datasets/arafatrahmann/my-data221/Epic and CSCR hospital Dataset/Train/notumor/Te-no_0314.jpg",2,notumor,2,notumor,0.0086982567,0.0059303809,0.9748294950,0.0105418386
6433,"/kaggle/input/datasets/arafatrahmann/my-data221/Epic and CSCR hospital Dataset/Train/notumor/Te-no_0362.jpg",2,notumor,2,notumor,0.0085624345,0.0056351861,0.9750542641,0.0107480967
6441,"/kaggle/input/datasets/arafatrahmann/my-data221/Epic and CSCR hospital Dataset/Train/notumor/Tr-no_0021.jpg",2,notumor,2,notumor,0.0087258015,0.0055019557,0.9741777182,0.0115944874
6444,"/kaggle/input/datasets/arafatrahmann/my-data221/Epic and CSCR hospital Dataset/Train/notumor/Tr-no_0024.jpg",2,notumor,2,notumor,0.0092439530,0.0055028498,0.9746675491,0.0105856406
6445,"/kaggle/input/datasets/arafatrahmann/my-data221/Epic and CSCR hospital Dataset/Train/notumor/Tr-no_0025.jpg",2,notumor,2,notumor,0.0081415195,0.0056414697,0.9745699763,0.0116470475
6446,"/kaggle/input/datasets/arafatrahmann/my-data221/Epic and CSCR hospital Dataset/Train/notumor/Tr-no_0026.jpg",2,notumor,2,notumor,0.0081892163,0.0057157208,0.9748264551,0.0112686250
6447,"/kaggle/input/datasets/arafatrahmann/my-data221/Epic and CSCR hospital Dataset/Train/notumor/Tr-no_0027.jpg",2,notumor,2,notumor,0.0083642378,0.0055851918,0.9746432304,0.0114073586
6457,"/kaggle/input/datasets/arafatrahmann/my-data221/Epic and CSCR hospital Dataset/Train/notumor/Tr-no_0060.jpg",2,notumor,2,notumor,0.0091553573,0.0061896099,0.9744440913,0.0102109369
6459,"/kaggle/input/datasets/arafatrahmann/my-data221/Epic and CSCR hospital Dataset/Train/notumor/Tr-no_0062.jpg",2,notumor,2,notumor,0.0138130067,0.0057417885,0.9714300036,0.0090151671
6462,"/kaggle/input/datasets/arafatrahmann/my-data221/Epic and CSCR hospital Dataset/Train/notumor/Tr-no_0065.jpg",2,notumor,2,notumor,0.0121054891,0.0056736721,0.9728451967,0.0093756299
6465,"/kaggle/input/datasets/arafatrahmann/my-data221/Epic and CSCR hospital Dataset/Train/notumor/Tr-no_0068.jpg",2,notumor,2,notumor,0.0084826574,0.0064009121,0.9751744270,0.0099419747
6470,"/kaggle/input/datasets/arafatrahmann/my-data221/Epic and CSCR hospital Dataset/Train/notumor/Tr-no_0073.jpg",2,notumor,2,notumor,0.0086395582,0.0052099070,0.9723359346,0.0138146579
6476,"/kaggle/input/datasets/arafatrahmann/my-data221/Epic and CSCR hospital Dataset/Train/notumor/Tr-no_0079.jpg",2,notumor,2,notumor,0.0083469320,0.0052570035,0.9737361670,0.0126598151
6479,"/kaggle/input/datasets/arafatrahmann/my-data221/Epic and CSCR hospital Dataset/Train/notumor/Tr-no_0082.jpg",2,notumor,2,notumor,0.0092191761,0.0055555669,0.9742471576,0.0109781176
6481,"/kaggle/input/datasets/arafatrahmann/my-data221/Epic and CSCR hospital Dataset/Train/notumor/Tr-no_0084.jpg",2,notumor,2,notumor,0.0092013776,0.0053467960,0.9735008478,0.0119509781
6484,"/kaggle/input/datasets/arafatrahmann/my-data221/Epic and CSCR hospital Dataset/Train/notumor/Tr-no_0087.jpg",2,notumor,2,notumor,0.0086430516,0.0052917646,0.9735862613,0.0124789355
6485,"/kaggle/input/datasets/arafatrahmann/my-data221/Epic and CSCR hospital Dataset/Train/notumor/Tr-no_0088.jpg",2,notumor,2,notumor,0.0093674855,0.0059776604,0.9742599726,0.0103948982
6486,"/kaggle/input/datasets/arafatrahmann/my-data221/Epic and CSCR hospital Dataset/Train/notumor/Tr-no_0089.jpg",2,notumor,2,notumor,0.0084903929,0.0059228791,0.9749933481,0.0105934832
6500,"/kaggle/input/datasets/arafatrahmann/my-data221/Epic and CSCR hospital Dataset/Train/notumor/Tr-no_0104.jpg",2,notumor,2,notumor,0.0090202000,0.0075826333,0.9745131731,0.0088840397
6508,"/kaggle/input/datasets/arafatrahmann/my-data221/Epic and CSCR hospital Dataset/Train/notumor/Tr-no_0112.jpg",2,notumor,2,notumor,0.0078996606,0.0059643323,0.9748731852,0.0112628043
6511,"/kaggle/input/datasets/arafatrahmann/my-data221/Epic and CSCR hospital Dataset/Train/notumor/Tr-no_0115.jpg",2,notumor,2,notumor,0.0086846976,0.0063197478,0.9746438861,0.0103516188
6513,"/kaggle/input/datasets/arafatrahmann/my-data221/Epic and CSCR hospital Dataset/Train/notumor/Tr-no_0117.jpg",2,notumor,2,notumor,0.0080991574,0.0058777607,0.9747136235,0.0113095660
6516,"/kaggle/input/datasets/arafatrahmann/my-data221/Epic and CSCR hospital Dataset/Train/notumor/Tr-no_0120.jpg",2,notumor,2,notumor,0.0084802527,0.0060118325,0.9745441675,0.0109637659
6522,"/kaggle/input/datasets/arafatrahmann/my-data221/Epic and CSCR hospital Dataset/Train/notumor/Tr-no_0126.jpg",2,notumor,2,notumor,0.0112862950,0.0057739886,0.9733757973,0.0095639899
6524,"/kaggle/input/datasets/arafatrahmann/my-data221/Epic and CSCR hospital Dataset/Train/notumor/Tr-no_0128.jpg",2,notumor,2,notumor,0.0090948995,0.0056710579,0.9745004773,0.0107336380
6531,"/kaggle/input/datasets/arafatrahmann/my-data221/Epic and CSCR hospital Dataset/Train/notumor/Tr-no_0135.jpg",2,notumor,2,notumor,0.0081525687,0.0061516268,0.9750820994,0.0106136994
6533,"/kaggle/input/datasets/arafatrahmann/my-data221/Epic and CSCR hospital Dataset/Train/notumor/Tr-no_0137.jpg",2,notumor,2,notumor,0.0091376929,0.0056578070,0.9744529724,0.0107514877
6542,"/kaggle/input/datasets/arafatrahmann/my-data221/Epic and CSCR hospital Dataset/Train/notumor/Tr-no_0146.jpg",2,notumor,2,notumor,0.0084724221,0.0064158863,0.9751738310,0.0099377930
6544,"/kaggle/input/datasets/arafatrahmann/my-data221/Epic and CSCR hospital Dataset/Train/notumor/Tr-no_0148.jpg",2,notumor,2,notumor,0.0091961157,0.0054779560,0.9748128653,0.0105129816
6546,"/kaggle/input/datasets/arafatrahmann/my-data221/Epic and CSCR hospital Dataset/Train/notumor/Tr-no_0150.jpg",2,notumor,2,notumor,0.0089774737,0.0055644284,0.9741824865,0.0112756584
6548,"/kaggle/input/datasets/arafatrahmann/my-data221/Epic and CSCR hospital Dataset/Train/notumor/Tr-no_0152.jpg",2,notumor,2,notumor,0.0081289876,0.0053527853,0.9739443064,0.0125739872
6554,"/kaggle/input/datasets/arafatrahmann/my-data221/Epic and CSCR hospital Dataset/Train/notumor/Tr-no_0158.jpg",2,notumor,2,notumor,0.0087121837,0.0060100514,0.9748196602,0.0104580652
6557,"/kaggle/input/datasets/arafatrahmann/my-data221/Epic and CSCR hospital Dataset/Train/notumor/Tr-no_0161.jpg",2,notumor,2,notumor,0.0091802580,0.0057217721,0.9747108221,0.0103871543
6567,"/kaggle/input/datasets/arafatrahmann/my-data221/Epic and CSCR hospital Dataset/Train/notumor/Tr-no_0171.jpg",2,notumor,2,notumor,0.0082408283,0.0055537405,0.9742046595,0.0120008644
6571,"/kaggle/input/datasets/arafatrahmann/my-data221/Epic and CSCR hospital Dataset/Train/notumor/Tr-no_0175.jpg",2,notumor,2,notumor,0.0092312936,0.0057857307,0.9750047922,0.0099782143
6576,"/kaggle/input/datasets/arafatrahmann/my-data221/Epic and CSCR hospital Dataset/Train/notumor/Tr-no_0180.jpg",2,notumor,2,notumor,0.0082219066,0.0063471580,0.9751124382,0.0103184870
6577,"/kaggle/input/datasets/arafatrahmann/my-data221/Epic and CSCR hospital Dataset/Train/notumor/Tr-no_0181.jpg",2,notumor,2,notumor,0.0086284783,0.0059753223,0.9746831059,0.0107130297
6595,"/kaggle/input/datasets/arafatrahmann/my-data221/Epic and CSCR hospital Dataset/Train/notumor/Tr-no_0199.jpg",2,notumor,2,notumor,0.0083311591,0.0056263385,0.9749347568,0.0111077754
6597,"/kaggle/input/datasets/arafatrahmann/my-data221/Epic and CSCR hospital Dataset/Train/notumor/Tr-no_0201.jpg",2,notumor,2,notumor,0.0099074822,0.0064433501,0.9741468430,0.0095023215
6601,"/kaggle/input/datasets/arafatrahmann/my-data221/Epic and CSCR hospital Dataset/Train/notumor/Tr-no_0205.jpg",2,notumor,2,notumor,0.0088210087,0.0051610107,0.9740711451,0.0119468290
6604,"/kaggle/input/datasets/arafatrahmann/my-data221/Epic and CSCR hospital Dataset/Train/notumor/Tr-no_0208.jpg",2,notumor,2,notumor,0.0089069279,0.0056608994,0.9748204947,0.0106117027
6606,"/kaggle/input/datasets/arafatrahmann/my-data221/Epic and CSCR hospital Dataset/Train/notumor/Tr-no_0210.jpg",2,notumor,2,notumor,0.0116010485,0.0062910905,0.9731603861,0.0089475233
6609,"/kaggle/input/datasets/arafatrahmann/my-data221/Epic and CSCR hospital Dataset/Train/notumor/Tr-no_0213.jpg",2,notumor,2,notumor,0.0084496792,0.0063756285,0.9751710892,0.0100036357
6613,"/kaggle/input/datasets/arafatrahmann/my-data221/Epic and CSCR hospital Dataset/Train/notumor/Tr-no_0217.jpg",2,notumor,2,notumor,0.0080478163,0.0056719137,0.9742272496,0.0120530659
6616,"/kaggle/input/datasets/arafatrahmann/my-data221/Epic and CSCR hospital Dataset/Train/notumor/Tr-no_0220.jpg",2,notumor,2,notumor,0.0084099649,0.0055116871,0.9744294286,0.0116489548
6620,"/kaggle/input/datasets/arafatrahmann/my-data221/Epic and CSCR hospital Dataset/Train/notumor/Tr-no_0224.jpg",2,notumor,2,notumor,0.0081119994,0.0061431490,0.9749487042,0.0107961707
6622,"/kaggle/input/datasets/arafatrahmann/my-data221/Epic and CSCR hospital Dataset/Train/notumor/Tr-no_0226.jpg",2,notumor,2,notumor,0.0076547912,0.0061237533,0.9749207497,0.0113007296
6628,"/kaggle/input/datasets/arafatrahmann/my-data221/Epic and CSCR hospital Dataset/Train/notumor/Tr-no_0232.jpg",2,notumor,2,notumor,0.0098213386,0.0057195011,0.9737118483,0.0107472669
6629,"/kaggle/input/datasets/arafatrahmann/my-data221/Epic and CSCR hospital Dataset/Train/notumor/Tr-no_0233.jpg",2,notumor,2,notumor,0.0081992904,0.0060644872,0.9750188589,0.0107173612
6634,"/kaggle/input/datasets/arafatrahmann/my-data221/Epic and CSCR hospital Dataset/Train/notumor/Tr-no_0238.jpg",2,notumor,2,notumor,0.0080151800,0.0067531159,0.9750112295,0.0102204699
6635,"/kaggle/input/datasets/arafatrahmann/my-data221/Epic and CSCR hospital Dataset/Train/notumor/Tr-no_0239.jpg",2,notumor,2,notumor,0.0082434546,0.0057200966,0.9745883942,0.0114480862
6641,"/kaggle/input/datasets/arafatrahmann/my-data221/Epic and CSCR hospital Dataset/Train/notumor/Tr-no_0245.jpg",2,notumor,2,notumor,0.0076498813,0.0063878982,0.9749450684,0.0110171242
6647,"/kaggle/input/datasets/arafatrahmann/my-data221/Epic and CSCR hospital Dataset/Train/notumor/Tr-no_0251.jpg",2,notumor,2,notumor,0.0083276508,0.0055400631,0.9746302366,0.0115019828
6651,"/kaggle/input/datasets/arafatrahmann/my-data221/Epic and CSCR hospital Dataset/Train/notumor/Tr-no_0255.jpg",2,notumor,2,notumor,0.0092485705,0.0058833826,0.9747468829,0.0101210903
6653,"/kaggle/input/datasets/arafatrahmann/my-data221/Epic and CSCR hospital Dataset/Train/notumor/Tr-no_0257.jpg",2,notumor,2,notumor,0.0081730308,0.0061327973,0.9750478864,0.0106463665
6655,"/kaggle/input/datasets/arafatrahmann/my-data221/Epic and CSCR hospital Dataset/Train/notumor/Tr-no_0259.jpg",2,notumor,2,notumor,0.0091569321,0.0055859922,0.9747256041,0.0105314981
6657,"/kaggle/input/datasets/arafatrahmann/my-data221/Epic and CSCR hospital Dataset/Train/notumor/Tr-no_0261.jpg",2,notumor,2,notumor,0.0114639625,0.0053152745,0.9699519873,0.0132687492
6665,"/kaggle/input/datasets/arafatrahmann/my-data221/Epic and CSCR hospital Dataset/Train/notumor/Tr-no_0269.jpg",2,notumor,2,notumor,0.0082004918,0.0053505017,0.9738057256,0.0126432981
6681,"/kaggle/input/datasets/arafatrahmann/my-data221/Epic and CSCR hospital Dataset/Train/notumor/Tr-no_0285.jpg",2,notumor,2,notumor,0.0080769537,0.0057709031,0.9746711850,0.0114809666
6684,"/kaggle/input/datasets/arafatrahmann/my-data221/Epic and CSCR hospital Dataset/Train/notumor/Tr-no_0288.jpg",2,notumor,2,notumor,0.0077156313,0.0068627829,0.9748643041,0.0105572958
6695,"/kaggle/input/datasets/arafatrahmann/my-data221/Epic and CSCR hospital Dataset/Train/notumor/Tr-no_0299.jpg",2,notumor,2,notumor,0.0080365967,0.0078507699,0.9740756750,0.0100369798
6697,"/kaggle/input/datasets/arafatrahmann/my-data221/Epic and CSCR hospital Dataset/Train/notumor/Tr-no_0301.jpg",2,notumor,2,notumor,0.0085964631,0.1880979836,0.7886886597,0.0146168815
6699,"/kaggle/input/datasets/arafatrahmann/my-data221/Epic and CSCR hospital Dataset/Train/notumor/Tr-no_0303.jpg",2,notumor,2,notumor,0.0082607027,0.0053676083,0.9741895795,0.0121821854
6703,"/kaggle/input/datasets/arafatrahmann/my-data221/Epic and CSCR hospital Dataset/Train/notumor/Tr-no_0312.jpg",2,notumor,2,notumor,0.0080507752,0.0058760820,0.9747640491,0.0113091301
6713,"/kaggle/input/datasets/arafatrahmann/my-data221/Epic and CSCR hospital Dataset/Train/notumor/Tr-no_0322.jpg",2,notumor,2,notumor,0.0082367621,0.0063505149,0.9749814868,0.0104311947
6716,"/kaggle/input/datasets/arafatrahmann/my-data221/Epic and CSCR hospital Dataset/Train/notumor/Tr-no_0325.jpg",2,notumor,2,notumor,0.0085641937,0.0052771708,0.9741855860,0.0119730439
6718,"/kaggle/input/datasets/arafatrahmann/my-data221/Epic and CSCR hospital Dataset/Train/notumor/Tr-no_0327.jpg",2,notumor,2,notumor,0.0093366541,0.0051213275,0.9742816687,0.0112602971
6719,"/kaggle/input/datasets/arafatrahmann/my-data221/Epic and CSCR hospital Dataset/Train/notumor/Tr-no_0328.jpg",2,notumor,2,notumor,0.0079933312,0.0059869424,0.9747363329,0.0112833967
6722,"/kaggle/input/datasets/arafatrahmann/my-data221/Epic and CSCR hospital Dataset/Train/notumor/Tr-no_0331.jpg",2,notumor,2,notumor,0.0081537729,0.0056996122,0.9746724367,0.0114742285
6728,"/kaggle/input/datasets/arafatrahmann/my-data221/Epic and CSCR hospital Dataset/Train/notumor/Tr-no_0337.jpg",2,notumor,2,notumor,0.0136235161,0.0057437257,0.9715811610,0.0090516107
6740,"/kaggle/input/datasets/arafatrahmann/my-data221/Epic and CSCR hospital Dataset/Train/notumor/Tr-no_0349.jpg",2,notumor,2,notumor,0.0081240339,0.0059107570,0.9749665260,0.0109987585
6745,"/kaggle/input/datasets/arafatrahmann/my-data221/Epic and CSCR hospital Dataset/Train/notumor/Tr-no_0354.jpg",2,notumor,2,notumor,0.0087156938,0.0060069473,0.9747928381,0.0104845883
6746,"/kaggle/input/datasets/arafatrahmann/my-data221/Epic and CSCR hospital Dataset/Train/notumor/Tr-no_0355.jpg",2,notumor,2,notumor,0.0082185492,0.0054104291,0.9740931392,0.0122778425
6750,"/kaggle/input/datasets/arafatrahmann/my-data221/Epic and CSCR hospital Dataset/Train/notumor/Tr-no_0359.jpg",2,notumor,2,notumor,0.0088551948,0.0063164597,0.9750359654,0.0097924042
6753,"/kaggle/input/datasets/arafatrahmann/my-data221/Epic and CSCR hospital Dataset/Train/notumor/Tr-no_0362.jpg",2,notumor,2,notumor,0.0079871211,0.0060015214,0.9747296572,0.0112817837
6758,"/kaggle/input/datasets/arafatrahmann/my-data221/Epic and CSCR hospital Dataset/Train/notumor/Tr-no_0367.jpg",2,notumor,2,notumor,0.0116858296,0.0058086584,0.9731599092,0.0093456013
6770,"/kaggle/input/datasets/arafatrahmann/my-data221/Epic and CSCR hospital Dataset/Train/notumor/Tr-no_0379.jpg",2,notumor,2,notumor,0.0084551042,0.0056159338,0.9744592905,0.0114696929
6781,"/kaggle/input/datasets/arafatrahmann/my-data221/Epic and CSCR hospital Dataset/Train/notumor/Tr-no_0390.jpg",2,notumor,2,notumor,0.0087898057,0.0057287207,0.9743341208,0.0111473976
6784,"/kaggle/input/datasets/arafatrahmann/my-data221/Epic and CSCR hospital Dataset/Train/notumor/Tr-no_0393.jpg",2,notumor,2,notumor,0.0089545120,0.0057346942,0.9742871523,0.0110236313
6789,"/kaggle/input/datasets/arafatrahmann/my-data221/Epic and CSCR hospital Dataset/Train/notumor/Tr-no_0398.jpg",2,notumor,2,notumor,0.0077635860,0.0059530153,0.9746483564,0.0116349384
6790,"/kaggle/input/datasets/arafatrahmann/my-data221/Epic and CSCR hospital Dataset/Train/notumor/Tr-no_0399.jpg",2,notumor,2,notumor,0.0091897901,0.0051461840,0.9741498828,0.0115141571
6796,"/kaggle/input/datasets/arafatrahmann/my-data221/Epic and CSCR hospital Dataset/Train/notumor/Tr-no_0405.jpg",2,notumor,2,notumor,0.0078618322,0.0062290570,0.9750385284,0.0108705722
6797,"/kaggle/input/datasets/arafatrahmann/my-data221/Epic and CSCR hospital Dataset/Train/notumor/Tr-no_0406.jpg",2,notumor,2,notumor,0.0081002135,0.0060594161,0.9750915766,0.0107487692
6802,"/kaggle/input/datasets/arafatrahmann/my-data221/Epic and CSCR hospital Dataset/Train/notumor/Tr-no_0411.jpg",2,notumor,2,notumor,0.0090659689,0.0056347298,0.9748681784,0.0104310568
6807,"/kaggle/input/datasets/arafatrahmann/my-data221/Epic and CSCR hospital Dataset/Train/notumor/Tr-no_0416.jpg",2,notumor,2,notumor,0.0082671661,0.0055554067,0.9741674662,0.0120098945
6813,"/kaggle/input/datasets/arafatrahmann/my-data221/Epic and CSCR hospital Dataset/Train/notumor/Tr-no_0422.jpg",2,notumor,2,notumor,0.0079723392,0.0062545277,0.9750628471,0.0107102459
6817,"/kaggle/input/datasets/arafatrahmann/my-data221/Epic and CSCR hospital Dataset/Train/notumor/Tr-no_0426.jpg",2,notumor,2,notumor,0.0088258367,0.0052590342,0.9739694595,0.0119455587
6819,"/kaggle/input/datasets/arafatrahmann/my-data221/Epic and CSCR hospital Dataset/Train/notumor/Tr-no_0428.jpg",2,notumor,2,notumor,0.0082387459,0.0059990427,0.9750259519,0.0107362522
6821,"/kaggle/input/datasets/arafatrahmann/my-data221/Epic and CSCR hospital Dataset/Train/notumor/Tr-no_0430.jpg",2,notumor,2,notumor,0.0084416289,0.0057406868,0.9744006395,0.0114171039
6833,"/kaggle/input/datasets/arafatrahmann/my-data221/Epic and CSCR hospital Dataset/Train/notumor/Tr-no_0442.jpg",2,notumor,2,notumor,0.0082579320,0.0055994247,0.9746330976,0.0115096057
6834,"/kaggle/input/datasets/arafatrahmann/my-data221/Epic and CSCR hospital Dataset/Train/notumor/Tr-no_0443.jpg",2,notumor,2,notumor,0.0082899705,0.0053956835,0.9741792679,0.0121350531
6835,"/kaggle/input/datasets/arafatrahmann/my-data221/Epic and CSCR hospital Dataset/Train/notumor/Tr-no_0444.jpg",2,notumor,2,notumor,0.0083219977,0.0056278287,0.9746668935,0.0113832597
6837,"/kaggle/input/datasets/arafatrahmann/my-data221/Epic and CSCR hospital Dataset/Train/notumor/Tr-no_0446.jpg",2,notumor,2,notumor,0.0083303694,0.0053901784,0.9743092656,0.0119701792
6840,"/kaggle/input/datasets/arafatrahmann/my-data221/Epic and CSCR hospital Dataset/Train/notumor/Tr-no_0449.jpg",2,notumor,2,notumor,0.0081063295,0.0058677206,0.9747273326,0.0112986574
6841,"/kaggle/input/datasets/arafatrahmann/my-data221/Epic and CSCR hospital Dataset/Train/notumor/Tr-no_0450.jpg",2,notumor,2,notumor,0.0082028713,0.0059830612,0.9749258161,0.0108882422
6846,"/kaggle/input/datasets/arafatrahmann/my-data221/Epic and CSCR hospital Dataset/Train/notumor/Tr-no_0455.jpg",2,notumor,2,notumor,0.0082943328,0.0060806694,0.9751817584,0.0104431771
6849,"/kaggle/input/datasets/arafatrahmann/my-data221/Epic and CSCR hospital Dataset/Train/notumor/Tr-no_0458.jpg",2,notumor,2,notumor,0.0079399943,0.0059712785,0.9748638272,0.0112248790
6854,"/kaggle/input/datasets/arafatrahmann/my-data221/Epic and CSCR hospital Dataset/Train/notumor/Tr-no_0463.jpg",2,notumor,2,notumor,0.0093054119,0.0053275395,0.9744693041,0.0108978171
6855,"/kaggle/input/datasets/arafatrahmann/my-data221/Epic and CSCR hospital Dataset/Train/notumor/Tr-no_0464.jpg",2,notumor,2,notumor,0.0074498383,0.0058272514,0.9733867645,0.0133361863
6856,"/kaggle/input/datasets/arafatrahmann/my-data221/Epic and CSCR hospital Dataset/Train/notumor/Tr-no_0465.jpg",2,notumor,2,notumor,0.0071455450,0.0060828673,0.9728692770,0.0139022321
6858,"/kaggle/input/datasets/arafatrahmann/my-data221/Epic and CSCR hospital Dataset/Train/notumor/Tr-no_0467.jpg",2,notumor,2,notumor,0.0078351144,0.0061310781,0.9748793840,0.0111544449
6859,"/kaggle/input/datasets/arafatrahmann/my-data221/Epic and CSCR hospital Dataset/Train/notumor/Tr-no_0468.jpg",2,notumor,2,notumor,0.0077204681,0.0068900855,0.9748607874,0.0105286557
6860,"/kaggle/input/datasets/arafatrahmann/my-data221/Epic and CSCR hospital Dataset/Train/notumor/Tr-no_0469.jpg",2,notumor,2,notumor,0.0084710913,0.0060478626,0.9752518535,0.0102292653
6861,"/kaggle/input/datasets/arafatrahmann/my-data221/Epic and CSCR hospital Dataset/Train/notumor/Tr-no_0470.jpg",2,notumor,2,notumor,0.0081359884,0.0060883509,0.9748829603,0.0108926762
6862,"/kaggle/input/datasets/arafatrahmann/my-data221/Epic and CSCR hospital Dataset/Train/notumor/Tr-no_0471.jpg",2,notumor,2,notumor,0.0078585120,0.0060204300,0.9748992920,0.0112217870
6866,"/kaggle/input/datasets/arafatrahmann/my-data221/Epic and CSCR hospital Dataset/Train/notumor/Tr-no_0475.jpg",2,notumor,2,notumor,0.0087877829,0.0066170758,0.9751247168,0.0094703119
6869,"/kaggle/input/datasets/arafatrahmann/my-data221/Epic and CSCR hospital Dataset/Train/notumor/Tr-no_0478.jpg",2,notumor,2,notumor,0.0076425620,0.0063161096,0.9747987986,0.0112425145
6870,"/kaggle/input/datasets/arafatrahmann/my-data221/Epic and CSCR hospital Dataset/Train/notumor/Tr-no_0479.jpg",2,notumor,2,notumor,0.0080657117,0.0059380149,0.9749302864,0.0110659171
6902,"/kaggle/input/datasets/arafatrahmann/my-data221/Epic and CSCR hospital Dataset/Train/notumor/Tr-no_0516.jpg",2,notumor,2,notumor,0.0076034097,0.0064100027,0.9748780131,0.0111084925
6903,"/kaggle/input/datasets/arafatrahmann/my-data221/Epic and CSCR hospital Dataset/Train/notumor/Tr-no_0517.jpg",2,notumor,2,notumor,0.0081072161,0.0060123741,0.9751170278,0.0107633946
6913,"/kaggle/input/datasets/arafatrahmann/my-data221/Epic and CSCR hospital Dataset/Train/notumor/Tr-no_0527.jpg",2,notumor,2,notumor,0.0086866552,0.0061274678,0.9749795794,0.0102063464
6914,"/kaggle/input/datasets/arafatrahmann/my-data221/Epic and CSCR hospital Dataset/Train/notumor/Tr-no_0528.jpg",2,notumor,2,notumor,0.0087507553,0.0057360036,0.9747196436,0.0107936561
6922,"/kaggle/input/datasets/arafatrahmann/my-data221/Epic and CSCR hospital Dataset/Train/notumor/Tr-no_0536.jpg",2,notumor,2,notumor,0.0088837054,0.0053841253,0.9749299288,0.0108022029
6923,"/kaggle/input/datasets/arafatrahmann/my-data221/Epic and CSCR hospital Dataset/Train/notumor/Tr-no_0537.jpg",2,notumor,2,notumor,0.0080891196,0.0056853844,0.9746321440,0.0115933986
6927,"/kaggle/input/datasets/arafatrahmann/my-data221/Epic and CSCR hospital Dataset/Train/notumor/Tr-no_0541.jpg",2,notumor,2,notumor,0.0083128866,0.0054791328,0.9749861956,0.0112218857
6935,"/kaggle/input/datasets/arafatrahmann/my-data221/Epic and CSCR hospital Dataset/Train/notumor/Tr-no_0549.jpg",2,notumor,2,notumor,0.0090387156,0.0063122893,0.9749314189,0.0097176041
6949,"/kaggle/input/datasets/arafatrahmann/my-data221/Epic and CSCR hospital Dataset/Train/notumor/Tr-no_0563.jpg",2,notumor,2,notumor,0.0080640484,0.0064071426,0.9750583768,0.0104704853
6954,"/kaggle/input/datasets/arafatrahmann/my-data221/Epic and CSCR hospital Dataset/Train/notumor/Tr-no_0568.jpg",2,notumor,2,notumor,0.0088358736,0.0055490281,0.9748980403,0.0107170800
6969,"/kaggle/input/datasets/arafatrahmann/my-data221/Epic and CSCR hospital Dataset/Train/notumor/Tr-no_0583.jpg",2,notumor,2,notumor,0.0079141203,0.0061949519,0.9748125076,0.0110784546
6974,"/kaggle/input/datasets/arafatrahmann/my-data221/Epic and CSCR hospital Dataset/Train/notumor/Tr-no_0588.jpg",2,notumor,2,notumor,0.0089504737,0.0055012382,0.9748536944,0.0106945718
6979,"/kaggle/input/datasets/arafatrahmann/my-data221/Epic and CSCR hospital Dataset/Train/notumor/Tr-no_0593.jpg",2,notumor,2,notumor,0.0083425771,0.0059490688,0.9750176668,0.0106907226
6981,"/kaggle/input/datasets/arafatrahmann/my-data221/Epic and CSCR hospital Dataset/Train/notumor/Tr-no_0595.jpg",2,notumor,2,notumor,0.0085717216,0.0054832255,0.9744104147,0.0115346201
6982,"/kaggle/input/datasets/arafatrahmann/my-data221/Epic and CSCR hospital Dataset/Train/notumor/Tr-no_0596.jpg",2,notumor,2,notumor,0.0082837660,0.0061768433,0.9751261473,0.0104132183
6985,"/kaggle/input/datasets/arafatrahmann/my-data221/Epic and CSCR hospital Dataset/Train/notumor/Tr-no_0599.jpg",2,notumor,2,notumor,0.0085565979,0.0055588093,0.9747500420,0.0111345919
6988,"/kaggle/input/datasets/arafatrahmann/my-data221/Epic and CSCR hospital Dataset/Train/notumor/Tr-no_0602.jpg",2,notumor,2,notumor,0.0090183076,0.0054948903,0.9747786522,0.0107081980
6994,"/kaggle/input/datasets/arafatrahmann/my-data221/Epic and CSCR hospital Dataset/Train/notumor/Tr-no_0608.jpg",2,notumor,2,notumor,0.0085498085,0.0053759245,0.9741897583,0.0118843941
7003,"/kaggle/input/datasets/arafatrahmann/my-data221/Epic and CSCR hospital Dataset/Train/notumor/Tr-no_0617.jpg",2,notumor,2,notumor,0.0077229752,0.0063874535,0.9750833511,0.0108062467
7009,"/kaggle/input/datasets/arafatrahmann/my-data221/Epic and CSCR hospital Dataset/Train/notumor/Tr-no_0623.jpg",2,notumor,2,notumor,0.0074774846,0.0062312768,0.9746678472,0.0116235623
7010,"/kaggle/input/datasets/arafatrahmann/my-data221/Epic and CSCR hospital Dataset/Train/notumor/Tr-no_0624.jpg",2,notumor,2,notumor,0.0080419770,0.0062628328,0.9749802351,0.0107149221
7011,"/kaggle/input/datasets/arafatrahmann/my-data221/Epic and CSCR hospital Dataset/Train/notumor/Tr-no_0625.jpg",2,notumor,2,notumor,0.0078531066,0.0059994021,0.9747708440,0.0113766529
7020,"/kaggle/input/datasets/arafatrahmann/my-data221/Epic and CSCR hospital Dataset/Train/notumor/Tr-no_0634.jpg",2,notumor,2,notumor,0.0079379603,0.0060578636,0.9748637080,0.0111405384
7022,"/kaggle/input/datasets/arafatrahmann/my-data221/Epic and CSCR hospital Dataset/Train/notumor/Tr-no_0636.jpg",2,notumor,2,notumor,0.0081870789,0.0059682978,0.9750823975,0.0107623134
7023,"/kaggle/input/datasets/arafatrahmann/my-data221/Epic and CSCR hospital Dataset/Train/notumor/Tr-no_0637.jpg",2,notumor,2,notumor,0.0082704723,0.0064075640,0.9752172232,0.0101047307
7025,"/kaggle/input/datasets/arafatrahmann/my-data221/Epic and CSCR hospital Dataset/Train/notumor/Tr-no_0639.jpg",2,notumor,2,notumor,0.0079077659,0.0059996061,0.9748910666,0.0112015102
7030,"/kaggle/input/datasets/arafatrahmann/my-data221/Epic and CSCR hospital Dataset/Train/notumor/Tr-no_0644.jpg",2,notumor,2,notumor,0.0082768407,0.0061512026,0.9751064181,0.0104656089
7039,"/kaggle/input/datasets/arafatrahmann/my-data221/Epic and CSCR hospital Dataset/Train/notumor/Tr-no_0668.jpg",2,notumor,2,notumor,0.0077192439,0.0062328065,0.9748232961,0.0112247374
7041,"/kaggle/input/datasets/arafatrahmann/my-data221/Epic and CSCR hospital Dataset/Train/notumor/Tr-no_0670.jpg",2,notumor,2,notumor,0.0077374838,0.0061151232,0.9750234485,0.0111239366
7043,"/kaggle/input/datasets/arafatrahmann/my-data221/Epic and CSCR hospital Dataset/Train/notumor/Tr-no_0672.jpg",2,notumor,2,notumor,0.0079217684,0.0059708999,0.9748625755,0.0112448083
7048,"/kaggle/input/datasets/arafatrahmann/my-data221/Epic and CSCR hospital Dataset/Train/notumor/Tr-no_0677.jpg",2,notumor,2,notumor,0.0079821274,0.0060436674,0.9749611616,0.0110130021
7050,"/kaggle/input/datasets/arafatrahmann/my-data221/Epic and CSCR hospital Dataset/Train/notumor/Tr-no_0690.jpg",2,notumor,2,notumor,0.0080378018,0.0059921155,0.9748789668,0.0110911168
7052,"/kaggle/input/datasets/arafatrahmann/my-data221/Epic and CSCR hospital Dataset/Train/notumor/Tr-no_0692.jpg",2,notumor,2,notumor,0.0079137860,0.0060486901,0.9747630954,0.0112743722
7059,"/kaggle/input/datasets/arafatrahmann/my-data221/Epic and CSCR hospital Dataset/Train/notumor/image(12).jpg",2,notumor,2,notumor,0.0095218699,0.0066091544,0.9746309519,0.0092379916
7061,"/kaggle/input/datasets/arafatrahmann/my-data221/Epic and CSCR hospital Dataset/Train/notumor/image(14).jpg",2,notumor,2,notumor,0.0092246691,0.0051677143,0.9743214846,0.0112860575
7082,"/kaggle/input/datasets/arafatrahmann/my-data221/Epic and CSCR hospital Dataset/Train/notumor/image(15) - Copy.jpg",2,notumor,2,notumor,0.0080938544,0.0060080430,0.9749778509,0.0109202424
7084,"/kaggle/input/datasets/arafatrahmann/my-data221/Epic and CSCR hospital Dataset/Train/notumor/image(150) - Copy.jpg",2,notumor,2,notumor,0.0085362913,0.0059450241,0.9745684862,0.0109501602
7087,"/kaggle/input/datasets/arafatrahmann/my-data221/Epic and CSCR hospital Dataset/Train/notumor/image(151).jpg",2,notumor,2,notumor,0.0112790298,0.0057728835,0.9733933210,0.0095547531
7091,"/kaggle/input/datasets/arafatrahmann/my-data221/Epic and CSCR hospital Dataset/Train/notumor/image(153).jpg",2,notumor,2,notumor,0.0091179851,0.0056658862,0.9744723439,0.0107438043
7097,"/kaggle/input/datasets/arafatrahmann/my-data221/Epic and CSCR hospital Dataset/Train/notumor/image(156).jpg",2,notumor,2,notumor,0.0080710752,0.0059044017,0.9747503996,0.0112740565
7118,"/kaggle/input/datasets/arafatrahmann/my-data221/Epic and CSCR hospital Dataset/Train/notumor/image(179).jpg",2,notumor,2,notumor,0.0082122916,0.0053513730,0.9740825891,0.0123538040
7119,"/kaggle/input/datasets/arafatrahmann/my-data221/Epic and CSCR hospital Dataset/Train/notumor/image(180).jpg",2,notumor,2,notumor,0.0087193251,0.0060060285,0.9747904539,0.0104842456
7126,"/kaggle/input/datasets/arafatrahmann/my-data221/Epic and CSCR hospital Dataset/Train/notumor/image(187).jpg",2,notumor,2,notumor,0.0075326054,0.0066546039,0.9748236537,0.0109892096
7136,"/kaggle/input/datasets/arafatrahmann/my-data221/Epic and CSCR hospital Dataset/Train/notumor/no 91.jpeg",2,notumor,2,notumor,0.0085105887,0.0053862035,0.9742013216,0.0119018741
7154,"/kaggle/input/datasets/arafatrahmann/my-data221/Epic and CSCR hospital Dataset/Train/pituitary/1186.jpg",3,pituitary,3,pituitary,0.0078852270,0.0062498362,0.0076170801,0.9782478213
7155,"/kaggle/input/datasets/arafatrahmann/my-data221/Epic and CSCR hospital Dataset/Train/pituitary/1187.jpg",3,pituitary,3,pituitary,0.0097617013,0.0072834282,0.0075794742,0.9753754735
7156,"/kaggle/input/datasets/arafatrahmann/my-data221/Epic and CSCR hospital Dataset/Train/pituitary/1188.jpg",3,pituitary,3,pituitary,0.0087745972,0.0065578790,0.0076086014,0.9770590067
7164,"/kaggle/input/datasets/arafatrahmann/my-data221/Epic and CSCR hospital Dataset/Train/pituitary/1196.jpg",3,pituitary,3,pituitary,0.0083783017,0.0067478842,0.0088021383,0.9760717154
7166,"/kaggle/input/datasets/arafatrahmann/my-data221/Epic and CSCR hospital Dataset/Train/pituitary/1198.jpg",3,pituitary,3,pituitary,0.0101648252,0.0067761233,0.0071758307,0.9758831859
7167,"/kaggle/input/datasets/arafatrahmann/my-data221/Epic and CSCR hospital Dataset/Train/pituitary/1199.jpg",3,pituitary,3,pituitary,0.0094956718,0.0067071146,0.0074995784,0.9762976766
7169,"/kaggle/input/datasets/arafatrahmann/my-data221/Epic and CSCR hospital Dataset/Train/pituitary/P_705_DA_.jpg",3,pituitary,3,pituitary,0.0075890040,0.0083723813,0.0078753941,0.9761632085
7181,"/kaggle/input/datasets/arafatrahmann/my-data221/Epic and CSCR hospital Dataset/Train/pituitary/P_707.jpg",3,pituitary,3,pituitary,0.0103075625,0.0062704263,0.0071222768,0.9762997627
7194,"/kaggle/input/datasets/arafatrahmann/my-data221/Epic and CSCR hospital Dataset/Train/pituitary/P_710_RO_.jpg",3,pituitary,3,pituitary,0.0092559028,0.0066234125,0.0077402955,0.9763803482
7203,"/kaggle/input/datasets/arafatrahmann/my-data221/Epic and CSCR hospital Dataset/Train/pituitary/P_711_VF_.jpg",3,pituitary,3,pituitary,0.0090131350,0.0065707699,0.0069628293,0.9774533510
7209,"/kaggle/input/datasets/arafatrahmann/my-data221/Epic and CSCR hospital Dataset/Train/pituitary/P_712_SP_.jpg",3,pituitary,3,pituitary,0.0094434610,0.0063587958,0.0070025297,0.9771952629
7224,"/kaggle/input/datasets/arafatrahmann/my-data221/Epic and CSCR hospital Dataset/Train/pituitary/P_714_VF_.jpg",3,pituitary,3,pituitary,0.0078933286,0.0066977306,0.0075015659,0.9779073596
7226,"/kaggle/input/datasets/arafatrahmann/my-data221/Epic and CSCR hospital Dataset/Train/pituitary/P_715_BR_.jpg",3,pituitary,3,pituitary,0.0075453394,0.0056046499,0.0086059030,0.9782441258
7227,"/kaggle/input/datasets/arafatrahmann/my-data221/Epic and CSCR hospital Dataset/Train/pituitary/P_715_DA_.jpg",3,pituitary,3,pituitary,0.0088130292,0.0061329426,0.0070814206,0.9779726267
7229,"/kaggle/input/datasets/arafatrahmann/my-data221/Epic and CSCR hospital Dataset/Train/pituitary/P_715_RO_.jpg",3,pituitary,3,pituitary,0.0090497117,0.0060326592,0.0069783134,0.9779392481
7234,"/kaggle/input/datasets/arafatrahmann/my-data221/Epic and CSCR hospital Dataset/Train/pituitary/P_716_DA_.jpg",3,pituitary,3,pituitary,0.0083963629,0.0063819960,0.0071300431,0.9780915380
7235,"/kaggle/input/datasets/arafatrahmann/my-data221/Epic and CSCR hospital Dataset/Train/pituitary/P_716_HF_.jpg",3,pituitary,3,pituitary,0.0088108201,0.0065614665,0.0069493777,0.9776784182
7236,"/kaggle/input/datasets/arafatrahmann/my-data221/Epic and CSCR hospital Dataset/Train/pituitary/P_716_RO_.jpg",3,pituitary,3,pituitary,0.0119394306,0.0064759711,0.0064598680,0.9751246572
7248,"/kaggle/input/datasets/arafatrahmann/my-data221/Epic and CSCR hospital Dataset/Train/pituitary/P_718_DA_.jpg",3,pituitary,3,pituitary,0.0084668966,0.0078619411,0.0076630227,0.9760081172
7252,"/kaggle/input/datasets/arafatrahmann/my-data221/Epic and CSCR hospital Dataset/Train/pituitary/P_718_VF_.jpg",3,pituitary,3,pituitary,0.0094628567,0.0061980295,0.0072334833,0.9771056175
7257,"/kaggle/input/datasets/arafatrahmann/my-data221/Epic and CSCR hospital Dataset/Train/pituitary/P_719_RO_.jpg",3,pituitary,3,pituitary,0.0098076407,0.0054520210,0.0072419317,0.9774984121
7259,"/kaggle/input/datasets/arafatrahmann/my-data221/Epic and CSCR hospital Dataset/Train/pituitary/P_719_VF_.jpg",3,pituitary,3,pituitary,0.0091824010,0.0058878222,0.0072868848,0.9776428938
7264,"/kaggle/input/datasets/arafatrahmann/my-data221/Epic and CSCR hospital Dataset/Train/pituitary/P_71_SP_.jpg",3,pituitary,3,pituitary,0.0099794241,0.0068596615,0.0070166858,0.9761443138
7272,"/kaggle/input/datasets/arafatrahmann/my-data221/Epic and CSCR hospital Dataset/Train/pituitary/P_720_SP_.jpg",3,pituitary,3,pituitary,0.0101253279,0.0065878034,0.0074457587,0.9758411646
7276,"/kaggle/input/datasets/arafatrahmann/my-data221/Epic and CSCR hospital Dataset/Train/pituitary/P_721_DA_.jpg",3,pituitary,3,pituitary,0.0075051724,0.0062596509,0.0075866543,0.9786485434
7279,"/kaggle/input/datasets/arafatrahmann/my-data221/Epic and CSCR hospital Dataset/Train/pituitary/P_721_SP_.jpg",3,pituitary,3,pituitary,0.0087077785,0.0061752540,0.0072684078,0.9778485298
7280,"/kaggle/input/datasets/arafatrahmann/my-data221/Epic and CSCR hospital Dataset/Train/pituitary/P_721_VF_.jpg",3,pituitary,3,pituitary,0.0081470506,0.0063226027,0.0078163836,0.9777139425
7285,"/kaggle/input/datasets/arafatrahmann/my-data221/Epic and CSCR hospital Dataset/Train/pituitary/P_722_RO_.jpg",3,pituitary,3,pituitary,0.0082625709,0.0057903617,0.0078769606,0.9780701399
7295,"/kaggle/input/datasets/arafatrahmann/my-data221/Epic and CSCR hospital Dataset/Train/pituitary/P_724.jpg",3,pituitary,3,pituitary,0.0101000462,0.0066610845,0.0074865492,0.9757522345
7298,"/kaggle/input/datasets/arafatrahmann/my-data221/Epic and CSCR hospital Dataset/Train/pituitary/P_724_HF_.jpg",3,pituitary,3,pituitary,0.0104270997,0.0061150664,0.0070952615,0.9763625264
7301,"/kaggle/input/datasets/arafatrahmann/my-data221/Epic and CSCR hospital Dataset/Train/pituitary/P_724_VF_.jpg",3,pituitary,3,pituitary,0.0089315651,0.0060925009,0.0074646086,0.9775112867
7305,"/kaggle/input/datasets/arafatrahmann/my-data221/Epic and CSCR hospital Dataset/Train/pituitary/P_725_HF_.jpg",3,pituitary,3,pituitary,0.0086282156,0.0069908844,0.0077456227,0.9766352773
7313,"/kaggle/input/datasets/arafatrahmann/my-data221/Epic and CSCR hospital Dataset/Train/pituitary/P_726_RO_.jpg",3,pituitary,3,pituitary,0.0091449954,0.0062246411,0.0079407934,0.9766896367
7314,"/kaggle/input/datasets/arafatrahmann/my-data221/Epic and CSCR hospital Dataset/Train/pituitary/P_726_SP_.jpg",3,pituitary,3,pituitary,0.0120346481,0.0063732504,0.0070005879,0.9745916128
7327,"/kaggle/input/datasets/arafatrahmann/my-data221/Epic and CSCR hospital Dataset/Train/pituitary/P_728_RO_.jpg",3,pituitary,3,pituitary,0.0115243020,0.0070441454,0.0073235086,0.9741080403
7334,"/kaggle/input/datasets/arafatrahmann/my-data221/Epic and CSCR hospital Dataset/Train/pituitary/P_729_RO_.jpg",3,pituitary,3,pituitary,0.0103871468,0.0060715540,0.0073231757,0.9762180448
7340,"/kaggle/input/datasets/arafatrahmann/my-data221/Epic and CSCR hospital Dataset/Train/pituitary/P_72_RO_.jpg",3,pituitary,3,pituitary,0.0092437463,0.0064159604,0.0072134859,0.9771267772
7342,"/kaggle/input/datasets/arafatrahmann/my-data221/Epic and CSCR hospital Dataset/Train/pituitary/P_72_VF_.jpg",3,pituitary,3,pituitary,0.0081395619,0.0065567144,0.0075642364,0.9777394533
7343,"/kaggle/input/datasets/arafatrahmann/my-data221/Epic and CSCR hospital Dataset/Train/pituitary/P_73.jpg",3,pituitary,3,pituitary,0.0086740199,0.0062060007,0.0070883529,0.9780317545
7345,"/kaggle/input/datasets/arafatrahmann/my-data221/Epic and CSCR hospital Dataset/Train/pituitary/P_730_BR_.jpg",3,pituitary,3,pituitary,0.0069330679,0.0062966729,0.0107784793,0.9759917259
7347,"/kaggle/input/datasets/arafatrahmann/my-data221/Epic and CSCR hospital Dataset/Train/pituitary/P_730_HF_.jpg",3,pituitary,3,pituitary,0.0106551703,0.0060755569,0.0072589852,0.9760103226
7352,"/kaggle/input/datasets/arafatrahmann/my-data221/Epic and CSCR hospital Dataset/Train/pituitary/P_731_BR_.jpg",3,pituitary,3,pituitary,0.0072185411,0.0062026372,0.0105017973,0.9760769010
7353,"/kaggle/input/datasets/arafatrahmann/my-data221/Epic and CSCR hospital Dataset/Train/pituitary/P_731_DA_.jpg",3,pituitary,3,pituitary,0.0079358127,0.0071134223,0.0083927829,0.9765580297
7356,"/kaggle/input/datasets/arafatrahmann/my-data221/Epic and CSCR hospital Dataset/Train/pituitary/P_731_SP_.jpg",3,pituitary,3,pituitary,0.0117251184,0.0069381567,0.0076097501,0.9737269282
7357,"/kaggle/input/datasets/arafatrahmann/my-data221/Epic and CSCR hospital Dataset/Train/pituitary/P_731_VF_.jpg",3,pituitary,3,pituitary,0.0100245764,0.0060796761,0.0073213214,0.9765745401
7360,"/kaggle/input/datasets/arafatrahmann/my-data221/Epic and CSCR hospital Dataset/Train/pituitary/P_732_DA_.jpg",3,pituitary,3,pituitary,0.0077536218,0.0079506021,0.0084814699,0.9758143425
7362,"/kaggle/input/datasets/arafatrahmann/my-data221/Epic and CSCR hospital Dataset/Train/pituitary/P_732_RO_.jpg",3,pituitary,3,pituitary,0.0092741158,0.0070270645,0.0076477183,0.9760510325
7372,"/kaggle/input/datasets/arafatrahmann/my-data221/Epic and CSCR hospital Dataset/Train/pituitary/P_734.jpg",3,pituitary,3,pituitary,0.0086455736,0.0066198236,0.0072680884,0.9774664640
7374,"/kaggle/input/datasets/arafatrahmann/my-data221/Epic and CSCR hospital Dataset/Train/pituitary/P_734_DA_.jpg",3,pituitary,3,pituitary,0.0087444112,0.0066805645,0.0076931687,0.9768818617
7382,"/kaggle/input/datasets/arafatrahmann/my-data221/Epic and CSCR hospital Dataset/Train/pituitary/P_735_HF_.jpg",3,pituitary,3,pituitary,0.0096703414,0.0066759312,0.0072843037,0.9763695002
7385,"/kaggle/input/datasets/arafatrahmann/my-data221/Epic and CSCR hospital Dataset/Train/pituitary/P_735_VF_.jpg",3,pituitary,3,pituitary,0.0093028462,0.0071116262,0.0067675337,0.9768179655
7390,"/kaggle/input/datasets/arafatrahmann/my-data221/Epic and CSCR hospital Dataset/Train/pituitary/P_736_RO_.jpg",3,pituitary,3,pituitary,0.0092963073,0.0064704730,0.0068267016,0.9774065018
7393,"/kaggle/input/datasets/arafatrahmann/my-data221/Epic and CSCR hospital Dataset/Train/pituitary/P_737.jpg",3,pituitary,3,pituitary,0.0092681032,0.0070339278,0.0072880574,0.9764100313
7396,"/kaggle/input/datasets/arafatrahmann/my-data221/Epic and CSCR hospital Dataset/Train/pituitary/P_737_HF_.jpg",3,pituitary,3,pituitary,0.0087858867,0.0066760369,0.0069997711,0.9775382876
7400,"/kaggle/input/datasets/arafatrahmann/my-data221/Epic and CSCR hospital Dataset/Train/pituitary/P_738.jpg",3,pituitary,3,pituitary,0.0085355975,0.0068783602,0.0078548826,0.9767311811
7401,"/kaggle/input/datasets/arafatrahmann/my-data221/Epic and CSCR hospital Dataset/Train/pituitary/P_738_BR_.jpg",3,pituitary,3,pituitary,0.0063169515,0.0064581707,0.0093138730,0.9779109955
7422,"/kaggle/input/datasets/arafatrahmann/my-data221/Epic and CSCR hospital Dataset/Train/pituitary/P_740_BR_.jpg",3,pituitary,3,pituitary,0.0075662411,0.0060738586,0.0098221842,0.9765377045
7423,"/kaggle/input/datasets/arafatrahmann/my-data221/Epic and CSCR hospital Dataset/Train/pituitary/P_740_DA_.jpg",3,pituitary,3,pituitary,0.0084220413,0.0075998968,0.0082325917,0.9757454991
7431,"/kaggle/input/datasets/arafatrahmann/my-data221/Epic and CSCR hospital Dataset/Train/pituitary/P_741_HF_.jpg",3,pituitary,3,pituitary,0.0081514698,0.0063183233,0.0071843490,0.9783458710
7443,"/kaggle/input/datasets/arafatrahmann/my-data221/Epic and CSCR hospital Dataset/Train/pituitary/P_743_BR_.jpg",3,pituitary,3,pituitary,0.0083842091,0.0055582738,0.0091643455,0.9768931270
7444,"/kaggle/input/datasets/arafatrahmann/my-data221/Epic and CSCR hospital Dataset/Train/pituitary/P_743_DA_.jpg",3,pituitary,3,pituitary,0.0088603301,0.0071519129,0.0078652194,0.9761226773
7448,"/kaggle/input/datasets/arafatrahmann/my-data221/Epic and CSCR hospital Dataset/Train/pituitary/P_743_VF_.jpg",3,pituitary,3,pituitary,0.0087202359,0.0057762819,0.0068505122,0.9786529541
7450,"/kaggle/input/datasets/arafatrahmann/my-data221/Epic and CSCR hospital Dataset/Train/pituitary/P_744_BR_.jpg",3,pituitary,3,pituitary,0.0073202932,0.0060111368,0.0092849676,0.9773836136
7454,"/kaggle/input/datasets/arafatrahmann/my-data221/Epic and CSCR hospital Dataset/Train/pituitary/P_744_SP_.jpg",3,pituitary,3,pituitary,0.0098130079,0.0063916715,0.0071582245,0.9766371846
7457,"/kaggle/input/datasets/arafatrahmann/my-data221/Epic and CSCR hospital Dataset/Train/pituitary/P_745_BR_.jpg",3,pituitary,3,pituitary,0.0069851326,0.0063023455,0.0088925231,0.9778199196
7460,"/kaggle/input/datasets/arafatrahmann/my-data221/Epic and CSCR hospital Dataset/Train/pituitary/P_745_RO_.jpg",3,pituitary,3,pituitary,0.0086393822,0.0071490174,0.0075930133,0.9766185880
7467,"/kaggle/input/datasets/arafatrahmann/my-data221/Epic and CSCR hospital Dataset/Train/pituitary/P_746_RO_.jpg",3,pituitary,3,pituitary,0.0087071406,0.0068898154,0.0075719529,0.9768310785
7468,"/kaggle/input/datasets/arafatrahmann/my-data221/Epic and CSCR hospital Dataset/Train/pituitary/P_746_SP_.jpg",3,pituitary,3,pituitary,0.0110520460,0.0068990737,0.0072583882,0.9747905731
7473,"/kaggle/input/datasets/arafatrahmann/my-data221/Epic and CSCR hospital Dataset/Train/pituitary/P_747_HF_.jpg",3,pituitary,3,pituitary,0.0095755802,0.0072027482,0.0072079478,0.9760137796
7476,"/kaggle/input/datasets/arafatrahmann/my-data221/Epic and CSCR hospital Dataset/Train/pituitary/P_747_VF_.jpg",3,pituitary,3,pituitary,0.0082585271,0.0065830052,0.0075070248,0.9776514173
7478,"/kaggle/input/datasets/arafatrahmann/my-data221/Epic and CSCR hospital Dataset/Train/pituitary/P_748_BR_.jpg",3,pituitary,3,pituitary,0.0071432209,0.0068410723,0.0091424547,0.9768732190
7480,"/kaggle/input/datasets/arafatrahmann/my-data221/Epic and CSCR hospital Dataset/Train/pituitary/P_748_HF_.jpg",3,pituitary,3,pituitary,0.0100557711,0.0085968673,0.0075932704,0.9737541080
7488,"/kaggle/input/datasets/arafatrahmann/my-data221/Epic and CSCR hospital Dataset/Train/pituitary/P_749_RO_.jpg",3,pituitary,3,pituitary,0.0080306586,0.0072645335,0.0076345420,0.9770702124
7500,"/kaggle/input/datasets/arafatrahmann/my-data221/Epic and CSCR hospital Dataset/Train/pituitary/P_750_DA_.jpg",3,pituitary,3,pituitary,0.0079346281,0.0061993697,0.0070548169,0.9788112640
7503,"/kaggle/input/datasets/arafatrahmann/my-data221/Epic and CSCR hospital Dataset/Train/pituitary/P_750_SP_.jpg",3,pituitary,3,pituitary,0.0088352710,0.0066365376,0.0072665461,0.9772615433
7515,"/kaggle/input/datasets/arafatrahmann/my-data221/Epic and CSCR hospital Dataset/Train/pituitary/P_752_HF_.jpg",3,pituitary,3,pituitary,0.0094621694,0.0095202364,0.0073763644,0.9736412168
7521,"/kaggle/input/datasets/arafatrahmann/my-data221/Epic and CSCR hospital Dataset/Train/pituitary/P_753_DA_.jpg",3,pituitary,3,pituitary,0.0090845097,0.0117435362,0.0083059017,0.9708660245
7525,"/kaggle/input/datasets/arafatrahmann/my-data221/Epic and CSCR hospital Dataset/Train/pituitary/P_753_VF_.jpg",3,pituitary,3,pituitary,0.0079089524,0.0061888807,0.0068655321,0.9790366292
7527,"/kaggle/input/datasets/arafatrahmann/my-data221/Epic and CSCR hospital Dataset/Train/pituitary/P_754_BR_.jpg",3,pituitary,3,pituitary,0.0077711930,0.0057369871,0.0091715958,0.9773203135
7532,"/kaggle/input/datasets/arafatrahmann/my-data221/Epic and CSCR hospital Dataset/Train/pituitary/P_754_VF_.jpg",3,pituitary,3,pituitary,0.0077196956,0.0059627304,0.0074250191,0.9788925052
7544,"/kaggle/input/datasets/arafatrahmann/my-data221/Epic and CSCR hospital Dataset/Train/pituitary/P_756_RO_.jpg",3,pituitary,3,pituitary,0.0076347827,0.0057356819,0.0091235172,0.9775060415
7545,"/kaggle/input/datasets/arafatrahmann/my-data221/Epic and CSCR hospital Dataset/Train/pituitary/P_756_SP_.jpg",3,pituitary,2,notumor,0.0083105974,0.0073082102,0.8515840769,0.1327971816
7551,"/kaggle/input/datasets/arafatrahmann/my-data221/Epic and CSCR hospital Dataset/Train/pituitary/P_757_RO_.jpg",3,pituitary,3,pituitary,0.0130477501,0.0074947067,0.0075604096,0.9718971252
7553,"/kaggle/input/datasets/arafatrahmann/my-data221/Epic and CSCR hospital Dataset/Train/pituitary/P_757_VF_.jpg",3,pituitary,3,pituitary,0.0110449884,0.0071487473,0.0071225450,0.9746836424
7557,"/kaggle/input/datasets/arafatrahmann/my-data221/Epic and CSCR hospital Dataset/Train/pituitary/P_758_HF_.jpg",3,pituitary,3,pituitary,0.0101384446,0.0060347440,0.0069468035,0.9768800735
7566,"/kaggle/input/datasets/arafatrahmann/my-data221/Epic and CSCR hospital Dataset/Train/pituitary/P_759_SP_.jpg",3,pituitary,3,pituitary,0.0115566533,0.0058836951,0.0068664537,0.9756932259
7568,"/kaggle/input/datasets/arafatrahmann/my-data221/Epic and CSCR hospital Dataset/Train/pituitary/P_75_BR_.jpg",3,pituitary,3,pituitary,0.0069272346,0.0060349246,0.0090650804,0.9779726863
7578,"/kaggle/input/datasets/arafatrahmann/my-data221/Epic and CSCR hospital Dataset/Train/pituitary/P_760_HF_.jpg",3,pituitary,3,pituitary,0.0107916901,0.0061057741,0.0074934289,0.9756091237
7593,"/kaggle/input/datasets/arafatrahmann/my-data221/Epic and CSCR hospital Dataset/Train/pituitary/P_762_RO_.jpg",3,pituitary,3,pituitary,0.0097852554,0.0075948113,0.0073624835,0.9752573967
7594,"/kaggle/input/datasets/arafatrahmann/my-data221/Epic and CSCR hospital Dataset/Train/pituitary/P_762_SP_.jpg",3,pituitary,3,pituitary,0.0100993253,0.0080219004,0.0071845325,0.9746942520
7598,"/kaggle/input/datasets/arafatrahmann/my-data221/Epic and CSCR hospital Dataset/Train/pituitary/P_763_DA_.jpg",3,pituitary,3,pituitary,0.0101702828,0.0065774135,0.0072757853,0.9759764671
7606,"/kaggle/input/datasets/arafatrahmann/my-data221/Epic and CSCR hospital Dataset/Train/pituitary/P_764_HF_.jpg",3,pituitary,3,pituitary,0.0098838788,0.0073065376,0.0069203512,0.9758893251
7615,"/kaggle/input/datasets/arafatrahmann/my-data221/Epic and CSCR hospital Dataset/Train/pituitary/P_765_SP_.jpg",3,pituitary,3,pituitary,0.0111145601,0.0070700673,0.0073578567,0.9744574428
7620,"/kaggle/input/datasets/arafatrahmann/my-data221/Epic and CSCR hospital Dataset/Train/pituitary/P_766_HF_.jpg",3,pituitary,3,pituitary,0.0134059591,0.0077409297,0.0067375056,0.9721156359
7622,"/kaggle/input/datasets/arafatrahmann/my-data221/Epic and CSCR hospital Dataset/Train/pituitary/P_766_SP_.jpg",3,pituitary,3,pituitary,0.0118318386,0.0065290569,0.0070052086,0.9746338725
7623,"/kaggle/input/datasets/arafatrahmann/my-data221/Epic and CSCR hospital Dataset/Train/pituitary/P_766_VF_.jpg",3,pituitary,3,pituitary,0.0079891961,0.0062639080,0.0072268979,0.9785200357
7631,"/kaggle/input/datasets/arafatrahmann/my-data221/Epic and CSCR hospital Dataset/Train/pituitary/P_768.jpg",3,pituitary,3,pituitary,0.0084759546,0.0067583285,0.0070792437,0.9776864052
7634,"/kaggle/input/datasets/arafatrahmann/my-data221/Epic and CSCR hospital Dataset/Train/pituitary/P_768_HF_.jpg",3,pituitary,3,pituitary,0.0087087760,0.0067476109,0.0075999745,0.9769436121
7640,"/kaggle/input/datasets/arafatrahmann/my-data221/Epic and CSCR hospital Dataset/Train/pituitary/P_769_DA_.jpg",3,pituitary,3,pituitary,0.0084764054,0.0075535178,0.0080521712,0.9759179354
7642,"/kaggle/input/datasets/arafatrahmann/my-data221/Epic and CSCR hospital Dataset/Train/pituitary/P_769_RO_.jpg",3,pituitary,3,pituitary,0.0082865851,0.0065675164,0.0073012807,0.9778447151
7651,"/kaggle/input/datasets/arafatrahmann/my-data221/Epic and CSCR hospital Dataset/Train/pituitary/P_77.jpg",3,pituitary,3,pituitary,0.0081715528,0.0061386814,0.0083710384,0.9773186445
7653,"/kaggle/input/datasets/arafatrahmann/my-data221/Epic and CSCR hospital Dataset/Train/pituitary/P_770_BR_.jpg",3,pituitary,3,pituitary,0.0079389866,0.0064609759,0.0092281876,0.9763718843
7661,"/kaggle/input/datasets/arafatrahmann/my-data221/Epic and CSCR hospital Dataset/Train/pituitary/P_771_DA_.jpg",3,pituitary,3,pituitary,0.0092326049,0.0073437328,0.0078034448,0.9756202698
7670,"/kaggle/input/datasets/arafatrahmann/my-data221/Epic and CSCR hospital Dataset/Train/pituitary/P_772_RO_.jpg",3,pituitary,3,pituitary,0.0108845634,0.0067519108,0.0065713390,0.9757922888
7671,"/kaggle/input/datasets/arafatrahmann/my-data221/Epic and CSCR hospital Dataset/Train/pituitary/P_772_SP_.jpg",3,pituitary,3,pituitary,0.0100501683,0.0067639411,0.0069172001,0.9762686491
7675,"/kaggle/input/datasets/arafatrahmann/my-data221/Epic and CSCR hospital Dataset/Train/pituitary/P_773_DA_.jpg",3,pituitary,3,pituitary,0.0085185040,0.0063167228,0.0069081122,0.9782567024
7681,"/kaggle/input/datasets/arafatrahmann/my-data221/Epic and CSCR hospital Dataset/Train/pituitary/P_774_BR_.jpg",3,pituitary,3,pituitary,0.0069149891,0.0064594261,0.0093272999,0.9772983789
7689,"/kaggle/input/datasets/arafatrahmann/my-data221/Epic and CSCR hospital Dataset/Train/pituitary/P_775_DA_.jpg",3,pituitary,3,pituitary,0.0085146753,0.0064738416,0.0073576556,0.9776536822
7697,"/kaggle/input/datasets/arafatrahmann/my-data221/Epic and CSCR hospital Dataset/Train/pituitary/P_776_HF_.jpg",3,pituitary,3,pituitary,0.0087674093,0.0062575028,0.0072137415,0.9777613878
7701,"/kaggle/input/datasets/arafatrahmann/my-data221/Epic and CSCR hospital Dataset/Train/pituitary/P_777.jpg",3,pituitary,3,pituitary,0.0091245631,0.0065657520,0.0072167129,0.9770929217
7708,"/kaggle/input/datasets/arafatrahmann/my-data221/Epic and CSCR hospital Dataset/Train/pituitary/P_778.jpg",3,pituitary,3,pituitary,0.0092217838,0.0063287900,0.0076025203,0.9768468738
7712,"/kaggle/input/datasets/arafatrahmann/my-data221/Epic and CSCR hospital Dataset/Train/pituitary/P_778_RO_.jpg",3,pituitary,3,pituitary,0.0089865783,0.0059130760,0.0069883941,0.9781119227
7716,"/kaggle/input/datasets/arafatrahmann/my-data221/Epic and CSCR hospital Dataset/Train/pituitary/P_779_BR_.jpg",3,pituitary,3,pituitary,0.0090436311,0.0054991646,0.0082892776,0.9771679044
7718,"/kaggle/input/datasets/arafatrahmann/my-data221/Epic and CSCR hospital Dataset/Train/pituitary/P_779_HF_.jpg",3,pituitary,3,pituitary,0.0097025996,0.0063400464,0.0072194850,0.9767379761
7726,"/kaggle/input/datasets/arafatrahmann/my-data221/Epic and CSCR hospital Dataset/Train/pituitary/P_77_SP_.jpg",3,pituitary,3,pituitary,0.0085182125,0.0059807110,0.0078782560,0.9776228666
7730,"/kaggle/input/datasets/arafatrahmann/my-data221/Epic and CSCR hospital Dataset/Train/pituitary/P_780_BR_.jpg",3,pituitary,3,pituitary,0.0067786267,0.0062356936,0.0103031294,0.9766824841
7740,"/kaggle/input/datasets/arafatrahmann/my-data221/Epic and CSCR hospital Dataset/Train/pituitary/P_781_RO_.jpg",3,pituitary,3,pituitary,0.0087703662,0.0068319412,0.0070218160,0.9773758650
7748,"/kaggle/input/datasets/arafatrahmann/my-data221/Epic and CSCR hospital Dataset/Train/pituitary/P_782_SP_.jpg",3,pituitary,3,pituitary,0.0093324287,0.0073302379,0.0074396455,0.9758976698
7750,"/kaggle/input/datasets/arafatrahmann/my-data221/Epic and CSCR hospital Dataset/Train/pituitary/P_783.jpg",3,pituitary,3,pituitary,0.0086768325,0.0065331249,0.0071516284,0.9776384234
7751,"/kaggle/input/datasets/arafatrahmann/my-data221/Epic and CSCR hospital Dataset/Train/pituitary/P_783_BR_.jpg",3,pituitary,3,pituitary,0.0066553168,0.0066961632,0.0089524733,0.9776961207
7753,"/kaggle/input/datasets/arafatrahmann/my-data221/Epic and CSCR hospital Dataset/Train/pituitary/P_783_HF_.jpg",3,pituitary,3,pituitary,0.0087600918,0.0066078031,0.0074402867,0.9771918058
7761,"/kaggle/input/datasets/arafatrahmann/my-data221/Epic and CSCR hospital Dataset/Train/pituitary/P_784_RO_.jpg",3,pituitary,3,pituitary,0.0144900549,0.0062293829,0.0067801028,0.9725004435
7768,"/kaggle/input/datasets/arafatrahmann/my-data221/Epic and CSCR hospital Dataset/Train/pituitary/P_785_RO_.jpg",3,pituitary,3,pituitary,0.0091756489,0.0064158030,0.0075247586,0.9768837094
7771,"/kaggle/input/datasets/arafatrahmann/my-data221/Epic and CSCR hospital Dataset/Train/pituitary/P_786.jpg",3,pituitary,3,pituitary,0.0084753800,0.0061449925,0.0071503832,0.9782292247
7773,"/kaggle/input/datasets/arafatrahmann/my-data221/Epic and CSCR hospital Dataset/Train/pituitary/P_786_DA_.jpg",3,pituitary,3,pituitary,0.0081302393,0.0064854831,0.0069225146,0.9784617424
7775,"/kaggle/input/datasets/arafatrahmann/my-data221/Epic and CSCR hospital Dataset/Train/pituitary/P_786_RO_.jpg",3,pituitary,3,pituitary,0.0093714539,0.0061522396,0.0076255486,0.9768506885
7785,"/kaggle/input/datasets/arafatrahmann/my-data221/Epic and CSCR hospital Dataset/Train/pituitary/P_788.jpg",3,pituitary,3,pituitary,0.0084768860,0.0062927254,0.0076516131,0.9775788188
7789,"/kaggle/input/datasets/arafatrahmann/my-data221/Epic and CSCR hospital Dataset/Train/pituitary/P_788_RO_.jpg",3,pituitary,3,pituitary,0.0091306139,0.0062867114,0.0075942264,0.9769884348
7798,"/kaggle/input/datasets/arafatrahmann/my-data221/Epic and CSCR hospital Dataset/Train/pituitary/P_789_VF_.jpg",3,pituitary,3,pituitary,0.0077894912,0.0059670256,0.0074847126,0.9787588120
7803,"/kaggle/input/datasets/arafatrahmann/my-data221/Epic and CSCR hospital Dataset/Train/pituitary/P_78_SP_.jpg",3,pituitary,3,pituitary,0.0091120554,0.0067824214,0.0083910255,0.9757145047
7809,"/kaggle/input/datasets/arafatrahmann/my-data221/Epic and CSCR hospital Dataset/Train/pituitary/P_790_HF_.jpg",3,pituitary,3,pituitary,0.0090833036,0.0060111419,0.0067313821,0.9781742096
7810,"/kaggle/input/datasets/arafatrahmann/my-data221/Epic and CSCR hospital Dataset/Train/pituitary/P_790_RO_.jpg",3,pituitary,3,pituitary,0.0106783994,0.0061092833,0.0073279431,0.9758843184
7814,"/kaggle/input/datasets/arafatrahmann/my-data221/Epic and CSCR hospital Dataset/Train/pituitary/P_791_BR_.jpg",3,pituitary,3,pituitary,0.0071588783,0.0059508160,0.0094951522,0.9773951769
7815,"/kaggle/input/datasets/arafatrahmann/my-data221/Epic and CSCR hospital Dataset/Train/pituitary/P_791_DA_.jpg",3,pituitary,3,pituitary,0.0079544401,0.0064422130,0.0072358325,0.9783675075
7816,"/kaggle/input/datasets/arafatrahmann/my-data221/Epic and CSCR hospital Dataset/Train/pituitary/P_791_HF_.jpg",3,pituitary,3,pituitary,0.0095012579,0.0061383918,0.0071774758,0.9771829844
7818,"/kaggle/input/datasets/arafatrahmann/my-data221/Epic and CSCR hospital Dataset/Train/pituitary/P_791_SP_.jpg",3,pituitary,3,pituitary,0.0116655491,0.0061017275,0.0067202733,0.9755125046
7824,"/kaggle/input/datasets/arafatrahmann/my-data221/Epic and CSCR hospital Dataset/Train/pituitary/P_792_RO_.jpg",3,pituitary,3,pituitary,0.0124732750,0.0065212897,0.0073300959,0.9736753702
7825,"/kaggle/input/datasets/arafatrahmann/my-data221/Epic and CSCR hospital Dataset/Train/pituitary/P_792_SP_.jpg",3,pituitary,3,pituitary,0.0143062696,0.0072459737,0.0079639917,0.9704837799
7826,"/kaggle/input/datasets/arafatrahmann/my-data221/Epic and CSCR hospital Dataset/Train/pituitary/P_792_VF_.jpg",3,pituitary,3,pituitary,0.0104647707,0.0062928149,0.0077238446,0.9755185843
7850,"/kaggle/input/datasets/arafatrahmann/my-data221/Epic and CSCR hospital Dataset/Train/pituitary/P_796_DA_.jpg",3,pituitary,3,pituitary,0.0109826848,0.0076539903,0.0072797081,0.9740837216
7853,"/kaggle/input/datasets/arafatrahmann/my-data221/Epic and CSCR hospital Dataset/Train/pituitary/P_796_SP_.jpg",3,pituitary,3,pituitary,0.0108352844,0.0080929389,0.0072719939,0.9737998247
7854,"/kaggle/input/datasets/arafatrahmann/my-data221/Epic and CSCR hospital Dataset/Train/pituitary/P_796_VF_.jpg",3,pituitary,3,pituitary,0.0453503951,0.2076463997,0.0092704846,0.7377327085
7855,"/kaggle/input/datasets/arafatrahmann/my-data221/Epic and CSCR hospital Dataset/Train/pituitary/P_797.jpg",3,pituitary,3,pituitary,0.0078974124,0.0060601286,0.0079830792,0.9780594110
7859,"/kaggle/input/datasets/arafatrahmann/my-data221/Epic and CSCR hospital Dataset/Train/pituitary/P_797_RO_.jpg",3,pituitary,3,pituitary,0.0079148402,0.0060199229,0.0081035942,0.9779616594
7864,"/kaggle/input/datasets/arafatrahmann/my-data221/Epic and CSCR hospital Dataset/Train/pituitary/P_798_DA_.jpg",3,pituitary,3,pituitary,0.0084478045,0.0074293949,0.0086163851,0.9755064249
7865,"/kaggle/input/datasets/arafatrahmann/my-data221/Epic and CSCR hospital Dataset/Train/pituitary/P_798_HF_.jpg",3,pituitary,3,pituitary,0.0103041679,0.0070271133,0.0081881266,0.9744806290
7873,"/kaggle/input/datasets/arafatrahmann/my-data221/Epic and CSCR hospital Dataset/Train/pituitary/P_799_RO_.jpg",3,pituitary,3,pituitary,0.0144590540,0.0072087459,0.0064377375,0.9718943834
7885,"/kaggle/input/datasets/arafatrahmann/my-data221/Epic and CSCR hospital Dataset/Train/pituitary/P_7_RO_.jpg",3,pituitary,3,pituitary,0.0112740919,0.0057188477,0.0073858174,0.9756212234
7888,"/kaggle/input/datasets/arafatrahmann/my-data221/Epic and CSCR hospital Dataset/Train/pituitary/P_8.jpg",3,pituitary,3,pituitary,0.0092378985,0.0058691404,0.0071307095,0.9777622223
7892,"/kaggle/input/datasets/arafatrahmann/my-data221/Epic and CSCR hospital Dataset/Train/pituitary/P_800_DA_.jpg",3,pituitary,3,pituitary,0.0077465833,0.0067448653,0.0077631390,0.9777454138
7899,"/kaggle/input/datasets/arafatrahmann/my-data221/Epic and CSCR hospital Dataset/Train/pituitary/P_801_DA_.jpg",3,pituitary,3,pituitary,0.0078957472,0.0062793652,0.0076864795,0.9781384468
7906,"/kaggle/input/datasets/arafatrahmann/my-data221/Epic and CSCR hospital Dataset/Train/pituitary/P_802_DA_.jpg",3,pituitary,3,pituitary,0.0080663059,0.0064862594,0.0074131684,0.9780343175
7908,"/kaggle/input/datasets/arafatrahmann/my-data221/Epic and CSCR hospital Dataset/Train/pituitary/P_802_RO_.jpg",3,pituitary,3,pituitary,0.0091586486,0.0067521455,0.0080285538,0.9760605693
7913,"/kaggle/input/datasets/arafatrahmann/my-data221/Epic and CSCR hospital Dataset/Train/pituitary/P_803_DA_.jpg",3,pituitary,3,pituitary,0.0075212969,0.0061756587,0.0076338677,0.9786692858
7918,"/kaggle/input/datasets/arafatrahmann/my-data221/Epic and CSCR hospital Dataset/Train/pituitary/P_804.jpg",3,pituitary,3,pituitary,0.0092910277,0.0062564323,0.0071040429,0.9773485065
7919,"/kaggle/input/datasets/arafatrahmann/my-data221/Epic and CSCR hospital Dataset/Train/pituitary/P_804_BR_.jpg",3,pituitary,3,pituitary,0.0081659332,0.0057317778,0.0088584656,0.9772437811
7931,"/kaggle/input/datasets/arafatrahmann/my-data221/Epic and CSCR hospital Dataset/Train/pituitary/P_805_VF_.jpg",3,pituitary,3,pituitary,0.0123632094,0.0065442538,0.0069184401,0.9741741419
7945,"/kaggle/input/datasets/arafatrahmann/my-data221/Epic and CSCR hospital Dataset/Train/pituitary/P_807_VF_.jpg",3,pituitary,3,pituitary,0.0096227508,0.0064448556,0.0076496564,0.9762827158
7948,"/kaggle/input/datasets/arafatrahmann/my-data221/Epic and CSCR hospital Dataset/Train/pituitary/P_808_DA_.jpg",3,pituitary,3,pituitary,0.0083571179,0.0066321418,0.0071263686,0.9778844118
7953,"/kaggle/input/datasets/arafatrahmann/my-data221/Epic and CSCR hospital Dataset/Train/pituitary/P_809.jpg",3,pituitary,3,pituitary,0.0092948470,0.0064903325,0.0081110764,0.9761036634
7966,"/kaggle/input/datasets/arafatrahmann/my-data221/Epic and CSCR hospital Dataset/Train/pituitary/P_81.jpg",3,pituitary,3,pituitary,0.0082688639,0.0057491837,0.0076785437,0.9783034325
7979,"/kaggle/input/datasets/arafatrahmann/my-data221/Epic and CSCR hospital Dataset/Train/pituitary/P_811_SP_.jpg",3,pituitary,3,pituitary,0.0074831210,0.0077722757,0.0096338326,0.9751107097
7981,"/kaggle/input/datasets/arafatrahmann/my-data221/Epic and CSCR hospital Dataset/Train/pituitary/P_812.jpg",3,pituitary,3,pituitary,0.0066017741,0.0067326450,0.0088907201,0.9777747989
7983,"/kaggle/input/datasets/arafatrahmann/my-data221/Epic and CSCR hospital Dataset/Train/pituitary/P_812_DA_.jpg",3,pituitary,3,pituitary,0.0069528697,0.0067779920,0.0076973350,0.9785718918
7989,"/kaggle/input/datasets/arafatrahmann/my-data221/Epic and CSCR hospital Dataset/Train/pituitary/P_813_BR_.jpg",3,pituitary,3,pituitary,0.0076854071,0.0060443818,0.0092472490,0.9770229459
7991,"/kaggle/input/datasets/arafatrahmann/my-data221/Epic and CSCR hospital Dataset/Train/pituitary/P_813_HF_.jpg",3,pituitary,3,pituitary,0.0093698464,0.0065221898,0.0074509783,0.9766569138
7997,"/kaggle/input/datasets/arafatrahmann/my-data221/Epic and CSCR hospital Dataset/Train/pituitary/P_814_DA_.jpg",3,pituitary,3,pituitary,0.0081022047,0.0096555678,0.0083538592,0.9738885164
7998,"/kaggle/input/datasets/arafatrahmann/my-data221/Epic and CSCR hospital Dataset/Train/pituitary/P_814_HF_.jpg",3,pituitary,3,pituitary,0.0074579222,0.0068979980,0.0073075257,0.9783366323
8008,"/kaggle/input/datasets/arafatrahmann/my-data221/Epic and CSCR hospital Dataset/Train/pituitary/P_815_VF_.jpg",3,pituitary,3,pituitary,0.0075960644,0.0066646463,0.0075214682,0.9782178998
8010,"/kaggle/input/datasets/arafatrahmann/my-data221/Epic and CSCR hospital Dataset/Train/pituitary/P_816_BR_.jpg",3,pituitary,3,pituitary,0.0070097307,0.0080895964,0.0100521622,0.9748485684
8012,"/kaggle/input/datasets/arafatrahmann/my-data221/Epic and CSCR hospital Dataset/Train/pituitary/P_816_HF_.jpg",3,pituitary,3,pituitary,0.0077826441,0.0068346979,0.0080685364,0.9773141742
8018,"/kaggle/input/datasets/arafatrahmann/my-data221/Epic and CSCR hospital Dataset/Train/pituitary/P_817_DA_.jpg",3,pituitary,3,pituitary,0.0084349252,0.0060800212,0.0074191615,0.9780659676
8019,"/kaggle/input/datasets/arafatrahmann/my-data221/Epic and CSCR hospital Dataset/Train/pituitary/P_817_HF_.jpg",3,pituitary,3,pituitary,0.0085015902,0.0067120120,0.0081062960,0.9766801596
8021,"/kaggle/input/datasets/arafatrahmann/my-data221/Epic and CSCR hospital Dataset/Train/pituitary/P_817_SP_.jpg",3,pituitary,3,pituitary,0.0081670443,0.0069195977,0.0078681875,0.9770451784
8022,"/kaggle/input/datasets/arafatrahmann/my-data221/Epic and CSCR hospital Dataset/Train/pituitary/P_817_VF_.jpg",3,pituitary,3,pituitary,0.0086999983,0.0069303154,0.0076513542,0.9767182469
8024,"/kaggle/input/datasets/arafatrahmann/my-data221/Epic and CSCR hospital Dataset/Train/pituitary/P_818_BR_.jpg",3,pituitary,3,pituitary,0.0064852000,0.0080384314,0.0093875509,0.9760888219
8026,"/kaggle/input/datasets/arafatrahmann/my-data221/Epic and CSCR hospital Dataset/Train/pituitary/P_818_HF_.jpg",3,pituitary,3,pituitary,0.0068342374,0.0072389184,0.0089014489,0.9770253897
8043,"/kaggle/input/datasets/arafatrahmann/my-data221/Epic and CSCR hospital Dataset/Train/pituitary/P_82.jpg",3,pituitary,3,pituitary,0.0084342593,0.0061524473,0.0080640623,0.9773491621
8044,"/kaggle/input/datasets/arafatrahmann/my-data221/Epic and CSCR hospital Dataset/Train/pituitary/P_820.jpg",3,pituitary,3,pituitary,0.0077903382,0.0067740278,0.0082243346,0.9772113562
8045,"/kaggle/input/datasets/arafatrahmann/my-data221/Epic and CSCR hospital Dataset/Train/pituitary/P_820_BR_.jpg",3,pituitary,3,pituitary,0.0066320645,0.0073524090,0.0087754112,0.9772402048
8046,"/kaggle/input/datasets/arafatrahmann/my-data221/Epic and CSCR hospital Dataset/Train/pituitary/P_820_DA_.jpg",3,pituitary,3,pituitary,0.0104996022,0.0063221799,0.0066083558,0.9765699506
8047,"/kaggle/input/datasets/arafatrahmann/my-data221/Epic and CSCR hospital Dataset/Train/pituitary/P_820_HF_.jpg",3,pituitary,3,pituitary,0.0073830537,0.0067695365,0.0077669220,0.9780805707
8073,"/kaggle/input/datasets/arafatrahmann/my-data221/Epic and CSCR hospital Dataset/Train/pituitary/P_824_BR_.jpg",3,pituitary,3,pituitary,0.0067544030,0.0062770001,0.0089646680,0.9780039787
8075,"/kaggle/input/datasets/arafatrahmann/my-data221/Epic and CSCR hospital Dataset/Train/pituitary/P_824_HF_.jpg",3,pituitary,3,pituitary,0.0084536541,0.0061793230,0.0070920452,0.9782750010
8081,"/kaggle/input/datasets/arafatrahmann/my-data221/Epic and CSCR hospital Dataset/Train/pituitary/P_825_DA_.jpg",3,pituitary,3,pituitary,0.0089022247,0.0064297207,0.0072831078,0.9773849249
8089,"/kaggle/input/datasets/arafatrahmann/my-data221/Epic and CSCR hospital Dataset/Train/pituitary/P_826_HF_.jpg",3,pituitary,3,pituitary,0.0083494401,0.0067881485,0.0079922313,0.9768701792
8092,"/kaggle/input/datasets/arafatrahmann/my-data221/Epic and CSCR hospital Dataset/Train/pituitary/P_826_VF_.jpg",3,pituitary,3,pituitary,0.0087660309,0.0071197101,0.0077569084,0.9763572812
8098,"/kaggle/input/datasets/arafatrahmann/my-data221/Epic and CSCR hospital Dataset/Train/pituitary/P_827_SP_.jpg",3,pituitary,3,pituitary,0.0067779073,0.0077762892,0.0143304216,0.9711154103
8103,"/kaggle/input/datasets/arafatrahmann/my-data221/Epic and CSCR hospital Dataset/Train/pituitary/P_828_HF_.jpg",3,pituitary,3,pituitary,0.0071922890,0.0066641606,0.0079006981,0.9782427549
8108,"/kaggle/input/datasets/arafatrahmann/my-data221/Epic and CSCR hospital Dataset/Train/pituitary/P_829_BR_.jpg",3,pituitary,3,pituitary,0.0069344984,0.0068845293,0.0097794300,0.9764015079
8114,"/kaggle/input/datasets/arafatrahmann/my-data221/Epic and CSCR hospital Dataset/Train/pituitary/P_82_BR_.jpg",3,pituitary,3,pituitary,0.0072526620,0.0061766412,0.0098314136,0.9767392874
8115,"/kaggle/input/datasets/arafatrahmann/my-data221/Epic and CSCR hospital Dataset/Train/pituitary/P_82_DA_.jpg",3,pituitary,3,pituitary,0.0077529415,0.0059217149,0.0073820911,0.9789431691
8117,"/kaggle/input/datasets/arafatrahmann/my-data221/Epic and CSCR hospital Dataset/Train/pituitary/P_82_RO_.jpg",3,pituitary,3,pituitary,0.0082409773,0.0056520966,0.0084284451,0.9776784778
8123,"/kaggle/input/datasets/arafatrahmann/my-data221/Epic and CSCR hospital Dataset/Train/pituitary/P_830_DA_.jpg",3,pituitary,3,pituitary,0.0075677158,0.0058178776,0.0086980220,0.9779164195
8124,"/kaggle/input/datasets/arafatrahmann/my-data221/Epic and CSCR hospital Dataset/Train/pituitary/P_830_HF_.jpg",3,pituitary,3,pituitary,0.0082454514,0.0060293037,0.0086006969,0.9771245718
8138,"/kaggle/input/datasets/arafatrahmann/my-data221/Epic and CSCR hospital Dataset/Train/pituitary/P_832_HF_.jpg",3,pituitary,3,pituitary,0.0110623399,0.0096975788,0.0074710110,0.9717690349
8140,"/kaggle/input/datasets/arafatrahmann/my-data221/Epic and CSCR hospital Dataset/Train/pituitary/P_832_SP_.jpg",3,pituitary,3,pituitary,0.0125915501,0.0061876122,0.0066180332,0.9746028185
8148,"/kaggle/input/datasets/arafatrahmann/my-data221/Epic and CSCR hospital Dataset/Train/pituitary/P_833_VF_.jpg",3,pituitary,1,meningioma,0.0211581495,0.5324114561,0.3582637310,0.0881666690
8162,"/kaggle/input/datasets/arafatrahmann/my-data221/Epic and CSCR hospital Dataset/Train/pituitary/P_835_VF_.jpg",3,pituitary,3,pituitary,0.0081617888,0.0064814677,0.0074805529,0.9778761864
8165,"/kaggle/input/datasets/arafatrahmann/my-data221/Epic and CSCR hospital Dataset/Train/pituitary/P_836_DA_.jpg",3,pituitary,3,pituitary,0.0081708906,0.0128923003,0.0075130747,0.9714238048
8168,"/kaggle/input/datasets/arafatrahmann/my-data221/Epic and CSCR hospital Dataset/Train/pituitary/P_836_SP_.jpg",3,pituitary,3,pituitary,0.0110079553,0.0090709869,0.0065524266,0.9733686447
8169,"/kaggle/input/datasets/arafatrahmann/my-data221/Epic and CSCR hospital Dataset/Train/pituitary/P_836_VF_.jpg",3,pituitary,3,pituitary,0.0099037196,0.0118872821,0.0069047869,0.9713042378
8173,"/kaggle/input/datasets/arafatrahmann/my-data221/Epic and CSCR hospital Dataset/Train/pituitary/P_837_HF_.jpg",3,pituitary,3,pituitary,0.0092087146,0.0071073994,0.0069829347,0.9767009020
8183,"/kaggle/input/datasets/arafatrahmann/my-data221/Epic and CSCR hospital Dataset/Train/pituitary/P_838_VF_.jpg",3,pituitary,3,pituitary,0.0092243534,0.0063301446,0.0087168468,0.9757286310
8185,"/kaggle/input/datasets/arafatrahmann/my-data221/Epic and CSCR hospital Dataset/Train/pituitary/P_839_BR_.jpg",3,pituitary,3,pituitary,0.0064154700,0.0063302615,0.0098538483,0.9774004221
8194,"/kaggle/input/datasets/arafatrahmann/my-data221/Epic and CSCR hospital Dataset/Train/pituitary/P_83_RO_.jpg",3,pituitary,3,pituitary,0.0083151823,0.0058309408,0.0079465089,0.9779074788
8195,"/kaggle/input/datasets/arafatrahmann/my-data221/Epic and CSCR hospital Dataset/Train/pituitary/P_83_SP_.jpg",3,pituitary,3,pituitary,0.0083899712,0.0062419767,0.0076922677,0.9776757360
8196,"/kaggle/input/datasets/arafatrahmann/my-data221/Epic and CSCR hospital Dataset/Train/pituitary/P_83_VF_.jpg",3,pituitary,3,pituitary,0.0079153441,0.0059055886,0.0075739920,0.9786049724
8210,"/kaggle/input/datasets/arafatrahmann/my-data221/Epic and CSCR hospital Dataset/Train/pituitary/P_841_SP_.jpg",3,pituitary,3,pituitary,0.0080402270,0.0063912133,0.0076829977,0.9778856039
8212,"/kaggle/input/datasets/arafatrahmann/my-data221/Epic and CSCR hospital Dataset/Train/pituitary/P_842.jpg",3,pituitary,3,pituitary,0.0070314989,0.0065414710,0.0088276817,0.9775994420
8216,"/kaggle/input/datasets/arafatrahmann/my-data221/Epic and CSCR hospital Dataset/Train/pituitary/P_842_RO_.jpg",3,pituitary,3,pituitary,0.0067358790,0.0066965790,0.0087909363,0.9777766466
8229,"/kaggle/input/datasets/arafatrahmann/my-data221/Epic and CSCR hospital Dataset/Train/pituitary/P_844_HF_.jpg",3,pituitary,3,pituitary,0.0097217727,0.0116101401,0.0074548321,0.9712133408
8234,"/kaggle/input/datasets/arafatrahmann/my-data221/Epic and CSCR hospital Dataset/Train/pituitary/P_88_RO_.jpg",3,pituitary,3,pituitary,0.0081099244,0.0056330021,0.0074226209,0.9788344502
8235,"/kaggle/input/datasets/arafatrahmann/my-data221/Epic and CSCR hospital Dataset/Train/pituitary/P_88_SP_.jpg",3,pituitary,3,pituitary,0.0094452128,0.0062852413,0.0080198171,0.9762498140
8240,"/kaggle/input/datasets/arafatrahmann/my-data221/Epic and CSCR hospital Dataset/Train/pituitary/Te-pi_0019.jpg",3,pituitary,3,pituitary,0.0126958461,0.0091346046,0.0069693080,0.9712001681
8242,"/kaggle/input/datasets/arafatrahmann/my-data221/Epic and CSCR hospital Dataset/Train/pituitary/Te-pi_0021.jpg",3,pituitary,3,pituitary,0.0092605827,0.0067347288,0.0072344639,0.9767702222
8247,"/kaggle/input/datasets/arafatrahmann/my-data221/Epic and CSCR hospital Dataset/Train/pituitary/Te-pi_0026.jpg",3,pituitary,3,pituitary,0.0083886581,0.0065065934,0.0076825581,0.9774221182
8251,"/kaggle/input/datasets/arafatrahmann/my-data221/Epic and CSCR hospital Dataset/Train/pituitary/Te-pi_0030.jpg",3,pituitary,3,pituitary,0.0108694565,0.0148148565,0.0083570536,0.9659585953
8259,"/kaggle/input/datasets/arafatrahmann/my-data221/Epic and CSCR hospital Dataset/Train/pituitary/Te-pi_0038.jpg",3,pituitary,3,pituitary,0.0126645369,0.0069786459,0.0065766149,0.9737801552
8262,"/kaggle/input/datasets/arafatrahmann/my-data221/Epic and CSCR hospital Dataset/Train/pituitary/Te-pi_0041.jpg",3,pituitary,3,pituitary,0.0104839252,0.0061614523,0.0076624588,0.9756921530
8263,"/kaggle/input/datasets/arafatrahmann/my-data221/Epic and CSCR hospital Dataset/Train/pituitary/Te-pi_0042.jpg",3,pituitary,3,pituitary,0.0083924066,0.0065346183,0.0074794190,0.9775935411
8267,"/kaggle/input/datasets/arafatrahmann/my-data221/Epic and CSCR hospital Dataset/Train/pituitary/Te-pi_0046.jpg",3,pituitary,3,pituitary,0.0082534319,0.0061814142,0.0069671175,0.9785981178
8268,"/kaggle/input/datasets/arafatrahmann/my-data221/Epic and CSCR hospital Dataset/Train/pituitary/Te-pi_0047.jpg",3,pituitary,3,pituitary,0.0078095756,0.0060015908,0.0079826033,0.9782061577
8286,"/kaggle/input/datasets/arafatrahmann/my-data221/Epic and CSCR hospital Dataset/Train/pituitary/Te-pi_0075.jpg",3,pituitary,3,pituitary,0.0092847757,0.0057447804,0.0065788515,0.9783915281
8289,"/kaggle/input/datasets/arafatrahmann/my-data221/Epic and CSCR hospital Dataset/Train/pituitary/Te-pi_0078.jpg",3,pituitary,3,pituitary,0.0108498270,0.0092718219,0.0062342091,0.9736441374
8294,"/kaggle/input/datasets/arafatrahmann/my-data221/Epic and CSCR hospital Dataset/Train/pituitary/Te-pi_0083.jpg",3,pituitary,3,pituitary,0.0091142161,0.0060340208,0.0073977397,0.9774540067
8297,"/kaggle/input/datasets/arafatrahmann/my-data221/Epic and CSCR hospital Dataset/Train/pituitary/Te-pi_0086.jpg",3,pituitary,3,pituitary,0.0091868332,0.0064264969,0.0068056323,0.9775810242
8303,"/kaggle/input/datasets/arafatrahmann/my-data221/Epic and CSCR hospital Dataset/Train/pituitary/Te-pi_0092.jpg",3,pituitary,3,pituitary,0.0071416162,0.0058067683,0.0073860800,0.9796654582
8304,"/kaggle/input/datasets/arafatrahmann/my-data221/Epic and CSCR hospital Dataset/Train/pituitary/Te-pi_0093.jpg",3,pituitary,3,pituitary,0.0098053515,0.0070063500,0.0072443411,0.9759439230
8305,"/kaggle/input/datasets/arafatrahmann/my-data221/Epic and CSCR hospital Dataset/Train/pituitary/Te-pi_0094.jpg",3,pituitary,3,pituitary,0.0100160753,0.0079933992,0.0072334101,0.9747570753
8312,"/kaggle/input/datasets/arafatrahmann/my-data221/Epic and CSCR hospital Dataset/Train/pituitary/Te-pi_0101.jpg",3,pituitary,3,pituitary,0.0091978898,0.0059585385,0.0075374856,0.9773060679
8320,"/kaggle/input/datasets/arafatrahmann/my-data221/Epic and CSCR hospital Dataset/Train/pituitary/Te-pi_0109.jpg",3,pituitary,3,pituitary,0.0083089052,0.0067224195,0.0074182404,0.9775503874
8325,"/kaggle/input/datasets/arafatrahmann/my-data221/Epic and CSCR hospital Dataset/Train/pituitary/Te-pi_0114.jpg",3,pituitary,3,pituitary,0.0088502122,0.0064580860,0.0068764975,0.9778152704
8333,"/kaggle/input/datasets/arafatrahmann/my-data221/Epic and CSCR hospital Dataset/Train/pituitary/Te-pi_0122.jpg",3,pituitary,3,pituitary,0.0106588332,0.0062851803,0.0074357102,0.9756202698
8339,"/kaggle/input/datasets/arafatrahmann/my-data221/Epic and CSCR hospital Dataset/Train/pituitary/Te-pi_0128.jpg",3,pituitary,3,pituitary,0.0081665851,0.0087579610,0.0079068886,0.9751685858
8341,"/kaggle/input/datasets/arafatrahmann/my-data221/Epic and CSCR hospital Dataset/Train/pituitary/Te-pi_0130.jpg",3,pituitary,3,pituitary,0.0104059558,0.0064731091,0.0075014764,0.9756194949
8342,"/kaggle/input/datasets/arafatrahmann/my-data221/Epic and CSCR hospital Dataset/Train/pituitary/Te-pi_0131.jpg",3,pituitary,3,pituitary,0.0098600434,0.0072661228,0.0079312157,0.9749425650
8357,"/kaggle/input/datasets/arafatrahmann/my-data221/Epic and CSCR hospital Dataset/Train/pituitary/Te-pi_0146.jpg",3,pituitary,3,pituitary,0.0109513691,0.0064614178,0.0068815635,0.9757057428
8359,"/kaggle/input/datasets/arafatrahmann/my-data221/Epic and CSCR hospital Dataset/Train/pituitary/Te-pi_0148.jpg",3,pituitary,3,pituitary,0.0083377464,0.0063119917,0.0077699856,0.9775802493
8364,"/kaggle/input/datasets/arafatrahmann/my-data221/Epic and CSCR hospital Dataset/Train/pituitary/Te-pi_0153.jpg",3,pituitary,3,pituitary,0.0115890149,0.0097313207,0.0072438801,0.9714357257
8382,"/kaggle/input/datasets/arafatrahmann/my-data221/Epic and CSCR hospital Dataset/Train/pituitary/Te-pi_0180.jpg",3,pituitary,3,pituitary,0.0128096370,0.0061444030,0.0071227215,0.9739233255
8385,"/kaggle/input/datasets/arafatrahmann/my-data221/Epic and CSCR hospital Dataset/Train/pituitary/Te-pi_0183.jpg",3,pituitary,3,pituitary,0.0106630316,0.0066283583,0.0065657990,0.9761427641
8386,"/kaggle/input/datasets/arafatrahmann/my-data221/Epic and CSCR hospital Dataset/Train/pituitary/Te-pi_0184.jpg",3,pituitary,3,pituitary,0.0113207232,0.0064009973,0.0074379430,0.9748403430
8396,"/kaggle/input/datasets/arafatrahmann/my-data221/Epic and CSCR hospital Dataset/Train/pituitary/Te-pi_0194.jpg",3,pituitary,3,pituitary,0.0074658087,0.0064626634,0.0088348491,0.9772367477
8404,"/kaggle/input/datasets/arafatrahmann/my-data221/Epic and CSCR hospital Dataset/Train/pituitary/Te-pi_0202.jpg",3,pituitary,3,pituitary,0.0088391099,0.0072375834,0.0073669301,0.9765564203
8406,"/kaggle/input/datasets/arafatrahmann/my-data221/Epic and CSCR hospital Dataset/Train/pituitary/Te-pi_0204.jpg",3,pituitary,3,pituitary,0.0087457607,0.0062645539,0.0068061799,0.9781834483
8417,"/kaggle/input/datasets/arafatrahmann/my-data221/Epic and CSCR hospital Dataset/Train/pituitary/Tr-pi_0053.jpg",3,pituitary,3,pituitary,0.0099230874,0.0060231052,0.0078197364,0.9762341380
8422,"/kaggle/input/datasets/arafatrahmann/my-data221/Epic and CSCR hospital Dataset/Train/pituitary/Tr-pi_0058.jpg",3,pituitary,3,pituitary,0.0100838579,0.0059558982,0.0070334435,0.9769268036
8431,"/kaggle/input/datasets/arafatrahmann/my-data221/Epic and CSCR hospital Dataset/Train/pituitary/Tr-pi_0089.jpg",3,pituitary,3,pituitary,0.0099868523,0.0072314022,0.0082018152,0.9745799303
8432,"/kaggle/input/datasets/arafatrahmann/my-data221/Epic and CSCR hospital Dataset/Train/pituitary/Tr-pi_0090.jpg",3,pituitary,3,pituitary,0.0082715098,0.0063851611,0.0080754114,0.9772679210
8446,"/kaggle/input/datasets/arafatrahmann/my-data221/Epic and CSCR hospital Dataset/Train/pituitary/Tr-pi_0104.jpg",3,pituitary,3,pituitary,0.0092919255,0.0059324605,0.0071880519,0.9775875807
8451,"/kaggle/input/datasets/arafatrahmann/my-data221/Epic and CSCR hospital Dataset/Train/pituitary/Tr-pi_0109.jpg",3,pituitary,3,pituitary,0.0155251529,0.0061496487,0.0072165905,0.9711086154
8455,"/kaggle/input/datasets/arafatrahmann/my-data221/Epic and CSCR hospital Dataset/Train/pituitary/Tr-pi_0113.jpg",3,pituitary,3,pituitary,0.0084493132,0.0061938670,0.0090643894,0.9762924314
8456,"/kaggle/input/datasets/arafatrahmann/my-data221/Epic and CSCR hospital Dataset/Train/pituitary/Tr-pi_0114.jpg",3,pituitary,3,pituitary,0.0100077149,0.0057339212,0.0072991080,0.9769593477
8459,"/kaggle/input/datasets/arafatrahmann/my-data221/Epic and CSCR hospital Dataset/Train/pituitary/Tr-pi_0117.jpg",3,pituitary,3,pituitary,0.0094067883,0.0064107501,0.0075059496,0.9766764641
8460,"/kaggle/input/datasets/arafatrahmann/my-data221/Epic and CSCR hospital Dataset/Train/pituitary/Tr-pi_0118.jpg",3,pituitary,3,pituitary,0.0099149486,0.0061040511,0.0074703023,0.9765107036
8466,"/kaggle/input/datasets/arafatrahmann/my-data221/Epic and CSCR hospital Dataset/Train/pituitary/Tr-pi_0124.jpg",3,pituitary,3,pituitary,0.0078347605,0.0066600069,0.0074943686,0.9780107737
8474,"/kaggle/input/datasets/arafatrahmann/my-data221/Epic and CSCR hospital Dataset/Train/pituitary/Tr-pi_0133.jpg",3,pituitary,3,pituitary,0.0195340496,0.0119808698,0.0078792702,0.9606058002
8475,"/kaggle/input/datasets/arafatrahmann/my-data221/Epic and CSCR hospital Dataset/Train/pituitary/Tr-pi_0134.jpg",3,pituitary,3,pituitary,0.0108883167,0.0059897564,0.0077821626,0.9753397703
8480,"/kaggle/input/datasets/arafatrahmann/my-data221/Epic and CSCR hospital Dataset/Train/pituitary/Tr-pi_0139.jpg",3,pituitary,3,pituitary,0.0104639875,0.0081935208,0.0074427961,0.9738997221
8482,"/kaggle/input/datasets/arafatrahmann/my-data221/Epic and CSCR hospital Dataset/Train/pituitary/Tr-pi_0141.jpg",3,pituitary,3,pituitary,0.0098353093,0.0060805460,0.0073169419,0.9767672420
8500,"/kaggle/input/datasets/arafatrahmann/my-data221/Epic and CSCR hospital Dataset/Train/pituitary/Tr-pi_0159.jpg",3,pituitary,3,pituitary,0.0088416049,0.0068981736,0.0073578889,0.9769023657
8508,"/kaggle/input/datasets/arafatrahmann/my-data221/Epic and CSCR hospital Dataset/Train/pituitary/Tr-pi_0167.jpg",3,pituitary,3,pituitary,0.0087090498,0.0076614367,0.0073489929,0.9762805700
8514,"/kaggle/input/datasets/arafatrahmann/my-data221/Epic and CSCR hospital Dataset/Train/pituitary/Tr-pi_0173.jpg",3,pituitary,3,pituitary,0.0080128592,0.0057513686,0.0077391928,0.9784966707
8515,"/kaggle/input/datasets/arafatrahmann/my-data221/Epic and CSCR hospital Dataset/Train/pituitary/Tr-pi_0174.jpg",3,pituitary,3,pituitary,0.0085889576,0.0059345760,0.0080727329,0.9774037600
8527,"/kaggle/input/datasets/arafatrahmann/my-data221/Epic and CSCR hospital Dataset/Train/pituitary/Tr-pi_0186.jpg",3,pituitary,3,pituitary,0.0091743553,0.0070306710,0.0076284842,0.9761664271
8530,"/kaggle/input/datasets/arafatrahmann/my-data221/Epic and CSCR hospital Dataset/Train/pituitary/Tr-pi_0189.jpg",3,pituitary,3,pituitary,0.0089080660,0.0068087452,0.0074588931,0.9768241644
8532,"/kaggle/input/datasets/arafatrahmann/my-data221/Epic and CSCR hospital Dataset/Train/pituitary/Tr-pi_0191.jpg",3,pituitary,3,pituitary,0.0102229780,0.0065211640,0.0077389749,0.9755169153
8537,"/kaggle/input/datasets/arafatrahmann/my-data221/Epic and CSCR hospital Dataset/Train/pituitary/Tr-pi_0196.jpg",3,pituitary,3,pituitary,0.0122549050,0.0062882258,0.0070010396,0.9744558334
8541,"/kaggle/input/datasets/arafatrahmann/my-data221/Epic and CSCR hospital Dataset/Train/pituitary/Tr-pi_0200.jpg",3,pituitary,3,pituitary,0.0083642984,0.0067562712,0.0074359267,0.9774433970
8547,"/kaggle/input/datasets/arafatrahmann/my-data221/Epic and CSCR hospital Dataset/Train/pituitary/Tr-pi_0206.jpg",3,pituitary,3,pituitary,0.0085423384,0.0062392522,0.0074119694,0.9778063893
8550,"/kaggle/input/datasets/arafatrahmann/my-data221/Epic and CSCR hospital Dataset/Train/pituitary/Tr-pi_0209.jpg",3,pituitary,3,pituitary,0.0082100034,0.0069504716,0.0075696101,0.9772699475
8552,"/kaggle/input/datasets/arafatrahmann/my-data221/Epic and CSCR hospital Dataset/Train/pituitary/Tr-pi_0211.jpg",3,pituitary,3,pituitary,0.0118154753,0.0078557115,0.0073219449,0.9730069041
8553,"/kaggle/input/datasets/arafatrahmann/my-data221/Epic and CSCR hospital Dataset/Train/pituitary/Tr-pi_0212.jpg",3,pituitary,3,pituitary,0.0088378452,0.0067080064,0.0074104620,0.9770436287
8567,"/kaggle/input/datasets/arafatrahmann/my-data221/Epic and CSCR hospital Dataset/Train/pituitary/Tr-pi_0226.jpg",3,pituitary,3,pituitary,0.0089518223,0.0060668415,0.0073479316,0.9776334763
8575,"/kaggle/input/datasets/arafatrahmann/my-data221/Epic and CSCR hospital Dataset/Train/pituitary/Tr-pi_0234.jpg",3,pituitary,3,pituitary,0.0111698238,0.0064480244,0.0066436166,0.9757385254
8576,"/kaggle/input/datasets/arafatrahmann/my-data221/Epic and CSCR hospital Dataset/Train/pituitary/Tr-pi_0235.jpg",3,pituitary,3,pituitary,0.0084596798,0.0062564597,0.0073319487,0.9779520035
8588,"/kaggle/input/datasets/arafatrahmann/my-data221/Epic and CSCR hospital Dataset/Train/pituitary/Tr-pi_0247.jpg",3,pituitary,3,pituitary,0.0101205213,0.0059484155,0.0067188106,0.9772122502
8591,"/kaggle/input/datasets/arafatrahmann/my-data221/Epic and CSCR hospital Dataset/Train/pituitary/Tr-pi_0250.jpg",3,pituitary,3,pituitary,0.0079991054,0.0062107434,0.0078411195,0.9779490232
8609,"/kaggle/input/datasets/arafatrahmann/my-data221/Epic and CSCR hospital Dataset/Train/pituitary/Tr-pi_0268.jpg",3,pituitary,3,pituitary,0.0089089936,0.0071400343,0.0071069421,0.9768440127
8618,"/kaggle/input/datasets/arafatrahmann/my-data221/Epic and CSCR hospital Dataset/Train/pituitary/Tr-pi_0277.jpg",3,pituitary,3,pituitary,0.0087717408,0.0066239834,0.0070461989,0.9775581360
8620,"/kaggle/input/datasets/arafatrahmann/my-data221/Epic and CSCR hospital Dataset/Train/pituitary/Tr-pi_0279.jpg",3,pituitary,3,pituitary,0.0089767538,0.0061803758,0.0071533946,0.9776894450
8624,"/kaggle/input/datasets/arafatrahmann/my-data221/Epic and CSCR hospital Dataset/Train/pituitary/Tr-pi_0283.jpg",3,pituitary,3,pituitary,0.0092628794,0.0068716570,0.0070299953,0.9768354297
8628,"/kaggle/input/datasets/arafatrahmann/my-data221/Epic and CSCR hospital Dataset/Train/pituitary/Tr-pi_0287.jpg",3,pituitary,3,pituitary,0.0091501102,0.0065888553,0.0072256746,0.9770353436
8632,"/kaggle/input/datasets/arafatrahmann/my-data221/Epic and CSCR hospital Dataset/Train/pituitary/Tr-pi_0291.jpg",3,pituitary,3,pituitary,0.0103659388,0.0058994265,0.0069619967,0.9767726660
8633,"/kaggle/input/datasets/arafatrahmann/my-data221/Epic and CSCR hospital Dataset/Train/pituitary/Tr-pi_0292.jpg",3,pituitary,3,pituitary,0.0088825515,0.0064053005,0.0078441119,0.9768680334
8634,"/kaggle/input/datasets/arafatrahmann/my-data221/Epic and CSCR hospital Dataset/Train/pituitary/Tr-pi_0293.jpg",3,pituitary,3,pituitary,0.0084187854,0.0061739776,0.0076699257,0.9777373075
8652,"/kaggle/input/datasets/arafatrahmann/my-data221/Epic and CSCR hospital Dataset/Train/pituitary/Tr-pi_0311.jpg",3,pituitary,3,pituitary,0.0100970659,0.0063085007,0.0068875789,0.9767068028
8655,"/kaggle/input/datasets/arafatrahmann/my-data221/Epic and CSCR hospital Dataset/Train/pituitary/Tr-pi_0314.jpg",3,pituitary,3,pituitary,0.0089185182,0.0058190105,0.0074060159,0.9778564572
8664,"/kaggle/input/datasets/arafatrahmann/my-data221/Epic and CSCR hospital Dataset/Train/pituitary/Tr-pi_0323.jpg",3,pituitary,3,pituitary,0.0093937097,0.0058236653,0.0072710635,0.9775115252
8665,"/kaggle/input/datasets/arafatrahmann/my-data221/Epic and CSCR hospital Dataset/Train/pituitary/Tr-pi_0324.jpg",3,pituitary,3,pituitary,0.0090795169,0.0066259443,0.0070650605,0.9772294760
8668,"/kaggle/input/datasets/arafatrahmann/my-data221/Epic and CSCR hospital Dataset/Train/pituitary/Tr-pi_0327.jpg",3,pituitary,3,pituitary,0.0083663426,0.0065121553,0.0071475888,0.9779738188
8671,"/kaggle/input/datasets/arafatrahmann/my-data221/Epic and CSCR hospital Dataset/Train/pituitary/Tr-pi_0330.jpg",3,pituitary,3,pituitary,0.0090812230,0.0063145547,0.0076826648,0.9769214392
8680,"/kaggle/input/datasets/arafatrahmann/my-data221/Epic and CSCR hospital Dataset/Train/pituitary/Tr-pi_0339.jpg",3,pituitary,3,pituitary,0.0083714081,0.0062120734,0.0077900514,0.9776264429
8686,"/kaggle/input/datasets/arafatrahmann/my-data221/Epic and CSCR hospital Dataset/Train/pituitary/Tr-pi_0345.jpg",3,pituitary,3,pituitary,0.0081435889,0.0063149249,0.0075928597,0.9779485464
8688,"/kaggle/input/datasets/arafatrahmann/my-data221/Epic and CSCR hospital Dataset/Train/pituitary/Tr-pi_0347.jpg",3,pituitary,3,pituitary,0.0104492996,0.0071196496,0.0078945160,0.9745365381
8693,"/kaggle/input/datasets/arafatrahmann/my-data221/Epic and CSCR hospital Dataset/Train/pituitary/Tr-pi_0352.jpg",3,pituitary,3,pituitary,0.0096767982,0.0066635301,0.0069733113,0.9766863585
8696,"/kaggle/input/datasets/arafatrahmann/my-data221/Epic and CSCR hospital Dataset/Train/pituitary/Tr-pi_0355.jpg",3,pituitary,3,pituitary,0.0112722423,0.0067142113,0.0076325773,0.9743809700
8698,"/kaggle/input/datasets/arafatrahmann/my-data221/Epic and CSCR hospital Dataset/Train/pituitary/Tr-pi_0357.jpg",3,pituitary,3,pituitary,0.0097194510,0.0075077587,0.0078682583,0.9749045372
8707,"/kaggle/input/datasets/arafatrahmann/my-data221/Epic and CSCR hospital Dataset/Train/pituitary/Tr-pi_0366.jpg",3,pituitary,3,pituitary,0.0088595003,0.0059963567,0.0077616377,0.9773824811
8716,"/kaggle/input/datasets/arafatrahmann/my-data221/Epic and CSCR hospital Dataset/Train/pituitary/Tr-pi_0375.jpg",3,pituitary,3,pituitary,0.0077279517,0.0065208869,0.0078972764,0.9778537750
8732,"/kaggle/input/datasets/arafatrahmann/my-data221/Epic and CSCR hospital Dataset/Train/pituitary/Tr-pi_0391.jpg",3,pituitary,3,pituitary,0.0088422764,0.0066198534,0.0073031373,0.9772347212
8736,"/kaggle/input/datasets/arafatrahmann/my-data221/Epic and CSCR hospital Dataset/Train/pituitary/Tr-pi_0395.jpg",3,pituitary,3,pituitary,0.0086923447,0.0064523690,0.0071440726,0.9777113199
8737,"/kaggle/input/datasets/arafatrahmann/my-data221/Epic and CSCR hospital Dataset/Train/pituitary/Tr-pi_0396.jpg",3,pituitary,3,pituitary,0.0095301513,0.0065762335,0.0073532248,0.9765403867
8751,"/kaggle/input/datasets/arafatrahmann/my-data221/Epic and CSCR hospital Dataset/Train/pituitary/Tr-pi_0410.jpg",3,pituitary,3,pituitary,0.0086556049,0.0061297780,0.0072027012,0.9780119658
8757,"/kaggle/input/datasets/arafatrahmann/my-data221/Epic and CSCR hospital Dataset/Train/pituitary/Tr-pi_0416.jpg",3,pituitary,3,pituitary,0.0093101664,0.0064089457,0.0075583323,0.9767225385
8759,"/kaggle/input/datasets/arafatrahmann/my-data221/Epic and CSCR hospital Dataset/Train/pituitary/Tr-pi_0418.jpg",3,pituitary,3,pituitary,0.0158548225,0.0066179493,0.0065163476,0.9710108638
8763,"/kaggle/input/datasets/arafatrahmann/my-data221/Epic and CSCR hospital Dataset/Train/pituitary/Tr-pi_0422.jpg",3,pituitary,3,pituitary,0.0088022994,0.0062412461,0.0077225380,0.9772340059
8769,"/kaggle/input/datasets/arafatrahmann/my-data221/Epic and CSCR hospital Dataset/Train/pituitary/Tr-pi_0428.jpg",3,pituitary,3,pituitary,0.0094758794,0.0063155340,0.0071140616,0.9770945311
8777,"/kaggle/input/datasets/arafatrahmann/my-data221/Epic and CSCR hospital Dataset/Train/pituitary/Tr-pi_0436.jpg",3,pituitary,3,pituitary,0.0090307100,0.0057882317,0.0082986848,0.9768824577
8783,"/kaggle/input/datasets/arafatrahmann/my-data221/Epic and CSCR hospital Dataset/Train/pituitary/Tr-pi_0442.jpg",3,pituitary,3,pituitary,0.0088349115,0.0061638048,0.0077398568,0.9772614241
8789,"/kaggle/input/datasets/arafatrahmann/my-data221/Epic and CSCR hospital Dataset/Train/pituitary/Tr-pi_0448.jpg",3,pituitary,3,pituitary,0.0088012051,0.0066656447,0.0067181713,0.9778149724
8790,"/kaggle/input/datasets/arafatrahmann/my-data221/Epic and CSCR hospital Dataset/Train/pituitary/Tr-pi_0449.jpg",3,pituitary,3,pituitary,0.0084051387,0.0067424001,0.0070121540,0.9778403044
8795,"/kaggle/input/datasets/arafatrahmann/my-data221/Epic and CSCR hospital Dataset/Train/pituitary/Tr-pi_0454.jpg",3,pituitary,3,pituitary,0.0091708489,0.0060727675,0.0071526719,0.9776037335
8798,"/kaggle/input/datasets/arafatrahmann/my-data221/Epic and CSCR hospital Dataset/Train/pituitary/Tr-pi_0457.jpg",3,pituitary,3,pituitary,0.0089203082,0.0059410781,0.0073367283,0.9778017998
8799,"/kaggle/input/datasets/arafatrahmann/my-data221/Epic and CSCR hospital Dataset/Train/pituitary/Tr-pi_0458.jpg",3,pituitary,3,pituitary,0.0092576053,0.0062257722,0.0074034780,0.9771131277
8800,"/kaggle/input/datasets/arafatrahmann/my-data221/Epic and CSCR hospital Dataset/Train/pituitary/Tr-pi_0459.jpg",3,pituitary,3,pituitary,0.0092608761,0.0059956321,0.0075684846,0.9771750569
8804,"/kaggle/input/datasets/arafatrahmann/my-data221/Epic and CSCR hospital Dataset/Train/pituitary/Tr-pi_0463.jpg",3,pituitary,3,pituitary,0.0079479571,0.0060942462,0.0072993124,0.9786585569
8805,"/kaggle/input/datasets/arafatrahmann/my-data221/Epic and CSCR hospital Dataset/Train/pituitary/Tr-pi_0464.jpg",3,pituitary,3,pituitary,0.0089677330,0.0062864064,0.0079072323,0.9768387079
8808,"/kaggle/input/datasets/arafatrahmann/my-data221/Epic and CSCR hospital Dataset/Train/pituitary/Tr-pi_0467.jpg",3,pituitary,3,pituitary,0.0087345634,0.0063114129,0.0070111081,0.9779429436
8811,"/kaggle/input/datasets/arafatrahmann/my-data221/Epic and CSCR hospital Dataset/Train/pituitary/Tr-pi_0470.jpg",3,pituitary,3,pituitary,0.0090444367,0.0061569912,0.0070338012,0.9777647257
8812,"/kaggle/input/datasets/arafatrahmann/my-data221/Epic and CSCR hospital Dataset/Train/pituitary/Tr-pi_0471.jpg",3,pituitary,3,pituitary,0.0092223110,0.0060420195,0.0072579728,0.9774776697
8822,"/kaggle/input/datasets/arafatrahmann/my-data221/Epic and CSCR hospital Dataset/Train/pituitary/Tr-pi_0481.jpg",3,pituitary,3,pituitary,0.0087559503,0.0070369788,0.0070346571,0.9771724939
8824,"/kaggle/input/datasets/arafatrahmann/my-data221/Epic and CSCR hospital Dataset/Train/pituitary/Tr-pi_0483.jpg",3,pituitary,3,pituitary,0.0093853390,0.0066388296,0.0073993378,0.9765765071
8832,"/kaggle/input/datasets/arafatrahmann/my-data221/Epic and CSCR hospital Dataset/Train/pituitary/Tr-pi_0491.jpg",3,pituitary,3,pituitary,0.0094056297,0.0064129629,0.0075501776,0.9766312838
8839,"/kaggle/input/datasets/arafatrahmann/my-data221/Epic and CSCR hospital Dataset/Train/pituitary/Tr-pi_0498.jpg",3,pituitary,3,pituitary,0.0102378372,0.0075595207,0.0072991597,0.9749034643
8840,"/kaggle/input/datasets/arafatrahmann/my-data221/Epic and CSCR hospital Dataset/Train/pituitary/Tr-pi_0499.jpg",3,pituitary,3,pituitary,0.0101238247,0.0075300164,0.0070785671,0.9752675891
8841,"/kaggle/input/datasets/arafatrahmann/my-data221/Epic and CSCR hospital Dataset/Train/pituitary/Tr-pi_0500.jpg",3,pituitary,3,pituitary,0.0095507149,0.0059622489,0.0075774910,0.9769095182
8845,"/kaggle/input/datasets/arafatrahmann/my-data221/Epic and CSCR hospital Dataset/Train/pituitary/Tr-pi_0504.jpg",3,pituitary,3,pituitary,0.0100300554,0.0083425445,0.0069174147,0.9747098684
8848,"/kaggle/input/datasets/arafatrahmann/my-data221/Epic and CSCR hospital Dataset/Train/pituitary/Tr-pi_0507.jpg",3,pituitary,3,pituitary,0.0116546815,0.0072640455,0.0064938269,0.9745873213
8850,"/kaggle/input/datasets/arafatrahmann/my-data221/Epic and CSCR hospital Dataset/Train/pituitary/Tr-pi_0509.jpg",3,pituitary,3,pituitary,0.0118134366,0.0086302701,0.0077340030,0.9718222618
8852,"/kaggle/input/datasets/arafatrahmann/my-data221/Epic and CSCR hospital Dataset/Train/pituitary/Tr-pi_0511.jpg",3,pituitary,3,pituitary,0.0084417779,0.0062932521,0.0071577593,0.9781072736
8853,"/kaggle/input/datasets/arafatrahmann/my-data221/Epic and CSCR hospital Dataset/Train/pituitary/Tr-pi_0512.jpg",3,pituitary,3,pituitary,0.0101428591,0.0064733662,0.0070678391,0.9763159752
8858,"/kaggle/input/datasets/arafatrahmann/my-data221/Epic and CSCR hospital Dataset/Train/pituitary/Tr-pi_0517.jpg",3,pituitary,3,pituitary,0.0088515580,0.0065612504,0.0074390746,0.9771481752
8859,"/kaggle/input/datasets/arafatrahmann/my-data221/Epic and CSCR hospital Dataset/Train/pituitary/Tr-pi_0518.jpg",3,pituitary,3,pituitary,0.0088535212,0.0066260621,0.0074927621,0.9770277143
8861,"/kaggle/input/datasets/arafatrahmann/my-data221/Epic and CSCR hospital Dataset/Train/pituitary/Tr-pi_0520.jpg",3,pituitary,3,pituitary,0.0096932184,0.0123763271,0.0067822346,0.9711481929
8866,"/kaggle/input/datasets/arafatrahmann/my-data221/Epic and CSCR hospital Dataset/Train/pituitary/Tr-pi_0525.jpg",3,pituitary,3,pituitary,0.0104815466,0.0069588250,0.0068559693,0.9757037163
8876,"/kaggle/input/datasets/arafatrahmann/my-data221/Epic and CSCR hospital Dataset/Train/pituitary/Tr-pi_0535.jpg",3,pituitary,3,pituitary,0.0079038115,0.0063164853,0.0079070199,0.9778726697
8877,"/kaggle/input/datasets/arafatrahmann/my-data221/Epic and CSCR hospital Dataset/Train/pituitary/Tr-pi_0536.jpg",3,pituitary,3,pituitary,0.0090928692,0.0063878768,0.0065992489,0.9779199362
8880,"/kaggle/input/datasets/arafatrahmann/my-data221/Epic and CSCR hospital Dataset/Train/pituitary/Tr-pi_0539.jpg",3,pituitary,3,pituitary,0.0089056613,0.0062310174,0.0073591443,0.9775040746
8894,"/kaggle/input/datasets/arafatrahmann/my-data221/Epic and CSCR hospital Dataset/Train/pituitary/Tr-pi_0553.jpg",3,pituitary,3,pituitary,0.0079730647,0.0081958696,0.0078446474,0.9759863615
8910,"/kaggle/input/datasets/arafatrahmann/my-data221/Epic and CSCR hospital Dataset/Train/pituitary/Tr-pi_0569.jpg",3,pituitary,3,pituitary,0.0096887425,0.0066971481,0.0071134358,0.9765006900
8923,"/kaggle/input/datasets/arafatrahmann/my-data221/Epic and CSCR hospital Dataset/Train/pituitary/Tr-pi_0582.jpg",3,pituitary,3,pituitary,0.0092018489,0.0067791408,0.0076722018,0.9763467908
8924,"/kaggle/input/datasets/arafatrahmann/my-data221/Epic and CSCR hospital Dataset/Train/pituitary/Tr-pi_0583.jpg",3,pituitary,3,pituitary,0.0090116803,0.0064326734,0.0072871624,0.9772685170
8928,"/kaggle/input/datasets/arafatrahmann/my-data221/Epic and CSCR hospital Dataset/Train/pituitary/Tr-pi_0587.jpg",3,pituitary,3,pituitary,0.0118084569,0.0069655227,0.0067207282,0.9745053053
8936,"/kaggle/input/datasets/arafatrahmann/my-data221/Epic and CSCR hospital Dataset/Train/pituitary/Tr-pi_0595.jpg",3,pituitary,3,pituitary,0.0096904840,0.0065858886,0.0073443963,0.9763792157
8940,"/kaggle/input/datasets/arafatrahmann/my-data221/Epic and CSCR hospital Dataset/Train/pituitary/Tr-pi_0599.jpg",3,pituitary,3,pituitary,0.0100901108,0.0070521408,0.0077594416,0.9750983119
8942,"/kaggle/input/datasets/arafatrahmann/my-data221/Epic and CSCR hospital Dataset/Train/pituitary/Tr-pi_0601.jpg",3,pituitary,3,pituitary,0.0082809962,0.0060724677,0.0077438108,0.9779027104
8948,"/kaggle/input/datasets/arafatrahmann/my-data221/Epic and CSCR hospital Dataset/Train/pituitary/Tr-pi_0607.jpg",3,pituitary,3,pituitary,0.0104129510,0.0068075941,0.0068927766,0.9758866429
8949,"/kaggle/input/datasets/arafatrahmann/my-data221/Epic and CSCR hospital Dataset/Train/pituitary/Tr-pi_0608.jpg",3,pituitary,3,pituitary,0.0099578016,0.0067168772,0.0070265904,0.9762986898
8951,"/kaggle/input/datasets/arafatrahmann/my-data221/Epic and CSCR hospital Dataset/Train/pituitary/Tr-pi_0610.jpg",3,pituitary,3,pituitary,0.0109841321,0.0070760674,0.0066481470,0.9752917290
8955,"/kaggle/input/datasets/arafatrahmann/my-data221/Epic and CSCR hospital Dataset/Train/pituitary/Tr-pi_0614.jpg",3,pituitary,3,pituitary,0.0090951007,0.0063966489,0.0072184228,0.9772898555
8959,"/kaggle/input/datasets/arafatrahmann/my-data221/Epic and CSCR hospital Dataset/Train/pituitary/Tr-pi_0618.jpg",3,pituitary,3,pituitary,0.0123523204,0.0074508926,0.0072063329,0.9729905128
8962,"/kaggle/input/datasets/arafatrahmann/my-data221/Epic and CSCR hospital Dataset/Train/pituitary/Tr-pi_0621.jpg",3,pituitary,3,pituitary,0.0110886786,0.0065334477,0.0072616516,0.9751162529
8971,"/kaggle/input/datasets/arafatrahmann/my-data221/Epic and CSCR hospital Dataset/Train/pituitary/Tr-pi_0630.jpg",3,pituitary,3,pituitary,0.0094942329,0.0079459166,0.0070118359,0.9755480886
8977,"/kaggle/input/datasets/arafatrahmann/my-data221/Epic and CSCR hospital Dataset/Train/pituitary/Tr-pi_0636.jpg",3,pituitary,3,pituitary,0.0093429191,0.0084272251,0.0073690414,0.9748607874
8978,"/kaggle/input/datasets/arafatrahmann/my-data221/Epic and CSCR hospital Dataset/Train/pituitary/Tr-pi_0637.jpg",3,pituitary,3,pituitary,0.0089937048,0.0077971914,0.0072568478,0.9759522676
8987,"/kaggle/input/datasets/arafatrahmann/my-data221/Epic and CSCR hospital Dataset/Train/pituitary/Tr-pi_0646.jpg",3,pituitary,3,pituitary,0.0110626882,0.0066356622,0.0073908544,0.9749107361
8997,"/kaggle/input/datasets/arafatrahmann/my-data221/Epic and CSCR hospital Dataset/Train/pituitary/Tr-pi_0656.jpg",3,pituitary,3,pituitary,0.0085920114,0.0067691342,0.0078971619,0.9767416716
9002,"/kaggle/input/datasets/arafatrahmann/my-data221/Epic and CSCR hospital Dataset/Train/pituitary/Tr-pi_0661.jpg",3,pituitary,3,pituitary,0.0106925005,0.0088841831,0.0072331736,0.9731901288
9003,"/kaggle/input/datasets/arafatrahmann/my-data221/Epic and CSCR hospital Dataset/Train/pituitary/Tr-pi_0662.jpg",3,pituitary,3,pituitary,0.0102252755,0.0073614866,0.0065320148,0.9758812189
9006,"/kaggle/input/datasets/arafatrahmann/my-data221/Epic and CSCR hospital Dataset/Train/pituitary/Tr-pi_0665.jpg",3,pituitary,3,pituitary,0.0096047325,0.0076126233,0.0074921721,0.9752904773
9014,"/kaggle/input/datasets/arafatrahmann/my-data221/Epic and CSCR hospital Dataset/Train/pituitary/Tr-pi_0673.jpg",3,pituitary,3,pituitary,0.0075780479,0.0059992066,0.0079092365,0.9785135388
9017,"/kaggle/input/datasets/arafatrahmann/my-data221/Epic and CSCR hospital Dataset/Train/pituitary/Tr-pi_0676.jpg",3,pituitary,3,pituitary,0.0088945953,0.0071120574,0.0069428547,0.9770504832
9020,"/kaggle/input/datasets/arafatrahmann/my-data221/Epic and CSCR hospital Dataset/Train/pituitary/Tr-pi_0679.jpg",3,pituitary,3,pituitary,0.0089110835,0.0058450410,0.0068839029,0.9783598781
9025,"/kaggle/input/datasets/arafatrahmann/my-data221/Epic and CSCR hospital Dataset/Train/pituitary/Tr-pi_0684.jpg",3,pituitary,3,pituitary,0.0093464134,0.0062204925,0.0070256032,0.9774074554
9030,"/kaggle/input/datasets/arafatrahmann/my-data221/Epic and CSCR hospital Dataset/Train/pituitary/Tr-pi_0689.jpg",3,pituitary,3,pituitary,0.0086808000,0.0063111149,0.0067002005,0.9783079028
9036,"/kaggle/input/datasets/arafatrahmann/my-data221/Epic and CSCR hospital Dataset/Train/pituitary/Tr-pi_0695.jpg",3,pituitary,3,pituitary,0.0099204192,0.0060801925,0.0067924620,0.9772068858
9040,"/kaggle/input/datasets/arafatrahmann/my-data221/Epic and CSCR hospital Dataset/Train/pituitary/Tr-pi_0699.jpg",3,pituitary,3,pituitary,0.0089549534,0.0063075079,0.0072379187,0.9774996042
9041,"/kaggle/input/datasets/arafatrahmann/my-data221/Epic and CSCR hospital Dataset/Train/pituitary/Tr-pi_0700.jpg",3,pituitary,3,pituitary,0.0083416663,0.0067530535,0.0072271721,0.9776781201
9045,"/kaggle/input/datasets/arafatrahmann/my-data221/Epic and CSCR hospital Dataset/Train/pituitary/Tr-pi_0704.jpg",3,pituitary,3,pituitary,0.0082787331,0.0057905586,0.0070093102,0.9789214134
9049,"/kaggle/input/datasets/arafatrahmann/my-data221/Epic and CSCR hospital Dataset/Train/pituitary/Tr-pi_0708.jpg",3,pituitary,3,pituitary,0.0082715768,0.0068177716,0.0074145338,0.9774961472
9050,"/kaggle/input/datasets/arafatrahmann/my-data221/Epic and CSCR hospital Dataset/Train/pituitary/Tr-pi_0709.jpg",3,pituitary,3,pituitary,0.0095440280,0.0069209053,0.0071045430,0.9764305353
9054,"/kaggle/input/datasets/arafatrahmann/my-data221/Epic and CSCR hospital Dataset/Train/pituitary/Tr-pi_0713.jpg",3,pituitary,3,pituitary,0.0086195059,0.0070658801,0.0074029183,0.9769116640
9057,"/kaggle/input/datasets/arafatrahmann/my-data221/Epic and CSCR hospital Dataset/Train/pituitary/Tr-pi_0716.jpg",3,pituitary,3,pituitary,0.0100184977,0.0071004890,0.0073596402,0.9755213857
9059,"/kaggle/input/datasets/arafatrahmann/my-data221/Epic and CSCR hospital Dataset/Train/pituitary/Tr-pi_0718.jpg",3,pituitary,3,pituitary,0.0081201093,0.0065426030,0.0073907659,0.9779464602
9061,"/kaggle/input/datasets/arafatrahmann/my-data221/Epic and CSCR hospital Dataset/Train/pituitary/Tr-pi_0720.jpg",3,pituitary,3,pituitary,0.0082161296,0.0063463571,0.0072189942,0.9782184362
9062,"/kaggle/input/datasets/arafatrahmann/my-data221/Epic and CSCR hospital Dataset/Train/pituitary/Tr-pi_0721.jpg",3,pituitary,3,pituitary,0.0093740225,0.0070765852,0.0076847142,0.9758645892
9068,"/kaggle/input/datasets/arafatrahmann/my-data221/Epic and CSCR hospital Dataset/Train/pituitary/Tr-pi_0727.jpg",3,pituitary,3,pituitary,0.0092470320,0.0096795475,0.0078089335,0.9732645154
9069,"/kaggle/input/datasets/arafatrahmann/my-data221/Epic and CSCR hospital Dataset/Train/pituitary/Tr-pi_0728.jpg",3,pituitary,3,pituitary,0.0082670683,0.0098848240,0.0076042884,0.9742438197
9071,"/kaggle/input/datasets/arafatrahmann/my-data221/Epic and CSCR hospital Dataset/Train/pituitary/Tr-pi_0730.jpg",3,pituitary,3,pituitary,0.0087187942,0.0065256110,0.0079317428,0.9768238068
9076,"/kaggle/input/datasets/arafatrahmann/my-data221/Epic and CSCR hospital Dataset/Train/pituitary/Tr-pi_0735.jpg",3,pituitary,3,pituitary,0.0097632641,0.0073616579,0.0070532286,0.9758218527
9081,"/kaggle/input/datasets/arafatrahmann/my-data221/Epic and CSCR hospital Dataset/Train/pituitary/Tr-pi_0740.jpg",3,pituitary,3,pituitary,0.0086498111,0.0082202256,0.0075626285,0.9755674601
9085,"/kaggle/input/datasets/arafatrahmann/my-data221/Epic and CSCR hospital Dataset/Train/pituitary/Tr-pi_0744.jpg",3,pituitary,3,pituitary,0.0088375192,0.0062023578,0.0069194147,0.9780406952
9090,"/kaggle/input/datasets/arafatrahmann/my-data221/Epic and CSCR hospital Dataset/Train/pituitary/Tr-pi_0749.jpg",3,pituitary,3,pituitary,0.0094853789,0.0064136698,0.0066835606,0.9774173498
9092,"/kaggle/input/datasets/arafatrahmann/my-data221/Epic and CSCR hospital Dataset/Train/pituitary/Tr-pi_0751.jpg",3,pituitary,3,pituitary,0.0083670039,0.0066211373,0.0069699287,0.9780419469
9108,"/kaggle/input/datasets/arafatrahmann/my-data221/Epic and CSCR hospital Dataset/Train/pituitary/Tr-pi_0767.jpg",3,pituitary,3,pituitary,0.0087098312,0.0065340973,0.0076017817,0.9771543741
9115,"/kaggle/input/datasets/arafatrahmann/my-data221/Epic and CSCR hospital Dataset/Train/pituitary/Tr-pi_0774.jpg",3,pituitary,3,pituitary,0.0089720841,0.0063786940,0.0069395117,0.9777097702
9131,"/kaggle/input/datasets/arafatrahmann/my-data221/Epic and CSCR hospital Dataset/Train/pituitary/Tr-pi_0790.jpg",3,pituitary,3,pituitary,0.0091430973,0.0063032149,0.0068834410,0.9776701927
9137,"/kaggle/input/datasets/arafatrahmann/my-data221/Epic and CSCR hospital Dataset/Train/pituitary/Tr-pi_0796.jpg",3,pituitary,3,pituitary,0.0090317605,0.0064530233,0.0070621595,0.9774531126
9138,"/kaggle/input/datasets/arafatrahmann/my-data221/Epic and CSCR hospital Dataset/Train/pituitary/Tr-pi_0797.jpg",3,pituitary,3,pituitary,0.0089081293,0.0063698306,0.0072084395,0.9775136113
9147,"/kaggle/input/datasets/arafatrahmann/my-data221/Epic and CSCR hospital Dataset/Train/pituitary/Tr-pi_0848.jpg",3,pituitary,3,pituitary,0.0079988614,0.0067501711,0.0077898144,0.9774611592
9150,"/kaggle/input/datasets/arafatrahmann/my-data221/Epic and CSCR hospital Dataset/Train/pituitary/Tr-pi_0944.jpg",3,pituitary,3,pituitary,0.0113404961,0.0065083853,0.0072841221,0.9748670459
9154,"/kaggle/input/datasets/arafatrahmann/my-data221/Epic and CSCR hospital Dataset/Train/pituitary/Tr-pi_0948.jpg",3,pituitary,3,pituitary,0.0156491436,0.0104388697,0.0071435869,0.9667683840
9155,"/kaggle/input/datasets/arafatrahmann/my-data221/Epic and CSCR hospital Dataset/Train/pituitary/Tr-pi_0949.jpg",3,pituitary,3,pituitary,0.0107821058,0.0067364695,0.0072791344,0.9752022624
9158,"/kaggle/input/datasets/arafatrahmann/my-data221/Epic and CSCR hospital Dataset/Train/pituitary/Tr-pi_0952.jpg",3,pituitary,3,pituitary,0.0081413230,0.0067651137,0.0085927863,0.9765006900
9163,"/kaggle/input/datasets/arafatrahmann/my-data221/Epic and CSCR hospital Dataset/Train/pituitary/Tr-pi_0957.jpg",3,pituitary,3,pituitary,0.0101497937,0.0075793541,0.0069248043,0.9753459692
9165,"/kaggle/input/datasets/arafatrahmann/my-data221/Epic and CSCR hospital Dataset/Train/pituitary/Tr-pi_0989.jpg",3,pituitary,3,pituitary,0.0091742445,0.0078611979,0.0073321299,0.9756323695
9172,"/kaggle/input/datasets/arafatrahmann/my-data221/Epic and CSCR hospital Dataset/Train/pituitary/Tr-pi_0996.jpg",3,pituitary,3,pituitary,0.0083709536,0.0067331418,0.0073296488,0.9775662422
9175,"/kaggle/input/datasets/arafatrahmann/my-data221/Epic and CSCR hospital Dataset/Train/pituitary/Tr-pi_0999.jpg",3,pituitary,3,pituitary,0.0107470602,0.0070174984,0.0078030964,0.9744323492
9179,"/kaggle/input/datasets/arafatrahmann/my-data221/Epic and CSCR hospital Dataset/Train/pituitary/Tr-pi_1003.jpg",3,pituitary,3,pituitary,0.0080895601,0.0066976524,0.0075966408,0.9776161909
9192,"/kaggle/input/datasets/arafatrahmann/my-data221/Epic and CSCR hospital Dataset/Train/pituitary/Tr-pi_1016.jpg",3,pituitary,3,pituitary,0.0148882987,0.0073676808,0.0069832355,0.9707608223
9194,"/kaggle/input/datasets/arafatrahmann/my-data221/Epic and CSCR hospital Dataset/Train/pituitary/Tr-pi_1018.jpg",3,pituitary,3,pituitary,0.0097276941,0.0063917115,0.0068034367,0.9770771265
9195,"/kaggle/input/datasets/arafatrahmann/my-data221/Epic and CSCR hospital Dataset/Train/pituitary/Tr-pi_1019.jpg",3,pituitary,3,pituitary,0.0092842607,0.0065484820,0.0071793301,0.9769878387
9196,"/kaggle/input/datasets/arafatrahmann/my-data221/Epic and CSCR hospital Dataset/Train/pituitary/Tr-pi_1020.jpg",3,pituitary,3,pituitary,0.0125802997,0.0092926621,0.0070534712,0.9710735083
9198,"/kaggle/input/datasets/arafatrahmann/my-data221/Epic and CSCR hospital Dataset/Train/pituitary/Tr-pi_1022.jpg",3,pituitary,3,pituitary,0.0152479168,0.0071854987,0.0072666183,0.9702998996
9206,"/kaggle/input/datasets/arafatrahmann/my-data221/Epic and CSCR hospital Dataset/Train/pituitary/Tr-pi_1030.jpg",3,pituitary,3,pituitary,0.1801301390,0.0071828552,0.0064811362,0.8062058687
9209,"/kaggle/input/datasets/arafatrahmann/my-data221/Epic and CSCR hospital Dataset/Train/pituitary/Tr-pi_1033.jpg",3,pituitary,3,pituitary,0.0083022956,0.0066863736,0.0071725557,0.9778388143
9210,"/kaggle/input/datasets/arafatrahmann/my-data221/Epic and CSCR hospital Dataset/Train/pituitary/Tr-pi_1034.jpg",3,pituitary,3,pituitary,0.0086941393,0.0065303133,0.0069828355,0.9777927399
9214,"/kaggle/input/datasets/arafatrahmann/my-data221/Epic and CSCR hospital Dataset/Train/pituitary/Tr-pi_1039.jpg",3,pituitary,3,pituitary,0.0117005352,0.0069211433,0.0068067424,0.9745715857
9215,"/kaggle/input/datasets/arafatrahmann/my-data221/Epic and CSCR hospital Dataset/Train/pituitary/Tr-pi_1040.jpg",3,pituitary,3,pituitary,0.0107039828,0.0066201701,0.0069233691,0.9757524729
9220,"/kaggle/input/datasets/arafatrahmann/my-data221/Epic and CSCR hospital Dataset/Train/pituitary/Tr-pi_1046.jpg",3,pituitary,3,pituitary,0.0101859970,0.0071579134,0.0073596435,0.9752963781
9226,"/kaggle/input/datasets/arafatrahmann/my-data221/Epic and CSCR hospital Dataset/Train/pituitary/Tr-pi_1053.jpg",3,pituitary,3,pituitary,0.0084397253,0.0065561845,0.0076990947,0.9773049355
9228,"/kaggle/input/datasets/arafatrahmann/my-data221/Epic and CSCR hospital Dataset/Train/pituitary/Tr-pi_1055.jpg",3,pituitary,3,pituitary,0.0081301508,0.0063990010,0.0072310502,0.9782398343
9239,"/kaggle/input/datasets/arafatrahmann/my-data221/Epic and CSCR hospital Dataset/Train/pituitary/Tr-pi_1066.jpg",3,pituitary,3,pituitary,0.0110959914,0.0064654397,0.0064897896,0.9759486914
9240,"/kaggle/input/datasets/arafatrahmann/my-data221/Epic and CSCR hospital Dataset/Train/pituitary/Tr-pi_1067.jpg",3,pituitary,3,pituitary,0.0106737241,0.0139312353,0.0073561268,0.9680389166
9244,"/kaggle/input/datasets/arafatrahmann/my-data221/Epic and CSCR hospital Dataset/Train/pituitary/Tr-pi_1071.jpg",3,pituitary,3,pituitary,0.0106985858,0.0067919055,0.0067036031,0.9758059382
9253,"/kaggle/input/datasets/arafatrahmann/my-data221/Epic and CSCR hospital Dataset/Train/pituitary/Tr-pi_1080.jpg",3,pituitary,3,pituitary,0.0106506366,0.0101489257,0.0081976224,0.9710028768
9259,"/kaggle/input/datasets/arafatrahmann/my-data221/Epic and CSCR hospital Dataset/Train/pituitary/Tr-pi_1086.jpg",3,pituitary,3,pituitary,0.0122130830,0.0062816441,0.0079662008,0.9735390544
9262,"/kaggle/input/datasets/arafatrahmann/my-data221/Epic and CSCR hospital Dataset/Train/pituitary/Tr-pi_1089.jpg",3,pituitary,3,pituitary,0.0112360856,0.0065649757,0.0072159856,0.9749830365
9271,"/kaggle/input/datasets/arafatrahmann/my-data221/Epic and CSCR hospital Dataset/Train/pituitary/Tr-pi_1099.jpg",3,pituitary,3,pituitary,0.0088605043,0.0071846866,0.0073822262,0.9765725136
9275,"/kaggle/input/datasets/arafatrahmann/my-data221/Epic and CSCR hospital Dataset/Train/pituitary/Tr-pi_1104.jpg",3,pituitary,3,pituitary,0.0104339775,0.0062077064,0.0069957436,0.9763625860
9277,"/kaggle/input/datasets/arafatrahmann/my-data221/Epic and CSCR hospital Dataset/Train/pituitary/Tr-pi_1106.jpg",3,pituitary,3,pituitary,0.0118624158,0.0068631694,0.0076769330,0.9735973477
9278,"/kaggle/input/datasets/arafatrahmann/my-data221/Epic and CSCR hospital Dataset/Train/pituitary/Tr-pi_1107.jpg",3,pituitary,3,pituitary,0.0098948395,0.0063548135,0.0068864613,0.9768638611
9280,"/kaggle/input/datasets/arafatrahmann/my-data221/Epic and CSCR hospital Dataset/Train/pituitary/Tr-pi_1110.jpg",3,pituitary,3,pituitary,0.0106957676,0.0074288719,0.0073832395,0.9744921923
9281,"/kaggle/input/datasets/arafatrahmann/my-data221/Epic and CSCR hospital Dataset/Train/pituitary/Tr-pi_1111.jpg",3,pituitary,3,pituitary,0.0272275060,0.0086214552,0.0071711177,0.9569798708
9284,"/kaggle/input/datasets/arafatrahmann/my-data221/Epic and CSCR hospital Dataset/Train/pituitary/Tr-pi_1115.jpg",3,pituitary,0,glioma,0.9815613627,0.0039154524,0.0061873891,0.0083357934
9289,"/kaggle/input/datasets/arafatrahmann/my-data221/Epic and CSCR hospital Dataset/Train/pituitary/Tr-pi_1121.jpg",3,pituitary,3,pituitary,0.0155993998,0.0243526958,0.0077121132,0.9523358345
9306,"/kaggle/input/datasets/arafatrahmann/my-data221/Epic and CSCR hospital Dataset/Train/pituitary/Tr-pi_1139.jpg",3,pituitary,3,pituitary,0.0082794111,0.0056585190,0.0080098780,0.9780521393
9308,"/kaggle/input/datasets/arafatrahmann/my-data221/Epic and CSCR hospital Dataset/Train/pituitary/Tr-pi_1141.jpg",3,pituitary,3,pituitary,0.0093553364,0.0072406689,0.0072430610,0.9761610031
9309,"/kaggle/input/datasets/arafatrahmann/my-data221/Epic and CSCR hospital Dataset/Train/pituitary/Tr-pi_1142.jpg",3,pituitary,3,pituitary,0.0088052424,0.0070283054,0.0074107712,0.9767556190
9313,"/kaggle/input/datasets/arafatrahmann/my-data221/Epic and CSCR hospital Dataset/Train/pituitary/Tr-pi_1146.jpg",3,pituitary,3,pituitary,0.0073753623,0.0063360655,0.0072510391,0.9790374637
9315,"/kaggle/input/datasets/arafatrahmann/my-data221/Epic and CSCR hospital Dataset/Train/pituitary/Tr-pi_1148.jpg",3,pituitary,3,pituitary,0.0086801667,0.0058050165,0.0081327679,0.9773820043
9320,"/kaggle/input/datasets/arafatrahmann/my-data221/Epic and CSCR hospital Dataset/Train/pituitary/Tr-pi_1153.jpg",3,pituitary,3,pituitary,0.0081442641,0.0061556669,0.0076330476,0.9780670404
9323,"/kaggle/input/datasets/arafatrahmann/my-data221/Epic and CSCR hospital Dataset/Train/pituitary/Tr-pi_1156.jpg",3,pituitary,3,pituitary,0.0096545713,0.0057793823,0.0069084540,0.9776576161
9324,"/kaggle/input/datasets/arafatrahmann/my-data221/Epic and CSCR hospital Dataset/Train/pituitary/Tr-pi_1157.jpg",3,pituitary,3,pituitary,0.0087854695,0.0064127184,0.0072010234,0.9776008725
9327,"/kaggle/input/datasets/arafatrahmann/my-data221/Epic and CSCR hospital Dataset/Train/pituitary/Tr-pi_1160.jpg",3,pituitary,3,pituitary,0.0094676223,0.0073221968,0.0071950480,0.9760152102
9338,"/kaggle/input/datasets/arafatrahmann/my-data221/Epic and CSCR hospital Dataset/Train/pituitary/Tr-pi_1171.jpg",3,pituitary,3,pituitary,0.0079747364,0.0068846056,0.0068149241,0.9783258438
9341,"/kaggle/input/datasets/arafatrahmann/my-data221/Epic and CSCR hospital Dataset/Train/pituitary/Tr-pi_1174.jpg",3,pituitary,3,pituitary,0.0085040461,0.0062513859,0.0070983223,0.9781462550
9352,"/kaggle/input/datasets/arafatrahmann/my-data221/Epic and CSCR hospital Dataset/Train/pituitary/Tr-pi_1185.jpg",3,pituitary,3,pituitary,0.0092248973,0.0063729780,0.0070288777,0.9773733020
9353,"/kaggle/input/datasets/arafatrahmann/my-data221/Epic and CSCR hospital Dataset/Train/pituitary/Tr-pi_1186.jpg",3,pituitary,3,pituitary,0.0091920095,0.0063248090,0.0071490752,0.9773341417
9359,"/kaggle/input/datasets/arafatrahmann/my-data221/Epic and CSCR hospital Dataset/Train/pituitary/Tr-pi_1192.jpg",3,pituitary,3,pituitary,0.0088175405,0.0065587708,0.0069033550,0.9777203798
9366,"/kaggle/input/datasets/arafatrahmann/my-data221/Epic and CSCR hospital Dataset/Train/pituitary/Tr-pi_1199.jpg",3,pituitary,3,pituitary,0.0090698879,0.0064294674,0.0072309361,0.9772696495
9380,"/kaggle/input/datasets/arafatrahmann/my-data221/Epic and CSCR hospital Dataset/Train/pituitary/Tr-pi_1213.jpg",3,pituitary,3,pituitary,0.0093447622,0.0061949287,0.0069169095,0.9775434732
9395,"/kaggle/input/datasets/arafatrahmann/my-data221/Epic and CSCR hospital Dataset/Train/pituitary/Tr-pi_1228.jpg",3,pituitary,3,pituitary,0.0086699482,0.0058987513,0.0073364093,0.9780948758
9401,"/kaggle/input/datasets/arafatrahmann/my-data221/Epic and CSCR hospital Dataset/Train/pituitary/Tr-pi_1234.jpg",3,pituitary,3,pituitary,0.0090589290,0.0070593236,0.0066023944,0.9772793651
9402,"/kaggle/input/datasets/arafatrahmann/my-data221/Epic and CSCR hospital Dataset/Train/pituitary/Tr-pi_1235.jpg",3,pituitary,3,pituitary,0.0091101779,0.0066035823,0.0069812210,0.9773050547
9425,"/kaggle/input/datasets/arafatrahmann/my-data221/Epic and CSCR hospital Dataset/Train/pituitary/Tr-pi_1264.jpg",3,pituitary,3,pituitary,0.0089231040,0.0088497270,0.0073276386,0.9748994708
9426,"/kaggle/input/datasets/arafatrahmann/my-data221/Epic and CSCR hospital Dataset/Train/pituitary/Tr-pi_1265.jpg",3,pituitary,3,pituitary,0.0089330543,0.0081030102,0.0069696135,0.9759942889
9429,"/kaggle/input/datasets/arafatrahmann/my-data221/Epic and CSCR hospital Dataset/Train/pituitary/Tr-pi_1268.jpg",3,pituitary,3,pituitary,0.0085737389,0.0067212009,0.0073169358,0.9773880839
9431,"/kaggle/input/datasets/arafatrahmann/my-data221/Epic and CSCR hospital Dataset/Train/pituitary/Tr-pi_1271.jpg",3,pituitary,3,pituitary,0.0093726199,0.0058755660,0.0069382982,0.9778136015
9432,"/kaggle/input/datasets/arafatrahmann/my-data221/Epic and CSCR hospital Dataset/Train/pituitary/Tr-pi_1272.jpg",3,pituitary,3,pituitary,0.0085794553,0.0073612942,0.0067753680,0.9772838354
9434,"/kaggle/input/datasets/arafatrahmann/my-data221/Epic and CSCR hospital Dataset/Train/pituitary/Tr-pi_1274.jpg",3,pituitary,3,pituitary,0.0102571789,0.0085365502,0.0071912063,0.9740151167
9437,"/kaggle/input/datasets/arafatrahmann/my-data221/Epic and CSCR hospital Dataset/Train/pituitary/Tr-pi_1277.jpg",3,pituitary,3,pituitary,0.0084188124,0.0065480927,0.0071441992,0.9778888822
9439,"/kaggle/input/datasets/arafatrahmann/my-data221/Epic and CSCR hospital Dataset/Train/pituitary/Tr-pi_1290.jpg",3,pituitary,3,pituitary,0.0081478870,0.0061191814,0.0072210245,0.9785119891
9444,"/kaggle/input/datasets/arafatrahmann/my-data221/Epic and CSCR hospital Dataset/Train/pituitary/Tr-pi_1295.jpg",3,pituitary,3,pituitary,0.0083475737,0.0061435914,0.0074501513,0.9780586958
9445,"/kaggle/input/datasets/arafatrahmann/my-data221/Epic and CSCR hospital Dataset/Train/pituitary/Tr-pi_1296.jpg",3,pituitary,3,pituitary,0.0085030375,0.0061491448,0.0073786317,0.9779691696
9453,"/kaggle/input/datasets/arafatrahmann/my-data221/Epic and CSCR hospital Dataset/Train/pituitary/Tr-pi_1304.jpg",3,pituitary,3,pituitary,0.0094282096,0.0063802726,0.0074360669,0.9767554998
9457,"/kaggle/input/datasets/arafatrahmann/my-data221/Epic and CSCR hospital Dataset/Train/pituitary/Tr-pi_1308.jpg",3,pituitary,3,pituitary,0.0086649638,0.0064549507,0.0074967658,0.9773832560
9461,"/kaggle/input/datasets/arafatrahmann/my-data221/Epic and CSCR hospital Dataset/Train/pituitary/Tr-pi_1312.jpg",3,pituitary,3,pituitary,0.0080769602,0.0067102993,0.0073837480,0.9778290987
9462,"/kaggle/input/datasets/arafatrahmann/my-data221/Epic and CSCR hospital Dataset/Train/pituitary/Tr-pi_1313.jpg",3,pituitary,3,pituitary,0.0081688967,0.0062266206,0.0074132094,0.9781911969
9466,"/kaggle/input/datasets/arafatrahmann/my-data221/Epic and CSCR hospital Dataset/Train/pituitary/Tr-pi_1320.jpg",3,pituitary,3,pituitary,0.0086275171,0.0060029188,0.0077971690,0.9775723219
9470,"/kaggle/input/datasets/arafatrahmann/my-data221/Epic and CSCR hospital Dataset/Train/pituitary/Tr-pi_1325.jpg",3,pituitary,3,pituitary,0.0088621303,0.0059469314,0.0075211264,0.9776698351
9471,"/kaggle/input/datasets/arafatrahmann/my-data221/Epic and CSCR hospital Dataset/Train/pituitary/Tr-pi_1326.jpg",3,pituitary,3,pituitary,0.0097747073,0.0059790662,0.0075470945,0.9766991735
9476,"/kaggle/input/datasets/arafatrahmann/my-data221/Epic and CSCR hospital Dataset/Train/pituitary/Tr-pi_1334.jpg",3,pituitary,3,pituitary,0.0089547886,0.0064297668,0.0074073449,0.9772080183
9481,"/kaggle/input/datasets/arafatrahmann/my-data221/Epic and CSCR hospital Dataset/Train/pituitary/Tr-pi_1342.jpg",3,pituitary,3,pituitary,0.0087099848,0.0061587230,0.0066921934,0.9784390330
9483,"/kaggle/input/datasets/arafatrahmann/my-data221/Epic and CSCR hospital Dataset/Train/pituitary/Tr-pi_1344.jpg",3,pituitary,3,pituitary,0.0097194156,0.0068390854,0.0080136303,0.9754279256
9493,"/kaggle/input/datasets/arafatrahmann/my-data221/Epic and CSCR hospital Dataset/Train/pituitary/Tr-pi_1356.jpg",3,pituitary,3,pituitary,0.0086556273,0.0057941573,0.0074771605,0.9780730009
9501,"/kaggle/input/datasets/arafatrahmann/my-data221/Epic and CSCR hospital Dataset/Train/pituitary/Tr-pi_1365.jpg",3,pituitary,3,pituitary,0.0089456169,0.0068493537,0.0084109278,0.9757941365
9504,"/kaggle/input/datasets/arafatrahmann/my-data221/Epic and CSCR hospital Dataset/Train/pituitary/Tr-pi_1369.jpg",3,pituitary,3,pituitary,0.0102690347,0.0070442967,0.0067243255,0.9759624600
9516,"/kaggle/input/datasets/arafatrahmann/my-data221/Epic and CSCR hospital Dataset/Train/pituitary/Tr-pi_1394.jpg",3,pituitary,3,pituitary,0.0076114973,0.0055546490,0.0132789863,0.9735549092
9517,"/kaggle/input/datasets/arafatrahmann/my-data221/Epic and CSCR hospital Dataset/Train/pituitary/Tr-pi_1395.jpg",3,pituitary,3,pituitary,0.0085504297,0.0061833644,0.0079390127,0.9773271680
9520,"/kaggle/input/datasets/arafatrahmann/my-data221/Epic and CSCR hospital Dataset/Train/pituitary/Tr-pi_1399.jpg",3,pituitary,3,pituitary,0.0091605568,0.0057981415,0.0075661191,0.9774751663
9521,"/kaggle/input/datasets/arafatrahmann/my-data221/Epic and CSCR hospital Dataset/Train/pituitary/Tr-pi_1401.jpg",3,pituitary,3,pituitary,0.0080355164,0.0053711692,0.0116084423,0.9749849439
9524,"/kaggle/input/datasets/arafatrahmann/my-data221/Epic and CSCR hospital Dataset/Train/pituitary/Tr-pi_1404.jpg",3,pituitary,3,pituitary,0.0085372962,0.0060009132,0.0074697682,0.9779920578
9528,"/kaggle/input/datasets/arafatrahmann/my-data221/Epic and CSCR hospital Dataset/Train/pituitary/Tr-pi_1448.jpg",3,pituitary,3,pituitary,0.0082783848,0.0062704580,0.0074847913,0.9779663086
9531,"/kaggle/input/datasets/arafatrahmann/my-data221/Epic and CSCR hospital Dataset/Train/pituitary/Tr-pi_1452.jpg",3,pituitary,3,pituitary,0.0083335983,0.0062349150,0.0074561178,0.9779753685
9532,"/kaggle/input/datasets/arafatrahmann/my-data221/Epic and CSCR hospital Dataset/Train/pituitary/p (481).jpg",3,pituitary,3,pituitary,0.0085579120,0.0070582428,0.0072057107,0.9771782160
9538,"/kaggle/input/datasets/arafatrahmann/my-data221/Epic and CSCR hospital Dataset/Train/pituitary/p (487).jpg",3,pituitary,3,pituitary,0.0094193239,0.0059126364,0.0072291628,0.9774388075
9541,"/kaggle/input/datasets/arafatrahmann/my-data221/Epic and CSCR hospital Dataset/Train/pituitary/p (490).jpg",3,pituitary,3,pituitary,0.0088116787,0.0057537458,0.0077820444,0.9776525497
9544,"/kaggle/input/datasets/arafatrahmann/my-data221/Epic and CSCR hospital Dataset/Train/pituitary/p (493).jpg",3,pituitary,3,pituitary,0.0099755246,0.0066777118,0.0073128515,0.9760339856
9545,"/kaggle/input/datasets/arafatrahmann/my-data221/Epic and CSCR hospital Dataset/Train/pituitary/p (494).jpg",3,pituitary,3,pituitary,0.0093071191,0.0064593283,0.0072669773,0.9769666791
9546,"/kaggle/input/datasets/arafatrahmann/my-data221/Epic and CSCR hospital Dataset/Train/pituitary/p (495).jpg",3,pituitary,3,pituitary,0.0100121796,0.0060630064,0.0067526763,0.9771720767
9547,"/kaggle/input/datasets/arafatrahmann/my-data221/Epic and CSCR hospital Dataset/Train/pituitary/p (496).jpg",3,pituitary,3,pituitary,0.0093945321,0.0062736617,0.0069828406,0.9773489833
9550,"/kaggle/input/datasets/arafatrahmann/my-data221/Epic and CSCR hospital Dataset/Train/pituitary/p (499).jpg",3,pituitary,3,pituitary,0.0087855272,0.0063434690,0.0080572097,0.9768137932
9551,"/kaggle/input/datasets/arafatrahmann/my-data221/Epic and CSCR hospital Dataset/Train/pituitary/p (500).jpg",3,pituitary,3,pituitary,0.0077015860,0.0058563747,0.0074800164,0.9789619446
9559,"/kaggle/input/datasets/arafatrahmann/my-data221/Epic and CSCR hospital Dataset/Train/pituitary/p (508).jpg",3,pituitary,3,pituitary,0.0092165265,0.0060663684,0.0071784751,0.9775385857
9564,"/kaggle/input/datasets/arafatrahmann/my-data221/Epic and CSCR hospital Dataset/Train/pituitary/p (513).jpg",3,pituitary,3,pituitary,0.0086546885,0.0060561094,0.0072262064,0.9780629873
9566,"/kaggle/input/datasets/arafatrahmann/my-data221/Epic and CSCR hospital Dataset/Train/pituitary/p (515).jpg",3,pituitary,3,pituitary,0.0080724154,0.0063351593,0.0072067715,0.9783856273
9569,"/kaggle/input/datasets/arafatrahmann/my-data221/Epic and CSCR hospital Dataset/Train/pituitary/p (518).jpg",3,pituitary,3,pituitary,0.0084140887,0.0059855618,0.0076375096,0.9779628515
9574,"/kaggle/input/datasets/arafatrahmann/my-data221/Epic and CSCR hospital Dataset/Train/pituitary/p (523).jpg",3,pituitary,3,pituitary,0.0091224136,0.0060133170,0.0071751885,0.9776891470
9578,"/kaggle/input/datasets/arafatrahmann/my-data221/Epic and CSCR hospital Dataset/Train/pituitary/p (527).jpg",3,pituitary,3,pituitary,0.0085331267,0.0064174645,0.0079087112,0.9771407247
9582,"/kaggle/input/datasets/arafatrahmann/my-data221/Epic and CSCR hospital Dataset/Train/pituitary/p (531).jpg",3,pituitary,3,pituitary,0.0086291907,0.0063763773,0.0078249779,0.9771695137
9589,"/kaggle/input/datasets/arafatrahmann/my-data221/Epic and CSCR hospital Dataset/Train/pituitary/p (538).jpg",3,pituitary,3,pituitary,0.0098709073,0.0070221112,0.0065812664,0.9765256643
9593,"/kaggle/input/datasets/arafatrahmann/my-data221/Epic and CSCR hospital Dataset/Train/pituitary/p (542).jpg",3,pituitary,3,pituitary,0.0089772083,0.0062275468,0.0072274143,0.9775677919
9595,"/kaggle/input/datasets/arafatrahmann/my-data221/Epic and CSCR hospital Dataset/Train/pituitary/p (544).jpg",3,pituitary,3,pituitary,0.0126810847,0.0097129410,0.0076755024,0.9699304700
9598,"/kaggle/input/datasets/arafatrahmann/my-data221/Epic and CSCR hospital Dataset/Train/pituitary/p (547).jpg",3,pituitary,3,pituitary,0.0156125501,0.0073181102,0.0064431354,0.9706261754
9606,"/kaggle/input/datasets/arafatrahmann/my-data221/Epic and CSCR hospital Dataset/Train/pituitary/p (555).jpg",3,pituitary,3,pituitary,0.0157032777,0.0068093129,0.0068686963,0.9706188440
9613,"/kaggle/input/datasets/arafatrahmann/my-data221/Epic and CSCR hospital Dataset/Train/pituitary/p (562).jpg",3,pituitary,3,pituitary,0.0104576079,0.0060578971,0.0074734814,0.9760109782
9614,"/kaggle/input/datasets/arafatrahmann/my-data221/Epic and CSCR hospital Dataset/Train/pituitary/p (563).jpg",3,pituitary,3,pituitary,0.0094121862,0.0069334069,0.0076210960,0.9760332108
9617,"/kaggle/input/datasets/arafatrahmann/my-data221/Epic and CSCR hospital Dataset/Train/pituitary/p (566).jpg",3,pituitary,3,pituitary,0.0085413028,0.0065782280,0.0072220666,0.9776583910
9623,"/kaggle/input/datasets/arafatrahmann/my-data221/Epic and CSCR hospital Dataset/Train/pituitary/p (572).jpg",3,pituitary,3,pituitary,0.0082140332,0.0062902672,0.0073597692,0.9781359434
9625,"/kaggle/input/datasets/arafatrahmann/my-data221/Epic and CSCR hospital Dataset/Train/pituitary/p (574).jpg",3,pituitary,3,pituitary,0.0090835206,0.0062229368,0.0073154913,0.9773780704
9630,"/kaggle/input/datasets/arafatrahmann/my-data221/Epic and CSCR hospital Dataset/Train/pituitary/p (590).jpg",3,pituitary,3,pituitary,0.0096525010,0.0063610645,0.0071047381,0.9768816829
9644,"/kaggle/input/datasets/arafatrahmann/my-data221/Epic and CSCR hospital Dataset/Train/pituitary/p (604).jpg",3,pituitary,3,pituitary,0.0087978672,0.0068406826,0.0066625476,0.9776989222
9648,"/kaggle/input/datasets/arafatrahmann/my-data221/Epic and CSCR hospital Dataset/Train/pituitary/p (608).jpg",3,pituitary,3,pituitary,0.0076544061,0.0079243314,0.0075109089,0.9769104123
9658,"/kaggle/input/datasets/arafatrahmann/my-data221/Epic and CSCR hospital Dataset/Test/glioma/1090.jpg",0,glioma,0,glioma,0.9817817807,0.0046307687,0.0070426455,0.0065447264
9659,"/kaggle/input/datasets/arafatrahmann/my-data221/Epic and CSCR hospital Dataset/Test/glioma/1091.jpg",0,glioma,0,glioma,0.9819831848,0.0038853746,0.0069784201,0.0071531148
9660,"/kaggle/input/datasets/arafatrahmann/my-data221/Epic and CSCR hospital Dataset/Test/glioma/1092.jpg",0,glioma,0,glioma,0.9823516607,0.0042995731,0.0063690082,0.0069797235
9662,"/kaggle/input/datasets/arafatrahmann/my-data221/Epic and CSCR hospital Dataset/Test/glioma/1094.jpg",0,glioma,0,glioma,0.9829460382,0.0039777462,0.0062838532,0.0067924932
9663,"/kaggle/input/datasets/arafatrahmann/my-data221/Epic and CSCR hospital Dataset/Test/glioma/1095.jpg",0,glioma,0,glioma,0.9826725125,0.0038662520,0.0066658854,0.0067953579
9672,"/kaggle/input/datasets/arafatrahmann/my-data221/Epic and CSCR hospital Dataset/Test/glioma/1104.jpg",0,glioma,0,glioma,0.9830382466,0.0039802315,0.0065026581,0.0064788698
9673,"/kaggle/input/datasets/arafatrahmann/my-data221/Epic and CSCR hospital Dataset/Test/glioma/1105.jpg",0,glioma,0,glioma,0.9824439883,0.0041547944,0.0069981380,0.0064030699
9675,"/kaggle/input/datasets/arafatrahmann/my-data221/Epic and CSCR hospital Dataset/Test/glioma/1107.jpg",0,glioma,0,glioma,0.9830770493,0.0039883479,0.0067621856,0.0061724675
9698,"/kaggle/input/datasets/arafatrahmann/my-data221/Epic and CSCR hospital Dataset/Test/glioma/1130.jpg",0,glioma,0,glioma,0.9828384519,0.0042273747,0.0063894913,0.0065447181
9700,"/kaggle/input/datasets/arafatrahmann/my-data221/Epic and CSCR hospital Dataset/Test/glioma/1132.jpg",0,glioma,0,glioma,0.9831833839,0.0042436160,0.0064893058,0.0060837395
9701,"/kaggle/input/datasets/arafatrahmann/my-data221/Epic and CSCR hospital Dataset/Test/glioma/1133.jpg",0,glioma,0,glioma,0.9821091890,0.0044566258,0.0069515691,0.0064826123
9718,"/kaggle/input/datasets/arafatrahmann/my-data221/Epic and CSCR hospital Dataset/Test/glioma/1150.jpg",0,glioma,0,glioma,0.9827237129,0.0039248005,0.0065953285,0.0067561269
9722,"/kaggle/input/datasets/arafatrahmann/my-data221/Epic and CSCR hospital Dataset/Test/glioma/1154.jpg",0,glioma,0,glioma,0.9772871137,0.0084356908,0.0070759631,0.0072012553
9725,"/kaggle/input/datasets/arafatrahmann/my-data221/Epic and CSCR hospital Dataset/Test/glioma/1157.jpg",0,glioma,0,glioma,0.9833334088,0.0039303359,0.0066627874,0.0060734688
9726,"/kaggle/input/datasets/arafatrahmann/my-data221/Epic and CSCR hospital Dataset/Test/glioma/1158.jpg",0,glioma,0,glioma,0.9829590917,0.0038739983,0.0064973519,0.0066695600
9728,"/kaggle/input/datasets/arafatrahmann/my-data221/Epic and CSCR hospital Dataset/Test/glioma/1160.jpg",0,glioma,0,glioma,0.9824432135,0.0041438350,0.0070935078,0.0063194511
9733,"/kaggle/input/datasets/arafatrahmann/my-data221/Epic and CSCR hospital Dataset/Test/glioma/1165.jpg",0,glioma,0,glioma,0.9828666449,0.0038258559,0.0068298457,0.0064776265
9737,"/kaggle/input/datasets/arafatrahmann/my-data221/Epic and CSCR hospital Dataset/Test/glioma/1169.jpg",0,glioma,0,glioma,0.9819124937,0.0048978464,0.0068938062,0.0062958621
9746,"/kaggle/input/datasets/arafatrahmann/my-data221/Epic and CSCR hospital Dataset/Test/glioma/1178.jpg",0,glioma,0,glioma,0.9819177389,0.0046616551,0.0068580685,0.0065625138
9759,"/kaggle/input/datasets/arafatrahmann/my-data221/Epic and CSCR hospital Dataset/Test/glioma/1191.jpg",0,glioma,0,glioma,0.9833299518,0.0039652823,0.0066342978,0.0060704746
9762,"/kaggle/input/datasets/arafatrahmann/my-data221/Epic and CSCR hospital Dataset/Test/glioma/1194.jpg",0,glioma,0,glioma,0.9807961583,0.0049574906,0.0068399250,0.0074064918
9763,"/kaggle/input/datasets/arafatrahmann/my-data221/Epic and CSCR hospital Dataset/Test/glioma/1195.jpg",0,glioma,0,glioma,0.9832652807,0.0038579006,0.0064744824,0.0064023202
9767,"/kaggle/input/datasets/arafatrahmann/my-data221/Epic and CSCR hospital Dataset/Test/glioma/1199.jpg",0,glioma,0,glioma,0.9795056581,0.0062012160,0.0075280764,0.0067650662
9768,"/kaggle/input/datasets/arafatrahmann/my-data221/Epic and CSCR hospital Dataset/Test/glioma/1200.jpg",0,glioma,0,glioma,0.9816797376,0.0046518221,0.0064223493,0.0072461059
9769,"/kaggle/input/datasets/arafatrahmann/my-data221/Epic and CSCR hospital Dataset/Test/glioma/1201.jpg",0,glioma,0,glioma,0.9822732210,0.0043533724,0.0068335617,0.0065397681
9775,"/kaggle/input/datasets/arafatrahmann/my-data221/Epic and CSCR hospital Dataset/Test/glioma/1207.jpg",0,glioma,0,glioma,0.9834281802,0.0039298316,0.0065198233,0.0061220597
9779,"/kaggle/input/datasets/arafatrahmann/my-data221/Epic and CSCR hospital Dataset/Test/glioma/1211.jpg",0,glioma,0,glioma,0.9827569127,0.0040930463,0.0063394993,0.0068105035
9782,"/kaggle/input/datasets/arafatrahmann/my-data221/Epic and CSCR hospital Dataset/Test/glioma/1214.jpg",0,glioma,0,glioma,0.9815613031,0.0048435158,0.0070331348,0.0065620644
9784,"/kaggle/input/datasets/arafatrahmann/my-data221/Epic and CSCR hospital Dataset/Test/glioma/1216.jpg",0,glioma,0,glioma,0.9813869596,0.0042375326,0.0068568988,0.0075186514
9800,"/kaggle/input/datasets/arafatrahmann/my-data221/Epic and CSCR hospital Dataset/Test/glioma/1232.jpg",0,glioma,0,glioma,0.9830759764,0.0038735033,0.0065641045,0.0064863758
9803,"/kaggle/input/datasets/arafatrahmann/my-data221/Epic and CSCR hospital Dataset/Test/glioma/1235.jpg",0,glioma,0,glioma,0.9816559553,0.0053277859,0.0072530680,0.0057632341
9806,"/kaggle/input/datasets/arafatrahmann/my-data221/Epic and CSCR hospital Dataset/Test/glioma/1238.jpg",0,glioma,0,glioma,0.9825231433,0.0043012472,0.0067870482,0.0063885287
9819,"/kaggle/input/datasets/arafatrahmann/my-data221/Epic and CSCR hospital Dataset/Test/glioma/1251.jpg",0,glioma,0,glioma,0.9809930921,0.0048580626,0.0071405820,0.0070082680
9823,"/kaggle/input/datasets/arafatrahmann/my-data221/Epic and CSCR hospital Dataset/Test/glioma/1255.jpg",0,glioma,0,glioma,0.9822975397,0.0044547417,0.0068535707,0.0063940748
9843,"/kaggle/input/datasets/arafatrahmann/my-data221/Epic and CSCR hospital Dataset/Test/glioma/1275.jpg",0,glioma,0,glioma,0.9823759198,0.0044326531,0.0066343760,0.0065570995
9848,"/kaggle/input/datasets/arafatrahmann/my-data221/Epic and CSCR hospital Dataset/Test/glioma/1280.jpg",0,glioma,0,glioma,0.8799742460,0.1055644900,0.0075978115,0.0068633943
9850,"/kaggle/input/datasets/arafatrahmann/my-data221/Epic and CSCR hospital Dataset/Test/glioma/1282.jpg",0,glioma,0,glioma,0.9823650122,0.0044145118,0.0062305196,0.0069900020
9853,"/kaggle/input/datasets/arafatrahmann/my-data221/Epic and CSCR hospital Dataset/Test/glioma/1285.jpg",0,glioma,0,glioma,0.9829039574,0.0040037315,0.0063833841,0.0067089996
9854,"/kaggle/input/datasets/arafatrahmann/my-data221/Epic and CSCR hospital Dataset/Test/glioma/1286.jpg",0,glioma,0,glioma,0.9824097753,0.0042124419,0.0062637748,0.0071139769
9858,"/kaggle/input/datasets/arafatrahmann/my-data221/Epic and CSCR hospital Dataset/Test/glioma/1290.jpg",0,glioma,0,glioma,0.9827542305,0.0039684372,0.0066563562,0.0066209966
9859,"/kaggle/input/datasets/arafatrahmann/my-data221/Epic and CSCR hospital Dataset/Test/glioma/1291.jpg",0,glioma,0,glioma,0.9834784269,0.0037988517,0.0064224876,0.0063001625
9867,"/kaggle/input/datasets/arafatrahmann/my-data221/Epic and CSCR hospital Dataset/Test/glioma/1299.jpg",0,glioma,0,glioma,0.9830199480,0.0041259425,0.0063588871,0.0064952099
9868,"/kaggle/input/datasets/arafatrahmann/my-data221/Epic and CSCR hospital Dataset/Test/glioma/1300.jpg",0,glioma,0,glioma,0.9806850553,0.0057323566,0.0069812508,0.0066013201
9874,"/kaggle/input/datasets/arafatrahmann/my-data221/Epic and CSCR hospital Dataset/Test/glioma/1306.jpg",0,glioma,0,glioma,0.9811701775,0.0046709948,0.0073057087,0.0068530096
9875,"/kaggle/input/datasets/arafatrahmann/my-data221/Epic and CSCR hospital Dataset/Test/glioma/1307.jpg",0,glioma,0,glioma,0.9822527170,0.0045093200,0.0067434413,0.0064945882
9879,"/kaggle/input/datasets/arafatrahmann/my-data221/Epic and CSCR hospital Dataset/Test/glioma/1311.jpg",0,glioma,0,glioma,0.9812163115,0.0050959750,0.0072274646,0.0064603249
9880,"/kaggle/input/datasets/arafatrahmann/my-data221/Epic and CSCR hospital Dataset/Test/glioma/1312.jpg",0,glioma,0,glioma,0.9825493693,0.0041723782,0.0065333596,0.0067448625
9881,"/kaggle/input/datasets/arafatrahmann/my-data221/Epic and CSCR hospital Dataset/Test/glioma/1313.jpg",0,glioma,0,glioma,0.9834744334,0.0039520515,0.0065622418,0.0060112518
9886,"/kaggle/input/datasets/arafatrahmann/my-data221/Epic and CSCR hospital Dataset/Test/glioma/1318.jpg",0,glioma,0,glioma,0.9792575836,0.0055193682,0.0084288474,0.0067942059
9893,"/kaggle/input/datasets/arafatrahmann/my-data221/Epic and CSCR hospital Dataset/Test/glioma/1325.jpg",0,glioma,0,glioma,0.9819512367,0.0046724509,0.0069595440,0.0064168079
9904,"/kaggle/input/datasets/arafatrahmann/my-data221/Epic and CSCR hospital Dataset/Test/glioma/1336.jpg",0,glioma,0,glioma,0.9833694696,0.0039621568,0.0064625591,0.0062059709
9912,"/kaggle/input/datasets/arafatrahmann/my-data221/Epic and CSCR hospital Dataset/Test/glioma/1344.jpg",0,glioma,0,glioma,0.9820830226,0.0044628363,0.0070252987,0.0064288364
9913,"/kaggle/input/datasets/arafatrahmann/my-data221/Epic and CSCR hospital Dataset/Test/glioma/1345.jpg",0,glioma,0,glioma,0.9825934172,0.0046043238,0.0067759766,0.0060262512
9925,"/kaggle/input/datasets/arafatrahmann/my-data221/Epic and CSCR hospital Dataset/Test/glioma/1357.jpg",0,glioma,0,glioma,0.9832115173,0.0038533662,0.0065880017,0.0063471990
9928,"/kaggle/input/datasets/arafatrahmann/my-data221/Epic and CSCR hospital Dataset/Test/glioma/1360.jpg",0,glioma,0,glioma,0.9824519157,0.0044331914,0.0064031943,0.0067117801
9929,"/kaggle/input/datasets/arafatrahmann/my-data221/Epic and CSCR hospital Dataset/Test/glioma/1361.jpg",0,glioma,0,glioma,0.9827227592,0.0040138196,0.0066754287,0.0065880194
9930,"/kaggle/input/datasets/arafatrahmann/my-data221/Epic and CSCR hospital Dataset/Test/glioma/1362.jpg",0,glioma,0,glioma,0.9827170372,0.0041481052,0.0066583902,0.0064763799
9934,"/kaggle/input/datasets/arafatrahmann/my-data221/Epic and CSCR hospital Dataset/Test/glioma/1366.jpg",0,glioma,0,glioma,0.9828389287,0.0041777035,0.0063912086,0.0065921866
9939,"/kaggle/input/datasets/arafatrahmann/my-data221/Epic and CSCR hospital Dataset/Test/glioma/1371.jpg",0,glioma,0,glioma,0.9817525148,0.0042968793,0.0066766953,0.0072740056
9945,"/kaggle/input/datasets/arafatrahmann/my-data221/Epic and CSCR hospital Dataset/Test/glioma/1377.jpg",0,glioma,0,glioma,0.9831568003,0.0037407237,0.0065553486,0.0065470785
9950,"/kaggle/input/datasets/arafatrahmann/my-data221/Epic and CSCR hospital Dataset/Test/glioma/1382.jpg",0,glioma,0,glioma,0.9819664955,0.0046971254,0.0069163712,0.0064199762
9954,"/kaggle/input/datasets/arafatrahmann/my-data221/Epic and CSCR hospital Dataset/Test/glioma/1386.jpg",0,glioma,0,glioma,0.9825347662,0.0042974185,0.0062619178,0.0069058998
9958,"/kaggle/input/datasets/arafatrahmann/my-data221/Epic and CSCR hospital Dataset/Test/glioma/1390.jpg",0,glioma,0,glioma,0.9828599691,0.0040947697,0.0065698875,0.0064753233
9963,"/kaggle/input/datasets/arafatrahmann/my-data221/Epic and CSCR hospital Dataset/Test/glioma/1395.jpg",0,glioma,0,glioma,0.9826704860,0.0042643384,0.0065080496,0.0065570241
9970,"/kaggle/input/datasets/arafatrahmann/my-data221/Epic and CSCR hospital Dataset/Test/glioma/1402.jpg",0,glioma,0,glioma,0.9802916646,0.0052812244,0.0067400956,0.0076869717
9973,"/kaggle/input/datasets/arafatrahmann/my-data221/Epic and CSCR hospital Dataset/Test/glioma/1405.jpg",0,glioma,0,glioma,0.9822834134,0.0045093698,0.0068567791,0.0063504353
9975,"/kaggle/input/datasets/arafatrahmann/my-data221/Epic and CSCR hospital Dataset/Test/glioma/1407.jpg",0,glioma,0,glioma,0.9815154076,0.0044740317,0.0068344111,0.0071762712
9976,"/kaggle/input/datasets/arafatrahmann/my-data221/Epic and CSCR hospital Dataset/Test/glioma/1408.jpg",0,glioma,0,glioma,0.9833162427,0.0043631410,0.0064607896,0.0058597415
9977,"/kaggle/input/datasets/arafatrahmann/my-data221/Epic and CSCR hospital Dataset/Test/glioma/1409.jpg",0,glioma,0,glioma,0.9835279584,0.0040333490,0.0062577901,0.0061809816
9989,"/kaggle/input/datasets/arafatrahmann/my-data221/Epic and CSCR hospital Dataset/Test/glioma/1421.jpg",0,glioma,0,glioma,0.9814547300,0.0044594863,0.0069536343,0.0071321265
9992,"/kaggle/input/datasets/arafatrahmann/my-data221/Epic and CSCR hospital Dataset/Test/glioma/1424.jpg",0,glioma,0,glioma,0.9800902605,0.0058242977,0.0071973368,0.0068880869
9993,"/kaggle/input/datasets/arafatrahmann/my-data221/Epic and CSCR hospital Dataset/Test/glioma/1425.jpg",0,glioma,0,glioma,0.9815794230,0.0046190671,0.0069157071,0.0068858704
10003,"/kaggle/input/datasets/arafatrahmann/my-data221/Epic and CSCR hospital Dataset/Test/glioma/1435.jpg",0,glioma,0,glioma,0.9820515513,0.0043775951,0.0065804594,0.0069904616
10014,"/kaggle/input/datasets/arafatrahmann/my-data221/Epic and CSCR hospital Dataset/Test/glioma/1446.jpg",0,glioma,0,glioma,0.9821764231,0.0042840452,0.0065176422,0.0070219338
10019,"/kaggle/input/datasets/arafatrahmann/my-data221/Epic and CSCR hospital Dataset/Test/glioma/1451.jpg",0,glioma,0,glioma,0.9823142886,0.0038880259,0.0066762329,0.0071214116
10031,"/kaggle/input/datasets/arafatrahmann/my-data221/Epic and CSCR hospital Dataset/Test/glioma/1463.jpg",0,glioma,0,glioma,0.9827452898,0.0043117669,0.0067785657,0.0061644367
10042,"/kaggle/input/datasets/arafatrahmann/my-data221/Epic and CSCR hospital Dataset/Test/glioma/1474.jpg",0,glioma,0,glioma,0.9821864963,0.0047341068,0.0063584847,0.0067208698
10047,"/kaggle/input/datasets/arafatrahmann/my-data221/Epic and CSCR hospital Dataset/Test/glioma/1479.jpg",0,glioma,0,glioma,0.9820610881,0.0044920919,0.0069788545,0.0064679710
10048,"/kaggle/input/datasets/arafatrahmann/my-data221/Epic and CSCR hospital Dataset/Test/glioma/1480.jpg",0,glioma,0,glioma,0.9813733101,0.0052223406,0.0068441769,0.0065601720
10052,"/kaggle/input/datasets/arafatrahmann/my-data221/Epic and CSCR hospital Dataset/Test/glioma/1484.jpg",0,glioma,0,glioma,0.9820736051,0.0043223696,0.0070712888,0.0065327091
10053,"/kaggle/input/datasets/arafatrahmann/my-data221/Epic and CSCR hospital Dataset/Test/glioma/1485.jpg",0,glioma,0,glioma,0.9831448793,0.0038359270,0.0065085376,0.0065106461
10058,"/kaggle/input/datasets/arafatrahmann/my-data221/Epic and CSCR hospital Dataset/Test/glioma/1490.jpg",0,glioma,0,glioma,0.9823396802,0.0045779543,0.0066187121,0.0064636297
10069,"/kaggle/input/datasets/arafatrahmann/my-data221/Epic and CSCR hospital Dataset/Test/glioma/1501.jpg",0,glioma,0,glioma,0.9828227162,0.0040402273,0.0064898827,0.0066472190
10076,"/kaggle/input/datasets/arafatrahmann/my-data221/Epic and CSCR hospital Dataset/Test/glioma/1527.jpg",0,glioma,0,glioma,0.9814633131,0.0047592102,0.0068153692,0.0069620935
10080,"/kaggle/input/datasets/arafatrahmann/my-data221/Epic and CSCR hospital Dataset/Test/glioma/G_675_HF_.jpg",0,glioma,0,glioma,0.9835469127,0.0040174578,0.0065309005,0.0059046908
10088,"/kaggle/input/datasets/arafatrahmann/my-data221/Epic and CSCR hospital Dataset/Test/glioma/G_676_RO_.jpg",0,glioma,0,glioma,0.9832453728,0.0038302275,0.0066695535,0.0062548062
10095,"/kaggle/input/datasets/arafatrahmann/my-data221/Epic and CSCR hospital Dataset/Test/glioma/G_677_RO_.jpg",0,glioma,0,glioma,0.9823320508,0.0042915936,0.0071711196,0.0062052649
10100,"/kaggle/input/datasets/arafatrahmann/my-data221/Epic and CSCR hospital Dataset/Test/glioma/G_67_BR_.jpg",0,glioma,0,glioma,0.9826946259,0.0047460585,0.0070997118,0.0054595177
10108,"/kaggle/input/datasets/arafatrahmann/my-data221/Epic and CSCR hospital Dataset/Test/glioma/G_681_BR_.jpg",0,glioma,0,glioma,0.9834542274,0.0041733254,0.0067567984,0.0056156125
10113,"/kaggle/input/datasets/arafatrahmann/my-data221/Epic and CSCR hospital Dataset/Test/glioma/G_681_VF_.jpg",0,glioma,0,glioma,0.9821748734,0.0042717224,0.0066919327,0.0068614683
10116,"/kaggle/input/datasets/arafatrahmann/my-data221/Epic and CSCR hospital Dataset/Test/glioma/G_682_DA_.jpg",0,glioma,0,glioma,0.9833074808,0.0038746572,0.0067657279,0.0060520940
10121,"/kaggle/input/datasets/arafatrahmann/my-data221/Epic and CSCR hospital Dataset/Test/glioma/G_683.jpg",0,glioma,0,glioma,0.9815210104,0.0046228692,0.0070084496,0.0068475930
10124,"/kaggle/input/datasets/arafatrahmann/my-data221/Epic and CSCR hospital Dataset/Test/glioma/G_683_HF_.jpg",0,glioma,0,glioma,0.9818693995,0.0045331540,0.0069283755,0.0066690035
10126,"/kaggle/input/datasets/arafatrahmann/my-data221/Epic and CSCR hospital Dataset/Test/glioma/G_683_SP_.jpg",0,glioma,0,glioma,0.9795268774,0.0062691211,0.0073242015,0.0068797641
10127,"/kaggle/input/datasets/arafatrahmann/my-data221/Epic and CSCR hospital Dataset/Test/glioma/G_683_VF_.jpg",0,glioma,0,glioma,0.9797054529,0.0059899711,0.0073528304,0.0069517614
10129,"/kaggle/input/datasets/arafatrahmann/my-data221/Epic and CSCR hospital Dataset/Test/glioma/G_684_BR_.jpg",0,glioma,0,glioma,0.9831045866,0.0041398988,0.0065979748,0.0061574942
10147,"/kaggle/input/datasets/arafatrahmann/my-data221/Epic and CSCR hospital Dataset/Test/glioma/G_686_SP_.jpg",0,glioma,0,glioma,0.9814044833,0.0049285898,0.0068674632,0.0067994022
10148,"/kaggle/input/datasets/arafatrahmann/my-data221/Epic and CSCR hospital Dataset/Test/glioma/G_686_VF_.jpg",0,glioma,0,glioma,0.6412017941,0.3430670798,0.0081289513,0.0076022088
10150,"/kaggle/input/datasets/arafatrahmann/my-data221/Epic and CSCR hospital Dataset/Test/glioma/G_687_BR_.jpg",0,glioma,0,glioma,0.9829881787,0.0042213146,0.0066022398,0.0061882706
10168,"/kaggle/input/datasets/arafatrahmann/my-data221/Epic and CSCR hospital Dataset/Test/glioma/G_689_SP_.jpg",0,glioma,0,glioma,0.9789598584,0.0056015411,0.0064952271,0.0089433668
10169,"/kaggle/input/datasets/arafatrahmann/my-data221/Epic and CSCR hospital Dataset/Test/glioma/G_689_VF_.jpg",0,glioma,0,glioma,0.9781150818,0.0068681501,0.0072214222,0.0077953869
10172,"/kaggle/input/datasets/arafatrahmann/my-data221/Epic and CSCR hospital Dataset/Test/glioma/G_68_HF_.jpg",0,glioma,0,glioma,0.9799981117,0.0055025960,0.0065583810,0.0079409322
10173,"/kaggle/input/datasets/arafatrahmann/my-data221/Epic and CSCR hospital Dataset/Test/glioma/G_68_RO_.jpg",0,glioma,0,glioma,0.9806108475,0.0053034136,0.0064237281,0.0076619321
10176,"/kaggle/input/datasets/arafatrahmann/my-data221/Epic and CSCR hospital Dataset/Test/glioma/G_69.jpg",0,glioma,0,glioma,0.9822751880,0.0044306968,0.0068962821,0.0063978508
10213,"/kaggle/input/datasets/arafatrahmann/my-data221/Epic and CSCR hospital Dataset/Test/glioma/G_695_BR_.jpg",0,glioma,0,glioma,0.9832771420,0.0042558615,0.0068497648,0.0056172423
10222,"/kaggle/input/datasets/arafatrahmann/my-data221/Epic and CSCR hospital Dataset/Test/glioma/G_696_HF_.jpg",0,glioma,0,glioma,0.9822802544,0.0042203711,0.0064003570,0.0070990273
10224,"/kaggle/input/datasets/arafatrahmann/my-data221/Epic and CSCR hospital Dataset/Test/glioma/G_696_SP_.jpg",0,glioma,0,glioma,0.9797499776,0.0053788302,0.0074024955,0.0074686273
10232,"/kaggle/input/datasets/arafatrahmann/my-data221/Epic and CSCR hospital Dataset/Test/glioma/G_697_VF_.jpg",0,glioma,0,glioma,0.9817738533,0.0045445887,0.0065635247,0.0071179345
10233,"/kaggle/input/datasets/arafatrahmann/my-data221/Epic and CSCR hospital Dataset/Test/glioma/G_698.jpg",0,glioma,0,glioma,0.9821639061,0.0042963871,0.0065906495,0.0069490736
10236,"/kaggle/input/datasets/arafatrahmann/my-data221/Epic and CSCR hospital Dataset/Test/glioma/G_698_HF_.jpg",0,glioma,0,glioma,0.9827045202,0.0042122467,0.0064711282,0.0066120671
10253,"/kaggle/input/datasets/arafatrahmann/my-data221/Epic and CSCR hospital Dataset/Test/glioma/G_6_BR_.jpg",0,glioma,0,glioma,0.9834563136,0.0042246752,0.0066388203,0.0056801010
10259,"/kaggle/input/datasets/arafatrahmann/my-data221/Epic and CSCR hospital Dataset/Test/glioma/G_7.jpg",0,glioma,0,glioma,0.9830859303,0.0041160351,0.0064782701,0.0063197738
10267,"/kaggle/input/datasets/arafatrahmann/my-data221/Epic and CSCR hospital Dataset/Test/glioma/G_700_VF_.jpg",0,glioma,0,glioma,0.9820672870,0.0045239804,0.0066778651,0.0067308350
10269,"/kaggle/input/datasets/arafatrahmann/my-data221/Epic and CSCR hospital Dataset/Test/glioma/G_701_BR_.jpg",0,glioma,0,glioma,0.9800270796,0.0073638200,0.0071579041,0.0054512117
10271,"/kaggle/input/datasets/arafatrahmann/my-data221/Epic and CSCR hospital Dataset/Test/glioma/G_701_HF_.jpg",0,glioma,0,glioma,0.9788429141,0.0071950061,0.0066656480,0.0072965054
10282,"/kaggle/input/datasets/arafatrahmann/my-data221/Epic and CSCR hospital Dataset/Test/glioma/G_703.jpg",0,glioma,0,glioma,0.9821213484,0.0043918272,0.0064450456,0.0070418208
10286,"/kaggle/input/datasets/arafatrahmann/my-data221/Epic and CSCR hospital Dataset/Test/glioma/G_703_RO_.jpg",0,glioma,0,glioma,0.9823538661,0.0047042505,0.0063217604,0.0066201473
10287,"/kaggle/input/datasets/arafatrahmann/my-data221/Epic and CSCR hospital Dataset/Test/glioma/G_703_SP_.jpg",0,glioma,0,glioma,0.9803383946,0.0052476809,0.0063919360,0.0080220262
10294,"/kaggle/input/datasets/arafatrahmann/my-data221/Epic and CSCR hospital Dataset/Test/glioma/G_70_SP_.jpg",0,glioma,0,glioma,0.9814505577,0.0051283771,0.0065741716,0.0068468647
10300,"/kaggle/input/datasets/arafatrahmann/my-data221/Epic and CSCR hospital Dataset/Test/glioma/G_71_RO_.jpg",0,glioma,0,glioma,0.9813615680,0.0047109462,0.0065716258,0.0073558586
10306,"/kaggle/input/datasets/arafatrahmann/my-data221/Epic and CSCR hospital Dataset/Test/glioma/G_72_HF_.jpg",0,glioma,0,glioma,0.9802236557,0.0051820679,0.0074671218,0.0071271583
10307,"/kaggle/input/datasets/arafatrahmann/my-data221/Epic and CSCR hospital Dataset/Test/glioma/G_72_RO_.jpg",0,glioma,0,glioma,0.5728024244,0.4125539362,0.0079106754,0.0067328075
10311,"/kaggle/input/datasets/arafatrahmann/my-data221/Epic and CSCR hospital Dataset/Test/glioma/G_73_BR_.jpg",0,glioma,0,glioma,0.9830414653,0.0042883074,0.0068637943,0.0058064172
10323,"/kaggle/input/datasets/arafatrahmann/my-data221/Epic and CSCR hospital Dataset/Test/glioma/G_74_VF_.jpg",0,glioma,0,glioma,0.8378700018,0.1465904266,0.0073308661,0.0082086474
10337,"/kaggle/input/datasets/arafatrahmann/my-data221/Epic and CSCR hospital Dataset/Test/glioma/G_76_VF_.jpg",0,glioma,0,glioma,0.9816526175,0.0049293181,0.0066066617,0.0068113441
10340,"/kaggle/input/datasets/arafatrahmann/my-data221/Epic and CSCR hospital Dataset/Test/glioma/G_77_DA_.jpg",0,glioma,0,glioma,0.9834073186,0.0036710366,0.0067169098,0.0062047336
10346,"/kaggle/input/datasets/arafatrahmann/my-data221/Epic and CSCR hospital Dataset/Test/glioma/G_78_BR_.jpg",0,glioma,0,glioma,0.9832088351,0.0042897230,0.0069209067,0.0055805487
10354,"/kaggle/input/datasets/arafatrahmann/my-data221/Epic and CSCR hospital Dataset/Test/glioma/G_79_DA_.jpg",0,glioma,0,glioma,0.9828746915,0.0047391551,0.0070124217,0.0053736814
10358,"/kaggle/input/datasets/arafatrahmann/my-data221/Epic and CSCR hospital Dataset/Test/glioma/G_79_VF_.jpg",0,glioma,0,glioma,0.9831027985,0.0046221828,0.0067740618,0.0055009807
10366,"/kaggle/input/datasets/arafatrahmann/my-data221/Epic and CSCR hospital Dataset/Test/glioma/G_80.jpg",0,glioma,0,glioma,0.9818271399,0.0045327530,0.0069673411,0.0066726892
10369,"/kaggle/input/datasets/arafatrahmann/my-data221/Epic and CSCR hospital Dataset/Test/glioma/G_80_HF_.jpg",0,glioma,0,glioma,0.9817962646,0.0045290925,0.0070672124,0.0066074566
10371,"/kaggle/input/datasets/arafatrahmann/my-data221/Epic and CSCR hospital Dataset/Test/glioma/G_80_SP_.jpg",0,glioma,0,glioma,0.9821030498,0.0045037353,0.0066489629,0.0067442111
10373,"/kaggle/input/datasets/arafatrahmann/my-data221/Epic and CSCR hospital Dataset/Test/glioma/G_81.jpg",0,glioma,0,glioma,0.9827168584,0.0042389147,0.0066038920,0.0064403573
10386,"/kaggle/input/datasets/arafatrahmann/my-data221/Epic and CSCR hospital Dataset/Test/glioma/G_82_VF_.jpg",0,glioma,0,glioma,0.9654666781,0.0187209882,0.0085554142,0.0072569447
10393,"/kaggle/input/datasets/arafatrahmann/my-data221/Epic and CSCR hospital Dataset/Test/glioma/G_83_VF_.jpg",0,glioma,0,glioma,0.9808096886,0.0049675638,0.0065228147,0.0076999292
10395,"/kaggle/input/datasets/arafatrahmann/my-data221/Epic and CSCR hospital Dataset/Test/glioma/G_84_BR_.jpg",0,glioma,0,glioma,0.9827779531,0.0045049423,0.0070133945,0.0057037277
10410,"/kaggle/input/datasets/arafatrahmann/my-data221/Epic and CSCR hospital Dataset/Test/meningioma/1298.jpg",1,meningioma,1,meningioma,0.0090680625,0.9801613092,0.0046877721,0.0060829152
10412,"/kaggle/input/datasets/arafatrahmann/my-data221/Epic and CSCR hospital Dataset/Test/meningioma/1447.jpg",1,meningioma,1,meningioma,0.0107660126,0.9776105881,0.0052184248,0.0064049750
10413,"/kaggle/input/datasets/arafatrahmann/my-data221/Epic and CSCR hospital Dataset/Test/meningioma/1448.jpg",1,meningioma,1,meningioma,0.0095000286,0.9803249240,0.0045532789,0.0056217848
10422,"/kaggle/input/datasets/arafatrahmann/my-data221/Epic and CSCR hospital Dataset/Test/meningioma/1457.jpg",1,meningioma,1,meningioma,0.0076307869,0.9825007319,0.0046894522,0.0051790285
10429,"/kaggle/input/datasets/arafatrahmann/my-data221/Epic and CSCR hospital Dataset/Test/meningioma/1464.jpg",1,meningioma,1,meningioma,0.0071799727,0.9824302793,0.0047843014,0.0056055277
10435,"/kaggle/input/datasets/arafatrahmann/my-data221/Epic and CSCR hospital Dataset/Test/meningioma/1470.jpg",1,meningioma,1,meningioma,0.0101973526,0.9781339765,0.0053240582,0.0063445768
10438,"/kaggle/input/datasets/arafatrahmann/my-data221/Epic and CSCR hospital Dataset/Test/meningioma/1473.jpg",1,meningioma,1,meningioma,0.0094534662,0.9795455933,0.0046425108,0.0063584847
10447,"/kaggle/input/datasets/arafatrahmann/my-data221/Epic and CSCR hospital Dataset/Test/meningioma/1482.jpg",1,meningioma,1,meningioma,0.0117093492,0.9767886996,0.0047683073,0.0067336545
10458,"/kaggle/input/datasets/arafatrahmann/my-data221/Epic and CSCR hospital Dataset/Test/meningioma/1493.jpg",1,meningioma,1,meningioma,0.0107498774,0.9780879021,0.0047744936,0.0063877082
10465,"/kaggle/input/datasets/arafatrahmann/my-data221/Epic and CSCR hospital Dataset/Test/meningioma/1500.jpg",1,meningioma,1,meningioma,0.0093249530,0.9801956415,0.0046253516,0.0058540078
10468,"/kaggle/input/datasets/arafatrahmann/my-data221/Epic and CSCR hospital Dataset/Test/meningioma/1503.jpg",1,meningioma,1,meningioma,0.0078889178,0.9815778732,0.0050327266,0.0055004936
10472,"/kaggle/input/datasets/arafatrahmann/my-data221/Epic and CSCR hospital Dataset/Test/meningioma/1507.jpg",1,meningioma,1,meningioma,0.0108107449,0.9781600833,0.0047395946,0.0062896153
10476,"/kaggle/input/datasets/arafatrahmann/my-data221/Epic and CSCR hospital Dataset/Test/meningioma/1511.jpg",1,meningioma,1,meningioma,0.0133934738,0.9747799039,0.0047878008,0.0070388503
10478,"/kaggle/input/datasets/arafatrahmann/my-data221/Epic and CSCR hospital Dataset/Test/meningioma/1513.jpg",1,meningioma,1,meningioma,0.0148191582,0.9722280502,0.0052975276,0.0076552248
10480,"/kaggle/input/datasets/arafatrahmann/my-data221/Epic and CSCR hospital Dataset/Test/meningioma/1515.jpg",1,meningioma,1,meningioma,0.0093615903,0.9793339968,0.0048237625,0.0064807585
10490,"/kaggle/input/datasets/arafatrahmann/my-data221/Epic and CSCR hospital Dataset/Test/meningioma/1534.jpg",1,meningioma,1,meningioma,0.0093548335,0.9806132317,0.0045706788,0.0054612453
10492,"/kaggle/input/datasets/arafatrahmann/my-data221/Epic and CSCR hospital Dataset/Test/meningioma/1536.jpg",1,meningioma,1,meningioma,0.0085908454,0.9805084467,0.0048317863,0.0060689314
10496,"/kaggle/input/datasets/arafatrahmann/my-data221/Epic and CSCR hospital Dataset/Test/meningioma/1540.jpg",1,meningioma,1,meningioma,0.0104143005,0.9785764813,0.0047598989,0.0062493710
10497,"/kaggle/input/datasets/arafatrahmann/my-data221/Epic and CSCR hospital Dataset/Test/meningioma/1541.jpg",1,meningioma,1,meningioma,0.0114546670,0.9769058228,0.0050945655,0.0065448890
10503,"/kaggle/input/datasets/arafatrahmann/my-data221/Epic and CSCR hospital Dataset/Test/meningioma/1547.jpg",1,meningioma,1,meningioma,0.0104733147,0.9787836075,0.0045413533,0.0062016686
10510,"/kaggle/input/datasets/arafatrahmann/my-data221/Epic and CSCR hospital Dataset/Test/meningioma/1554.jpg",1,meningioma,1,meningioma,0.0311237462,0.9552760124,0.0048358925,0.0087643564
10513,"/kaggle/input/datasets/arafatrahmann/my-data221/Epic and CSCR hospital Dataset/Test/meningioma/M_776_HF_.jpg",1,meningioma,1,meningioma,0.0104512498,0.9786184430,0.0046800780,0.0062502166
10517,"/kaggle/input/datasets/arafatrahmann/my-data221/Epic and CSCR hospital Dataset/Test/meningioma/M_777.jpg",1,meningioma,1,meningioma,0.0090011228,0.9804145098,0.0045609963,0.0060234247
10523,"/kaggle/input/datasets/arafatrahmann/my-data221/Epic and CSCR hospital Dataset/Test/meningioma/M_777_VF_.jpg",1,meningioma,1,meningioma,0.0129977958,0.9751669765,0.0047780862,0.0070570568
10530,"/kaggle/input/datasets/arafatrahmann/my-data221/Epic and CSCR hospital Dataset/Test/meningioma/M_778_VF_.jpg",1,meningioma,1,meningioma,0.0079306103,0.9815557599,0.0050280089,0.0054855430
10532,"/kaggle/input/datasets/arafatrahmann/my-data221/Epic and CSCR hospital Dataset/Test/meningioma/M_779_BR_.jpg",1,meningioma,1,meningioma,0.0079509225,0.9810079336,0.0050643017,0.0059767859
10538,"/kaggle/input/datasets/arafatrahmann/my-data221/Epic and CSCR hospital Dataset/Test/meningioma/M_77_DA_.jpg",1,meningioma,1,meningioma,0.0114640985,0.9777444601,0.0047829817,0.0060084341
10542,"/kaggle/input/datasets/arafatrahmann/my-data221/Epic and CSCR hospital Dataset/Test/meningioma/M_77_VF_.jpg",1,meningioma,1,meningioma,0.0156784765,0.9718419909,0.0048787743,0.0076008006
10545,"/kaggle/input/datasets/arafatrahmann/my-data221/Epic and CSCR hospital Dataset/Test/meningioma/M_780_BR_.jpg",1,meningioma,1,meningioma,0.0088433344,0.9803262949,0.0050182962,0.0058121691
10552,"/kaggle/input/datasets/arafatrahmann/my-data221/Epic and CSCR hospital Dataset/Test/meningioma/M_781_BR_.jpg",1,meningioma,1,meningioma,0.0093970122,0.9796153307,0.0050527612,0.0059349225
10553,"/kaggle/input/datasets/arafatrahmann/my-data221/Epic and CSCR hospital Dataset/Test/meningioma/M_781_DA_.jpg",1,meningioma,1,meningioma,0.0107724871,0.9780213237,0.0049541104,0.0062521114
10558,"/kaggle/input/datasets/arafatrahmann/my-data221/Epic and CSCR hospital Dataset/Test/meningioma/M_782.jpg",1,meningioma,1,meningioma,0.0102974568,0.9789501429,0.0045810891,0.0061713625
10560,"/kaggle/input/datasets/arafatrahmann/my-data221/Epic and CSCR hospital Dataset/Test/meningioma/M_782_DA_.jpg",1,meningioma,1,meningioma,0.0101156775,0.9793985486,0.0046891412,0.0057966551
10563,"/kaggle/input/datasets/arafatrahmann/my-data221/Epic and CSCR hospital Dataset/Test/meningioma/M_782_SP_.jpg",1,meningioma,1,meningioma,0.0143257547,0.9738198519,0.0046999319,0.0071544549
10564,"/kaggle/input/datasets/arafatrahmann/my-data221/Epic and CSCR hospital Dataset/Test/meningioma/M_782_VF_.jpg",1,meningioma,1,meningioma,0.0111967083,0.9773885608,0.0047354316,0.0066792807
10565,"/kaggle/input/datasets/arafatrahmann/my-data221/Epic and CSCR hospital Dataset/Test/meningioma/M_783.jpg",1,meningioma,1,meningioma,0.0129612535,0.9754832387,0.0047027883,0.0068527237
10568,"/kaggle/input/datasets/arafatrahmann/my-data221/Epic and CSCR hospital Dataset/Test/meningioma/M_783_HF_.jpg",1,meningioma,1,meningioma,0.0121592451,0.9763410687,0.0047194432,0.0067802742
10569,"/kaggle/input/datasets/arafatrahmann/my-data221/Epic and CSCR hospital Dataset/Test/meningioma/M_783_RO_.jpg",1,meningioma,1,meningioma,0.0157842729,0.9713866115,0.0049598254,0.0078692576
10571,"/kaggle/input/datasets/arafatrahmann/my-data221/Epic and CSCR hospital Dataset/Test/meningioma/M_783_VF_.jpg",1,meningioma,1,meningioma,0.0228437968,0.9648032188,0.0050876918,0.0072653601
10574,"/kaggle/input/datasets/arafatrahmann/my-data221/Epic and CSCR hospital Dataset/Test/meningioma/M_784_DA_.jpg",1,meningioma,1,meningioma,0.0088869277,0.9805089235,0.0046254313,0.0059787408
10580,"/kaggle/input/datasets/arafatrahmann/my-data221/Epic and CSCR hospital Dataset/Test/meningioma/M_785_BR_.jpg",1,meningioma,1,meningioma,0.0084127374,0.9811400175,0.0049557108,0.0054914691
10582,"/kaggle/input/datasets/arafatrahmann/my-data221/Epic and CSCR hospital Dataset/Test/meningioma/M_785_HF_.jpg",1,meningioma,1,meningioma,0.0097866450,0.9798853993,0.0046282401,0.0056997975
10595,"/kaggle/input/datasets/arafatrahmann/my-data221/Epic and CSCR hospital Dataset/Test/meningioma/M_787_DA_.jpg",1,meningioma,1,meningioma,0.0102790948,0.9791078568,0.0048182947,0.0057948120
10597,"/kaggle/input/datasets/arafatrahmann/my-data221/Epic and CSCR hospital Dataset/Test/meningioma/M_787_RO_.jpg",1,meningioma,1,meningioma,0.0106436284,0.9783121943,0.0050190142,0.0060251532
10599,"/kaggle/input/datasets/arafatrahmann/my-data221/Epic and CSCR hospital Dataset/Test/meningioma/M_787_VF_.jpg",1,meningioma,1,meningioma,0.0111224484,0.9780014753,0.0046267016,0.0062493002
10604,"/kaggle/input/datasets/arafatrahmann/my-data221/Epic and CSCR hospital Dataset/Test/meningioma/M_788_RO_.jpg",1,meningioma,1,meningioma,0.0146731641,0.9732149243,0.0051042577,0.0070076203
10605,"/kaggle/input/datasets/arafatrahmann/my-data221/Epic and CSCR hospital Dataset/Test/meningioma/M_788_SP_.jpg",1,meningioma,1,meningioma,0.0159512497,0.9725068808,0.0047404380,0.0068013519
10608,"/kaggle/input/datasets/arafatrahmann/my-data221/Epic and CSCR hospital Dataset/Test/meningioma/M_789_BR_.jpg",1,meningioma,1,meningioma,0.0081021748,0.9810622931,0.0050109914,0.0058245668
10616,"/kaggle/input/datasets/arafatrahmann/my-data221/Epic and CSCR hospital Dataset/Test/meningioma/M_78_HF_.jpg",1,meningioma,1,meningioma,0.0106916735,0.9781514406,0.0045985240,0.0065583438
10624,"/kaggle/input/datasets/arafatrahmann/my-data221/Epic and CSCR hospital Dataset/Test/meningioma/M_790_HF_.jpg",1,meningioma,1,meningioma,0.0089356322,0.9799126387,0.0047930181,0.0063586133
10625,"/kaggle/input/datasets/arafatrahmann/my-data221/Epic and CSCR hospital Dataset/Test/meningioma/M_790_RO_.jpg",1,meningioma,1,meningioma,0.0093138758,0.9793839455,0.0048578093,0.0064443476
10627,"/kaggle/input/datasets/arafatrahmann/my-data221/Epic and CSCR hospital Dataset/Test/meningioma/M_790_VF_.jpg",1,meningioma,1,meningioma,0.0104357414,0.9781362414,0.0047744056,0.0066535948
10630,"/kaggle/input/datasets/arafatrahmann/my-data221/Epic and CSCR hospital Dataset/Test/meningioma/M_791_DA_.jpg",1,meningioma,1,meningioma,0.0125862677,0.9753985405,0.0050739478,0.0069413348
10638,"/kaggle/input/datasets/arafatrahmann/my-data221/Epic and CSCR hospital Dataset/Test/meningioma/M_792_HF_.jpg",1,meningioma,1,meningioma,0.0069531775,0.9825698137,0.0047399881,0.0057370276
10643,"/kaggle/input/datasets/arafatrahmann/my-data221/Epic and CSCR hospital Dataset/Test/meningioma/M_793_BR_.jpg",1,meningioma,1,meningioma,0.0083433772,0.9809929132,0.0048626615,0.0058009946
10646,"/kaggle/input/datasets/arafatrahmann/my-data221/Epic and CSCR hospital Dataset/Test/meningioma/M_793_RO_.jpg",1,meningioma,1,meningioma,0.0130156558,0.9750665426,0.0045605628,0.0073571475
10649,"/kaggle/input/datasets/arafatrahmann/my-data221/Epic and CSCR hospital Dataset/Test/meningioma/M_794.jpg",1,meningioma,1,meningioma,0.0142039787,0.9738987684,0.0046115122,0.0072857118
10651,"/kaggle/input/datasets/arafatrahmann/my-data221/Epic and CSCR hospital Dataset/Test/meningioma/M_794_DA_.jpg",1,meningioma,1,meningioma,0.0119890990,0.9761499166,0.0048198104,0.0070411512
10652,"/kaggle/input/datasets/arafatrahmann/my-data221/Epic and CSCR hospital Dataset/Test/meningioma/M_794_HF_.jpg",1,meningioma,1,meningioma,0.0119390171,0.9769564867,0.0045399717,0.0065645264
10655,"/kaggle/input/datasets/arafatrahmann/my-data221/Epic and CSCR hospital Dataset/Test/meningioma/M_794_VF_.jpg",1,meningioma,1,meningioma,0.0141201094,0.9742885828,0.0046921759,0.0068990514
10656,"/kaggle/input/datasets/arafatrahmann/my-data221/Epic and CSCR hospital Dataset/Test/meningioma/M_795.jpg",1,meningioma,1,meningioma,0.0108959787,0.9780356288,0.0044639693,0.0066043856
10660,"/kaggle/input/datasets/arafatrahmann/my-data221/Epic and CSCR hospital Dataset/Test/meningioma/M_795_RO_.jpg",1,meningioma,1,meningioma,0.0103374552,0.9786024094,0.0045048804,0.0065553682
10664,"/kaggle/input/datasets/arafatrahmann/my-data221/Epic and CSCR hospital Dataset/Test/meningioma/M_796_BR_.jpg",1,meningioma,1,meningioma,0.0073272609,0.9819358587,0.0050138156,0.0057230205
10669,"/kaggle/input/datasets/arafatrahmann/my-data221/Epic and CSCR hospital Dataset/Test/meningioma/M_796_VF_.jpg",1,meningioma,1,meningioma,0.0090903249,0.9805908203,0.0045853537,0.0057334127
10671,"/kaggle/input/datasets/arafatrahmann/my-data221/Epic and CSCR hospital Dataset/Test/meningioma/M_797_BR_.jpg",1,meningioma,1,meningioma,0.0075563244,0.9821519852,0.0049192067,0.0053725513
10673,"/kaggle/input/datasets/arafatrahmann/my-data221/Epic and CSCR hospital Dataset/Test/meningioma/M_797_HF_.jpg",1,meningioma,1,meningioma,0.0087670814,0.9809466600,0.0046837544,0.0056025353
10683,"/kaggle/input/datasets/arafatrahmann/my-data221/Epic and CSCR hospital Dataset/Test/meningioma/M_798_VF_.jpg",1,meningioma,1,meningioma,0.0085265953,0.9810277224,0.0045989486,0.0058467938
10684,"/kaggle/input/datasets/arafatrahmann/my-data221/Epic and CSCR hospital Dataset/Test/meningioma/M_799.jpg",1,meningioma,1,meningioma,0.0091416407,0.9799378514,0.0046505062,0.0062699718
10687,"/kaggle/input/datasets/arafatrahmann/my-data221/Epic and CSCR hospital Dataset/Test/meningioma/M_799_HF_.jpg",1,meningioma,1,meningioma,0.0092437807,0.9798749685,0.0047517223,0.0061295084
10688,"/kaggle/input/datasets/arafatrahmann/my-data221/Epic and CSCR hospital Dataset/Test/meningioma/M_799_RO_.jpg",1,meningioma,1,meningioma,0.0088900458,0.9800101519,0.0047162240,0.0063835755
10693,"/kaggle/input/datasets/arafatrahmann/my-data221/Epic and CSCR hospital Dataset/Test/meningioma/M_79_HF_.jpg",1,meningioma,1,meningioma,0.0095495982,0.9796860814,0.0048417393,0.0059226057
10697,"/kaggle/input/datasets/arafatrahmann/my-data221/Epic and CSCR hospital Dataset/Test/meningioma/M_7_BR_.jpg",1,meningioma,1,meningioma,0.0094904201,0.9795187116,0.0048722140,0.0061186366
10699,"/kaggle/input/datasets/arafatrahmann/my-data221/Epic and CSCR hospital Dataset/Test/meningioma/M_7_HF_.jpg",1,meningioma,1,meningioma,0.0113560855,0.9771763682,0.0048879636,0.0065794936
10702,"/kaggle/input/datasets/arafatrahmann/my-data221/Epic and CSCR hospital Dataset/Test/meningioma/M_7_VF_.jpg",1,meningioma,1,meningioma,0.0142545430,0.9703030586,0.0058372044,0.0096051376
10704,"/kaggle/input/datasets/arafatrahmann/my-data221/Epic and CSCR hospital Dataset/Test/meningioma/M_80.jpg",1,meningioma,1,meningioma,0.0104554994,0.9786405563,0.0046472750,0.0062567093
10706,"/kaggle/input/datasets/arafatrahmann/my-data221/Epic and CSCR hospital Dataset/Test/meningioma/M_800_BR_.jpg",1,meningioma,1,meningioma,0.0101288920,0.9783838987,0.0051657334,0.0063214279
10709,"/kaggle/input/datasets/arafatrahmann/my-data221/Epic and CSCR hospital Dataset/Test/meningioma/M_800_RO_.jpg",1,meningioma,1,meningioma,0.0103042740,0.9786626697,0.0048078559,0.0062251408
10710,"/kaggle/input/datasets/arafatrahmann/my-data221/Epic and CSCR hospital Dataset/Test/meningioma/M_800_SP_.jpg",1,meningioma,1,meningioma,0.0154769775,0.9730436206,0.0048328685,0.0066466318
10733,"/kaggle/input/datasets/arafatrahmann/my-data221/Epic and CSCR hospital Dataset/Test/meningioma/M_804.jpg",1,meningioma,1,meningioma,0.0110102696,0.9767548442,0.0047924132,0.0074425265
10735,"/kaggle/input/datasets/arafatrahmann/my-data221/Epic and CSCR hospital Dataset/Test/meningioma/M_804_DA_.jpg",1,meningioma,1,meningioma,0.0128594767,0.9744433165,0.0048667416,0.0078304801
10739,"/kaggle/input/datasets/arafatrahmann/my-data221/Epic and CSCR hospital Dataset/Test/meningioma/M_804_VF_.jpg",1,meningioma,1,meningioma,0.0150496559,0.9721038938,0.0049816780,0.0078647817
10747,"/kaggle/input/datasets/arafatrahmann/my-data221/Epic and CSCR hospital Dataset/Test/meningioma/M_806.jpg",1,meningioma,1,meningioma,0.0101549271,0.9784173965,0.0047478443,0.0066798306
10749,"/kaggle/input/datasets/arafatrahmann/my-data221/Epic and CSCR hospital Dataset/Test/meningioma/M_806_DA_.jpg",1,meningioma,1,meningioma,0.0107872011,0.9776734114,0.0047809104,0.0067584328
10754,"/kaggle/input/datasets/arafatrahmann/my-data221/Epic and CSCR hospital Dataset/Test/meningioma/M_807.jpg",1,meningioma,1,meningioma,0.0090048416,0.9799305201,0.0047330363,0.0063316324
10760,"/kaggle/input/datasets/arafatrahmann/my-data221/Epic and CSCR hospital Dataset/Test/meningioma/M_807_VF_.jpg",1,meningioma,1,meningioma,0.0103005236,0.9780874252,0.0047228471,0.0068892031
10763,"/kaggle/input/datasets/arafatrahmann/my-data221/Epic and CSCR hospital Dataset/Test/meningioma/M_808_DA_.jpg",1,meningioma,1,meningioma,0.0163867064,0.9692260623,0.0049654786,0.0094218897
10776,"/kaggle/input/datasets/arafatrahmann/my-data221/Epic and CSCR hospital Dataset/Test/meningioma/M_80_DA_.jpg",1,meningioma,1,meningioma,0.0106838690,0.9787299037,0.0048070820,0.0057791662
10777,"/kaggle/input/datasets/arafatrahmann/my-data221/Epic and CSCR hospital Dataset/Test/meningioma/M_80_HF_.jpg",1,meningioma,1,meningioma,0.0097861737,0.9794046283,0.0046214703,0.0061876820
10780,"/kaggle/input/datasets/arafatrahmann/my-data221/Epic and CSCR hospital Dataset/Test/meningioma/M_80_VF_.jpg",1,meningioma,1,meningioma,0.0174392853,0.9707358479,0.0047501689,0.0070747696
10783,"/kaggle/input/datasets/arafatrahmann/my-data221/Epic and CSCR hospital Dataset/Test/meningioma/M_810_BR_.jpg",1,meningioma,1,meningioma,0.0105412509,0.9775789976,0.0048571983,0.0070225270
10786,"/kaggle/input/datasets/arafatrahmann/my-data221/Epic and CSCR hospital Dataset/Test/meningioma/M_810_RO_.jpg",1,meningioma,1,meningioma,0.0137472320,0.9725040197,0.0046592955,0.0090894494
10788,"/kaggle/input/datasets/arafatrahmann/my-data221/Epic and CSCR hospital Dataset/Test/meningioma/M_810_VF_.jpg",1,meningioma,1,meningioma,0.0202520583,0.9650517702,0.0051053958,0.0095908139
10792,"/kaggle/input/datasets/arafatrahmann/my-data221/Epic and CSCR hospital Dataset/Test/meningioma/M_811_HF_.jpg",1,meningioma,1,meningioma,0.0093819927,0.9796436429,0.0044412035,0.0065331995
10810,"/kaggle/input/datasets/arafatrahmann/my-data221/Epic and CSCR hospital Dataset/Test/meningioma/M_814.jpg",1,meningioma,1,meningioma,0.0084835049,0.9810131788,0.0046903687,0.0058128675
10827,"/kaggle/input/datasets/arafatrahmann/my-data221/Epic and CSCR hospital Dataset/Test/meningioma/M_816_HF_.jpg",1,meningioma,1,meningioma,0.0107192416,0.9779206514,0.0047187195,0.0066414280
10855,"/kaggle/input/datasets/arafatrahmann/my-data221/Epic and CSCR hospital Dataset/Test/meningioma/M_82_DA_.jpg",1,meningioma,1,meningioma,0.0091814157,0.9804633260,0.0047514457,0.0056038704
10859,"/kaggle/input/datasets/arafatrahmann/my-data221/Epic and CSCR hospital Dataset/Test/meningioma/M_82_VF_.jpg",1,meningioma,1,meningioma,0.0130078942,0.9752691984,0.0047657304,0.0069570541
10862,"/kaggle/input/datasets/arafatrahmann/my-data221/Epic and CSCR hospital Dataset/Test/meningioma/M_83_DA_.jpg",1,meningioma,1,meningioma,0.0097520612,0.9795511365,0.0048907911,0.0058060042
10867,"/kaggle/input/datasets/arafatrahmann/my-data221/Epic and CSCR hospital Dataset/Test/meningioma/M_84.jpg",1,meningioma,1,meningioma,0.0117016435,0.9768211246,0.0047475537,0.0067296424
10871,"/kaggle/input/datasets/arafatrahmann/my-data221/Epic and CSCR hospital Dataset/Test/meningioma/M_84_RO_.jpg",1,meningioma,1,meningioma,0.0132112009,0.9744790196,0.0048452700,0.0074644922
10876,"/kaggle/input/datasets/arafatrahmann/my-data221/Epic and CSCR hospital Dataset/Test/meningioma/M_85_DA_.jpg",1,meningioma,1,meningioma,0.0120278513,0.9761706591,0.0049048355,0.0068967184
10877,"/kaggle/input/datasets/arafatrahmann/my-data221/Epic and CSCR hospital Dataset/Test/meningioma/M_85_HF_.jpg",1,meningioma,1,meningioma,0.0104905665,0.9784264565,0.0046749832,0.0064079151
10879,"/kaggle/input/datasets/arafatrahmann/my-data221/Epic and CSCR hospital Dataset/Test/meningioma/M_85_SP_.jpg",1,meningioma,1,meningioma,0.0275810119,0.9564296603,0.0050124680,0.0109767355
10884,"/kaggle/input/datasets/arafatrahmann/my-data221/Epic and CSCR hospital Dataset/Test/meningioma/M_86_HF_.jpg",1,meningioma,1,meningioma,0.0102378726,0.9787376523,0.0046578064,0.0063666860
10887,"/kaggle/input/datasets/arafatrahmann/my-data221/Epic and CSCR hospital Dataset/Test/meningioma/M_86_VF_.jpg",1,meningioma,1,meningioma,0.0219845437,0.9653787613,0.0048968326,0.0077399076
10896,"/kaggle/input/datasets/arafatrahmann/my-data221/Epic and CSCR hospital Dataset/Test/meningioma/image(1).jpg",1,meningioma,1,meningioma,0.0114446115,0.9768952131,0.0052090078,0.0064511388
10897,"/kaggle/input/datasets/arafatrahmann/my-data221/Epic and CSCR hospital Dataset/Test/meningioma/image(10).jpg",1,meningioma,0,glioma,0.7528575659,0.2322489470,0.0061406917,0.0087528192
10902,"/kaggle/input/datasets/arafatrahmann/my-data221/Epic and CSCR hospital Dataset/Test/meningioma/image(109).jpg",1,meningioma,1,meningioma,0.0084014032,0.9807831049,0.0049500377,0.0058654668
10903,"/kaggle/input/datasets/arafatrahmann/my-data221/Epic and CSCR hospital Dataset/Test/meningioma/image(11).jpg",1,meningioma,1,meningioma,0.0113686398,0.9766103029,0.0047797495,0.0072412877
10905,"/kaggle/input/datasets/arafatrahmann/my-data221/Epic and CSCR hospital Dataset/Test/meningioma/image(113).jpg",1,meningioma,1,meningioma,0.0092771500,0.9796081781,0.0050241412,0.0060905823
10906,"/kaggle/input/datasets/arafatrahmann/my-data221/Epic and CSCR hospital Dataset/Test/meningioma/image(118).jpg",1,meningioma,1,meningioma,0.0082568247,0.9799056053,0.0054432978,0.0063942247
10909,"/kaggle/input/datasets/arafatrahmann/my-data221/Epic and CSCR hospital Dataset/Test/meningioma/image(121).jpg",1,meningioma,1,meningioma,0.0129459891,0.9754449129,0.0049315738,0.0066775419
10917,"/kaggle/input/datasets/arafatrahmann/my-data221/Epic and CSCR hospital Dataset/Test/meningioma/image(2).jpg",1,meningioma,1,meningioma,0.0109334989,0.9769055247,0.0049926457,0.0071683610
10929,"/kaggle/input/datasets/arafatrahmann/my-data221/Epic and CSCR hospital Dataset/Test/meningioma/image(47).jpg",1,meningioma,1,meningioma,0.0112665221,0.9764979482,0.0049449676,0.0072906194
10934,"/kaggle/input/datasets/arafatrahmann/my-data221/Epic and CSCR hospital Dataset/Test/meningioma/image(52).jpg",1,meningioma,1,meningioma,0.0077229985,0.9816851616,0.0050268406,0.0055649960
10935,"/kaggle/input/datasets/arafatrahmann/my-data221/Epic and CSCR hospital Dataset/Test/meningioma/image(53).jpg",1,meningioma,1,meningioma,0.0188740194,0.9540063739,0.0053887488,0.0217308812
10940,"/kaggle/input/datasets/arafatrahmann/my-data221/Epic and CSCR hospital Dataset/Test/meningioma/image(58).jpg",1,meningioma,1,meningioma,0.0109032746,0.9769484401,0.0049735508,0.0071747443
10942,"/kaggle/input/datasets/arafatrahmann/my-data221/Epic and CSCR hospital Dataset/Test/meningioma/image(60).jpg",1,meningioma,1,meningioma,0.0137154330,0.9739053845,0.0049098050,0.0074695153
10953,"/kaggle/input/datasets/arafatrahmann/my-data221/Epic and CSCR hospital Dataset/Test/notumor/1109.jpg",2,notumor,2,notumor,0.0087929731,0.0057583759,0.9747622609,0.0106864721
10954,"/kaggle/input/datasets/arafatrahmann/my-data221/Epic and CSCR hospital Dataset/Test/notumor/1110.jpg",2,notumor,2,notumor,0.0093716346,0.0054431041,0.9744677544,0.0107175205
10956,"/kaggle/input/datasets/arafatrahmann/my-data221/Epic and CSCR hospital Dataset/Test/notumor/1112.jpg",2,notumor,2,notumor,0.0077586062,0.0062328251,0.9749032855,0.0111052031
10959,"/kaggle/input/datasets/arafatrahmann/my-data221/Epic and CSCR hospital Dataset/Test/notumor/1115.jpg",2,notumor,2,notumor,0.0092591494,0.0054930691,0.9746479988,0.0105999103
10964,"/kaggle/input/datasets/arafatrahmann/my-data221/Epic and CSCR hospital Dataset/Test/notumor/1120.jpg",2,notumor,2,notumor,0.0088869380,0.0054732873,0.9742804766,0.0113593927
10967,"/kaggle/input/datasets/arafatrahmann/my-data221/Epic and CSCR hospital Dataset/Test/notumor/1123.jpg",2,notumor,2,notumor,0.0078580538,0.0060475888,0.9749153852,0.0111789498
10971,"/kaggle/input/datasets/arafatrahmann/my-data221/Epic and CSCR hospital Dataset/Test/notumor/1127.jpg",2,notumor,2,notumor,0.0082731340,0.0052003954,0.9734885097,0.0130380075
10979,"/kaggle/input/datasets/arafatrahmann/my-data221/Epic and CSCR hospital Dataset/Test/notumor/1135.jpg",2,notumor,2,notumor,0.0086349221,0.0055805678,0.9749482274,0.0108362902
10981,"/kaggle/input/datasets/arafatrahmann/my-data221/Epic and CSCR hospital Dataset/Test/notumor/1137.jpg",2,notumor,2,notumor,0.0076654055,0.0061353487,0.9750221968,0.0111770015
10983,"/kaggle/input/datasets/arafatrahmann/my-data221/Epic and CSCR hospital Dataset/Test/notumor/1139.jpg",2,notumor,2,notumor,0.0082076741,0.0054879528,0.9740386009,0.0122657856
10986,"/kaggle/input/datasets/arafatrahmann/my-data221/Epic and CSCR hospital Dataset/Test/notumor/1142.jpg",2,notumor,2,notumor,0.0092076948,0.0059219869,0.9747706652,0.0100997062
10987,"/kaggle/input/datasets/arafatrahmann/my-data221/Epic and CSCR hospital Dataset/Test/notumor/1143.jpg",2,notumor,2,notumor,0.0090650860,0.0061143511,0.9744122624,0.0104083251
10989,"/kaggle/input/datasets/arafatrahmann/my-data221/Epic and CSCR hospital Dataset/Test/notumor/1145.jpg",2,notumor,2,notumor,0.0092521170,0.0054981718,0.9743742943,0.0108754123
10995,"/kaggle/input/datasets/arafatrahmann/my-data221/Epic and CSCR hospital Dataset/Test/notumor/1153.jpg",2,notumor,2,notumor,0.0070691248,0.0062338468,0.9726912379,0.0140057905
11002,"/kaggle/input/datasets/arafatrahmann/my-data221/Epic and CSCR hospital Dataset/Test/notumor/1160.jpg",2,notumor,2,notumor,0.0084475968,0.0061779330,0.9745944738,0.0107799768
11004,"/kaggle/input/datasets/arafatrahmann/my-data221/Epic and CSCR hospital Dataset/Test/notumor/1162.jpg",2,notumor,2,notumor,0.0089967931,0.0075356527,0.9745714068,0.0088960398
11008,"/kaggle/input/datasets/arafatrahmann/my-data221/Epic and CSCR hospital Dataset/Test/notumor/1166.jpg",2,notumor,2,notumor,0.0083230501,0.0054733548,0.9742466211,0.0119570568
11017,"/kaggle/input/datasets/arafatrahmann/my-data221/Epic and CSCR hospital Dataset/Test/notumor/1175.jpg",2,notumor,2,notumor,0.0082078278,0.0064039333,0.9753154516,0.0100727715
11019,"/kaggle/input/datasets/arafatrahmann/my-data221/Epic and CSCR hospital Dataset/Test/notumor/1177.jpg",2,notumor,2,notumor,0.0087464275,0.0057319105,0.9747537374,0.0107679591
11021,"/kaggle/input/datasets/arafatrahmann/my-data221/Epic and CSCR hospital Dataset/Test/notumor/1179.jpg",2,notumor,2,notumor,0.0081575420,0.0058177994,0.9747771025,0.0112474840
11026,"/kaggle/input/datasets/arafatrahmann/my-data221/Epic and CSCR hospital Dataset/Test/notumor/1184.jpg",2,notumor,2,notumor,0.0089484919,0.0057786237,0.9745801687,0.0106927063
11030,"/kaggle/input/datasets/arafatrahmann/my-data221/Epic and CSCR hospital Dataset/Test/notumor/1188.jpg",2,notumor,2,notumor,0.0074387863,0.0062552691,0.9747108221,0.0115951402
11039,"/kaggle/input/datasets/arafatrahmann/my-data221/Epic and CSCR hospital Dataset/Test/notumor/1197.jpg",2,notumor,2,notumor,0.0081752399,0.0058246488,0.9747971296,0.0112029174
11045,"/kaggle/input/datasets/arafatrahmann/my-data221/Epic and CSCR hospital Dataset/Test/notumor/1203.jpg",2,notumor,2,notumor,0.0080836909,0.0059604817,0.9749445915,0.0110111823
11048,"/kaggle/input/datasets/arafatrahmann/my-data221/Epic and CSCR hospital Dataset/Test/notumor/1206.jpg",2,notumor,2,notumor,0.0087225605,0.0057725022,0.9748368263,0.0106681138
11053,"/kaggle/input/datasets/arafatrahmann/my-data221/Epic and CSCR hospital Dataset/Test/notumor/1211.jpg",2,notumor,2,notumor,0.0082160803,0.0059431954,0.9748772383,0.0109634958
11060,"/kaggle/input/datasets/arafatrahmann/my-data221/Epic and CSCR hospital Dataset/Test/notumor/1218.jpg",2,notumor,2,notumor,0.0077317404,0.0061488063,0.9749940038,0.0111254677
11064,"/kaggle/input/datasets/arafatrahmann/my-data221/Epic and CSCR hospital Dataset/Test/notumor/1222.jpg",2,notumor,2,notumor,0.0079613794,0.0060166451,0.9748295546,0.0111924335
11073,"/kaggle/input/datasets/arafatrahmann/my-data221/Epic and CSCR hospital Dataset/Test/notumor/1231.jpg",2,notumor,2,notumor,0.0083363242,0.0061599975,0.9749595523,0.0105441678
11076,"/kaggle/input/datasets/arafatrahmann/my-data221/Epic and CSCR hospital Dataset/Test/notumor/1234.jpg",2,notumor,2,notumor,0.0079250298,0.0059888852,0.9748592377,0.0112268189
11077,"/kaggle/input/datasets/arafatrahmann/my-data221/Epic and CSCR hospital Dataset/Test/notumor/1235.jpg",2,notumor,2,notumor,0.0084938165,0.0053438758,0.9741687775,0.0119935032
11089,"/kaggle/input/datasets/arafatrahmann/my-data221/Epic and CSCR hospital Dataset/Test/notumor/1247.jpg",2,notumor,2,notumor,0.0092951041,0.0054365098,0.9745451212,0.0107231829
11096,"/kaggle/input/datasets/arafatrahmann/my-data221/Epic and CSCR hospital Dataset/Test/notumor/1254.jpg",2,notumor,2,notumor,0.0081241885,0.0059903180,0.9749334455,0.0109520908
11099,"/kaggle/input/datasets/arafatrahmann/my-data221/Epic and CSCR hospital Dataset/Test/notumor/1257.jpg",2,notumor,2,notumor,0.0082389247,0.0055650151,0.9741485715,0.0120474631
11106,"/kaggle/input/datasets/arafatrahmann/my-data221/Epic and CSCR hospital Dataset/Test/notumor/1264.jpg",2,notumor,2,notumor,0.0083397850,0.0052566128,0.9739195108,0.0124841789
11108,"/kaggle/input/datasets/arafatrahmann/my-data221/Epic and CSCR hospital Dataset/Test/notumor/1266.jpg",2,notumor,2,notumor,0.0080869244,0.0061770002,0.9749916792,0.0107443370
11109,"/kaggle/input/datasets/arafatrahmann/my-data221/Epic and CSCR hospital Dataset/Test/notumor/1267.jpg",2,notumor,2,notumor,0.0130652161,0.0057722777,0.9715400934,0.0096224789
11110,"/kaggle/input/datasets/arafatrahmann/my-data221/Epic and CSCR hospital Dataset/Test/notumor/1268.jpg",2,notumor,2,notumor,0.0082217241,0.0059867003,0.9749456644,0.0108459648
11113,"/kaggle/input/datasets/arafatrahmann/my-data221/Epic and CSCR hospital Dataset/Test/notumor/1271.jpg",2,notumor,2,notumor,0.0081506455,0.0056942971,0.9746701121,0.0114849145
11117,"/kaggle/input/datasets/arafatrahmann/my-data221/Epic and CSCR hospital Dataset/Test/notumor/1275.jpg",2,notumor,2,notumor,0.0079833996,0.0060058450,0.9749386907,0.0110720042
11118,"/kaggle/input/datasets/arafatrahmann/my-data221/Epic and CSCR hospital Dataset/Test/notumor/1276.jpg",2,notumor,2,notumor,0.0080261882,0.0060045277,0.9749393463,0.0110299354
11120,"/kaggle/input/datasets/arafatrahmann/my-data221/Epic and CSCR hospital Dataset/Test/notumor/1278.jpg",2,notumor,2,notumor,0.0082452204,0.0055915383,0.9748684764,0.0112948241
11124,"/kaggle/input/datasets/arafatrahmann/my-data221/Epic and CSCR hospital Dataset/Test/notumor/1282.jpg",2,notumor,2,notumor,0.0079495730,0.0065094084,0.9750478864,0.0104931165
11126,"/kaggle/input/datasets/arafatrahmann/my-data221/Epic and CSCR hospital Dataset/Test/notumor/1284.jpg",2,notumor,2,notumor,0.0079148952,0.0065391688,0.9750455618,0.0105003743
11147,"/kaggle/input/datasets/arafatrahmann/my-data221/Epic and CSCR hospital Dataset/Test/notumor/1305.jpg",2,notumor,2,notumor,0.0083027156,0.0055246158,0.9741464853,0.0120261163
11151,"/kaggle/input/datasets/arafatrahmann/my-data221/Epic and CSCR hospital Dataset/Test/notumor/1309.jpg",2,notumor,2,notumor,0.0093668420,0.0060873036,0.9747675061,0.0097783692
11153,"/kaggle/input/datasets/arafatrahmann/my-data221/Epic and CSCR hospital Dataset/Test/notumor/1311.jpg",2,notumor,2,notumor,0.0081375791,0.0060120150,0.9749646187,0.0108858366
11155,"/kaggle/input/datasets/arafatrahmann/my-data221/Epic and CSCR hospital Dataset/Test/notumor/1313.jpg",2,notumor,2,notumor,0.0088719446,0.0056817825,0.9751263857,0.0103199240
11158,"/kaggle/input/datasets/arafatrahmann/my-data221/Epic and CSCR hospital Dataset/Test/notumor/1316.jpg",2,notumor,2,notumor,0.0079511954,0.0060381265,0.9749342799,0.0110763898
11162,"/kaggle/input/datasets/arafatrahmann/my-data221/Epic and CSCR hospital Dataset/Test/notumor/1320.jpg",2,notumor,2,notumor,0.0092407875,0.0063797347,0.9747392535,0.0096401758
11167,"/kaggle/input/datasets/arafatrahmann/my-data221/Epic and CSCR hospital Dataset/Test/notumor/1325.jpg",2,notumor,2,notumor,0.0087603061,0.0058834148,0.9750120044,0.0103442734
11175,"/kaggle/input/datasets/arafatrahmann/my-data221/Epic and CSCR hospital Dataset/Test/notumor/1333.jpg",2,notumor,2,notumor,0.0079394262,0.0061874809,0.9751557112,0.0107174003
11182,"/kaggle/input/datasets/arafatrahmann/my-data221/Epic and CSCR hospital Dataset/Test/notumor/1340.jpg",2,notumor,2,notumor,0.0089052487,0.0055470942,0.9748468399,0.0107007977
11183,"/kaggle/input/datasets/arafatrahmann/my-data221/Epic and CSCR hospital Dataset/Test/notumor/1341.jpg",2,notumor,2,notumor,0.0081963586,0.0061472114,0.9752036333,0.0104528517
11189,"/kaggle/input/datasets/arafatrahmann/my-data221/Epic and CSCR hospital Dataset/Test/notumor/1347.jpg",2,notumor,2,notumor,0.0078954250,0.0062719099,0.9750354886,0.0107972082
11205,"/kaggle/input/datasets/arafatrahmann/my-data221/Epic and CSCR hospital Dataset/Test/notumor/1363.jpg",2,notumor,2,notumor,0.0084911156,0.0061306073,0.9749860764,0.0103922663
11210,"/kaggle/input/datasets/arafatrahmann/my-data221/Epic and CSCR hospital Dataset/Test/notumor/1368.jpg",2,notumor,2,notumor,0.0080865975,0.0060491571,0.9751024246,0.0107618421
11212,"/kaggle/input/datasets/arafatrahmann/my-data221/Epic and CSCR hospital Dataset/Test/notumor/1370.jpg",2,notumor,2,notumor,0.0085211676,0.0052936194,0.9742487073,0.0119365770
11221,"/kaggle/input/datasets/arafatrahmann/my-data221/Epic and CSCR hospital Dataset/Test/notumor/1379.jpg",2,notumor,2,notumor,0.0100748567,0.0060519367,0.9743402600,0.0095329126
11222,"/kaggle/input/datasets/arafatrahmann/my-data221/Epic and CSCR hospital Dataset/Test/notumor/1380.jpg",2,notumor,2,notumor,0.0080435257,0.0060505280,0.9749067426,0.0109991999
11223,"/kaggle/input/datasets/arafatrahmann/my-data221/Epic and CSCR hospital Dataset/Test/notumor/1381.jpg",2,notumor,2,notumor,0.0090199411,0.0063135014,0.9749800563,0.0096864235
11224,"/kaggle/input/datasets/arafatrahmann/my-data221/Epic and CSCR hospital Dataset/Test/notumor/1382.jpg",2,notumor,2,notumor,0.0090325661,0.0054344935,0.9742622375,0.0112707298
11225,"/kaggle/input/datasets/arafatrahmann/my-data221/Epic and CSCR hospital Dataset/Test/notumor/1383.jpg",2,notumor,2,notumor,0.0085005593,0.0057358085,0.9748873711,0.0108762961
11226,"/kaggle/input/datasets/arafatrahmann/my-data221/Epic and CSCR hospital Dataset/Test/notumor/1384.jpg",2,notumor,2,notumor,0.0088599110,0.0055277133,0.9748563766,0.0107560772
11237,"/kaggle/input/datasets/arafatrahmann/my-data221/Epic and CSCR hospital Dataset/Test/notumor/1395.jpg",2,notumor,2,notumor,0.0076833041,0.0061288057,0.9747678041,0.0114201345
11242,"/kaggle/input/datasets/arafatrahmann/my-data221/Epic and CSCR hospital Dataset/Test/notumor/1400.jpg",2,notumor,2,notumor,0.0080037666,0.0060393838,0.9749113321,0.0110455286
11252,"/kaggle/input/datasets/arafatrahmann/my-data221/Epic and CSCR hospital Dataset/Test/notumor/1410.jpg",2,notumor,2,notumor,0.0087834653,0.0051558134,0.9739931822,0.0120674465
11269,"/kaggle/input/datasets/arafatrahmann/my-data221/Epic and CSCR hospital Dataset/Test/notumor/1427.jpg",2,notumor,2,notumor,0.0083469003,0.0051980177,0.9737080336,0.0127470568
11274,"/kaggle/input/datasets/arafatrahmann/my-data221/Epic and CSCR hospital Dataset/Test/notumor/1432.jpg",2,notumor,2,notumor,0.0089466395,0.0056588743,0.9747344851,0.0106600104
11276,"/kaggle/input/datasets/arafatrahmann/my-data221/Epic and CSCR hospital Dataset/Test/notumor/1434.jpg",2,notumor,2,notumor,0.0081143659,0.0060658315,0.9749845266,0.0108352527
11284,"/kaggle/input/datasets/arafatrahmann/my-data221/Epic and CSCR hospital Dataset/Test/notumor/1442.jpg",2,notumor,2,notumor,0.0085056778,0.0053933416,0.9742539525,0.0118470695
11285,"/kaggle/input/datasets/arafatrahmann/my-data221/Epic and CSCR hospital Dataset/Test/notumor/1443.jpg",2,notumor,2,notumor,0.0082430057,0.0052415915,0.9737163782,0.0127990786
11289,"/kaggle/input/datasets/arafatrahmann/my-data221/Epic and CSCR hospital Dataset/Test/notumor/1447.jpg",2,notumor,2,notumor,0.0078229290,0.0059260242,0.9740679860,0.0121831400
11291,"/kaggle/input/datasets/arafatrahmann/my-data221/Epic and CSCR hospital Dataset/Test/notumor/1449.jpg",2,notumor,2,notumor,0.0084642163,0.0054505006,0.9743301272,0.0117552495
11293,"/kaggle/input/datasets/arafatrahmann/my-data221/Epic and CSCR hospital Dataset/Test/notumor/1451.jpg",2,notumor,2,notumor,0.0084327143,0.0057661487,0.9747840166,0.0110171176
11303,"/kaggle/input/datasets/arafatrahmann/my-data221/Epic and CSCR hospital Dataset/Test/notumor/1461.jpg",2,notumor,2,notumor,0.0115149673,0.0057950052,0.9733697176,0.0093204305
11306,"/kaggle/input/datasets/arafatrahmann/my-data221/Epic and CSCR hospital Dataset/Test/notumor/1464.jpg",2,notumor,2,notumor,0.0083600134,0.0053702351,0.9742536545,0.0120160906
11312,"/kaggle/input/datasets/arafatrahmann/my-data221/Epic and CSCR hospital Dataset/Test/notumor/1470.jpg",2,notumor,2,notumor,0.0094264280,0.0107770720,0.9719346166,0.0078618806
11322,"/kaggle/input/datasets/arafatrahmann/my-data221/Epic and CSCR hospital Dataset/Test/notumor/1480.jpg",2,notumor,2,notumor,0.0089807129,0.0053538023,0.9743070602,0.0113583682
11324,"/kaggle/input/datasets/arafatrahmann/my-data221/Epic and CSCR hospital Dataset/Test/notumor/1482.jpg",2,notumor,2,notumor,0.0080662360,0.0060992842,0.9751288295,0.0107056741
11325,"/kaggle/input/datasets/arafatrahmann/my-data221/Epic and CSCR hospital Dataset/Test/notumor/1483.jpg",2,notumor,2,notumor,0.0088265911,0.0057589570,0.9747272730,0.0106872143
11331,"/kaggle/input/datasets/arafatrahmann/my-data221/Epic and CSCR hospital Dataset/Test/notumor/1489.jpg",2,notumor,2,notumor,0.0081683593,0.0059782555,0.9749895930,0.0108637828
11337,"/kaggle/input/datasets/arafatrahmann/my-data221/Epic and CSCR hospital Dataset/Test/notumor/1495.jpg",2,notumor,2,notumor,0.0082879309,0.0058671911,0.9747942686,0.0110505288
11340,"/kaggle/input/datasets/arafatrahmann/my-data221/Epic and CSCR hospital Dataset/Test/notumor/1498.jpg",2,notumor,2,notumor,0.0084803086,0.0055598849,0.9747420549,0.0112177962
11349,"/kaggle/input/datasets/arafatrahmann/my-data221/Epic and CSCR hospital Dataset/Test/notumor/1507.jpg",2,notumor,2,notumor,0.0091038141,0.0054546203,0.9748631716,0.0105783399
11351,"/kaggle/input/datasets/arafatrahmann/my-data221/Epic and CSCR hospital Dataset/Test/notumor/1509.jpg",2,notumor,2,notumor,0.0087101599,0.0062216651,0.9746221304,0.0104461014
11352,"/kaggle/input/datasets/arafatrahmann/my-data221/Epic and CSCR hospital Dataset/Test/notumor/1510.jpg",2,notumor,2,notumor,0.0077150241,0.0068032974,0.9749719501,0.0105096810
11355,"/kaggle/input/datasets/arafatrahmann/my-data221/Epic and CSCR hospital Dataset/Test/notumor/1513.jpg",2,notumor,2,notumor,0.0080457758,0.0062352619,0.9752109647,0.0105080558
11366,"/kaggle/input/datasets/arafatrahmann/my-data221/Epic and CSCR hospital Dataset/Test/notumor/1524.jpg",2,notumor,2,notumor,0.0073831179,0.0057708798,0.9728298187,0.0140162054
11367,"/kaggle/input/datasets/arafatrahmann/my-data221/Epic and CSCR hospital Dataset/Test/notumor/1525.jpg",2,notumor,2,notumor,0.0081241271,0.0057226061,0.9746875763,0.0114656305
11368,"/kaggle/input/datasets/arafatrahmann/my-data221/Epic and CSCR hospital Dataset/Test/notumor/1526.jpg",2,notumor,2,notumor,0.0087485183,0.0056417407,0.9746823311,0.0109274564
11369,"/kaggle/input/datasets/arafatrahmann/my-data221/Epic and CSCR hospital Dataset/Test/notumor/1527.jpg",2,notumor,2,notumor,0.0081125442,0.0058046603,0.9747155905,0.0113671459
11370,"/kaggle/input/datasets/arafatrahmann/my-data221/Epic and CSCR hospital Dataset/Test/notumor/1528.jpg",2,notumor,2,notumor,0.0090853265,0.0054108594,0.9738469124,0.0116569325
11375,"/kaggle/input/datasets/arafatrahmann/my-data221/Epic and CSCR hospital Dataset/Test/notumor/1533.jpg",2,notumor,2,notumor,0.0099099707,0.0064149438,0.9741507769,0.0095242970
11381,"/kaggle/input/datasets/arafatrahmann/my-data221/Epic and CSCR hospital Dataset/Test/notumor/1539.jpg",2,notumor,2,notumor,0.0089259138,0.0056988234,0.9749832153,0.0103920652
11390,"/kaggle/input/datasets/arafatrahmann/my-data221/Epic and CSCR hospital Dataset/Test/notumor/1548.jpg",2,notumor,2,notumor,0.0081720827,0.0053354707,0.9740875959,0.0124049159
11398,"/kaggle/input/datasets/arafatrahmann/my-data221/Epic and CSCR hospital Dataset/Test/notumor/1556.jpg",2,notumor,2,notumor,0.0080894213,0.0053992653,0.9740158916,0.0124953529
11400,"/kaggle/input/datasets/arafatrahmann/my-data221/Epic and CSCR hospital Dataset/Test/notumor/1558.jpg",2,notumor,2,notumor,0.0080886083,0.0060233111,0.9749986529,0.0108893765
11413,"/kaggle/input/datasets/arafatrahmann/my-data221/Epic and CSCR hospital Dataset/Test/notumor/1571.jpg",2,notumor,2,notumor,0.0086079929,0.0062063239,0.9748498201,0.0103359548
11414,"/kaggle/input/datasets/arafatrahmann/my-data221/Epic and CSCR hospital Dataset/Test/notumor/1572.jpg",2,notumor,2,notumor,0.0079810601,0.0060801711,0.9749845266,0.0109542739
11421,"/kaggle/input/datasets/arafatrahmann/my-data221/Epic and CSCR hospital Dataset/Test/notumor/1579.jpg",2,notumor,2,notumor,0.0083736582,0.0060509411,0.9750108719,0.0105645414
11425,"/kaggle/input/datasets/arafatrahmann/my-data221/Epic and CSCR hospital Dataset/Test/notumor/1583.jpg",2,notumor,2,notumor,0.0084925825,0.0052985875,0.9740587473,0.0121501554
11435,"/kaggle/input/datasets/arafatrahmann/my-data221/Epic and CSCR hospital Dataset/Test/notumor/47 no.jpg",2,notumor,2,notumor,0.0085836835,0.0058762464,0.9750463367,0.0104937376
11446,"/kaggle/input/datasets/arafatrahmann/my-data221/Epic and CSCR hospital Dataset/Test/pituitary/1209.jpg",3,pituitary,3,pituitary,0.0088662468,0.0066230400,0.0074826092,0.9770280719
11451,"/kaggle/input/datasets/arafatrahmann/my-data221/Epic and CSCR hospital Dataset/Test/pituitary/1221.jpg",3,pituitary,3,pituitary,0.0101201897,0.0066578565,0.0068653999,0.9763565063
11460,"/kaggle/input/datasets/arafatrahmann/my-data221/Epic and CSCR hospital Dataset/Test/pituitary/1230.jpg",3,pituitary,3,pituitary,0.0079681231,0.0065270886,0.0074044517,0.9781002998
11468,"/kaggle/input/datasets/arafatrahmann/my-data221/Epic and CSCR hospital Dataset/Test/pituitary/1238.jpg",3,pituitary,3,pituitary,0.0086422646,0.0068606436,0.0073200925,0.9771770239
11472,"/kaggle/input/datasets/arafatrahmann/my-data221/Epic and CSCR hospital Dataset/Test/pituitary/1242.jpg",3,pituitary,3,pituitary,0.0092459759,0.0064333319,0.0073416857,0.9769790769
11480,"/kaggle/input/datasets/arafatrahmann/my-data221/Epic and CSCR hospital Dataset/Test/pituitary/1250.jpg",3,pituitary,3,pituitary,0.0089078816,0.0071560619,0.0076216473,0.9763144255
11483,"/kaggle/input/datasets/arafatrahmann/my-data221/Epic and CSCR hospital Dataset/Test/pituitary/1253.jpg",3,pituitary,3,pituitary,0.0092865843,0.0065531321,0.0075902105,0.9765701294
11485,"/kaggle/input/datasets/arafatrahmann/my-data221/Epic and CSCR hospital Dataset/Test/pituitary/1255.jpg",3,pituitary,3,pituitary,0.0084939422,0.0059560719,0.0116320755,0.9739179611
11489,"/kaggle/input/datasets/arafatrahmann/my-data221/Epic and CSCR hospital Dataset/Test/pituitary/1259.jpg",3,pituitary,3,pituitary,0.0098819537,0.0059306463,0.0071661687,0.9770212173
11500,"/kaggle/input/datasets/arafatrahmann/my-data221/Epic and CSCR hospital Dataset/Test/pituitary/1270.jpg",3,pituitary,3,pituitary,0.0097607234,0.0058165640,0.0077522816,0.9766704440
11506,"/kaggle/input/datasets/arafatrahmann/my-data221/Epic and CSCR hospital Dataset/Test/pituitary/1276.jpg",3,pituitary,3,pituitary,0.0089042094,0.0065961266,0.0079237456,0.9765759706
11507,"/kaggle/input/datasets/arafatrahmann/my-data221/Epic and CSCR hospital Dataset/Test/pituitary/1277.jpg",3,pituitary,3,pituitary,0.0087929098,0.0065108528,0.0077188374,0.9769773483
11509,"/kaggle/input/datasets/arafatrahmann/my-data221/Epic and CSCR hospital Dataset/Test/pituitary/1279.jpg",3,pituitary,3,pituitary,0.0091860676,0.0077674822,0.0075623309,0.9754840732
11513,"/kaggle/input/datasets/arafatrahmann/my-data221/Epic and CSCR hospital Dataset/Test/pituitary/1283.jpg",3,pituitary,3,pituitary,0.0086053861,0.0062113842,0.0079861172,0.9771970510
11523,"/kaggle/input/datasets/arafatrahmann/my-data221/Epic and CSCR hospital Dataset/Test/pituitary/1293.jpg",3,pituitary,3,pituitary,0.0092575913,0.0091713592,0.0077003860,0.9738707542
11525,"/kaggle/input/datasets/arafatrahmann/my-data221/Epic and CSCR hospital Dataset/Test/pituitary/1295.jpg",3,pituitary,3,pituitary,0.0081371740,0.0068793511,0.0076115527,0.9773718715
11529,"/kaggle/input/datasets/arafatrahmann/my-data221/Epic and CSCR hospital Dataset/Test/pituitary/1299.jpg",3,pituitary,3,pituitary,0.0134517672,0.0080209002,0.0072251251,0.9713022113
11533,"/kaggle/input/datasets/arafatrahmann/my-data221/Epic and CSCR hospital Dataset/Test/pituitary/1303.jpg",3,pituitary,3,pituitary,0.0075620324,0.0069055236,0.0072152554,0.9783171415
11540,"/kaggle/input/datasets/arafatrahmann/my-data221/Epic and CSCR hospital Dataset/Test/pituitary/1310.jpg",3,pituitary,3,pituitary,0.0092405640,0.0062320298,0.0076735830,0.9768538475
11559,"/kaggle/input/datasets/arafatrahmann/my-data221/Epic and CSCR hospital Dataset/Test/pituitary/1329.jpg",3,pituitary,3,pituitary,0.0090701040,0.0065327073,0.0068815365,0.9775155783
11572,"/kaggle/input/datasets/arafatrahmann/my-data221/Epic and CSCR hospital Dataset/Test/pituitary/1342.jpg",3,pituitary,3,pituitary,0.0094574746,0.0059560789,0.0065749483,0.9780114889
11596,"/kaggle/input/datasets/arafatrahmann/my-data221/Epic and CSCR hospital Dataset/Test/pituitary/1366.jpg",3,pituitary,3,pituitary,0.0098930337,0.0062066293,0.0077188015,0.9761816263
11597,"/kaggle/input/datasets/arafatrahmann/my-data221/Epic and CSCR hospital Dataset/Test/pituitary/1367.jpg",3,pituitary,3,pituitary,0.0091568809,0.0068072481,0.0076125590,0.9764233828
11602,"/kaggle/input/datasets/arafatrahmann/my-data221/Epic and CSCR hospital Dataset/Test/pituitary/1372.jpg",3,pituitary,3,pituitary,0.0097927060,0.0077451160,0.0082341600,0.9742280245
11605,"/kaggle/input/datasets/arafatrahmann/my-data221/Epic and CSCR hospital Dataset/Test/pituitary/1375.jpg",3,pituitary,3,pituitary,0.0107409190,0.0074173040,0.0075010895,0.9743406177
11614,"/kaggle/input/datasets/arafatrahmann/my-data221/Epic and CSCR hospital Dataset/Test/pituitary/1384.jpg",3,pituitary,3,pituitary,0.0095548099,0.0064345449,0.0076046274,0.9764059782
11620,"/kaggle/input/datasets/arafatrahmann/my-data221/Epic and CSCR hospital Dataset/Test/pituitary/1390.jpg",3,pituitary,3,pituitary,0.0101156486,0.0060391473,0.0073793046,0.9764658809
11629,"/kaggle/input/datasets/arafatrahmann/my-data221/Epic and CSCR hospital Dataset/Test/pituitary/1399.jpg",3,pituitary,3,pituitary,0.0086717755,0.0058910414,0.0073728138,0.9780643582
11633,"/kaggle/input/datasets/arafatrahmann/my-data221/Epic and CSCR hospital Dataset/Test/pituitary/1403.jpg",3,pituitary,3,pituitary,0.0091117714,0.0063816444,0.0071925386,0.9773139954
11635,"/kaggle/input/datasets/arafatrahmann/my-data221/Epic and CSCR hospital Dataset/Test/pituitary/1405.jpg",3,pituitary,3,pituitary,0.0086735580,0.0087002087,0.0071012387,0.9755250216
11638,"/kaggle/input/datasets/arafatrahmann/my-data221/Epic and CSCR hospital Dataset/Test/pituitary/1408.jpg",3,pituitary,3,pituitary,0.0083355494,0.0066420459,0.0078235362,0.9771988988
11645,"/kaggle/input/datasets/arafatrahmann/my-data221/Epic and CSCR hospital Dataset/Test/pituitary/1415.jpg",3,pituitary,3,pituitary,0.0096425973,0.0065162415,0.0075983694,0.9762428999
11648,"/kaggle/input/datasets/arafatrahmann/my-data221/Epic and CSCR hospital Dataset/Test/pituitary/1418.jpg",3,pituitary,3,pituitary,0.0077740848,0.0066396208,0.0077713234,0.9778150320
11653,"/kaggle/input/datasets/arafatrahmann/my-data221/Epic and CSCR hospital Dataset/Test/pituitary/1423.jpg",3,pituitary,3,pituitary,0.0086513152,0.0065752612,0.0080728475,0.9767004848
11666,"/kaggle/input/datasets/arafatrahmann/my-data221/Epic and CSCR hospital Dataset/Test/pituitary/1436.jpg",3,pituitary,3,pituitary,0.0093922112,0.0068958714,0.0075709186,0.9761410952
11675,"/kaggle/input/datasets/arafatrahmann/my-data221/Epic and CSCR hospital Dataset/Test/pituitary/1445.jpg",3,pituitary,3,pituitary,0.0084415497,0.0062496858,0.0071510859,0.9781576991
11677,"/kaggle/input/datasets/arafatrahmann/my-data221/Epic and CSCR hospital Dataset/Test/pituitary/1447.jpg",3,pituitary,3,pituitary,0.0089606261,0.0064816684,0.0069515305,0.9776062965
11678,"/kaggle/input/datasets/arafatrahmann/my-data221/Epic and CSCR hospital Dataset/Test/pituitary/1448.jpg",3,pituitary,3,pituitary,0.0093679074,0.0068372963,0.0080634942,0.9757313728
11680,"/kaggle/input/datasets/arafatrahmann/my-data221/Epic and CSCR hospital Dataset/Test/pituitary/1450.jpg",3,pituitary,3,pituitary,0.0100659560,0.0056810076,0.0070365360,0.9772165418
11686,"/kaggle/input/datasets/arafatrahmann/my-data221/Epic and CSCR hospital Dataset/Test/pituitary/1456.jpg",3,pituitary,3,pituitary,0.0089222062,0.0068959794,0.0073061860,0.9768756032
11687,"/kaggle/input/datasets/arafatrahmann/my-data221/Epic and CSCR hospital Dataset/Test/pituitary/1457.jpg",3,pituitary,3,pituitary,0.0088605201,0.0067425943,0.0075074895,0.9768893123
11694,"/kaggle/input/datasets/arafatrahmann/my-data221/Epic and CSCR hospital Dataset/Test/pituitary/1464.jpg",3,pituitary,3,pituitary,0.0080954535,0.0069816732,0.0075374460,0.9773854017
11699,"/kaggle/input/datasets/arafatrahmann/my-data221/Epic and CSCR hospital Dataset/Test/pituitary/1469.jpg",3,pituitary,3,pituitary,0.0078617325,0.0059186323,0.0080197845,0.9781998396
11711,"/kaggle/input/datasets/arafatrahmann/my-data221/Epic and CSCR hospital Dataset/Test/pituitary/1481.jpg",3,pituitary,3,pituitary,0.0092428839,0.0058228886,0.0073422892,0.9775919914
11719,"/kaggle/input/datasets/arafatrahmann/my-data221/Epic and CSCR hospital Dataset/Test/pituitary/1489.jpg",3,pituitary,3,pituitary,0.0085854335,0.0061135059,0.0076706246,0.9776304364
11722,"/kaggle/input/datasets/arafatrahmann/my-data221/Epic and CSCR hospital Dataset/Test/pituitary/1492.jpg",3,pituitary,3,pituitary,0.0083261067,0.0060199834,0.0066922223,0.9789616466
11727,"/kaggle/input/datasets/arafatrahmann/my-data221/Epic and CSCR hospital Dataset/Test/pituitary/1497.jpg",3,pituitary,3,pituitary,0.0107594039,0.0087223547,0.0069676945,0.9735506177
11731,"/kaggle/input/datasets/arafatrahmann/my-data221/Epic and CSCR hospital Dataset/Test/pituitary/1501.jpg",3,pituitary,3,pituitary,0.0093204835,0.0059678610,0.0076253591,0.9770862460
11732,"/kaggle/input/datasets/arafatrahmann/my-data221/Epic and CSCR hospital Dataset/Test/pituitary/1502.jpg",3,pituitary,3,pituitary,0.0099910600,0.0066204304,0.0072942800,0.9760942459
11742,"/kaggle/input/datasets/arafatrahmann/my-data221/Epic and CSCR hospital Dataset/Test/pituitary/1512.jpg",3,pituitary,3,pituitary,0.0088265073,0.0062307352,0.0076853200,0.9772574306
11745,"/kaggle/input/datasets/arafatrahmann/my-data221/Epic and CSCR hospital Dataset/Test/pituitary/1515.jpg",3,pituitary,3,pituitary,0.0113690225,0.0066489489,0.0079525150,0.9740295410
11748,"/kaggle/input/datasets/arafatrahmann/my-data221/Epic and CSCR hospital Dataset/Test/pituitary/1518.jpg",3,pituitary,3,pituitary,0.0093508260,0.0067258202,0.0069734654,0.9769498706
11750,"/kaggle/input/datasets/arafatrahmann/my-data221/Epic and CSCR hospital Dataset/Test/pituitary/1520.jpg",3,pituitary,3,pituitary,0.0080808485,0.0065023662,0.0081016030,0.9773152471
11751,"/kaggle/input/datasets/arafatrahmann/my-data221/Epic and CSCR hospital Dataset/Test/pituitary/1521.jpg",3,pituitary,3,pituitary,0.0094616227,0.0066339574,0.0073294989,0.9765748978
11759,"/kaggle/input/datasets/arafatrahmann/my-data221/Epic and CSCR hospital Dataset/Test/pituitary/1529.jpg",3,pituitary,3,pituitary,0.0158551671,0.0090920804,0.0076966546,0.9673560858
11762,"/kaggle/input/datasets/arafatrahmann/my-data221/Epic and CSCR hospital Dataset/Test/pituitary/1532.jpg",3,pituitary,3,pituitary,0.0087737739,0.0067529380,0.0077057369,0.9767675400
11765,"/kaggle/input/datasets/arafatrahmann/my-data221/Epic and CSCR hospital Dataset/Test/pituitary/1535.jpg",3,pituitary,3,pituitary,0.0279548466,0.3259652257,0.0073796576,0.6387003064
11767,"/kaggle/input/datasets/arafatrahmann/my-data221/Epic and CSCR hospital Dataset/Test/pituitary/1537.jpg",3,pituitary,3,pituitary,0.0087868795,0.0058510196,0.0075907796,0.9777712822
11769,"/kaggle/input/datasets/arafatrahmann/my-data221/Epic and CSCR hospital Dataset/Test/pituitary/1539.jpg",3,pituitary,3,pituitary,0.0111497361,0.0069664018,0.0075418591,0.9743419886
11770,"/kaggle/input/datasets/arafatrahmann/my-data221/Epic and CSCR hospital Dataset/Test/pituitary/1540.jpg",3,pituitary,3,pituitary,0.0088313352,0.0069091059,0.0075407131,0.9767189026
11773,"/kaggle/input/datasets/arafatrahmann/my-data221/Epic and CSCR hospital Dataset/Test/pituitary/1543.jpg",3,pituitary,3,pituitary,0.0132748960,0.0067296224,0.0071746605,0.9728207588
11780,"/kaggle/input/datasets/arafatrahmann/my-data221/Epic and CSCR hospital Dataset/Test/pituitary/1550.jpg",3,pituitary,3,pituitary,0.0098866373,0.0059800553,0.0068673291,0.9772659540
11794,"/kaggle/input/datasets/arafatrahmann/my-data221/Epic and CSCR hospital Dataset/Test/pituitary/1564.jpg",3,pituitary,3,pituitary,0.0109731508,0.0069591962,0.0070418702,0.9750257730
11803,"/kaggle/input/datasets/arafatrahmann/my-data221/Epic and CSCR hospital Dataset/Test/pituitary/1573.jpg",3,pituitary,3,pituitary,0.0091567552,0.0068431543,0.0076797619,0.9763202667
11810,"/kaggle/input/datasets/arafatrahmann/my-data221/Epic and CSCR hospital Dataset/Test/pituitary/1580.jpg",3,pituitary,3,pituitary,0.0088086734,0.0065841870,0.0080989460,0.9765082598
11812,"/kaggle/input/datasets/arafatrahmann/my-data221/Epic and CSCR hospital Dataset/Test/pituitary/1582.jpg",3,pituitary,3,pituitary,0.0122919511,0.0071672820,0.0072261402,0.9733147621
11816,"/kaggle/input/datasets/arafatrahmann/my-data221/Epic and CSCR hospital Dataset/Test/pituitary/1586.jpg",3,pituitary,3,pituitary,0.0071555250,0.0061248620,0.0083052265,0.9784143567
11827,"/kaggle/input/datasets/arafatrahmann/my-data221/Epic and CSCR hospital Dataset/Test/pituitary/1597.jpg",3,pituitary,3,pituitary,0.0106086386,0.0136107383,0.0078907292,0.9678899050
11829,"/kaggle/input/datasets/arafatrahmann/my-data221/Epic and CSCR hospital Dataset/Test/pituitary/1599.jpg",3,pituitary,3,pituitary,0.0128659680,0.0094500519,0.0073126084,0.9703713655
11836,"/kaggle/input/datasets/arafatrahmann/my-data221/Epic and CSCR hospital Dataset/Test/pituitary/1606.jpg",3,pituitary,3,pituitary,0.0095680747,0.0061357329,0.0069621042,0.9773341417
11842,"/kaggle/input/datasets/arafatrahmann/my-data221/Epic and CSCR hospital Dataset/Test/pituitary/1612.jpg",3,pituitary,3,pituitary,0.0081034023,0.0062235217,0.0085112052,0.9771618843
11846,"/kaggle/input/datasets/arafatrahmann/my-data221/Epic and CSCR hospital Dataset/Test/pituitary/1616.jpg",3,pituitary,3,pituitary,0.0092210872,0.0068702223,0.0073528634,0.9765558243
11853,"/kaggle/input/datasets/arafatrahmann/my-data221/Epic and CSCR hospital Dataset/Test/pituitary/1646.jpg",3,pituitary,3,pituitary,0.0089131370,0.0064092330,0.0077640801,0.9769135714
11854,"/kaggle/input/datasets/arafatrahmann/my-data221/Epic and CSCR hospital Dataset/Test/pituitary/1647.jpg",3,pituitary,3,pituitary,0.0096578766,0.0066964179,0.0070431633,0.9766024351
11861,"/kaggle/input/datasets/arafatrahmann/my-data221/Epic and CSCR hospital Dataset/Test/pituitary/1654.jpg",3,pituitary,3,pituitary,0.0094604781,0.0065697087,0.0074481228,0.9765216708
11867,"/kaggle/input/datasets/arafatrahmann/my-data221/Epic and CSCR hospital Dataset/Test/pituitary/image(10).jpg",3,pituitary,3,pituitary,0.0072794864,0.0060186717,0.0084982915,0.9782035947
11872,"/kaggle/input/datasets/arafatrahmann/my-data221/Epic and CSCR hospital Dataset/Test/pituitary/image(19).jpg",3,pituitary,3,pituitary,0.0098331394,0.0125934705,0.0076224031,0.9699509740
11879,"/kaggle/input/datasets/arafatrahmann/my-data221/Epic and CSCR hospital Dataset/Test/pituitary/image(28).jpg",3,pituitary,3,pituitary,0.0068244203,0.0065857098,0.0090091005,0.9775807261
11881,"/kaggle/input/datasets/arafatrahmann/my-data221/Epic and CSCR hospital Dataset/Test/pituitary/image(30).jpg",3,pituitary,3,pituitary,0.0100125987,0.0125446767,0.0078560207,0.9695867300
11882,"/kaggle/input/datasets/arafatrahmann/my-data221/Epic and CSCR hospital Dataset/Test/pituitary/image(31).jpg",3,pituitary,3,pituitary,0.0095302630,0.0071343230,0.0078291278,0.9755061865
11888,"/kaggle/input/datasets/arafatrahmann/my-data221/Epic and CSCR hospital Dataset/Test/pituitary/image(41).jpg",3,pituitary,3,pituitary,0.0085241776,0.0067927204,0.0078796158,0.9768034816
11891,"/kaggle/input/datasets/arafatrahmann/my-data221/Epic and CSCR hospital Dataset/Test/pituitary/image(44).jpg",3,pituitary,3,pituitary,0.0072588348,0.0075456006,0.0092963409,0.9758993387
11897,"/kaggle/input/datasets/arafatrahmann/my-data221/Epic and CSCR hospital Dataset/Test/pituitary/image(5).jpg",3,pituitary,3,pituitary,0.0083171818,0.0061312327,0.0069587925,0.9785927534
11900,"/kaggle/input/datasets/arafatrahmann/my-data221/Epic and CSCR hospital Dataset/Test/pituitary/image(53).jpg",3,pituitary,3,pituitary,0.0069086612,0.0073993742,0.0089772223,0.9767147303
11901,"/kaggle/input/datasets/arafatrahmann/my-data221/Epic and CSCR hospital Dataset/Test/pituitary/image(54).jpg",3,pituitary,3,pituitary,0.0069636866,0.0072513209,0.0089371689,0.9768478274
11903,"/kaggle/input/datasets/arafatrahmann/my-data221/Epic and CSCR hospital Dataset/Test/pituitary/image(56).jpg",3,pituitary,3,pituitary,0.0074794530,0.0063040592,0.0082919570,0.9779245257
11906,"/kaggle/input/datasets/arafatrahmann/my-data221/Epic and CSCR hospital Dataset/Test/pituitary/image(88).jpg",3,pituitary,3,pituitary,0.0092127500,0.0067189084,0.0070868880,0.9769814610
11907,"/kaggle/input/datasets/arafatrahmann/my-data221/Epic and CSCR hospital Dataset/Test/pituitary/image(89).jpg",3,pituitary,3,pituitary,0.0088258181,0.0060383240,0.0076658861,0.9774699211
11919,"/kaggle/input/datasets/arafatrahmann/my-data221/Epic and CSCR hospital Dataset/Test/pituitary/p (336).jpg",3,pituitary,3,pituitary,0.0086592976,0.0065318518,0.0066004107,0.9782084227
11921,"/kaggle/input/datasets/arafatrahmann/my-data221/Epic and CSCR hospital Dataset/Test/pituitary/p (34).jpg",3,pituitary,3,pituitary,0.0104374411,0.0065404950,0.0065173223,0.9765046835
11935,"/kaggle/input/datasets/arafatrahmann/my-data221/Epic and CSCR hospital Dataset/Test/pituitary/p (374).jpg",3,pituitary,3,pituitary,0.0096491827,0.0073536700,0.0072359918,0.9757612348
11937,"/kaggle/input/datasets/arafatrahmann/my-data221/Epic and CSCR hospital Dataset/Test/pituitary/p (376).jpg",3,pituitary,3,pituitary,0.0086506112,0.0065137134,0.0072741704,0.9775615931
11942,"/kaggle/input/datasets/arafatrahmann/my-data221/Epic and CSCR hospital Dataset/Test/pituitary/p (380).jpg",3,pituitary,3,pituitary,0.0090510249,0.0060473257,0.0071008913,0.9778006673
11944,"/kaggle/input/datasets/arafatrahmann/my-data221/Epic and CSCR hospital Dataset/Test/pituitary/p (382).jpg",3,pituitary,3,pituitary,0.0091665052,0.0060103224,0.0077317357,0.9770914316
11955,"/kaggle/input/datasets/arafatrahmann/my-data221/Epic and CSCR hospital Dataset/Test/pituitary/p (392).jpg",3,pituitary,3,pituitary,0.0087757017,0.0066710538,0.0072387950,0.9773144722
11960,"/kaggle/input/datasets/arafatrahmann/my-data221/Epic and CSCR hospital Dataset/Test/pituitary/p (397).jpg",3,pituitary,3,pituitary,0.0088010775,0.0062921857,0.0074786218,0.9774280787
11962,"/kaggle/input/datasets/arafatrahmann/my-data221/Epic and CSCR hospital Dataset/Test/pituitary/p (399).jpg",3,pituitary,3,pituitary,0.0093229888,0.0065830639,0.0070106327,0.9770833850
11967,"/kaggle/input/datasets/arafatrahmann/my-data221/Epic and CSCR hospital Dataset/Test/pituitary/p (402).jpg",3,pituitary,3,pituitary,0.0089526521,0.0061140936,0.0073752203,0.9775580168
11970,"/kaggle/input/datasets/arafatrahmann/my-data221/Epic and CSCR hospital Dataset/Test/pituitary/p (405).jpg",3,pituitary,3,pituitary,0.0080781467,0.0064978851,0.0075522014,0.9778717160
11975,"/kaggle/input/datasets/arafatrahmann/my-data221/Epic and CSCR hospital Dataset/Test/pituitary/p (41).jpg",3,pituitary,3,pituitary,0.0081386957,0.0063403761,0.0076046111,0.9779163599
11979,"/kaggle/input/datasets/arafatrahmann/my-data221/Epic and CSCR hospital Dataset/Test/pituitary/p (413).jpg",3,pituitary,3,pituitary,0.0092018861,0.0063865930,0.0073967106,0.9770148396
11980,"/kaggle/input/datasets/arafatrahmann/my-data221/Epic and CSCR hospital Dataset/Test/pituitary/p (414).jpg",3,pituitary,3,pituitary,0.0107556256,0.0059127104,0.0070093162,0.9763224721
11981,"/kaggle/input/datasets/arafatrahmann/my-data221/Epic and CSCR hospital Dataset/Test/pituitary/p (415).jpg",3,pituitary,3,pituitary,0.0093834391,0.0062040938,0.0067504421,0.9776620865
11984,"/kaggle/input/datasets/arafatrahmann/my-data221/Epic and CSCR hospital Dataset/Test/pituitary/p (418).jpg",3,pituitary,3,pituitary,0.0095010754,0.0061711059,0.0068673403,0.9774605036
11991,"/kaggle/input/datasets/arafatrahmann/my-data221/Epic and CSCR hospital Dataset/Test/pituitary/p (424).jpg",3,pituitary,3,pituitary,0.0081889192,0.0058679706,0.0110927466,0.9748502970
11996,"/kaggle/input/datasets/arafatrahmann/my-data221/Epic and CSCR hospital Dataset/Test/pituitary/p (429).jpg",3,pituitary,3,pituitary,0.0090491902,0.0060977484,0.0080021080,0.9768509865
11998,"/kaggle/input/datasets/arafatrahmann/my-data221/Epic and CSCR hospital Dataset/Test/pituitary/p (430).jpg",3,pituitary,3,pituitary,0.0088282032,0.0057553621,0.0073957415,0.9780205488
11999,"/kaggle/input/datasets/arafatrahmann/my-data221/Epic and CSCR hospital Dataset/Test/pituitary/p (431).jpg",3,pituitary,3,pituitary,0.0105811376,0.0064560315,0.0074096969,0.9755531549
12001,"/kaggle/input/datasets/arafatrahmann/my-data221/Epic and CSCR hospital Dataset/Test/pituitary/p (433).jpg",3,pituitary,3,pituitary,0.0094360430,0.0062353523,0.0078485245,0.9764801264
12014,"/kaggle/input/datasets/arafatrahmann/my-data221/Epic and CSCR hospital Dataset/Test/pituitary/p (445).jpg",3,pituitary,3,pituitary,0.0090506766,0.0066358722,0.0075299246,0.9767835736
12030,"/kaggle/input/datasets/arafatrahmann/my-data221/Epic and CSCR hospital Dataset/Test/pituitary/p (46).jpg",3,pituitary,3,pituitary,0.0085811317,0.0065460010,0.0075512277,0.9773217440
12033,"/kaggle/input/datasets/arafatrahmann/my-data221/Epic and CSCR hospital Dataset/Test/pituitary/p (462).jpg",3,pituitary,3,pituitary,0.0322914496,0.0158390328,0.0075335102,0.9443359375
12038,"/kaggle/input/datasets/arafatrahmann/my-data221/Epic and CSCR hospital Dataset/Test/pituitary/p (467).jpg",3,pituitary,3,pituitary,0.0093995053,0.0064854235,0.0066729495,0.9774419665
12039,"/kaggle/input/datasets/arafatrahmann/my-data221/Epic and CSCR hospital Dataset/Test/pituitary/p (468).jpg",3,pituitary,3,pituitary,0.0095837032,0.0070450855,0.0073613250,0.9760098457
12049,"/kaggle/input/datasets/arafatrahmann/my-data221/Epic and CSCR hospital Dataset/Test/pituitary/p (477).jpg",3,pituitary,3,pituitary,0.0088420874,0.0060314215,0.0077346317,0.9773918986
12052,"/kaggle/input/datasets/arafatrahmann/my-data221/Epic and CSCR hospital Dataset/Test/pituitary/p (48).jpg",3,pituitary,3,pituitary,0.0085620172,0.0061285482,0.0074839541,0.9778255224
12053,"/kaggle/input/datasets/arafatrahmann/my-data221/Epic and CSCR hospital Dataset/Test/pituitary/p (480).jpg",3,pituitary,3,pituitary,0.0088809403,0.0072093247,0.0070855818,0.9768241644
12054,"/kaggle/input/datasets/arafatrahmann/my-data221/Epic and CSCR hospital Dataset/Test/pituitary/p (49).jpg",3,pituitary,3,pituitary,0.0088225510,0.0062065772,0.0064373016,0.9785335660
12056,"/kaggle/input/datasets/arafatrahmann/my-data221/Epic and CSCR hospital Dataset/Test/pituitary/p (50).jpg",3,pituitary,3,pituitary,0.0090608783,0.0065929717,0.0072972970,0.9770488739
12058,"/kaggle/input/datasets/arafatrahmann/my-data221/Epic and CSCR hospital Dataset/Test/pituitary/p (52).jpg",3,pituitary,3,pituitary,0.0090942141,0.0066277571,0.0074199326,0.9768580198
