sample_index,path,true_index,true_class,pred_index,pred_class,prob_glioma,prob_meningioma,prob_notumor,prob_pituitary
3,"/kaggle/input/datasets/arafatrahmann/my-data221/Epic and CSCR hospital Dataset/Train/glioma/G_704_HF_.jpg",0,glioma,0,glioma,0.9784970284,0.0061186077,0.0078938361,0.0074905031
7,"/kaggle/input/datasets/arafatrahmann/my-data221/Epic and CSCR hospital Dataset/Train/glioma/G_705.jpg",0,glioma,0,glioma,0.9782172441,0.0064517944,0.0082915183,0.0070394874
15,"/kaggle/input/datasets/arafatrahmann/my-data221/Epic and CSCR hospital Dataset/Train/glioma/G_706_BR_.jpg",0,glioma,0,glioma,0.9780139923,0.0063112737,0.0081719700,0.0075027421
18,"/kaggle/input/datasets/arafatrahmann/my-data221/Epic and CSCR hospital Dataset/Train/glioma/G_706_RO_.jpg",0,glioma,0,glioma,0.9751723409,0.0089862393,0.0084976759,0.0073436657
31,"/kaggle/input/datasets/arafatrahmann/my-data221/Epic and CSCR hospital Dataset/Train/glioma/G_708_HF_.jpg",0,glioma,0,glioma,0.9774964452,0.0064277328,0.0088228770,0.0072529390
32,"/kaggle/input/datasets/arafatrahmann/my-data221/Epic and CSCR hospital Dataset/Train/glioma/G_708_RO_.jpg",0,glioma,0,glioma,0.9771360159,0.0067681284,0.0082676979,0.0078281891
48,"/kaggle/input/datasets/arafatrahmann/my-data221/Epic and CSCR hospital Dataset/Train/glioma/G_710_VF_.jpg",0,glioma,0,glioma,0.9763942957,0.0071645775,0.0083653126,0.0080758194
49,"/kaggle/input/datasets/arafatrahmann/my-data221/Epic and CSCR hospital Dataset/Train/glioma/G_711.jpg",0,glioma,0,glioma,0.9781689644,0.0064576133,0.0079838503,0.0073896125
55,"/kaggle/input/datasets/arafatrahmann/my-data221/Epic and CSCR hospital Dataset/Train/glioma/G_711_VF_.jpg",0,glioma,0,glioma,0.9779912233,0.0065499665,0.0074447533,0.0080141015
58,"/kaggle/input/datasets/arafatrahmann/my-data221/Epic and CSCR hospital Dataset/Train/glioma/G_712_DA_.jpg",0,glioma,0,glioma,0.9771310091,0.0065259510,0.0088554965,0.0074875141
70,"/kaggle/input/datasets/arafatrahmann/my-data221/Epic and CSCR hospital Dataset/Train/glioma/G_714.jpg",0,glioma,0,glioma,0.9783684015,0.0062527871,0.0080151223,0.0073638074
72,"/kaggle/input/datasets/arafatrahmann/my-data221/Epic and CSCR hospital Dataset/Train/glioma/G_714_DA_.jpg",0,glioma,0,glioma,0.9781318903,0.0064955875,0.0079727089,0.0073998356
74,"/kaggle/input/datasets/arafatrahmann/my-data221/Epic and CSCR hospital Dataset/Train/glioma/G_714_RO_.jpg",0,glioma,0,glioma,0.9780982137,0.0064723133,0.0078422800,0.0075873048
76,"/kaggle/input/datasets/arafatrahmann/my-data221/Epic and CSCR hospital Dataset/Train/glioma/G_714_VF_.jpg",0,glioma,0,glioma,0.9772542715,0.0070702732,0.0077808276,0.0078946073
86,"/kaggle/input/datasets/arafatrahmann/my-data221/Epic and CSCR hospital Dataset/Train/glioma/G_716_DA_.jpg",0,glioma,0,glioma,0.9783898592,0.0067425356,0.0073254132,0.0075422525
88,"/kaggle/input/datasets/arafatrahmann/my-data221/Epic and CSCR hospital Dataset/Train/glioma/G_716_RO_.jpg",0,glioma,0,glioma,0.9783502817,0.0063511902,0.0080192741,0.0072793080
94,"/kaggle/input/datasets/arafatrahmann/my-data221/Epic and CSCR hospital Dataset/Train/glioma/G_717_HF_.jpg",0,glioma,0,glioma,0.9778984189,0.0071112164,0.0074779121,0.0075124525
97,"/kaggle/input/datasets/arafatrahmann/my-data221/Epic and CSCR hospital Dataset/Train/glioma/G_717_VF_.jpg",0,glioma,0,glioma,0.9780956507,0.0068255751,0.0076136701,0.0074651241
98,"/kaggle/input/datasets/arafatrahmann/my-data221/Epic and CSCR hospital Dataset/Train/glioma/G_718.jpg",0,glioma,0,glioma,0.9775849581,0.0068198470,0.0080557158,0.0075394623
107,"/kaggle/input/datasets/arafatrahmann/my-data221/Epic and CSCR hospital Dataset/Train/glioma/G_719_DA_.jpg",0,glioma,0,glioma,0.9780522585,0.0066503733,0.0079750642,0.0073222839
110,"/kaggle/input/datasets/arafatrahmann/my-data221/Epic and CSCR hospital Dataset/Train/glioma/G_719_SP_.jpg",0,glioma,0,glioma,0.9777799845,0.0064362446,0.0083757471,0.0074080862
115,"/kaggle/input/datasets/arafatrahmann/my-data221/Epic and CSCR hospital Dataset/Train/glioma/G_720_HF_.jpg",0,glioma,0,glioma,0.9779328108,0.0070253136,0.0074132769,0.0076286173
120,"/kaggle/input/datasets/arafatrahmann/my-data221/Epic and CSCR hospital Dataset/Train/glioma/G_721_BR_.jpg",0,glioma,0,glioma,0.9788743854,0.0058120703,0.0083389841,0.0069746426
124,"/kaggle/input/datasets/arafatrahmann/my-data221/Epic and CSCR hospital Dataset/Train/glioma/G_721_SP_.jpg",0,glioma,0,glioma,0.9783980250,0.0057917638,0.0082526971,0.0075575383
127,"/kaggle/input/datasets/arafatrahmann/my-data221/Epic and CSCR hospital Dataset/Train/glioma/G_722_BR_.jpg",0,glioma,0,glioma,0.9786115885,0.0060902494,0.0084410394,0.0068570510
128,"/kaggle/input/datasets/arafatrahmann/my-data221/Epic and CSCR hospital Dataset/Train/glioma/G_722_DA_.jpg",0,glioma,0,glioma,0.9782012105,0.0066852821,0.0075792894,0.0075342031
132,"/kaggle/input/datasets/arafatrahmann/my-data221/Epic and CSCR hospital Dataset/Train/glioma/G_722_VF_.jpg",0,glioma,0,glioma,0.9778152704,0.0067445212,0.0076978542,0.0077423579
146,"/kaggle/input/datasets/arafatrahmann/my-data221/Epic and CSCR hospital Dataset/Train/glioma/G_724_VF_.jpg",0,glioma,0,glioma,0.9780062437,0.0062362552,0.0079692742,0.0077882661
148,"/kaggle/input/datasets/arafatrahmann/my-data221/Epic and CSCR hospital Dataset/Train/glioma/G_725_BR_.jpg",0,glioma,0,glioma,0.9788653255,0.0058322004,0.0084962929,0.0068062255
155,"/kaggle/input/datasets/arafatrahmann/my-data221/Epic and CSCR hospital Dataset/Train/glioma/G_726_BR_.jpg",0,glioma,0,glioma,0.9792467356,0.0057498883,0.0082410835,0.0067623169
156,"/kaggle/input/datasets/arafatrahmann/my-data221/Epic and CSCR hospital Dataset/Train/glioma/G_726_DA_.jpg",0,glioma,0,glioma,0.9783691168,0.0068123541,0.0073212734,0.0074971719
159,"/kaggle/input/datasets/arafatrahmann/my-data221/Epic and CSCR hospital Dataset/Train/glioma/G_726_SP_.jpg",0,glioma,0,glioma,0.9784175754,0.0061772563,0.0079764817,0.0074286773
162,"/kaggle/input/datasets/arafatrahmann/my-data221/Epic and CSCR hospital Dataset/Train/glioma/G_727_BR_.jpg",0,glioma,0,glioma,0.9788001776,0.0058720438,0.0086025503,0.0067252293
167,"/kaggle/input/datasets/arafatrahmann/my-data221/Epic and CSCR hospital Dataset/Train/glioma/G_727_VF_.jpg",0,glioma,0,glioma,0.9780187607,0.0067559495,0.0078908354,0.0073345220
169,"/kaggle/input/datasets/arafatrahmann/my-data221/Epic and CSCR hospital Dataset/Train/glioma/G_728_BR_.jpg",0,glioma,0,glioma,0.9788662195,0.0058789640,0.0085368976,0.0067179264
171,"/kaggle/input/datasets/arafatrahmann/my-data221/Epic and CSCR hospital Dataset/Train/glioma/G_728_HF_.jpg",0,glioma,0,glioma,0.9782202840,0.0068427525,0.0074562975,0.0074807638
173,"/kaggle/input/datasets/arafatrahmann/my-data221/Epic and CSCR hospital Dataset/Train/glioma/G_728_SP_.jpg",0,glioma,0,glioma,0.9782673120,0.0060634073,0.0083920034,0.0072773746
184,"/kaggle/input/datasets/arafatrahmann/my-data221/Epic and CSCR hospital Dataset/Train/glioma/G_730_DA_.jpg",0,glioma,0,glioma,0.9780054092,0.0064286902,0.0078123310,0.0077535822
191,"/kaggle/input/datasets/arafatrahmann/my-data221/Epic and CSCR hospital Dataset/Train/glioma/G_731_DA_.jpg",0,glioma,0,glioma,0.9783784747,0.0067917965,0.0074673900,0.0073623052
194,"/kaggle/input/datasets/arafatrahmann/my-data221/Epic and CSCR hospital Dataset/Train/glioma/G_731_SP_.jpg",0,glioma,0,glioma,0.9777885675,0.0061585801,0.0089025041,0.0071502998
196,"/kaggle/input/datasets/arafatrahmann/my-data221/Epic and CSCR hospital Dataset/Train/glioma/G_732.jpg",0,glioma,0,glioma,0.9784617424,0.0064578922,0.0078972997,0.0071831034
216,"/kaggle/input/datasets/arafatrahmann/my-data221/Epic and CSCR hospital Dataset/Train/glioma/G_734_VF_.jpg",0,glioma,0,glioma,0.9770448804,0.0064609856,0.0077139833,0.0087801991
218,"/kaggle/input/datasets/arafatrahmann/my-data221/Epic and CSCR hospital Dataset/Train/glioma/G_735_BR_.jpg",0,glioma,0,glioma,0.9781278372,0.0061984966,0.0090183178,0.0066553177
223,"/kaggle/input/datasets/arafatrahmann/my-data221/Epic and CSCR hospital Dataset/Train/glioma/G_735_VF_.jpg",0,glioma,0,glioma,0.9780347943,0.0070411921,0.0076795728,0.0072444566
227,"/kaggle/input/datasets/arafatrahmann/my-data221/Epic and CSCR hospital Dataset/Train/glioma/G_736_HF_.jpg",0,glioma,0,glioma,0.9774392843,0.0076142377,0.0074550794,0.0074914349
235,"/kaggle/input/datasets/arafatrahmann/my-data221/Epic and CSCR hospital Dataset/Train/glioma/G_737_RO_.jpg",0,glioma,0,glioma,0.9778829813,0.0072369799,0.0074529513,0.0074271099
244,"/kaggle/input/datasets/arafatrahmann/my-data221/Epic and CSCR hospital Dataset/Train/glioma/G_738_VF_.jpg",0,glioma,0,glioma,0.9776303172,0.0075566978,0.0074289134,0.0073840348
252,"/kaggle/input/datasets/arafatrahmann/my-data221/Epic and CSCR hospital Dataset/Train/glioma/G_740.jpg",0,glioma,0,glioma,0.9781911969,0.0066642528,0.0077495379,0.0073950789
256,"/kaggle/input/datasets/arafatrahmann/my-data221/Epic and CSCR hospital Dataset/Train/glioma/G_740_RO_.jpg",0,glioma,0,glioma,0.9786752462,0.0062162713,0.0080024432,0.0071059167
258,"/kaggle/input/datasets/arafatrahmann/my-data221/Epic and CSCR hospital Dataset/Train/glioma/G_740_VF_.jpg",0,glioma,0,glioma,0.9781005979,0.0065999888,0.0079525318,0.0073469081
259,"/kaggle/input/datasets/arafatrahmann/my-data221/Epic and CSCR hospital Dataset/Train/glioma/G_741.jpg",0,glioma,0,glioma,0.9783218503,0.0067478446,0.0075416788,0.0073885852
268,"/kaggle/input/datasets/arafatrahmann/my-data221/Epic and CSCR hospital Dataset/Train/glioma/G_742_DA_.jpg",0,glioma,0,glioma,0.9780001640,0.0067610466,0.0074298442,0.0078088702
272,"/kaggle/input/datasets/arafatrahmann/my-data221/Epic and CSCR hospital Dataset/Train/glioma/G_742_VF_.jpg",0,glioma,0,glioma,0.9771300554,0.0072028958,0.0080059776,0.0076610311
275,"/kaggle/input/datasets/arafatrahmann/my-data221/Epic and CSCR hospital Dataset/Train/glioma/G_743_DA_.jpg",0,glioma,0,glioma,0.9785380363,0.0067027351,0.0073882439,0.0073709800
277,"/kaggle/input/datasets/arafatrahmann/my-data221/Epic and CSCR hospital Dataset/Train/glioma/G_743_RO_.jpg",0,glioma,0,glioma,0.9781754613,0.0066410899,0.0079043638,0.0072790696
278,"/kaggle/input/datasets/arafatrahmann/my-data221/Epic and CSCR hospital Dataset/Train/glioma/G_743_SP_.jpg",0,glioma,0,glioma,0.9781664610,0.0063298969,0.0082503073,0.0072532818
287,"/kaggle/input/datasets/arafatrahmann/my-data221/Epic and CSCR hospital Dataset/Train/glioma/G_745.jpg",0,glioma,0,glioma,0.9751754999,0.0062539959,0.0119545301,0.0066159950
290,"/kaggle/input/datasets/arafatrahmann/my-data221/Epic and CSCR hospital Dataset/Train/glioma/G_745_HF_.jpg",0,glioma,0,glioma,0.9752777815,0.0061473744,0.0119471988,0.0066276491
299,"/kaggle/input/datasets/arafatrahmann/my-data221/Epic and CSCR hospital Dataset/Train/glioma/G_746_SP_.jpg",0,glioma,0,glioma,0.9780998230,0.0061598918,0.0086565129,0.0070837988
313,"/kaggle/input/datasets/arafatrahmann/my-data221/Epic and CSCR hospital Dataset/Train/glioma/G_748_SP_.jpg",0,glioma,0,glioma,0.9778990746,0.0063369283,0.0085504903,0.0072134538
324,"/kaggle/input/datasets/arafatrahmann/my-data221/Epic and CSCR hospital Dataset/Train/glioma/G_750_DA_.jpg",0,glioma,0,glioma,0.9777742624,0.0073305881,0.0074186637,0.0074764797
326,"/kaggle/input/datasets/arafatrahmann/my-data221/Epic and CSCR hospital Dataset/Train/glioma/G_750_RO_.jpg",0,glioma,0,glioma,0.9778904915,0.0071550584,0.0076778866,0.0072765746
334,"/kaggle/input/datasets/arafatrahmann/my-data221/Epic and CSCR hospital Dataset/Train/glioma/G_751_SP_.jpg",0,glioma,0,glioma,0.9777542353,0.0063104839,0.0087143034,0.0072209211
340,"/kaggle/input/datasets/arafatrahmann/my-data221/Epic and CSCR hospital Dataset/Train/glioma/G_752_RO_.jpg",0,glioma,0,glioma,0.9781982303,0.0062522562,0.0080894660,0.0074600382
346,"/kaggle/input/datasets/arafatrahmann/my-data221/Epic and CSCR hospital Dataset/Train/glioma/G_753_HF_.jpg",0,glioma,0,glioma,0.9779413939,0.0064282520,0.0081980657,0.0074323313
356,"/kaggle/input/datasets/arafatrahmann/my-data221/Epic and CSCR hospital Dataset/Train/glioma/G_754_VF_.jpg",0,glioma,0,glioma,0.9767376184,0.0072489278,0.0079962295,0.0080172960
361,"/kaggle/input/datasets/arafatrahmann/my-data221/Epic and CSCR hospital Dataset/Train/glioma/G_755_RO_.jpg",0,glioma,0,glioma,0.9784907103,0.0062479456,0.0078558158,0.0074054883
362,"/kaggle/input/datasets/arafatrahmann/my-data221/Epic and CSCR hospital Dataset/Train/glioma/G_755_SP_.jpg",0,glioma,0,glioma,0.9775519371,0.0064376304,0.0087351110,0.0072753816
369,"/kaggle/input/datasets/arafatrahmann/my-data221/Epic and CSCR hospital Dataset/Train/glioma/G_756_SP_.jpg",0,glioma,0,glioma,0.9773132205,0.0065331957,0.0080227302,0.0081308037
375,"/kaggle/input/datasets/arafatrahmann/my-data221/Epic and CSCR hospital Dataset/Train/glioma/G_757_RO_.jpg",0,glioma,0,glioma,0.9782689214,0.0062814532,0.0077429027,0.0077067851
377,"/kaggle/input/datasets/arafatrahmann/my-data221/Epic and CSCR hospital Dataset/Train/glioma/G_757_VF_.jpg",0,glioma,0,glioma,0.9779550433,0.0064705922,0.0078782421,0.0076961354
378,"/kaggle/input/datasets/arafatrahmann/my-data221/Epic and CSCR hospital Dataset/Train/glioma/G_758.jpg",0,glioma,0,glioma,0.9782593846,0.0062344843,0.0077633010,0.0077428594
391,"/kaggle/input/datasets/arafatrahmann/my-data221/Epic and CSCR hospital Dataset/Train/glioma/G_759_VF_.jpg",0,glioma,0,glioma,0.9783378839,0.0063218819,0.0082465364,0.0070937076
393,"/kaggle/input/datasets/arafatrahmann/my-data221/Epic and CSCR hospital Dataset/Train/glioma/G_760_BR_.jpg",0,glioma,0,glioma,0.9787424207,0.0056961919,0.0082199452,0.0073415004
406,"/kaggle/input/datasets/arafatrahmann/my-data221/Epic and CSCR hospital Dataset/Train/glioma/G_762.jpg",0,glioma,0,glioma,0.9782260656,0.0064244517,0.0078074276,0.0075419941
408,"/kaggle/input/datasets/arafatrahmann/my-data221/Epic and CSCR hospital Dataset/Train/glioma/G_762_DA_.jpg",0,glioma,0,glioma,0.9784672856,0.0063756155,0.0078031393,0.0073539475
410,"/kaggle/input/datasets/arafatrahmann/my-data221/Epic and CSCR hospital Dataset/Train/glioma/G_762_RO_.jpg",0,glioma,0,glioma,0.9782921076,0.0064379564,0.0078594442,0.0074104844
414,"/kaggle/input/datasets/arafatrahmann/my-data221/Epic and CSCR hospital Dataset/Train/glioma/G_763_BR_.jpg",0,glioma,0,glioma,0.9789181948,0.0057574701,0.0082893223,0.0070350775
419,"/kaggle/input/datasets/arafatrahmann/my-data221/Epic and CSCR hospital Dataset/Train/glioma/G_763_VF_.jpg",0,glioma,0,glioma,0.9781597257,0.0063829073,0.0077325054,0.0077248970
427,"/kaggle/input/datasets/arafatrahmann/my-data221/Epic and CSCR hospital Dataset/Train/glioma/G_765.jpg",0,glioma,0,glioma,0.9779707789,0.0066496232,0.0080399755,0.0073396536
437,"/kaggle/input/datasets/arafatrahmann/my-data221/Epic and CSCR hospital Dataset/Train/glioma/G_766_HF_.jpg",0,glioma,0,glioma,0.9781618118,0.0064684516,0.0079508517,0.0074188509
442,"/kaggle/input/datasets/arafatrahmann/my-data221/Epic and CSCR hospital Dataset/Train/glioma/G_767_BR_.jpg",0,glioma,0,glioma,0.9780873060,0.0064790533,0.0081069302,0.0073266281
444,"/kaggle/input/datasets/arafatrahmann/my-data221/Epic and CSCR hospital Dataset/Train/glioma/G_767_HF_.jpg",0,glioma,0,glioma,0.9777892828,0.0063314075,0.0078222686,0.0080570653
448,"/kaggle/input/datasets/arafatrahmann/my-data221/Epic and CSCR hospital Dataset/Train/glioma/G_768.jpg",0,glioma,0,glioma,0.9782436490,0.0064645866,0.0078581432,0.0074336128
452,"/kaggle/input/datasets/arafatrahmann/my-data221/Epic and CSCR hospital Dataset/Train/glioma/G_768_RO_.jpg",0,glioma,0,glioma,0.9784358740,0.0063587376,0.0077959141,0.0074093742
458,"/kaggle/input/datasets/arafatrahmann/my-data221/Epic and CSCR hospital Dataset/Train/glioma/G_769_HF_.jpg",0,glioma,0,glioma,0.9782823324,0.0064566717,0.0078435401,0.0074174600
465,"/kaggle/input/datasets/arafatrahmann/my-data221/Epic and CSCR hospital Dataset/Train/glioma/G_770_HF_.jpg",0,glioma,0,glioma,0.9783157110,0.0065372149,0.0076663583,0.0074806809
467,"/kaggle/input/datasets/arafatrahmann/my-data221/Epic and CSCR hospital Dataset/Train/glioma/G_770_SP_.jpg",0,glioma,0,glioma,0.9777030945,0.0067126700,0.0080339760,0.0075502978
468,"/kaggle/input/datasets/arafatrahmann/my-data221/Epic and CSCR hospital Dataset/Train/glioma/G_770_VF_.jpg",0,glioma,0,glioma,0.9781686664,0.0066330484,0.0076457439,0.0075525297
473,"/kaggle/input/datasets/arafatrahmann/my-data221/Epic and CSCR hospital Dataset/Train/glioma/G_771_RO_.jpg",0,glioma,0,glioma,0.9775770307,0.0067105861,0.0082692374,0.0074431347
474,"/kaggle/input/datasets/arafatrahmann/my-data221/Epic and CSCR hospital Dataset/Train/glioma/G_771_SP_.jpg",0,glioma,0,glioma,0.9775629044,0.0067217126,0.0082993237,0.0074159852
476,"/kaggle/input/datasets/arafatrahmann/my-data221/Epic and CSCR hospital Dataset/Train/glioma/G_772.jpg",0,glioma,0,glioma,0.9778928757,0.0066709006,0.0079910858,0.0074450821
479,"/kaggle/input/datasets/arafatrahmann/my-data221/Epic and CSCR hospital Dataset/Train/glioma/G_772_HF_.jpg",0,glioma,0,glioma,0.9779712558,0.0065547451,0.0079779644,0.0074959444
481,"/kaggle/input/datasets/arafatrahmann/my-data221/Epic and CSCR hospital Dataset/Train/glioma/G_772_SP_.jpg",0,glioma,0,glioma,0.9778079987,0.0066422680,0.0080264769,0.0075232862
483,"/kaggle/input/datasets/arafatrahmann/my-data221/Epic and CSCR hospital Dataset/Train/glioma/G_773.jpg",0,glioma,0,glioma,0.9781295061,0.0063890503,0.0080577927,0.0074236332
486,"/kaggle/input/datasets/arafatrahmann/my-data221/Epic and CSCR hospital Dataset/Train/glioma/G_773_HF_.jpg",0,glioma,0,glioma,0.9781436920,0.0063639558,0.0080808038,0.0074115107
490,"/kaggle/input/datasets/arafatrahmann/my-data221/Epic and CSCR hospital Dataset/Train/glioma/G_774.jpg",0,glioma,0,glioma,0.9774881601,0.0070244493,0.0080645476,0.0074228346
510,"/kaggle/input/datasets/arafatrahmann/my-data221/Epic and CSCR hospital Dataset/Train/glioma/G_776_VF_.jpg",0,glioma,0,glioma,0.9779112935,0.0066759475,0.0078273648,0.0075854817
516,"/kaggle/input/datasets/arafatrahmann/my-data221/Epic and CSCR hospital Dataset/Train/glioma/G_777_SP_.jpg",0,glioma,0,glioma,0.9775147438,0.0067815157,0.0079424847,0.0077613117
517,"/kaggle/input/datasets/arafatrahmann/my-data221/Epic and CSCR hospital Dataset/Train/glioma/G_777_VF_.jpg",0,glioma,0,glioma,0.9771729708,0.0072514089,0.0079348115,0.0076408819
526,"/kaggle/input/datasets/arafatrahmann/my-data221/Epic and CSCR hospital Dataset/Train/glioma/G_779_BR_.jpg",0,glioma,0,glioma,0.9784879684,0.0062835859,0.0083747087,0.0068537118
529,"/kaggle/input/datasets/arafatrahmann/my-data221/Epic and CSCR hospital Dataset/Train/glioma/G_779_RO_.jpg",0,glioma,0,glioma,0.9784585834,0.0060919248,0.0081006018,0.0073488192
532,"/kaggle/input/datasets/arafatrahmann/my-data221/Epic and CSCR hospital Dataset/Train/glioma/G_780.jpg",0,glioma,0,glioma,0.9784718752,0.0063040131,0.0077834553,0.0074406685
534,"/kaggle/input/datasets/arafatrahmann/my-data221/Epic and CSCR hospital Dataset/Train/glioma/G_780_DA_.jpg",0,glioma,0,glioma,0.9786711931,0.0065544597,0.0073013576,0.0074729593
543,"/kaggle/input/datasets/arafatrahmann/my-data221/Epic and CSCR hospital Dataset/Train/glioma/G_781_RO_.jpg",0,glioma,0,glioma,0.9787743688,0.0060368916,0.0078434665,0.0073452643
544,"/kaggle/input/datasets/arafatrahmann/my-data221/Epic and CSCR hospital Dataset/Train/glioma/G_781_SP_.jpg",0,glioma,0,glioma,0.9780904055,0.0061665811,0.0081350133,0.0076079788
550,"/kaggle/input/datasets/arafatrahmann/my-data221/Epic and CSCR hospital Dataset/Train/glioma/G_782_RO_.jpg",0,glioma,0,glioma,0.9785380363,0.0062967739,0.0075591030,0.0076061329
561,"/kaggle/input/datasets/arafatrahmann/my-data221/Epic and CSCR hospital Dataset/Train/glioma/G_784_BR_.jpg",0,glioma,0,glioma,0.9789975882,0.0055532949,0.0086936867,0.0067553846
569,"/kaggle/input/datasets/arafatrahmann/my-data221/Epic and CSCR hospital Dataset/Train/glioma/G_785_DA_.jpg",0,glioma,0,glioma,0.9780379534,0.0068570599,0.0076573244,0.0074477359
572,"/kaggle/input/datasets/arafatrahmann/my-data221/Epic and CSCR hospital Dataset/Train/glioma/G_785_SP_.jpg",0,glioma,0,glioma,0.9777213931,0.0066160760,0.0082237348,0.0074386792
574,"/kaggle/input/datasets/arafatrahmann/my-data221/Epic and CSCR hospital Dataset/Train/glioma/G_786.jpg",0,glioma,0,glioma,0.9780614972,0.0067859353,0.0077440226,0.0074086064
575,"/kaggle/input/datasets/arafatrahmann/my-data221/Epic and CSCR hospital Dataset/Train/glioma/G_786_BR_.jpg",0,glioma,0,glioma,0.9781204462,0.0061117276,0.0089639844,0.0068038953
576,"/kaggle/input/datasets/arafatrahmann/my-data221/Epic and CSCR hospital Dataset/Train/glioma/G_786_DA_.jpg",0,glioma,0,glioma,0.9782887697,0.0067334706,0.0076125935,0.0073651844
579,"/kaggle/input/datasets/arafatrahmann/my-data221/Epic and CSCR hospital Dataset/Train/glioma/G_786_SP_.jpg",0,glioma,0,glioma,0.9768382311,0.0071753212,0.0084999586,0.0074864998
581,"/kaggle/input/datasets/arafatrahmann/my-data221/Epic and CSCR hospital Dataset/Train/glioma/G_787.jpg",0,glioma,0,glioma,0.9785223007,0.0063379905,0.0079060839,0.0072336146
589,"/kaggle/input/datasets/arafatrahmann/my-data221/Epic and CSCR hospital Dataset/Train/glioma/G_788_BR_.jpg",0,glioma,0,glioma,0.9790920019,0.0059022936,0.0078984834,0.0071071647
590,"/kaggle/input/datasets/arafatrahmann/my-data221/Epic and CSCR hospital Dataset/Train/glioma/G_788_DA_.jpg",0,glioma,0,glioma,0.9784907103,0.0067132087,0.0072932206,0.0075028897
605,"/kaggle/input/datasets/arafatrahmann/my-data221/Epic and CSCR hospital Dataset/Train/glioma/G_790_HF_.jpg",0,glioma,0,glioma,0.9787436724,0.0063555865,0.0078953756,0.0070053348
615,"/kaggle/input/datasets/arafatrahmann/my-data221/Epic and CSCR hospital Dataset/Train/glioma/G_791_VF_.jpg",0,glioma,0,glioma,0.9770859480,0.0072129285,0.0081445966,0.0075565083
623,"/kaggle/input/datasets/arafatrahmann/my-data221/Epic and CSCR hospital Dataset/Train/glioma/G_793.jpg",0,glioma,0,glioma,0.9782656431,0.0065953927,0.0076125921,0.0075264247
628,"/kaggle/input/datasets/arafatrahmann/my-data221/Epic and CSCR hospital Dataset/Train/glioma/G_793_SP_.jpg",0,glioma,0,glioma,0.9780559540,0.0063443528,0.0080620805,0.0075375983
630,"/kaggle/input/datasets/arafatrahmann/my-data221/Epic and CSCR hospital Dataset/Train/glioma/G_794.jpg",0,glioma,0,glioma,0.9775554538,0.0071259150,0.0078336764,0.0074849799
638,"/kaggle/input/datasets/arafatrahmann/my-data221/Epic and CSCR hospital Dataset/Train/glioma/G_795_BR_.jpg",0,glioma,0,glioma,0.9776437879,0.0069169453,0.0083416728,0.0070976713
646,"/kaggle/input/datasets/arafatrahmann/my-data221/Epic and CSCR hospital Dataset/Train/glioma/G_796_DA_.jpg",0,glioma,0,glioma,0.9779097438,0.0069159181,0.0077232169,0.0074510230
650,"/kaggle/input/datasets/arafatrahmann/my-data221/Epic and CSCR hospital Dataset/Train/glioma/G_796_VF_.jpg",0,glioma,0,glioma,0.9773942232,0.0071142064,0.0078277346,0.0076638078
653,"/kaggle/input/datasets/arafatrahmann/my-data221/Epic and CSCR hospital Dataset/Train/glioma/G_797_DA_.jpg",0,glioma,0,glioma,0.9776336551,0.0071268277,0.0077560670,0.0074834777
661,"/kaggle/input/datasets/arafatrahmann/my-data221/Epic and CSCR hospital Dataset/Train/glioma/G_798_HF_.jpg",0,glioma,0,glioma,0.9783366323,0.0065734023,0.0078759380,0.0072140410
668,"/kaggle/input/datasets/arafatrahmann/my-data221/Epic and CSCR hospital Dataset/Train/glioma/G_799_HF_.jpg",0,glioma,0,glioma,0.9779633284,0.0064133792,0.0083892774,0.0072339410
670,"/kaggle/input/datasets/arafatrahmann/my-data221/Epic and CSCR hospital Dataset/Train/glioma/G_799_SP_.jpg",0,glioma,0,glioma,0.9781852961,0.0062477980,0.0079232557,0.0076436019
672,"/kaggle/input/datasets/arafatrahmann/my-data221/Epic and CSCR hospital Dataset/Train/glioma/G_800.jpg",0,glioma,0,glioma,0.9779397249,0.0065709972,0.0079764184,0.0075129131
674,"/kaggle/input/datasets/arafatrahmann/my-data221/Epic and CSCR hospital Dataset/Train/glioma/G_800_DA_.jpg",0,glioma,0,glioma,0.9782218933,0.0064268583,0.0078935595,0.0074577322
676,"/kaggle/input/datasets/arafatrahmann/my-data221/Epic and CSCR hospital Dataset/Train/glioma/G_800_RO_.jpg",0,glioma,0,glioma,0.9779090881,0.0064623565,0.0078075873,0.0078210440
681,"/kaggle/input/datasets/arafatrahmann/my-data221/Epic and CSCR hospital Dataset/Train/glioma/G_801_DA_.jpg",0,glioma,0,glioma,0.9714363813,0.0121969450,0.0081466362,0.0082200058
682,"/kaggle/input/datasets/arafatrahmann/my-data221/Epic and CSCR hospital Dataset/Train/glioma/G_801_HF_.jpg",0,glioma,0,glioma,0.9734638929,0.0100725451,0.0076885573,0.0087749520
684,"/kaggle/input/datasets/arafatrahmann/my-data221/Epic and CSCR hospital Dataset/Train/glioma/G_801_SP_.jpg",0,glioma,0,glioma,0.9743491411,0.0086472612,0.0073816353,0.0096219452
689,"/kaggle/input/datasets/arafatrahmann/my-data221/Epic and CSCR hospital Dataset/Train/glioma/G_802_HF_.jpg",0,glioma,0,glioma,0.9777849913,0.0066572549,0.0082497867,0.0073079774
691,"/kaggle/input/datasets/arafatrahmann/my-data221/Epic and CSCR hospital Dataset/Train/glioma/G_802_SP_.jpg",0,glioma,0,glioma,0.9775581360,0.0068305060,0.0080380710,0.0075732246
698,"/kaggle/input/datasets/arafatrahmann/my-data221/Epic and CSCR hospital Dataset/Train/glioma/G_803_SP_.jpg",0,glioma,0,glioma,0.9770080447,0.0071381703,0.0080460375,0.0078077889
712,"/kaggle/input/datasets/arafatrahmann/my-data221/Epic and CSCR hospital Dataset/Train/glioma/G_805_SP_.jpg",0,glioma,0,glioma,0.9775884748,0.0069057485,0.0079978472,0.0075080036
718,"/kaggle/input/datasets/arafatrahmann/my-data221/Epic and CSCR hospital Dataset/Train/glioma/G_806_RO_.jpg",0,glioma,0,glioma,0.9777672887,0.0070843785,0.0075982735,0.0075500039
720,"/kaggle/input/datasets/arafatrahmann/my-data221/Epic and CSCR hospital Dataset/Train/glioma/G_806_VF_.jpg",0,glioma,0,glioma,0.9772831202,0.0077204788,0.0073684836,0.0076279836
721,"/kaggle/input/datasets/arafatrahmann/my-data221/Epic and CSCR hospital Dataset/Train/glioma/G_807.jpg",0,glioma,0,glioma,0.9780629873,0.0068866634,0.0075341789,0.0075160628
730,"/kaggle/input/datasets/arafatrahmann/my-data221/Epic and CSCR hospital Dataset/Train/glioma/G_808_DA_.jpg",0,glioma,0,glioma,0.9781888723,0.0067781606,0.0074694953,0.0075634555
733,"/kaggle/input/datasets/arafatrahmann/my-data221/Epic and CSCR hospital Dataset/Train/glioma/G_808_SP_.jpg",0,glioma,0,glioma,0.9773963690,0.0066875294,0.0084908539,0.0074251955
740,"/kaggle/input/datasets/arafatrahmann/my-data221/Epic and CSCR hospital Dataset/Train/glioma/G_809_SP_.jpg",0,glioma,0,glioma,0.9776895642,0.0062018079,0.0085345032,0.0075741387
747,"/kaggle/input/datasets/arafatrahmann/my-data221/Epic and CSCR hospital Dataset/Train/glioma/G_810_SP_.jpg",0,glioma,0,glioma,0.9780911207,0.0056462861,0.0078816405,0.0083810035
751,"/kaggle/input/datasets/arafatrahmann/my-data221/Epic and CSCR hospital Dataset/Train/glioma/G_811_DA_.jpg",0,glioma,0,glioma,0.9779032469,0.0069011212,0.0077541498,0.0074414797
756,"/kaggle/input/datasets/arafatrahmann/my-data221/Epic and CSCR hospital Dataset/Train/glioma/G_812.jpg",0,glioma,0,glioma,0.9774286151,0.0063505853,0.0085536093,0.0076671289
758,"/kaggle/input/datasets/arafatrahmann/my-data221/Epic and CSCR hospital Dataset/Train/glioma/G_812_DA_.jpg",0,glioma,0,glioma,0.9769994020,0.0065887622,0.0086688008,0.0077431211
764,"/kaggle/input/datasets/arafatrahmann/my-data221/Epic and CSCR hospital Dataset/Train/glioma/G_813_BR_.jpg",0,glioma,0,glioma,0.9783188105,0.0059357909,0.0087702908,0.0069750906
768,"/kaggle/input/datasets/arafatrahmann/my-data221/Epic and CSCR hospital Dataset/Train/glioma/G_813_SP_.jpg",0,glioma,0,glioma,0.9779138565,0.0062930523,0.0083148833,0.0074781412
771,"/kaggle/input/datasets/arafatrahmann/my-data221/Epic and CSCR hospital Dataset/Train/glioma/G_814_BR_.jpg",0,glioma,0,glioma,0.9785255194,0.0055483482,0.0087870304,0.0071391379
775,"/kaggle/input/datasets/arafatrahmann/my-data221/Epic and CSCR hospital Dataset/Train/glioma/G_814_SP_.jpg",0,glioma,0,glioma,0.9780982137,0.0058079339,0.0083125010,0.0077814488
778,"/kaggle/input/datasets/arafatrahmann/my-data221/Epic and CSCR hospital Dataset/Train/glioma/G_815_BR_.jpg",0,glioma,0,glioma,0.9786173105,0.0060902704,0.0083076218,0.0069848271
786,"/kaggle/input/datasets/arafatrahmann/my-data221/Epic and CSCR hospital Dataset/Train/glioma/G_816_DA_.jpg",0,glioma,0,glioma,0.9781319499,0.0067132814,0.0076929093,0.0074618170
796,"/kaggle/input/datasets/arafatrahmann/my-data221/Epic and CSCR hospital Dataset/Train/glioma/G_817_SP_.jpg",0,glioma,0,glioma,0.9778909683,0.0064538345,0.0082058562,0.0074493750
799,"/kaggle/input/datasets/arafatrahmann/my-data221/Epic and CSCR hospital Dataset/Train/glioma/G_818_BR_.jpg",0,glioma,0,glioma,0.9784512520,0.0058632419,0.0087442016,0.0069412440
800,"/kaggle/input/datasets/arafatrahmann/my-data221/Epic and CSCR hospital Dataset/Train/glioma/G_818_DA_.jpg",0,glioma,0,glioma,0.9778739810,0.0066200355,0.0079538729,0.0075520799
804,"/kaggle/input/datasets/arafatrahmann/my-data221/Epic and CSCR hospital Dataset/Train/glioma/G_818_VF_.jpg",0,glioma,0,glioma,0.9774811864,0.0070289737,0.0076867989,0.0078030685
810,"/kaggle/input/datasets/arafatrahmann/my-data221/Epic and CSCR hospital Dataset/Train/glioma/G_819_SP_.jpg",0,glioma,0,glioma,0.9779685140,0.0061041536,0.0087181423,0.0072092032
813,"/kaggle/input/datasets/arafatrahmann/my-data221/Epic and CSCR hospital Dataset/Train/glioma/G_820_BR_.jpg",0,glioma,0,glioma,0.9789180756,0.0058743572,0.0084044123,0.0068031335
816,"/kaggle/input/datasets/arafatrahmann/my-data221/Epic and CSCR hospital Dataset/Train/glioma/G_820_RO_.jpg",0,glioma,0,glioma,0.9787022471,0.0062288824,0.0077254167,0.0073434515
833,"/kaggle/input/datasets/arafatrahmann/my-data221/Epic and CSCR hospital Dataset/Train/glioma/G_823.jpg",0,glioma,0,glioma,0.9778028727,0.0069959229,0.0076536452,0.0075476817
836,"/kaggle/input/datasets/arafatrahmann/my-data221/Epic and CSCR hospital Dataset/Train/glioma/G_823_HF_.jpg",0,glioma,0,glioma,0.9778350592,0.0070458194,0.0076166331,0.0075024604
845,"/kaggle/input/datasets/arafatrahmann/my-data221/Epic and CSCR hospital Dataset/Train/glioma/G_824_SP_.jpg",0,glioma,0,glioma,0.9776114225,0.0064526075,0.0086489366,0.0072870338
849,"/kaggle/input/datasets/arafatrahmann/my-data221/Epic and CSCR hospital Dataset/Train/glioma/G_825_DA_.jpg",0,glioma,0,glioma,0.9784362912,0.0063773319,0.0078562787,0.0073301122
852,"/kaggle/input/datasets/arafatrahmann/my-data221/Epic and CSCR hospital Dataset/Train/glioma/G_825_SP_.jpg",0,glioma,0,glioma,0.9776867628,0.0063523403,0.0085220682,0.0074387668
859,"/kaggle/input/datasets/arafatrahmann/my-data221/Epic and CSCR hospital Dataset/Train/glioma/G_826_SP_.jpg",0,glioma,0,glioma,0.9780035019,0.0064326404,0.0077091581,0.0078546964
860,"/kaggle/input/datasets/arafatrahmann/my-data221/Epic and CSCR hospital Dataset/Train/glioma/G_826_VF_.jpg",0,glioma,0,glioma,0.9779102206,0.0066099404,0.0079510650,0.0075287493
873,"/kaggle/input/datasets/arafatrahmann/my-data221/Epic and CSCR hospital Dataset/Train/glioma/G_828_SP_.jpg",0,glioma,0,glioma,0.9780672789,0.0061441003,0.0083887940,0.0073997541
878,"/kaggle/input/datasets/arafatrahmann/my-data221/Epic and CSCR hospital Dataset/Train/glioma/G_829_HF_.jpg",0,glioma,0,glioma,0.9781928062,0.0060134139,0.0081071202,0.0076866895
879,"/kaggle/input/datasets/arafatrahmann/my-data221/Epic and CSCR hospital Dataset/Train/glioma/G_829_RO_.jpg",0,glioma,0,glioma,0.9785005450,0.0058871186,0.0079356637,0.0076767043
882,"/kaggle/input/datasets/arafatrahmann/my-data221/Epic and CSCR hospital Dataset/Train/glioma/G_830.jpg",0,glioma,0,glioma,0.9782401919,0.0058796271,0.0080831172,0.0077971956
898,"/kaggle/input/datasets/arafatrahmann/my-data221/Epic and CSCR hospital Dataset/Train/glioma/G_832_DA_.jpg",0,glioma,0,glioma,0.9776818156,0.0070643285,0.0077986405,0.0074552507
909,"/kaggle/input/datasets/arafatrahmann/my-data221/Epic and CSCR hospital Dataset/Train/glioma/G_833_VF_.jpg",0,glioma,0,glioma,0.9774816632,0.0072823153,0.0076195225,0.0076165781
910,"/kaggle/input/datasets/arafatrahmann/my-data221/Epic and CSCR hospital Dataset/Train/glioma/G_834.jpg",0,glioma,0,glioma,0.9766529799,0.0077942153,0.0079403650,0.0076125013
911,"/kaggle/input/datasets/arafatrahmann/my-data221/Epic and CSCR hospital Dataset/Train/glioma/G_834_BR_.jpg",0,glioma,0,glioma,0.9774633646,0.0068755946,0.0087936884,0.0068672998
912,"/kaggle/input/datasets/arafatrahmann/my-data221/Epic and CSCR hospital Dataset/Train/glioma/G_834_DA_.jpg",0,glioma,0,glioma,0.9770010710,0.0076536001,0.0078111426,0.0075341105
915,"/kaggle/input/datasets/arafatrahmann/my-data221/Epic and CSCR hospital Dataset/Train/glioma/G_834_SP_.jpg",0,glioma,1,meningioma,0.3410344124,0.6466282010,0.0068181930,0.0055192932
919,"/kaggle/input/datasets/arafatrahmann/my-data221/Epic and CSCR hospital Dataset/Train/glioma/G_835_DA_.jpg",0,glioma,0,glioma,0.9780321121,0.0069115562,0.0076281456,0.0074281855
920,"/kaggle/input/datasets/arafatrahmann/my-data221/Epic and CSCR hospital Dataset/Train/glioma/G_835_HF_.jpg",0,glioma,0,glioma,0.9776883125,0.0070157349,0.0076719546,0.0076240175
924,"/kaggle/input/datasets/arafatrahmann/my-data221/Epic and CSCR hospital Dataset/Train/glioma/G_836.jpg",0,glioma,0,glioma,0.9780929685,0.0067151496,0.0075643524,0.0076275305
925,"/kaggle/input/datasets/arafatrahmann/my-data221/Epic and CSCR hospital Dataset/Train/glioma/G_836_BR_.jpg",0,glioma,0,glioma,0.9789804220,0.0059679537,0.0080438303,0.0070077986
927,"/kaggle/input/datasets/arafatrahmann/my-data221/Epic and CSCR hospital Dataset/Train/glioma/G_836_HF_.jpg",0,glioma,0,glioma,0.9779111147,0.0067001870,0.0077714734,0.0076172859
928,"/kaggle/input/datasets/arafatrahmann/my-data221/Epic and CSCR hospital Dataset/Train/glioma/G_836_RO_.jpg",0,glioma,0,glioma,0.9780950546,0.0065331412,0.0078355251,0.0075362935
936,"/kaggle/input/datasets/arafatrahmann/my-data221/Epic and CSCR hospital Dataset/Train/glioma/G_837_SP_.jpg",0,glioma,0,glioma,0.9772475958,0.0069392817,0.0081777880,0.0076354011
937,"/kaggle/input/datasets/arafatrahmann/my-data221/Epic and CSCR hospital Dataset/Train/glioma/G_837_VF_.jpg",0,glioma,0,glioma,0.9781160355,0.0067216693,0.0074765617,0.0076857572
944,"/kaggle/input/datasets/arafatrahmann/my-data221/Epic and CSCR hospital Dataset/Train/glioma/G_838_VF_.jpg",0,glioma,0,glioma,0.9782233238,0.0066501023,0.0075029964,0.0076235547
946,"/kaggle/input/datasets/arafatrahmann/my-data221/Epic and CSCR hospital Dataset/Train/glioma/G_839_BR_.jpg",0,glioma,0,glioma,0.9783554077,0.0061736172,0.0086264964,0.0068445057
949,"/kaggle/input/datasets/arafatrahmann/my-data221/Epic and CSCR hospital Dataset/Train/glioma/G_839_RO_.jpg",0,glioma,0,glioma,0.9771798253,0.0069126575,0.0083799651,0.0075276373
952,"/kaggle/input/datasets/arafatrahmann/my-data221/Epic and CSCR hospital Dataset/Train/glioma/G_840.jpg",0,glioma,0,glioma,0.9770646095,0.0072328872,0.0081758732,0.0075265593
958,"/kaggle/input/datasets/arafatrahmann/my-data221/Epic and CSCR hospital Dataset/Train/glioma/G_840_VF_.jpg",0,glioma,0,glioma,0.9768821597,0.0071582026,0.0085084010,0.0074511706
971,"/kaggle/input/datasets/arafatrahmann/my-data221/Epic and CSCR hospital Dataset/Train/glioma/G_842_SP_.jpg",0,glioma,0,glioma,0.9779397249,0.0062774434,0.0083693657,0.0074135670
978,"/kaggle/input/datasets/arafatrahmann/my-data221/Epic and CSCR hospital Dataset/Train/glioma/G_843_SP_.jpg",0,glioma,0,glioma,0.9784964323,0.0061600008,0.0079900147,0.0073534427
980,"/kaggle/input/datasets/arafatrahmann/my-data221/Epic and CSCR hospital Dataset/Train/glioma/G_844.jpg",0,glioma,0,glioma,0.9785517454,0.0066128424,0.0075703142,0.0072650099
981,"/kaggle/input/datasets/arafatrahmann/my-data221/Epic and CSCR hospital Dataset/Train/glioma/G_844_BR_.jpg",0,glioma,0,glioma,0.9781960249,0.0061745588,0.0089151869,0.0067142239
982,"/kaggle/input/datasets/arafatrahmann/my-data221/Epic and CSCR hospital Dataset/Train/glioma/G_844_DA_.jpg",0,glioma,0,glioma,0.9785087705,0.0066093453,0.0076894322,0.0071924590
985,"/kaggle/input/datasets/arafatrahmann/my-data221/Epic and CSCR hospital Dataset/Train/glioma/G_844_SP_.jpg",0,glioma,0,glioma,0.9780480266,0.0063975588,0.0082027363,0.0073516467
986,"/kaggle/input/datasets/arafatrahmann/my-data221/Epic and CSCR hospital Dataset/Train/glioma/G_844_VF_.jpg",0,glioma,0,glioma,0.9781750441,0.0069806562,0.0075872266,0.0072570280
990,"/kaggle/input/datasets/arafatrahmann/my-data221/Epic and CSCR hospital Dataset/Train/glioma/G_845_HF_.jpg",0,glioma,0,glioma,0.9785737991,0.0062945345,0.0077550947,0.0073765120
991,"/kaggle/input/datasets/arafatrahmann/my-data221/Epic and CSCR hospital Dataset/Train/glioma/G_845_RO_.jpg",0,glioma,0,glioma,0.9787632823,0.0061036046,0.0078045540,0.0073285676
998,"/kaggle/input/datasets/arafatrahmann/my-data221/Epic and CSCR hospital Dataset/Train/glioma/G_846_RO_.jpg",0,glioma,0,glioma,0.9779359698,0.0071366853,0.0075133503,0.0074138790
1005,"/kaggle/input/datasets/arafatrahmann/my-data221/Epic and CSCR hospital Dataset/Train/glioma/G_847_RO_.jpg",0,glioma,0,glioma,0.9786564708,0.0066417269,0.0076105944,0.0070912056
1011,"/kaggle/input/datasets/arafatrahmann/my-data221/Epic and CSCR hospital Dataset/Train/glioma/G_848_HF_.jpg",0,glioma,0,glioma,0.9785962105,0.0065036146,0.0074144155,0.0074857734
1028,"/kaggle/input/datasets/arafatrahmann/my-data221/Epic and CSCR hospital Dataset/Train/glioma/G_850_VF_.jpg",0,glioma,0,glioma,0.9773854017,0.0066640652,0.0081351651,0.0078152195
1033,"/kaggle/input/datasets/arafatrahmann/my-data221/Epic and CSCR hospital Dataset/Train/glioma/G_851_RO_.jpg",0,glioma,0,glioma,0.9780603647,0.0063404278,0.0083203316,0.0072788121
1034,"/kaggle/input/datasets/arafatrahmann/my-data221/Epic and CSCR hospital Dataset/Train/glioma/G_851_SP_.jpg",0,glioma,0,glioma,0.9776797295,0.0065096132,0.0080851568,0.0077254325
1038,"/kaggle/input/datasets/arafatrahmann/my-data221/Epic and CSCR hospital Dataset/Train/glioma/G_852_DA_.jpg",0,glioma,0,glioma,0.9783132672,0.0061559463,0.0080573764,0.0074733971
1039,"/kaggle/input/datasets/arafatrahmann/my-data221/Epic and CSCR hospital Dataset/Train/glioma/G_852_HF_.jpg",0,glioma,0,glioma,0.9774201512,0.0066756839,0.0082658818,0.0076382942
1040,"/kaggle/input/datasets/arafatrahmann/my-data221/Epic and CSCR hospital Dataset/Train/glioma/G_852_RO_.jpg",0,glioma,0,glioma,0.9775692225,0.0065435744,0.0082200076,0.0076672537
1050,"/kaggle/input/datasets/arafatrahmann/my-data221/Epic and CSCR hospital Dataset/Train/glioma/G_854.jpg",0,glioma,0,glioma,0.9782396555,0.0064144298,0.0079915989,0.0073543703
1051,"/kaggle/input/datasets/arafatrahmann/my-data221/Epic and CSCR hospital Dataset/Train/glioma/G_854_BR_.jpg",0,glioma,0,glioma,0.9787296057,0.0058583808,0.0085804211,0.0068316450
1054,"/kaggle/input/datasets/arafatrahmann/my-data221/Epic and CSCR hospital Dataset/Train/glioma/G_854_RO_.jpg",0,glioma,0,glioma,0.9772070050,0.0069014095,0.0084516872,0.0074398704
1055,"/kaggle/input/datasets/arafatrahmann/my-data221/Epic and CSCR hospital Dataset/Train/glioma/G_854_SP_.jpg",0,glioma,0,glioma,0.9773865938,0.0067157811,0.0082029700,0.0076947017
1061,"/kaggle/input/datasets/arafatrahmann/my-data221/Epic and CSCR hospital Dataset/Train/glioma/G_855_RO_.jpg",0,glioma,0,glioma,0.9780942798,0.0060428469,0.0086369831,0.0072259242
1068,"/kaggle/input/datasets/arafatrahmann/my-data221/Epic and CSCR hospital Dataset/Train/glioma/G_856_RO_.jpg",0,glioma,0,glioma,0.9777454138,0.0065335645,0.0082126670,0.0075084246
1070,"/kaggle/input/datasets/arafatrahmann/my-data221/Epic and CSCR hospital Dataset/Train/glioma/G_856_VF_.jpg",0,glioma,0,glioma,0.9778645635,0.0066206520,0.0079125175,0.0076022493
1078,"/kaggle/input/datasets/arafatrahmann/my-data221/Epic and CSCR hospital Dataset/Train/glioma/G_858.jpg",0,glioma,0,glioma,0.9776631594,0.0065790899,0.0083976705,0.0073600980
1091,"/kaggle/input/datasets/arafatrahmann/my-data221/Epic and CSCR hospital Dataset/Train/glioma/G_859_VF_.jpg",0,glioma,0,glioma,0.9780670404,0.0065319627,0.0077654654,0.0076355874
1094,"/kaggle/input/datasets/arafatrahmann/my-data221/Epic and CSCR hospital Dataset/Train/glioma/G_85_VF_.jpg",0,glioma,0,glioma,0.9772566557,0.0067089619,0.0079539539,0.0080804201
1100,"/kaggle/input/datasets/arafatrahmann/my-data221/Epic and CSCR hospital Dataset/Train/glioma/G_860_RO_.jpg",0,glioma,0,glioma,0.9781357646,0.0063132220,0.0082074562,0.0073435260
1104,"/kaggle/input/datasets/arafatrahmann/my-data221/Epic and CSCR hospital Dataset/Train/glioma/G_861_BR_.jpg",0,glioma,0,glioma,0.9762188196,0.0083591808,0.0084387306,0.0069832974
1114,"/kaggle/input/datasets/arafatrahmann/my-data221/Epic and CSCR hospital Dataset/Train/glioma/G_862_RO_.jpg",0,glioma,0,glioma,0.9777240753,0.0065914169,0.0081511568,0.0075334436
1118,"/kaggle/input/datasets/arafatrahmann/my-data221/Epic and CSCR hospital Dataset/Train/glioma/G_863_BR_.jpg",0,glioma,0,glioma,0.9782512784,0.0064180689,0.0083023245,0.0070283776
1119,"/kaggle/input/datasets/arafatrahmann/my-data221/Epic and CSCR hospital Dataset/Train/glioma/G_863_DA_.jpg",0,glioma,0,glioma,0.9773112535,0.0073079020,0.0078234617,0.0075573712
1122,"/kaggle/input/datasets/arafatrahmann/my-data221/Epic and CSCR hospital Dataset/Train/glioma/G_863_SP_.jpg",0,glioma,0,glioma,0.9777017832,0.0067017912,0.0078673866,0.0077291229
1125,"/kaggle/input/datasets/arafatrahmann/my-data221/Epic and CSCR hospital Dataset/Train/glioma/G_864_BR_.jpg",0,glioma,0,glioma,0.9782045484,0.0057518533,0.0089525888,0.0070910612
1130,"/kaggle/input/datasets/arafatrahmann/my-data221/Epic and CSCR hospital Dataset/Train/glioma/G_864_VF_.jpg",0,glioma,0,glioma,0.9767091870,0.0070595122,0.0086877486,0.0075435424
1133,"/kaggle/input/datasets/arafatrahmann/my-data221/Epic and CSCR hospital Dataset/Train/glioma/G_865_DA_.jpg",0,glioma,0,glioma,0.9774077535,0.0069465339,0.0082706138,0.0073751481
1136,"/kaggle/input/datasets/arafatrahmann/my-data221/Epic and CSCR hospital Dataset/Train/glioma/G_865_SP_.jpg",0,glioma,0,glioma,0.9773224592,0.0066338433,0.0079051377,0.0081384527
1137,"/kaggle/input/datasets/arafatrahmann/my-data221/Epic and CSCR hospital Dataset/Train/glioma/G_865_VF_.jpg",0,glioma,0,glioma,0.9769398570,0.0065783225,0.0075140111,0.0089677824
1139,"/kaggle/input/datasets/arafatrahmann/my-data221/Epic and CSCR hospital Dataset/Train/glioma/G_866_BR_.jpg",0,glioma,0,glioma,0.9782729149,0.0061866054,0.0084607955,0.0070797033
1142,"/kaggle/input/datasets/arafatrahmann/my-data221/Epic and CSCR hospital Dataset/Train/glioma/G_866_RO_.jpg",0,glioma,0,glioma,0.9776474833,0.0065171877,0.0081009222,0.0077343956
1146,"/kaggle/input/datasets/arafatrahmann/my-data221/Epic and CSCR hospital Dataset/Train/glioma/G_867_BR_.jpg",0,glioma,0,glioma,0.9772351384,0.0069920719,0.0088105313,0.0069622993
1148,"/kaggle/input/datasets/arafatrahmann/my-data221/Epic and CSCR hospital Dataset/Train/glioma/G_867_HF_.jpg",0,glioma,0,glioma,0.9765793681,0.0075980658,0.0083601307,0.0074624731
1167,"/kaggle/input/datasets/arafatrahmann/my-data221/Epic and CSCR hospital Dataset/Train/glioma/G_86_DA_.jpg",0,glioma,0,glioma,0.9783633947,0.0063627502,0.0076943240,0.0075795362
1173,"/kaggle/input/datasets/arafatrahmann/my-data221/Epic and CSCR hospital Dataset/Train/glioma/G_870.jpg",0,glioma,0,glioma,0.9774490595,0.0070888214,0.0080676181,0.0073944889
1174,"/kaggle/input/datasets/arafatrahmann/my-data221/Epic and CSCR hospital Dataset/Train/glioma/G_870_BR_.jpg",0,glioma,0,glioma,0.9781234860,0.0064487034,0.0084755663,0.0069522387
1185,"/kaggle/input/datasets/arafatrahmann/my-data221/Epic and CSCR hospital Dataset/Train/glioma/G_871_SP_.jpg",0,glioma,0,glioma,0.9747790098,0.0094069149,0.0082498882,0.0075641782
1193,"/kaggle/input/datasets/arafatrahmann/my-data221/Epic and CSCR hospital Dataset/Train/glioma/G_872_VF_.jpg",0,glioma,0,glioma,0.9767876863,0.0069018737,0.0087130768,0.0075973747
1200,"/kaggle/input/datasets/arafatrahmann/my-data221/Epic and CSCR hospital Dataset/Train/glioma/G_873_VF_.jpg",0,glioma,0,glioma,0.9769027829,0.0069877179,0.0084201954,0.0076892236
1201,"/kaggle/input/datasets/arafatrahmann/my-data221/Epic and CSCR hospital Dataset/Train/glioma/G_874.jpg",0,glioma,0,glioma,0.9771939516,0.0071233995,0.0081780106,0.0075045913
1203,"/kaggle/input/datasets/arafatrahmann/my-data221/Epic and CSCR hospital Dataset/Train/glioma/G_874_DA_.jpg",0,glioma,0,glioma,0.9780151248,0.0065302909,0.0080121346,0.0074424595
1207,"/kaggle/input/datasets/arafatrahmann/my-data221/Epic and CSCR hospital Dataset/Train/glioma/G_874_VF_.jpg",0,glioma,0,glioma,0.9773302078,0.0068315701,0.0085377013,0.0073005683
1210,"/kaggle/input/datasets/arafatrahmann/my-data221/Epic and CSCR hospital Dataset/Train/glioma/G_875_DA_.jpg",0,glioma,0,glioma,0.9778118134,0.0066639083,0.0080123562,0.0075119361
1211,"/kaggle/input/datasets/arafatrahmann/my-data221/Epic and CSCR hospital Dataset/Train/glioma/G_875_HF_.jpg",0,glioma,0,glioma,0.9770669937,0.0070223855,0.0085584177,0.0073522106
1213,"/kaggle/input/datasets/arafatrahmann/my-data221/Epic and CSCR hospital Dataset/Train/glioma/G_875_SP_.jpg",0,glioma,0,glioma,0.9775303602,0.0064859898,0.0079187918,0.0080648474
1217,"/kaggle/input/datasets/arafatrahmann/my-data221/Epic and CSCR hospital Dataset/Train/glioma/G_876_DA_.jpg",0,glioma,0,glioma,0.9777768254,0.0066030808,0.0080025159,0.0076175407
1229,"/kaggle/input/datasets/arafatrahmann/my-data221/Epic and CSCR hospital Dataset/Train/glioma/G_878.jpg",0,glioma,0,glioma,0.9769501686,0.0073019387,0.0085767210,0.0071712383
1231,"/kaggle/input/datasets/arafatrahmann/my-data221/Epic and CSCR hospital Dataset/Train/glioma/G_878_DA_.jpg",0,glioma,0,glioma,0.9765782356,0.0077632987,0.0081760800,0.0074822842
1240,"/kaggle/input/datasets/arafatrahmann/my-data221/Epic and CSCR hospital Dataset/Train/glioma/G_879_RO_.jpg",0,glioma,0,glioma,0.9781892896,0.0064370283,0.0077204136,0.0076533230
1244,"/kaggle/input/datasets/arafatrahmann/my-data221/Epic and CSCR hospital Dataset/Train/glioma/G_87_DA_.jpg",0,glioma,0,glioma,0.9778503180,0.0066346219,0.0081854882,0.0073294840
1252,"/kaggle/input/datasets/arafatrahmann/my-data221/Epic and CSCR hospital Dataset/Train/glioma/G_880_DA_.jpg",0,glioma,0,glioma,0.9779156446,0.0069037164,0.0076726107,0.0075079352
1255,"/kaggle/input/datasets/arafatrahmann/my-data221/Epic and CSCR hospital Dataset/Train/glioma/G_880_SP_.jpg",0,glioma,0,glioma,0.9780672193,0.0062776678,0.0080200871,0.0076350137
1258,"/kaggle/input/datasets/arafatrahmann/my-data221/Epic and CSCR hospital Dataset/Train/glioma/G_881_BR_.jpg",0,glioma,0,glioma,0.9779485464,0.0065060304,0.0085533578,0.0069920272
1262,"/kaggle/input/datasets/arafatrahmann/my-data221/Epic and CSCR hospital Dataset/Train/glioma/G_881_SP_.jpg",0,glioma,0,glioma,0.9771498442,0.0070677311,0.0080789234,0.0077034058
1264,"/kaggle/input/datasets/arafatrahmann/my-data221/Epic and CSCR hospital Dataset/Train/glioma/G_882.jpg",0,glioma,0,glioma,0.9779033661,0.0069016563,0.0078066727,0.0073883487
1271,"/kaggle/input/datasets/arafatrahmann/my-data221/Epic and CSCR hospital Dataset/Train/glioma/G_883.jpg",0,glioma,0,glioma,0.9774835706,0.0070881071,0.0081332978,0.0072951899
1275,"/kaggle/input/datasets/arafatrahmann/my-data221/Epic and CSCR hospital Dataset/Train/glioma/G_883_RO_.jpg",0,glioma,0,glioma,0.9780748487,0.0063357530,0.0083811432,0.0072082258
1276,"/kaggle/input/datasets/arafatrahmann/my-data221/Epic and CSCR hospital Dataset/Train/glioma/G_883_SP_.jpg",0,glioma,0,glioma,0.9778512716,0.0067237066,0.0079050688,0.0075199408
1279,"/kaggle/input/datasets/arafatrahmann/my-data221/Epic and CSCR hospital Dataset/Train/glioma/G_884_BR_.jpg",0,glioma,0,glioma,0.9781856537,0.0061878795,0.0088231433,0.0068033421
1280,"/kaggle/input/datasets/arafatrahmann/my-data221/Epic and CSCR hospital Dataset/Train/glioma/G_884_DA_.jpg",0,glioma,0,glioma,0.9776253700,0.0070207492,0.0077590412,0.0075948187
1286,"/kaggle/input/datasets/arafatrahmann/my-data221/Epic and CSCR hospital Dataset/Train/glioma/G_885_BR_.jpg",0,glioma,0,glioma,0.9783542752,0.0063254395,0.0084786667,0.0068416195
1288,"/kaggle/input/datasets/arafatrahmann/my-data221/Epic and CSCR hospital Dataset/Train/glioma/G_885_HF_.jpg",0,glioma,0,glioma,0.9778470993,0.0069278246,0.0078613032,0.0073638037
1291,"/kaggle/input/datasets/arafatrahmann/my-data221/Epic and CSCR hospital Dataset/Train/glioma/G_885_VF_.jpg",0,glioma,0,glioma,0.9773679972,0.0071221208,0.0081451489,0.0073647699
1295,"/kaggle/input/datasets/arafatrahmann/my-data221/Epic and CSCR hospital Dataset/Train/glioma/G_886_HF_.jpg",0,glioma,0,glioma,0.9779825211,0.0068365051,0.0078957509,0.0072852261
1303,"/kaggle/input/datasets/arafatrahmann/my-data221/Epic and CSCR hospital Dataset/Train/glioma/G_887_RO_.jpg",0,glioma,0,glioma,0.9777545929,0.0062308824,0.0090510622,0.0069633564
1312,"/kaggle/input/datasets/arafatrahmann/my-data221/Epic and CSCR hospital Dataset/Train/glioma/G_888_VF_.jpg",0,glioma,0,glioma,0.9773851633,0.0068956083,0.0081654703,0.0075538829
1324,"/kaggle/input/datasets/arafatrahmann/my-data221/Epic and CSCR hospital Dataset/Train/glioma/G_88_SP_.jpg",0,glioma,0,glioma,0.9781047702,0.0065210201,0.0078066001,0.0075675198
1328,"/kaggle/input/datasets/arafatrahmann/my-data221/Epic and CSCR hospital Dataset/Train/glioma/G_890_BR_.jpg",0,glioma,0,glioma,0.9779229164,0.0067461976,0.0082767559,0.0070541920
1329,"/kaggle/input/datasets/arafatrahmann/my-data221/Epic and CSCR hospital Dataset/Train/glioma/G_890_DA_.jpg",0,glioma,0,glioma,0.9773427844,0.0074536353,0.0077613145,0.0074421773
1330,"/kaggle/input/datasets/arafatrahmann/my-data221/Epic and CSCR hospital Dataset/Train/glioma/G_890_HF_.jpg",0,glioma,0,glioma,0.9768551588,0.0075155944,0.0083606336,0.0072685792
1337,"/kaggle/input/datasets/arafatrahmann/my-data221/Epic and CSCR hospital Dataset/Train/glioma/G_891_HF_.jpg",0,glioma,0,glioma,0.9777453542,0.0068946569,0.0079377117,0.0074222558
1340,"/kaggle/input/datasets/arafatrahmann/my-data221/Epic and CSCR hospital Dataset/Train/glioma/G_891_VF_.jpg",0,glioma,0,glioma,0.9767683148,0.0073982747,0.0080876211,0.0077458890
1343,"/kaggle/input/datasets/arafatrahmann/my-data221/Epic and CSCR hospital Dataset/Train/glioma/G_896.jpg",0,glioma,0,glioma,0.9779664278,0.0069091180,0.0078717805,0.0072526694
1345,"/kaggle/input/datasets/arafatrahmann/my-data221/Epic and CSCR hospital Dataset/Train/glioma/G_896_DA_.jpg",0,glioma,0,glioma,0.9777579308,0.0073808841,0.0074535697,0.0074076154
1355,"/kaggle/input/datasets/arafatrahmann/my-data221/Epic and CSCR hospital Dataset/Train/glioma/Te-gl_0066.jpg",0,glioma,0,glioma,0.9782301188,0.0065361657,0.0077894591,0.0074442909
1363,"/kaggle/input/datasets/arafatrahmann/my-data221/Epic and CSCR hospital Dataset/Train/glioma/Te-gl_0074.jpg",0,glioma,0,glioma,0.9782616496,0.0067401947,0.0075114891,0.0074867085
1366,"/kaggle/input/datasets/arafatrahmann/my-data221/Epic and CSCR hospital Dataset/Train/glioma/Te-gl_0077.jpg",0,glioma,0,glioma,0.9779770970,0.0072429879,0.0072778231,0.0075021712
1370,"/kaggle/input/datasets/arafatrahmann/my-data221/Epic and CSCR hospital Dataset/Train/glioma/Te-gl_0081.jpg",0,glioma,0,glioma,0.9781519175,0.0064495928,0.0074364976,0.0079620657
1375,"/kaggle/input/datasets/arafatrahmann/my-data221/Epic and CSCR hospital Dataset/Train/glioma/Te-gl_0086.jpg",0,glioma,0,glioma,0.9781438112,0.0068571074,0.0076140389,0.0073850565
1376,"/kaggle/input/datasets/arafatrahmann/my-data221/Epic and CSCR hospital Dataset/Train/glioma/Te-gl_0087.jpg",0,glioma,0,glioma,0.9777344465,0.0073606195,0.0074605606,0.0074443780
1377,"/kaggle/input/datasets/arafatrahmann/my-data221/Epic and CSCR hospital Dataset/Train/glioma/Te-gl_0088.jpg",0,glioma,0,glioma,0.9761746526,0.0087850438,0.0075424388,0.0074978480
1379,"/kaggle/input/datasets/arafatrahmann/my-data221/Epic and CSCR hospital Dataset/Train/glioma/Te-gl_0090.jpg",0,glioma,0,glioma,0.9786438942,0.0064184009,0.0073266933,0.0076109571
1381,"/kaggle/input/datasets/arafatrahmann/my-data221/Epic and CSCR hospital Dataset/Train/glioma/Te-gl_0092.jpg",0,glioma,0,glioma,0.9785760641,0.0063358797,0.0075792833,0.0075087273
1384,"/kaggle/input/datasets/arafatrahmann/my-data221/Epic and CSCR hospital Dataset/Train/glioma/Te-gl_0095.jpg",0,glioma,0,glioma,0.9783576131,0.0068366118,0.0073151202,0.0074905814
1386,"/kaggle/input/datasets/arafatrahmann/my-data221/Epic and CSCR hospital Dataset/Train/glioma/Te-gl_0097.jpg",0,glioma,0,glioma,0.9781390429,0.0069759758,0.0075264461,0.0073585561
1394,"/kaggle/input/datasets/arafatrahmann/my-data221/Epic and CSCR hospital Dataset/Train/glioma/Te-gl_0105.jpg",0,glioma,0,glioma,0.9783626795,0.0063674995,0.0079591237,0.0073106932
1397,"/kaggle/input/datasets/arafatrahmann/my-data221/Epic and CSCR hospital Dataset/Train/glioma/Te-gl_0109.jpg",0,glioma,0,glioma,0.9783356786,0.0061901244,0.0077431686,0.0077309674
1405,"/kaggle/input/datasets/arafatrahmann/my-data221/Epic and CSCR hospital Dataset/Train/glioma/Te-gl_0117.jpg",0,glioma,0,glioma,0.9781204462,0.0069560581,0.0074110189,0.0075123906
1409,"/kaggle/input/datasets/arafatrahmann/my-data221/Epic and CSCR hospital Dataset/Train/glioma/Te-gl_0121.jpg",0,glioma,0,glioma,0.9779456854,0.0071407049,0.0074682040,0.0074453959
1411,"/kaggle/input/datasets/arafatrahmann/my-data221/Epic and CSCR hospital Dataset/Train/glioma/Te-gl_0123.jpg",0,glioma,0,glioma,0.9784105420,0.0064408989,0.0077610640,0.0073874509
1417,"/kaggle/input/datasets/arafatrahmann/my-data221/Epic and CSCR hospital Dataset/Train/glioma/Te-gl_0129.jpg",0,glioma,0,glioma,0.9783065915,0.0063851946,0.0078130662,0.0074950932
1420,"/kaggle/input/datasets/arafatrahmann/my-data221/Epic and CSCR hospital Dataset/Train/glioma/Te-gl_0132.jpg",0,glioma,0,glioma,0.9780622721,0.0066650594,0.0075499676,0.0077227927
1432,"/kaggle/input/datasets/arafatrahmann/my-data221/Epic and CSCR hospital Dataset/Train/glioma/Te-gl_0144.jpg",0,glioma,0,glioma,0.9781409502,0.0063731051,0.0081601841,0.0073258141
1436,"/kaggle/input/datasets/arafatrahmann/my-data221/Epic and CSCR hospital Dataset/Train/glioma/Te-gl_0148.jpg",0,glioma,0,glioma,0.9777404070,0.0066063264,0.0082649905,0.0073882588
1448,"/kaggle/input/datasets/arafatrahmann/my-data221/Epic and CSCR hospital Dataset/Train/glioma/Te-gl_0160.jpg",0,glioma,0,glioma,0.9781094790,0.0068475408,0.0076879524,0.0073551135
1460,"/kaggle/input/datasets/arafatrahmann/my-data221/Epic and CSCR hospital Dataset/Train/glioma/Te-gl_0172.jpg",0,glioma,0,glioma,0.9778428078,0.0068787755,0.0080388170,0.0072395774
1461,"/kaggle/input/datasets/arafatrahmann/my-data221/Epic and CSCR hospital Dataset/Train/glioma/Te-gl_0173.jpg",0,glioma,0,glioma,0.9779297709,0.0071530351,0.0075811609,0.0073360777
1467,"/kaggle/input/datasets/arafatrahmann/my-data221/Epic and CSCR hospital Dataset/Train/glioma/Te-gl_0179.jpg",0,glioma,0,glioma,0.9777283669,0.0068304958,0.0081760678,0.0072651445
1477,"/kaggle/input/datasets/arafatrahmann/my-data221/Epic and CSCR hospital Dataset/Train/glioma/Te-gl_0189.jpg",0,glioma,0,glioma,0.9778345227,0.0066988571,0.0080242958,0.0074423589
1481,"/kaggle/input/datasets/arafatrahmann/my-data221/Epic and CSCR hospital Dataset/Train/glioma/Te-gl_0193.jpg",0,glioma,0,glioma,0.9774796367,0.0068858326,0.0081963502,0.0074381283
1489,"/kaggle/input/datasets/arafatrahmann/my-data221/Epic and CSCR hospital Dataset/Train/glioma/Te-gl_0201.jpg",0,glioma,0,glioma,0.9776508212,0.0067431433,0.0085050240,0.0071009686
1498,"/kaggle/input/datasets/arafatrahmann/my-data221/Epic and CSCR hospital Dataset/Train/glioma/Te-gl_0210.jpg",0,glioma,0,glioma,0.9777960777,0.0065175975,0.0084541244,0.0072323009
1503,"/kaggle/input/datasets/arafatrahmann/my-data221/Epic and CSCR hospital Dataset/Train/glioma/Te-gl_0215.jpg",0,glioma,0,glioma,0.9766996503,0.0078376867,0.0082293870,0.0072333091
1509,"/kaggle/input/datasets/arafatrahmann/my-data221/Epic and CSCR hospital Dataset/Train/glioma/Te-gl_0221.jpg",0,glioma,0,glioma,0.9770734906,0.0067799548,0.0083765630,0.0077700308
1513,"/kaggle/input/datasets/arafatrahmann/my-data221/Epic and CSCR hospital Dataset/Train/glioma/Te-gl_0225.jpg",0,glioma,0,glioma,0.9787819982,0.0062339311,0.0076034786,0.0073805833
1514,"/kaggle/input/datasets/arafatrahmann/my-data221/Epic and CSCR hospital Dataset/Train/glioma/Te-gl_0226.jpg",0,glioma,0,glioma,0.9783903360,0.0060229329,0.0078380890,0.0077487631
1515,"/kaggle/input/datasets/arafatrahmann/my-data221/Epic and CSCR hospital Dataset/Train/glioma/Te-gl_0227.jpg",0,glioma,0,glioma,0.9775999188,0.0068949861,0.0083148489,0.0071901395
1521,"/kaggle/input/datasets/arafatrahmann/my-data221/Epic and CSCR hospital Dataset/Train/glioma/Te-gl_0233.jpg",0,glioma,0,glioma,0.9778362513,0.0066480846,0.0079090651,0.0076066321
1523,"/kaggle/input/datasets/arafatrahmann/my-data221/Epic and CSCR hospital Dataset/Train/glioma/Te-gl_0235.jpg",0,glioma,0,glioma,0.9780227542,0.0066362447,0.0079524266,0.0073886304
1541,"/kaggle/input/datasets/arafatrahmann/my-data221/Epic and CSCR hospital Dataset/Train/glioma/Te-gl_0253.jpg",0,glioma,0,glioma,0.9769504666,0.0078465967,0.0076943575,0.0075085647
1542,"/kaggle/input/datasets/arafatrahmann/my-data221/Epic and CSCR hospital Dataset/Train/glioma/Te-gl_0254.jpg",0,glioma,0,glioma,0.9765872955,0.0079043787,0.0080555361,0.0074528465
1543,"/kaggle/input/datasets/arafatrahmann/my-data221/Epic and CSCR hospital Dataset/Train/glioma/Te-gl_0255.jpg",0,glioma,0,glioma,0.9760964513,0.0077688829,0.0088708475,0.0072638737
1545,"/kaggle/input/datasets/arafatrahmann/my-data221/Epic and CSCR hospital Dataset/Train/glioma/Te-gl_0257.jpg",0,glioma,0,glioma,0.9775980115,0.0065970160,0.0085873958,0.0072175190
1551,"/kaggle/input/datasets/arafatrahmann/my-data221/Epic and CSCR hospital Dataset/Train/glioma/Te-gl_0285.jpg",0,glioma,0,glioma,0.9767120481,0.0068411166,0.0091097420,0.0073371097
1553,"/kaggle/input/datasets/arafatrahmann/my-data221/Epic and CSCR hospital Dataset/Train/glioma/Te-gl_0287.jpg",0,glioma,0,glioma,0.9782971144,0.0067433035,0.0074910461,0.0074686119
1558,"/kaggle/input/datasets/arafatrahmann/my-data221/Epic and CSCR hospital Dataset/Train/glioma/Te-gl_0292.jpg",0,glioma,0,glioma,0.9785535932,0.0064508221,0.0072742477,0.0077213272
1559,"/kaggle/input/datasets/arafatrahmann/my-data221/Epic and CSCR hospital Dataset/Train/glioma/Te-gl_0293.jpg",0,glioma,0,glioma,0.9786230922,0.0068419734,0.0071890005,0.0073459269
1562,"/kaggle/input/datasets/arafatrahmann/my-data221/Epic and CSCR hospital Dataset/Train/glioma/Te-gl_0296.jpg",0,glioma,0,glioma,0.9784722328,0.0067585795,0.0073761428,0.0073929713
1572,"/kaggle/input/datasets/arafatrahmann/my-data221/Epic and CSCR hospital Dataset/Train/glioma/Tr-gl_0034.jpg",0,glioma,0,glioma,0.9789108038,0.0057569765,0.0074467259,0.0078854840
1579,"/kaggle/input/datasets/arafatrahmann/my-data221/Epic and CSCR hospital Dataset/Train/glioma/Tr-gl_0065.jpg",0,glioma,0,glioma,0.9786874652,0.0063072043,0.0073244805,0.0076808543
1580,"/kaggle/input/datasets/arafatrahmann/my-data221/Epic and CSCR hospital Dataset/Train/glioma/Tr-gl_0066.jpg",0,glioma,0,glioma,0.9782693982,0.0069549000,0.0073550940,0.0074206367
1583,"/kaggle/input/datasets/arafatrahmann/my-data221/Epic and CSCR hospital Dataset/Train/glioma/Tr-gl_0069.jpg",0,glioma,0,glioma,0.9765825272,0.0084442832,0.0073829740,0.0075902278
1605,"/kaggle/input/datasets/arafatrahmann/my-data221/Epic and CSCR hospital Dataset/Train/glioma/Tr-gl_0091.jpg",0,glioma,0,glioma,0.9775252342,0.0074972957,0.0075602969,0.0074171983
1606,"/kaggle/input/datasets/arafatrahmann/my-data221/Epic and CSCR hospital Dataset/Train/glioma/Tr-gl_0092.jpg",0,glioma,0,glioma,0.9784184694,0.0061640162,0.0079266448,0.0074909613
1613,"/kaggle/input/datasets/arafatrahmann/my-data221/Epic and CSCR hospital Dataset/Train/glioma/Tr-gl_0099.jpg",0,glioma,0,glioma,0.9780086279,0.0065585882,0.0078470390,0.0075856759
1614,"/kaggle/input/datasets/arafatrahmann/my-data221/Epic and CSCR hospital Dataset/Train/glioma/Tr-gl_0100.jpg",0,glioma,0,glioma,0.9784701467,0.0062839114,0.0076786429,0.0075672553
1622,"/kaggle/input/datasets/arafatrahmann/my-data221/Epic and CSCR hospital Dataset/Train/glioma/Tr-gl_0123.jpg",0,glioma,0,glioma,0.9783384204,0.0067360029,0.0074779228,0.0074476590
1623,"/kaggle/input/datasets/arafatrahmann/my-data221/Epic and CSCR hospital Dataset/Train/glioma/Tr-gl_0124.jpg",0,glioma,0,glioma,0.9785729647,0.0065735457,0.0074804812,0.0073730825
1624,"/kaggle/input/datasets/arafatrahmann/my-data221/Epic and CSCR hospital Dataset/Train/glioma/Tr-gl_0125.jpg",0,glioma,0,glioma,0.9783202410,0.0066558355,0.0073564574,0.0076674991
1638,"/kaggle/input/datasets/arafatrahmann/my-data221/Epic and CSCR hospital Dataset/Train/glioma/Tr-gl_0139.jpg",0,glioma,0,glioma,0.9781597257,0.0070814760,0.0072873654,0.0074714809
1641,"/kaggle/input/datasets/arafatrahmann/my-data221/Epic and CSCR hospital Dataset/Train/glioma/Tr-gl_0142.jpg",0,glioma,0,glioma,0.9780614972,0.0070944345,0.0073784888,0.0074656131
1642,"/kaggle/input/datasets/arafatrahmann/my-data221/Epic and CSCR hospital Dataset/Train/glioma/Tr-gl_0143.jpg",0,glioma,0,glioma,0.9785534143,0.0064701289,0.0075349053,0.0074415593
1646,"/kaggle/input/datasets/arafatrahmann/my-data221/Epic and CSCR hospital Dataset/Train/glioma/Tr-gl_0147.jpg",0,glioma,0,glioma,0.9788365364,0.0060681319,0.0074639223,0.0076314611
1651,"/kaggle/input/datasets/arafatrahmann/my-data221/Epic and CSCR hospital Dataset/Train/glioma/Tr-gl_0152.jpg",0,glioma,0,glioma,0.9784315228,0.0065534734,0.0076061757,0.0074089253
1652,"/kaggle/input/datasets/arafatrahmann/my-data221/Epic and CSCR hospital Dataset/Train/glioma/Tr-gl_0153.jpg",0,glioma,0,glioma,0.9784213901,0.0066143521,0.0075516133,0.0074126525
1655,"/kaggle/input/datasets/arafatrahmann/my-data221/Epic and CSCR hospital Dataset/Train/glioma/Tr-gl_0156.jpg",0,glioma,0,glioma,0.9781309366,0.0069146589,0.0075002052,0.0074541615
1656,"/kaggle/input/datasets/arafatrahmann/my-data221/Epic and CSCR hospital Dataset/Train/glioma/Tr-gl_0157.jpg",0,glioma,0,glioma,0.9776983261,0.0072357310,0.0075650616,0.0075008227
1660,"/kaggle/input/datasets/arafatrahmann/my-data221/Epic and CSCR hospital Dataset/Train/glioma/Tr-gl_0161.jpg",0,glioma,0,glioma,0.9782606959,0.0067488700,0.0075965016,0.0073938956
1661,"/kaggle/input/datasets/arafatrahmann/my-data221/Epic and CSCR hospital Dataset/Train/glioma/Tr-gl_0162.jpg",0,glioma,0,glioma,0.9776867628,0.0067776344,0.0077565582,0.0077791056
1676,"/kaggle/input/datasets/arafatrahmann/my-data221/Epic and CSCR hospital Dataset/Train/glioma/Tr-gl_0177.jpg",0,glioma,0,glioma,0.9781298637,0.0067620920,0.0072505930,0.0078575108
1684,"/kaggle/input/datasets/arafatrahmann/my-data221/Epic and CSCR hospital Dataset/Train/glioma/Tr-gl_0185.jpg",0,glioma,0,glioma,0.9762418866,0.0085031213,0.0074684531,0.0077865934
1690,"/kaggle/input/datasets/arafatrahmann/my-data221/Epic and CSCR hospital Dataset/Train/glioma/Tr-gl_0191.jpg",0,glioma,0,glioma,0.9787475467,0.0060199043,0.0075275800,0.0077050226
1698,"/kaggle/input/datasets/arafatrahmann/my-data221/Epic and CSCR hospital Dataset/Train/glioma/Tr-gl_0199.jpg",0,glioma,0,glioma,0.9781143069,0.0069827596,0.0075537353,0.0073491894
1700,"/kaggle/input/datasets/arafatrahmann/my-data221/Epic and CSCR hospital Dataset/Train/glioma/Tr-gl_0201.jpg",0,glioma,0,glioma,0.9782465696,0.0066902973,0.0076058805,0.0074571939
1701,"/kaggle/input/datasets/arafatrahmann/my-data221/Epic and CSCR hospital Dataset/Train/glioma/Tr-gl_0202.jpg",0,glioma,0,glioma,0.9784197807,0.0064802528,0.0074839136,0.0076160743
1703,"/kaggle/input/datasets/arafatrahmann/my-data221/Epic and CSCR hospital Dataset/Train/glioma/Tr-gl_0204.jpg",0,glioma,0,glioma,0.9780742526,0.0066595217,0.0080582127,0.0072079585
1704,"/kaggle/input/datasets/arafatrahmann/my-data221/Epic and CSCR hospital Dataset/Train/glioma/Tr-gl_0205.jpg",0,glioma,0,glioma,0.9779818654,0.0069316328,0.0077263988,0.0073601240
1708,"/kaggle/input/datasets/arafatrahmann/my-data221/Epic and CSCR hospital Dataset/Train/glioma/Tr-gl_0209.jpg",0,glioma,0,glioma,0.9775763750,0.0076037110,0.0073088720,0.0075110467
1711,"/kaggle/input/datasets/arafatrahmann/my-data221/Epic and CSCR hospital Dataset/Train/glioma/Tr-gl_0212.jpg",0,glioma,0,glioma,0.9775756598,0.0077818721,0.0071207643,0.0075215921
1713,"/kaggle/input/datasets/arafatrahmann/my-data221/Epic and CSCR hospital Dataset/Train/glioma/Tr-gl_0214.jpg",0,glioma,0,glioma,0.9780006409,0.0071837576,0.0073857652,0.0074298657
1716,"/kaggle/input/datasets/arafatrahmann/my-data221/Epic and CSCR hospital Dataset/Train/glioma/Tr-gl_0217.jpg",0,glioma,0,glioma,0.9781812429,0.0071422653,0.0072019608,0.0074745179
1718,"/kaggle/input/datasets/arafatrahmann/my-data221/Epic and CSCR hospital Dataset/Train/glioma/Tr-gl_0219.jpg",0,glioma,0,glioma,0.9780102968,0.0072934530,0.0072433129,0.0074528940
1723,"/kaggle/input/datasets/arafatrahmann/my-data221/Epic and CSCR hospital Dataset/Train/glioma/Tr-gl_0224.jpg",0,glioma,0,glioma,0.9782713056,0.0065181875,0.0074047633,0.0078057661
1724,"/kaggle/input/datasets/arafatrahmann/my-data221/Epic and CSCR hospital Dataset/Train/glioma/Tr-gl_0225.jpg",0,glioma,0,glioma,0.9779462814,0.0066671283,0.0077103646,0.0076762079
1729,"/kaggle/input/datasets/arafatrahmann/my-data221/Epic and CSCR hospital Dataset/Train/glioma/Tr-gl_0230.jpg",0,glioma,0,glioma,0.9784604907,0.0064316629,0.0073706107,0.0077372557
1732,"/kaggle/input/datasets/arafatrahmann/my-data221/Epic and CSCR hospital Dataset/Train/glioma/Tr-gl_0233.jpg",0,glioma,0,glioma,0.9784055948,0.0065391199,0.0073340922,0.0077212779
1737,"/kaggle/input/datasets/arafatrahmann/my-data221/Epic and CSCR hospital Dataset/Train/glioma/Tr-gl_0238.jpg",0,glioma,0,glioma,0.9783610106,0.0067049651,0.0072809854,0.0076529756
1743,"/kaggle/input/datasets/arafatrahmann/my-data221/Epic and CSCR hospital Dataset/Train/glioma/Tr-gl_0244.jpg",0,glioma,0,glioma,0.9782556295,0.0069348202,0.0074054748,0.0074040154
1751,"/kaggle/input/datasets/arafatrahmann/my-data221/Epic and CSCR hospital Dataset/Train/glioma/Tr-gl_0252.jpg",0,glioma,0,glioma,0.9778386354,0.0070614265,0.0074960799,0.0076039559
1753,"/kaggle/input/datasets/arafatrahmann/my-data221/Epic and CSCR hospital Dataset/Train/glioma/Tr-gl_0254.jpg",0,glioma,0,glioma,0.9780273438,0.0072533553,0.0071737370,0.0075455206
1757,"/kaggle/input/datasets/arafatrahmann/my-data221/Epic and CSCR hospital Dataset/Train/glioma/Tr-gl_0258.jpg",0,glioma,0,glioma,0.9780069590,0.0068792463,0.0076987892,0.0074149831
1759,"/kaggle/input/datasets/arafatrahmann/my-data221/Epic and CSCR hospital Dataset/Train/glioma/Tr-gl_0260.jpg",0,glioma,0,glioma,0.9785078168,0.0067278580,0.0074142963,0.0073500997
1777,"/kaggle/input/datasets/arafatrahmann/my-data221/Epic and CSCR hospital Dataset/Train/glioma/Tr-gl_0278.jpg",0,glioma,0,glioma,0.9784867167,0.0067398548,0.0073612332,0.0074121631
1784,"/kaggle/input/datasets/arafatrahmann/my-data221/Epic and CSCR hospital Dataset/Train/glioma/Tr-gl_0285.jpg",0,glioma,0,glioma,0.9786642194,0.0064261421,0.0074826502,0.0074270265
1789,"/kaggle/input/datasets/arafatrahmann/my-data221/Epic and CSCR hospital Dataset/Train/glioma/Tr-gl_0290.jpg",0,glioma,0,glioma,0.9780842662,0.0069342270,0.0074398210,0.0075415857
1795,"/kaggle/input/datasets/arafatrahmann/my-data221/Epic and CSCR hospital Dataset/Train/glioma/Tr-gl_0296.jpg",0,glioma,0,glioma,0.9784418344,0.0065561263,0.0074832155,0.0075188889
1798,"/kaggle/input/datasets/arafatrahmann/my-data221/Epic and CSCR hospital Dataset/Train/glioma/Tr-gl_0299.jpg",0,glioma,0,glioma,0.9789543152,0.0064189555,0.0071591893,0.0074675605
1803,"/kaggle/input/datasets/arafatrahmann/my-data221/Epic and CSCR hospital Dataset/Train/glioma/Tr-gl_0304.jpg",0,glioma,0,glioma,0.9783526659,0.0066848784,0.0076057957,0.0073567540
1804,"/kaggle/input/datasets/arafatrahmann/my-data221/Epic and CSCR hospital Dataset/Train/glioma/Tr-gl_0305.jpg",0,glioma,0,glioma,0.9784110785,0.0063004410,0.0077845277,0.0075038834
1807,"/kaggle/input/datasets/arafatrahmann/my-data221/Epic and CSCR hospital Dataset/Train/glioma/Tr-gl_0308.jpg",0,glioma,0,glioma,0.9782359004,0.0066409437,0.0076164692,0.0075067058
1810,"/kaggle/input/datasets/arafatrahmann/my-data221/Epic and CSCR hospital Dataset/Train/glioma/Tr-gl_0311.jpg",0,glioma,0,glioma,0.9777885675,0.0073243007,0.0073795812,0.0075075030
1824,"/kaggle/input/datasets/arafatrahmann/my-data221/Epic and CSCR hospital Dataset/Train/glioma/Tr-gl_0325.jpg",0,glioma,0,glioma,0.9778941274,0.0072381394,0.0073653599,0.0075023458
1825,"/kaggle/input/datasets/arafatrahmann/my-data221/Epic and CSCR hospital Dataset/Train/glioma/Tr-gl_0326.jpg",0,glioma,0,glioma,0.9784272909,0.0064917123,0.0074570985,0.0076239137
1831,"/kaggle/input/datasets/arafatrahmann/my-data221/Epic and CSCR hospital Dataset/Train/glioma/Tr-gl_0332.jpg",0,glioma,0,glioma,0.9781700969,0.0068265148,0.0076296008,0.0073738256
1832,"/kaggle/input/datasets/arafatrahmann/my-data221/Epic and CSCR hospital Dataset/Train/glioma/Tr-gl_0333.jpg",0,glioma,0,glioma,0.9780213237,0.0069380542,0.0076723755,0.0073682964
1839,"/kaggle/input/datasets/arafatrahmann/my-data221/Epic and CSCR hospital Dataset/Train/glioma/Tr-gl_0340.jpg",0,glioma,0,glioma,0.9769992828,0.0079853144,0.0076255156,0.0073899282
1841,"/kaggle/input/datasets/arafatrahmann/my-data221/Epic and CSCR hospital Dataset/Train/glioma/Tr-gl_0342.jpg",0,glioma,0,glioma,0.9785469174,0.0064826235,0.0073526548,0.0076178559
1845,"/kaggle/input/datasets/arafatrahmann/my-data221/Epic and CSCR hospital Dataset/Train/glioma/Tr-gl_0346.jpg",0,glioma,0,glioma,0.9779135585,0.0070531629,0.0076481178,0.0073851561
1849,"/kaggle/input/datasets/arafatrahmann/my-data221/Epic and CSCR hospital Dataset/Train/glioma/Tr-gl_0350.jpg",0,glioma,0,glioma,0.9778591394,0.0069962339,0.0077903545,0.0073543219
1855,"/kaggle/input/datasets/arafatrahmann/my-data221/Epic and CSCR hospital Dataset/Train/glioma/Tr-gl_0356.jpg",0,glioma,0,glioma,0.9784490466,0.0065238746,0.0077603199,0.0072667859
1856,"/kaggle/input/datasets/arafatrahmann/my-data221/Epic and CSCR hospital Dataset/Train/glioma/Tr-gl_0357.jpg",0,glioma,0,glioma,0.9781823158,0.0064313784,0.0078075291,0.0075788787
1861,"/kaggle/input/datasets/arafatrahmann/my-data221/Epic and CSCR hospital Dataset/Train/glioma/Tr-gl_0362.jpg",0,glioma,0,glioma,0.9763406515,0.0084915087,0.0075655458,0.0076021901
1863,"/kaggle/input/datasets/arafatrahmann/my-data221/Epic and CSCR hospital Dataset/Train/glioma/Tr-gl_0364.jpg",0,glioma,0,glioma,0.9782832861,0.0067622764,0.0074548712,0.0074995062
1873,"/kaggle/input/datasets/arafatrahmann/my-data221/Epic and CSCR hospital Dataset/Train/glioma/Tr-gl_0374.jpg",0,glioma,0,glioma,0.9782133102,0.0070055821,0.0073149903,0.0074661048
1883,"/kaggle/input/datasets/arafatrahmann/my-data221/Epic and CSCR hospital Dataset/Train/glioma/Tr-gl_0384.jpg",0,glioma,0,glioma,0.9784066081,0.0064909509,0.0074955351,0.0076068686
1886,"/kaggle/input/datasets/arafatrahmann/my-data221/Epic and CSCR hospital Dataset/Train/glioma/Tr-gl_0387.jpg",0,glioma,0,glioma,0.9781858325,0.0068312483,0.0074893115,0.0074936794
1888,"/kaggle/input/datasets/arafatrahmann/my-data221/Epic and CSCR hospital Dataset/Train/glioma/Tr-gl_0389.jpg",0,glioma,0,glioma,0.9779740572,0.0070651285,0.0074251927,0.0075356187
1894,"/kaggle/input/datasets/arafatrahmann/my-data221/Epic and CSCR hospital Dataset/Train/glioma/Tr-gl_0395.jpg",0,glioma,0,glioma,0.9780680537,0.0069634849,0.0074946792,0.0074737445
1899,"/kaggle/input/datasets/arafatrahmann/my-data221/Epic and CSCR hospital Dataset/Train/glioma/Tr-gl_0400.jpg",0,glioma,0,glioma,0.9781811833,0.0069972933,0.0074953190,0.0073262518
1916,"/kaggle/input/datasets/arafatrahmann/my-data221/Epic and CSCR hospital Dataset/Train/glioma/Tr-gl_0417.jpg",0,glioma,0,glioma,0.9779073596,0.0065672658,0.0079985838,0.0075268438
1918,"/kaggle/input/datasets/arafatrahmann/my-data221/Epic and CSCR hospital Dataset/Train/glioma/Tr-gl_0419.jpg",0,glioma,0,glioma,0.9778462648,0.0066983439,0.0077905981,0.0076648369
1921,"/kaggle/input/datasets/arafatrahmann/my-data221/Epic and CSCR hospital Dataset/Train/glioma/Tr-gl_0422.jpg",0,glioma,0,glioma,0.9780815244,0.0062805875,0.0083096772,0.0073282048
1927,"/kaggle/input/datasets/arafatrahmann/my-data221/Epic and CSCR hospital Dataset/Train/glioma/Tr-gl_0428.jpg",0,glioma,0,glioma,0.9782727361,0.0063570840,0.0079621430,0.0074080192
1929,"/kaggle/input/datasets/arafatrahmann/my-data221/Epic and CSCR hospital Dataset/Train/glioma/Tr-gl_0430.jpg",0,glioma,0,glioma,0.9779114723,0.0068254559,0.0078937495,0.0073694373
1931,"/kaggle/input/datasets/arafatrahmann/my-data221/Epic and CSCR hospital Dataset/Train/glioma/Tr-gl_0432.jpg",0,glioma,0,glioma,0.9783223271,0.0064317109,0.0078269625,0.0074190125
1937,"/kaggle/input/datasets/arafatrahmann/my-data221/Epic and CSCR hospital Dataset/Train/glioma/Tr-gl_0438.jpg",0,glioma,0,glioma,0.9785218239,0.0065662055,0.0075883446,0.0073236478
1938,"/kaggle/input/datasets/arafatrahmann/my-data221/Epic and CSCR hospital Dataset/Train/glioma/Tr-gl_0439.jpg",0,glioma,0,glioma,0.9779438972,0.0067208558,0.0078185294,0.0075167259
1955,"/kaggle/input/datasets/arafatrahmann/my-data221/Epic and CSCR hospital Dataset/Train/glioma/Tr-gl_0456.jpg",0,glioma,0,glioma,0.9759981036,0.0086895525,0.0078504700,0.0074618263
1959,"/kaggle/input/datasets/arafatrahmann/my-data221/Epic and CSCR hospital Dataset/Train/glioma/Tr-gl_0460.jpg",0,glioma,0,glioma,0.9778382182,0.0067206947,0.0080816271,0.0073593720
1960,"/kaggle/input/datasets/arafatrahmann/my-data221/Epic and CSCR hospital Dataset/Train/glioma/Tr-gl_0461.jpg",0,glioma,0,glioma,0.9779154658,0.0066601178,0.0080710417,0.0073533617
1967,"/kaggle/input/datasets/arafatrahmann/my-data221/Epic and CSCR hospital Dataset/Train/glioma/Tr-gl_0468.jpg",0,glioma,0,glioma,0.9786133766,0.0060867262,0.0079734987,0.0073263855
1977,"/kaggle/input/datasets/arafatrahmann/my-data221/Epic and CSCR hospital Dataset/Train/glioma/Tr-gl_0478.jpg",0,glioma,0,glioma,0.9775167704,0.0070445174,0.0081740972,0.0072646402
1998,"/kaggle/input/datasets/arafatrahmann/my-data221/Epic and CSCR hospital Dataset/Train/glioma/Tr-gl_0499.jpg",0,glioma,0,glioma,0.9772912860,0.0072929361,0.0077080531,0.0077078408
2004,"/kaggle/input/datasets/arafatrahmann/my-data221/Epic and CSCR hospital Dataset/Train/glioma/Tr-gl_0505.jpg",0,glioma,0,glioma,0.9776015282,0.0069640940,0.0079731578,0.0074612587
2011,"/kaggle/input/datasets/arafatrahmann/my-data221/Epic and CSCR hospital Dataset/Train/glioma/Tr-gl_0512.jpg",0,glioma,0,glioma,0.9786742330,0.0064754225,0.0073768059,0.0074734837
2013,"/kaggle/input/datasets/arafatrahmann/my-data221/Epic and CSCR hospital Dataset/Train/glioma/Tr-gl_0514.jpg",0,glioma,0,glioma,0.9778871536,0.0071769049,0.0074836425,0.0074522607
2015,"/kaggle/input/datasets/arafatrahmann/my-data221/Epic and CSCR hospital Dataset/Train/glioma/Tr-gl_0516.jpg",0,glioma,0,glioma,0.9786211252,0.0063896417,0.0075442553,0.0074449466
2025,"/kaggle/input/datasets/arafatrahmann/my-data221/Epic and CSCR hospital Dataset/Train/glioma/Tr-gl_0526.jpg",0,glioma,0,glioma,0.9778259993,0.0072146906,0.0074341954,0.0075250408
2032,"/kaggle/input/datasets/arafatrahmann/my-data221/Epic and CSCR hospital Dataset/Train/glioma/Tr-gl_0533.jpg",0,glioma,0,glioma,0.9778977633,0.0068556331,0.0077019013,0.0075447755
2049,"/kaggle/input/datasets/arafatrahmann/my-data221/Epic and CSCR hospital Dataset/Train/glioma/Tr-gl_0550.jpg",0,glioma,0,glioma,0.9778925776,0.0071984110,0.0075265663,0.0073824795
2059,"/kaggle/input/datasets/arafatrahmann/my-data221/Epic and CSCR hospital Dataset/Train/glioma/Tr-gl_0560.jpg",0,glioma,0,glioma,0.9782835245,0.0070083365,0.0072190836,0.0074891252
2064,"/kaggle/input/datasets/arafatrahmann/my-data221/Epic and CSCR hospital Dataset/Train/glioma/Tr-gl_0565.jpg",0,glioma,0,glioma,0.9783093333,0.0061285733,0.0080824001,0.0074797422
2069,"/kaggle/input/datasets/arafatrahmann/my-data221/Epic and CSCR hospital Dataset/Train/glioma/Tr-gl_0570.jpg",0,glioma,0,glioma,0.9778655171,0.0065035648,0.0083918115,0.0072391359
2075,"/kaggle/input/datasets/arafatrahmann/my-data221/Epic and CSCR hospital Dataset/Train/glioma/Tr-gl_0576.jpg",0,glioma,0,glioma,0.9780858159,0.0065088109,0.0081253219,0.0072799833
2083,"/kaggle/input/datasets/arafatrahmann/my-data221/Epic and CSCR hospital Dataset/Train/glioma/Tr-gl_0584.jpg",0,glioma,0,glioma,0.9786154628,0.0063242847,0.0077819265,0.0072783018
2086,"/kaggle/input/datasets/arafatrahmann/my-data221/Epic and CSCR hospital Dataset/Train/glioma/Tr-gl_0587.jpg",0,glioma,0,glioma,0.9786132574,0.0062099705,0.0079878084,0.0071889535
2087,"/kaggle/input/datasets/arafatrahmann/my-data221/Epic and CSCR hospital Dataset/Train/glioma/Tr-gl_0588.jpg",0,glioma,0,glioma,0.9787294269,0.0063242363,0.0077288733,0.0072174571
2092,"/kaggle/input/datasets/arafatrahmann/my-data221/Epic and CSCR hospital Dataset/Train/glioma/Tr-gl_0593.jpg",0,glioma,0,glioma,0.9786670804,0.0062255794,0.0076545156,0.0074527622
2095,"/kaggle/input/datasets/arafatrahmann/my-data221/Epic and CSCR hospital Dataset/Train/glioma/Tr-gl_0596.jpg",0,glioma,0,glioma,0.9781442881,0.0069146650,0.0076073743,0.0073337457
2098,"/kaggle/input/datasets/arafatrahmann/my-data221/Epic and CSCR hospital Dataset/Train/glioma/Tr-gl_0599.jpg",0,glioma,0,glioma,0.9781109691,0.0066132084,0.0078301169,0.0074456846
2107,"/kaggle/input/datasets/arafatrahmann/my-data221/Epic and CSCR hospital Dataset/Train/glioma/Tr-gl_0608.jpg",0,glioma,0,glioma,0.9774912596,0.0066310228,0.0086451340,0.0072326087
2108,"/kaggle/input/datasets/arafatrahmann/my-data221/Epic and CSCR hospital Dataset/Train/glioma/Tr-gl_0609.jpg",0,glioma,0,glioma,0.9774896502,0.0065280781,0.0086392872,0.0073429807
2111,"/kaggle/input/datasets/arafatrahmann/my-data221/Epic and CSCR hospital Dataset/Train/glioma/Tr-gl_0612.jpg",0,glioma,0,glioma,0.9774848819,0.0066192215,0.0084338197,0.0074620708
2116,"/kaggle/input/datasets/arafatrahmann/my-data221/Epic and CSCR hospital Dataset/Train/glioma/Tr-gl_0617.jpg",0,glioma,0,glioma,0.9785331488,0.0065158121,0.0076728077,0.0072781993
2118,"/kaggle/input/datasets/arafatrahmann/my-data221/Epic and CSCR hospital Dataset/Train/glioma/Tr-gl_0619.jpg",0,glioma,0,glioma,0.9783412814,0.0065394901,0.0079551972,0.0071640229
2120,"/kaggle/input/datasets/arafatrahmann/my-data221/Epic and CSCR hospital Dataset/Train/glioma/Tr-gl_0621.jpg",0,glioma,0,glioma,0.9783688784,0.0064349314,0.0078729009,0.0073232790
2121,"/kaggle/input/datasets/arafatrahmann/my-data221/Epic and CSCR hospital Dataset/Train/glioma/Tr-gl_0622.jpg",0,glioma,0,glioma,0.9784809947,0.0060987351,0.0083137462,0.0071064457
2125,"/kaggle/input/datasets/arafatrahmann/my-data221/Epic and CSCR hospital Dataset/Train/glioma/Tr-gl_0626.jpg",0,glioma,0,glioma,0.9764472842,0.0082157198,0.0080281636,0.0073088012
2126,"/kaggle/input/datasets/arafatrahmann/my-data221/Epic and CSCR hospital Dataset/Train/glioma/Tr-gl_0627.jpg",0,glioma,0,glioma,0.9772859812,0.0075332844,0.0077785267,0.0074022720
2136,"/kaggle/input/datasets/arafatrahmann/my-data221/Epic and CSCR hospital Dataset/Train/glioma/Tr-gl_0637.jpg",0,glioma,0,glioma,0.9784685969,0.0064143538,0.0078083328,0.0073087104
2145,"/kaggle/input/datasets/arafatrahmann/my-data221/Epic and CSCR hospital Dataset/Train/glioma/Tr-gl_0687.jpg",0,glioma,0,glioma,0.9778738022,0.0069634160,0.0077790492,0.0073836595
2152,"/kaggle/input/datasets/arafatrahmann/my-data221/Epic and CSCR hospital Dataset/Train/glioma/Tr-gl_0795.jpg",0,glioma,0,glioma,0.9774715304,0.0074273073,0.0075147459,0.0075863912
2158,"/kaggle/input/datasets/arafatrahmann/my-data221/Epic and CSCR hospital Dataset/Train/glioma/Tr-gl_0801.jpg",0,glioma,0,glioma,0.9782307744,0.0066563771,0.0078098425,0.0073030042
2169,"/kaggle/input/datasets/arafatrahmann/my-data221/Epic and CSCR hospital Dataset/Train/glioma/Tr-gl_0812.jpg",0,glioma,0,glioma,0.9782571793,0.0060612005,0.0086352406,0.0070463754
2176,"/kaggle/input/datasets/arafatrahmann/my-data221/Epic and CSCR hospital Dataset/Train/glioma/Tr-gl_0819.jpg",0,glioma,0,glioma,0.9785097837,0.0062426440,0.0078831688,0.0073643462
2178,"/kaggle/input/datasets/arafatrahmann/my-data221/Epic and CSCR hospital Dataset/Train/glioma/Tr-gl_0821.jpg",0,glioma,0,glioma,0.9780175090,0.0062306006,0.0081531312,0.0075987377
2179,"/kaggle/input/datasets/arafatrahmann/my-data221/Epic and CSCR hospital Dataset/Train/glioma/Tr-gl_0822.jpg",0,glioma,0,glioma,0.9776884913,0.0062978133,0.0086447233,0.0073689804
2181,"/kaggle/input/datasets/arafatrahmann/my-data221/Epic and CSCR hospital Dataset/Train/glioma/Tr-gl_0824.jpg",0,glioma,0,glioma,0.9778228998,0.0063334564,0.0084819505,0.0073616868
2182,"/kaggle/input/datasets/arafatrahmann/my-data221/Epic and CSCR hospital Dataset/Train/glioma/Tr-gl_0825.jpg",0,glioma,0,glioma,0.9779846072,0.0059861401,0.0086998306,0.0073294626
2184,"/kaggle/input/datasets/arafatrahmann/my-data221/Epic and CSCR hospital Dataset/Train/glioma/Tr-gl_0827.jpg",0,glioma,0,glioma,0.9785811305,0.0062368838,0.0078484686,0.0073335180
2187,"/kaggle/input/datasets/arafatrahmann/my-data221/Epic and CSCR hospital Dataset/Train/glioma/Tr-gl_0830.jpg",0,glioma,0,glioma,0.9776951075,0.0071930559,0.0078971218,0.0072147213
2190,"/kaggle/input/datasets/arafatrahmann/my-data221/Epic and CSCR hospital Dataset/Train/glioma/Tr-gl_0845.jpg",0,glioma,0,glioma,0.9778698683,0.0067210323,0.0081050349,0.0073040379
2196,"/kaggle/input/datasets/arafatrahmann/my-data221/Epic and CSCR hospital Dataset/Train/glioma/Tr-gl_0851.jpg",0,glioma,0,glioma,0.9782510996,0.0066057309,0.0078312131,0.0073120086
2197,"/kaggle/input/datasets/arafatrahmann/my-data221/Epic and CSCR hospital Dataset/Train/glioma/Tr-gl_0852.jpg",0,glioma,0,glioma,0.9784225225,0.0063979514,0.0079387147,0.0072407410
2201,"/kaggle/input/datasets/arafatrahmann/my-data221/Epic and CSCR hospital Dataset/Train/glioma/Tr-gl_0856.jpg",0,glioma,0,glioma,0.9780735970,0.0063815555,0.0081208423,0.0074240440
2202,"/kaggle/input/datasets/arafatrahmann/my-data221/Epic and CSCR hospital Dataset/Train/glioma/Tr-gl_0857.jpg",0,glioma,0,glioma,0.9772711992,0.0068399338,0.0084612127,0.0074277101
2206,"/kaggle/input/datasets/arafatrahmann/my-data221/Epic and CSCR hospital Dataset/Train/glioma/Tr-gl_0861.jpg",0,glioma,0,glioma,0.9779187441,0.0067813755,0.0077269264,0.0075729503
2211,"/kaggle/input/datasets/arafatrahmann/my-data221/Epic and CSCR hospital Dataset/Train/glioma/Tr-gl_0866.jpg",0,glioma,0,glioma,0.9782360196,0.0065552220,0.0078075221,0.0074012140
2218,"/kaggle/input/datasets/arafatrahmann/my-data221/Epic and CSCR hospital Dataset/Train/glioma/Tr-gl_0873.jpg",0,glioma,0,glioma,0.9771005511,0.0069145178,0.0090664197,0.0069185197
2220,"/kaggle/input/datasets/arafatrahmann/my-data221/Epic and CSCR hospital Dataset/Train/glioma/Tr-gl_0875.jpg",0,glioma,0,glioma,0.9772671461,0.0074991062,0.0078481240,0.0073856181
2225,"/kaggle/input/datasets/arafatrahmann/my-data221/Epic and CSCR hospital Dataset/Train/glioma/Tr-gl_0880.jpg",0,glioma,0,glioma,0.9771060944,0.0074072727,0.0080833286,0.0074033239
2227,"/kaggle/input/datasets/arafatrahmann/my-data221/Epic and CSCR hospital Dataset/Train/glioma/Tr-gl_0882.jpg",0,glioma,0,glioma,0.9777325392,0.0069122687,0.0079663163,0.0073887408
2229,"/kaggle/input/datasets/arafatrahmann/my-data221/Epic and CSCR hospital Dataset/Train/glioma/Tr-gl_0884.jpg",0,glioma,0,glioma,0.9769688845,0.0072844536,0.0080660284,0.0076806038
2230,"/kaggle/input/datasets/arafatrahmann/my-data221/Epic and CSCR hospital Dataset/Train/glioma/Tr-gl_0885.jpg",0,glioma,0,glioma,0.9774513245,0.0069439919,0.0081900414,0.0074147014
2231,"/kaggle/input/datasets/arafatrahmann/my-data221/Epic and CSCR hospital Dataset/Train/glioma/Tr-gl_0886.jpg",0,glioma,0,glioma,0.9768101573,0.0074952217,0.0080781393,0.0076165237
2238,"/kaggle/input/datasets/arafatrahmann/my-data221/Epic and CSCR hospital Dataset/Train/glioma/Tr-gl_0893.jpg",0,glioma,0,glioma,0.9777380228,0.0064805285,0.0086253257,0.0071561174
2248,"/kaggle/input/datasets/arafatrahmann/my-data221/Epic and CSCR hospital Dataset/Train/glioma/Tr-gl_0903.jpg",0,glioma,0,glioma,0.9765579104,0.0077766115,0.0082082003,0.0074572996
2265,"/kaggle/input/datasets/arafatrahmann/my-data221/Epic and CSCR hospital Dataset/Train/glioma/Tr-gl_0920.jpg",0,glioma,0,glioma,0.9774168730,0.0069478429,0.0082509462,0.0073842579
2275,"/kaggle/input/datasets/arafatrahmann/my-data221/Epic and CSCR hospital Dataset/Train/glioma/Tr-gl_0930.jpg",0,glioma,0,glioma,0.9776760936,0.0068085976,0.0081268493,0.0073883994
2276,"/kaggle/input/datasets/arafatrahmann/my-data221/Epic and CSCR hospital Dataset/Train/glioma/Tr-gl_0931.jpg",0,glioma,0,glioma,0.9776085019,0.0069782017,0.0080176871,0.0073955907
2284,"/kaggle/input/datasets/arafatrahmann/my-data221/Epic and CSCR hospital Dataset/Train/glioma/Tr-gl_0939.jpg",0,glioma,0,glioma,0.9767844081,0.0076278197,0.0083041983,0.0072834962
2286,"/kaggle/input/datasets/arafatrahmann/my-data221/Epic and CSCR hospital Dataset/Train/glioma/Tr-gl_0941.jpg",0,glioma,0,glioma,0.9773095846,0.0070635239,0.0085389968,0.0070877038
2288,"/kaggle/input/datasets/arafatrahmann/my-data221/Epic and CSCR hospital Dataset/Train/glioma/Tr-gl_0943.jpg",0,glioma,0,glioma,0.9780615568,0.0067441650,0.0078588333,0.0073353597
2291,"/kaggle/input/datasets/arafatrahmann/my-data221/Epic and CSCR hospital Dataset/Train/glioma/Tr-gl_0946.jpg",0,glioma,0,glioma,0.9774485826,0.0069235102,0.0083097126,0.0073181666
2293,"/kaggle/input/datasets/arafatrahmann/my-data221/Epic and CSCR hospital Dataset/Train/glioma/Tr-gl_0948.jpg",0,glioma,0,glioma,0.9780138731,0.0069755269,0.0077132797,0.0072972663
2297,"/kaggle/input/datasets/arafatrahmann/my-data221/Epic and CSCR hospital Dataset/Train/glioma/Tr-gl_0952.jpg",0,glioma,0,glioma,0.9774503708,0.0071743303,0.0080616307,0.0073136166
2307,"/kaggle/input/datasets/arafatrahmann/my-data221/Epic and CSCR hospital Dataset/Train/glioma/Tr-gl_0962.jpg",0,glioma,0,glioma,0.9783525467,0.0064608837,0.0079349522,0.0072515719
2313,"/kaggle/input/datasets/arafatrahmann/my-data221/Epic and CSCR hospital Dataset/Train/glioma/Tr-gl_0968.jpg",0,glioma,0,glioma,0.9767855406,0.0075748726,0.0081929592,0.0074465536
2314,"/kaggle/input/datasets/arafatrahmann/my-data221/Epic and CSCR hospital Dataset/Train/glioma/Tr-gl_0969.jpg",0,glioma,0,glioma,0.9773148298,0.0072505227,0.0080174124,0.0074172714
2316,"/kaggle/input/datasets/arafatrahmann/my-data221/Epic and CSCR hospital Dataset/Train/glioma/Tr-gl_0971.jpg",0,glioma,0,glioma,0.9773074985,0.0074495645,0.0078796409,0.0073631532
2321,"/kaggle/input/datasets/arafatrahmann/my-data221/Epic and CSCR hospital Dataset/Train/glioma/Tr-gl_0976.jpg",0,glioma,0,glioma,0.9596207738,0.0247487091,0.0079672858,0.0076631634
2342,"/kaggle/input/datasets/arafatrahmann/my-data221/Epic and CSCR hospital Dataset/Train/glioma/Tr-gl_0997.jpg",0,glioma,0,glioma,0.9777687788,0.0070003248,0.0078977821,0.0073331133
2356,"/kaggle/input/datasets/arafatrahmann/my-data221/Epic and CSCR hospital Dataset/Train/glioma/Tr-gl_1011.jpg",0,glioma,0,glioma,0.9767333269,0.0074794763,0.0090399599,0.0067471629
2359,"/kaggle/input/datasets/arafatrahmann/my-data221/Epic and CSCR hospital Dataset/Train/glioma/Tr-gl_1014.jpg",0,glioma,0,glioma,0.9776965976,0.0067462632,0.0081512313,0.0074059032
2370,"/kaggle/input/datasets/arafatrahmann/my-data221/Epic and CSCR hospital Dataset/Train/glioma/Tr-gl_1025.jpg",0,glioma,0,glioma,0.9776010513,0.0070237564,0.0083037904,0.0070713805
2388,"/kaggle/input/datasets/arafatrahmann/my-data221/Epic and CSCR hospital Dataset/Train/glioma/Tr-gl_1043.jpg",0,glioma,0,glioma,0.9778798223,0.0064773983,0.0081604086,0.0074824737
2392,"/kaggle/input/datasets/arafatrahmann/my-data221/Epic and CSCR hospital Dataset/Train/glioma/Tr-gl_1047.jpg",0,glioma,0,glioma,0.9779111147,0.0065743565,0.0084094079,0.0071052490
2400,"/kaggle/input/datasets/arafatrahmann/my-data221/Epic and CSCR hospital Dataset/Train/glioma/Tr-gl_1055.jpg",0,glioma,0,glioma,0.9778475761,0.0064522289,0.0081995409,0.0075006350
2402,"/kaggle/input/datasets/arafatrahmann/my-data221/Epic and CSCR hospital Dataset/Train/glioma/Tr-gl_1057.jpg",0,glioma,0,glioma,0.9760226011,0.0081655104,0.0081430692,0.0076687657
2409,"/kaggle/input/datasets/arafatrahmann/my-data221/Epic and CSCR hospital Dataset/Train/glioma/Tr-gl_1064.jpg",0,glioma,0,glioma,0.9784467816,0.0065122284,0.0077694370,0.0072715604
2410,"/kaggle/input/datasets/arafatrahmann/my-data221/Epic and CSCR hospital Dataset/Train/glioma/Tr-gl_1065.jpg",0,glioma,0,glioma,0.9782112837,0.0062972032,0.0083607035,0.0071307891
2414,"/kaggle/input/datasets/arafatrahmann/my-data221/Epic and CSCR hospital Dataset/Train/glioma/Tr-gl_1069.jpg",0,glioma,0,glioma,0.9780654907,0.0065689287,0.0082015963,0.0071640336
2416,"/kaggle/input/datasets/arafatrahmann/my-data221/Epic and CSCR hospital Dataset/Train/glioma/Tr-gl_1071.jpg",0,glioma,0,glioma,0.9783841372,0.0061763995,0.0080096545,0.0074297325
2430,"/kaggle/input/datasets/arafatrahmann/my-data221/Epic and CSCR hospital Dataset/Train/glioma/Tr-gl_1085.jpg",0,glioma,0,glioma,0.9785398245,0.0060675591,0.0079181995,0.0074744313
2432,"/kaggle/input/datasets/arafatrahmann/my-data221/Epic and CSCR hospital Dataset/Train/glioma/Tr-gl_1087.jpg",0,glioma,0,glioma,0.9779754877,0.0066088238,0.0079473276,0.0074682594
2435,"/kaggle/input/datasets/arafatrahmann/my-data221/Epic and CSCR hospital Dataset/Train/glioma/Tr-gl_1090.jpg",0,glioma,0,glioma,0.9773094058,0.0066503128,0.0087194601,0.0073208758
2439,"/kaggle/input/datasets/arafatrahmann/my-data221/Epic and CSCR hospital Dataset/Train/glioma/Tr-gl_1094.jpg",0,glioma,0,glioma,0.9773062468,0.0070087858,0.0080093015,0.0076756431
2440,"/kaggle/input/datasets/arafatrahmann/my-data221/Epic and CSCR hospital Dataset/Train/glioma/Tr-gl_1095.jpg",0,glioma,0,glioma,0.9775598645,0.0073570474,0.0078825029,0.0072005303
2441,"/kaggle/input/datasets/arafatrahmann/my-data221/Epic and CSCR hospital Dataset/Train/glioma/Tr-gl_1096.jpg",0,glioma,0,glioma,0.9782203436,0.0065745274,0.0078705130,0.0073346035
2446,"/kaggle/input/datasets/arafatrahmann/my-data221/Epic and CSCR hospital Dataset/Train/glioma/Tr-gl_1101.jpg",0,glioma,0,glioma,0.9776858091,0.0074207769,0.0076549388,0.0072384132
2447,"/kaggle/input/datasets/arafatrahmann/my-data221/Epic and CSCR hospital Dataset/Train/glioma/Tr-gl_1102.jpg",0,glioma,0,glioma,0.9789069295,0.0059227482,0.0077107535,0.0074595721
2449,"/kaggle/input/datasets/arafatrahmann/my-data221/Epic and CSCR hospital Dataset/Train/glioma/Tr-gl_1104.jpg",0,glioma,0,glioma,0.9789041281,0.0058487877,0.0077768983,0.0074702157
2456,"/kaggle/input/datasets/arafatrahmann/my-data221/Epic and CSCR hospital Dataset/Train/glioma/Tr-gl_1111.jpg",0,glioma,0,glioma,0.9781267047,0.0064464370,0.0082979752,0.0071288869
2457,"/kaggle/input/datasets/arafatrahmann/my-data221/Epic and CSCR hospital Dataset/Train/glioma/Tr-gl_1112.jpg",0,glioma,0,glioma,0.9783981442,0.0063884952,0.0080546606,0.0071587884
2463,"/kaggle/input/datasets/arafatrahmann/my-data221/Epic and CSCR hospital Dataset/Train/glioma/Tr-gl_1118.jpg",0,glioma,0,glioma,0.9752842188,0.0092076994,0.0080516394,0.0074564950
2464,"/kaggle/input/datasets/arafatrahmann/my-data221/Epic and CSCR hospital Dataset/Train/glioma/Tr-gl_1119.jpg",0,glioma,0,glioma,0.9771176577,0.0073072263,0.0082589332,0.0073162704
2465,"/kaggle/input/datasets/arafatrahmann/my-data221/Epic and CSCR hospital Dataset/Train/glioma/Tr-gl_1120.jpg",0,glioma,0,glioma,0.9776443243,0.0069923764,0.0082225110,0.0071407841
2473,"/kaggle/input/datasets/arafatrahmann/my-data221/Epic and CSCR hospital Dataset/Train/glioma/Tr-gl_1128.jpg",0,glioma,0,glioma,0.9778468013,0.0068247379,0.0080220988,0.0073062712
2475,"/kaggle/input/datasets/arafatrahmann/my-data221/Epic and CSCR hospital Dataset/Train/glioma/Tr-gl_1130.jpg",0,glioma,0,glioma,0.9769261479,0.0074529154,0.0076818317,0.0079391301
2476,"/kaggle/input/datasets/arafatrahmann/my-data221/Epic and CSCR hospital Dataset/Train/glioma/Tr-gl_1131.jpg",0,glioma,0,glioma,0.9655987620,0.0185707416,0.0075881956,0.0082423473
2484,"/kaggle/input/datasets/arafatrahmann/my-data221/Epic and CSCR hospital Dataset/Train/glioma/Tr-gl_1139.jpg",0,glioma,0,glioma,0.9770809412,0.0063988133,0.0073599145,0.0091603482
2487,"/kaggle/input/datasets/arafatrahmann/my-data221/Epic and CSCR hospital Dataset/Train/glioma/Tr-gl_1142.jpg",0,glioma,0,glioma,0.9768334627,0.0078762472,0.0074278563,0.0078625586
2491,"/kaggle/input/datasets/arafatrahmann/my-data221/Epic and CSCR hospital Dataset/Train/glioma/Tr-gl_1146.jpg",0,glioma,0,glioma,0.9780336618,0.0066070212,0.0075104823,0.0078488681
2493,"/kaggle/input/datasets/arafatrahmann/my-data221/Epic and CSCR hospital Dataset/Train/glioma/Tr-gl_1148.jpg",0,glioma,0,glioma,0.9774909019,0.0072197355,0.0074612857,0.0078281146
2497,"/kaggle/input/datasets/arafatrahmann/my-data221/Epic and CSCR hospital Dataset/Train/glioma/Tr-gl_1152.jpg",0,glioma,0,glioma,0.9775665998,0.0075200661,0.0072572185,0.0076561212
2498,"/kaggle/input/datasets/arafatrahmann/my-data221/Epic and CSCR hospital Dataset/Train/glioma/Tr-gl_1153.jpg",0,glioma,1,meningioma,0.0886306316,0.8962047696,0.0071495986,0.0080149677
2499,"/kaggle/input/datasets/arafatrahmann/my-data221/Epic and CSCR hospital Dataset/Train/glioma/Tr-gl_1154.jpg",0,glioma,0,glioma,0.9781342745,0.0067752367,0.0074180923,0.0076724528
2503,"/kaggle/input/datasets/arafatrahmann/my-data221/Epic and CSCR hospital Dataset/Train/glioma/Tr-gl_1158.jpg",0,glioma,0,glioma,0.9770968556,0.0075577809,0.0078412639,0.0075041680
2510,"/kaggle/input/datasets/arafatrahmann/my-data221/Epic and CSCR hospital Dataset/Train/glioma/Tr-gl_1165.jpg",0,glioma,0,glioma,0.9775232077,0.0071676434,0.0080032870,0.0073059062
2517,"/kaggle/input/datasets/arafatrahmann/my-data221/Epic and CSCR hospital Dataset/Train/glioma/Tr-gl_1172.jpg",0,glioma,0,glioma,0.9779200554,0.0064949319,0.0079491455,0.0076359473
2519,"/kaggle/input/datasets/arafatrahmann/my-data221/Epic and CSCR hospital Dataset/Train/glioma/Tr-gl_1174.jpg",0,glioma,0,glioma,0.9786739349,0.0061774463,0.0076843449,0.0074642040
2529,"/kaggle/input/datasets/arafatrahmann/my-data221/Epic and CSCR hospital Dataset/Train/glioma/Tr-gl_1184.jpg",0,glioma,0,glioma,0.9779477119,0.0066348775,0.0080769239,0.0073405169
2533,"/kaggle/input/datasets/arafatrahmann/my-data221/Epic and CSCR hospital Dataset/Train/glioma/Tr-gl_1188.jpg",0,glioma,0,glioma,0.9782224894,0.0063119680,0.0080987867,0.0073666573
2535,"/kaggle/input/datasets/arafatrahmann/my-data221/Epic and CSCR hospital Dataset/Train/glioma/Tr-gl_1190.jpg",0,glioma,0,glioma,0.9674216509,0.0172941629,0.0077834949,0.0075006476
2544,"/kaggle/input/datasets/arafatrahmann/my-data221/Epic and CSCR hospital Dataset/Train/glioma/Tr-gl_1209.jpg",0,glioma,0,glioma,0.9765045047,0.0079215039,0.0083264047,0.0072475588
2546,"/kaggle/input/datasets/arafatrahmann/my-data221/Epic and CSCR hospital Dataset/Train/glioma/Tr-gl_1211.jpg",0,glioma,0,glioma,0.9777832031,0.0065927254,0.0080576064,0.0075664059
2551,"/kaggle/input/datasets/arafatrahmann/my-data221/Epic and CSCR hospital Dataset/Train/glioma/Tr-gl_1216.jpg",0,glioma,0,glioma,0.9773970842,0.0072452612,0.0078862207,0.0074715018
2553,"/kaggle/input/datasets/arafatrahmann/my-data221/Epic and CSCR hospital Dataset/Train/glioma/Tr-gl_1218.jpg",0,glioma,0,glioma,0.9775360227,0.0071281628,0.0082091140,0.0071266694
2555,"/kaggle/input/datasets/arafatrahmann/my-data221/Epic and CSCR hospital Dataset/Train/glioma/Tr-gl_1220.jpg",0,glioma,0,glioma,0.9783557653,0.0064478135,0.0077950978,0.0074013197
2570,"/kaggle/input/datasets/arafatrahmann/my-data221/Epic and CSCR hospital Dataset/Train/glioma/Tr-gl_1235.jpg",0,glioma,0,glioma,0.9767061472,0.0074041337,0.0085424632,0.0073472946
2588,"/kaggle/input/datasets/arafatrahmann/my-data221/Epic and CSCR hospital Dataset/Train/glioma/Tr-gl_1269.jpg",0,glioma,0,glioma,0.9780724645,0.0066609695,0.0082132677,0.0070533776
2590,"/kaggle/input/datasets/arafatrahmann/my-data221/Epic and CSCR hospital Dataset/Train/glioma/gg (326).jpg",0,glioma,0,glioma,0.9778674245,0.0061948970,0.0086459825,0.0072917044
2591,"/kaggle/input/datasets/arafatrahmann/my-data221/Epic and CSCR hospital Dataset/Train/glioma/gg (327).jpg",0,glioma,0,glioma,0.9782336950,0.0060815709,0.0083355885,0.0073491433
2594,"/kaggle/input/datasets/arafatrahmann/my-data221/Epic and CSCR hospital Dataset/Train/glioma/gg (33).jpg",0,glioma,0,glioma,0.9778267741,0.0069459579,0.0080273636,0.0071999142
2601,"/kaggle/input/datasets/arafatrahmann/my-data221/Epic and CSCR hospital Dataset/Train/glioma/gg (336).jpg",0,glioma,0,glioma,0.9774969816,0.0066251359,0.0085328808,0.0073449337
2603,"/kaggle/input/datasets/arafatrahmann/my-data221/Epic and CSCR hospital Dataset/Train/glioma/gg (338).jpg",0,glioma,0,glioma,0.9781575203,0.0066603906,0.0076022274,0.0075798957
2609,"/kaggle/input/datasets/arafatrahmann/my-data221/Epic and CSCR hospital Dataset/Train/glioma/gg (343).jpg",0,glioma,0,glioma,0.9784604907,0.0064490498,0.0078214202,0.0072690248
2612,"/kaggle/input/datasets/arafatrahmann/my-data221/Epic and CSCR hospital Dataset/Train/glioma/gg (346).jpg",0,glioma,0,glioma,0.9779741168,0.0065130731,0.0082602622,0.0072525465
2617,"/kaggle/input/datasets/arafatrahmann/my-data221/Epic and CSCR hospital Dataset/Train/glioma/gg (350).jpg",0,glioma,0,glioma,0.9768847227,0.0075169159,0.0082598962,0.0073383078
2621,"/kaggle/input/datasets/arafatrahmann/my-data221/Epic and CSCR hospital Dataset/Train/glioma/gg (367).jpg",0,glioma,0,glioma,0.9783163071,0.0062913434,0.0079422919,0.0074500591
2634,"/kaggle/input/datasets/arafatrahmann/my-data221/Epic and CSCR hospital Dataset/Train/glioma/gg (379).jpg",0,glioma,0,glioma,0.9778745770,0.0064589595,0.0082128318,0.0074536614
2639,"/kaggle/input/datasets/arafatrahmann/my-data221/Epic and CSCR hospital Dataset/Train/glioma/gg (383).jpg",0,glioma,0,glioma,0.9774006009,0.0064699673,0.0087909773,0.0073385322
2641,"/kaggle/input/datasets/arafatrahmann/my-data221/Epic and CSCR hospital Dataset/Train/glioma/gg (385).jpg",0,glioma,0,glioma,0.9786553383,0.0062242867,0.0078286389,0.0072917333
2653,"/kaggle/input/datasets/arafatrahmann/my-data221/Epic and CSCR hospital Dataset/Train/glioma/gg (396).jpg",0,glioma,0,glioma,0.9787996411,0.0062459796,0.0077162110,0.0072381310
2659,"/kaggle/input/datasets/arafatrahmann/my-data221/Epic and CSCR hospital Dataset/Train/glioma/gg (400).jpg",0,glioma,0,glioma,0.9785319567,0.0061467197,0.0079385173,0.0073828055
2671,"/kaggle/input/datasets/arafatrahmann/my-data221/Epic and CSCR hospital Dataset/Train/glioma/gg (411).jpg",0,glioma,0,glioma,0.9785152674,0.0062471693,0.0079027051,0.0073348233
2690,"/kaggle/input/datasets/arafatrahmann/my-data221/Epic and CSCR hospital Dataset/Train/glioma/gg (429).jpg",0,glioma,0,glioma,0.9781710505,0.0066799358,0.0078286696,0.0073202797
2694,"/kaggle/input/datasets/arafatrahmann/my-data221/Epic and CSCR hospital Dataset/Train/glioma/gg (432).jpg",0,glioma,0,glioma,0.9777167439,0.0065704314,0.0082989503,0.0074138911
2696,"/kaggle/input/datasets/arafatrahmann/my-data221/Epic and CSCR hospital Dataset/Train/glioma/gg (434).jpg",0,glioma,0,glioma,0.9779461026,0.0062587247,0.0081701698,0.0076250425
2698,"/kaggle/input/datasets/arafatrahmann/my-data221/Epic and CSCR hospital Dataset/Train/glioma/gg (436).jpg",0,glioma,0,glioma,0.9784858823,0.0061581945,0.0076237768,0.0077320309
2700,"/kaggle/input/datasets/arafatrahmann/my-data221/Epic and CSCR hospital Dataset/Train/glioma/gg (438).jpg",0,glioma,0,glioma,0.9766575098,0.0077265673,0.0076763616,0.0079396805
2712,"/kaggle/input/datasets/arafatrahmann/my-data221/Epic and CSCR hospital Dataset/Train/glioma/gg (449).jpg",0,glioma,0,glioma,0.9771121740,0.0074865543,0.0081174513,0.0072838133
2713,"/kaggle/input/datasets/arafatrahmann/my-data221/Epic and CSCR hospital Dataset/Train/glioma/gg (45).jpg",0,glioma,0,glioma,0.9773316383,0.0072511779,0.0083841532,0.0070330799
2716,"/kaggle/input/datasets/arafatrahmann/my-data221/Epic and CSCR hospital Dataset/Train/glioma/gg (452).jpg",0,glioma,0,glioma,0.9761216044,0.0078075947,0.0083495770,0.0077212080
2720,"/kaggle/input/datasets/arafatrahmann/my-data221/Epic and CSCR hospital Dataset/Train/glioma/gg (456).jpg",0,glioma,0,glioma,0.9773219824,0.0061305496,0.0085477233,0.0079998039
2737,"/kaggle/input/datasets/arafatrahmann/my-data221/Epic and CSCR hospital Dataset/Train/glioma/gg (471).jpg",0,glioma,0,glioma,0.9760457277,0.0082677426,0.0080301724,0.0076563307
2744,"/kaggle/input/datasets/arafatrahmann/my-data221/Epic and CSCR hospital Dataset/Train/glioma/gg (478).jpg",0,glioma,0,glioma,0.9781144261,0.0068673431,0.0075310194,0.0074871616
2748,"/kaggle/input/datasets/arafatrahmann/my-data221/Epic and CSCR hospital Dataset/Train/glioma/gg (481).jpg",0,glioma,0,glioma,0.9774438739,0.0076193260,0.0074848915,0.0074518519
2758,"/kaggle/input/datasets/arafatrahmann/my-data221/Epic and CSCR hospital Dataset/Train/glioma/gg (490).jpg",0,glioma,0,glioma,0.9782816768,0.0066157700,0.0073201782,0.0077824988
2771,"/kaggle/input/datasets/arafatrahmann/my-data221/Epic and CSCR hospital Dataset/Train/glioma/gg (501).jpg",0,glioma,0,glioma,0.9695402384,0.0151671870,0.0076304176,0.0076622842
2773,"/kaggle/input/datasets/arafatrahmann/my-data221/Epic and CSCR hospital Dataset/Train/glioma/gg (503).jpg",0,glioma,0,glioma,0.9777738452,0.0075044609,0.0072963997,0.0074252621
2774,"/kaggle/input/datasets/arafatrahmann/my-data221/Epic and CSCR hospital Dataset/Train/glioma/gg (504).jpg",0,glioma,0,glioma,0.9783698916,0.0065139965,0.0077108769,0.0074052820
2775,"/kaggle/input/datasets/arafatrahmann/my-data221/Epic and CSCR hospital Dataset/Train/glioma/gg (505).jpg",0,glioma,0,glioma,0.9786725044,0.0064646984,0.0074576037,0.0074051851
2776,"/kaggle/input/datasets/arafatrahmann/my-data221/Epic and CSCR hospital Dataset/Train/glioma/gg (506).jpg",0,glioma,0,glioma,0.9785264134,0.0066477014,0.0073847226,0.0074411249
2791,"/kaggle/input/datasets/arafatrahmann/my-data221/Epic and CSCR hospital Dataset/Train/glioma/gg (52).jpg",0,glioma,0,glioma,0.9747632742,0.0095235314,0.0081579443,0.0075552291
2795,"/kaggle/input/datasets/arafatrahmann/my-data221/Epic and CSCR hospital Dataset/Train/glioma/gg (523).jpg",0,glioma,0,glioma,0.9788278341,0.0062197438,0.0073755137,0.0075768316
2796,"/kaggle/input/datasets/arafatrahmann/my-data221/Epic and CSCR hospital Dataset/Train/glioma/gg (524).jpg",0,glioma,0,glioma,0.9782045484,0.0067773042,0.0074808956,0.0075372001
2801,"/kaggle/input/datasets/arafatrahmann/my-data221/Epic and CSCR hospital Dataset/Train/glioma/gg (529).jpg",0,glioma,0,glioma,0.9782953262,0.0065239221,0.0072421720,0.0079386877
2804,"/kaggle/input/datasets/arafatrahmann/my-data221/Epic and CSCR hospital Dataset/Train/glioma/gg (531).jpg",0,glioma,0,glioma,0.9787322283,0.0063665151,0.0072756731,0.0076256595
2809,"/kaggle/input/datasets/arafatrahmann/my-data221/Epic and CSCR hospital Dataset/Train/glioma/gg (536).jpg",0,glioma,0,glioma,0.9767259359,0.0081092967,0.0075865090,0.0075782165
2816,"/kaggle/input/datasets/arafatrahmann/my-data221/Epic and CSCR hospital Dataset/Train/glioma/gg (542).jpg",0,glioma,0,glioma,0.9767798185,0.0082131578,0.0074934796,0.0075135278
2820,"/kaggle/input/datasets/arafatrahmann/my-data221/Epic and CSCR hospital Dataset/Train/glioma/gg (546).jpg",0,glioma,0,glioma,0.9780243635,0.0067005521,0.0074120238,0.0078630187
2832,"/kaggle/input/datasets/arafatrahmann/my-data221/Epic and CSCR hospital Dataset/Train/glioma/gg (557).jpg",0,glioma,0,glioma,0.9786623716,0.0063841627,0.0073113390,0.0076420740
2836,"/kaggle/input/datasets/arafatrahmann/my-data221/Epic and CSCR hospital Dataset/Train/glioma/gg (560).jpg",0,glioma,0,glioma,0.9786715508,0.0064803874,0.0073898705,0.0074582091
2842,"/kaggle/input/datasets/arafatrahmann/my-data221/Epic and CSCR hospital Dataset/Train/glioma/gg (566).jpg",0,glioma,0,glioma,0.9781848788,0.0067039481,0.0074357889,0.0076753558
2851,"/kaggle/input/datasets/arafatrahmann/my-data221/Epic and CSCR hospital Dataset/Train/glioma/gg (574).jpg",0,glioma,0,glioma,0.9786710739,0.0064447103,0.0074238367,0.0074603842
2854,"/kaggle/input/datasets/arafatrahmann/my-data221/Epic and CSCR hospital Dataset/Train/glioma/gg (577).jpg",0,glioma,0,glioma,0.9786489606,0.0062922142,0.0074656680,0.0075931353
2856,"/kaggle/input/datasets/arafatrahmann/my-data221/Epic and CSCR hospital Dataset/Train/glioma/gg (579).jpg",0,glioma,0,glioma,0.9783653021,0.0064973398,0.0074618673,0.0076754340
2860,"/kaggle/input/datasets/arafatrahmann/my-data221/Epic and CSCR hospital Dataset/Train/glioma/gg (582).jpg",0,glioma,0,glioma,0.9783544540,0.0066361064,0.0074116560,0.0075976728
2864,"/kaggle/input/datasets/arafatrahmann/my-data221/Epic and CSCR hospital Dataset/Train/glioma/gg (586).jpg",0,glioma,0,glioma,0.9778742790,0.0072228005,0.0075188144,0.0073841088
2867,"/kaggle/input/datasets/arafatrahmann/my-data221/Epic and CSCR hospital Dataset/Train/glioma/gg (589).jpg",0,glioma,0,glioma,0.9774773717,0.0075483755,0.0075456658,0.0074285269
2880,"/kaggle/input/datasets/arafatrahmann/my-data221/Epic and CSCR hospital Dataset/Train/glioma/gg (60).jpg",0,glioma,0,glioma,0.9777650833,0.0065856860,0.0085190879,0.0071301898
2886,"/kaggle/input/datasets/arafatrahmann/my-data221/Epic and CSCR hospital Dataset/Train/glioma/gg (605).jpg",0,glioma,0,glioma,0.9782902598,0.0066578770,0.0075415634,0.0075103096
2899,"/kaggle/input/datasets/arafatrahmann/my-data221/Epic and CSCR hospital Dataset/Train/glioma/gg (617).jpg",0,glioma,0,glioma,0.9780095220,0.0067538111,0.0076682204,0.0075684739
2906,"/kaggle/input/datasets/arafatrahmann/my-data221/Epic and CSCR hospital Dataset/Train/glioma/gg (623).jpg",0,glioma,0,glioma,0.9773861766,0.0075142272,0.0073262760,0.0077733733
2910,"/kaggle/input/datasets/arafatrahmann/my-data221/Epic and CSCR hospital Dataset/Train/glioma/gg (627).jpg",0,glioma,0,glioma,0.9783269763,0.0063951225,0.0075558899,0.0077219317
2928,"/kaggle/input/datasets/arafatrahmann/my-data221/Epic and CSCR hospital Dataset/Train/glioma/gg (643).jpg",0,glioma,0,glioma,0.9782323837,0.0066840677,0.0072508985,0.0078327125
2930,"/kaggle/input/datasets/arafatrahmann/my-data221/Epic and CSCR hospital Dataset/Train/glioma/gg (645).jpg",0,glioma,0,glioma,0.9768932462,0.0079121571,0.0073835449,0.0078109549
2933,"/kaggle/input/datasets/arafatrahmann/my-data221/Epic and CSCR hospital Dataset/Train/glioma/gg (648).jpg",0,glioma,0,glioma,0.9786443710,0.0063040643,0.0074114753,0.0076400973
2953,"/kaggle/input/datasets/arafatrahmann/my-data221/Epic and CSCR hospital Dataset/Train/glioma/image(10).jpg",0,glioma,0,glioma,0.9755061269,0.0074884854,0.0101599731,0.0068454505
2959,"/kaggle/input/datasets/arafatrahmann/my-data221/Epic and CSCR hospital Dataset/Train/glioma/image(16).jpg",0,glioma,1,meningioma,0.0179495886,0.9659010172,0.0077858893,0.0083636027
2964,"/kaggle/input/datasets/arafatrahmann/my-data221/Epic and CSCR hospital Dataset/Train/glioma/image(20).jpg",0,glioma,0,glioma,0.9756900072,0.0083466005,0.0088953730,0.0070680813
2970,"/kaggle/input/datasets/arafatrahmann/my-data221/Epic and CSCR hospital Dataset/Train/glioma/image(26).jpg",0,glioma,0,glioma,0.9782097936,0.0067674383,0.0080098752,0.0070128567
2971,"/kaggle/input/datasets/arafatrahmann/my-data221/Epic and CSCR hospital Dataset/Train/glioma/image(27).jpg",0,glioma,0,glioma,0.9733977318,0.0088294558,0.0107723372,0.0070004547
2972,"/kaggle/input/datasets/arafatrahmann/my-data221/Epic and CSCR hospital Dataset/Train/glioma/image(28).jpg",0,glioma,0,glioma,0.9019077420,0.0823941752,0.0085871201,0.0071109645
2976,"/kaggle/input/datasets/arafatrahmann/my-data221/Epic and CSCR hospital Dataset/Train/glioma/image(31).jpg",0,glioma,0,glioma,0.9763480425,0.0068137823,0.0093683004,0.0074699176
2979,"/kaggle/input/datasets/arafatrahmann/my-data221/Epic and CSCR hospital Dataset/Train/glioma/image(34).jpg",0,glioma,1,meningioma,0.2534753978,0.7329751253,0.0071293763,0.0064200661
2980,"/kaggle/input/datasets/arafatrahmann/my-data221/Epic and CSCR hospital Dataset/Train/glioma/image(4).jpg",0,glioma,0,glioma,0.9783008695,0.0067917742,0.0074997679,0.0074076792
2983,"/kaggle/input/datasets/arafatrahmann/my-data221/Epic and CSCR hospital Dataset/Train/glioma/image(54).jpg",0,glioma,1,meningioma,0.0063081547,0.9778558612,0.0086730924,0.0071628466
2986,"/kaggle/input/datasets/arafatrahmann/my-data221/Epic and CSCR hospital Dataset/Train/glioma/image(57).jpg",0,glioma,0,glioma,0.6099914312,0.3430011570,0.0192323737,0.0277750082
2990,"/kaggle/input/datasets/arafatrahmann/my-data221/Epic and CSCR hospital Dataset/Train/glioma/image(61).jpg",0,glioma,0,glioma,0.9766393900,0.0079100821,0.0081000682,0.0073505058
2992,"/kaggle/input/datasets/arafatrahmann/my-data221/Epic and CSCR hospital Dataset/Train/glioma/image(63).jpg",0,glioma,0,glioma,0.9779144526,0.0062017976,0.0083258143,0.0075579770
2997,"/kaggle/input/datasets/arafatrahmann/my-data221/Epic and CSCR hospital Dataset/Train/glioma/image(68).jpg",0,glioma,0,glioma,0.9775596857,0.0069948672,0.0080682924,0.0073772259
2998,"/kaggle/input/datasets/arafatrahmann/my-data221/Epic and CSCR hospital Dataset/Train/glioma/image(69).jpg",0,glioma,0,glioma,0.9778027534,0.0069192499,0.0077770189,0.0075009740
3005,"/kaggle/input/datasets/arafatrahmann/my-data221/Epic and CSCR hospital Dataset/Train/glioma/image(76).jpg",0,glioma,0,glioma,0.9776102304,0.0053576045,0.0070913481,0.0099408459
3006,"/kaggle/input/datasets/arafatrahmann/my-data221/Epic and CSCR hospital Dataset/Train/glioma/image(77).jpg",0,glioma,0,glioma,0.9781446457,0.0062670768,0.0080598844,0.0075284480
3007,"/kaggle/input/datasets/arafatrahmann/my-data221/Epic and CSCR hospital Dataset/Train/glioma/image(78).jpg",0,glioma,0,glioma,0.9776448011,0.0063148113,0.0086511504,0.0073891999
3008,"/kaggle/input/datasets/arafatrahmann/my-data221/Epic and CSCR hospital Dataset/Train/glioma/image(79).jpg",0,glioma,0,glioma,0.9018431902,0.0823931172,0.0086307647,0.0071329484
3010,"/kaggle/input/datasets/arafatrahmann/my-data221/Epic and CSCR hospital Dataset/Train/glioma/image(81).jpg",0,glioma,0,glioma,0.9776936769,0.0060553001,0.0090776440,0.0071734777
3017,"/kaggle/input/datasets/arafatrahmann/my-data221/Epic and CSCR hospital Dataset/Train/glioma/image(88).jpg",0,glioma,0,glioma,0.9789069295,0.0064690486,0.0072985613,0.0073254472
3039,"/kaggle/input/datasets/arafatrahmann/my-data221/Epic and CSCR hospital Dataset/Train/meningioma/1321.jpg",1,meningioma,1,meningioma,0.0059792986,0.9787651300,0.0072534345,0.0080021415
3045,"/kaggle/input/datasets/arafatrahmann/my-data221/Epic and CSCR hospital Dataset/Train/meningioma/1327.jpg",1,meningioma,1,meningioma,0.0150571568,0.9672145844,0.0074473172,0.0102809006
3047,"/kaggle/input/datasets/arafatrahmann/my-data221/Epic and CSCR hospital Dataset/Train/meningioma/1329.jpg",1,meningioma,1,meningioma,0.0063959369,0.9778374434,0.0075787068,0.0081880149
3048,"/kaggle/input/datasets/arafatrahmann/my-data221/Epic and CSCR hospital Dataset/Train/meningioma/1330.jpg",1,meningioma,1,meningioma,0.0067748772,0.9779914618,0.0073440759,0.0078895502
3064,"/kaggle/input/datasets/arafatrahmann/my-data221/Epic and CSCR hospital Dataset/Train/meningioma/1346.jpg",1,meningioma,1,meningioma,0.0063724248,0.9779488444,0.0072098514,0.0084688338
3065,"/kaggle/input/datasets/arafatrahmann/my-data221/Epic and CSCR hospital Dataset/Train/meningioma/1347.jpg",1,meningioma,1,meningioma,0.0066880397,0.9779756665,0.0074984059,0.0078378757
3068,"/kaggle/input/datasets/arafatrahmann/my-data221/Epic and CSCR hospital Dataset/Train/meningioma/1350.jpg",1,meningioma,1,meningioma,0.0058416771,0.9785206914,0.0067589954,0.0088786706
3080,"/kaggle/input/datasets/arafatrahmann/my-data221/Epic and CSCR hospital Dataset/Train/meningioma/1362.jpg",1,meningioma,1,meningioma,0.0055239219,0.9798369408,0.0074769012,0.0071621360
3086,"/kaggle/input/datasets/arafatrahmann/my-data221/Epic and CSCR hospital Dataset/Train/meningioma/1368.jpg",1,meningioma,1,meningioma,0.0057534114,0.9795260429,0.0075593079,0.0071612699
3089,"/kaggle/input/datasets/arafatrahmann/my-data221/Epic and CSCR hospital Dataset/Train/meningioma/1371.jpg",1,meningioma,1,meningioma,0.0074520158,0.9758493304,0.0073758177,0.0093227345
3103,"/kaggle/input/datasets/arafatrahmann/my-data221/Epic and CSCR hospital Dataset/Train/meningioma/1385.jpg",1,meningioma,1,meningioma,0.0058406768,0.9789749980,0.0075791203,0.0076052593
3106,"/kaggle/input/datasets/arafatrahmann/my-data221/Epic and CSCR hospital Dataset/Train/meningioma/1388.jpg",1,meningioma,1,meningioma,0.0079829302,0.9764057398,0.0073031960,0.0083081275
3108,"/kaggle/input/datasets/arafatrahmann/my-data221/Epic and CSCR hospital Dataset/Train/meningioma/1390.jpg",1,meningioma,1,meningioma,0.0068229726,0.9782066345,0.0075195902,0.0074507622
3112,"/kaggle/input/datasets/arafatrahmann/my-data221/Epic and CSCR hospital Dataset/Train/meningioma/1394.jpg",1,meningioma,1,meningioma,0.0056783995,0.9790458679,0.0073123886,0.0079633696
3118,"/kaggle/input/datasets/arafatrahmann/my-data221/Epic and CSCR hospital Dataset/Train/meningioma/1400.jpg",1,meningioma,1,meningioma,0.0065209344,0.9780605435,0.0076533579,0.0077651059
3120,"/kaggle/input/datasets/arafatrahmann/my-data221/Epic and CSCR hospital Dataset/Train/meningioma/1402.jpg",1,meningioma,1,meningioma,0.0082716383,0.9758390188,0.0076228008,0.0082665151
3124,"/kaggle/input/datasets/arafatrahmann/my-data221/Epic and CSCR hospital Dataset/Train/meningioma/1406.jpg",1,meningioma,1,meningioma,0.0063704601,0.9790398479,0.0075204177,0.0070693353
3127,"/kaggle/input/datasets/arafatrahmann/my-data221/Epic and CSCR hospital Dataset/Train/meningioma/1409.jpg",1,meningioma,1,meningioma,0.0066011907,0.9783316851,0.0075678639,0.0074992841
3145,"/kaggle/input/datasets/arafatrahmann/my-data221/Epic and CSCR hospital Dataset/Train/meningioma/1427.jpg",1,meningioma,1,meningioma,0.0067572906,0.9784962535,0.0078671388,0.0068792826
3164,"/kaggle/input/datasets/arafatrahmann/my-data221/Epic and CSCR hospital Dataset/Train/meningioma/1446.jpg",1,meningioma,1,meningioma,0.0076035508,0.9770943522,0.0079183821,0.0073837265
3165,"/kaggle/input/datasets/arafatrahmann/my-data221/Epic and CSCR hospital Dataset/Train/meningioma/M_819_DA_.jpg",1,meningioma,1,meningioma,0.0062759556,0.9791877866,0.0071829781,0.0073532150
3171,"/kaggle/input/datasets/arafatrahmann/my-data221/Epic and CSCR hospital Dataset/Train/meningioma/M_820_BR_.jpg",1,meningioma,1,meningioma,0.0052439147,0.9804005623,0.0074593360,0.0068962155
3174,"/kaggle/input/datasets/arafatrahmann/my-data221/Epic and CSCR hospital Dataset/Train/meningioma/M_820_RO_.jpg",1,meningioma,1,meningioma,0.0060818316,0.9786235690,0.0075878589,0.0077066817
3179,"/kaggle/input/datasets/arafatrahmann/my-data221/Epic and CSCR hospital Dataset/Train/meningioma/M_821_DA_.jpg",1,meningioma,1,meningioma,0.0059052417,0.9787834883,0.0072376942,0.0080735004
3182,"/kaggle/input/datasets/arafatrahmann/my-data221/Epic and CSCR hospital Dataset/Train/meningioma/M_821_SP_.jpg",1,meningioma,1,meningioma,0.0083637005,0.9756113291,0.0078579476,0.0081670498
3184,"/kaggle/input/datasets/arafatrahmann/my-data221/Epic and CSCR hospital Dataset/Train/meningioma/M_822.jpg",1,meningioma,1,meningioma,0.0060367016,0.9786664248,0.0076454780,0.0076513886
3186,"/kaggle/input/datasets/arafatrahmann/my-data221/Epic and CSCR hospital Dataset/Train/meningioma/M_822_DA_.jpg",1,meningioma,1,meningioma,0.0061477101,0.9787759781,0.0076706884,0.0074056378
3188,"/kaggle/input/datasets/arafatrahmann/my-data221/Epic and CSCR hospital Dataset/Train/meningioma/M_822_RO_.jpg",1,meningioma,1,meningioma,0.0060506100,0.9787489176,0.0075553074,0.0076452112
3191,"/kaggle/input/datasets/arafatrahmann/my-data221/Epic and CSCR hospital Dataset/Train/meningioma/M_823.jpg",1,meningioma,1,meningioma,0.0063148746,0.9792302251,0.0074776923,0.0069771595
3201,"/kaggle/input/datasets/arafatrahmann/my-data221/Epic and CSCR hospital Dataset/Train/meningioma/M_824_HF_.jpg",1,meningioma,1,meningioma,0.0063788006,0.9786038399,0.0076544038,0.0073629292
3207,"/kaggle/input/datasets/arafatrahmann/my-data221/Epic and CSCR hospital Dataset/Train/meningioma/M_825_DA_.jpg",1,meningioma,1,meningioma,0.0062148077,0.9789594412,0.0074340836,0.0073916777
3208,"/kaggle/input/datasets/arafatrahmann/my-data221/Epic and CSCR hospital Dataset/Train/meningioma/M_825_HF_.jpg",1,meningioma,1,meningioma,0.0065064719,0.9784936905,0.0077176727,0.0072820969
3211,"/kaggle/input/datasets/arafatrahmann/my-data221/Epic and CSCR hospital Dataset/Train/meningioma/M_825_VF_.jpg",1,meningioma,1,meningioma,0.0059609348,0.9795625806,0.0075528910,0.0069236988
3212,"/kaggle/input/datasets/arafatrahmann/my-data221/Epic and CSCR hospital Dataset/Train/meningioma/M_826.jpg",1,meningioma,1,meningioma,0.0063901441,0.9785221219,0.0075292266,0.0075585232
3220,"/kaggle/input/datasets/arafatrahmann/my-data221/Epic and CSCR hospital Dataset/Train/meningioma/M_827_BR_.jpg",1,meningioma,1,meningioma,0.0052717533,0.9796665907,0.0077870293,0.0072745965
3221,"/kaggle/input/datasets/arafatrahmann/my-data221/Epic and CSCR hospital Dataset/Train/meningioma/M_827_DA_.jpg",1,meningioma,1,meningioma,0.0058995048,0.9788115621,0.0072278455,0.0080611333
3224,"/kaggle/input/datasets/arafatrahmann/my-data221/Epic and CSCR hospital Dataset/Train/meningioma/M_827_SP_.jpg",1,meningioma,1,meningioma,0.0077740424,0.9773753881,0.0075232163,0.0073273489
3226,"/kaggle/input/datasets/arafatrahmann/my-data221/Epic and CSCR hospital Dataset/Train/meningioma/M_828.jpg",1,meningioma,1,meningioma,0.0080428310,0.9762275815,0.0076553477,0.0080742706
3232,"/kaggle/input/datasets/arafatrahmann/my-data221/Epic and CSCR hospital Dataset/Train/meningioma/M_828_VF_.jpg",1,meningioma,1,meningioma,0.0095918011,0.9744073153,0.0076992242,0.0083016921
3236,"/kaggle/input/datasets/arafatrahmann/my-data221/Epic and CSCR hospital Dataset/Train/meningioma/M_829_HF_.jpg",1,meningioma,1,meningioma,0.0082258200,0.9763426781,0.0074072955,0.0080242772
3238,"/kaggle/input/datasets/arafatrahmann/my-data221/Epic and CSCR hospital Dataset/Train/meningioma/M_829_SP_.jpg",1,meningioma,1,meningioma,0.0087453825,0.9763900042,0.0076683499,0.0071962802
3242,"/kaggle/input/datasets/arafatrahmann/my-data221/Epic and CSCR hospital Dataset/Train/meningioma/M_830_DA_.jpg",1,meningioma,1,meningioma,0.0064614238,0.9780865908,0.0076761185,0.0077759484
3243,"/kaggle/input/datasets/arafatrahmann/my-data221/Epic and CSCR hospital Dataset/Train/meningioma/M_830_HF_.jpg",1,meningioma,1,meningioma,0.0060838270,0.9783356786,0.0076399208,0.0079405960
3244,"/kaggle/input/datasets/arafatrahmann/my-data221/Epic and CSCR hospital Dataset/Train/meningioma/M_830_RO_.jpg",1,meningioma,1,meningioma,0.0072866403,0.9765877724,0.0085427854,0.0075827586
3248,"/kaggle/input/datasets/arafatrahmann/my-data221/Epic and CSCR hospital Dataset/Train/meningioma/M_831_BR_.jpg",1,meningioma,1,meningioma,0.0051265033,0.9800887108,0.0075216973,0.0072631598
3253,"/kaggle/input/datasets/arafatrahmann/my-data221/Epic and CSCR hospital Dataset/Train/meningioma/M_831_VF_.jpg",1,meningioma,1,meningioma,0.0065449402,0.9788082242,0.0073698545,0.0072770589
3255,"/kaggle/input/datasets/arafatrahmann/my-data221/Epic and CSCR hospital Dataset/Train/meningioma/M_832_BR_.jpg",1,meningioma,1,meningioma,0.0048747249,0.9801697731,0.0074966699,0.0074589066
3260,"/kaggle/input/datasets/arafatrahmann/my-data221/Epic and CSCR hospital Dataset/Train/meningioma/M_832_VF_.jpg",1,meningioma,1,meningioma,0.0055765035,0.9790471196,0.0076287440,0.0077476255
3261,"/kaggle/input/datasets/arafatrahmann/my-data221/Epic and CSCR hospital Dataset/Train/meningioma/M_833.jpg",1,meningioma,1,meningioma,0.0065849996,0.9785486460,0.0072037526,0.0076625966
3274,"/kaggle/input/datasets/arafatrahmann/my-data221/Epic and CSCR hospital Dataset/Train/meningioma/M_834_VF_.jpg",1,meningioma,1,meningioma,0.0065061674,0.9789956212,0.0075358646,0.0069623115
3275,"/kaggle/input/datasets/arafatrahmann/my-data221/Epic and CSCR hospital Dataset/Train/meningioma/M_835.jpg",1,meningioma,1,meningioma,0.0058311704,0.9778898954,0.0072120191,0.0090668863
3280,"/kaggle/input/datasets/arafatrahmann/my-data221/Epic and CSCR hospital Dataset/Train/meningioma/M_835_SP_.jpg",1,meningioma,1,meningioma,0.0062947432,0.9773607254,0.0070513017,0.0092932219
3284,"/kaggle/input/datasets/arafatrahmann/my-data221/Epic and CSCR hospital Dataset/Train/meningioma/M_836_DA_.jpg",1,meningioma,1,meningioma,0.0056195548,0.9798294902,0.0074770884,0.0070739104
3288,"/kaggle/input/datasets/arafatrahmann/my-data221/Epic and CSCR hospital Dataset/Train/meningioma/M_836_VF_.jpg",1,meningioma,1,meningioma,0.0066917143,0.9781435132,0.0071336217,0.0080312202
3293,"/kaggle/input/datasets/arafatrahmann/my-data221/Epic and CSCR hospital Dataset/Train/meningioma/M_837_RO_.jpg",1,meningioma,1,meningioma,0.0064816577,0.9784314036,0.0076050097,0.0074819350
3294,"/kaggle/input/datasets/arafatrahmann/my-data221/Epic and CSCR hospital Dataset/Train/meningioma/M_837_SP_.jpg",1,meningioma,1,meningioma,0.0071873302,0.9776859283,0.0074737384,0.0076530306
3295,"/kaggle/input/datasets/arafatrahmann/my-data221/Epic and CSCR hospital Dataset/Train/meningioma/M_837_VF_.jpg",1,meningioma,1,meningioma,0.0074029462,0.9762002826,0.0072349682,0.0091617769
3298,"/kaggle/input/datasets/arafatrahmann/my-data221/Epic and CSCR hospital Dataset/Train/meningioma/M_838_DA_.jpg",1,meningioma,1,meningioma,0.0059137680,0.9792453051,0.0078633307,0.0069775814
3302,"/kaggle/input/datasets/arafatrahmann/my-data221/Epic and CSCR hospital Dataset/Train/meningioma/M_838_VF_.jpg",1,meningioma,1,meningioma,0.0062968992,0.9786452055,0.0070422105,0.0080156680
3315,"/kaggle/input/datasets/arafatrahmann/my-data221/Epic and CSCR hospital Dataset/Train/meningioma/M_840_SP_.jpg",1,meningioma,1,meningioma,0.0066095204,0.9789358974,0.0071030119,0.0073515652
3318,"/kaggle/input/datasets/arafatrahmann/my-data221/Epic and CSCR hospital Dataset/Train/meningioma/M_841_BR_.jpg",1,meningioma,1,meningioma,0.0057821115,0.9795366526,0.0072121262,0.0074691130
3342,"/kaggle/input/datasets/arafatrahmann/my-data221/Epic and CSCR hospital Dataset/Train/meningioma/M_844_RO_.jpg",1,meningioma,1,meningioma,0.0063225590,0.9782007337,0.0073604723,0.0081162378
3349,"/kaggle/input/datasets/arafatrahmann/my-data221/Epic and CSCR hospital Dataset/Train/meningioma/M_845_RO_.jpg",1,meningioma,1,meningioma,0.0096842712,0.9751222730,0.0072799386,0.0079135569
3367,"/kaggle/input/datasets/arafatrahmann/my-data221/Epic and CSCR hospital Dataset/Train/meningioma/M_848_BR_.jpg",1,meningioma,1,meningioma,0.0057290569,0.9797563553,0.0077635245,0.0067511559
3368,"/kaggle/input/datasets/arafatrahmann/my-data221/Epic and CSCR hospital Dataset/Train/meningioma/M_848_DA_.jpg",1,meningioma,1,meningioma,0.0067118378,0.9784170985,0.0073827542,0.0074882256
3372,"/kaggle/input/datasets/arafatrahmann/my-data221/Epic and CSCR hospital Dataset/Train/meningioma/M_848_VF_.jpg",1,meningioma,1,meningioma,0.0064180912,0.9785894156,0.0075053386,0.0074871229
3374,"/kaggle/input/datasets/arafatrahmann/my-data221/Epic and CSCR hospital Dataset/Train/meningioma/M_849_BR_.jpg",1,meningioma,1,meningioma,0.0055253380,0.9798981547,0.0077723176,0.0068042325
3375,"/kaggle/input/datasets/arafatrahmann/my-data221/Epic and CSCR hospital Dataset/Train/meningioma/M_849_DA_.jpg",1,meningioma,1,meningioma,0.0064107114,0.9788450003,0.0073228278,0.0074214502
3376,"/kaggle/input/datasets/arafatrahmann/my-data221/Epic and CSCR hospital Dataset/Train/meningioma/M_849_HF_.jpg",1,meningioma,1,meningioma,0.0064643859,0.9783417583,0.0076561077,0.0075377710
3378,"/kaggle/input/datasets/arafatrahmann/my-data221/Epic and CSCR hospital Dataset/Train/meningioma/M_849_SP_.jpg",1,meningioma,1,meningioma,0.0077590994,0.9778745770,0.0077003939,0.0066660778
3380,"/kaggle/input/datasets/arafatrahmann/my-data221/Epic and CSCR hospital Dataset/Train/meningioma/M_850.jpg",1,meningioma,1,meningioma,0.0065349094,0.9781292677,0.0076836473,0.0076521784
3384,"/kaggle/input/datasets/arafatrahmann/my-data221/Epic and CSCR hospital Dataset/Train/meningioma/M_850_RO_.jpg",1,meningioma,1,meningioma,0.0067118420,0.9777845144,0.0077580274,0.0077456571
3390,"/kaggle/input/datasets/arafatrahmann/my-data221/Epic and CSCR hospital Dataset/Train/meningioma/M_851_HF_.jpg",1,meningioma,1,meningioma,0.0067843855,0.9777967334,0.0078280047,0.0075908541
3397,"/kaggle/input/datasets/arafatrahmann/my-data221/Epic and CSCR hospital Dataset/Train/meningioma/M_852_HF_.jpg",1,meningioma,1,meningioma,0.0058167698,0.9797024727,0.0073523037,0.0071284422
3402,"/kaggle/input/datasets/arafatrahmann/my-data221/Epic and CSCR hospital Dataset/Train/meningioma/M_853_BR_.jpg",1,meningioma,1,meningioma,0.0051594120,0.9802627563,0.0075952252,0.0069825179
3406,"/kaggle/input/datasets/arafatrahmann/my-data221/Epic and CSCR hospital Dataset/Train/meningioma/M_853_SP_.jpg",1,meningioma,1,meningioma,0.0066862889,0.9790961146,0.0073723025,0.0068452791
3408,"/kaggle/input/datasets/arafatrahmann/my-data221/Epic and CSCR hospital Dataset/Train/meningioma/M_854.jpg",1,meningioma,1,meningioma,0.0059708823,0.9794802666,0.0073476895,0.0072011636
3418,"/kaggle/input/datasets/arafatrahmann/my-data221/Epic and CSCR hospital Dataset/Train/meningioma/M_855_HF_.jpg",1,meningioma,1,meningioma,0.0063426541,0.9784401655,0.0075694947,0.0076475590
3425,"/kaggle/input/datasets/arafatrahmann/my-data221/Epic and CSCR hospital Dataset/Train/meningioma/M_856_HF_.jpg",1,meningioma,1,meningioma,0.0056057097,0.9783034325,0.0081299683,0.0079608941
3439,"/kaggle/input/datasets/arafatrahmann/my-data221/Epic and CSCR hospital Dataset/Train/meningioma/M_858_HF_.jpg",1,meningioma,1,meningioma,0.0054958812,0.9793618917,0.0070391009,0.0081031173
3440,"/kaggle/input/datasets/arafatrahmann/my-data221/Epic and CSCR hospital Dataset/Train/meningioma/M_858_RO_.jpg",1,meningioma,1,meningioma,0.0104139196,0.9741848111,0.0076372833,0.0077639967
3441,"/kaggle/input/datasets/arafatrahmann/my-data221/Epic and CSCR hospital Dataset/Train/meningioma/M_858_SP_.jpg",1,meningioma,1,meningioma,0.1056399792,0.8795709610,0.0082344143,0.0065546269
3445,"/kaggle/input/datasets/arafatrahmann/my-data221/Epic and CSCR hospital Dataset/Train/meningioma/M_859_DA_.jpg",1,meningioma,1,meningioma,0.0072453455,0.9782659411,0.0071931318,0.0072955391
3459,"/kaggle/input/datasets/arafatrahmann/my-data221/Epic and CSCR hospital Dataset/Train/meningioma/M_861_DA_.jpg",1,meningioma,1,meningioma,0.0062194904,0.9793717265,0.0071963049,0.0072124386
3468,"/kaggle/input/datasets/arafatrahmann/my-data221/Epic and CSCR hospital Dataset/Train/meningioma/M_862_RO_.jpg",1,meningioma,1,meningioma,0.0068881763,0.9779015779,0.0076951208,0.0075151124
3484,"/kaggle/input/datasets/arafatrahmann/my-data221/Epic and CSCR hospital Dataset/Train/meningioma/M_864_VF_.jpg",1,meningioma,1,meningioma,0.0066961078,0.9789657593,0.0072954507,0.0070427200
3489,"/kaggle/input/datasets/arafatrahmann/my-data221/Epic and CSCR hospital Dataset/Train/meningioma/M_865_RO_.jpg",1,meningioma,1,meningioma,0.0062421132,0.9788564444,0.0073539233,0.0075475783
3500,"/kaggle/input/datasets/arafatrahmann/my-data221/Epic and CSCR hospital Dataset/Train/meningioma/M_867_BR_.jpg",1,meningioma,1,meningioma,0.0078509022,0.9775260687,0.0076406701,0.0069823219
3504,"/kaggle/input/datasets/arafatrahmann/my-data221/Epic and CSCR hospital Dataset/Train/meningioma/M_867_SP_.jpg",1,meningioma,1,meningioma,0.0068745352,0.9766634703,0.0094127813,0.0070491969
3512,"/kaggle/input/datasets/arafatrahmann/my-data221/Epic and CSCR hospital Dataset/Train/meningioma/M_868_VF_.jpg",1,meningioma,1,meningioma,0.0060436386,0.9793969989,0.0072986968,0.0072606131
3517,"/kaggle/input/datasets/arafatrahmann/my-data221/Epic and CSCR hospital Dataset/Train/meningioma/M_869_RO_.jpg",1,meningioma,1,meningioma,0.0061082086,0.9786788225,0.0075445906,0.0076684342
3520,"/kaggle/input/datasets/arafatrahmann/my-data221/Epic and CSCR hospital Dataset/Train/meningioma/M_870.jpg",1,meningioma,1,meningioma,0.0071162358,0.9780551195,0.0074956864,0.0073329792
3528,"/kaggle/input/datasets/arafatrahmann/my-data221/Epic and CSCR hospital Dataset/Train/meningioma/M_871_BR_.jpg",1,meningioma,1,meningioma,0.0053500040,0.9800006747,0.0079386365,0.0067107268
3529,"/kaggle/input/datasets/arafatrahmann/my-data221/Epic and CSCR hospital Dataset/Train/meningioma/M_871_DA_.jpg",1,meningioma,1,meningioma,0.0065419162,0.9790078998,0.0070754737,0.0073747314
3534,"/kaggle/input/datasets/arafatrahmann/my-data221/Epic and CSCR hospital Dataset/Train/meningioma/M_872.jpg",1,meningioma,1,meningioma,0.0069952346,0.9778353572,0.0076037729,0.0075656734
3544,"/kaggle/input/datasets/arafatrahmann/my-data221/Epic and CSCR hospital Dataset/Train/meningioma/M_873_HF_.jpg",1,meningioma,1,meningioma,0.0071873092,0.9770029783,0.0075917528,0.0082179662
3548,"/kaggle/input/datasets/arafatrahmann/my-data221/Epic and CSCR hospital Dataset/Train/meningioma/M_874.jpg",1,meningioma,1,meningioma,0.0067313528,0.9782109261,0.0075863888,0.0074713253
3551,"/kaggle/input/datasets/arafatrahmann/my-data221/Epic and CSCR hospital Dataset/Train/meningioma/M_874_HF_.jpg",1,meningioma,1,meningioma,0.0067795687,0.9780901670,0.0075047710,0.0076254681
3552,"/kaggle/input/datasets/arafatrahmann/my-data221/Epic and CSCR hospital Dataset/Train/meningioma/M_874_RO_.jpg",1,meningioma,1,meningioma,0.0062388582,0.9783639908,0.0075409091,0.0078562852
3555,"/kaggle/input/datasets/arafatrahmann/my-data221/Epic and CSCR hospital Dataset/Train/meningioma/M_875.jpg",1,meningioma,1,meningioma,0.0067717484,0.9781211019,0.0074643521,0.0076427883
3560,"/kaggle/input/datasets/arafatrahmann/my-data221/Epic and CSCR hospital Dataset/Train/meningioma/M_875_SP_.jpg",1,meningioma,1,meningioma,0.0067338659,0.9789968729,0.0071446686,0.0071245683
3561,"/kaggle/input/datasets/arafatrahmann/my-data221/Epic and CSCR hospital Dataset/Train/meningioma/M_875_VF_.jpg",1,meningioma,1,meningioma,0.0064647496,0.9783442616,0.0074549890,0.0077359802
3563,"/kaggle/input/datasets/arafatrahmann/my-data221/Epic and CSCR hospital Dataset/Train/meningioma/M_876_BR_.jpg",1,meningioma,1,meningioma,0.0059752217,0.9792734981,0.0074362145,0.0073150760
3568,"/kaggle/input/datasets/arafatrahmann/my-data221/Epic and CSCR hospital Dataset/Train/meningioma/M_876_VF_.jpg",1,meningioma,1,meningioma,0.0062977588,0.9788978696,0.0076106908,0.0071936226
3570,"/kaggle/input/datasets/arafatrahmann/my-data221/Epic and CSCR hospital Dataset/Train/meningioma/M_877_BR_.jpg",1,meningioma,1,meningioma,0.0047366233,0.9802709818,0.0078415517,0.0071508824
3574,"/kaggle/input/datasets/arafatrahmann/my-data221/Epic and CSCR hospital Dataset/Train/meningioma/M_877_SP_.jpg",1,meningioma,1,meningioma,0.0103025325,0.9741235971,0.0080984160,0.0074756099
3578,"/kaggle/input/datasets/arafatrahmann/my-data221/Epic and CSCR hospital Dataset/Train/meningioma/M_878_DA_.jpg",1,meningioma,1,meningioma,0.0068065459,0.9788987041,0.0074801468,0.0068146260
3584,"/kaggle/input/datasets/arafatrahmann/my-data221/Epic and CSCR hospital Dataset/Train/meningioma/M_879_BR_.jpg",1,meningioma,1,meningioma,0.0050301990,0.9802298546,0.0076216506,0.0071183466
3590,"/kaggle/input/datasets/arafatrahmann/my-data221/Epic and CSCR hospital Dataset/Train/meningioma/M_880.jpg",1,meningioma,1,meningioma,0.0059413943,0.9787176251,0.0073565566,0.0079843486
3591,"/kaggle/input/datasets/arafatrahmann/my-data221/Epic and CSCR hospital Dataset/Train/meningioma/M_880_BR_.jpg",1,meningioma,1,meningioma,0.0050102747,0.9800164104,0.0077338293,0.0072395629
3607,"/kaggle/input/datasets/arafatrahmann/my-data221/Epic and CSCR hospital Dataset/Train/meningioma/M_882_HF_.jpg",1,meningioma,1,meningioma,0.0064441757,0.9780867696,0.0076998346,0.0077692880
3619,"/kaggle/input/datasets/arafatrahmann/my-data221/Epic and CSCR hospital Dataset/Train/meningioma/M_884_BR_.jpg",1,meningioma,1,meningioma,0.0052207257,0.9803372622,0.0075911293,0.0068509104
3624,"/kaggle/input/datasets/arafatrahmann/my-data221/Epic and CSCR hospital Dataset/Train/meningioma/M_884_VF_.jpg",1,meningioma,1,meningioma,0.0060903942,0.9791898727,0.0075306757,0.0071890862
3634,"/kaggle/input/datasets/arafatrahmann/my-data221/Epic and CSCR hospital Dataset/Train/meningioma/M_886_DA_.jpg",1,meningioma,1,meningioma,0.0059781498,0.9798425436,0.0069877012,0.0071915509
3642,"/kaggle/input/datasets/arafatrahmann/my-data221/Epic and CSCR hospital Dataset/Train/meningioma/M_887_HF_.jpg",1,meningioma,1,meningioma,0.0060902601,0.9794232249,0.0070518367,0.0074345968
3645,"/kaggle/input/datasets/arafatrahmann/my-data221/Epic and CSCR hospital Dataset/Train/meningioma/M_887_VF_.jpg",1,meningioma,1,meningioma,0.0058945571,0.9797905684,0.0069757761,0.0073391544
3647,"/kaggle/input/datasets/arafatrahmann/my-data221/Epic and CSCR hospital Dataset/Train/meningioma/M_892_DA_.jpg",1,meningioma,1,meningioma,0.0055559305,0.9801332355,0.0069768270,0.0073340773
3651,"/kaggle/input/datasets/arafatrahmann/my-data221/Epic and CSCR hospital Dataset/Train/meningioma/Te-me_0066.jpg",1,meningioma,1,meningioma,0.0054069385,0.9792023897,0.0076552657,0.0077354982
3657,"/kaggle/input/datasets/arafatrahmann/my-data221/Epic and CSCR hospital Dataset/Train/meningioma/Te-me_0072.jpg",1,meningioma,1,meningioma,0.0064596995,0.9791939855,0.0074478909,0.0068985252
3662,"/kaggle/input/datasets/arafatrahmann/my-data221/Epic and CSCR hospital Dataset/Train/meningioma/Te-me_0077.jpg",1,meningioma,1,meningioma,0.0068550259,0.9785161018,0.0071295807,0.0074992739
3675,"/kaggle/input/datasets/arafatrahmann/my-data221/Epic and CSCR hospital Dataset/Train/meningioma/Te-me_0090.jpg",1,meningioma,1,meningioma,0.0066334582,0.9785758257,0.0073651657,0.0074256500
3683,"/kaggle/input/datasets/arafatrahmann/my-data221/Epic and CSCR hospital Dataset/Train/meningioma/Te-me_0098.jpg",1,meningioma,1,meningioma,0.0064910650,0.9785853624,0.0073804026,0.0075432495
3686,"/kaggle/input/datasets/arafatrahmann/my-data221/Epic and CSCR hospital Dataset/Train/meningioma/Te-me_0101.jpg",1,meningioma,1,meningioma,0.0060261847,0.9790733457,0.0079997731,0.0069006919
3687,"/kaggle/input/datasets/arafatrahmann/my-data221/Epic and CSCR hospital Dataset/Train/meningioma/Te-me_0102.jpg",1,meningioma,1,meningioma,0.0063815312,0.9786394238,0.0072125741,0.0077664829
3692,"/kaggle/input/datasets/arafatrahmann/my-data221/Epic and CSCR hospital Dataset/Train/meningioma/Te-me_0118.jpg",1,meningioma,1,meningioma,0.0065751509,0.9773225784,0.0072851232,0.0088171614
3698,"/kaggle/input/datasets/arafatrahmann/my-data221/Epic and CSCR hospital Dataset/Train/meningioma/Te-me_0124.jpg",1,meningioma,1,meningioma,0.0068963161,0.9771463275,0.0073741479,0.0085831191
3700,"/kaggle/input/datasets/arafatrahmann/my-data221/Epic and CSCR hospital Dataset/Train/meningioma/Te-me_0126.jpg",1,meningioma,1,meningioma,0.0064094304,0.9787578583,0.0070860209,0.0077467510
3708,"/kaggle/input/datasets/arafatrahmann/my-data221/Epic and CSCR hospital Dataset/Train/meningioma/Te-me_0134.jpg",1,meningioma,1,meningioma,0.0055190925,0.9797506332,0.0069056288,0.0078246323
3724,"/kaggle/input/datasets/arafatrahmann/my-data221/Epic and CSCR hospital Dataset/Train/meningioma/Te-me_0150.jpg",1,meningioma,1,meningioma,0.0056428746,0.9789378047,0.0069262991,0.0084929336
3727,"/kaggle/input/datasets/arafatrahmann/my-data221/Epic and CSCR hospital Dataset/Train/meningioma/Te-me_0153.jpg",1,meningioma,1,meningioma,0.0063424758,0.9778776169,0.0073809801,0.0083989706
3736,"/kaggle/input/datasets/arafatrahmann/my-data221/Epic and CSCR hospital Dataset/Train/meningioma/Te-me_0162.jpg",1,meningioma,1,meningioma,0.0060677864,0.9787520170,0.0074518272,0.0077283108
3753,"/kaggle/input/datasets/arafatrahmann/my-data221/Epic and CSCR hospital Dataset/Train/meningioma/Te-me_0179.jpg",1,meningioma,1,meningioma,0.0061939969,0.9782195091,0.0074437074,0.0081428159
3768,"/kaggle/input/datasets/arafatrahmann/my-data221/Epic and CSCR hospital Dataset/Train/meningioma/Te-me_0194.jpg",1,meningioma,1,meningioma,0.0063710012,0.9770984650,0.0074517326,0.0090787914
3778,"/kaggle/input/datasets/arafatrahmann/my-data221/Epic and CSCR hospital Dataset/Train/meningioma/Te-me_0204.jpg",1,meningioma,1,meningioma,0.0079675391,0.9764323235,0.0073048314,0.0082952799
3785,"/kaggle/input/datasets/arafatrahmann/my-data221/Epic and CSCR hospital Dataset/Train/meningioma/Te-me_0211.jpg",1,meningioma,1,meningioma,0.0066368282,0.9782005548,0.0074095847,0.0077531459
3792,"/kaggle/input/datasets/arafatrahmann/my-data221/Epic and CSCR hospital Dataset/Train/meningioma/Te-me_0218.jpg",1,meningioma,1,meningioma,0.0056919414,0.9790700674,0.0070266770,0.0082112709
3804,"/kaggle/input/datasets/arafatrahmann/my-data221/Epic and CSCR hospital Dataset/Train/meningioma/Te-me_0230.jpg",1,meningioma,1,meningioma,0.0059572826,0.9795155525,0.0073400275,0.0071871253
3807,"/kaggle/input/datasets/arafatrahmann/my-data221/Epic and CSCR hospital Dataset/Train/meningioma/Te-me_0233.jpg",1,meningioma,1,meningioma,0.0062342887,0.9780102968,0.0081079137,0.0076474869
3811,"/kaggle/input/datasets/arafatrahmann/my-data221/Epic and CSCR hospital Dataset/Train/meningioma/Te-me_0237.jpg",1,meningioma,1,meningioma,0.0082624871,0.9756933451,0.0076033487,0.0084409630
3817,"/kaggle/input/datasets/arafatrahmann/my-data221/Epic and CSCR hospital Dataset/Train/meningioma/Te-me_0243.jpg",1,meningioma,1,meningioma,0.0054973764,0.9794395566,0.0068981065,0.0081650270
3818,"/kaggle/input/datasets/arafatrahmann/my-data221/Epic and CSCR hospital Dataset/Train/meningioma/Te-me_0244.jpg",1,meningioma,1,meningioma,0.0069830678,0.9775342941,0.0076849600,0.0077977008
3821,"/kaggle/input/datasets/arafatrahmann/my-data221/Epic and CSCR hospital Dataset/Train/meningioma/Te-me_0247.jpg",1,meningioma,1,meningioma,0.0063002743,0.9779255986,0.0076563708,0.0081178034
3824,"/kaggle/input/datasets/arafatrahmann/my-data221/Epic and CSCR hospital Dataset/Train/meningioma/Te-me_0250.jpg",1,meningioma,1,meningioma,0.0066203410,0.9780864716,0.0075078681,0.0077853873
3830,"/kaggle/input/datasets/arafatrahmann/my-data221/Epic and CSCR hospital Dataset/Train/meningioma/Te-me_0256.jpg",1,meningioma,1,meningioma,0.0069866823,0.9770778418,0.0075743543,0.0083611747
3840,"/kaggle/input/datasets/arafatrahmann/my-data221/Epic and CSCR hospital Dataset/Train/meningioma/Te-me_0266.jpg",1,meningioma,1,meningioma,0.0059139738,0.9788156748,0.0073631578,0.0079072863
3841,"/kaggle/input/datasets/arafatrahmann/my-data221/Epic and CSCR hospital Dataset/Train/meningioma/Te-me_0267.jpg",1,meningioma,1,meningioma,0.0070214197,0.9776353836,0.0075869062,0.0077562048
3846,"/kaggle/input/datasets/arafatrahmann/my-data221/Epic and CSCR hospital Dataset/Train/meningioma/Te-me_0283.jpg",1,meningioma,1,meningioma,0.0070151486,0.9777210355,0.0072199963,0.0080438871
3852,"/kaggle/input/datasets/arafatrahmann/my-data221/Epic and CSCR hospital Dataset/Train/meningioma/Te-me_0289.jpg",1,meningioma,1,meningioma,0.0070269024,0.9775322676,0.0073545156,0.0080863172
3855,"/kaggle/input/datasets/arafatrahmann/my-data221/Epic and CSCR hospital Dataset/Train/meningioma/Te-me_0292.jpg",1,meningioma,1,meningioma,0.0062390692,0.9772244692,0.0071708867,0.0093656797
3860,"/kaggle/input/datasets/arafatrahmann/my-data221/Epic and CSCR hospital Dataset/Train/meningioma/Te-me_0297.jpg",1,meningioma,1,meningioma,0.0074257501,0.7902442813,0.0078566205,0.1944733113
3862,"/kaggle/input/datasets/arafatrahmann/my-data221/Epic and CSCR hospital Dataset/Train/meningioma/Te-me_0299.jpg",1,meningioma,1,meningioma,0.0066757211,0.9777100682,0.0073640584,0.0082501974
3863,"/kaggle/input/datasets/arafatrahmann/my-data221/Epic and CSCR hospital Dataset/Train/meningioma/Te-me_0300.jpg",1,meningioma,1,meningioma,0.0063469298,0.9780420065,0.0072125467,0.0083985552
3869,"/kaggle/input/datasets/arafatrahmann/my-data221/Epic and CSCR hospital Dataset/Train/meningioma/Tr-me_0031.jpg",1,meningioma,1,meningioma,0.0064611882,0.9785062075,0.0071366690,0.0078959735
3872,"/kaggle/input/datasets/arafatrahmann/my-data221/Epic and CSCR hospital Dataset/Train/meningioma/Tr-me_0034.jpg",1,meningioma,1,meningioma,0.0138190165,0.9703693390,0.0077683539,0.0080432938
3873,"/kaggle/input/datasets/arafatrahmann/my-data221/Epic and CSCR hospital Dataset/Train/meningioma/Tr-me_0035.jpg",1,meningioma,1,meningioma,0.0061795819,0.9784220457,0.0071051270,0.0082931556
3880,"/kaggle/input/datasets/arafatrahmann/my-data221/Epic and CSCR hospital Dataset/Train/meningioma/Tr-me_0072.jpg",1,meningioma,1,meningioma,0.0056934981,0.9793319702,0.0070534423,0.0079211621
3885,"/kaggle/input/datasets/arafatrahmann/my-data221/Epic and CSCR hospital Dataset/Train/meningioma/Tr-me_0077.jpg",1,meningioma,1,meningioma,0.0056398702,0.8279227018,0.0079832394,0.1584542096
3887,"/kaggle/input/datasets/arafatrahmann/my-data221/Epic and CSCR hospital Dataset/Train/meningioma/Tr-me_0079.jpg",1,meningioma,1,meningioma,0.0056082704,0.9788079262,0.0071162442,0.0084676445
3889,"/kaggle/input/datasets/arafatrahmann/my-data221/Epic and CSCR hospital Dataset/Train/meningioma/Tr-me_0081.jpg",1,meningioma,1,meningioma,0.0063551413,0.9785307050,0.0070426771,0.0080714347
3890,"/kaggle/input/datasets/arafatrahmann/my-data221/Epic and CSCR hospital Dataset/Train/meningioma/Tr-me_0082.jpg",1,meningioma,1,meningioma,0.0067958273,0.9779529572,0.0072117983,0.0080393478
3892,"/kaggle/input/datasets/arafatrahmann/my-data221/Epic and CSCR hospital Dataset/Train/meningioma/Tr-me_0084.jpg",1,meningioma,1,meningioma,0.0084571308,0.9746133685,0.0076261489,0.0093033295
3895,"/kaggle/input/datasets/arafatrahmann/my-data221/Epic and CSCR hospital Dataset/Train/meningioma/Tr-me_0087.jpg",1,meningioma,1,meningioma,0.0066391388,0.9777355194,0.0072832010,0.0083421413
3899,"/kaggle/input/datasets/arafatrahmann/my-data221/Epic and CSCR hospital Dataset/Train/meningioma/Tr-me_0091.jpg",1,meningioma,1,meningioma,0.0064114211,0.9780176282,0.0074974699,0.0080735590
3912,"/kaggle/input/datasets/arafatrahmann/my-data221/Epic and CSCR hospital Dataset/Train/meningioma/Tr-me_0104.jpg",1,meningioma,1,meningioma,0.0083060749,0.9753866196,0.0074441792,0.0088631343
3918,"/kaggle/input/datasets/arafatrahmann/my-data221/Epic and CSCR hospital Dataset/Train/meningioma/Tr-me_0110.jpg",1,meningioma,1,meningioma,0.0059701628,0.9778896570,0.0074450411,0.0086951982
3927,"/kaggle/input/datasets/arafatrahmann/my-data221/Epic and CSCR hospital Dataset/Train/meningioma/Tr-me_0121.jpg",1,meningioma,1,meningioma,0.0064343400,0.9779394269,0.0070775650,0.0085486965
3928,"/kaggle/input/datasets/arafatrahmann/my-data221/Epic and CSCR hospital Dataset/Train/meningioma/Tr-me_0122.jpg",1,meningioma,1,meningioma,0.0065874932,0.9785396457,0.0071813650,0.0076914625
3940,"/kaggle/input/datasets/arafatrahmann/my-data221/Epic and CSCR hospital Dataset/Train/meningioma/Tr-me_0134.jpg",1,meningioma,1,meningioma,0.0062989355,0.9783747792,0.0076020188,0.0077242525
3941,"/kaggle/input/datasets/arafatrahmann/my-data221/Epic and CSCR hospital Dataset/Train/meningioma/Tr-me_0135.jpg",1,meningioma,1,meningioma,0.0059454534,0.9786750674,0.0075428435,0.0078366529
3944,"/kaggle/input/datasets/arafatrahmann/my-data221/Epic and CSCR hospital Dataset/Train/meningioma/Tr-me_0138.jpg",1,meningioma,1,meningioma,0.0063230782,0.9776357412,0.0075152614,0.0085258735
3946,"/kaggle/input/datasets/arafatrahmann/my-data221/Epic and CSCR hospital Dataset/Train/meningioma/Tr-me_0140.jpg",1,meningioma,1,meningioma,0.0059174667,0.9787998199,0.0072319009,0.0080508329
3947,"/kaggle/input/datasets/arafatrahmann/my-data221/Epic and CSCR hospital Dataset/Train/meningioma/Tr-me_0141.jpg",1,meningioma,1,meningioma,0.0058852406,0.9788252115,0.0073513361,0.0079382090
3952,"/kaggle/input/datasets/arafatrahmann/my-data221/Epic and CSCR hospital Dataset/Train/meningioma/Tr-me_0146.jpg",1,meningioma,1,meningioma,0.0060502533,0.9786871672,0.0072933361,0.0079692062
3960,"/kaggle/input/datasets/arafatrahmann/my-data221/Epic and CSCR hospital Dataset/Train/meningioma/Tr-me_0154.jpg",1,meningioma,1,meningioma,0.0064052269,0.9782178998,0.0075438768,0.0078329761
3963,"/kaggle/input/datasets/arafatrahmann/my-data221/Epic and CSCR hospital Dataset/Train/meningioma/Tr-me_0157.jpg",1,meningioma,1,meningioma,0.0062454273,0.9783737063,0.0074037267,0.0079771942
3964,"/kaggle/input/datasets/arafatrahmann/my-data221/Epic and CSCR hospital Dataset/Train/meningioma/Tr-me_0158.jpg",1,meningioma,1,meningioma,0.0063397498,0.9789721370,0.0073749535,0.0073131048
3965,"/kaggle/input/datasets/arafatrahmann/my-data221/Epic and CSCR hospital Dataset/Train/meningioma/Tr-me_0159.jpg",1,meningioma,1,meningioma,0.0067092991,0.9760305285,0.0075852824,0.0096749756
3970,"/kaggle/input/datasets/arafatrahmann/my-data221/Epic and CSCR hospital Dataset/Train/meningioma/Tr-me_0164.jpg",1,meningioma,1,meningioma,0.0063235550,0.9781705737,0.0073885024,0.0081174467
3972,"/kaggle/input/datasets/arafatrahmann/my-data221/Epic and CSCR hospital Dataset/Train/meningioma/Tr-me_0166.jpg",1,meningioma,1,meningioma,0.0058637811,0.9784201384,0.0071105151,0.0086055947
3977,"/kaggle/input/datasets/arafatrahmann/my-data221/Epic and CSCR hospital Dataset/Train/meningioma/Tr-me_0171.jpg",1,meningioma,1,meningioma,0.4321087003,0.5531361103,0.0063659875,0.0083892057
3980,"/kaggle/input/datasets/arafatrahmann/my-data221/Epic and CSCR hospital Dataset/Train/meningioma/Tr-me_0174.jpg",1,meningioma,1,meningioma,0.0084209386,0.9749169350,0.0076330304,0.0090290904
3982,"/kaggle/input/datasets/arafatrahmann/my-data221/Epic and CSCR hospital Dataset/Train/meningioma/Tr-me_0176.jpg",1,meningioma,1,meningioma,0.0065393732,0.9781907201,0.0078718066,0.0073980377
3985,"/kaggle/input/datasets/arafatrahmann/my-data221/Epic and CSCR hospital Dataset/Train/meningioma/Tr-me_0179.jpg",1,meningioma,1,meningioma,0.0086186668,0.9764445424,0.0075254226,0.0074113994
3987,"/kaggle/input/datasets/arafatrahmann/my-data221/Epic and CSCR hospital Dataset/Train/meningioma/Tr-me_0181.jpg",1,meningioma,1,meningioma,0.0058491454,0.9795200229,0.0073891757,0.0072417157
3994,"/kaggle/input/datasets/arafatrahmann/my-data221/Epic and CSCR hospital Dataset/Train/meningioma/Tr-me_0188.jpg",1,meningioma,1,meningioma,0.0066964999,0.9780464172,0.0075484612,0.0077085840
4004,"/kaggle/input/datasets/arafatrahmann/my-data221/Epic and CSCR hospital Dataset/Train/meningioma/Tr-me_0198.jpg",1,meningioma,1,meningioma,0.0067190104,0.9785271883,0.0079912916,0.0067625726
4007,"/kaggle/input/datasets/arafatrahmann/my-data221/Epic and CSCR hospital Dataset/Train/meningioma/Tr-me_0201.jpg",1,meningioma,1,meningioma,0.0121186655,0.9728729129,0.0072772866,0.0077311145
4017,"/kaggle/input/datasets/arafatrahmann/my-data221/Epic and CSCR hospital Dataset/Train/meningioma/Tr-me_0211.jpg",1,meningioma,1,meningioma,0.0065292073,0.9781130552,0.0078876372,0.0074700504
4018,"/kaggle/input/datasets/arafatrahmann/my-data221/Epic and CSCR hospital Dataset/Train/meningioma/Tr-me_0212.jpg",1,meningioma,1,meningioma,0.0069754934,0.9784525037,0.0074995891,0.0070724622
4022,"/kaggle/input/datasets/arafatrahmann/my-data221/Epic and CSCR hospital Dataset/Train/meningioma/Tr-me_0216.jpg",1,meningioma,1,meningioma,0.0057891612,0.9794424772,0.0075674527,0.0072009400
4028,"/kaggle/input/datasets/arafatrahmann/my-data221/Epic and CSCR hospital Dataset/Train/meningioma/Tr-me_0222.jpg",1,meningioma,1,meningioma,0.0060916087,0.9778581858,0.0073954808,0.0086548235
4031,"/kaggle/input/datasets/arafatrahmann/my-data221/Epic and CSCR hospital Dataset/Train/meningioma/Tr-me_0225.jpg",1,meningioma,1,meningioma,0.0057454081,0.9787500501,0.0074898847,0.0080146538
4040,"/kaggle/input/datasets/arafatrahmann/my-data221/Epic and CSCR hospital Dataset/Train/meningioma/Tr-me_0234.jpg",1,meningioma,1,meningioma,0.0060701948,0.9784454107,0.0072402782,0.0082440823
4044,"/kaggle/input/datasets/arafatrahmann/my-data221/Epic and CSCR hospital Dataset/Train/meningioma/Tr-me_0238.jpg",1,meningioma,1,meningioma,0.0080054896,0.9759044647,0.0072463094,0.0088436287
4047,"/kaggle/input/datasets/arafatrahmann/my-data221/Epic and CSCR hospital Dataset/Train/meningioma/Tr-me_0241.jpg",1,meningioma,1,meningioma,0.0076563666,0.9774893522,0.0076966425,0.0071574762
4049,"/kaggle/input/datasets/arafatrahmann/my-data221/Epic and CSCR hospital Dataset/Train/meningioma/Tr-me_0243.jpg",1,meningioma,1,meningioma,0.0061784140,0.9792842865,0.0073882542,0.0071489783
4052,"/kaggle/input/datasets/arafatrahmann/my-data221/Epic and CSCR hospital Dataset/Train/meningioma/Tr-me_0246.jpg",1,meningioma,1,meningioma,0.0084008174,0.9764536619,0.0073608803,0.0077846549
4062,"/kaggle/input/datasets/arafatrahmann/my-data221/Epic and CSCR hospital Dataset/Train/meningioma/Tr-me_0256.jpg",1,meningioma,1,meningioma,0.0079473499,0.9770701528,0.0078989062,0.0070835711
4064,"/kaggle/input/datasets/arafatrahmann/my-data221/Epic and CSCR hospital Dataset/Train/meningioma/Tr-me_0258.jpg",1,meningioma,1,meningioma,0.0063831313,0.9787727594,0.0073339320,0.0075103058
4067,"/kaggle/input/datasets/arafatrahmann/my-data221/Epic and CSCR hospital Dataset/Train/meningioma/Tr-me_0261.jpg",1,meningioma,1,meningioma,0.0065760836,0.9779993892,0.0077708522,0.0076537319
4068,"/kaggle/input/datasets/arafatrahmann/my-data221/Epic and CSCR hospital Dataset/Train/meningioma/Tr-me_0262.jpg",1,meningioma,1,meningioma,0.0064061680,0.9787365198,0.0075279800,0.0073293559
4070,"/kaggle/input/datasets/arafatrahmann/my-data221/Epic and CSCR hospital Dataset/Train/meningioma/Tr-me_0264.jpg",1,meningioma,1,meningioma,0.0063164248,0.9793090820,0.0075672986,0.0068072365
4075,"/kaggle/input/datasets/arafatrahmann/my-data221/Epic and CSCR hospital Dataset/Train/meningioma/Tr-me_0269.jpg",1,meningioma,3,pituitary,0.0061365897,0.0144774122,0.0080388067,0.9713472128
4092,"/kaggle/input/datasets/arafatrahmann/my-data221/Epic and CSCR hospital Dataset/Train/meningioma/Tr-me_0286.jpg",1,meningioma,1,meningioma,0.0059061297,0.9788589478,0.0071169771,0.0081178909
4099,"/kaggle/input/datasets/arafatrahmann/my-data221/Epic and CSCR hospital Dataset/Train/meningioma/Tr-me_0293.jpg",1,meningioma,3,pituitary,0.0079500610,0.0142402081,0.0077537238,0.9700560570
4103,"/kaggle/input/datasets/arafatrahmann/my-data221/Epic and CSCR hospital Dataset/Train/meningioma/Tr-me_0297.jpg",1,meningioma,1,meningioma,0.0063965442,0.9780336618,0.0073094764,0.0082603684
4108,"/kaggle/input/datasets/arafatrahmann/my-data221/Epic and CSCR hospital Dataset/Train/meningioma/Tr-me_0302.jpg",1,meningioma,1,meningioma,0.0065678647,0.9767462015,0.0073773763,0.0093086474
4115,"/kaggle/input/datasets/arafatrahmann/my-data221/Epic and CSCR hospital Dataset/Train/meningioma/Tr-me_0309.jpg",1,meningioma,1,meningioma,0.0074917180,0.9775092006,0.0072652502,0.0077338615
4117,"/kaggle/input/datasets/arafatrahmann/my-data221/Epic and CSCR hospital Dataset/Train/meningioma/Tr-me_0311.jpg",1,meningioma,1,meningioma,0.0072519644,0.9774501920,0.0074505457,0.0078473520
4118,"/kaggle/input/datasets/arafatrahmann/my-data221/Epic and CSCR hospital Dataset/Train/meningioma/Tr-me_0312.jpg",1,meningioma,1,meningioma,0.0068328949,0.9782465696,0.0074090050,0.0075115063
4119,"/kaggle/input/datasets/arafatrahmann/my-data221/Epic and CSCR hospital Dataset/Train/meningioma/Tr-me_0313.jpg",1,meningioma,1,meningioma,0.0064667398,0.9788756371,0.0073942253,0.0072634360
4122,"/kaggle/input/datasets/arafatrahmann/my-data221/Epic and CSCR hospital Dataset/Train/meningioma/Tr-me_0316.jpg",1,meningioma,1,meningioma,0.0138720991,0.9696341753,0.0078265285,0.0086671254
4128,"/kaggle/input/datasets/arafatrahmann/my-data221/Epic and CSCR hospital Dataset/Train/meningioma/Tr-me_0322.jpg",1,meningioma,1,meningioma,0.0054677753,0.9788109660,0.0071423845,0.0085789058
4129,"/kaggle/input/datasets/arafatrahmann/my-data221/Epic and CSCR hospital Dataset/Train/meningioma/Tr-me_0323.jpg",1,meningioma,1,meningioma,0.0055889608,0.9789748192,0.0071199397,0.0083163492
4134,"/kaggle/input/datasets/arafatrahmann/my-data221/Epic and CSCR hospital Dataset/Train/meningioma/Tr-me_0328.jpg",1,meningioma,1,meningioma,0.0057963058,0.9793750048,0.0069300709,0.0078985961
4137,"/kaggle/input/datasets/arafatrahmann/my-data221/Epic and CSCR hospital Dataset/Train/meningioma/Tr-me_0331.jpg",1,meningioma,1,meningioma,0.0058711288,0.9787286520,0.0071128160,0.0082874419
4140,"/kaggle/input/datasets/arafatrahmann/my-data221/Epic and CSCR hospital Dataset/Train/meningioma/Tr-me_0334.jpg",1,meningioma,1,meningioma,0.0068236589,0.9770822525,0.0073528686,0.0087412139
4142,"/kaggle/input/datasets/arafatrahmann/my-data221/Epic and CSCR hospital Dataset/Train/meningioma/Tr-me_0336.jpg",1,meningioma,1,meningioma,0.0058893971,0.9782606363,0.0071390569,0.0087109422
4153,"/kaggle/input/datasets/arafatrahmann/my-data221/Epic and CSCR hospital Dataset/Train/meningioma/Tr-me_0347.jpg",1,meningioma,1,meningioma,0.0068631335,0.9773764610,0.0072355284,0.0085249161
4156,"/kaggle/input/datasets/arafatrahmann/my-data221/Epic and CSCR hospital Dataset/Train/meningioma/Tr-me_0350.jpg",1,meningioma,1,meningioma,0.0064558806,0.9780456424,0.0073185987,0.0081798416
4162,"/kaggle/input/datasets/arafatrahmann/my-data221/Epic and CSCR hospital Dataset/Train/meningioma/Tr-me_0356.jpg",1,meningioma,1,meningioma,0.0063094846,0.9779717326,0.0072176391,0.0085011022
4164,"/kaggle/input/datasets/arafatrahmann/my-data221/Epic and CSCR hospital Dataset/Train/meningioma/Tr-me_0358.jpg",1,meningioma,1,meningioma,0.0065768110,0.9784353971,0.0079780743,0.0070097717
4166,"/kaggle/input/datasets/arafatrahmann/my-data221/Epic and CSCR hospital Dataset/Train/meningioma/Tr-me_0360.jpg",1,meningioma,1,meningioma,0.0065180832,0.9787069559,0.0075677051,0.0072072856
4167,"/kaggle/input/datasets/arafatrahmann/my-data221/Epic and CSCR hospital Dataset/Train/meningioma/Tr-me_0361.jpg",1,meningioma,1,meningioma,0.0084793847,0.9773753285,0.0072738812,0.0068714162
4170,"/kaggle/input/datasets/arafatrahmann/my-data221/Epic and CSCR hospital Dataset/Train/meningioma/Tr-me_0364.jpg",1,meningioma,1,meningioma,0.0066716643,0.9786882401,0.0077053807,0.0069347573
4179,"/kaggle/input/datasets/arafatrahmann/my-data221/Epic and CSCR hospital Dataset/Train/meningioma/Tr-me_0373.jpg",1,meningioma,1,meningioma,0.0060642781,0.9785346985,0.0074161380,0.0079848506
4184,"/kaggle/input/datasets/arafatrahmann/my-data221/Epic and CSCR hospital Dataset/Train/meningioma/Tr-me_0378.jpg",1,meningioma,1,meningioma,0.0059386501,0.9783751369,0.0072185360,0.0084676668
4189,"/kaggle/input/datasets/arafatrahmann/my-data221/Epic and CSCR hospital Dataset/Train/meningioma/Tr-me_0383.jpg",1,meningioma,1,meningioma,0.0060589728,0.9787160754,0.0073612956,0.0078637414
4191,"/kaggle/input/datasets/arafatrahmann/my-data221/Epic and CSCR hospital Dataset/Train/meningioma/Tr-me_0385.jpg",1,meningioma,1,meningioma,0.0063139969,0.9785641432,0.0072618695,0.0078599388
4193,"/kaggle/input/datasets/arafatrahmann/my-data221/Epic and CSCR hospital Dataset/Train/meningioma/Tr-me_0387.jpg",1,meningioma,1,meningioma,0.0062708268,0.9786500931,0.0072184270,0.0078607108
4200,"/kaggle/input/datasets/arafatrahmann/my-data221/Epic and CSCR hospital Dataset/Train/meningioma/Tr-me_0394.jpg",1,meningioma,1,meningioma,0.0068187951,0.9774892926,0.0073847859,0.0083071841
4204,"/kaggle/input/datasets/arafatrahmann/my-data221/Epic and CSCR hospital Dataset/Train/meningioma/Tr-me_0398.jpg",1,meningioma,1,meningioma,0.0060250787,0.9784901738,0.0073841726,0.0081005916
4207,"/kaggle/input/datasets/arafatrahmann/my-data221/Epic and CSCR hospital Dataset/Train/meningioma/Tr-me_0401.jpg",1,meningioma,1,meningioma,0.0060479003,0.9784685373,0.0073698005,0.0081137698
4211,"/kaggle/input/datasets/arafatrahmann/my-data221/Epic and CSCR hospital Dataset/Train/meningioma/Tr-me_0405.jpg",1,meningioma,1,meningioma,0.0063127605,0.9784027338,0.0072719781,0.0080124978
4213,"/kaggle/input/datasets/arafatrahmann/my-data221/Epic and CSCR hospital Dataset/Train/meningioma/Tr-me_0407.jpg",1,meningioma,1,meningioma,0.0062120431,0.9786492586,0.0074810917,0.0076575810
4217,"/kaggle/input/datasets/arafatrahmann/my-data221/Epic and CSCR hospital Dataset/Train/meningioma/Tr-me_0411.jpg",1,meningioma,1,meningioma,0.0068908557,0.9748117328,0.0075730318,0.0107244672
4218,"/kaggle/input/datasets/arafatrahmann/my-data221/Epic and CSCR hospital Dataset/Train/meningioma/Tr-me_0412.jpg",1,meningioma,1,meningioma,0.0063392119,0.9761913419,0.0076703518,0.0097991060
4220,"/kaggle/input/datasets/arafatrahmann/my-data221/Epic and CSCR hospital Dataset/Train/meningioma/Tr-me_0414.jpg",1,meningioma,1,meningioma,0.0060760411,0.9774092436,0.0073833726,0.0091312956
4222,"/kaggle/input/datasets/arafatrahmann/my-data221/Epic and CSCR hospital Dataset/Train/meningioma/Tr-me_0416.jpg",1,meningioma,1,meningioma,0.0056742700,0.9789999723,0.0071068136,0.0082188984
4236,"/kaggle/input/datasets/arafatrahmann/my-data221/Epic and CSCR hospital Dataset/Train/meningioma/Tr-me_0430.jpg",1,meningioma,1,meningioma,0.0061074076,0.9787393808,0.0072991652,0.0078540854
4242,"/kaggle/input/datasets/arafatrahmann/my-data221/Epic and CSCR hospital Dataset/Train/meningioma/Tr-me_0436.jpg",1,meningioma,1,meningioma,0.0066787424,0.9776835442,0.0074677705,0.0081700282
4248,"/kaggle/input/datasets/arafatrahmann/my-data221/Epic and CSCR hospital Dataset/Train/meningioma/Tr-me_0442.jpg",1,meningioma,1,meningioma,0.0063160649,0.9782072902,0.0073895617,0.0080871265
4250,"/kaggle/input/datasets/arafatrahmann/my-data221/Epic and CSCR hospital Dataset/Train/meningioma/Tr-me_0444.jpg",1,meningioma,1,meningioma,0.0071284263,0.9773799181,0.0074655907,0.0080261137
4251,"/kaggle/input/datasets/arafatrahmann/my-data221/Epic and CSCR hospital Dataset/Train/meningioma/Tr-me_0445.jpg",1,meningioma,1,meningioma,0.0069922903,0.9773716927,0.0075021633,0.0081338771
4256,"/kaggle/input/datasets/arafatrahmann/my-data221/Epic and CSCR hospital Dataset/Train/meningioma/Tr-me_0450.jpg",1,meningioma,1,meningioma,0.0072394302,0.9768797755,0.0075219003,0.0083588315
4263,"/kaggle/input/datasets/arafatrahmann/my-data221/Epic and CSCR hospital Dataset/Train/meningioma/Tr-me_0457.jpg",1,meningioma,1,meningioma,0.0063312389,0.9777112007,0.0072495625,0.0087080142
4277,"/kaggle/input/datasets/arafatrahmann/my-data221/Epic and CSCR hospital Dataset/Train/meningioma/Tr-me_0471.jpg",1,meningioma,1,meningioma,0.0067985505,0.9781510234,0.0073845624,0.0076659555
4279,"/kaggle/input/datasets/arafatrahmann/my-data221/Epic and CSCR hospital Dataset/Train/meningioma/Tr-me_0473.jpg",1,meningioma,1,meningioma,0.0061655287,0.9787494540,0.0073286332,0.0077564740
4280,"/kaggle/input/datasets/arafatrahmann/my-data221/Epic and CSCR hospital Dataset/Train/meningioma/Tr-me_0474.jpg",1,meningioma,1,meningioma,0.0064780526,0.9779314995,0.0073335730,0.0082568284
4281,"/kaggle/input/datasets/arafatrahmann/my-data221/Epic and CSCR hospital Dataset/Train/meningioma/Tr-me_0475.jpg",1,meningioma,1,meningioma,0.0067754076,0.9778588414,0.0073757521,0.0079898974
4282,"/kaggle/input/datasets/arafatrahmann/my-data221/Epic and CSCR hospital Dataset/Train/meningioma/Tr-me_0476.jpg",1,meningioma,1,meningioma,0.0061123893,0.9787254333,0.0074423463,0.0077197528
4283,"/kaggle/input/datasets/arafatrahmann/my-data221/Epic and CSCR hospital Dataset/Train/meningioma/Tr-me_0477.jpg",1,meningioma,1,meningioma,0.0060965703,0.9783002138,0.0074434290,0.0081597585
4285,"/kaggle/input/datasets/arafatrahmann/my-data221/Epic and CSCR hospital Dataset/Train/meningioma/Tr-me_0479.jpg",1,meningioma,1,meningioma,0.0069029196,0.9764000177,0.0075490908,0.0091480743
4286,"/kaggle/input/datasets/arafatrahmann/my-data221/Epic and CSCR hospital Dataset/Train/meningioma/Tr-me_0480.jpg",1,meningioma,1,meningioma,0.0059289355,0.9782689810,0.0072042523,0.0085978145
4294,"/kaggle/input/datasets/arafatrahmann/my-data221/Epic and CSCR hospital Dataset/Train/meningioma/Tr-me_0488.jpg",1,meningioma,1,meningioma,0.0057563968,0.9786760211,0.0073287906,0.0082387161
4296,"/kaggle/input/datasets/arafatrahmann/my-data221/Epic and CSCR hospital Dataset/Train/meningioma/Tr-me_0490.jpg",1,meningioma,1,meningioma,0.0069064819,0.9771584272,0.0077230046,0.0082120094
4304,"/kaggle/input/datasets/arafatrahmann/my-data221/Epic and CSCR hospital Dataset/Train/meningioma/Tr-me_0498.jpg",1,meningioma,1,meningioma,0.0063125053,0.9790182114,0.0075205280,0.0071488833
4315,"/kaggle/input/datasets/arafatrahmann/my-data221/Epic and CSCR hospital Dataset/Train/meningioma/Tr-me_0509.jpg",1,meningioma,1,meningioma,0.0063187317,0.9785940051,0.0076239249,0.0074633076
4318,"/kaggle/input/datasets/arafatrahmann/my-data221/Epic and CSCR hospital Dataset/Train/meningioma/Tr-me_0512.jpg",1,meningioma,1,meningioma,0.0058363983,0.9785150290,0.0071681859,0.0084803496
4319,"/kaggle/input/datasets/arafatrahmann/my-data221/Epic and CSCR hospital Dataset/Train/meningioma/Tr-me_0513.jpg",1,meningioma,1,meningioma,0.0058635240,0.9791769981,0.0075843753,0.0073751574
4322,"/kaggle/input/datasets/arafatrahmann/my-data221/Epic and CSCR hospital Dataset/Train/meningioma/Tr-me_0516.jpg",1,meningioma,1,meningioma,0.0066752485,0.9785712957,0.0076480485,0.0071054646
4328,"/kaggle/input/datasets/arafatrahmann/my-data221/Epic and CSCR hospital Dataset/Train/meningioma/Tr-me_0522.jpg",1,meningioma,1,meningioma,0.0058691930,0.9792324305,0.0071472055,0.0077511570
4337,"/kaggle/input/datasets/arafatrahmann/my-data221/Epic and CSCR hospital Dataset/Train/meningioma/Tr-me_0531.jpg",1,meningioma,1,meningioma,0.0063890042,0.9778640866,0.0075881681,0.0081587890
4340,"/kaggle/input/datasets/arafatrahmann/my-data221/Epic and CSCR hospital Dataset/Train/meningioma/Tr-me_0534.jpg",1,meningioma,1,meningioma,0.0063568400,0.9783274531,0.0071822456,0.0081334412
4343,"/kaggle/input/datasets/arafatrahmann/my-data221/Epic and CSCR hospital Dataset/Train/meningioma/Tr-me_0537.jpg",1,meningioma,1,meningioma,0.0066874726,0.9773136973,0.0076513612,0.0083474843
4344,"/kaggle/input/datasets/arafatrahmann/my-data221/Epic and CSCR hospital Dataset/Train/meningioma/Tr-me_0538.jpg",1,meningioma,1,meningioma,0.0069576381,0.9770528078,0.0077367239,0.0082527641
4346,"/kaggle/input/datasets/arafatrahmann/my-data221/Epic and CSCR hospital Dataset/Train/meningioma/Tr-me_0540.jpg",1,meningioma,1,meningioma,0.0062581049,0.9784132838,0.0073923022,0.0079362774
4347,"/kaggle/input/datasets/arafatrahmann/my-data221/Epic and CSCR hospital Dataset/Train/meningioma/Tr-me_0541.jpg",1,meningioma,1,meningioma,0.0065878830,0.9778324366,0.0075422996,0.0080374014
4366,"/kaggle/input/datasets/arafatrahmann/my-data221/Epic and CSCR hospital Dataset/Train/meningioma/Tr-me_0560.jpg",1,meningioma,1,meningioma,0.0063029802,0.9786755443,0.0075938860,0.0074275052
4371,"/kaggle/input/datasets/arafatrahmann/my-data221/Epic and CSCR hospital Dataset/Train/meningioma/Tr-me_0565.jpg",1,meningioma,1,meningioma,0.0061180471,0.9783736467,0.0075481399,0.0079602581
4374,"/kaggle/input/datasets/arafatrahmann/my-data221/Epic and CSCR hospital Dataset/Train/meningioma/Tr-me_0568.jpg",1,meningioma,1,meningioma,0.0061551048,0.9779317975,0.0075125559,0.0084005054
4386,"/kaggle/input/datasets/arafatrahmann/my-data221/Epic and CSCR hospital Dataset/Train/meningioma/Tr-me_0592.jpg",1,meningioma,1,meningioma,0.0063153682,0.9786795378,0.0076152822,0.0073897787
4391,"/kaggle/input/datasets/arafatrahmann/my-data221/Epic and CSCR hospital Dataset/Train/meningioma/Tr-me_0597.jpg",1,meningioma,1,meningioma,0.0059922040,0.9790136218,0.0075923176,0.0074018212
4399,"/kaggle/input/datasets/arafatrahmann/my-data221/Epic and CSCR hospital Dataset/Train/meningioma/Tr-me_0605.jpg",1,meningioma,1,meningioma,0.0058867713,0.9792038202,0.0073321448,0.0075772726
4407,"/kaggle/input/datasets/arafatrahmann/my-data221/Epic and CSCR hospital Dataset/Train/meningioma/Tr-me_0613.jpg",1,meningioma,1,meningioma,0.0063225040,0.9785567522,0.0075084530,0.0076122992
4414,"/kaggle/input/datasets/arafatrahmann/my-data221/Epic and CSCR hospital Dataset/Train/meningioma/Tr-me_0620.jpg",1,meningioma,1,meningioma,0.0220655203,0.9637408257,0.0075959093,0.0065977806
4416,"/kaggle/input/datasets/arafatrahmann/my-data221/Epic and CSCR hospital Dataset/Train/meningioma/Tr-me_0622.jpg",1,meningioma,1,meningioma,0.0065283277,0.9781516194,0.0077035450,0.0076165148
4424,"/kaggle/input/datasets/arafatrahmann/my-data221/Epic and CSCR hospital Dataset/Train/meningioma/Tr-me_0764.jpg",1,meningioma,1,meningioma,0.0057824035,0.9797762632,0.0072657308,0.0071755387
4427,"/kaggle/input/datasets/arafatrahmann/my-data221/Epic and CSCR hospital Dataset/Train/meningioma/Tr-me_0767.jpg",1,meningioma,1,meningioma,0.0064060576,0.9786618948,0.0074993200,0.0074327090
4435,"/kaggle/input/datasets/arafatrahmann/my-data221/Epic and CSCR hospital Dataset/Train/meningioma/Tr-me_0805.jpg",1,meningioma,1,meningioma,0.0058151484,0.9784197807,0.0073971590,0.0083678532
4444,"/kaggle/input/datasets/arafatrahmann/my-data221/Epic and CSCR hospital Dataset/Train/meningioma/Tr-me_0814.jpg",1,meningioma,1,meningioma,0.0064298846,0.9775956869,0.0072774352,0.0086969920
4446,"/kaggle/input/datasets/arafatrahmann/my-data221/Epic and CSCR hospital Dataset/Train/meningioma/Tr-me_0816.jpg",1,meningioma,1,meningioma,0.0575000346,0.9272180796,0.0074985251,0.0077833934
4447,"/kaggle/input/datasets/arafatrahmann/my-data221/Epic and CSCR hospital Dataset/Train/meningioma/Tr-me_0817.jpg",1,meningioma,1,meningioma,0.0200649146,0.9644013643,0.0078733396,0.0076603838
4449,"/kaggle/input/datasets/arafatrahmann/my-data221/Epic and CSCR hospital Dataset/Train/meningioma/Tr-me_0819.jpg",1,meningioma,1,meningioma,0.0056921244,0.9778920412,0.0073399693,0.0090758977
4462,"/kaggle/input/datasets/arafatrahmann/my-data221/Epic and CSCR hospital Dataset/Train/meningioma/Tr-me_0832.jpg",1,meningioma,1,meningioma,0.0066631897,0.9761387110,0.0076790908,0.0095190089
4464,"/kaggle/input/datasets/arafatrahmann/my-data221/Epic and CSCR hospital Dataset/Train/meningioma/Tr-me_0834.jpg",1,meningioma,1,meningioma,0.0074884468,0.9761004448,0.0077239936,0.0086870957
4466,"/kaggle/input/datasets/arafatrahmann/my-data221/Epic and CSCR hospital Dataset/Train/meningioma/Tr-me_0836.jpg",1,meningioma,1,meningioma,0.0072598718,0.9767919779,0.0076578213,0.0082902666
4468,"/kaggle/input/datasets/arafatrahmann/my-data221/Epic and CSCR hospital Dataset/Train/meningioma/Tr-me_0838.jpg",1,meningioma,1,meningioma,0.0060335472,0.9778862000,0.0075480817,0.0085321460
4472,"/kaggle/input/datasets/arafatrahmann/my-data221/Epic and CSCR hospital Dataset/Train/meningioma/Tr-me_0842.jpg",1,meningioma,1,meningioma,0.0061788321,0.9780666232,0.0072154612,0.0085390005
4477,"/kaggle/input/datasets/arafatrahmann/my-data221/Epic and CSCR hospital Dataset/Train/meningioma/Tr-me_0847.jpg",1,meningioma,1,meningioma,0.0066365227,0.9777688980,0.0075322376,0.0080624148
4478,"/kaggle/input/datasets/arafatrahmann/my-data221/Epic and CSCR hospital Dataset/Train/meningioma/Tr-me_0848.jpg",1,meningioma,1,meningioma,0.0066207447,0.9779120684,0.0075744754,0.0078927623
4479,"/kaggle/input/datasets/arafatrahmann/my-data221/Epic and CSCR hospital Dataset/Train/meningioma/Tr-me_0849.jpg",1,meningioma,1,meningioma,0.0064766780,0.9778308868,0.0073266984,0.0083657894
4486,"/kaggle/input/datasets/arafatrahmann/my-data221/Epic and CSCR hospital Dataset/Train/meningioma/Tr-me_0856.jpg",1,meningioma,1,meningioma,0.0064399629,0.9788281322,0.0072252899,0.0075066015
4489,"/kaggle/input/datasets/arafatrahmann/my-data221/Epic and CSCR hospital Dataset/Train/meningioma/Tr-me_0859.jpg",1,meningioma,1,meningioma,0.0058394987,0.9781867266,0.0070116362,0.0089621823
4497,"/kaggle/input/datasets/arafatrahmann/my-data221/Epic and CSCR hospital Dataset/Train/meningioma/Tr-me_0867.jpg",1,meningioma,1,meningioma,0.0054992167,0.9795483351,0.0069482280,0.0080042966
4499,"/kaggle/input/datasets/arafatrahmann/my-data221/Epic and CSCR hospital Dataset/Train/meningioma/Tr-me_0869.jpg",1,meningioma,1,meningioma,0.0062313485,0.9778693914,0.0074074073,0.0084917471
4503,"/kaggle/input/datasets/arafatrahmann/my-data221/Epic and CSCR hospital Dataset/Train/meningioma/Tr-me_0873.jpg",1,meningioma,1,meningioma,0.0058914637,0.9787979126,0.0072321123,0.0080784038
4521,"/kaggle/input/datasets/arafatrahmann/my-data221/Epic and CSCR hospital Dataset/Train/meningioma/Tr-me_0891.jpg",1,meningioma,1,meningioma,0.0074696280,0.9767261744,0.0076717688,0.0081325257
4522,"/kaggle/input/datasets/arafatrahmann/my-data221/Epic and CSCR hospital Dataset/Train/meningioma/Tr-me_0892.jpg",1,meningioma,1,meningioma,0.0060951589,0.9789345860,0.0071896166,0.0077806129
4526,"/kaggle/input/datasets/arafatrahmann/my-data221/Epic and CSCR hospital Dataset/Train/meningioma/Tr-me_0896.jpg",1,meningioma,1,meningioma,0.0062211375,0.9777383804,0.0072391639,0.0088012991
4533,"/kaggle/input/datasets/arafatrahmann/my-data221/Epic and CSCR hospital Dataset/Train/meningioma/Tr-me_0903.jpg",1,meningioma,1,meningioma,0.0063233101,0.9777641296,0.0073462566,0.0085662678
4534,"/kaggle/input/datasets/arafatrahmann/my-data221/Epic and CSCR hospital Dataset/Train/meningioma/Tr-me_0904.jpg",1,meningioma,1,meningioma,0.0066083893,0.9774683714,0.0075979144,0.0083253235
4537,"/kaggle/input/datasets/arafatrahmann/my-data221/Epic and CSCR hospital Dataset/Train/meningioma/Tr-me_0907.jpg",1,meningioma,1,meningioma,0.0066187968,0.9774925113,0.0075349896,0.0083536692
4541,"/kaggle/input/datasets/arafatrahmann/my-data221/Epic and CSCR hospital Dataset/Train/meningioma/Tr-me_0911.jpg",1,meningioma,1,meningioma,0.0069151185,0.9773184061,0.0075726211,0.0081937909
4545,"/kaggle/input/datasets/arafatrahmann/my-data221/Epic and CSCR hospital Dataset/Train/meningioma/Tr-me_0915.jpg",1,meningioma,1,meningioma,0.0055531915,0.9776236415,0.0075312033,0.0092920465
4547,"/kaggle/input/datasets/arafatrahmann/my-data221/Epic and CSCR hospital Dataset/Train/meningioma/Tr-me_0917.jpg",1,meningioma,1,meningioma,0.0060866838,0.9776557684,0.0077062771,0.0085512260
4552,"/kaggle/input/datasets/arafatrahmann/my-data221/Epic and CSCR hospital Dataset/Train/meningioma/Tr-me_0922.jpg",1,meningioma,1,meningioma,0.0060967240,0.9778806567,0.0073855901,0.0086370064
4553,"/kaggle/input/datasets/arafatrahmann/my-data221/Epic and CSCR hospital Dataset/Train/meningioma/Tr-me_0923.jpg",1,meningioma,1,meningioma,0.0062081283,0.9782465696,0.0075053377,0.0080399644
4554,"/kaggle/input/datasets/arafatrahmann/my-data221/Epic and CSCR hospital Dataset/Train/meningioma/Tr-me_0924.jpg",1,meningioma,1,meningioma,0.0059573981,0.9788603783,0.0072801402,0.0079021305
4556,"/kaggle/input/datasets/arafatrahmann/my-data221/Epic and CSCR hospital Dataset/Train/meningioma/Tr-me_0926.jpg",1,meningioma,0,glioma,0.9108492136,0.0739307180,0.0071160123,0.0081040412
4560,"/kaggle/input/datasets/arafatrahmann/my-data221/Epic and CSCR hospital Dataset/Train/meningioma/Tr-me_0930.jpg",1,meningioma,1,meningioma,0.0058073313,0.9789228439,0.0071489834,0.0081208255
4561,"/kaggle/input/datasets/arafatrahmann/my-data221/Epic and CSCR hospital Dataset/Train/meningioma/Tr-me_0931.jpg",1,meningioma,1,meningioma,0.0063811382,0.9780946970,0.0072219474,0.0083022080
4567,"/kaggle/input/datasets/arafatrahmann/my-data221/Epic and CSCR hospital Dataset/Train/meningioma/Tr-me_0937.jpg",1,meningioma,1,meningioma,0.0061600441,0.9786168933,0.0073182709,0.0079046544
4576,"/kaggle/input/datasets/arafatrahmann/my-data221/Epic and CSCR hospital Dataset/Train/meningioma/Tr-me_0946.jpg",1,meningioma,1,meningioma,0.0067948475,0.9757452011,0.0076854201,0.0097744530
4597,"/kaggle/input/datasets/arafatrahmann/my-data221/Epic and CSCR hospital Dataset/Train/meningioma/Tr-me_0967.jpg",1,meningioma,1,meningioma,0.0062022032,0.9782930613,0.0073754177,0.0081293192
4608,"/kaggle/input/datasets/arafatrahmann/my-data221/Epic and CSCR hospital Dataset/Train/meningioma/Tr-me_0978.jpg",1,meningioma,1,meningioma,0.0059394436,0.9779253006,0.0073861801,0.0087490370
4609,"/kaggle/input/datasets/arafatrahmann/my-data221/Epic and CSCR hospital Dataset/Train/meningioma/Tr-me_0979.jpg",1,meningioma,1,meningioma,0.0066677192,0.9760926962,0.0071648271,0.0100747002
4615,"/kaggle/input/datasets/arafatrahmann/my-data221/Epic and CSCR hospital Dataset/Train/meningioma/Tr-me_0985.jpg",1,meningioma,1,meningioma,0.0067607276,0.9782349467,0.0074408771,0.0075633796
4617,"/kaggle/input/datasets/arafatrahmann/my-data221/Epic and CSCR hospital Dataset/Train/meningioma/Tr-me_0987.jpg",1,meningioma,1,meningioma,0.0064323754,0.9781549573,0.0071622455,0.0082503241
4619,"/kaggle/input/datasets/arafatrahmann/my-data221/Epic and CSCR hospital Dataset/Train/meningioma/Tr-me_0989.jpg",1,meningioma,1,meningioma,0.0068856417,0.9777330160,0.0075078188,0.0078734737
4626,"/kaggle/input/datasets/arafatrahmann/my-data221/Epic and CSCR hospital Dataset/Train/meningioma/Tr-me_0996.jpg",1,meningioma,1,meningioma,0.0061960416,0.9778810740,0.0074352152,0.0084875990
4629,"/kaggle/input/datasets/arafatrahmann/my-data221/Epic and CSCR hospital Dataset/Train/meningioma/Tr-me_0999.jpg",1,meningioma,1,meningioma,0.0058624595,0.9781197309,0.0072660008,0.0087517723
4630,"/kaggle/input/datasets/arafatrahmann/my-data221/Epic and CSCR hospital Dataset/Train/meningioma/Tr-me_1000.jpg",1,meningioma,1,meningioma,0.0058191302,0.9790393710,0.0072981184,0.0078432942
4631,"/kaggle/input/datasets/arafatrahmann/my-data221/Epic and CSCR hospital Dataset/Train/meningioma/Tr-me_1001.jpg",1,meningioma,1,meningioma,0.0061620860,0.9782108068,0.0075603770,0.0080667306
4632,"/kaggle/input/datasets/arafatrahmann/my-data221/Epic and CSCR hospital Dataset/Train/meningioma/Tr-me_1002.jpg",1,meningioma,1,meningioma,0.0072994502,0.9768539667,0.0074565099,0.0083901212
4633,"/kaggle/input/datasets/arafatrahmann/my-data221/Epic and CSCR hospital Dataset/Train/meningioma/Tr-me_1003.jpg",1,meningioma,1,meningioma,0.0059906067,0.9791584015,0.0072266483,0.0076243221
4638,"/kaggle/input/datasets/arafatrahmann/my-data221/Epic and CSCR hospital Dataset/Train/meningioma/Tr-me_1008.jpg",1,meningioma,1,meningioma,0.0060432530,0.9789775610,0.0073288181,0.0076503269
4646,"/kaggle/input/datasets/arafatrahmann/my-data221/Epic and CSCR hospital Dataset/Train/meningioma/Tr-me_1016.jpg",1,meningioma,1,meningioma,0.0078593297,0.9762366414,0.0074107139,0.0084933732
4654,"/kaggle/input/datasets/arafatrahmann/my-data221/Epic and CSCR hospital Dataset/Train/meningioma/Tr-me_1024.jpg",1,meningioma,1,meningioma,0.0066837026,0.9775546193,0.0075457930,0.0082158241
4655,"/kaggle/input/datasets/arafatrahmann/my-data221/Epic and CSCR hospital Dataset/Train/meningioma/Tr-me_1025.jpg",1,meningioma,3,pituitary,0.0055151060,0.0072831260,0.0074457242,0.9797561765
4665,"/kaggle/input/datasets/arafatrahmann/my-data221/Epic and CSCR hospital Dataset/Train/meningioma/Tr-me_1035.jpg",1,meningioma,1,meningioma,0.0055015525,0.9792405963,0.0069704391,0.0082873320
4674,"/kaggle/input/datasets/arafatrahmann/my-data221/Epic and CSCR hospital Dataset/Train/meningioma/Tr-me_1044.jpg",1,meningioma,1,meningioma,0.0056634387,0.9794636965,0.0069921003,0.0078808693
4678,"/kaggle/input/datasets/arafatrahmann/my-data221/Epic and CSCR hospital Dataset/Train/meningioma/Tr-me_1048.jpg",1,meningioma,1,meningioma,0.0066615753,0.9770869017,0.0076047755,0.0086466838
4680,"/kaggle/input/datasets/arafatrahmann/my-data221/Epic and CSCR hospital Dataset/Train/meningioma/Tr-me_1050.jpg",1,meningioma,1,meningioma,0.0504430309,0.9349371791,0.0075408756,0.0070787878
4684,"/kaggle/input/datasets/arafatrahmann/my-data221/Epic and CSCR hospital Dataset/Train/meningioma/Tr-me_1054.jpg",1,meningioma,1,meningioma,0.0060970103,0.9785642624,0.0074069565,0.0079317940
4686,"/kaggle/input/datasets/arafatrahmann/my-data221/Epic and CSCR hospital Dataset/Train/meningioma/Tr-me_1056.jpg",1,meningioma,1,meningioma,0.0082796570,0.9759829640,0.0076559791,0.0080813942
4687,"/kaggle/input/datasets/arafatrahmann/my-data221/Epic and CSCR hospital Dataset/Train/meningioma/Tr-me_1057.jpg",1,meningioma,1,meningioma,0.0058879163,0.9792277217,0.0074270517,0.0074573285
4688,"/kaggle/input/datasets/arafatrahmann/my-data221/Epic and CSCR hospital Dataset/Train/meningioma/Tr-me_1058.jpg",1,meningioma,1,meningioma,0.0060179280,0.9790056348,0.0074848444,0.0074916021
4690,"/kaggle/input/datasets/arafatrahmann/my-data221/Epic and CSCR hospital Dataset/Train/meningioma/Tr-me_1060.jpg",1,meningioma,1,meningioma,0.0062227151,0.9788681865,0.0074545979,0.0074545280
4691,"/kaggle/input/datasets/arafatrahmann/my-data221/Epic and CSCR hospital Dataset/Train/meningioma/Tr-me_1061.jpg",1,meningioma,1,meningioma,0.0059954170,0.9793525934,0.0072484156,0.0074035884
4692,"/kaggle/input/datasets/arafatrahmann/my-data221/Epic and CSCR hospital Dataset/Train/meningioma/Tr-me_1062.jpg",1,meningioma,1,meningioma,0.0078329761,0.9750037193,0.0074550845,0.0097081615
4694,"/kaggle/input/datasets/arafatrahmann/my-data221/Epic and CSCR hospital Dataset/Train/meningioma/Tr-me_1064.jpg",1,meningioma,1,meningioma,0.0060790046,0.9793297052,0.0073876493,0.0072036856
4699,"/kaggle/input/datasets/arafatrahmann/my-data221/Epic and CSCR hospital Dataset/Train/meningioma/Tr-me_1069.jpg",1,meningioma,1,meningioma,0.0060801054,0.9797523618,0.0073049911,0.0068624369
4700,"/kaggle/input/datasets/arafatrahmann/my-data221/Epic and CSCR hospital Dataset/Train/meningioma/Tr-me_1070.jpg",1,meningioma,1,meningioma,0.0099275699,0.9743791819,0.0072557130,0.0084375897
4707,"/kaggle/input/datasets/arafatrahmann/my-data221/Epic and CSCR hospital Dataset/Train/meningioma/Tr-me_1081.jpg",1,meningioma,1,meningioma,0.0064204773,0.9779697657,0.0074854679,0.0081244102
4715,"/kaggle/input/datasets/arafatrahmann/my-data221/Epic and CSCR hospital Dataset/Train/meningioma/Tr-me_1098.jpg",1,meningioma,1,meningioma,0.0062871887,0.9786251783,0.0073327334,0.0077549005
4722,"/kaggle/input/datasets/arafatrahmann/my-data221/Epic and CSCR hospital Dataset/Train/meningioma/Tr-me_1105.jpg",1,meningioma,1,meningioma,0.0099574914,0.9746046066,0.0077333571,0.0077045760
4726,"/kaggle/input/datasets/arafatrahmann/my-data221/Epic and CSCR hospital Dataset/Train/meningioma/Tr-me_1109.jpg",1,meningioma,1,meningioma,0.0064390139,0.9781112671,0.0075745201,0.0078751799
4732,"/kaggle/input/datasets/arafatrahmann/my-data221/Epic and CSCR hospital Dataset/Train/meningioma/Tr-me_1115.jpg",1,meningioma,1,meningioma,0.0067474684,0.9727889895,0.0082646878,0.0121988459
4733,"/kaggle/input/datasets/arafatrahmann/my-data221/Epic and CSCR hospital Dataset/Train/meningioma/Tr-me_1116.jpg",1,meningioma,1,meningioma,0.0061431369,0.9782932401,0.0075654248,0.0079981629
4734,"/kaggle/input/datasets/arafatrahmann/my-data221/Epic and CSCR hospital Dataset/Train/meningioma/Tr-me_1117.jpg",1,meningioma,1,meningioma,0.0056709922,0.9785881042,0.0076038567,0.0081370529
4735,"/kaggle/input/datasets/arafatrahmann/my-data221/Epic and CSCR hospital Dataset/Train/meningioma/Tr-me_1118.jpg",1,meningioma,1,meningioma,0.0059125805,0.9785375595,0.0075047701,0.0080451705
4738,"/kaggle/input/datasets/arafatrahmann/my-data221/Epic and CSCR hospital Dataset/Train/meningioma/Tr-me_1121.jpg",1,meningioma,1,meningioma,0.0081924144,0.9762721062,0.0075705708,0.0079649342
4739,"/kaggle/input/datasets/arafatrahmann/my-data221/Epic and CSCR hospital Dataset/Train/meningioma/Tr-me_1122.jpg",1,meningioma,1,meningioma,0.0099733993,0.9743124843,0.0077495882,0.0079645086
4745,"/kaggle/input/datasets/arafatrahmann/my-data221/Epic and CSCR hospital Dataset/Train/meningioma/Tr-me_1128.jpg",1,meningioma,1,meningioma,0.0066916421,0.9788271189,0.0073685432,0.0071127093
4750,"/kaggle/input/datasets/arafatrahmann/my-data221/Epic and CSCR hospital Dataset/Train/meningioma/Tr-me_1133.jpg",1,meningioma,1,meningioma,0.0064882347,0.9780052304,0.0076087466,0.0078977440
4753,"/kaggle/input/datasets/arafatrahmann/my-data221/Epic and CSCR hospital Dataset/Train/meningioma/Tr-me_1136.jpg",1,meningioma,1,meningioma,0.0066757267,0.9777819514,0.0075999340,0.0079424269
4756,"/kaggle/input/datasets/arafatrahmann/my-data221/Epic and CSCR hospital Dataset/Train/meningioma/Tr-me_1139.jpg",1,meningioma,1,meningioma,0.0062634936,0.9788179398,0.0073888241,0.0075297072
4762,"/kaggle/input/datasets/arafatrahmann/my-data221/Epic and CSCR hospital Dataset/Train/meningioma/Tr-me_1145.jpg",1,meningioma,1,meningioma,0.0065725772,0.9779570699,0.0074928938,0.0079774950
4765,"/kaggle/input/datasets/arafatrahmann/my-data221/Epic and CSCR hospital Dataset/Train/meningioma/Tr-me_1148.jpg",1,meningioma,1,meningioma,0.0061943671,0.9788807631,0.0074103223,0.0075144991
4770,"/kaggle/input/datasets/arafatrahmann/my-data221/Epic and CSCR hospital Dataset/Train/meningioma/Tr-me_1153.jpg",1,meningioma,3,pituitary,0.0060521271,0.0124149416,0.0080200005,0.9735129476
4774,"/kaggle/input/datasets/arafatrahmann/my-data221/Epic and CSCR hospital Dataset/Train/meningioma/Tr-me_1157.jpg",1,meningioma,1,meningioma,0.0060127359,0.9786904454,0.0075254617,0.0077713258
4779,"/kaggle/input/datasets/arafatrahmann/my-data221/Epic and CSCR hospital Dataset/Train/meningioma/Tr-me_1162.jpg",1,meningioma,1,meningioma,0.0064499550,0.9783058167,0.0071865632,0.0080576902
4783,"/kaggle/input/datasets/arafatrahmann/my-data221/Epic and CSCR hospital Dataset/Train/meningioma/Tr-me_1166.jpg",1,meningioma,1,meningioma,0.0066139782,0.9780895114,0.0075268089,0.0077697351
4802,"/kaggle/input/datasets/arafatrahmann/my-data221/Epic and CSCR hospital Dataset/Train/meningioma/Tr-me_1186.jpg",1,meningioma,1,meningioma,0.0058253803,0.9785739183,0.0075485213,0.0080521386
4805,"/kaggle/input/datasets/arafatrahmann/my-data221/Epic and CSCR hospital Dataset/Train/meningioma/Tr-me_1189.jpg",1,meningioma,1,meningioma,0.0062562316,0.9791092873,0.0074193431,0.0072151683
4809,"/kaggle/input/datasets/arafatrahmann/my-data221/Epic and CSCR hospital Dataset/Train/meningioma/Tr-me_1193.jpg",1,meningioma,1,meningioma,0.0065423278,0.9788586497,0.0072925156,0.0073064780
4816,"/kaggle/input/datasets/arafatrahmann/my-data221/Epic and CSCR hospital Dataset/Train/meningioma/Tr-me_1200.jpg",1,meningioma,1,meningioma,0.0058612698,0.9795314074,0.0073123137,0.0072950060
4819,"/kaggle/input/datasets/arafatrahmann/my-data221/Epic and CSCR hospital Dataset/Train/meningioma/Tr-me_1203.jpg",1,meningioma,1,meningioma,0.0066172183,0.9782355428,0.0077250390,0.0074222563
4821,"/kaggle/input/datasets/arafatrahmann/my-data221/Epic and CSCR hospital Dataset/Train/meningioma/Tr-me_1205.jpg",1,meningioma,1,meningioma,0.0070269667,0.9775492549,0.0076936432,0.0077301576
4827,"/kaggle/input/datasets/arafatrahmann/my-data221/Epic and CSCR hospital Dataset/Train/meningioma/Tr-me_1211.jpg",1,meningioma,1,meningioma,0.0073777549,0.9777183533,0.0074910396,0.0074129133
4831,"/kaggle/input/datasets/arafatrahmann/my-data221/Epic and CSCR hospital Dataset/Train/meningioma/Tr-me_1215.jpg",1,meningioma,1,meningioma,0.0068092840,0.9780276418,0.0073952549,0.0077678622
4834,"/kaggle/input/datasets/arafatrahmann/my-data221/Epic and CSCR hospital Dataset/Train/meningioma/Tr-me_1218.jpg",1,meningioma,1,meningioma,0.0058924691,0.9789295197,0.0073963716,0.0077817230
4835,"/kaggle/input/datasets/arafatrahmann/my-data221/Epic and CSCR hospital Dataset/Train/meningioma/Tr-me_1219.jpg",1,meningioma,1,meningioma,0.0060643125,0.9783535004,0.0075432123,0.0080389222
4840,"/kaggle/input/datasets/arafatrahmann/my-data221/Epic and CSCR hospital Dataset/Train/meningioma/Tr-me_1225.jpg",1,meningioma,1,meningioma,0.0071106241,0.9783695340,0.0072603272,0.0072595268
4864,"/kaggle/input/datasets/arafatrahmann/my-data221/Epic and CSCR hospital Dataset/Train/meningioma/Tr-me_1255.jpg",1,meningioma,1,meningioma,0.0081699556,0.9758116007,0.0073995078,0.0086189248
4868,"/kaggle/input/datasets/arafatrahmann/my-data221/Epic and CSCR hospital Dataset/Train/meningioma/Tr-me_1259.jpg",1,meningioma,1,meningioma,0.0059108054,0.9777135849,0.0070837168,0.0092918919
4870,"/kaggle/input/datasets/arafatrahmann/my-data221/Epic and CSCR hospital Dataset/Train/meningioma/Tr-me_1261.jpg",1,meningioma,1,meningioma,0.0068100295,0.9771881104,0.0072409175,0.0087610418
4873,"/kaggle/input/datasets/arafatrahmann/my-data221/Epic and CSCR hospital Dataset/Train/meningioma/Tr-me_1286.jpg",1,meningioma,1,meningioma,0.0055600903,0.9793723226,0.0069645448,0.0081031183
4875,"/kaggle/input/datasets/arafatrahmann/my-data221/Epic and CSCR hospital Dataset/Train/meningioma/Tr-me_1288.jpg",1,meningioma,1,meningioma,0.0055951839,0.9792786837,0.0069475644,0.0081786215
4882,"/kaggle/input/datasets/arafatrahmann/my-data221/Epic and CSCR hospital Dataset/Train/meningioma/Tr-me_1295.jpg",1,meningioma,1,meningioma,0.0057119345,0.9792424440,0.0070224358,0.0080232015
4883,"/kaggle/input/datasets/arafatrahmann/my-data221/Epic and CSCR hospital Dataset/Train/meningioma/Tr-me_1296.jpg",1,meningioma,1,meningioma,0.0055937050,0.9791666269,0.0069109825,0.0083287423
4888,"/kaggle/input/datasets/arafatrahmann/my-data221/Epic and CSCR hospital Dataset/Train/meningioma/Tr-me_1301.jpg",1,meningioma,1,meningioma,0.0063117803,0.9782593846,0.0072593256,0.0081695262
4890,"/kaggle/input/datasets/arafatrahmann/my-data221/Epic and CSCR hospital Dataset/Train/meningioma/Tr-me_1336.jpg",1,meningioma,3,pituitary,0.0072994432,0.0154545326,0.0069435299,0.9703024626
4893,"/kaggle/input/datasets/arafatrahmann/my-data221/Epic and CSCR hospital Dataset/Train/meningioma/m1(43).jpg",1,meningioma,0,glioma,0.7146506310,0.2706749439,0.0068936110,0.0077808155
4894,"/kaggle/input/datasets/arafatrahmann/my-data221/Epic and CSCR hospital Dataset/Train/meningioma/m1(44).jpg",1,meningioma,1,meningioma,0.0069085187,0.9772804976,0.0072168508,0.0085940948
4895,"/kaggle/input/datasets/arafatrahmann/my-data221/Epic and CSCR hospital Dataset/Train/meningioma/m1(45).jpg",1,meningioma,1,meningioma,0.0074049407,0.9776975513,0.0073127351,0.0075847344
4905,"/kaggle/input/datasets/arafatrahmann/my-data221/Epic and CSCR hospital Dataset/Train/meningioma/m1(75).jpg",1,meningioma,1,meningioma,0.0057350281,0.9784346819,0.0071892552,0.0086410474
4913,"/kaggle/input/datasets/arafatrahmann/my-data221/Epic and CSCR hospital Dataset/Train/meningioma/m1(82).jpg",1,meningioma,1,meningioma,0.0059447084,0.9786044359,0.0071415617,0.0083093066
4916,"/kaggle/input/datasets/arafatrahmann/my-data221/Epic and CSCR hospital Dataset/Train/meningioma/m1(85).jpg",1,meningioma,1,meningioma,0.0059660855,0.9790132642,0.0070802299,0.0079404926
4923,"/kaggle/input/datasets/arafatrahmann/my-data221/Epic and CSCR hospital Dataset/Train/meningioma/m1(91).jpg",1,meningioma,1,meningioma,0.0079161860,0.9772464633,0.0076571293,0.0071802177
4928,"/kaggle/input/datasets/arafatrahmann/my-data221/Epic and CSCR hospital Dataset/Train/meningioma/m1(96).jpg",1,meningioma,1,meningioma,0.0066726333,0.9787237048,0.0077026249,0.0069008931
4930,"/kaggle/input/datasets/arafatrahmann/my-data221/Epic and CSCR hospital Dataset/Train/meningioma/m1(98).jpg",1,meningioma,1,meningioma,0.0065555274,0.9782608151,0.0078653730,0.0073182797
4933,"/kaggle/input/datasets/arafatrahmann/my-data221/Epic and CSCR hospital Dataset/Train/meningioma/m2 (10).jpg",1,meningioma,1,meningioma,0.0059706224,0.9783970118,0.0071435720,0.0084888637
4935,"/kaggle/input/datasets/arafatrahmann/my-data221/Epic and CSCR hospital Dataset/Train/meningioma/m2 (101).jpg",1,meningioma,1,meningioma,0.0065826662,0.9769273996,0.0078642014,0.0086257458
4947,"/kaggle/input/datasets/arafatrahmann/my-data221/Epic and CSCR hospital Dataset/Train/meningioma/m2 (112).jpg",1,meningioma,1,meningioma,0.0060656304,0.9786884189,0.0073553873,0.0078905141
4953,"/kaggle/input/datasets/arafatrahmann/my-data221/Epic and CSCR hospital Dataset/Train/meningioma/m2 (118).jpg",1,meningioma,1,meningioma,0.0061153732,0.9781533480,0.0071946187,0.0085368101
4954,"/kaggle/input/datasets/arafatrahmann/my-data221/Epic and CSCR hospital Dataset/Train/meningioma/m2 (119).jpg",1,meningioma,1,meningioma,0.0057585323,0.9788519740,0.0070674578,0.0083220685
4958,"/kaggle/input/datasets/arafatrahmann/my-data221/Epic and CSCR hospital Dataset/Train/meningioma/m2 (122).jpg",1,meningioma,1,meningioma,0.0068072542,0.9775651693,0.0074062506,0.0082212845
4959,"/kaggle/input/datasets/arafatrahmann/my-data221/Epic and CSCR hospital Dataset/Train/meningioma/m2 (123).jpg",1,meningioma,1,meningioma,0.0068801777,0.9771414995,0.0074758134,0.0085024890
4969,"/kaggle/input/datasets/arafatrahmann/my-data221/Epic and CSCR hospital Dataset/Train/meningioma/m2 (132).jpg",1,meningioma,1,meningioma,0.0063968324,0.9781709909,0.0072135888,0.0082186228
4970,"/kaggle/input/datasets/arafatrahmann/my-data221/Epic and CSCR hospital Dataset/Train/meningioma/m2 (133).jpg",1,meningioma,1,meningioma,0.0067264601,0.9779071808,0.0073352992,0.0080311168
4981,"/kaggle/input/datasets/arafatrahmann/my-data221/Epic and CSCR hospital Dataset/Train/meningioma/m2 (143).jpg",1,meningioma,1,meningioma,0.0059009707,0.9785512090,0.0071686320,0.0083791027
4992,"/kaggle/input/datasets/arafatrahmann/my-data221/Epic and CSCR hospital Dataset/Train/meningioma/m2 (153).jpg",1,meningioma,1,meningioma,0.0058168075,0.9790467024,0.0072679622,0.0078685861
4993,"/kaggle/input/datasets/arafatrahmann/my-data221/Epic and CSCR hospital Dataset/Train/meningioma/m2 (154).jpg",1,meningioma,1,meningioma,0.0058486280,0.9790358543,0.0071642534,0.0079512559
4998,"/kaggle/input/datasets/arafatrahmann/my-data221/Epic and CSCR hospital Dataset/Train/meningioma/m2 (159).jpg",1,meningioma,1,meningioma,0.0069295140,0.9776480794,0.0073289024,0.0080935415
5000,"/kaggle/input/datasets/arafatrahmann/my-data221/Epic and CSCR hospital Dataset/Train/meningioma/m2 (160).jpg",1,meningioma,1,meningioma,0.0066742850,0.9777062535,0.0074747214,0.0081448015
5003,"/kaggle/input/datasets/arafatrahmann/my-data221/Epic and CSCR hospital Dataset/Train/meningioma/m2 (163).jpg",1,meningioma,1,meningioma,0.0065728771,0.9778741598,0.0076137893,0.0079390248
5004,"/kaggle/input/datasets/arafatrahmann/my-data221/Epic and CSCR hospital Dataset/Train/meningioma/m2 (164).jpg",1,meningioma,1,meningioma,0.0064488873,0.9780021906,0.0074379714,0.0081110355
5012,"/kaggle/input/datasets/arafatrahmann/my-data221/Epic and CSCR hospital Dataset/Train/meningioma/m2 (171).jpg",1,meningioma,1,meningioma,0.0076135891,0.9765865207,0.0077181952,0.0080816019
5017,"/kaggle/input/datasets/arafatrahmann/my-data221/Epic and CSCR hospital Dataset/Train/meningioma/m2 (176).jpg",1,meningioma,1,meningioma,0.0060265586,0.9780419469,0.0073821358,0.0085493559
5018,"/kaggle/input/datasets/arafatrahmann/my-data221/Epic and CSCR hospital Dataset/Train/meningioma/m2 (177).jpg",1,meningioma,1,meningioma,0.0064844787,0.9772467613,0.0073745586,0.0088942144
5029,"/kaggle/input/datasets/arafatrahmann/my-data221/Epic and CSCR hospital Dataset/Train/meningioma/m2 (27).jpg",1,meningioma,1,meningioma,0.0062016016,0.9782314301,0.0074305683,0.0081363600
5034,"/kaggle/input/datasets/arafatrahmann/my-data221/Epic and CSCR hospital Dataset/Train/meningioma/m2 (31).jpg",1,meningioma,1,meningioma,0.0067210868,0.9781586528,0.0073729279,0.0077472841
5036,"/kaggle/input/datasets/arafatrahmann/my-data221/Epic and CSCR hospital Dataset/Train/meningioma/m2 (33).jpg",1,meningioma,1,meningioma,0.0068126423,0.9778695107,0.0075535290,0.0077642524
5042,"/kaggle/input/datasets/arafatrahmann/my-data221/Epic and CSCR hospital Dataset/Train/meningioma/m2 (39).jpg",1,meningioma,1,meningioma,0.0059399642,0.9780889750,0.0071890736,0.0087819537
5047,"/kaggle/input/datasets/arafatrahmann/my-data221/Epic and CSCR hospital Dataset/Train/meningioma/m2 (43).jpg",1,meningioma,1,meningioma,0.0062670172,0.9772518873,0.0073432154,0.0091377795
5048,"/kaggle/input/datasets/arafatrahmann/my-data221/Epic and CSCR hospital Dataset/Train/meningioma/m2 (44).jpg",1,meningioma,1,meningioma,0.0072119059,0.9759708643,0.0074616494,0.0093556754
5057,"/kaggle/input/datasets/arafatrahmann/my-data221/Epic and CSCR hospital Dataset/Train/meningioma/m2 (52).jpg",1,meningioma,1,meningioma,0.0070313886,0.9767047763,0.0077351304,0.0085287252
5061,"/kaggle/input/datasets/arafatrahmann/my-data221/Epic and CSCR hospital Dataset/Train/meningioma/m2 (56).jpg",1,meningioma,1,meningioma,0.0066619152,0.9785111547,0.0075513795,0.0072754794
5064,"/kaggle/input/datasets/arafatrahmann/my-data221/Epic and CSCR hospital Dataset/Train/meningioma/m2 (59).jpg",1,meningioma,1,meningioma,0.0058416026,0.9792793393,0.0074427882,0.0074361861
5067,"/kaggle/input/datasets/arafatrahmann/my-data221/Epic and CSCR hospital Dataset/Train/meningioma/m2 (61).jpg",1,meningioma,1,meningioma,0.0062473090,0.9782349467,0.0075720176,0.0079456717
5070,"/kaggle/input/datasets/arafatrahmann/my-data221/Epic and CSCR hospital Dataset/Train/meningioma/m2 (64).jpg",1,meningioma,1,meningioma,0.0065903761,0.9779690504,0.0074824416,0.0079580992
5095,"/kaggle/input/datasets/arafatrahmann/my-data221/Epic and CSCR hospital Dataset/Train/meningioma/m2 (87).jpg",1,meningioma,1,meningioma,0.0063927830,0.9778454900,0.0075750113,0.0081867352
5097,"/kaggle/input/datasets/arafatrahmann/my-data221/Epic and CSCR hospital Dataset/Train/meningioma/m2 (89).jpg",1,meningioma,1,meningioma,0.0068989508,0.9768471718,0.0075216158,0.0087322788
5110,"/kaggle/input/datasets/arafatrahmann/my-data221/Epic and CSCR hospital Dataset/Train/meningioma/m3 (10).jpg",1,meningioma,1,meningioma,0.0067977295,0.9772491455,0.0075892136,0.0083638318
5124,"/kaggle/input/datasets/arafatrahmann/my-data221/Epic and CSCR hospital Dataset/Train/meningioma/m3 (112).jpg",1,meningioma,1,meningioma,0.0062956079,0.9787052274,0.0075969445,0.0074022510
5126,"/kaggle/input/datasets/arafatrahmann/my-data221/Epic and CSCR hospital Dataset/Train/meningioma/m3 (114).jpg",1,meningioma,1,meningioma,0.0064166547,0.9783899188,0.0075488114,0.0076446868
5127,"/kaggle/input/datasets/arafatrahmann/my-data221/Epic and CSCR hospital Dataset/Train/meningioma/m3 (115).jpg",1,meningioma,1,meningioma,0.0072870404,0.9765299559,0.0075584240,0.0086246170
5129,"/kaggle/input/datasets/arafatrahmann/my-data221/Epic and CSCR hospital Dataset/Train/meningioma/m3 (117).jpg",1,meningioma,1,meningioma,0.0061019389,0.9784151912,0.0075703813,0.0079124272
5132,"/kaggle/input/datasets/arafatrahmann/my-data221/Epic and CSCR hospital Dataset/Train/meningioma/m3 (12).jpg",1,meningioma,1,meningioma,0.0061210580,0.9780715108,0.0075225001,0.0082849311
5135,"/kaggle/input/datasets/arafatrahmann/my-data221/Epic and CSCR hospital Dataset/Train/meningioma/m3 (122).jpg",1,meningioma,1,meningioma,0.0064276694,0.9788128734,0.0074751973,0.0072842552
5137,"/kaggle/input/datasets/arafatrahmann/my-data221/Epic and CSCR hospital Dataset/Train/meningioma/m3 (124).jpg",1,meningioma,1,meningioma,0.0071394467,0.9777666330,0.0073641138,0.0077298381
5146,"/kaggle/input/datasets/arafatrahmann/my-data221/Epic and CSCR hospital Dataset/Train/meningioma/m3 (132).jpg",1,meningioma,0,glioma,0.6997824907,0.2846456468,0.0080190627,0.0075528324
5152,"/kaggle/input/datasets/arafatrahmann/my-data221/Epic and CSCR hospital Dataset/Train/meningioma/m3 (138).jpg",1,meningioma,1,meningioma,0.0070607588,0.9776417613,0.0075320639,0.0077653816
5154,"/kaggle/input/datasets/arafatrahmann/my-data221/Epic and CSCR hospital Dataset/Train/meningioma/m3 (14).jpg",1,meningioma,1,meningioma,0.0075934478,0.9768206477,0.0074838661,0.0081019420
5163,"/kaggle/input/datasets/arafatrahmann/my-data221/Epic and CSCR hospital Dataset/Train/meningioma/m3 (149).jpg",1,meningioma,1,meningioma,0.0060306014,0.9788764119,0.0075093894,0.0075836652
5167,"/kaggle/input/datasets/arafatrahmann/my-data221/Epic and CSCR hospital Dataset/Train/meningioma/m3 (152).jpg",1,meningioma,1,meningioma,0.0059994431,0.9786450267,0.0076295412,0.0077260197
5168,"/kaggle/input/datasets/arafatrahmann/my-data221/Epic and CSCR hospital Dataset/Train/meningioma/m3 (153).jpg",1,meningioma,1,meningioma,0.0068601230,0.9777477980,0.0073675723,0.0080244821
5173,"/kaggle/input/datasets/arafatrahmann/my-data221/Epic and CSCR hospital Dataset/Train/meningioma/m3 (158).jpg",1,meningioma,1,meningioma,0.0059250803,0.9791681170,0.0074766139,0.0074301302
5174,"/kaggle/input/datasets/arafatrahmann/my-data221/Epic and CSCR hospital Dataset/Train/meningioma/m3 (159).jpg",1,meningioma,1,meningioma,0.0059982319,0.9789971113,0.0074607469,0.0075438269
5175,"/kaggle/input/datasets/arafatrahmann/my-data221/Epic and CSCR hospital Dataset/Train/meningioma/m3 (16).jpg",1,meningioma,1,meningioma,0.0066619972,0.9778714180,0.0076256096,0.0078409836
5180,"/kaggle/input/datasets/arafatrahmann/my-data221/Epic and CSCR hospital Dataset/Train/meningioma/m3 (167).jpg",1,meningioma,1,meningioma,0.0061323987,0.9791814685,0.0074011446,0.0072849542
5181,"/kaggle/input/datasets/arafatrahmann/my-data221/Epic and CSCR hospital Dataset/Train/meningioma/m3 (168).jpg",1,meningioma,1,meningioma,0.0221206248,0.9636933208,0.0075637228,0.0066223992
5183,"/kaggle/input/datasets/arafatrahmann/my-data221/Epic and CSCR hospital Dataset/Train/meningioma/m3 (170).jpg",1,meningioma,1,meningioma,0.0060497369,0.9798258543,0.0073201270,0.0068042995
5184,"/kaggle/input/datasets/arafatrahmann/my-data221/Epic and CSCR hospital Dataset/Train/meningioma/m3 (171).jpg",1,meningioma,1,meningioma,0.0060871169,0.9797423482,0.0073037287,0.0068668225
5194,"/kaggle/input/datasets/arafatrahmann/my-data221/Epic and CSCR hospital Dataset/Train/meningioma/m3 (181).jpg",1,meningioma,1,meningioma,0.0065668784,0.9784722328,0.0073970160,0.0075638271
5196,"/kaggle/input/datasets/arafatrahmann/my-data221/Epic and CSCR hospital Dataset/Train/meningioma/m3 (183).jpg",1,meningioma,1,meningioma,0.0066282228,0.9777653813,0.0074271141,0.0081792967
5201,"/kaggle/input/datasets/arafatrahmann/my-data221/Epic and CSCR hospital Dataset/Train/notumor/1 no.jpeg",2,notumor,2,notumor,0.0052239699,0.0071991393,0.9809781909,0.0065987259
5214,"/kaggle/input/datasets/arafatrahmann/my-data221/Epic and CSCR hospital Dataset/Train/notumor/1593.jpg",2,notumor,2,notumor,0.0051564584,0.0079637375,0.9803559184,0.0065238103
5216,"/kaggle/input/datasets/arafatrahmann/my-data221/Epic and CSCR hospital Dataset/Train/notumor/1595.jpg",2,notumor,2,notumor,0.0056735850,0.0067558191,0.9813159704,0.0062545566
5221,"/kaggle/input/datasets/arafatrahmann/my-data221/Epic and CSCR hospital Dataset/Train/notumor/1600.jpg",2,notumor,2,notumor,0.0051470529,0.0073700720,0.9808164835,0.0066664242
5226,"/kaggle/input/datasets/arafatrahmann/my-data221/Epic and CSCR hospital Dataset/Train/notumor/1605.jpg",2,notumor,2,notumor,0.0051075574,0.0073859291,0.9805978537,0.0069086715
5229,"/kaggle/input/datasets/arafatrahmann/my-data221/Epic and CSCR hospital Dataset/Train/notumor/1608.jpg",2,notumor,2,notumor,0.0050500846,0.0077928840,0.9804123044,0.0067446725
5232,"/kaggle/input/datasets/arafatrahmann/my-data221/Epic and CSCR hospital Dataset/Train/notumor/1611.jpg",2,notumor,2,notumor,0.0051770047,0.0068978220,0.9805780649,0.0073470585
5247,"/kaggle/input/datasets/arafatrahmann/my-data221/Epic and CSCR hospital Dataset/Train/notumor/1626.jpg",2,notumor,2,notumor,0.0050447579,0.0078127775,0.9804924726,0.0066499398
5248,"/kaggle/input/datasets/arafatrahmann/my-data221/Epic and CSCR hospital Dataset/Train/notumor/1627.jpg",2,notumor,2,notumor,0.0053199381,0.0070618307,0.9810401201,0.0065782159
5253,"/kaggle/input/datasets/arafatrahmann/my-data221/Epic and CSCR hospital Dataset/Train/notumor/1632.jpg",2,notumor,2,notumor,0.0051904791,0.0077005913,0.9806176424,0.0064912811
5256,"/kaggle/input/datasets/arafatrahmann/my-data221/Epic and CSCR hospital Dataset/Train/notumor/1635.jpg",2,notumor,2,notumor,0.0051914845,0.0076191127,0.9808950424,0.0062942700
5259,"/kaggle/input/datasets/arafatrahmann/my-data221/Epic and CSCR hospital Dataset/Train/notumor/1638.jpg",2,notumor,2,notumor,0.0049265893,0.0075312639,0.9804248810,0.0071172854
5269,"/kaggle/input/datasets/arafatrahmann/my-data221/Epic and CSCR hospital Dataset/Train/notumor/1648.jpg",2,notumor,2,notumor,0.0049094860,0.0077573545,0.9804633856,0.0068697399
5270,"/kaggle/input/datasets/arafatrahmann/my-data221/Epic and CSCR hospital Dataset/Train/notumor/1649.jpg",2,notumor,2,notumor,0.0048069092,0.0078819664,0.9804032445,0.0069078482
5272,"/kaggle/input/datasets/arafatrahmann/my-data221/Epic and CSCR hospital Dataset/Train/notumor/1651.jpg",2,notumor,2,notumor,0.0049031368,0.0072003542,0.9805831909,0.0073133493
5278,"/kaggle/input/datasets/arafatrahmann/my-data221/Epic and CSCR hospital Dataset/Train/notumor/1657.jpg",2,notumor,2,notumor,0.0049876124,0.0079936814,0.9802950621,0.0067236796
5282,"/kaggle/input/datasets/arafatrahmann/my-data221/Epic and CSCR hospital Dataset/Train/notumor/1661.jpg",2,notumor,2,notumor,0.0050687087,0.0079177292,0.9802939296,0.0067196838
5283,"/kaggle/input/datasets/arafatrahmann/my-data221/Epic and CSCR hospital Dataset/Train/notumor/1662.jpg",2,notumor,2,notumor,0.0049771210,0.0070880810,0.9808756709,0.0070590801
5292,"/kaggle/input/datasets/arafatrahmann/my-data221/Epic and CSCR hospital Dataset/Train/notumor/1671.jpg",2,notumor,2,notumor,0.0050460910,0.0076912292,0.9804788828,0.0067837858
5295,"/kaggle/input/datasets/arafatrahmann/my-data221/Epic and CSCR hospital Dataset/Train/notumor/1674.jpg",2,notumor,2,notumor,0.0052124509,0.0070639774,0.9808278084,0.0068958639
5297,"/kaggle/input/datasets/arafatrahmann/my-data221/Epic and CSCR hospital Dataset/Train/notumor/1676.jpg",2,notumor,2,notumor,0.0051137707,0.0070502954,0.9809249640,0.0069109574
5299,"/kaggle/input/datasets/arafatrahmann/my-data221/Epic and CSCR hospital Dataset/Train/notumor/1678.jpg",2,notumor,2,notumor,0.0053336611,0.0071772062,0.9809939265,0.0064951652
5302,"/kaggle/input/datasets/arafatrahmann/my-data221/Epic and CSCR hospital Dataset/Train/notumor/1681.jpg",2,notumor,2,notumor,0.0052122995,0.0071936930,0.9808694124,0.0067245574
5303,"/kaggle/input/datasets/arafatrahmann/my-data221/Epic and CSCR hospital Dataset/Train/notumor/1682.jpg",2,notumor,2,notumor,0.0052504507,0.0072914562,0.9810189009,0.0064391745
5308,"/kaggle/input/datasets/arafatrahmann/my-data221/Epic and CSCR hospital Dataset/Train/notumor/1687.jpg",2,notumor,2,notumor,0.0048542283,0.0075820880,0.9803332090,0.0072303922
5310,"/kaggle/input/datasets/arafatrahmann/my-data221/Epic and CSCR hospital Dataset/Train/notumor/1689.jpg",2,notumor,2,notumor,0.0048069758,0.0079849679,0.9803559184,0.0068520820
5311,"/kaggle/input/datasets/arafatrahmann/my-data221/Epic and CSCR hospital Dataset/Train/notumor/1690.jpg",2,notumor,2,notumor,0.0048343386,0.0081048543,0.9802412987,0.0068195462
5316,"/kaggle/input/datasets/arafatrahmann/my-data221/Epic and CSCR hospital Dataset/Train/notumor/1695.jpg",2,notumor,2,notumor,0.0050965026,0.0070629017,0.9807635546,0.0070771039
5317,"/kaggle/input/datasets/arafatrahmann/my-data221/Epic and CSCR hospital Dataset/Train/notumor/1696.jpg",2,notumor,2,notumor,0.0051038126,0.0072415420,0.9807553291,0.0068992949
5321,"/kaggle/input/datasets/arafatrahmann/my-data221/Epic and CSCR hospital Dataset/Train/notumor/17 no.jpg",2,notumor,2,notumor,0.0051212767,0.0072123907,0.9807602167,0.0069060759
5327,"/kaggle/input/datasets/arafatrahmann/my-data221/Epic and CSCR hospital Dataset/Train/notumor/1705.jpg",2,notumor,2,notumor,0.0050118687,0.0078383032,0.9805590510,0.0065907342
5329,"/kaggle/input/datasets/arafatrahmann/my-data221/Epic and CSCR hospital Dataset/Train/notumor/1707.jpg",2,notumor,2,notumor,0.0052251853,0.0068528606,0.9808735847,0.0070484197
5331,"/kaggle/input/datasets/arafatrahmann/my-data221/Epic and CSCR hospital Dataset/Train/notumor/1709.jpg",2,notumor,2,notumor,0.0051647783,0.0077907569,0.9806839228,0.0063605248
5333,"/kaggle/input/datasets/arafatrahmann/my-data221/Epic and CSCR hospital Dataset/Train/notumor/1711.jpg",2,notumor,2,notumor,0.0051414953,0.0079470584,0.9803965688,0.0065148510
5334,"/kaggle/input/datasets/arafatrahmann/my-data221/Epic and CSCR hospital Dataset/Train/notumor/1712.jpg",2,notumor,2,notumor,0.0054606437,0.0075532608,0.9807369113,0.0062491661
5335,"/kaggle/input/datasets/arafatrahmann/my-data221/Epic and CSCR hospital Dataset/Train/notumor/1713.jpg",2,notumor,2,notumor,0.0049718590,0.0078883525,0.9804902077,0.0066495338
5337,"/kaggle/input/datasets/arafatrahmann/my-data221/Epic and CSCR hospital Dataset/Train/notumor/1715.jpg",2,notumor,2,notumor,0.0051070759,0.0073833726,0.9806847572,0.0068248352
5342,"/kaggle/input/datasets/arafatrahmann/my-data221/Epic and CSCR hospital Dataset/Train/notumor/1720.jpg",2,notumor,2,notumor,0.0049963230,0.0073751323,0.9807697535,0.0068587726
5344,"/kaggle/input/datasets/arafatrahmann/my-data221/Epic and CSCR hospital Dataset/Train/notumor/1722.jpg",2,notumor,2,notumor,0.0048748120,0.0079527982,0.9803458452,0.0068266308
5345,"/kaggle/input/datasets/arafatrahmann/my-data221/Epic and CSCR hospital Dataset/Train/notumor/1723.jpg",2,notumor,2,notumor,0.0050327103,0.0080789989,0.9802170992,0.0066711707
5348,"/kaggle/input/datasets/arafatrahmann/my-data221/Epic and CSCR hospital Dataset/Train/notumor/1726.jpg",2,notumor,2,notumor,0.0049714986,0.0082312506,0.9803968668,0.0064003938
5355,"/kaggle/input/datasets/arafatrahmann/my-data221/Epic and CSCR hospital Dataset/Train/notumor/1733.jpg",2,notumor,2,notumor,0.0051408415,0.0075208494,0.9802582860,0.0070800213
5368,"/kaggle/input/datasets/arafatrahmann/my-data221/Epic and CSCR hospital Dataset/Train/notumor/1746.jpg",2,notumor,2,notumor,0.0048659397,0.0075223208,0.9803794026,0.0072322623
5372,"/kaggle/input/datasets/arafatrahmann/my-data221/Epic and CSCR hospital Dataset/Train/notumor/1750.jpg",2,notumor,2,notumor,0.0052911239,0.0072648763,0.9807798266,0.0066640875
5373,"/kaggle/input/datasets/arafatrahmann/my-data221/Epic and CSCR hospital Dataset/Train/notumor/1751.jpg",2,notumor,2,notumor,0.0055538272,0.0070170583,0.9811453819,0.0062836958
5377,"/kaggle/input/datasets/arafatrahmann/my-data221/Epic and CSCR hospital Dataset/Train/notumor/1755.jpg",2,notumor,2,notumor,0.0051090480,0.0077911033,0.9802900553,0.0068098358
5384,"/kaggle/input/datasets/arafatrahmann/my-data221/Epic and CSCR hospital Dataset/Train/notumor/1762.jpg",2,notumor,2,notumor,0.0051129377,0.0076717669,0.9804056287,0.0068096938
5398,"/kaggle/input/datasets/arafatrahmann/my-data221/Epic and CSCR hospital Dataset/Train/notumor/1776.jpg",2,notumor,2,notumor,0.0051003052,0.0073933960,0.9807431102,0.0067632208
5400,"/kaggle/input/datasets/arafatrahmann/my-data221/Epic and CSCR hospital Dataset/Train/notumor/1778.jpg",2,notumor,2,notumor,0.0051168245,0.0081005786,0.9800544977,0.0067280522
5412,"/kaggle/input/datasets/arafatrahmann/my-data221/Epic and CSCR hospital Dataset/Train/notumor/1790.jpg",2,notumor,2,notumor,0.0048953514,0.0077033690,0.9803878069,0.0070135579
5416,"/kaggle/input/datasets/arafatrahmann/my-data221/Epic and CSCR hospital Dataset/Train/notumor/1794.jpg",2,notumor,2,notumor,0.0053516896,0.0075641163,0.9808400273,0.0062441109
5419,"/kaggle/input/datasets/arafatrahmann/my-data221/Epic and CSCR hospital Dataset/Train/notumor/1797.jpg",2,notumor,2,notumor,0.0053421883,0.0074201152,0.9806404114,0.0065972670
5428,"/kaggle/input/datasets/arafatrahmann/my-data221/Epic and CSCR hospital Dataset/Train/notumor/1805.jpg",2,notumor,2,notumor,0.0050311983,0.0077166767,0.9804576635,0.0067945076
5443,"/kaggle/input/datasets/arafatrahmann/my-data221/Epic and CSCR hospital Dataset/Train/notumor/1820.jpg",2,notumor,2,notumor,0.0051045502,0.0079601239,0.9804344177,0.0065008453
5444,"/kaggle/input/datasets/arafatrahmann/my-data221/Epic and CSCR hospital Dataset/Train/notumor/1821.jpg",2,notumor,2,notumor,0.0058340370,0.0070102513,0.9804204702,0.0067352215
5451,"/kaggle/input/datasets/arafatrahmann/my-data221/Epic and CSCR hospital Dataset/Train/notumor/1828.jpg",2,notumor,2,notumor,0.0049941922,0.0071967393,0.9806050062,0.0072040884
5453,"/kaggle/input/datasets/arafatrahmann/my-data221/Epic and CSCR hospital Dataset/Train/notumor/1830.jpg",2,notumor,2,notumor,0.0051001115,0.0080668908,0.9800888896,0.0067441007
5454,"/kaggle/input/datasets/arafatrahmann/my-data221/Epic and CSCR hospital Dataset/Train/notumor/1831.jpg",2,notumor,2,notumor,0.0048917802,0.0076368628,0.9803185463,0.0071528554
5455,"/kaggle/input/datasets/arafatrahmann/my-data221/Epic and CSCR hospital Dataset/Train/notumor/1832.jpg",2,notumor,2,notumor,0.0050055161,0.0080488864,0.9802404642,0.0067051933
5460,"/kaggle/input/datasets/arafatrahmann/my-data221/Epic and CSCR hospital Dataset/Train/notumor/1837.jpg",2,notumor,2,notumor,0.0051955394,0.0073043606,0.9810615778,0.0064385436
5461,"/kaggle/input/datasets/arafatrahmann/my-data221/Epic and CSCR hospital Dataset/Train/notumor/1838.jpg",2,notumor,2,notumor,0.0050786375,0.0072779893,0.9808850288,0.0067583797
5475,"/kaggle/input/datasets/arafatrahmann/my-data221/Epic and CSCR hospital Dataset/Train/notumor/1852.jpg",2,notumor,2,notumor,0.0054157241,0.0074438192,0.9807547331,0.0063855662
5481,"/kaggle/input/datasets/arafatrahmann/my-data221/Epic and CSCR hospital Dataset/Train/notumor/1858.jpg",2,notumor,2,notumor,0.0051240493,0.0075574680,0.9806233644,0.0066951686
5486,"/kaggle/input/datasets/arafatrahmann/my-data221/Epic and CSCR hospital Dataset/Train/notumor/1863.jpg",2,notumor,2,notumor,0.0054146373,0.0068729138,0.9809048772,0.0068075582
5490,"/kaggle/input/datasets/arafatrahmann/my-data221/Epic and CSCR hospital Dataset/Train/notumor/1867.jpg",2,notumor,2,notumor,0.0056829872,0.0067893006,0.9806359410,0.0068916916
5491,"/kaggle/input/datasets/arafatrahmann/my-data221/Epic and CSCR hospital Dataset/Train/notumor/1868.jpg",2,notumor,2,notumor,0.0045267451,0.0071226461,0.9794797897,0.0088708447
5500,"/kaggle/input/datasets/arafatrahmann/my-data221/Epic and CSCR hospital Dataset/Train/notumor/1877.jpg",2,notumor,2,notumor,0.0051366277,0.0072139604,0.9806920886,0.0069573796
5511,"/kaggle/input/datasets/arafatrahmann/my-data221/Epic and CSCR hospital Dataset/Train/notumor/1924.jpg",2,notumor,2,notumor,0.0049938168,0.0081944112,0.9802373052,0.0065744123
5514,"/kaggle/input/datasets/arafatrahmann/my-data221/Epic and CSCR hospital Dataset/Train/notumor/2 no.jpeg",2,notumor,2,notumor,0.0052378778,0.0069154515,0.9805103540,0.0073363944
5516,"/kaggle/input/datasets/arafatrahmann/my-data221/Epic and CSCR hospital Dataset/Train/notumor/21 no.jpg",2,notumor,2,notumor,0.0049265823,0.0074149398,0.9805693626,0.0070891092
5517,"/kaggle/input/datasets/arafatrahmann/my-data221/Epic and CSCR hospital Dataset/Train/notumor/22 no.jpg",2,notumor,2,notumor,0.0049560238,0.0074403388,0.9804762006,0.0071274564
5524,"/kaggle/input/datasets/arafatrahmann/my-data221/Epic and CSCR hospital Dataset/Train/notumor/38 no.jpg",2,notumor,2,notumor,0.0050186221,0.0075782896,0.9806095362,0.0067934813
5535,"/kaggle/input/datasets/arafatrahmann/my-data221/Epic and CSCR hospital Dataset/Train/notumor/N11.jpg",2,notumor,0,glioma,0.6735420823,0.0983891636,0.2225705832,0.0054982235
5539,"/kaggle/input/datasets/arafatrahmann/my-data221/Epic and CSCR hospital Dataset/Train/notumor/N19.JPG",2,notumor,2,notumor,0.0050581186,0.0076505258,0.9803735614,0.0069177374
5542,"/kaggle/input/datasets/arafatrahmann/my-data221/Epic and CSCR hospital Dataset/Train/notumor/N21.jpg",2,notumor,2,notumor,0.0051312014,0.0073386701,0.9807950854,0.0067350762
5546,"/kaggle/input/datasets/arafatrahmann/my-data221/Epic and CSCR hospital Dataset/Train/notumor/N5.jpg",2,notumor,2,notumor,0.0051115965,0.0069442810,0.9810694456,0.0068746903
5548,"/kaggle/input/datasets/arafatrahmann/my-data221/Epic and CSCR hospital Dataset/Train/notumor/N_368.jpg",2,notumor,2,notumor,0.0049590482,0.0074431496,0.9807165265,0.0068812640
5559,"/kaggle/input/datasets/arafatrahmann/my-data221/Epic and CSCR hospital Dataset/Train/notumor/N_369_RO_.jpg",2,notumor,2,notumor,0.0052295420,0.0076648169,0.9808900952,0.0062155598
5570,"/kaggle/input/datasets/arafatrahmann/my-data221/Epic and CSCR hospital Dataset/Train/notumor/N_370_BR_.jpg",2,notumor,2,notumor,0.0049820049,0.0077286335,0.9806212187,0.0066682175
5573,"/kaggle/input/datasets/arafatrahmann/my-data221/Epic and CSCR hospital Dataset/Train/notumor/N_370_VF_.jpg",2,notumor,2,notumor,0.0050756610,0.0069247647,0.9809783697,0.0070210905
5574,"/kaggle/input/datasets/arafatrahmann/my-data221/Epic and CSCR hospital Dataset/Train/notumor/N_371.jpg",2,notumor,2,notumor,0.0051695397,0.0079523791,0.9806594849,0.0062185666
5579,"/kaggle/input/datasets/arafatrahmann/my-data221/Epic and CSCR hospital Dataset/Train/notumor/N_371_SP_.jpg",2,notumor,2,notumor,0.0052955975,0.0078123761,0.9803465009,0.0065454980
5581,"/kaggle/input/datasets/arafatrahmann/my-data221/Epic and CSCR hospital Dataset/Train/notumor/N_372.jpg",2,notumor,2,notumor,0.0055329069,0.0069353222,0.9812158346,0.0063158823
5599,"/kaggle/input/datasets/arafatrahmann/my-data221/Epic and CSCR hospital Dataset/Train/notumor/N_374_RO_.jpg",2,notumor,2,notumor,0.0054150419,0.0072181388,0.9806944728,0.0066722995
5611,"/kaggle/input/datasets/arafatrahmann/my-data221/Epic and CSCR hospital Dataset/Train/notumor/N_376_DA_.jpg",2,notumor,2,notumor,0.0050114468,0.0078398446,0.9801461101,0.0070025539
5625,"/kaggle/input/datasets/arafatrahmann/my-data221/Epic and CSCR hospital Dataset/Train/notumor/N_378_DA_.jpg",2,notumor,2,notumor,0.0052183708,0.0074339295,0.9806928635,0.0066547850
5633,"/kaggle/input/datasets/arafatrahmann/my-data221/Epic and CSCR hospital Dataset/Train/notumor/N_379_HF_.jpg",2,notumor,2,notumor,0.0049563129,0.0081480946,0.9802759886,0.0066195773
5636,"/kaggle/input/datasets/arafatrahmann/my-data221/Epic and CSCR hospital Dataset/Train/notumor/N_379_VF_.jpg",2,notumor,2,notumor,0.0049872408,0.0079858769,0.9804674387,0.0065595196
5641,"/kaggle/input/datasets/arafatrahmann/my-data221/Epic and CSCR hospital Dataset/Train/notumor/N_37_SP_.jpg",2,notumor,2,notumor,0.0051195649,0.0075822263,0.9803221822,0.0069759539
5649,"/kaggle/input/datasets/arafatrahmann/my-data221/Epic and CSCR hospital Dataset/Train/notumor/N_380_SP_.jpg",2,notumor,2,notumor,0.0049696201,0.0075579658,0.9802973866,0.0071749808
5651,"/kaggle/input/datasets/arafatrahmann/my-data221/Epic and CSCR hospital Dataset/Train/notumor/N_381.jpg",2,notumor,2,notumor,0.0049598892,0.0078102276,0.9804159999,0.0068139397
5659,"/kaggle/input/datasets/arafatrahmann/my-data221/Epic and CSCR hospital Dataset/Train/notumor/N_382_BR_.jpg",2,notumor,2,notumor,0.0049483003,0.0078266952,0.9802824259,0.0069426121
5660,"/kaggle/input/datasets/arafatrahmann/my-data221/Epic and CSCR hospital Dataset/Train/notumor/N_382_DA_.jpg",2,notumor,2,notumor,0.0051823570,0.0076786829,0.9804719687,0.0066669756
5666,"/kaggle/input/datasets/arafatrahmann/my-data221/Epic and CSCR hospital Dataset/Train/notumor/N_383_BR_.jpg",2,notumor,2,notumor,0.0051202322,0.0080379415,0.9801017642,0.0067399768
5668,"/kaggle/input/datasets/arafatrahmann/my-data221/Epic and CSCR hospital Dataset/Train/notumor/N_383_HF_.jpg",2,notumor,2,notumor,0.0050629801,0.0079801986,0.9803369641,0.0066198818
5671,"/kaggle/input/datasets/arafatrahmann/my-data221/Epic and CSCR hospital Dataset/Train/notumor/N_383_VF_.jpg",2,notumor,2,notumor,0.0050665853,0.0078877825,0.9805124998,0.0065331748
5681,"/kaggle/input/datasets/arafatrahmann/my-data221/Epic and CSCR hospital Dataset/Train/notumor/N_385_DA_.jpg",2,notumor,2,notumor,0.0050655482,0.0070944750,0.9808320999,0.0070078508
5683,"/kaggle/input/datasets/arafatrahmann/my-data221/Epic and CSCR hospital Dataset/Train/notumor/N_385_RO_.jpg",2,notumor,2,notumor,0.0050005768,0.0075782822,0.9807114601,0.0067097796
5686,"/kaggle/input/datasets/arafatrahmann/my-data221/Epic and CSCR hospital Dataset/Train/notumor/N_386.jpg",2,notumor,2,notumor,0.0053835078,0.0077202925,0.9804126024,0.0064836284
5689,"/kaggle/input/datasets/arafatrahmann/my-data221/Epic and CSCR hospital Dataset/Train/notumor/N_386_HF_.jpg",2,notumor,2,notumor,0.0053584222,0.0076350654,0.9805446863,0.0064619021
5691,"/kaggle/input/datasets/arafatrahmann/my-data221/Epic and CSCR hospital Dataset/Train/notumor/N_386_SP_.jpg",2,notumor,2,notumor,0.0053887228,0.0072853877,0.9802170992,0.0071088420
5692,"/kaggle/input/datasets/arafatrahmann/my-data221/Epic and CSCR hospital Dataset/Train/notumor/N_386_VF_.jpg",2,notumor,3,pituitary,0.0086481329,0.0048708934,0.3755128980,0.6109681129
5696,"/kaggle/input/datasets/arafatrahmann/my-data221/Epic and CSCR hospital Dataset/Train/notumor/N_387_HF_.jpg",2,notumor,2,notumor,0.0052044103,0.0072000949,0.9811407328,0.0064547881
5697,"/kaggle/input/datasets/arafatrahmann/my-data221/Epic and CSCR hospital Dataset/Train/notumor/N_387_RO_.jpg",2,notumor,2,notumor,0.0052947113,0.0073195761,0.9808818698,0.0065037822
5701,"/kaggle/input/datasets/arafatrahmann/my-data221/Epic and CSCR hospital Dataset/Train/notumor/N_388_BR_.jpg",2,notumor,2,notumor,0.0050249156,0.0079663787,0.9801494479,0.0068592923
5704,"/kaggle/input/datasets/arafatrahmann/my-data221/Epic and CSCR hospital Dataset/Train/notumor/N_388_RO_.jpg",2,notumor,2,notumor,0.0051273415,0.0078876987,0.9804788828,0.0065060942
5719,"/kaggle/input/datasets/arafatrahmann/my-data221/Epic and CSCR hospital Dataset/Train/notumor/N_38_VF_.jpg",2,notumor,2,notumor,0.0050607165,0.0077072619,0.9804672003,0.0067648031
5721,"/kaggle/input/datasets/arafatrahmann/my-data221/Epic and CSCR hospital Dataset/Train/notumor/N_390.jpg",2,notumor,2,notumor,0.0048915828,0.0073749335,0.9802473783,0.0074861282
5722,"/kaggle/input/datasets/arafatrahmann/my-data221/Epic and CSCR hospital Dataset/Train/notumor/N_390_BR_.jpg",2,notumor,2,notumor,0.0049483320,0.0075310087,0.9805852175,0.0069354340
5729,"/kaggle/input/datasets/arafatrahmann/my-data221/Epic and CSCR hospital Dataset/Train/notumor/N_391_BR_.jpg",2,notumor,2,notumor,0.0050264108,0.0078791808,0.9805040359,0.0065904250
5734,"/kaggle/input/datasets/arafatrahmann/my-data221/Epic and CSCR hospital Dataset/Train/notumor/N_391_VF_.jpg",2,notumor,2,notumor,0.0049521313,0.0078004524,0.9801109433,0.0071363873
5739,"/kaggle/input/datasets/arafatrahmann/my-data221/Epic and CSCR hospital Dataset/Train/notumor/N_392_RO_.jpg",2,notumor,2,notumor,0.0050975867,0.0079756845,0.9803634882,0.0065633198
5748,"/kaggle/input/datasets/arafatrahmann/my-data221/Epic and CSCR hospital Dataset/Train/notumor/N_393_VF_.jpg",2,notumor,2,notumor,0.0052483212,0.0072706318,0.9807359576,0.0067450032
5753,"/kaggle/input/datasets/arafatrahmann/my-data221/Epic and CSCR hospital Dataset/Train/notumor/N_394_RO_.jpg",2,notumor,2,notumor,0.2590910494,0.0060030129,0.7293977141,0.0055081965
5766,"/kaggle/input/datasets/arafatrahmann/my-data221/Epic and CSCR hospital Dataset/Train/notumor/N_396_HF_.jpg",2,notumor,2,notumor,0.0050149364,0.0078635337,0.9803768396,0.0067446241
5782,"/kaggle/input/datasets/arafatrahmann/my-data221/Epic and CSCR hospital Dataset/Train/notumor/N_398_SP_.jpg",2,notumor,2,notumor,0.0050144689,0.0073691653,0.9804259539,0.0071904720
5786,"/kaggle/input/datasets/arafatrahmann/my-data221/Epic and CSCR hospital Dataset/Train/notumor/N_399_DA_.jpg",2,notumor,2,notumor,0.0051248814,0.0080140941,0.9803226590,0.0065384591
5790,"/kaggle/input/datasets/arafatrahmann/my-data221/Epic and CSCR hospital Dataset/Train/notumor/N_399_VF_.jpg",2,notumor,2,notumor,0.0051869769,0.0080740806,0.9802821875,0.0064566983
5799,"/kaggle/input/datasets/arafatrahmann/my-data221/Epic and CSCR hospital Dataset/Train/notumor/N_3_HF_.jpg",2,notumor,2,notumor,0.0050430698,0.0071474565,0.9809100032,0.0068996050
5800,"/kaggle/input/datasets/arafatrahmann/my-data221/Epic and CSCR hospital Dataset/Train/notumor/N_3_RO_.jpg",2,notumor,2,notumor,0.0051736138,0.0071866224,0.9810476303,0.0065922937
5812,"/kaggle/input/datasets/arafatrahmann/my-data221/Epic and CSCR hospital Dataset/Train/notumor/N_401.jpg",2,notumor,2,notumor,0.0049677528,0.0074890330,0.9800826907,0.0074605159
5816,"/kaggle/input/datasets/arafatrahmann/my-data221/Epic and CSCR hospital Dataset/Train/notumor/N_401_RO_.jpg",2,notumor,2,notumor,0.0049295872,0.0073710904,0.9805075526,0.0071918033
5817,"/kaggle/input/datasets/arafatrahmann/my-data221/Epic and CSCR hospital Dataset/Train/notumor/N_401_SP_.jpg",2,notumor,2,notumor,0.0050631701,0.0074503124,0.9803101420,0.0071763499
5820,"/kaggle/input/datasets/arafatrahmann/my-data221/Epic and CSCR hospital Dataset/Train/notumor/N_402_BR_.jpg",2,notumor,2,notumor,0.0051012081,0.0081225317,0.9799998999,0.0067763887
5821,"/kaggle/input/datasets/arafatrahmann/my-data221/Epic and CSCR hospital Dataset/Train/notumor/N_402_DA_.jpg",2,notumor,2,notumor,0.0051863231,0.0073582144,0.9806572199,0.0067982324
5829,"/kaggle/input/datasets/arafatrahmann/my-data221/Epic and CSCR hospital Dataset/Train/notumor/N_403_HF_.jpg",2,notumor,2,notumor,0.0050384221,0.0080229165,0.9801332355,0.0068053850
5842,"/kaggle/input/datasets/arafatrahmann/my-data221/Epic and CSCR hospital Dataset/Train/notumor/N_405_DA_.jpg",2,notumor,2,notumor,0.0059080189,0.0068925424,0.9811986685,0.0060007139
5849,"/kaggle/input/datasets/arafatrahmann/my-data221/Epic and CSCR hospital Dataset/Train/notumor/N_406_DA_.jpg",2,notumor,2,notumor,0.0051058675,0.0074710534,0.9806262851,0.0067967875
5852,"/kaggle/input/datasets/arafatrahmann/my-data221/Epic and CSCR hospital Dataset/Train/notumor/N_406_SP_.jpg",2,notumor,2,notumor,0.0051638102,0.0071928487,0.9805111885,0.0071321772
5854,"/kaggle/input/datasets/arafatrahmann/my-data221/Epic and CSCR hospital Dataset/Train/notumor/N_407.jpg",2,notumor,2,notumor,0.0051747495,0.0073866295,0.9807987213,0.0066399090
5865,"/kaggle/input/datasets/arafatrahmann/my-data221/Epic and CSCR hospital Dataset/Train/notumor/N_408_RO_.jpg",2,notumor,2,notumor,0.0052130762,0.0073856898,0.9804786444,0.0069225850
5871,"/kaggle/input/datasets/arafatrahmann/my-data221/Epic and CSCR hospital Dataset/Train/notumor/N_409_HF_.jpg",2,notumor,2,notumor,0.0049731145,0.0073501915,0.9805823565,0.0070943735
5873,"/kaggle/input/datasets/arafatrahmann/my-data221/Epic and CSCR hospital Dataset/Train/notumor/N_409_SP_.jpg",2,notumor,2,notumor,0.0049832119,0.0073408224,0.9802662134,0.0074097710
5874,"/kaggle/input/datasets/arafatrahmann/my-data221/Epic and CSCR hospital Dataset/Train/notumor/N_409_VF_.jpg",2,notumor,2,notumor,0.0049302545,0.0072070817,0.9807394147,0.0071232719
5877,"/kaggle/input/datasets/arafatrahmann/my-data221/Epic and CSCR hospital Dataset/Train/notumor/N_40_HF_.jpg",2,notumor,2,notumor,0.0055597266,0.0068295402,0.9813807607,0.0062299250
5892,"/kaggle/input/datasets/arafatrahmann/my-data221/Epic and CSCR hospital Dataset/Train/notumor/N_411_HF_.jpg",2,notumor,2,notumor,0.0048799561,0.0075086942,0.9803474545,0.0072638965
5893,"/kaggle/input/datasets/arafatrahmann/my-data221/Epic and CSCR hospital Dataset/Train/notumor/N_411_RO_.jpg",2,notumor,2,notumor,0.0050441073,0.0073946277,0.9806131124,0.0069480999
5898,"/kaggle/input/datasets/arafatrahmann/my-data221/Epic and CSCR hospital Dataset/Train/notumor/N_412_DA_.jpg",2,notumor,2,notumor,0.0051284218,0.0075486093,0.9804922342,0.0068308287
5899,"/kaggle/input/datasets/arafatrahmann/my-data221/Epic and CSCR hospital Dataset/Train/notumor/N_412_HF_.jpg",2,notumor,2,notumor,0.0050859773,0.0072045601,0.9806978106,0.0070116231
5907,"/kaggle/input/datasets/arafatrahmann/my-data221/Epic and CSCR hospital Dataset/Train/notumor/N_413_RO_.jpg",2,notumor,2,notumor,0.0054008299,0.0071604997,0.9810840487,0.0063545471
5920,"/kaggle/input/datasets/arafatrahmann/my-data221/Epic and CSCR hospital Dataset/Train/notumor/N_415_HF_.jpg",2,notumor,2,notumor,0.0050638728,0.0078203436,0.9803971052,0.0067186481
5922,"/kaggle/input/datasets/arafatrahmann/my-data221/Epic and CSCR hospital Dataset/Train/notumor/N_415_SP_.jpg",2,notumor,2,notumor,0.0051902910,0.0073869107,0.9805991054,0.0068237158
5952,"/kaggle/input/datasets/arafatrahmann/my-data221/Epic and CSCR hospital Dataset/Train/notumor/N_41_BR_.jpg",2,notumor,2,notumor,0.0050392291,0.0075291628,0.9807146788,0.0067169317
5954,"/kaggle/input/datasets/arafatrahmann/my-data221/Epic and CSCR hospital Dataset/Train/notumor/N_41_HF_.jpg",2,notumor,2,notumor,0.0051164739,0.0070846453,0.9810011983,0.0067977011
5955,"/kaggle/input/datasets/arafatrahmann/my-data221/Epic and CSCR hospital Dataset/Train/notumor/N_41_RO_.jpg",2,notumor,2,notumor,0.0053983252,0.0069824965,0.9811609387,0.0064582503
5963,"/kaggle/input/datasets/arafatrahmann/my-data221/Epic and CSCR hospital Dataset/Train/notumor/N_420_RO_.jpg",2,notumor,2,notumor,0.0054653804,0.0072428426,0.9808863401,0.0064054034
5966,"/kaggle/input/datasets/arafatrahmann/my-data221/Epic and CSCR hospital Dataset/Train/notumor/N_421.jpg",2,notumor,2,notumor,0.0051580658,0.0077883438,0.9803352356,0.0067183473
5970,"/kaggle/input/datasets/arafatrahmann/my-data221/Epic and CSCR hospital Dataset/Train/notumor/N_421_RO_.jpg",2,notumor,2,notumor,0.0051269671,0.0075082565,0.9806808233,0.0066839186
5977,"/kaggle/input/datasets/arafatrahmann/my-data221/Epic and CSCR hospital Dataset/Train/notumor/N_422_RO_.jpg",2,notumor,2,notumor,0.0055194753,0.0075305752,0.9805845022,0.0063653276
5980,"/kaggle/input/datasets/arafatrahmann/my-data221/Epic and CSCR hospital Dataset/Train/notumor/N_423.jpg",2,notumor,2,notumor,0.0050463574,0.0080181072,0.9804986715,0.0064368835
5984,"/kaggle/input/datasets/arafatrahmann/my-data221/Epic and CSCR hospital Dataset/Train/notumor/N_423_RO_.jpg",2,notumor,2,notumor,0.0050133658,0.0080590025,0.9803957939,0.0065317550
5985,"/kaggle/input/datasets/arafatrahmann/my-data221/Epic and CSCR hospital Dataset/Train/notumor/N_423_SP_.jpg",2,notumor,2,notumor,0.0052562007,0.0076745912,0.9804496765,0.0066195480
5989,"/kaggle/input/datasets/arafatrahmann/my-data221/Epic and CSCR hospital Dataset/Train/notumor/N_424_DA_.jpg",2,notumor,2,notumor,0.0050841318,0.0078809764,0.9805833697,0.0064514591
5990,"/kaggle/input/datasets/arafatrahmann/my-data221/Epic and CSCR hospital Dataset/Train/notumor/N_424_HF_.jpg",2,notumor,2,notumor,0.0050737141,0.0079644043,0.9804836512,0.0064782747
5992,"/kaggle/input/datasets/arafatrahmann/my-data221/Epic and CSCR hospital Dataset/Train/notumor/N_424_SP_.jpg",2,notumor,2,notumor,0.0051290495,0.0077538798,0.9803658724,0.0067512603
6000,"/kaggle/input/datasets/arafatrahmann/my-data221/Epic and CSCR hospital Dataset/Train/notumor/N_425_VF_.jpg",2,notumor,2,notumor,0.0051283641,0.0081870006,0.9804886580,0.0061959424
6004,"/kaggle/input/datasets/arafatrahmann/my-data221/Epic and CSCR hospital Dataset/Train/notumor/N_426_HF_.jpg",2,notumor,2,notumor,0.0047233701,0.0090178493,0.9791694880,0.0070892861
6006,"/kaggle/input/datasets/arafatrahmann/my-data221/Epic and CSCR hospital Dataset/Train/notumor/N_426_SP_.jpg",2,notumor,2,notumor,0.0057852166,0.0076518678,0.9799236059,0.0066392021
6010,"/kaggle/input/datasets/arafatrahmann/my-data221/Epic and CSCR hospital Dataset/Train/notumor/N_427_DA_.jpg",2,notumor,2,notumor,0.0052540181,0.0069510275,0.9809002876,0.0068946257
6013,"/kaggle/input/datasets/arafatrahmann/my-data221/Epic and CSCR hospital Dataset/Train/notumor/N_427_SP_.jpg",2,notumor,2,notumor,0.0048314044,0.0072203651,0.9801492691,0.0077989781
6016,"/kaggle/input/datasets/arafatrahmann/my-data221/Epic and CSCR hospital Dataset/Train/notumor/N_428_BR_.jpg",2,notumor,2,notumor,0.0053001260,0.0076379450,0.9805111885,0.0065507456
6019,"/kaggle/input/datasets/arafatrahmann/my-data221/Epic and CSCR hospital Dataset/Train/notumor/N_428_RO_.jpg",2,notumor,2,notumor,0.0050861603,0.0068623587,0.9722433090,0.0158082433
6025,"/kaggle/input/datasets/arafatrahmann/my-data221/Epic and CSCR hospital Dataset/Train/notumor/N_429_HF_.jpg",2,notumor,2,notumor,0.0049932227,0.0074886857,0.9806909561,0.0068271891
6027,"/kaggle/input/datasets/arafatrahmann/my-data221/Epic and CSCR hospital Dataset/Train/notumor/N_429_SP_.jpg",2,notumor,2,notumor,0.0051413374,0.0072490843,0.9805472493,0.0070623448
6036,"/kaggle/input/datasets/arafatrahmann/my-data221/Epic and CSCR hospital Dataset/Train/notumor/N_430.jpg",2,notumor,2,notumor,0.0052043232,0.0078269802,0.9804598093,0.0065089748
6040,"/kaggle/input/datasets/arafatrahmann/my-data221/Epic and CSCR hospital Dataset/Train/notumor/N_430_RO_.jpg",2,notumor,2,notumor,0.0051985285,0.0078441482,0.9804953337,0.0064618601
6048,"/kaggle/input/datasets/arafatrahmann/my-data221/Epic and CSCR hospital Dataset/Train/notumor/N_431_SP_.jpg",2,notumor,2,notumor,0.0051374687,0.0072355359,0.9805023074,0.0071246861
6053,"/kaggle/input/datasets/arafatrahmann/my-data221/Epic and CSCR hospital Dataset/Train/notumor/N_432_HF_.jpg",2,notumor,2,notumor,0.0049643754,0.0079490878,0.9802363515,0.0068501299
6060,"/kaggle/input/datasets/arafatrahmann/my-data221/Epic and CSCR hospital Dataset/Train/notumor/N_433_HF_.jpg",2,notumor,2,notumor,0.0055258079,0.0069201319,0.9810411334,0.0065129464
6062,"/kaggle/input/datasets/arafatrahmann/my-data221/Epic and CSCR hospital Dataset/Train/notumor/N_433_SP_.jpg",2,notumor,2,notumor,0.0057565374,0.0069121667,0.9807608724,0.0065703974
6065,"/kaggle/input/datasets/arafatrahmann/my-data221/Epic and CSCR hospital Dataset/Train/notumor/N_434_BR_.jpg",2,notumor,2,notumor,0.0053459727,0.0076187393,0.9809075594,0.0061277174
6070,"/kaggle/input/datasets/arafatrahmann/my-data221/Epic and CSCR hospital Dataset/Train/notumor/N_434_VF_.jpg",2,notumor,2,notumor,0.0055129514,0.0072587989,0.9808815122,0.0063467682
6075,"/kaggle/input/datasets/arafatrahmann/my-data221/Epic and CSCR hospital Dataset/Train/notumor/N_435_RO_.jpg",2,notumor,2,notumor,0.0051183486,0.0074456893,0.9808245897,0.0066114068
6077,"/kaggle/input/datasets/arafatrahmann/my-data221/Epic and CSCR hospital Dataset/Train/notumor/N_435_VF_.jpg",2,notumor,2,notumor,0.0051761223,0.0073858551,0.9806392789,0.0067988709
6081,"/kaggle/input/datasets/arafatrahmann/my-data221/Epic and CSCR hospital Dataset/Train/notumor/N_436_HF_.jpg",2,notumor,2,notumor,0.0051228651,0.0074289679,0.9805955887,0.0068525514
6091,"/kaggle/input/datasets/arafatrahmann/my-data221/Epic and CSCR hospital Dataset/Train/notumor/N_437_VF_.jpg",2,notumor,2,notumor,0.0047721434,0.0075612278,0.9805960655,0.0070705474
6096,"/kaggle/input/datasets/arafatrahmann/my-data221/Epic and CSCR hospital Dataset/Train/notumor/N_438_RO_.jpg",2,notumor,2,notumor,0.0053241448,0.0072743632,0.9810353518,0.0063661672
6109,"/kaggle/input/datasets/arafatrahmann/my-data221/Epic and CSCR hospital Dataset/Train/notumor/N_44_RO_.jpg",2,notumor,2,notumor,0.0056979917,0.0072655482,0.9805904627,0.0064461520
6114,"/kaggle/input/datasets/arafatrahmann/my-data221/Epic and CSCR hospital Dataset/Train/notumor/N_45_DA_.jpg",2,notumor,2,notumor,0.0049158307,0.0075606667,0.9805480838,0.0069754124
6115,"/kaggle/input/datasets/arafatrahmann/my-data221/Epic and CSCR hospital Dataset/Train/notumor/N_45_HF_.jpg",2,notumor,2,notumor,0.0050944742,0.0073936312,0.9806929827,0.0068189567
6137,"/kaggle/input/datasets/arafatrahmann/my-data221/Epic and CSCR hospital Dataset/Train/notumor/N_48_RO_.jpg",2,notumor,2,notumor,0.0051421123,0.0081316410,0.9800950885,0.0066311387
6148,"/kaggle/input/datasets/arafatrahmann/my-data221/Epic and CSCR hospital Dataset/Train/notumor/N_4_DA_.jpg",2,notumor,2,notumor,0.0050616399,0.0076271803,0.9805086255,0.0068026027
6158,"/kaggle/input/datasets/arafatrahmann/my-data221/Epic and CSCR hospital Dataset/Train/notumor/N_50_RO_.jpg",2,notumor,2,notumor,0.0068097832,0.0076589808,0.9795378447,0.0059934086
6159,"/kaggle/input/datasets/arafatrahmann/my-data221/Epic and CSCR hospital Dataset/Train/notumor/N_50_SP_.jpg",2,notumor,2,notumor,0.0054858914,0.0076588579,0.9802486300,0.0066066096
6160,"/kaggle/input/datasets/arafatrahmann/my-data221/Epic and CSCR hospital Dataset/Train/notumor/N_50_VF_.jpg",2,notumor,2,notumor,0.0051287650,0.0078329490,0.9805957079,0.0064425627
6164,"/kaggle/input/datasets/arafatrahmann/my-data221/Epic and CSCR hospital Dataset/Train/notumor/N_51_HF_.jpg",2,notumor,2,notumor,0.0050952593,0.0073804753,0.9807012677,0.0068229623
6169,"/kaggle/input/datasets/arafatrahmann/my-data221/Epic and CSCR hospital Dataset/Train/notumor/N_52_BR_.jpg",2,notumor,2,notumor,0.0048948438,0.0076399446,0.9805479050,0.0069173118
6172,"/kaggle/input/datasets/arafatrahmann/my-data221/Epic and CSCR hospital Dataset/Train/notumor/N_52_RO_.jpg",2,notumor,2,notumor,0.0048903702,0.0074934936,0.9808501005,0.0067660585
6173,"/kaggle/input/datasets/arafatrahmann/my-data221/Epic and CSCR hospital Dataset/Train/notumor/N_56_SP_.jpg",2,notumor,2,notumor,0.0051427362,0.0072939722,0.9804660678,0.0070972242
6177,"/kaggle/input/datasets/arafatrahmann/my-data221/Epic and CSCR hospital Dataset/Train/notumor/N_57_DA_.jpg",2,notumor,2,notumor,0.0050463537,0.0075162859,0.9804859161,0.0069513903
6179,"/kaggle/input/datasets/arafatrahmann/my-data221/Epic and CSCR hospital Dataset/Train/notumor/N_57_RO_.jpg",2,notumor,2,notumor,0.0050611654,0.0072085476,0.9809915423,0.0067388313
6188,"/kaggle/input/datasets/arafatrahmann/my-data221/Epic and CSCR hospital Dataset/Train/notumor/No13.jpg",2,notumor,2,notumor,0.0048639714,0.0079748994,0.9800025225,0.0071586021
6195,"/kaggle/input/datasets/arafatrahmann/my-data221/Epic and CSCR hospital Dataset/Train/notumor/No20.jpg",2,notumor,2,notumor,0.0052290177,0.0073699192,0.9807650447,0.0066359988
6202,"/kaggle/input/datasets/arafatrahmann/my-data221/Epic and CSCR hospital Dataset/Train/notumor/Te-no_0070.jpg",2,notumor,2,notumor,0.0048224092,0.0071439431,0.9806185961,0.0074150488
6207,"/kaggle/input/datasets/arafatrahmann/my-data221/Epic and CSCR hospital Dataset/Train/notumor/Te-no_0075.jpg",2,notumor,2,notumor,0.0048996159,0.0074249567,0.9803732038,0.0073022828
6227,"/kaggle/input/datasets/arafatrahmann/my-data221/Epic and CSCR hospital Dataset/Train/notumor/Te-no_0095.jpg",2,notumor,2,notumor,0.0057335901,0.0068205632,0.9810732007,0.0063725831
6231,"/kaggle/input/datasets/arafatrahmann/my-data221/Epic and CSCR hospital Dataset/Train/notumor/Te-no_0119.jpg",2,notumor,2,notumor,0.0054950505,0.0069621899,0.9811002016,0.0064425981
6234,"/kaggle/input/datasets/arafatrahmann/my-data221/Epic and CSCR hospital Dataset/Train/notumor/Te-no_0122.jpg",2,notumor,2,notumor,0.0048420997,0.0081149880,0.9802125096,0.0068304269
6235,"/kaggle/input/datasets/arafatrahmann/my-data221/Epic and CSCR hospital Dataset/Train/notumor/Te-no_0123.jpg",2,notumor,2,notumor,0.0052157948,0.0074470704,0.9807407260,0.0065964134
6238,"/kaggle/input/datasets/arafatrahmann/my-data221/Epic and CSCR hospital Dataset/Train/notumor/Te-no_0126.jpg",2,notumor,2,notumor,0.0049926355,0.0072259032,0.9807819128,0.0069994852
6246,"/kaggle/input/datasets/arafatrahmann/my-data221/Epic and CSCR hospital Dataset/Train/notumor/Te-no_0134.jpg",2,notumor,2,notumor,0.0053882357,0.0075173848,0.9807120562,0.0063823550
6247,"/kaggle/input/datasets/arafatrahmann/my-data221/Epic and CSCR hospital Dataset/Train/notumor/Te-no_0135.jpg",2,notumor,2,notumor,0.0052199764,0.0072139115,0.9808473587,0.0067188269
6253,"/kaggle/input/datasets/arafatrahmann/my-data221/Epic and CSCR hospital Dataset/Train/notumor/Te-no_0141.jpg",2,notumor,2,notumor,0.0050635813,0.0076898448,0.9804928899,0.0067537539
6256,"/kaggle/input/datasets/arafatrahmann/my-data221/Epic and CSCR hospital Dataset/Train/notumor/Te-no_0144.jpg",2,notumor,2,notumor,0.0050095180,0.0078793783,0.9805051088,0.0066060349
6261,"/kaggle/input/datasets/arafatrahmann/my-data221/Epic and CSCR hospital Dataset/Train/notumor/Te-no_0149.jpg",2,notumor,2,notumor,0.0049858158,0.0074620498,0.9806317091,0.0069203749
6263,"/kaggle/input/datasets/arafatrahmann/my-data221/Epic and CSCR hospital Dataset/Train/notumor/Te-no_0151.jpg",2,notumor,2,notumor,0.0049986364,0.0078799892,0.9805239439,0.0065974183
6283,"/kaggle/input/datasets/arafatrahmann/my-data221/Epic and CSCR hospital Dataset/Train/notumor/Te-no_0171.jpg",2,notumor,2,notumor,0.0052173287,0.0076805637,0.9803217053,0.0067804069
6291,"/kaggle/input/datasets/arafatrahmann/my-data221/Epic and CSCR hospital Dataset/Train/notumor/Te-no_0179.jpg",2,notumor,2,notumor,0.0049783108,0.0077997358,0.9806190729,0.0066028633
6292,"/kaggle/input/datasets/arafatrahmann/my-data221/Epic and CSCR hospital Dataset/Train/notumor/Te-no_0180.jpg",2,notumor,2,notumor,0.0051557408,0.0076625035,0.9808589220,0.0063229785
6293,"/kaggle/input/datasets/arafatrahmann/my-data221/Epic and CSCR hospital Dataset/Train/notumor/Te-no_0181.jpg",2,notumor,2,notumor,0.0051446594,0.0079072639,0.9803847075,0.0065633529
6296,"/kaggle/input/datasets/arafatrahmann/my-data221/Epic and CSCR hospital Dataset/Train/notumor/Te-no_0184.jpg",2,notumor,2,notumor,0.0052270251,0.0072615952,0.9808659554,0.0066454024
6303,"/kaggle/input/datasets/arafatrahmann/my-data221/Epic and CSCR hospital Dataset/Train/notumor/Te-no_0191.jpg",2,notumor,2,notumor,0.0052470323,0.0074742287,0.9806270599,0.0066517121
6305,"/kaggle/input/datasets/arafatrahmann/my-data221/Epic and CSCR hospital Dataset/Train/notumor/Te-no_0193.jpg",2,notumor,2,notumor,0.0051557934,0.0072225826,0.9807473421,0.0068742698
6307,"/kaggle/input/datasets/arafatrahmann/my-data221/Epic and CSCR hospital Dataset/Train/notumor/Te-no_0195.jpg",2,notumor,2,notumor,0.0049862796,0.0077267340,0.9807268977,0.0065599643
6308,"/kaggle/input/datasets/arafatrahmann/my-data221/Epic and CSCR hospital Dataset/Train/notumor/Te-no_0196.jpg",2,notumor,2,notumor,0.0050508576,0.0073817829,0.9806454778,0.0069218762
6314,"/kaggle/input/datasets/arafatrahmann/my-data221/Epic and CSCR hospital Dataset/Train/notumor/Te-no_0202.jpg",2,notumor,2,notumor,0.0050923224,0.0079025039,0.9802131653,0.0067920992
6315,"/kaggle/input/datasets/arafatrahmann/my-data221/Epic and CSCR hospital Dataset/Train/notumor/Te-no_0203.jpg",2,notumor,2,notumor,0.0051774671,0.0069283857,0.9805215597,0.0073725851
6319,"/kaggle/input/datasets/arafatrahmann/my-data221/Epic and CSCR hospital Dataset/Train/notumor/Te-no_0207.jpg",2,notumor,2,notumor,0.0050486587,0.0077749626,0.9804625511,0.0067138649
6326,"/kaggle/input/datasets/arafatrahmann/my-data221/Epic and CSCR hospital Dataset/Train/notumor/Te-no_0214.jpg",2,notumor,2,notumor,0.0050102281,0.0073872209,0.9807128906,0.0068896287
6328,"/kaggle/input/datasets/arafatrahmann/my-data221/Epic and CSCR hospital Dataset/Train/notumor/Te-no_0216.jpg",2,notumor,2,notumor,0.0050548268,0.0074828020,0.9807382822,0.0067240866
6331,"/kaggle/input/datasets/arafatrahmann/my-data221/Epic and CSCR hospital Dataset/Train/notumor/Te-no_0219.jpg",2,notumor,2,notumor,0.0056855781,0.0068957806,0.9804553986,0.0069633089
6332,"/kaggle/input/datasets/arafatrahmann/my-data221/Epic and CSCR hospital Dataset/Train/notumor/Te-no_0220.jpg",2,notumor,2,notumor,0.0057642311,0.0067470968,0.9807029963,0.0067856372
6335,"/kaggle/input/datasets/arafatrahmann/my-data221/Epic and CSCR hospital Dataset/Train/notumor/Te-no_0223.jpg",2,notumor,2,notumor,0.0051820381,0.0079592103,0.9805389643,0.0063198260
6338,"/kaggle/input/datasets/arafatrahmann/my-data221/Epic and CSCR hospital Dataset/Train/notumor/Te-no_0226.jpg",2,notumor,2,notumor,0.0052999877,0.0073480741,0.9807591438,0.0065928139
6339,"/kaggle/input/datasets/arafatrahmann/my-data221/Epic and CSCR hospital Dataset/Train/notumor/Te-no_0227.jpg",2,notumor,2,notumor,0.0050391331,0.0076611759,0.9805628061,0.0067368904
6353,"/kaggle/input/datasets/arafatrahmann/my-data221/Epic and CSCR hospital Dataset/Train/notumor/Te-no_0241.jpg",2,notumor,2,notumor,0.0051020281,0.0078606848,0.9802523851,0.0067849467
6357,"/kaggle/input/datasets/arafatrahmann/my-data221/Epic and CSCR hospital Dataset/Train/notumor/Te-no_0245.jpg",2,notumor,2,notumor,0.0051557044,0.0077238372,0.9808186293,0.0063018091
6358,"/kaggle/input/datasets/arafatrahmann/my-data221/Epic and CSCR hospital Dataset/Train/notumor/Te-no_0246.jpg",2,notumor,2,notumor,0.0052486169,0.0071318671,0.9809184074,0.0067011481
6361,"/kaggle/input/datasets/arafatrahmann/my-data221/Epic and CSCR hospital Dataset/Train/notumor/Te-no_0249.jpg",2,notumor,2,notumor,0.0050890548,0.0077970149,0.9805089831,0.0066048792
6367,"/kaggle/input/datasets/arafatrahmann/my-data221/Epic and CSCR hospital Dataset/Train/notumor/Te-no_0255.jpg",2,notumor,2,notumor,0.0048626428,0.0079514859,0.9802497625,0.0069360705
6371,"/kaggle/input/datasets/arafatrahmann/my-data221/Epic and CSCR hospital Dataset/Train/notumor/Te-no_0259.jpg",2,notumor,2,notumor,0.0050816922,0.0073328479,0.9806817174,0.0069037317
6374,"/kaggle/input/datasets/arafatrahmann/my-data221/Epic and CSCR hospital Dataset/Train/notumor/Te-no_0262.jpg",2,notumor,2,notumor,0.0050072260,0.0076490203,0.9805775881,0.0067661973
6375,"/kaggle/input/datasets/arafatrahmann/my-data221/Epic and CSCR hospital Dataset/Train/notumor/Te-no_0263.jpg",2,notumor,2,notumor,0.0050005591,0.0078459242,0.9805268049,0.0066266037
6382,"/kaggle/input/datasets/arafatrahmann/my-data221/Epic and CSCR hospital Dataset/Train/notumor/Te-no_0270.jpg",2,notumor,2,notumor,0.0051466161,0.0078667048,0.9801967740,0.0067898594
6384,"/kaggle/input/datasets/arafatrahmann/my-data221/Epic and CSCR hospital Dataset/Train/notumor/Te-no_0272.jpg",2,notumor,2,notumor,0.0049365875,0.0082072886,0.9804856181,0.0063705281
6388,"/kaggle/input/datasets/arafatrahmann/my-data221/Epic and CSCR hospital Dataset/Train/notumor/Te-no_0276.jpg",2,notumor,2,notumor,0.0050353706,0.0071066106,0.9809815288,0.0068764552
6390,"/kaggle/input/datasets/arafatrahmann/my-data221/Epic and CSCR hospital Dataset/Train/notumor/Te-no_0278.jpg",2,notumor,2,notumor,0.0050929920,0.0078940764,0.9803926349,0.0066203787
6403,"/kaggle/input/datasets/arafatrahmann/my-data221/Epic and CSCR hospital Dataset/Train/notumor/Te-no_0291.jpg",2,notumor,2,notumor,0.0050219386,0.0078848060,0.9804155231,0.0066777179
6406,"/kaggle/input/datasets/arafatrahmann/my-data221/Epic and CSCR hospital Dataset/Train/notumor/Te-no_0294.jpg",2,notumor,2,notumor,0.0050518266,0.0081269201,0.9802595377,0.0065617720
6407,"/kaggle/input/datasets/arafatrahmann/my-data221/Epic and CSCR hospital Dataset/Train/notumor/Te-no_0295.jpg",2,notumor,2,notumor,0.0049292957,0.0076928153,0.9808894396,0.0064885216
6415,"/kaggle/input/datasets/arafatrahmann/my-data221/Epic and CSCR hospital Dataset/Train/notumor/Te-no_0303.jpg",2,notumor,2,notumor,0.0049895826,0.0071913293,0.9806472659,0.0071718036
6416,"/kaggle/input/datasets/arafatrahmann/my-data221/Epic and CSCR hospital Dataset/Train/notumor/Te-no_0304.jpg",2,notumor,2,notumor,0.0050846855,0.0078291390,0.9802697897,0.0068164407
6436,"/kaggle/input/datasets/arafatrahmann/my-data221/Epic and CSCR hospital Dataset/Train/notumor/Te-no_0365.jpg",2,notumor,2,notumor,0.0050798166,0.0069799996,0.9806650281,0.0072752447
6450,"/kaggle/input/datasets/arafatrahmann/my-data221/Epic and CSCR hospital Dataset/Train/notumor/Tr-no_0030.jpg",2,notumor,2,notumor,0.0054171127,0.0068426379,0.9808235168,0.0069167912
6469,"/kaggle/input/datasets/arafatrahmann/my-data221/Epic and CSCR hospital Dataset/Train/notumor/Tr-no_0072.jpg",2,notumor,2,notumor,0.0052038482,0.0089439964,0.9797794223,0.0060726935
6471,"/kaggle/input/datasets/arafatrahmann/my-data221/Epic and CSCR hospital Dataset/Train/notumor/Tr-no_0074.jpg",2,notumor,2,notumor,0.0051796860,0.0072111958,0.9809184074,0.0066906996
6474,"/kaggle/input/datasets/arafatrahmann/my-data221/Epic and CSCR hospital Dataset/Train/notumor/Tr-no_0077.jpg",2,notumor,2,notumor,0.0052323830,0.0089876456,0.9796817899,0.0060981545
6475,"/kaggle/input/datasets/arafatrahmann/my-data221/Epic and CSCR hospital Dataset/Train/notumor/Tr-no_0078.jpg",2,notumor,2,notumor,0.0057946797,0.0070813475,0.9810625315,0.0060614212
6478,"/kaggle/input/datasets/arafatrahmann/my-data221/Epic and CSCR hospital Dataset/Train/notumor/Tr-no_0081.jpg",2,notumor,2,notumor,0.0060785608,0.0066578933,0.9809910059,0.0062725558
6480,"/kaggle/input/datasets/arafatrahmann/my-data221/Epic and CSCR hospital Dataset/Train/notumor/Tr-no_0083.jpg",2,notumor,2,notumor,0.0054574371,0.0074406578,0.9809118509,0.0061900895
6489,"/kaggle/input/datasets/arafatrahmann/my-data221/Epic and CSCR hospital Dataset/Train/notumor/Tr-no_0092.jpg",2,notumor,2,notumor,0.0057106139,0.0071418248,0.9803140759,0.0068335286
6490,"/kaggle/input/datasets/arafatrahmann/my-data221/Epic and CSCR hospital Dataset/Train/notumor/Tr-no_0093.jpg",2,notumor,3,pituitary,0.0063380906,0.0031536515,0.0133101465,0.9771982431
6494,"/kaggle/input/datasets/arafatrahmann/my-data221/Epic and CSCR hospital Dataset/Train/notumor/Tr-no_0097.jpg",2,notumor,2,notumor,0.0052558882,0.0069946595,0.9810829163,0.0066665621
6505,"/kaggle/input/datasets/arafatrahmann/my-data221/Epic and CSCR hospital Dataset/Train/notumor/Tr-no_0109.jpg",2,notumor,2,notumor,0.0049035815,0.0080184089,0.9801719785,0.0069060251
6509,"/kaggle/input/datasets/arafatrahmann/my-data221/Epic and CSCR hospital Dataset/Train/notumor/Tr-no_0113.jpg",2,notumor,2,notumor,0.0048996550,0.0074072666,0.9801566005,0.0075363754
6514,"/kaggle/input/datasets/arafatrahmann/my-data221/Epic and CSCR hospital Dataset/Train/notumor/Tr-no_0118.jpg",2,notumor,2,notumor,0.0053794063,0.0073275864,0.9811533093,0.0061395909
6521,"/kaggle/input/datasets/arafatrahmann/my-data221/Epic and CSCR hospital Dataset/Train/notumor/Tr-no_0125.jpg",2,notumor,2,notumor,0.0051616621,0.0074237296,0.9807249308,0.0066897250
6526,"/kaggle/input/datasets/arafatrahmann/my-data221/Epic and CSCR hospital Dataset/Train/notumor/Tr-no_0130.jpg",2,notumor,2,notumor,0.0052014673,0.0082522752,0.9803536534,0.0061926008
6527,"/kaggle/input/datasets/arafatrahmann/my-data221/Epic and CSCR hospital Dataset/Train/notumor/Tr-no_0131.jpg",2,notumor,2,notumor,0.0050000190,0.0080062803,0.9802016020,0.0067920545
6529,"/kaggle/input/datasets/arafatrahmann/my-data221/Epic and CSCR hospital Dataset/Train/notumor/Tr-no_0133.jpg",2,notumor,2,notumor,0.0056947982,0.0074632578,0.9807022214,0.0061396947
6532,"/kaggle/input/datasets/arafatrahmann/my-data221/Epic and CSCR hospital Dataset/Train/notumor/Tr-no_0136.jpg",2,notumor,2,notumor,0.0054785646,0.0074513569,0.9808859825,0.0061840722
6536,"/kaggle/input/datasets/arafatrahmann/my-data221/Epic and CSCR hospital Dataset/Train/notumor/Tr-no_0140.jpg",2,notumor,2,notumor,0.0051109777,0.0069558769,0.9810627103,0.0068704570
6539,"/kaggle/input/datasets/arafatrahmann/my-data221/Epic and CSCR hospital Dataset/Train/notumor/Tr-no_0143.jpg",2,notumor,2,notumor,0.0050615016,0.0072642900,0.9806678891,0.0070063360
6540,"/kaggle/input/datasets/arafatrahmann/my-data221/Epic and CSCR hospital Dataset/Train/notumor/Tr-no_0144.jpg",2,notumor,2,notumor,0.0054391972,0.0070176190,0.9810527563,0.0064903884
6547,"/kaggle/input/datasets/arafatrahmann/my-data221/Epic and CSCR hospital Dataset/Train/notumor/Tr-no_0151.jpg",2,notumor,2,notumor,0.0049021598,0.0074007250,0.9804825783,0.0072145117
6550,"/kaggle/input/datasets/arafatrahmann/my-data221/Epic and CSCR hospital Dataset/Train/notumor/Tr-no_0154.jpg",2,notumor,2,notumor,0.0056285895,0.0072956597,0.9809756279,0.0061000981
6556,"/kaggle/input/datasets/arafatrahmann/my-data221/Epic and CSCR hospital Dataset/Train/notumor/Tr-no_0160.jpg",2,notumor,2,notumor,0.0049472735,0.0074679097,0.9804091454,0.0071755974
6562,"/kaggle/input/datasets/arafatrahmann/my-data221/Epic and CSCR hospital Dataset/Train/notumor/Tr-no_0166.jpg",2,notumor,2,notumor,0.0050125504,0.0071959971,0.9806192517,0.0071723089
6563,"/kaggle/input/datasets/arafatrahmann/my-data221/Epic and CSCR hospital Dataset/Train/notumor/Tr-no_0167.jpg",2,notumor,2,notumor,0.0053659729,0.0072517367,0.9810765982,0.0063055619
6570,"/kaggle/input/datasets/arafatrahmann/my-data221/Epic and CSCR hospital Dataset/Train/notumor/Tr-no_0174.jpg",2,notumor,2,notumor,0.0052214386,0.0068373992,0.9810292125,0.0069119348
6574,"/kaggle/input/datasets/arafatrahmann/my-data221/Epic and CSCR hospital Dataset/Train/notumor/Tr-no_0178.jpg",2,notumor,2,notumor,0.0048201941,0.0075126588,0.9804498553,0.0072172731
6578,"/kaggle/input/datasets/arafatrahmann/my-data221/Epic and CSCR hospital Dataset/Train/notumor/Tr-no_0182.jpg",2,notumor,2,notumor,0.0050154836,0.0075760023,0.9806445837,0.0067639113
6583,"/kaggle/input/datasets/arafatrahmann/my-data221/Epic and CSCR hospital Dataset/Train/notumor/Tr-no_0187.jpg",2,notumor,2,notumor,0.0047913673,0.0080308355,0.9803638458,0.0068138391
6587,"/kaggle/input/datasets/arafatrahmann/my-data221/Epic and CSCR hospital Dataset/Train/notumor/Tr-no_0191.jpg",2,notumor,2,notumor,0.0051036058,0.0074826302,0.9809710383,0.0064426931
6592,"/kaggle/input/datasets/arafatrahmann/my-data221/Epic and CSCR hospital Dataset/Train/notumor/Tr-no_0196.jpg",2,notumor,2,notumor,0.0057181325,0.0071047572,0.9810197949,0.0061573014
6593,"/kaggle/input/datasets/arafatrahmann/my-data221/Epic and CSCR hospital Dataset/Train/notumor/Tr-no_0197.jpg",2,notumor,2,notumor,0.0050794575,0.0076605580,0.9804722071,0.0067877942
6599,"/kaggle/input/datasets/arafatrahmann/my-data221/Epic and CSCR hospital Dataset/Train/notumor/Tr-no_0203.jpg",2,notumor,2,notumor,0.0053171860,0.0073771849,0.9808851480,0.0064204922
6612,"/kaggle/input/datasets/arafatrahmann/my-data221/Epic and CSCR hospital Dataset/Train/notumor/Tr-no_0216.jpg",2,notumor,2,notumor,0.0049841935,0.0078998338,0.9802170992,0.0068988563
6624,"/kaggle/input/datasets/arafatrahmann/my-data221/Epic and CSCR hospital Dataset/Train/notumor/Tr-no_0228.jpg",2,notumor,2,notumor,0.0054091727,0.0074662329,0.9806455374,0.0064789476
6627,"/kaggle/input/datasets/arafatrahmann/my-data221/Epic and CSCR hospital Dataset/Train/notumor/Tr-no_0231.jpg",2,notumor,2,notumor,0.0052636126,0.0073477691,0.9807540178,0.0066346736
6640,"/kaggle/input/datasets/arafatrahmann/my-data221/Epic and CSCR hospital Dataset/Train/notumor/Tr-no_0244.jpg",2,notumor,2,notumor,0.0053066015,0.0074667879,0.9807927012,0.0064338967
6646,"/kaggle/input/datasets/arafatrahmann/my-data221/Epic and CSCR hospital Dataset/Train/notumor/Tr-no_0250.jpg",2,notumor,2,notumor,0.0048940801,0.0073250635,0.9807205200,0.0070603825
6663,"/kaggle/input/datasets/arafatrahmann/my-data221/Epic and CSCR hospital Dataset/Train/notumor/Tr-no_0267.jpg",2,notumor,2,notumor,0.0047945185,0.0077790231,0.9802981615,0.0071282997
6664,"/kaggle/input/datasets/arafatrahmann/my-data221/Epic and CSCR hospital Dataset/Train/notumor/Tr-no_0268.jpg",2,notumor,2,notumor,0.0051986799,0.0078438800,0.9805566072,0.0064008189
6666,"/kaggle/input/datasets/arafatrahmann/my-data221/Epic and CSCR hospital Dataset/Train/notumor/Tr-no_0270.jpg",2,notumor,2,notumor,0.0051188301,0.0079473760,0.9801489115,0.0067850025
6669,"/kaggle/input/datasets/arafatrahmann/my-data221/Epic and CSCR hospital Dataset/Train/notumor/Tr-no_0273.jpg",2,notumor,2,notumor,0.0053040320,0.0071145729,0.9812811017,0.0063003018
6671,"/kaggle/input/datasets/arafatrahmann/my-data221/Epic and CSCR hospital Dataset/Train/notumor/Tr-no_0275.jpg",2,notumor,2,notumor,0.0085213147,0.0057162335,0.9716138840,0.0141485306
6680,"/kaggle/input/datasets/arafatrahmann/my-data221/Epic and CSCR hospital Dataset/Train/notumor/Tr-no_0284.jpg",2,notumor,2,notumor,0.0050355960,0.0077089397,0.9805076718,0.0067478335
6682,"/kaggle/input/datasets/arafatrahmann/my-data221/Epic and CSCR hospital Dataset/Train/notumor/Tr-no_0286.jpg",2,notumor,2,notumor,0.0056481799,0.0069224099,0.9806281328,0.0068013384
6689,"/kaggle/input/datasets/arafatrahmann/my-data221/Epic and CSCR hospital Dataset/Train/notumor/Tr-no_0293.jpg",2,notumor,2,notumor,0.0054450692,0.0072652237,0.9806698561,0.0066198325
6694,"/kaggle/input/datasets/arafatrahmann/my-data221/Epic and CSCR hospital Dataset/Train/notumor/Tr-no_0298.jpg",2,notumor,2,notumor,0.0052168984,0.0071756430,0.9810115099,0.0065961094
6702,"/kaggle/input/datasets/arafatrahmann/my-data221/Epic and CSCR hospital Dataset/Train/notumor/Tr-no_0306.jpg",2,notumor,2,notumor,0.0479663201,0.0068014702,0.9395383596,0.0056937519
6706,"/kaggle/input/datasets/arafatrahmann/my-data221/Epic and CSCR hospital Dataset/Train/notumor/Tr-no_0315.jpg",2,notumor,2,notumor,0.0050344807,0.0077241324,0.9805288315,0.0067125531
6707,"/kaggle/input/datasets/arafatrahmann/my-data221/Epic and CSCR hospital Dataset/Train/notumor/Tr-no_0316.jpg",2,notumor,2,notumor,0.0048317648,0.0079346681,0.9800763130,0.0071572610
6709,"/kaggle/input/datasets/arafatrahmann/my-data221/Epic and CSCR hospital Dataset/Train/notumor/Tr-no_0318.jpg",2,notumor,2,notumor,0.0049668588,0.0076910434,0.9806035161,0.0067386134
6710,"/kaggle/input/datasets/arafatrahmann/my-data221/Epic and CSCR hospital Dataset/Train/notumor/Tr-no_0319.jpg",2,notumor,2,notumor,0.0050694244,0.0077246130,0.9805585742,0.0066474127
6724,"/kaggle/input/datasets/arafatrahmann/my-data221/Epic and CSCR hospital Dataset/Train/notumor/Tr-no_0333.jpg",2,notumor,2,notumor,0.0055489065,0.0070661781,0.9811155200,0.0062692859
6725,"/kaggle/input/datasets/arafatrahmann/my-data221/Epic and CSCR hospital Dataset/Train/notumor/Tr-no_0334.jpg",2,notumor,2,notumor,0.0048267399,0.0071638664,0.9805912971,0.0074180760
6729,"/kaggle/input/datasets/arafatrahmann/my-data221/Epic and CSCR hospital Dataset/Train/notumor/Tr-no_0338.jpg",2,notumor,2,notumor,0.0048875110,0.0074027302,0.9804254770,0.0072843768
6731,"/kaggle/input/datasets/arafatrahmann/my-data221/Epic and CSCR hospital Dataset/Train/notumor/Tr-no_0340.jpg",2,notumor,2,notumor,0.0049628918,0.0074219992,0.9801335335,0.0074815229
6733,"/kaggle/input/datasets/arafatrahmann/my-data221/Epic and CSCR hospital Dataset/Train/notumor/Tr-no_0342.jpg",2,notumor,2,notumor,0.0050504254,0.0080076959,0.9802568555,0.0066850549
6739,"/kaggle/input/datasets/arafatrahmann/my-data221/Epic and CSCR hospital Dataset/Train/notumor/Tr-no_0348.jpg",2,notumor,2,notumor,0.0052338755,0.0078426944,0.9805181623,0.0064053098
6742,"/kaggle/input/datasets/arafatrahmann/my-data221/Epic and CSCR hospital Dataset/Train/notumor/Tr-no_0351.jpg",2,notumor,2,notumor,0.0051893676,0.0074009141,0.9807407260,0.0066690212
6744,"/kaggle/input/datasets/arafatrahmann/my-data221/Epic and CSCR hospital Dataset/Train/notumor/Tr-no_0353.jpg",2,notumor,2,notumor,0.0051911576,0.0069933371,0.9807182550,0.0070973067
6748,"/kaggle/input/datasets/arafatrahmann/my-data221/Epic and CSCR hospital Dataset/Train/notumor/Tr-no_0357.jpg",2,notumor,2,notumor,0.0049034143,0.0078796688,0.9804021716,0.0068147741
6749,"/kaggle/input/datasets/arafatrahmann/my-data221/Epic and CSCR hospital Dataset/Train/notumor/Tr-no_0358.jpg",2,notumor,2,notumor,0.0057329442,0.0067995945,0.9811099768,0.0063574486
6759,"/kaggle/input/datasets/arafatrahmann/my-data221/Epic and CSCR hospital Dataset/Train/notumor/Tr-no_0368.jpg",2,notumor,2,notumor,0.0051415963,0.0074176341,0.9806905985,0.0067502605
6767,"/kaggle/input/datasets/arafatrahmann/my-data221/Epic and CSCR hospital Dataset/Train/notumor/Tr-no_0376.jpg",2,notumor,2,notumor,0.0055210148,0.0071265064,0.9808294177,0.0065230876
6768,"/kaggle/input/datasets/arafatrahmann/my-data221/Epic and CSCR hospital Dataset/Train/notumor/Tr-no_0377.jpg",2,notumor,2,notumor,0.0051434701,0.0077110501,0.9807025790,0.0064429292
6779,"/kaggle/input/datasets/arafatrahmann/my-data221/Epic and CSCR hospital Dataset/Train/notumor/Tr-no_0388.jpg",2,notumor,2,notumor,0.0135008711,0.0067700506,0.9739036560,0.0058253906
6783,"/kaggle/input/datasets/arafatrahmann/my-data221/Epic and CSCR hospital Dataset/Train/notumor/Tr-no_0392.jpg",2,notumor,2,notumor,0.0049724788,0.0074703256,0.9807244539,0.0068327226
6785,"/kaggle/input/datasets/arafatrahmann/my-data221/Epic and CSCR hospital Dataset/Train/notumor/Tr-no_0394.jpg",2,notumor,2,notumor,0.0051300004,0.0073302090,0.9805991054,0.0069406936
6823,"/kaggle/input/datasets/arafatrahmann/my-data221/Epic and CSCR hospital Dataset/Train/notumor/Tr-no_0432.jpg",2,notumor,2,notumor,0.0049441764,0.0073112943,0.9808746576,0.0068698651
6824,"/kaggle/input/datasets/arafatrahmann/my-data221/Epic and CSCR hospital Dataset/Train/notumor/Tr-no_0433.jpg",2,notumor,2,notumor,0.0053324969,0.0070157521,0.9810898900,0.0065619401
6828,"/kaggle/input/datasets/arafatrahmann/my-data221/Epic and CSCR hospital Dataset/Train/notumor/Tr-no_0437.jpg",2,notumor,2,notumor,0.0049783783,0.0076691313,0.9805577993,0.0067945356
6839,"/kaggle/input/datasets/arafatrahmann/my-data221/Epic and CSCR hospital Dataset/Train/notumor/Tr-no_0448.jpg",2,notumor,2,notumor,0.0050510364,0.0075382874,0.9803776741,0.0070330515
6844,"/kaggle/input/datasets/arafatrahmann/my-data221/Epic and CSCR hospital Dataset/Train/notumor/Tr-no_0453.jpg",2,notumor,2,notumor,0.0050588651,0.0071876263,0.9807823300,0.0069711753
6853,"/kaggle/input/datasets/arafatrahmann/my-data221/Epic and CSCR hospital Dataset/Train/notumor/Tr-no_0462.jpg",2,notumor,2,notumor,0.0049957167,0.0072718067,0.9805911183,0.0071413172
6867,"/kaggle/input/datasets/arafatrahmann/my-data221/Epic and CSCR hospital Dataset/Train/notumor/Tr-no_0476.jpg",2,notumor,2,notumor,0.0050134882,0.0076003163,0.9806362391,0.0067500388
6875,"/kaggle/input/datasets/arafatrahmann/my-data221/Epic and CSCR hospital Dataset/Train/notumor/Tr-no_0484.jpg",2,notumor,2,notumor,0.0049457932,0.0079646995,0.9803171158,0.0067723775
6879,"/kaggle/input/datasets/arafatrahmann/my-data221/Epic and CSCR hospital Dataset/Train/notumor/Tr-no_0488.jpg",2,notumor,2,notumor,0.0048320531,0.0079216203,0.9802628756,0.0069833784
6881,"/kaggle/input/datasets/arafatrahmann/my-data221/Epic and CSCR hospital Dataset/Train/notumor/Tr-no_0490.jpg",2,notumor,2,notumor,0.0050348551,0.0076723597,0.9804916382,0.0068011791
6882,"/kaggle/input/datasets/arafatrahmann/my-data221/Epic and CSCR hospital Dataset/Train/notumor/Tr-no_0491.jpg",2,notumor,2,notumor,0.0050301477,0.0078093857,0.9803778529,0.0067826370
6888,"/kaggle/input/datasets/arafatrahmann/my-data221/Epic and CSCR hospital Dataset/Train/notumor/Tr-no_0497.jpg",2,notumor,2,notumor,0.0050898865,0.0079851616,0.9802476168,0.0066773454
6890,"/kaggle/input/datasets/arafatrahmann/my-data221/Epic and CSCR hospital Dataset/Train/notumor/Tr-no_0504.jpg",2,notumor,2,notumor,0.0052361870,0.0075921686,0.9807295799,0.0064420872
6893,"/kaggle/input/datasets/arafatrahmann/my-data221/Epic and CSCR hospital Dataset/Train/notumor/Tr-no_0507.jpg",2,notumor,2,notumor,0.0050333813,0.0077948370,0.9802543521,0.0069174068
6897,"/kaggle/input/datasets/arafatrahmann/my-data221/Epic and CSCR hospital Dataset/Train/notumor/Tr-no_0511.jpg",2,notumor,2,notumor,0.0050497674,0.0076718540,0.9806281924,0.0066502029
6900,"/kaggle/input/datasets/arafatrahmann/my-data221/Epic and CSCR hospital Dataset/Train/notumor/Tr-no_0514.jpg",2,notumor,2,notumor,0.0050949194,0.0079984833,0.9801600575,0.0067465492
6904,"/kaggle/input/datasets/arafatrahmann/my-data221/Epic and CSCR hospital Dataset/Train/notumor/Tr-no_0518.jpg",2,notumor,2,notumor,0.0046878359,0.0075515844,0.9803797007,0.0073808180
6907,"/kaggle/input/datasets/arafatrahmann/my-data221/Epic and CSCR hospital Dataset/Train/notumor/Tr-no_0521.jpg",2,notumor,2,notumor,0.0047888481,0.0075044334,0.9803587198,0.0073480732
6910,"/kaggle/input/datasets/arafatrahmann/my-data221/Epic and CSCR hospital Dataset/Train/notumor/Tr-no_0524.jpg",2,notumor,2,notumor,0.0049105072,0.0072051734,0.9805332422,0.0073510902
6921,"/kaggle/input/datasets/arafatrahmann/my-data221/Epic and CSCR hospital Dataset/Train/notumor/Tr-no_0535.jpg",2,notumor,2,notumor,0.0050159842,0.0073430701,0.9804546237,0.0071863243
6929,"/kaggle/input/datasets/arafatrahmann/my-data221/Epic and CSCR hospital Dataset/Train/notumor/Tr-no_0543.jpg",2,notumor,2,notumor,0.0048664412,0.0070935958,0.9805690646,0.0074708359
6933,"/kaggle/input/datasets/arafatrahmann/my-data221/Epic and CSCR hospital Dataset/Train/notumor/Tr-no_0547.jpg",2,notumor,2,notumor,0.0049100313,0.0075047077,0.9804223180,0.0071630003
6934,"/kaggle/input/datasets/arafatrahmann/my-data221/Epic and CSCR hospital Dataset/Train/notumor/Tr-no_0548.jpg",2,notumor,2,notumor,0.0049874755,0.0075376965,0.9803024530,0.0071723955
6937,"/kaggle/input/datasets/arafatrahmann/my-data221/Epic and CSCR hospital Dataset/Train/notumor/Tr-no_0551.jpg",2,notumor,2,notumor,0.0051698531,0.0073408028,0.9804368019,0.0070524788
6940,"/kaggle/input/datasets/arafatrahmann/my-data221/Epic and CSCR hospital Dataset/Train/notumor/Tr-no_0554.jpg",2,notumor,2,notumor,0.0055884472,0.0069086179,0.9811045527,0.0063983402
6944,"/kaggle/input/datasets/arafatrahmann/my-data221/Epic and CSCR hospital Dataset/Train/notumor/Tr-no_0558.jpg",2,notumor,2,notumor,0.0048086154,0.0074342238,0.9804875255,0.0072695976
6946,"/kaggle/input/datasets/arafatrahmann/my-data221/Epic and CSCR hospital Dataset/Train/notumor/Tr-no_0560.jpg",2,notumor,2,notumor,0.0051146084,0.0072612986,0.9806807637,0.0069433190
6953,"/kaggle/input/datasets/arafatrahmann/my-data221/Epic and CSCR hospital Dataset/Train/notumor/Tr-no_0567.jpg",2,notumor,2,notumor,0.0050546178,0.0070005446,0.9810460806,0.0068987301
6960,"/kaggle/input/datasets/arafatrahmann/my-data221/Epic and CSCR hospital Dataset/Train/notumor/Tr-no_0574.jpg",2,notumor,2,notumor,0.0050513106,0.0078918850,0.9802016020,0.0068551884
6962,"/kaggle/input/datasets/arafatrahmann/my-data221/Epic and CSCR hospital Dataset/Train/notumor/Tr-no_0576.jpg",2,notumor,2,notumor,0.0048895245,0.0079643847,0.9802834392,0.0068625882
6971,"/kaggle/input/datasets/arafatrahmann/my-data221/Epic and CSCR hospital Dataset/Train/notumor/Tr-no_0585.jpg",2,notumor,2,notumor,0.0049230708,0.0073980419,0.9804027677,0.0072760931
6973,"/kaggle/input/datasets/arafatrahmann/my-data221/Epic and CSCR hospital Dataset/Train/notumor/Tr-no_0587.jpg",2,notumor,2,notumor,0.0051102545,0.0076118344,0.9806222916,0.0066556288
6977,"/kaggle/input/datasets/arafatrahmann/my-data221/Epic and CSCR hospital Dataset/Train/notumor/Tr-no_0591.jpg",2,notumor,2,notumor,0.0049344683,0.0073866905,0.9806032181,0.0070755789
6983,"/kaggle/input/datasets/arafatrahmann/my-data221/Epic and CSCR hospital Dataset/Train/notumor/Tr-no_0597.jpg",2,notumor,2,notumor,0.0050555635,0.0076102167,0.9808893204,0.0064449250
6989,"/kaggle/input/datasets/arafatrahmann/my-data221/Epic and CSCR hospital Dataset/Train/notumor/Tr-no_0603.jpg",2,notumor,2,notumor,0.0050987704,0.0078343917,0.9801875949,0.0068791904
6995,"/kaggle/input/datasets/arafatrahmann/my-data221/Epic and CSCR hospital Dataset/Train/notumor/Tr-no_0609.jpg",2,notumor,2,notumor,0.0052107521,0.0072183004,0.9808650017,0.0067059519
6997,"/kaggle/input/datasets/arafatrahmann/my-data221/Epic and CSCR hospital Dataset/Train/notumor/Tr-no_0611.jpg",2,notumor,2,notumor,0.0052190209,0.0075132893,0.9807786942,0.0064889155
7001,"/kaggle/input/datasets/arafatrahmann/my-data221/Epic and CSCR hospital Dataset/Train/notumor/Tr-no_0615.jpg",2,notumor,2,notumor,0.0051687686,0.0069846017,0.9807828665,0.0070637641
7002,"/kaggle/input/datasets/arafatrahmann/my-data221/Epic and CSCR hospital Dataset/Train/notumor/Tr-no_0616.jpg",2,notumor,2,notumor,0.0051570917,0.0075289020,0.9808581471,0.0064558336
7005,"/kaggle/input/datasets/arafatrahmann/my-data221/Epic and CSCR hospital Dataset/Train/notumor/Tr-no_0619.jpg",2,notumor,2,notumor,0.0049932441,0.0080042239,0.9802066684,0.0067959120
7006,"/kaggle/input/datasets/arafatrahmann/my-data221/Epic and CSCR hospital Dataset/Train/notumor/Tr-no_0620.jpg",2,notumor,2,notumor,0.0050194347,0.0079951007,0.9804047346,0.0065806978
7008,"/kaggle/input/datasets/arafatrahmann/my-data221/Epic and CSCR hospital Dataset/Train/notumor/Tr-no_0622.jpg",2,notumor,2,notumor,0.0050018569,0.0079907980,0.9803689122,0.0066384687
7016,"/kaggle/input/datasets/arafatrahmann/my-data221/Epic and CSCR hospital Dataset/Train/notumor/Tr-no_0630.jpg",2,notumor,2,notumor,0.0050458061,0.0080306726,0.9800631404,0.0068603950
7028,"/kaggle/input/datasets/arafatrahmann/my-data221/Epic and CSCR hospital Dataset/Train/notumor/Tr-no_0642.jpg",2,notumor,2,notumor,0.0050073038,0.0075702160,0.9808148146,0.0066076019
7029,"/kaggle/input/datasets/arafatrahmann/my-data221/Epic and CSCR hospital Dataset/Train/notumor/Tr-no_0643.jpg",2,notumor,2,notumor,0.0049810149,0.0074953707,0.9803534746,0.0071701435
7037,"/kaggle/input/datasets/arafatrahmann/my-data221/Epic and CSCR hospital Dataset/Train/notumor/Tr-no_0651.jpg",2,notumor,2,notumor,0.0049327989,0.0077866754,0.9801281691,0.0071523734
7038,"/kaggle/input/datasets/arafatrahmann/my-data221/Epic and CSCR hospital Dataset/Train/notumor/Tr-no_0667.jpg",2,notumor,2,notumor,0.0050870888,0.0079361172,0.9800751805,0.0069016204
7049,"/kaggle/input/datasets/arafatrahmann/my-data221/Epic and CSCR hospital Dataset/Train/notumor/Tr-no_0689.jpg",2,notumor,2,notumor,0.0050823223,0.0077222362,0.9802292585,0.0069661401
7053,"/kaggle/input/datasets/arafatrahmann/my-data221/Epic and CSCR hospital Dataset/Train/notumor/Tr-no_0693.jpg",2,notumor,2,notumor,0.0050119101,0.0075306753,0.9811635017,0.0062939897
7054,"/kaggle/input/datasets/arafatrahmann/my-data221/Epic and CSCR hospital Dataset/Train/notumor/Tr-no_0694.jpg",2,notumor,2,notumor,0.0051285387,0.0079495367,0.9801700711,0.0067518069
7055,"/kaggle/input/datasets/arafatrahmann/my-data221/Epic and CSCR hospital Dataset/Train/notumor/Tr-no_0695.jpg",2,notumor,2,notumor,0.0051908265,0.0070331790,0.9808601141,0.0069159754
7062,"/kaggle/input/datasets/arafatrahmann/my-data221/Epic and CSCR hospital Dataset/Train/notumor/image(140) - Copy.jpg",2,notumor,2,notumor,0.0052515604,0.0079089114,0.9806364775,0.0062030023
7066,"/kaggle/input/datasets/arafatrahmann/my-data221/Epic and CSCR hospital Dataset/Train/notumor/image(142) - Copy.jpg",2,notumor,2,notumor,0.0051219417,0.0081441328,0.9805925488,0.0061413608
7068,"/kaggle/input/datasets/arafatrahmann/my-data221/Epic and CSCR hospital Dataset/Train/notumor/image(143) - Copy.jpg",2,notumor,2,notumor,0.0050420500,0.0080674123,0.9800571203,0.0068334108
7073,"/kaggle/input/datasets/arafatrahmann/my-data221/Epic and CSCR hospital Dataset/Train/notumor/image(145).jpg",2,notumor,2,notumor,0.0053489180,0.0080058184,0.9805108309,0.0061344854
7080,"/kaggle/input/datasets/arafatrahmann/my-data221/Epic and CSCR hospital Dataset/Train/notumor/image(149) - Copy.jpg",2,notumor,2,notumor,0.0053974618,0.0073467456,0.9810969234,0.0061587938
7085,"/kaggle/input/datasets/arafatrahmann/my-data221/Epic and CSCR hospital Dataset/Train/notumor/image(150).jpg",2,notumor,2,notumor,0.0053180302,0.0075315563,0.9805617332,0.0065888092
7095,"/kaggle/input/datasets/arafatrahmann/my-data221/Epic and CSCR hospital Dataset/Train/notumor/image(155).jpg",2,notumor,2,notumor,0.0052323346,0.0082836775,0.9802826643,0.0062011601
7098,"/kaggle/input/datasets/arafatrahmann/my-data221/Epic and CSCR hospital Dataset/Train/notumor/image(157) - Copy.jpg",2,notumor,2,notumor,0.0051843626,0.0082157031,0.9804328084,0.0061671892
7099,"/kaggle/input/datasets/arafatrahmann/my-data221/Epic and CSCR hospital Dataset/Train/notumor/image(157).jpg",2,notumor,2,notumor,0.0052096378,0.0082644466,0.9803313017,0.0061946590
7100,"/kaggle/input/datasets/arafatrahmann/my-data221/Epic and CSCR hospital Dataset/Train/notumor/image(158) - Copy.jpg",2,notumor,2,notumor,0.0056284857,0.0073834583,0.9808747172,0.0061132656
7102,"/kaggle/input/datasets/arafatrahmann/my-data221/Epic and CSCR hospital Dataset/Train/notumor/image(159) - Copy.jpg",2,notumor,2,notumor,0.0053491751,0.0076390007,0.9808353186,0.0061764806
7103,"/kaggle/input/datasets/arafatrahmann/my-data221/Epic and CSCR hospital Dataset/Train/notumor/image(159).jpg",2,notumor,2,notumor,0.0052952906,0.0075384914,0.9810078740,0.0061583212
7107,"/kaggle/input/datasets/arafatrahmann/my-data221/Epic and CSCR hospital Dataset/Train/notumor/image(161).jpg",2,notumor,2,notumor,0.0054998891,0.0076331124,0.9805568457,0.0063101328
7108,"/kaggle/input/datasets/arafatrahmann/my-data221/Epic and CSCR hospital Dataset/Train/notumor/image(162).jpg",2,notumor,2,notumor,0.0055785333,0.0072752289,0.9807707071,0.0063756080
7109,"/kaggle/input/datasets/arafatrahmann/my-data221/Epic and CSCR hospital Dataset/Train/notumor/image(163).jpg",2,notumor,2,notumor,0.0052239187,0.0073312633,0.9808534384,0.0065913051
7125,"/kaggle/input/datasets/arafatrahmann/my-data221/Epic and CSCR hospital Dataset/Train/notumor/image(186).jpg",2,notumor,2,notumor,0.0053761671,0.0073075355,0.9804757833,0.0068404130
7127,"/kaggle/input/datasets/arafatrahmann/my-data221/Epic and CSCR hospital Dataset/Train/notumor/image(188).jpg",2,notumor,2,notumor,0.0050549651,0.0072555901,0.9805061221,0.0071833851
7132,"/kaggle/input/datasets/arafatrahmann/my-data221/Epic and CSCR hospital Dataset/Train/notumor/image(193).jpg",2,notumor,2,notumor,0.0050660991,0.0075548836,0.9805668592,0.0068120696
7135,"/kaggle/input/datasets/arafatrahmann/my-data221/Epic and CSCR hospital Dataset/Train/notumor/no 90.jpg",2,notumor,2,notumor,0.0054700249,0.0069017136,0.9812088013,0.0064194491
7137,"/kaggle/input/datasets/arafatrahmann/my-data221/Epic and CSCR hospital Dataset/Train/notumor/no 92.jpg",2,notumor,2,notumor,0.0054346891,0.0070631541,0.9810689688,0.0064332336
7142,"/kaggle/input/datasets/arafatrahmann/my-data221/Epic and CSCR hospital Dataset/Train/notumor/no 97.jpg",2,notumor,2,notumor,0.0051838192,0.0079534249,0.9804996252,0.0063631842
7143,"/kaggle/input/datasets/arafatrahmann/my-data221/Epic and CSCR hospital Dataset/Train/notumor/no 98.jpg",2,notumor,2,notumor,0.0051534884,0.0072869519,0.9808349609,0.0067246668
7147,"/kaggle/input/datasets/arafatrahmann/my-data221/Epic and CSCR hospital Dataset/Train/pituitary/1179.jpg",3,pituitary,3,pituitary,0.0054519130,0.0078052580,0.0076559349,0.9790868759
7151,"/kaggle/input/datasets/arafatrahmann/my-data221/Epic and CSCR hospital Dataset/Train/pituitary/1183.jpg",3,pituitary,3,pituitary,0.0055967462,0.0078516500,0.0076927831,0.9788587689
7158,"/kaggle/input/datasets/arafatrahmann/my-data221/Epic and CSCR hospital Dataset/Train/pituitary/1190.jpg",3,pituitary,3,pituitary,0.0056395261,0.0061127995,0.0072228825,0.9810247421
7162,"/kaggle/input/datasets/arafatrahmann/my-data221/Epic and CSCR hospital Dataset/Train/pituitary/1194.jpg",3,pituitary,3,pituitary,0.0055057695,0.0070333863,0.0074532940,0.9800075293
7178,"/kaggle/input/datasets/arafatrahmann/my-data221/Epic and CSCR hospital Dataset/Train/pituitary/P_706_RO_.jpg",3,pituitary,3,pituitary,0.0059539434,0.0059193415,0.0072797663,0.9808468819
7187,"/kaggle/input/datasets/arafatrahmann/my-data221/Epic and CSCR hospital Dataset/Train/pituitary/P_70_SP_.jpg",3,pituitary,3,pituitary,0.0056469087,0.0085256798,0.0074572279,0.9783700705
7188,"/kaggle/input/datasets/arafatrahmann/my-data221/Epic and CSCR hospital Dataset/Train/pituitary/P_70_VF_.jpg",3,pituitary,3,pituitary,0.0053871954,0.0068178540,0.0073504336,0.9804444313
7189,"/kaggle/input/datasets/arafatrahmann/my-data221/Epic and CSCR hospital Dataset/Train/pituitary/P_71.jpg",3,pituitary,3,pituitary,0.0054480257,0.0087278355,0.0076091751,0.9782149196
7199,"/kaggle/input/datasets/arafatrahmann/my-data221/Epic and CSCR hospital Dataset/Train/pituitary/P_711_DA_.jpg",3,pituitary,3,pituitary,0.0055458685,0.0063124835,0.0079521965,0.9801894426
7205,"/kaggle/input/datasets/arafatrahmann/my-data221/Epic and CSCR hospital Dataset/Train/pituitary/P_712_BR_.jpg",3,pituitary,3,pituitary,0.0051403665,0.0059860097,0.0080509856,0.9808226824
7213,"/kaggle/input/datasets/arafatrahmann/my-data221/Epic and CSCR hospital Dataset/Train/pituitary/P_713_DA_.jpg",3,pituitary,3,pituitary,0.0057206177,0.0061955913,0.0079729650,0.9801107645
7230,"/kaggle/input/datasets/arafatrahmann/my-data221/Epic and CSCR hospital Dataset/Train/pituitary/P_715_SP_.jpg",3,pituitary,3,pituitary,0.0056143408,0.0066885850,0.0071447855,0.9805523157
7233,"/kaggle/input/datasets/arafatrahmann/my-data221/Epic and CSCR hospital Dataset/Train/pituitary/P_716_BR_.jpg",3,pituitary,3,pituitary,0.0052965162,0.0055773538,0.0078258608,0.9813002348
7237,"/kaggle/input/datasets/arafatrahmann/my-data221/Epic and CSCR hospital Dataset/Train/pituitary/P_716_SP_.jpg",3,pituitary,3,pituitary,0.0056132856,0.0055684280,0.0073314100,0.9814869761
7250,"/kaggle/input/datasets/arafatrahmann/my-data221/Epic and CSCR hospital Dataset/Train/pituitary/P_718_RO_.jpg",3,pituitary,3,pituitary,0.0055034142,0.0058250572,0.0078320671,0.9808394313
7268,"/kaggle/input/datasets/arafatrahmann/my-data221/Epic and CSCR hospital Dataset/Train/pituitary/P_720_BR_.jpg",3,pituitary,3,pituitary,0.0049311011,0.0066734604,0.0080658710,0.9803296328
7269,"/kaggle/input/datasets/arafatrahmann/my-data221/Epic and CSCR hospital Dataset/Train/pituitary/P_720_DA_.jpg",3,pituitary,3,pituitary,0.0057145040,0.0062986976,0.0078088976,0.9801779985
7270,"/kaggle/input/datasets/arafatrahmann/my-data221/Epic and CSCR hospital Dataset/Train/pituitary/P_720_HF_.jpg",3,pituitary,3,pituitary,0.0054217167,0.0058196834,0.0073480061,0.9814106226
7271,"/kaggle/input/datasets/arafatrahmann/my-data221/Epic and CSCR hospital Dataset/Train/pituitary/P_720_RO_.jpg",3,pituitary,3,pituitary,0.0055127540,0.0056861015,0.0073431944,0.9814578891
7277,"/kaggle/input/datasets/arafatrahmann/my-data221/Epic and CSCR hospital Dataset/Train/pituitary/P_721_HF_.jpg",3,pituitary,3,pituitary,0.0054022833,0.0056651277,0.0074569918,0.9814756513
7281,"/kaggle/input/datasets/arafatrahmann/my-data221/Epic and CSCR hospital Dataset/Train/pituitary/P_722.jpg",3,pituitary,3,pituitary,0.0053677512,0.0065048016,0.0073829391,0.9807444811
7283,"/kaggle/input/datasets/arafatrahmann/my-data221/Epic and CSCR hospital Dataset/Train/pituitary/P_722_DA_.jpg",3,pituitary,3,pituitary,0.0057091401,0.0059796600,0.0077730329,0.9805380702
7284,"/kaggle/input/datasets/arafatrahmann/my-data221/Epic and CSCR hospital Dataset/Train/pituitary/P_722_HF_.jpg",3,pituitary,3,pituitary,0.0054864278,0.0056415498,0.0073516099,0.9815204740
7289,"/kaggle/input/datasets/arafatrahmann/my-data221/Epic and CSCR hospital Dataset/Train/pituitary/P_723_BR_.jpg",3,pituitary,3,pituitary,0.0049465280,0.0065154219,0.0082701202,0.9802678823
7306,"/kaggle/input/datasets/arafatrahmann/my-data221/Epic and CSCR hospital Dataset/Train/pituitary/P_725_RO_.jpg",3,pituitary,3,pituitary,0.0055161724,0.0078423414,0.0074521862,0.9791893959
7307,"/kaggle/input/datasets/arafatrahmann/my-data221/Epic and CSCR hospital Dataset/Train/pituitary/P_725_SP_.jpg",3,pituitary,3,pituitary,0.0058576381,0.0065851756,0.0072977506,0.9802594185
7309,"/kaggle/input/datasets/arafatrahmann/my-data221/Epic and CSCR hospital Dataset/Train/pituitary/P_726.jpg",3,pituitary,3,pituitary,0.0054414710,0.0061298390,0.0073197819,0.9811088443
7310,"/kaggle/input/datasets/arafatrahmann/my-data221/Epic and CSCR hospital Dataset/Train/pituitary/P_726_BR_.jpg",3,pituitary,3,pituitary,0.0051523717,0.0052181692,0.0083417604,0.9812877774
7315,"/kaggle/input/datasets/arafatrahmann/my-data221/Epic and CSCR hospital Dataset/Train/pituitary/P_726_VF_.jpg",3,pituitary,3,pituitary,0.0055470066,0.0050152875,0.0074875141,0.9819501638
7325,"/kaggle/input/datasets/arafatrahmann/my-data221/Epic and CSCR hospital Dataset/Train/pituitary/P_728_DA_.jpg",3,pituitary,3,pituitary,0.0057830689,0.0063235974,0.0081426501,0.9797506332
7332,"/kaggle/input/datasets/arafatrahmann/my-data221/Epic and CSCR hospital Dataset/Train/pituitary/P_729_DA_.jpg",3,pituitary,3,pituitary,0.0057914653,0.0064075529,0.0077841193,0.9800168276
7335,"/kaggle/input/datasets/arafatrahmann/my-data221/Epic and CSCR hospital Dataset/Train/pituitary/P_729_SP_.jpg",3,pituitary,3,pituitary,0.0058842408,0.0054033641,0.0071399682,0.9815724492
7337,"/kaggle/input/datasets/arafatrahmann/my-data221/Epic and CSCR hospital Dataset/Train/pituitary/P_72_BR_.jpg",3,pituitary,3,pituitary,0.0050411918,0.0074918396,0.0082803462,0.9791866541
7344,"/kaggle/input/datasets/arafatrahmann/my-data221/Epic and CSCR hospital Dataset/Train/pituitary/P_730.jpg",3,pituitary,3,pituitary,0.0056708809,0.0068622595,0.0076540052,0.9798128009
7346,"/kaggle/input/datasets/arafatrahmann/my-data221/Epic and CSCR hospital Dataset/Train/pituitary/P_730_DA_.jpg",3,pituitary,3,pituitary,0.0058194972,0.0062867305,0.0080288872,0.9798648953
7358,"/kaggle/input/datasets/arafatrahmann/my-data221/Epic and CSCR hospital Dataset/Train/pituitary/P_732.jpg",3,pituitary,3,pituitary,0.0054956572,0.0066369749,0.0078088134,0.9800584912
7359,"/kaggle/input/datasets/arafatrahmann/my-data221/Epic and CSCR hospital Dataset/Train/pituitary/P_732_BR_.jpg",3,pituitary,3,pituitary,0.0053229285,0.0051245214,0.0084719136,0.9810806513
7364,"/kaggle/input/datasets/arafatrahmann/my-data221/Epic and CSCR hospital Dataset/Train/pituitary/P_732_VF_.jpg",3,pituitary,3,pituitary,0.0055293939,0.0059017581,0.0081821289,0.9803866148
7369,"/kaggle/input/datasets/arafatrahmann/my-data221/Epic and CSCR hospital Dataset/Train/pituitary/P_733_RO_.jpg",3,pituitary,3,pituitary,0.0056105652,0.0064169494,0.0077216388,0.9802508354
7370,"/kaggle/input/datasets/arafatrahmann/my-data221/Epic and CSCR hospital Dataset/Train/pituitary/P_733_SP_.jpg",3,pituitary,3,pituitary,0.0056500291,0.0054441690,0.0078195948,0.9810861349
7375,"/kaggle/input/datasets/arafatrahmann/my-data221/Epic and CSCR hospital Dataset/Train/pituitary/P_734_HF_.jpg",3,pituitary,3,pituitary,0.0053636036,0.0063065803,0.0074158125,0.9809139967
7376,"/kaggle/input/datasets/arafatrahmann/my-data221/Epic and CSCR hospital Dataset/Train/pituitary/P_734_RO_.jpg",3,pituitary,3,pituitary,0.0061094509,0.0054942104,0.0072327862,0.9811636209
7381,"/kaggle/input/datasets/arafatrahmann/my-data221/Epic and CSCR hospital Dataset/Train/pituitary/P_735_DA_.jpg",3,pituitary,3,pituitary,0.0059178686,0.0069675087,0.0077633671,0.9793513417
7387,"/kaggle/input/datasets/arafatrahmann/my-data221/Epic and CSCR hospital Dataset/Train/pituitary/P_736_BR_.jpg",3,pituitary,3,pituitary,0.0052026575,0.0057573989,0.0082110083,0.9808289409
7392,"/kaggle/input/datasets/arafatrahmann/my-data221/Epic and CSCR hospital Dataset/Train/pituitary/P_736_VF_.jpg",3,pituitary,3,pituitary,0.0053610899,0.0065627107,0.0077304305,0.9803458452
7397,"/kaggle/input/datasets/arafatrahmann/my-data221/Epic and CSCR hospital Dataset/Train/pituitary/P_737_RO_.jpg",3,pituitary,3,pituitary,0.0055617169,0.0062543526,0.0073653385,0.9808186293
7403,"/kaggle/input/datasets/arafatrahmann/my-data221/Epic and CSCR hospital Dataset/Train/pituitary/P_738_HF_.jpg",3,pituitary,3,pituitary,0.0054109832,0.0084836902,0.0073884530,0.9787169695
7406,"/kaggle/input/datasets/arafatrahmann/my-data221/Epic and CSCR hospital Dataset/Train/pituitary/P_738_VF_.jpg",3,pituitary,3,pituitary,0.0055648885,0.0065050647,0.0073485114,0.9805814624
7408,"/kaggle/input/datasets/arafatrahmann/my-data221/Epic and CSCR hospital Dataset/Train/pituitary/P_739_BR_.jpg",3,pituitary,3,pituitary,0.0052317050,0.0057816571,0.0079618432,0.9810247421
7409,"/kaggle/input/datasets/arafatrahmann/my-data221/Epic and CSCR hospital Dataset/Train/pituitary/P_739_DA_.jpg",3,pituitary,3,pituitary,0.0060726805,0.0072804140,0.0075913989,0.9790555239
7415,"/kaggle/input/datasets/arafatrahmann/my-data221/Epic and CSCR hospital Dataset/Train/pituitary/P_73_DA_.jpg",3,pituitary,3,pituitary,0.0057563307,0.0068980316,0.0080975788,0.9792481661
7420,"/kaggle/input/datasets/arafatrahmann/my-data221/Epic and CSCR hospital Dataset/Train/pituitary/P_74.jpg",3,pituitary,3,pituitary,0.0055657560,0.0069505931,0.0078920573,0.9795916677
7430,"/kaggle/input/datasets/arafatrahmann/my-data221/Epic and CSCR hospital Dataset/Train/pituitary/P_741_DA_.jpg",3,pituitary,3,pituitary,0.0062788255,0.0076529831,0.0072135711,0.9788546562
7451,"/kaggle/input/datasets/arafatrahmann/my-data221/Epic and CSCR hospital Dataset/Train/pituitary/P_744_DA_.jpg",3,pituitary,3,pituitary,0.0057905400,0.0070555657,0.0078523941,0.9793015718
7452,"/kaggle/input/datasets/arafatrahmann/my-data221/Epic and CSCR hospital Dataset/Train/pituitary/P_744_HF_.jpg",3,pituitary,3,pituitary,0.0053463364,0.0062716580,0.0074721156,0.9809099436
7455,"/kaggle/input/datasets/arafatrahmann/my-data221/Epic and CSCR hospital Dataset/Train/pituitary/P_744_VF_.jpg",3,pituitary,3,pituitary,0.0052666147,0.0067025116,0.0076081194,0.9804227948
7456,"/kaggle/input/datasets/arafatrahmann/my-data221/Epic and CSCR hospital Dataset/Train/pituitary/P_745.jpg",3,pituitary,3,pituitary,0.0053450288,0.0065228106,0.0075124716,0.9806197286
7458,"/kaggle/input/datasets/arafatrahmann/my-data221/Epic and CSCR hospital Dataset/Train/pituitary/P_745_DA_.jpg",3,pituitary,3,pituitary,0.0057012364,0.0065500280,0.0078036906,0.9799450040
7461,"/kaggle/input/datasets/arafatrahmann/my-data221/Epic and CSCR hospital Dataset/Train/pituitary/P_745_SP_.jpg",3,pituitary,3,pituitary,0.0056531038,0.0058096875,0.0073595345,0.9811776876
7463,"/kaggle/input/datasets/arafatrahmann/my-data221/Epic and CSCR hospital Dataset/Train/pituitary/P_746.jpg",3,pituitary,3,pituitary,0.0053059375,0.0068491884,0.0075524524,0.9802924395
7474,"/kaggle/input/datasets/arafatrahmann/my-data221/Epic and CSCR hospital Dataset/Train/pituitary/P_747_RO_.jpg",3,pituitary,3,pituitary,0.0054691089,0.0065994733,0.0073987148,0.9805326462
7479,"/kaggle/input/datasets/arafatrahmann/my-data221/Epic and CSCR hospital Dataset/Train/pituitary/P_748_DA_.jpg",3,pituitary,3,pituitary,0.0059273066,0.0067546675,0.0076198271,0.9796981812
7486,"/kaggle/input/datasets/arafatrahmann/my-data221/Epic and CSCR hospital Dataset/Train/pituitary/P_749_DA_.jpg",3,pituitary,3,pituitary,0.0063853646,0.0075816587,0.0071264668,0.9789065123
7492,"/kaggle/input/datasets/arafatrahmann/my-data221/Epic and CSCR hospital Dataset/Train/pituitary/P_74_DA_.jpg",3,pituitary,3,pituitary,0.0063913553,0.0084743593,0.0072196261,0.9779146314
7494,"/kaggle/input/datasets/arafatrahmann/my-data221/Epic and CSCR hospital Dataset/Train/pituitary/P_74_RO_.jpg",3,pituitary,3,pituitary,0.0060273772,0.0575807765,0.0085503124,0.9278414845
7498,"/kaggle/input/datasets/arafatrahmann/my-data221/Epic and CSCR hospital Dataset/Train/pituitary/P_750.jpg",3,pituitary,3,pituitary,0.0055559971,0.0083667859,0.0074402718,0.9786369205
7501,"/kaggle/input/datasets/arafatrahmann/my-data221/Epic and CSCR hospital Dataset/Train/pituitary/P_750_HF_.jpg",3,pituitary,3,pituitary,0.0055366820,0.0079927417,0.0074514514,0.9790190458
7504,"/kaggle/input/datasets/arafatrahmann/my-data221/Epic and CSCR hospital Dataset/Train/pituitary/P_750_VF_.jpg",3,pituitary,3,pituitary,0.0055657206,0.0069002202,0.0074176094,0.9801164865
7507,"/kaggle/input/datasets/arafatrahmann/my-data221/Epic and CSCR hospital Dataset/Train/pituitary/P_751_DA_.jpg",3,pituitary,3,pituitary,0.0059447866,0.0076357671,0.0075902557,0.9788290858
7514,"/kaggle/input/datasets/arafatrahmann/my-data221/Epic and CSCR hospital Dataset/Train/pituitary/P_752_DA_.jpg",3,pituitary,3,pituitary,0.0061208336,0.0077527105,0.0074200369,0.9787064791
7520,"/kaggle/input/datasets/arafatrahmann/my-data221/Epic and CSCR hospital Dataset/Train/pituitary/P_753_BR_.jpg",3,pituitary,3,pituitary,0.0053554513,0.0052971430,0.0081618410,0.9811855555
7539,"/kaggle/input/datasets/arafatrahmann/my-data221/Epic and CSCR hospital Dataset/Train/pituitary/P_755_VF_.jpg",3,pituitary,3,pituitary,0.0054826695,0.0069555370,0.0076518306,0.9799100161
7548,"/kaggle/input/datasets/arafatrahmann/my-data221/Epic and CSCR hospital Dataset/Train/pituitary/P_757_BR_.jpg",3,pituitary,3,pituitary,0.0048976638,0.0062115756,0.0088611115,0.9800297022
7552,"/kaggle/input/datasets/arafatrahmann/my-data221/Epic and CSCR hospital Dataset/Train/pituitary/P_757_SP_.jpg",3,pituitary,3,pituitary,0.0058952523,0.0063995779,0.0074490430,0.9802560806
7554,"/kaggle/input/datasets/arafatrahmann/my-data221/Epic and CSCR hospital Dataset/Train/pituitary/P_758.jpg",3,pituitary,3,pituitary,0.0056361645,0.0068271817,0.0074443659,0.9800922275
7560,"/kaggle/input/datasets/arafatrahmann/my-data221/Epic and CSCR hospital Dataset/Train/pituitary/P_758_VF_.jpg",3,pituitary,3,pituitary,0.0055795433,0.0060654068,0.0074985311,0.9808565974
7574,"/kaggle/input/datasets/arafatrahmann/my-data221/Epic and CSCR hospital Dataset/Train/pituitary/P_76.jpg",3,pituitary,3,pituitary,0.0053843497,0.0087438328,0.0077367425,0.9781351089
7575,"/kaggle/input/datasets/arafatrahmann/my-data221/Epic and CSCR hospital Dataset/Train/pituitary/P_760.jpg",3,pituitary,3,pituitary,0.0057042567,0.0063187731,0.0072405403,0.9807364345
7584,"/kaggle/input/datasets/arafatrahmann/my-data221/Epic and CSCR hospital Dataset/Train/pituitary/P_761_DA_.jpg",3,pituitary,3,pituitary,0.0057378309,0.0078933025,0.0078322310,0.9785366058
7586,"/kaggle/input/datasets/arafatrahmann/my-data221/Epic and CSCR hospital Dataset/Train/pituitary/P_761_RO_.jpg",3,pituitary,3,pituitary,0.0054304735,0.0073004933,0.0076081306,0.9796608686
7587,"/kaggle/input/datasets/arafatrahmann/my-data221/Epic and CSCR hospital Dataset/Train/pituitary/P_761_SP_.jpg",3,pituitary,3,pituitary,0.0056343111,0.0061121071,0.0073456243,0.9809079170
7589,"/kaggle/input/datasets/arafatrahmann/my-data221/Epic and CSCR hospital Dataset/Train/pituitary/P_762.jpg",3,pituitary,3,pituitary,0.0056727589,0.0086305942,0.0075007603,0.9781959653
7590,"/kaggle/input/datasets/arafatrahmann/my-data221/Epic and CSCR hospital Dataset/Train/pituitary/P_762_BR_.jpg",3,pituitary,3,pituitary,0.0051065092,0.0069024875,0.0082215946,0.9797695279
7592,"/kaggle/input/datasets/arafatrahmann/my-data221/Epic and CSCR hospital Dataset/Train/pituitary/P_762_HF_.jpg",3,pituitary,3,pituitary,0.0054693534,0.0085946536,0.0074613593,0.9784746170
7596,"/kaggle/input/datasets/arafatrahmann/my-data221/Epic and CSCR hospital Dataset/Train/pituitary/P_763.jpg",3,pituitary,3,pituitary,0.0056175911,0.0062307813,0.0074533173,0.9806982875
7599,"/kaggle/input/datasets/arafatrahmann/my-data221/Epic and CSCR hospital Dataset/Train/pituitary/P_763_HF_.jpg",3,pituitary,3,pituitary,0.0056276624,0.0057130335,0.0073746331,0.9812846184
7600,"/kaggle/input/datasets/arafatrahmann/my-data221/Epic and CSCR hospital Dataset/Train/pituitary/P_763_RO_.jpg",3,pituitary,3,pituitary,0.0058086845,0.0053195846,0.0071920021,0.9816797376
7601,"/kaggle/input/datasets/arafatrahmann/my-data221/Epic and CSCR hospital Dataset/Train/pituitary/P_763_SP_.jpg",3,pituitary,3,pituitary,0.0057567758,0.0057834489,0.0072522126,0.9812075496
7602,"/kaggle/input/datasets/arafatrahmann/my-data221/Epic and CSCR hospital Dataset/Train/pituitary/P_763_VF_.jpg",3,pituitary,3,pituitary,0.0057576001,0.0061461804,0.0074344017,0.9806618690
7607,"/kaggle/input/datasets/arafatrahmann/my-data221/Epic and CSCR hospital Dataset/Train/pituitary/P_764_RO_.jpg",3,pituitary,3,pituitary,0.0058890269,0.0056929765,0.0074287415,0.9809892774
7618,"/kaggle/input/datasets/arafatrahmann/my-data221/Epic and CSCR hospital Dataset/Train/pituitary/P_766_BR_.jpg",3,pituitary,3,pituitary,0.0053934837,0.0058929096,0.0079364916,0.9807770848
7633,"/kaggle/input/datasets/arafatrahmann/my-data221/Epic and CSCR hospital Dataset/Train/pituitary/P_768_DA_.jpg",3,pituitary,3,pituitary,0.0056207469,0.0061600870,0.0077408380,0.9804784060
7635,"/kaggle/input/datasets/arafatrahmann/my-data221/Epic and CSCR hospital Dataset/Train/pituitary/P_768_RO_.jpg",3,pituitary,3,pituitary,0.0054814494,0.0060561080,0.0072416528,0.9812207222
7644,"/kaggle/input/datasets/arafatrahmann/my-data221/Epic and CSCR hospital Dataset/Train/pituitary/P_769_VF_.jpg",3,pituitary,3,pituitary,0.0053905328,0.0067967921,0.0074599073,0.9803527594
7647,"/kaggle/input/datasets/arafatrahmann/my-data221/Epic and CSCR hospital Dataset/Train/pituitary/P_76_HF_.jpg",3,pituitary,3,pituitary,0.0051696794,0.0086011337,0.0076961950,0.9785330892
7648,"/kaggle/input/datasets/arafatrahmann/my-data221/Epic and CSCR hospital Dataset/Train/pituitary/P_76_RO_.jpg",3,pituitary,3,pituitary,0.0054087937,0.0085723531,0.0077193505,0.9782994986
7650,"/kaggle/input/datasets/arafatrahmann/my-data221/Epic and CSCR hospital Dataset/Train/pituitary/P_76_VF_.jpg",3,pituitary,3,pituitary,0.0054033711,0.0064451424,0.0075302757,0.9806211591
7654,"/kaggle/input/datasets/arafatrahmann/my-data221/Epic and CSCR hospital Dataset/Train/pituitary/P_770_DA_.jpg",3,pituitary,3,pituitary,0.0058637112,0.0067451634,0.0076952265,0.9796957970
7657,"/kaggle/input/datasets/arafatrahmann/my-data221/Epic and CSCR hospital Dataset/Train/pituitary/P_770_SP_.jpg",3,pituitary,3,pituitary,0.0056124143,0.0056046075,0.0074113035,0.9813715816
7658,"/kaggle/input/datasets/arafatrahmann/my-data221/Epic and CSCR hospital Dataset/Train/pituitary/P_770_VF_.jpg",3,pituitary,3,pituitary,0.0052483482,0.0066759563,0.0073865801,0.9806891680
7659,"/kaggle/input/datasets/arafatrahmann/my-data221/Epic and CSCR hospital Dataset/Train/pituitary/P_771.jpg",3,pituitary,3,pituitary,0.0054450263,0.0059371977,0.0076678856,0.9809498787
7665,"/kaggle/input/datasets/arafatrahmann/my-data221/Epic and CSCR hospital Dataset/Train/pituitary/P_771_VF_.jpg",3,pituitary,3,pituitary,0.0054182662,0.0059197051,0.0079908753,0.9806711078
7667,"/kaggle/input/datasets/arafatrahmann/my-data221/Epic and CSCR hospital Dataset/Train/pituitary/P_772_BR_.jpg",3,pituitary,3,pituitary,0.0050920965,0.0069643445,0.0081361579,0.9798073769
7676,"/kaggle/input/datasets/arafatrahmann/my-data221/Epic and CSCR hospital Dataset/Train/pituitary/P_773_HF_.jpg",3,pituitary,3,pituitary,0.0055800513,0.0062329629,0.0075545916,0.9806324840
7678,"/kaggle/input/datasets/arafatrahmann/my-data221/Epic and CSCR hospital Dataset/Train/pituitary/P_773_SP_.jpg",3,pituitary,3,pituitary,0.0062063038,0.0055670510,0.0071385130,0.9810880423
7698,"/kaggle/input/datasets/arafatrahmann/my-data221/Epic and CSCR hospital Dataset/Train/pituitary/P_776_RO_.jpg",3,pituitary,3,pituitary,0.0055298000,0.0070043774,0.0074249967,0.9800407290
7699,"/kaggle/input/datasets/arafatrahmann/my-data221/Epic and CSCR hospital Dataset/Train/pituitary/P_776_SP_.jpg",3,pituitary,3,pituitary,0.0058315331,0.0060219322,0.0071952431,0.9809513092
7705,"/kaggle/input/datasets/arafatrahmann/my-data221/Epic and CSCR hospital Dataset/Train/pituitary/P_777_RO_.jpg",3,pituitary,3,pituitary,0.0056849727,0.0057642879,0.0074712397,0.9810794592
7709,"/kaggle/input/datasets/arafatrahmann/my-data221/Epic and CSCR hospital Dataset/Train/pituitary/P_778_BR_.jpg",3,pituitary,3,pituitary,0.0053140069,0.0056622247,0.0079145888,0.9811091423
7714,"/kaggle/input/datasets/arafatrahmann/my-data221/Epic and CSCR hospital Dataset/Train/pituitary/P_778_VF_.jpg",3,pituitary,3,pituitary,0.0058236937,0.0055143512,0.0072769327,0.9813849330
7721,"/kaggle/input/datasets/arafatrahmann/my-data221/Epic and CSCR hospital Dataset/Train/pituitary/P_779_VF_.jpg",3,pituitary,3,pituitary,0.0056578470,0.0053247856,0.0073436745,0.9816737175
7722,"/kaggle/input/datasets/arafatrahmann/my-data221/Epic and CSCR hospital Dataset/Train/pituitary/P_77_BR_.jpg",3,pituitary,3,pituitary,0.0050607775,0.0075214086,0.0078803031,0.9795374870
7727,"/kaggle/input/datasets/arafatrahmann/my-data221/Epic and CSCR hospital Dataset/Train/pituitary/P_77_VF_.jpg",3,pituitary,3,pituitary,0.0054081860,0.0068468638,0.0073323906,0.9804126024
7728,"/kaggle/input/datasets/arafatrahmann/my-data221/Epic and CSCR hospital Dataset/Train/pituitary/P_78.jpg",3,pituitary,3,pituitary,0.0056646573,0.0058834823,0.0071758851,0.9812760353
7735,"/kaggle/input/datasets/arafatrahmann/my-data221/Epic and CSCR hospital Dataset/Train/pituitary/P_780_VF_.jpg",3,pituitary,3,pituitary,0.0052732150,0.0067608794,0.0079507520,0.9800151587
7738,"/kaggle/input/datasets/arafatrahmann/my-data221/Epic and CSCR hospital Dataset/Train/pituitary/P_781_DA_.jpg",3,pituitary,3,pituitary,0.0057540736,0.0112298783,0.0083617587,0.9746541977
7739,"/kaggle/input/datasets/arafatrahmann/my-data221/Epic and CSCR hospital Dataset/Train/pituitary/P_781_HF_.jpg",3,pituitary,3,pituitary,0.0052318396,0.0110016894,0.0076112263,0.9761552811
7744,"/kaggle/input/datasets/arafatrahmann/my-data221/Epic and CSCR hospital Dataset/Train/pituitary/P_782_BR_.jpg",3,pituitary,3,pituitary,0.0047091930,0.0095672440,0.0083686169,0.9773548841
7745,"/kaggle/input/datasets/arafatrahmann/my-data221/Epic and CSCR hospital Dataset/Train/pituitary/P_782_DA_.jpg",3,pituitary,3,pituitary,0.0056565977,0.0102432789,0.0083177323,0.9757822752
7746,"/kaggle/input/datasets/arafatrahmann/my-data221/Epic and CSCR hospital Dataset/Train/pituitary/P_782_HF_.jpg",3,pituitary,3,pituitary,0.0052729915,0.0098815197,0.0075731231,0.9772723317
7757,"/kaggle/input/datasets/arafatrahmann/my-data221/Epic and CSCR hospital Dataset/Train/pituitary/P_784.jpg",3,pituitary,3,pituitary,0.0055393516,0.0064140544,0.0074264435,0.9806202054
7758,"/kaggle/input/datasets/arafatrahmann/my-data221/Epic and CSCR hospital Dataset/Train/pituitary/P_784_BR_.jpg",3,pituitary,3,pituitary,0.0052270875,0.0057049864,0.0080693197,0.9809986353
7766,"/kaggle/input/datasets/arafatrahmann/my-data221/Epic and CSCR hospital Dataset/Train/pituitary/P_785_DA_.jpg",3,pituitary,3,pituitary,0.0056793722,0.0072309687,0.0082359025,0.9788538218
7770,"/kaggle/input/datasets/arafatrahmann/my-data221/Epic and CSCR hospital Dataset/Train/pituitary/P_785_VF_.jpg",3,pituitary,3,pituitary,0.0056522801,0.0051361946,0.0072294846,0.9819820523
7777,"/kaggle/input/datasets/arafatrahmann/my-data221/Epic and CSCR hospital Dataset/Train/pituitary/P_786_VF_.jpg",3,pituitary,3,pituitary,0.0054506259,0.0054473011,0.0072778217,0.9818242788
7780,"/kaggle/input/datasets/arafatrahmann/my-data221/Epic and CSCR hospital Dataset/Train/pituitary/P_787_DA_.jpg",3,pituitary,3,pituitary,0.0057409732,0.0085692350,0.0082692746,0.9774205089
7782,"/kaggle/input/datasets/arafatrahmann/my-data221/Epic and CSCR hospital Dataset/Train/pituitary/P_787_RO_.jpg",3,pituitary,3,pituitary,0.0055205068,0.0082272887,0.0075236326,0.9787284732
7792,"/kaggle/input/datasets/arafatrahmann/my-data221/Epic and CSCR hospital Dataset/Train/pituitary/P_789.jpg",3,pituitary,3,pituitary,0.0053443359,0.0090819709,0.0073708170,0.9782029390
7807,"/kaggle/input/datasets/arafatrahmann/my-data221/Epic and CSCR hospital Dataset/Train/pituitary/P_790_BR_.jpg",3,pituitary,3,pituitary,0.0050148224,0.0072592087,0.0082542747,0.9794716835
7813,"/kaggle/input/datasets/arafatrahmann/my-data221/Epic and CSCR hospital Dataset/Train/pituitary/P_791.jpg",3,pituitary,3,pituitary,0.0055104783,0.0082306769,0.0077057695,0.9785531163
7817,"/kaggle/input/datasets/arafatrahmann/my-data221/Epic and CSCR hospital Dataset/Train/pituitary/P_791_RO_.jpg",3,pituitary,3,pituitary,0.0056714858,0.0078993794,0.0077407793,0.9786883593
7821,"/kaggle/input/datasets/arafatrahmann/my-data221/Epic and CSCR hospital Dataset/Train/pituitary/P_792_BR_.jpg",3,pituitary,3,pituitary,0.0053174235,0.0053470535,0.0080480315,0.9812874794
7829,"/kaggle/input/datasets/arafatrahmann/my-data221/Epic and CSCR hospital Dataset/Train/pituitary/P_793_DA_.jpg",3,pituitary,3,pituitary,0.0057859379,0.0058421297,0.0078573134,0.9805146456
7830,"/kaggle/input/datasets/arafatrahmann/my-data221/Epic and CSCR hospital Dataset/Train/pituitary/P_793_HF_.jpg",3,pituitary,3,pituitary,0.0056412360,0.0058424710,0.0074606687,0.9810556173
7831,"/kaggle/input/datasets/arafatrahmann/my-data221/Epic and CSCR hospital Dataset/Train/pituitary/P_793_RO_.jpg",3,pituitary,3,pituitary,0.0057640532,0.0063784299,0.0076123523,0.9802452326
7834,"/kaggle/input/datasets/arafatrahmann/my-data221/Epic and CSCR hospital Dataset/Train/pituitary/P_794.jpg",3,pituitary,3,pituitary,0.0055006444,0.0065353764,0.0075729773,0.9803909063
7838,"/kaggle/input/datasets/arafatrahmann/my-data221/Epic and CSCR hospital Dataset/Train/pituitary/P_794_RO_.jpg",3,pituitary,3,pituitary,0.0057650367,0.0057279817,0.0074295052,0.9810774922
7839,"/kaggle/input/datasets/arafatrahmann/my-data221/Epic and CSCR hospital Dataset/Train/pituitary/P_794_SP_.jpg",3,pituitary,3,pituitary,0.0062125577,0.0053608795,0.0071460619,0.9812805057
7843,"/kaggle/input/datasets/arafatrahmann/my-data221/Epic and CSCR hospital Dataset/Train/pituitary/P_795_DA_.jpg",3,pituitary,3,pituitary,0.0057015982,0.0109417271,0.0083041321,0.9750525355
7847,"/kaggle/input/datasets/arafatrahmann/my-data221/Epic and CSCR hospital Dataset/Train/pituitary/P_795_VF_.jpg",3,pituitary,3,pituitary,0.0052934163,0.0079082036,0.0076575801,0.9791408777
7856,"/kaggle/input/datasets/arafatrahmann/my-data221/Epic and CSCR hospital Dataset/Train/pituitary/P_797_BR_.jpg",3,pituitary,3,pituitary,0.0050508799,0.0064066118,0.0077636465,0.9807788730
7862,"/kaggle/input/datasets/arafatrahmann/my-data221/Epic and CSCR hospital Dataset/Train/pituitary/P_798.jpg",3,pituitary,3,pituitary,0.0054018879,0.0066803647,0.0075468170,0.9803708792
7868,"/kaggle/input/datasets/arafatrahmann/my-data221/Epic and CSCR hospital Dataset/Train/pituitary/P_798_VF_.jpg",3,pituitary,3,pituitary,0.0051613189,0.0073101195,0.0073318132,0.9801967740
7877,"/kaggle/input/datasets/arafatrahmann/my-data221/Epic and CSCR hospital Dataset/Train/pituitary/P_79_DA_.jpg",3,pituitary,3,pituitary,0.0058095483,0.0060357200,0.0077370405,0.9804177284
7884,"/kaggle/input/datasets/arafatrahmann/my-data221/Epic and CSCR hospital Dataset/Train/pituitary/P_7_HF_.jpg",3,pituitary,3,pituitary,0.0055634053,0.0057598338,0.0074796230,0.9811971784
7890,"/kaggle/input/datasets/arafatrahmann/my-data221/Epic and CSCR hospital Dataset/Train/pituitary/P_800.jpg",3,pituitary,3,pituitary,0.0052878200,0.0066515990,0.0069677806,0.9810927510
7897,"/kaggle/input/datasets/arafatrahmann/my-data221/Epic and CSCR hospital Dataset/Train/pituitary/P_801.jpg",3,pituitary,3,pituitary,0.0053463667,0.0071297535,0.0071687163,0.9803551435
7902,"/kaggle/input/datasets/arafatrahmann/my-data221/Epic and CSCR hospital Dataset/Train/pituitary/P_801_SP_.jpg",3,pituitary,3,pituitary,0.0055622458,0.0073976046,0.0073037036,0.9797364473
7905,"/kaggle/input/datasets/arafatrahmann/my-data221/Epic and CSCR hospital Dataset/Train/pituitary/P_802_BR_.jpg",3,pituitary,3,pituitary,0.0052204500,0.0064955307,0.0076845610,0.9805995226
7907,"/kaggle/input/datasets/arafatrahmann/my-data221/Epic and CSCR hospital Dataset/Train/pituitary/P_802_HF_.jpg",3,pituitary,3,pituitary,0.0055011390,0.0065069958,0.0073194341,0.9806724787
7915,"/kaggle/input/datasets/arafatrahmann/my-data221/Epic and CSCR hospital Dataset/Train/pituitary/P_803_RO_.jpg",3,pituitary,3,pituitary,0.0054978295,0.0063502244,0.0072874515,0.9808645248
7925,"/kaggle/input/datasets/arafatrahmann/my-data221/Epic and CSCR hospital Dataset/Train/pituitary/P_805.jpg",3,pituitary,3,pituitary,0.0055920100,0.0060303411,0.0073444331,0.9810332060
7930,"/kaggle/input/datasets/arafatrahmann/my-data221/Epic and CSCR hospital Dataset/Train/pituitary/P_805_SP_.jpg",3,pituitary,3,pituitary,0.0059315218,0.0055357646,0.0070727044,0.9814599752
7932,"/kaggle/input/datasets/arafatrahmann/my-data221/Epic and CSCR hospital Dataset/Train/pituitary/P_806.jpg",3,pituitary,3,pituitary,0.0055448138,0.0064344616,0.0075013093,0.9805194139
7936,"/kaggle/input/datasets/arafatrahmann/my-data221/Epic and CSCR hospital Dataset/Train/pituitary/P_806_RO_.jpg",3,pituitary,3,pituitary,0.0055510132,0.0066560595,0.0075347954,0.9802581072
7938,"/kaggle/input/datasets/arafatrahmann/my-data221/Epic and CSCR hospital Dataset/Train/pituitary/P_806_VF_.jpg",3,pituitary,3,pituitary,0.0054575298,0.0064944262,0.0074411212,0.9806068540
7939,"/kaggle/input/datasets/arafatrahmann/my-data221/Epic and CSCR hospital Dataset/Train/pituitary/P_807.jpg",3,pituitary,3,pituitary,0.0055651157,0.0059442576,0.0073274844,0.9811631441
7944,"/kaggle/input/datasets/arafatrahmann/my-data221/Epic and CSCR hospital Dataset/Train/pituitary/P_807_SP_.jpg",3,pituitary,3,pituitary,0.0057350555,0.0068900608,0.0073991059,0.9799757004
7951,"/kaggle/input/datasets/arafatrahmann/my-data221/Epic and CSCR hospital Dataset/Train/pituitary/P_808_SP_.jpg",3,pituitary,3,pituitary,0.0056980653,0.0068464773,0.0073379250,0.9801176190
7962,"/kaggle/input/datasets/arafatrahmann/my-data221/Epic and CSCR hospital Dataset/Train/pituitary/P_80_HF_.jpg",3,pituitary,3,pituitary,0.0055118790,0.0058931531,0.0073243626,0.9812706113
7963,"/kaggle/input/datasets/arafatrahmann/my-data221/Epic and CSCR hospital Dataset/Train/pituitary/P_80_RO_.jpg",3,pituitary,3,pituitary,0.0056638513,0.0052660638,0.0074131810,0.9816569090
7972,"/kaggle/input/datasets/arafatrahmann/my-data221/Epic and CSCR hospital Dataset/Train/pituitary/P_810_SP_.jpg",3,pituitary,3,pituitary,0.0053682467,0.0066492902,0.0076222504,0.9803601503
7973,"/kaggle/input/datasets/arafatrahmann/my-data221/Epic and CSCR hospital Dataset/Train/pituitary/P_810_VF_.jpg",3,pituitary,3,pituitary,0.0051758550,0.0060616257,0.0076860907,0.9810764194
7978,"/kaggle/input/datasets/arafatrahmann/my-data221/Epic and CSCR hospital Dataset/Train/pituitary/P_811_RO_.jpg",3,pituitary,3,pituitary,0.0045895935,0.0057264389,0.0099720377,0.9797120094
7984,"/kaggle/input/datasets/arafatrahmann/my-data221/Epic and CSCR hospital Dataset/Train/pituitary/P_812_HF_.jpg",3,pituitary,3,pituitary,0.0047886758,0.0077266046,0.0081229052,0.9793618321
7985,"/kaggle/input/datasets/arafatrahmann/my-data221/Epic and CSCR hospital Dataset/Train/pituitary/P_812_RO_.jpg",3,pituitary,3,pituitary,0.0048312536,0.0082501089,0.0079546832,0.9789639711
7987,"/kaggle/input/datasets/arafatrahmann/my-data221/Epic and CSCR hospital Dataset/Train/pituitary/P_812_VF_.jpg",3,pituitary,3,pituitary,0.0049631214,0.0067810551,0.0080414880,0.9802144170
7992,"/kaggle/input/datasets/arafatrahmann/my-data221/Epic and CSCR hospital Dataset/Train/pituitary/P_813_RO_.jpg",3,pituitary,3,pituitary,0.0054102456,0.0077229487,0.0086018629,0.9782649875
7994,"/kaggle/input/datasets/arafatrahmann/my-data221/Epic and CSCR hospital Dataset/Train/pituitary/P_813_VF_.jpg",3,pituitary,3,pituitary,0.0054420610,0.0060220482,0.0078212619,0.9807145000
7995,"/kaggle/input/datasets/arafatrahmann/my-data221/Epic and CSCR hospital Dataset/Train/pituitary/P_814.jpg",3,pituitary,3,pituitary,0.0054249424,0.0077374093,0.0079879789,0.9788497090
7996,"/kaggle/input/datasets/arafatrahmann/my-data221/Epic and CSCR hospital Dataset/Train/pituitary/P_814_BR_.jpg",3,pituitary,3,pituitary,0.0051942593,0.0066353707,0.0078380946,0.9803322554
7999,"/kaggle/input/datasets/arafatrahmann/my-data221/Epic and CSCR hospital Dataset/Train/pituitary/P_814_RO_.jpg",3,pituitary,3,pituitary,0.0054150471,0.0969776958,0.0084338421,0.8891733885
8005,"/kaggle/input/datasets/arafatrahmann/my-data221/Epic and CSCR hospital Dataset/Train/pituitary/P_815_HF_.jpg",3,pituitary,3,pituitary,0.0052909637,0.0066190525,0.0077119074,0.9803780317
8011,"/kaggle/input/datasets/arafatrahmann/my-data221/Epic and CSCR hospital Dataset/Train/pituitary/P_816_DA_.jpg",3,pituitary,3,pituitary,0.0055836900,0.0067117661,0.0077163642,0.9799880981
8013,"/kaggle/input/datasets/arafatrahmann/my-data221/Epic and CSCR hospital Dataset/Train/pituitary/P_816_RO_.jpg",3,pituitary,3,pituitary,0.0049882024,0.0096236262,0.0085356254,0.9768525958
8014,"/kaggle/input/datasets/arafatrahmann/my-data221/Epic and CSCR hospital Dataset/Train/pituitary/P_816_SP_.jpg",3,pituitary,3,pituitary,0.0049259565,0.0067994436,0.0082071228,0.9800674319
8017,"/kaggle/input/datasets/arafatrahmann/my-data221/Epic and CSCR hospital Dataset/Train/pituitary/P_817_BR_.jpg",3,pituitary,3,pituitary,0.0049414868,0.0082553970,0.0081086056,0.9786945581
8025,"/kaggle/input/datasets/arafatrahmann/my-data221/Epic and CSCR hospital Dataset/Train/pituitary/P_818_DA_.jpg",3,pituitary,3,pituitary,0.0058599007,0.0056268913,0.0074730963,0.9810401797
8027,"/kaggle/input/datasets/arafatrahmann/my-data221/Epic and CSCR hospital Dataset/Train/pituitary/P_818_RO_.jpg",3,pituitary,3,pituitary,0.0059840330,0.0053996509,0.0075866533,0.9810296297
8031,"/kaggle/input/datasets/arafatrahmann/my-data221/Epic and CSCR hospital Dataset/Train/pituitary/P_819_BR_.jpg",3,pituitary,3,pituitary,0.0049654152,0.0075378381,0.0082172919,0.9792795181
8032,"/kaggle/input/datasets/arafatrahmann/my-data221/Epic and CSCR hospital Dataset/Train/pituitary/P_819_DA_.jpg",3,pituitary,3,pituitary,0.0057030534,0.0058898842,0.0083668698,0.9800401926
8033,"/kaggle/input/datasets/arafatrahmann/my-data221/Epic and CSCR hospital Dataset/Train/pituitary/P_819_HF_.jpg",3,pituitary,3,pituitary,0.0055107754,0.0058917948,0.0075240545,0.9810733795
8036,"/kaggle/input/datasets/arafatrahmann/my-data221/Epic and CSCR hospital Dataset/Train/pituitary/P_819_VF_.jpg",3,pituitary,3,pituitary,0.0055642286,0.0053805709,0.0074370354,0.9816182256
8039,"/kaggle/input/datasets/arafatrahmann/my-data221/Epic and CSCR hospital Dataset/Train/pituitary/P_81_HF_.jpg",3,pituitary,3,pituitary,0.0054963743,0.0062432056,0.0072209937,0.9810393453
8053,"/kaggle/input/datasets/arafatrahmann/my-data221/Epic and CSCR hospital Dataset/Train/pituitary/P_821_DA_.jpg",3,pituitary,3,pituitary,0.0052532321,0.0091061192,0.0081135845,0.9775270224
8058,"/kaggle/input/datasets/arafatrahmann/my-data221/Epic and CSCR hospital Dataset/Train/pituitary/P_822.jpg",3,pituitary,3,pituitary,0.0057414444,0.0055802390,0.0075695724,0.9811087847
8059,"/kaggle/input/datasets/arafatrahmann/my-data221/Epic and CSCR hospital Dataset/Train/pituitary/P_822_BR_.jpg",3,pituitary,3,pituitary,0.0051727644,0.0064815409,0.0081521664,0.9801934361
8061,"/kaggle/input/datasets/arafatrahmann/my-data221/Epic and CSCR hospital Dataset/Train/pituitary/P_822_HF_.jpg",3,pituitary,3,pituitary,0.0056566270,0.0056562200,0.0074743084,0.9812129140
8063,"/kaggle/input/datasets/arafatrahmann/my-data221/Epic and CSCR hospital Dataset/Train/pituitary/P_822_SP_.jpg",3,pituitary,3,pituitary,0.0056372844,0.0057307016,0.0075303600,0.9811016321
8066,"/kaggle/input/datasets/arafatrahmann/my-data221/Epic and CSCR hospital Dataset/Train/pituitary/P_823_BR_.jpg",3,pituitary,3,pituitary,0.0048436420,0.0089357747,0.0079766419,0.9782440066
8074,"/kaggle/input/datasets/arafatrahmann/my-data221/Epic and CSCR hospital Dataset/Train/pituitary/P_824_DA_.jpg",3,pituitary,3,pituitary,0.0058216457,0.0059996573,0.0078018745,0.9803768396
8076,"/kaggle/input/datasets/arafatrahmann/my-data221/Epic and CSCR hospital Dataset/Train/pituitary/P_824_RO_.jpg",3,pituitary,3,pituitary,0.0055662356,0.0065528951,0.0075604655,0.9803203344
8079,"/kaggle/input/datasets/arafatrahmann/my-data221/Epic and CSCR hospital Dataset/Train/pituitary/P_825.jpg",3,pituitary,3,pituitary,0.0053602806,0.0073431274,0.0074620834,0.9798345566
8086,"/kaggle/input/datasets/arafatrahmann/my-data221/Epic and CSCR hospital Dataset/Train/pituitary/P_826.jpg",3,pituitary,3,pituitary,0.0053774910,0.0080437064,0.0074661709,0.9791127443
8104,"/kaggle/input/datasets/arafatrahmann/my-data221/Epic and CSCR hospital Dataset/Train/pituitary/P_828_RO_.jpg",3,pituitary,3,pituitary,0.0051545585,0.0064795204,0.0086485799,0.9797172546
8106,"/kaggle/input/datasets/arafatrahmann/my-data221/Epic and CSCR hospital Dataset/Train/pituitary/P_828_VF_.jpg",3,pituitary,3,pituitary,0.0051686536,0.0056464290,0.0075998143,0.9815851450
8109,"/kaggle/input/datasets/arafatrahmann/my-data221/Epic and CSCR hospital Dataset/Train/pituitary/P_829_DA_.jpg",3,pituitary,3,pituitary,0.0060245870,0.0050873403,0.0081669549,0.9807211161
8116,"/kaggle/input/datasets/arafatrahmann/my-data221/Epic and CSCR hospital Dataset/Train/pituitary/P_82_HF_.jpg",3,pituitary,3,pituitary,0.0054474836,0.0065301331,0.0072522284,0.9807701111
8120,"/kaggle/input/datasets/arafatrahmann/my-data221/Epic and CSCR hospital Dataset/Train/pituitary/P_83.jpg",3,pituitary,3,pituitary,0.0053559216,0.0072159665,0.0072013410,0.9802266955
8125,"/kaggle/input/datasets/arafatrahmann/my-data221/Epic and CSCR hospital Dataset/Train/pituitary/P_830_RO_.jpg",3,pituitary,3,pituitary,0.0055652037,0.0060467562,0.0074778656,0.9809101820
8129,"/kaggle/input/datasets/arafatrahmann/my-data221/Epic and CSCR hospital Dataset/Train/pituitary/P_831_BR_.jpg",3,pituitary,3,pituitary,0.0049723848,0.0073036775,0.0080679674,0.9796560407
8135,"/kaggle/input/datasets/arafatrahmann/my-data221/Epic and CSCR hospital Dataset/Train/pituitary/P_832.jpg",3,pituitary,3,pituitary,0.0055354130,0.0107498150,0.0080318823,0.9756828547
8139,"/kaggle/input/datasets/arafatrahmann/my-data221/Epic and CSCR hospital Dataset/Train/pituitary/P_832_RO_.jpg",3,pituitary,3,pituitary,0.0055598626,0.0130912121,0.0088313837,0.9725176096
8147,"/kaggle/input/datasets/arafatrahmann/my-data221/Epic and CSCR hospital Dataset/Train/pituitary/P_833_SP_.jpg",3,pituitary,3,pituitary,0.0058467039,0.0084150303,0.0085076280,0.9772306681
8163,"/kaggle/input/datasets/arafatrahmann/my-data221/Epic and CSCR hospital Dataset/Train/pituitary/P_836.jpg",3,pituitary,3,pituitary,0.0051730415,0.2473270446,0.0075461743,0.7399536371
8166,"/kaggle/input/datasets/arafatrahmann/my-data221/Epic and CSCR hospital Dataset/Train/pituitary/P_836_HF_.jpg",3,pituitary,3,pituitary,0.0051180413,0.0690506771,0.0080123097,0.9178189039
8171,"/kaggle/input/datasets/arafatrahmann/my-data221/Epic and CSCR hospital Dataset/Train/pituitary/P_837_BR_.jpg",3,pituitary,3,pituitary,0.0053388872,0.0063074483,0.0082467077,0.9801070094
8188,"/kaggle/input/datasets/arafatrahmann/my-data221/Epic and CSCR hospital Dataset/Train/pituitary/P_839_RO_.jpg",3,pituitary,3,pituitary,0.0054225470,0.0076794559,0.0074017150,0.9794963002
8202,"/kaggle/input/datasets/arafatrahmann/my-data221/Epic and CSCR hospital Dataset/Train/pituitary/P_840_RO_.jpg",3,pituitary,3,pituitary,0.0058326474,0.0058482746,0.0074675032,0.9808515310
8204,"/kaggle/input/datasets/arafatrahmann/my-data221/Epic and CSCR hospital Dataset/Train/pituitary/P_840_VF_.jpg",3,pituitary,3,pituitary,0.0053849723,0.0069086319,0.0073922379,0.9803141356
8205,"/kaggle/input/datasets/arafatrahmann/my-data221/Epic and CSCR hospital Dataset/Train/pituitary/P_841.jpg",3,pituitary,3,pituitary,0.0055168476,0.0061940863,0.0073471279,0.9809419513
8207,"/kaggle/input/datasets/arafatrahmann/my-data221/Epic and CSCR hospital Dataset/Train/pituitary/P_841_DA_.jpg",3,pituitary,3,pituitary,0.0056453473,0.0073361308,0.0082929600,0.9787256122
8215,"/kaggle/input/datasets/arafatrahmann/my-data221/Epic and CSCR hospital Dataset/Train/pituitary/P_842_HF_.jpg",3,pituitary,3,pituitary,0.0050595878,0.0077199065,0.0077181058,0.9795023799
8221,"/kaggle/input/datasets/arafatrahmann/my-data221/Epic and CSCR hospital Dataset/Train/pituitary/P_843_DA_.jpg",3,pituitary,3,pituitary,0.0061024516,0.0229597725,0.0091478052,0.9617899656
8222,"/kaggle/input/datasets/arafatrahmann/my-data221/Epic and CSCR hospital Dataset/Train/pituitary/P_843_HF_.jpg",3,pituitary,3,pituitary,0.0055425949,0.0307270102,0.0088267624,0.9549036026
8226,"/kaggle/input/datasets/arafatrahmann/my-data221/Epic and CSCR hospital Dataset/Train/pituitary/P_844.jpg",3,pituitary,3,pituitary,0.0056237327,0.0101610096,0.0078616049,0.9763535261
8230,"/kaggle/input/datasets/arafatrahmann/my-data221/Epic and CSCR hospital Dataset/Train/pituitary/P_844_RO_.jpg",3,pituitary,3,pituitary,0.0056022028,0.0115415398,0.0081553888,0.9747009277
8236,"/kaggle/input/datasets/arafatrahmann/my-data221/Epic and CSCR hospital Dataset/Train/pituitary/Te-pi_0015.jpg",3,pituitary,3,pituitary,0.0053752093,0.0072804233,0.0076700575,0.9796743393
8237,"/kaggle/input/datasets/arafatrahmann/my-data221/Epic and CSCR hospital Dataset/Train/pituitary/Te-pi_0016.jpg",3,pituitary,3,pituitary,0.0057306336,0.0065693608,0.0075033135,0.9801966548
8244,"/kaggle/input/datasets/arafatrahmann/my-data221/Epic and CSCR hospital Dataset/Train/pituitary/Te-pi_0023.jpg",3,pituitary,3,pituitary,0.0059008291,0.0068192258,0.0074168900,0.9798630476
8246,"/kaggle/input/datasets/arafatrahmann/my-data221/Epic and CSCR hospital Dataset/Train/pituitary/Te-pi_0025.jpg",3,pituitary,3,pituitary,0.0056685722,0.0058171838,0.0074297478,0.9810845256
8249,"/kaggle/input/datasets/arafatrahmann/my-data221/Epic and CSCR hospital Dataset/Train/pituitary/Te-pi_0028.jpg",3,pituitary,3,pituitary,0.0055892677,0.0068871314,0.0075305104,0.9799930453
8252,"/kaggle/input/datasets/arafatrahmann/my-data221/Epic and CSCR hospital Dataset/Train/pituitary/Te-pi_0031.jpg",3,pituitary,3,pituitary,0.0056752488,0.0086268112,0.0077448175,0.9779531360
8255,"/kaggle/input/datasets/arafatrahmann/my-data221/Epic and CSCR hospital Dataset/Train/pituitary/Te-pi_0034.jpg",3,pituitary,3,pituitary,0.0058201249,0.0072921170,0.0074020610,0.9794856906
8269,"/kaggle/input/datasets/arafatrahmann/my-data221/Epic and CSCR hospital Dataset/Train/pituitary/Te-pi_0048.jpg",3,pituitary,3,pituitary,0.0054923715,0.0067479447,0.0075424882,0.9802170992
8273,"/kaggle/input/datasets/arafatrahmann/my-data221/Epic and CSCR hospital Dataset/Train/pituitary/Te-pi_0052.jpg",3,pituitary,3,pituitary,0.0053564580,0.0073228204,0.0073980391,0.9799226522
8276,"/kaggle/input/datasets/arafatrahmann/my-data221/Epic and CSCR hospital Dataset/Train/pituitary/Te-pi_0065.jpg",3,pituitary,3,pituitary,0.0053740581,0.0068987878,0.0076441839,0.9800829887
8281,"/kaggle/input/datasets/arafatrahmann/my-data221/Epic and CSCR hospital Dataset/Train/pituitary/Te-pi_0070.jpg",3,pituitary,3,pituitary,0.0055911737,0.0067632226,0.0073817847,0.9802638292
8284,"/kaggle/input/datasets/arafatrahmann/my-data221/Epic and CSCR hospital Dataset/Train/pituitary/Te-pi_0073.jpg",3,pituitary,3,pituitary,0.0055365837,0.0065218071,0.0072230375,0.9807186127
8288,"/kaggle/input/datasets/arafatrahmann/my-data221/Epic and CSCR hospital Dataset/Train/pituitary/Te-pi_0077.jpg",3,pituitary,3,pituitary,0.0054640695,0.0088203093,0.0075812005,0.9781344533
8299,"/kaggle/input/datasets/arafatrahmann/my-data221/Epic and CSCR hospital Dataset/Train/pituitary/Te-pi_0088.jpg",3,pituitary,3,pituitary,0.0054729185,0.0074966014,0.0074551329,0.9795754552
8300,"/kaggle/input/datasets/arafatrahmann/my-data221/Epic and CSCR hospital Dataset/Train/pituitary/Te-pi_0089.jpg",3,pituitary,3,pituitary,0.0053759506,0.0069521428,0.0072481148,0.9804238081
8301,"/kaggle/input/datasets/arafatrahmann/my-data221/Epic and CSCR hospital Dataset/Train/pituitary/Te-pi_0090.jpg",3,pituitary,3,pituitary,0.0055020717,0.0068289526,0.0072911279,0.9803778529
8302,"/kaggle/input/datasets/arafatrahmann/my-data221/Epic and CSCR hospital Dataset/Train/pituitary/Te-pi_0091.jpg",3,pituitary,3,pituitary,0.0054959790,0.0074035763,0.0072223051,0.9798781276
8309,"/kaggle/input/datasets/arafatrahmann/my-data221/Epic and CSCR hospital Dataset/Train/pituitary/Te-pi_0098.jpg",3,pituitary,3,pituitary,0.0054543638,0.0068986430,0.0074007385,0.9802462459
8318,"/kaggle/input/datasets/arafatrahmann/my-data221/Epic and CSCR hospital Dataset/Train/pituitary/Te-pi_0107.jpg",3,pituitary,3,pituitary,0.0054349629,0.0076105618,0.0075263693,0.9794281721
8322,"/kaggle/input/datasets/arafatrahmann/my-data221/Epic and CSCR hospital Dataset/Train/pituitary/Te-pi_0111.jpg",3,pituitary,3,pituitary,0.0054963664,0.0066439374,0.0070968634,0.9807627797
8324,"/kaggle/input/datasets/arafatrahmann/my-data221/Epic and CSCR hospital Dataset/Train/pituitary/Te-pi_0113.jpg",3,pituitary,3,pituitary,0.0055444343,0.0064109182,0.0074841445,0.9805604815
8331,"/kaggle/input/datasets/arafatrahmann/my-data221/Epic and CSCR hospital Dataset/Train/pituitary/Te-pi_0120.jpg",3,pituitary,3,pituitary,0.0054301252,0.0058177770,0.0074247024,0.9813274145
8336,"/kaggle/input/datasets/arafatrahmann/my-data221/Epic and CSCR hospital Dataset/Train/pituitary/Te-pi_0125.jpg",3,pituitary,3,pituitary,0.0055180350,0.0058506848,0.0078258114,0.9808053970
8345,"/kaggle/input/datasets/arafatrahmann/my-data221/Epic and CSCR hospital Dataset/Train/pituitary/Te-pi_0134.jpg",3,pituitary,3,pituitary,0.0057724286,0.0090993838,0.0076433523,0.9774848223
8358,"/kaggle/input/datasets/arafatrahmann/my-data221/Epic and CSCR hospital Dataset/Train/pituitary/Te-pi_0147.jpg",3,pituitary,3,pituitary,0.0054732854,0.0078965705,0.0079421848,0.9786879420
8374,"/kaggle/input/datasets/arafatrahmann/my-data221/Epic and CSCR hospital Dataset/Train/pituitary/Te-pi_0172.jpg",3,pituitary,3,pituitary,0.0053966381,0.0064298310,0.0072910143,0.9808825254
8378,"/kaggle/input/datasets/arafatrahmann/my-data221/Epic and CSCR hospital Dataset/Train/pituitary/Te-pi_0176.jpg",3,pituitary,3,pituitary,0.0056173918,0.0075658960,0.0077631599,0.9790536165
8383,"/kaggle/input/datasets/arafatrahmann/my-data221/Epic and CSCR hospital Dataset/Train/pituitary/Te-pi_0181.jpg",3,pituitary,3,pituitary,0.0053264932,0.0073869461,0.0076714503,0.9796152115
8387,"/kaggle/input/datasets/arafatrahmann/my-data221/Epic and CSCR hospital Dataset/Train/pituitary/Te-pi_0185.jpg",3,pituitary,3,pituitary,0.0057751052,0.0060741925,0.0074287876,0.9807219505
8390,"/kaggle/input/datasets/arafatrahmann/my-data221/Epic and CSCR hospital Dataset/Train/pituitary/Te-pi_0188.jpg",3,pituitary,3,pituitary,0.0058833822,0.0069117262,0.0076100552,0.9795948863
8394,"/kaggle/input/datasets/arafatrahmann/my-data221/Epic and CSCR hospital Dataset/Train/pituitary/Te-pi_0192.jpg",3,pituitary,3,pituitary,0.0054946849,0.0079032900,0.0076799705,0.9789220691
8400,"/kaggle/input/datasets/arafatrahmann/my-data221/Epic and CSCR hospital Dataset/Train/pituitary/Te-pi_0198.jpg",3,pituitary,3,pituitary,0.0058780639,0.0060333880,0.0077848448,0.9803036451
8408,"/kaggle/input/datasets/arafatrahmann/my-data221/Epic and CSCR hospital Dataset/Train/pituitary/Te-pi_0206.jpg",3,pituitary,3,pituitary,0.0055480697,0.0057353908,0.0072723418,0.9814441800
8414,"/kaggle/input/datasets/arafatrahmann/my-data221/Epic and CSCR hospital Dataset/Train/pituitary/Tr-pi_0050.jpg",3,pituitary,3,pituitary,0.0055060177,0.0076422989,0.0076719797,0.9791797400
8416,"/kaggle/input/datasets/arafatrahmann/my-data221/Epic and CSCR hospital Dataset/Train/pituitary/Tr-pi_0052.jpg",3,pituitary,3,pituitary,0.0055173505,0.0059224507,0.0072480715,0.9813120961
8427,"/kaggle/input/datasets/arafatrahmann/my-data221/Epic and CSCR hospital Dataset/Train/pituitary/Tr-pi_0085.jpg",3,pituitary,3,pituitary,0.0054834010,0.0065576532,0.0075455680,0.9804134369
8429,"/kaggle/input/datasets/arafatrahmann/my-data221/Epic and CSCR hospital Dataset/Train/pituitary/Tr-pi_0087.jpg",3,pituitary,3,pituitary,0.0054527251,0.0110016335,0.0081061125,0.9754395485
8433,"/kaggle/input/datasets/arafatrahmann/my-data221/Epic and CSCR hospital Dataset/Train/pituitary/Tr-pi_0091.jpg",3,pituitary,3,pituitary,0.0054227384,0.0070515298,0.0072728954,0.9802528620
8434,"/kaggle/input/datasets/arafatrahmann/my-data221/Epic and CSCR hospital Dataset/Train/pituitary/Tr-pi_0092.jpg",3,pituitary,3,pituitary,0.0054690382,0.0065197772,0.0072701462,0.9807410240
8445,"/kaggle/input/datasets/arafatrahmann/my-data221/Epic and CSCR hospital Dataset/Train/pituitary/Tr-pi_0103.jpg",3,pituitary,3,pituitary,0.0054608006,0.0065203281,0.0075702025,0.9804486036
8457,"/kaggle/input/datasets/arafatrahmann/my-data221/Epic and CSCR hospital Dataset/Train/pituitary/Tr-pi_0115.jpg",3,pituitary,3,pituitary,0.0053527383,0.0074720606,0.0075439573,0.9796313047
8468,"/kaggle/input/datasets/arafatrahmann/my-data221/Epic and CSCR hospital Dataset/Train/pituitary/Tr-pi_0127.jpg",3,pituitary,3,pituitary,0.0056019705,0.0062443907,0.0072260560,0.9809275866
8478,"/kaggle/input/datasets/arafatrahmann/my-data221/Epic and CSCR hospital Dataset/Train/pituitary/Tr-pi_0137.jpg",3,pituitary,3,pituitary,0.0055450988,0.0073084780,0.0075419405,0.9796045423
8479,"/kaggle/input/datasets/arafatrahmann/my-data221/Epic and CSCR hospital Dataset/Train/pituitary/Tr-pi_0138.jpg",3,pituitary,3,pituitary,0.0054449546,0.0069106780,0.0074182958,0.9802261591
8485,"/kaggle/input/datasets/arafatrahmann/my-data221/Epic and CSCR hospital Dataset/Train/pituitary/Tr-pi_0144.jpg",3,pituitary,3,pituitary,0.0056174612,0.0059293215,0.0074745594,0.9809786677
8486,"/kaggle/input/datasets/arafatrahmann/my-data221/Epic and CSCR hospital Dataset/Train/pituitary/Tr-pi_0145.jpg",3,pituitary,3,pituitary,0.0054790122,0.0073331618,0.0080606248,0.9791271091
8494,"/kaggle/input/datasets/arafatrahmann/my-data221/Epic and CSCR hospital Dataset/Train/pituitary/Tr-pi_0153.jpg",3,pituitary,3,pituitary,0.0054377886,0.0072837546,0.0076086945,0.9796698689
8506,"/kaggle/input/datasets/arafatrahmann/my-data221/Epic and CSCR hospital Dataset/Train/pituitary/Tr-pi_0165.jpg",3,pituitary,3,pituitary,0.0054886304,0.0084589748,0.0075554261,0.9784969091
8507,"/kaggle/input/datasets/arafatrahmann/my-data221/Epic and CSCR hospital Dataset/Train/pituitary/Tr-pi_0166.jpg",3,pituitary,3,pituitary,0.0054504261,0.0081009660,0.0074220137,0.9790266156
8510,"/kaggle/input/datasets/arafatrahmann/my-data221/Epic and CSCR hospital Dataset/Train/pituitary/Tr-pi_0169.jpg",3,pituitary,3,pituitary,0.0053644320,0.0069609834,0.0072105960,0.9804641008
8517,"/kaggle/input/datasets/arafatrahmann/my-data221/Epic and CSCR hospital Dataset/Train/pituitary/Tr-pi_0176.jpg",3,pituitary,3,pituitary,0.0054212352,0.0073270025,0.0072776810,0.9799739718
8518,"/kaggle/input/datasets/arafatrahmann/my-data221/Epic and CSCR hospital Dataset/Train/pituitary/Tr-pi_0177.jpg",3,pituitary,3,pituitary,0.0055289003,0.0066362442,0.0072748074,0.9805601239
8521,"/kaggle/input/datasets/arafatrahmann/my-data221/Epic and CSCR hospital Dataset/Train/pituitary/Tr-pi_0180.jpg",3,pituitary,3,pituitary,0.0055260444,0.0067101317,0.0073624654,0.9804013371
8528,"/kaggle/input/datasets/arafatrahmann/my-data221/Epic and CSCR hospital Dataset/Train/pituitary/Tr-pi_0187.jpg",3,pituitary,3,pituitary,0.0055636778,0.0059728492,0.0072370656,0.9812263250
8546,"/kaggle/input/datasets/arafatrahmann/my-data221/Epic and CSCR hospital Dataset/Train/pituitary/Tr-pi_0205.jpg",3,pituitary,3,pituitary,0.0054559074,0.0067952340,0.0072075911,0.9805412292
8556,"/kaggle/input/datasets/arafatrahmann/my-data221/Epic and CSCR hospital Dataset/Train/pituitary/Tr-pi_0215.jpg",3,pituitary,3,pituitary,0.0054809805,0.0060783029,0.0074479529,0.9809927940
8559,"/kaggle/input/datasets/arafatrahmann/my-data221/Epic and CSCR hospital Dataset/Train/pituitary/Tr-pi_0218.jpg",3,pituitary,3,pituitary,0.0061220778,0.0049068015,0.0074103149,0.9815608263
8563,"/kaggle/input/datasets/arafatrahmann/my-data221/Epic and CSCR hospital Dataset/Train/pituitary/Tr-pi_0222.jpg",3,pituitary,3,pituitary,0.0056490549,0.0068412311,0.0076915538,0.9798182249
8566,"/kaggle/input/datasets/arafatrahmann/my-data221/Epic and CSCR hospital Dataset/Train/pituitary/Tr-pi_0225.jpg",3,pituitary,3,pituitary,0.0053867144,0.0070131449,0.0074413917,0.9801586866
8577,"/kaggle/input/datasets/arafatrahmann/my-data221/Epic and CSCR hospital Dataset/Train/pituitary/Tr-pi_0236.jpg",3,pituitary,3,pituitary,0.0055517633,0.0062958859,0.0072555328,0.9808968306
8581,"/kaggle/input/datasets/arafatrahmann/my-data221/Epic and CSCR hospital Dataset/Train/pituitary/Tr-pi_0240.jpg",3,pituitary,3,pituitary,0.0055009811,0.0068128407,0.0074079460,0.9802781343
8582,"/kaggle/input/datasets/arafatrahmann/my-data221/Epic and CSCR hospital Dataset/Train/pituitary/Tr-pi_0241.jpg",3,pituitary,3,pituitary,0.0057607684,0.0065790550,0.0072823726,0.9803778529
8583,"/kaggle/input/datasets/arafatrahmann/my-data221/Epic and CSCR hospital Dataset/Train/pituitary/Tr-pi_0242.jpg",3,pituitary,3,pituitary,0.0055588414,0.0059307059,0.0073159845,0.9811944962
8584,"/kaggle/input/datasets/arafatrahmann/my-data221/Epic and CSCR hospital Dataset/Train/pituitary/Tr-pi_0243.jpg",3,pituitary,3,pituitary,0.0055604717,0.0071001993,0.0073510790,0.9799882174
8587,"/kaggle/input/datasets/arafatrahmann/my-data221/Epic and CSCR hospital Dataset/Train/pituitary/Tr-pi_0246.jpg",3,pituitary,3,pituitary,0.0057987771,0.0053921202,0.0070822886,0.9817268252
8598,"/kaggle/input/datasets/arafatrahmann/my-data221/Epic and CSCR hospital Dataset/Train/pituitary/Tr-pi_0257.jpg",3,pituitary,3,pituitary,0.0053588767,0.0086981365,0.0074483687,0.9784946442
8602,"/kaggle/input/datasets/arafatrahmann/my-data221/Epic and CSCR hospital Dataset/Train/pituitary/Tr-pi_0261.jpg",3,pituitary,3,pituitary,0.0053658765,0.0073732547,0.0073122038,0.9799486995
8603,"/kaggle/input/datasets/arafatrahmann/my-data221/Epic and CSCR hospital Dataset/Train/pituitary/Tr-pi_0262.jpg",3,pituitary,3,pituitary,0.0054292576,0.0076526380,0.0075724223,0.9793456793
8607,"/kaggle/input/datasets/arafatrahmann/my-data221/Epic and CSCR hospital Dataset/Train/pituitary/Tr-pi_0266.jpg",3,pituitary,3,pituitary,0.0055187983,0.0081401467,0.0075812875,0.9787598848
8615,"/kaggle/input/datasets/arafatrahmann/my-data221/Epic and CSCR hospital Dataset/Train/pituitary/Tr-pi_0274.jpg",3,pituitary,3,pituitary,0.0056844968,0.0098413229,0.0076113483,0.9768627882
8616,"/kaggle/input/datasets/arafatrahmann/my-data221/Epic and CSCR hospital Dataset/Train/pituitary/Tr-pi_0275.jpg",3,pituitary,3,pituitary,0.0055787517,0.0077150017,0.0075254813,0.9791806936
8619,"/kaggle/input/datasets/arafatrahmann/my-data221/Epic and CSCR hospital Dataset/Train/pituitary/Tr-pi_0278.jpg",3,pituitary,3,pituitary,0.0055191265,0.0070316656,0.0079716211,0.9794775844
8622,"/kaggle/input/datasets/arafatrahmann/my-data221/Epic and CSCR hospital Dataset/Train/pituitary/Tr-pi_0281.jpg",3,pituitary,3,pituitary,0.0055548893,0.0068038837,0.0073258402,0.9803155065
8627,"/kaggle/input/datasets/arafatrahmann/my-data221/Epic and CSCR hospital Dataset/Train/pituitary/Tr-pi_0286.jpg",3,pituitary,3,pituitary,0.0054780124,0.0070879958,0.0073330812,0.9801009297
8637,"/kaggle/input/datasets/arafatrahmann/my-data221/Epic and CSCR hospital Dataset/Train/pituitary/Tr-pi_0296.jpg",3,pituitary,3,pituitary,0.0053919451,0.0062577380,0.0072886110,0.9810617566
8642,"/kaggle/input/datasets/arafatrahmann/my-data221/Epic and CSCR hospital Dataset/Train/pituitary/Tr-pi_0301.jpg",3,pituitary,3,pituitary,0.0055506630,0.0081648212,0.0075690686,0.9787155390
8658,"/kaggle/input/datasets/arafatrahmann/my-data221/Epic and CSCR hospital Dataset/Train/pituitary/Tr-pi_0317.jpg",3,pituitary,3,pituitary,0.0054721953,0.0066662496,0.0073560989,0.9805053473
8667,"/kaggle/input/datasets/arafatrahmann/my-data221/Epic and CSCR hospital Dataset/Train/pituitary/Tr-pi_0326.jpg",3,pituitary,3,pituitary,0.0054195882,0.0077522472,0.0074243695,0.9794037938
8670,"/kaggle/input/datasets/arafatrahmann/my-data221/Epic and CSCR hospital Dataset/Train/pituitary/Tr-pi_0329.jpg",3,pituitary,3,pituitary,0.0054029161,0.0073208557,0.0074809319,0.9797953367
8673,"/kaggle/input/datasets/arafatrahmann/my-data221/Epic and CSCR hospital Dataset/Train/pituitary/Tr-pi_0332.jpg",3,pituitary,3,pituitary,0.0055816863,0.0069176829,0.0075328164,0.9799677134
8675,"/kaggle/input/datasets/arafatrahmann/my-data221/Epic and CSCR hospital Dataset/Train/pituitary/Tr-pi_0334.jpg",3,pituitary,3,pituitary,0.0052726297,0.0085205641,0.0073434124,0.9788633585
8681,"/kaggle/input/datasets/arafatrahmann/my-data221/Epic and CSCR hospital Dataset/Train/pituitary/Tr-pi_0340.jpg",3,pituitary,3,pituitary,0.0055390415,0.0063991854,0.0074572028,0.9806045294
8687,"/kaggle/input/datasets/arafatrahmann/my-data221/Epic and CSCR hospital Dataset/Train/pituitary/Tr-pi_0346.jpg",3,pituitary,3,pituitary,0.0054485174,0.0067315958,0.0074828216,0.9803371429
8690,"/kaggle/input/datasets/arafatrahmann/my-data221/Epic and CSCR hospital Dataset/Train/pituitary/Tr-pi_0349.jpg",3,pituitary,3,pituitary,0.0055000251,0.0071578734,0.0074674226,0.9798747301
8695,"/kaggle/input/datasets/arafatrahmann/my-data221/Epic and CSCR hospital Dataset/Train/pituitary/Tr-pi_0354.jpg",3,pituitary,3,pituitary,0.0053913272,0.0063669989,0.0070697977,0.9811719060
8704,"/kaggle/input/datasets/arafatrahmann/my-data221/Epic and CSCR hospital Dataset/Train/pituitary/Tr-pi_0363.jpg",3,pituitary,3,pituitary,0.0058165793,0.0058723800,0.0069748559,0.9813362360
8710,"/kaggle/input/datasets/arafatrahmann/my-data221/Epic and CSCR hospital Dataset/Train/pituitary/Tr-pi_0369.jpg",3,pituitary,3,pituitary,0.0057754377,0.0057075913,0.0073405840,0.9811763763
8715,"/kaggle/input/datasets/arafatrahmann/my-data221/Epic and CSCR hospital Dataset/Train/pituitary/Tr-pi_0374.jpg",3,pituitary,3,pituitary,0.0054126447,0.0074610943,0.0072619813,0.9798642993
8719,"/kaggle/input/datasets/arafatrahmann/my-data221/Epic and CSCR hospital Dataset/Train/pituitary/Tr-pi_0378.jpg",3,pituitary,3,pituitary,0.0055445633,0.0058958223,0.0072882697,0.9812712669
8722,"/kaggle/input/datasets/arafatrahmann/my-data221/Epic and CSCR hospital Dataset/Train/pituitary/Tr-pi_0381.jpg",3,pituitary,3,pituitary,0.0054134773,0.0064734155,0.0073611601,0.9807519913
8724,"/kaggle/input/datasets/arafatrahmann/my-data221/Epic and CSCR hospital Dataset/Train/pituitary/Tr-pi_0383.jpg",3,pituitary,3,pituitary,0.0055562477,0.0063979565,0.0073474259,0.9806984067
8730,"/kaggle/input/datasets/arafatrahmann/my-data221/Epic and CSCR hospital Dataset/Train/pituitary/Tr-pi_0389.jpg",3,pituitary,3,pituitary,0.0055033076,0.0075801522,0.0073399814,0.9795764685
8731,"/kaggle/input/datasets/arafatrahmann/my-data221/Epic and CSCR hospital Dataset/Train/pituitary/Tr-pi_0390.jpg",3,pituitary,3,pituitary,0.0053858524,0.0064759380,0.0072955489,0.9808425903
8733,"/kaggle/input/datasets/arafatrahmann/my-data221/Epic and CSCR hospital Dataset/Train/pituitary/Tr-pi_0392.jpg",3,pituitary,3,pituitary,0.0054610185,0.0064701200,0.0072401846,0.9808286428
8734,"/kaggle/input/datasets/arafatrahmann/my-data221/Epic and CSCR hospital Dataset/Train/pituitary/Tr-pi_0393.jpg",3,pituitary,3,pituitary,0.0055581518,0.0057569123,0.0074542151,0.9812307358
8735,"/kaggle/input/datasets/arafatrahmann/my-data221/Epic and CSCR hospital Dataset/Train/pituitary/Tr-pi_0394.jpg",3,pituitary,3,pituitary,0.0054490035,0.0060061170,0.0072508091,0.9812940359
8741,"/kaggle/input/datasets/arafatrahmann/my-data221/Epic and CSCR hospital Dataset/Train/pituitary/Tr-pi_0400.jpg",3,pituitary,3,pituitary,0.0054975450,0.0074925227,0.0073997332,0.9796101451
8746,"/kaggle/input/datasets/arafatrahmann/my-data221/Epic and CSCR hospital Dataset/Train/pituitary/Tr-pi_0405.jpg",3,pituitary,3,pituitary,0.0053099454,0.0062158848,0.0075165415,0.9809576869
8754,"/kaggle/input/datasets/arafatrahmann/my-data221/Epic and CSCR hospital Dataset/Train/pituitary/Tr-pi_0413.jpg",3,pituitary,3,pituitary,0.0055369129,0.0084401499,0.0076023750,0.9784205556
8760,"/kaggle/input/datasets/arafatrahmann/my-data221/Epic and CSCR hospital Dataset/Train/pituitary/Tr-pi_0419.jpg",3,pituitary,3,pituitary,0.0054419348,0.0074563413,0.0073807547,0.9797209501
8762,"/kaggle/input/datasets/arafatrahmann/my-data221/Epic and CSCR hospital Dataset/Train/pituitary/Tr-pi_0421.jpg",3,pituitary,3,pituitary,0.0054005124,0.0069437376,0.0073810136,0.9802747965
8766,"/kaggle/input/datasets/arafatrahmann/my-data221/Epic and CSCR hospital Dataset/Train/pituitary/Tr-pi_0425.jpg",3,pituitary,3,pituitary,0.0053981370,0.0080863805,0.0074262014,0.9790893793
8768,"/kaggle/input/datasets/arafatrahmann/my-data221/Epic and CSCR hospital Dataset/Train/pituitary/Tr-pi_0427.jpg",3,pituitary,3,pituitary,0.0053822575,0.0076821945,0.0073422240,0.9795932770
8771,"/kaggle/input/datasets/arafatrahmann/my-data221/Epic and CSCR hospital Dataset/Train/pituitary/Tr-pi_0430.jpg",3,pituitary,3,pituitary,0.0054823076,0.0062626889,0.0075221113,0.9807330370
8772,"/kaggle/input/datasets/arafatrahmann/my-data221/Epic and CSCR hospital Dataset/Train/pituitary/Tr-pi_0431.jpg",3,pituitary,3,pituitary,0.0056060636,0.0060643121,0.0073137009,0.9810158610
8773,"/kaggle/input/datasets/arafatrahmann/my-data221/Epic and CSCR hospital Dataset/Train/pituitary/Tr-pi_0432.jpg",3,pituitary,3,pituitary,0.0056239301,0.0061946572,0.0073874928,0.9807939529
8778,"/kaggle/input/datasets/arafatrahmann/my-data221/Epic and CSCR hospital Dataset/Train/pituitary/Tr-pi_0437.jpg",3,pituitary,3,pituitary,0.0056163529,0.0087222774,0.0076264725,0.9780348539
8793,"/kaggle/input/datasets/arafatrahmann/my-data221/Epic and CSCR hospital Dataset/Train/pituitary/Tr-pi_0452.jpg",3,pituitary,3,pituitary,0.0055615576,0.0076243370,0.0075086318,0.9793054461
8794,"/kaggle/input/datasets/arafatrahmann/my-data221/Epic and CSCR hospital Dataset/Train/pituitary/Tr-pi_0453.jpg",3,pituitary,3,pituitary,0.0056313206,0.0059675197,0.0074144611,0.9809867144
8796,"/kaggle/input/datasets/arafatrahmann/my-data221/Epic and CSCR hospital Dataset/Train/pituitary/Tr-pi_0455.jpg",3,pituitary,3,pituitary,0.0055377367,0.0068371086,0.0073322393,0.9802929163
8803,"/kaggle/input/datasets/arafatrahmann/my-data221/Epic and CSCR hospital Dataset/Train/pituitary/Tr-pi_0462.jpg",3,pituitary,3,pituitary,0.0055686487,0.0062797689,0.0072596245,0.9808920026
8815,"/kaggle/input/datasets/arafatrahmann/my-data221/Epic and CSCR hospital Dataset/Train/pituitary/Tr-pi_0474.jpg",3,pituitary,3,pituitary,0.0054551265,0.0067789680,0.0074125640,0.9803533554
8817,"/kaggle/input/datasets/arafatrahmann/my-data221/Epic and CSCR hospital Dataset/Train/pituitary/Tr-pi_0476.jpg",3,pituitary,3,pituitary,0.0054075355,0.0076151141,0.0073991679,0.9795781970
8818,"/kaggle/input/datasets/arafatrahmann/my-data221/Epic and CSCR hospital Dataset/Train/pituitary/Tr-pi_0477.jpg",3,pituitary,3,pituitary,0.0054985736,0.0066940836,0.0073463381,0.9804610014
8820,"/kaggle/input/datasets/arafatrahmann/my-data221/Epic and CSCR hospital Dataset/Train/pituitary/Tr-pi_0479.jpg",3,pituitary,3,pituitary,0.0054596742,0.0066767111,0.0073882798,0.9804754257
8833,"/kaggle/input/datasets/arafatrahmann/my-data221/Epic and CSCR hospital Dataset/Train/pituitary/Tr-pi_0492.jpg",3,pituitary,3,pituitary,0.0055146771,0.0071025779,0.0073957639,0.9799869657
8834,"/kaggle/input/datasets/arafatrahmann/my-data221/Epic and CSCR hospital Dataset/Train/pituitary/Tr-pi_0493.jpg",3,pituitary,3,pituitary,0.0053392341,0.0064097317,0.0075274007,0.9807236791
8836,"/kaggle/input/datasets/arafatrahmann/my-data221/Epic and CSCR hospital Dataset/Train/pituitary/Tr-pi_0495.jpg",3,pituitary,3,pituitary,0.0061588073,0.0083577093,0.0077246749,0.9777587652
8843,"/kaggle/input/datasets/arafatrahmann/my-data221/Epic and CSCR hospital Dataset/Train/pituitary/Tr-pi_0502.jpg",3,pituitary,3,pituitary,0.0054883719,0.0060702967,0.0077343620,0.9807070494
8849,"/kaggle/input/datasets/arafatrahmann/my-data221/Epic and CSCR hospital Dataset/Train/pituitary/Tr-pi_0508.jpg",3,pituitary,3,pituitary,0.0057963873,0.0072744116,0.0076054558,0.9793236852
8855,"/kaggle/input/datasets/arafatrahmann/my-data221/Epic and CSCR hospital Dataset/Train/pituitary/Tr-pi_0514.jpg",3,pituitary,3,pituitary,0.0054038339,0.0066868761,0.0075556999,0.9803536534
8865,"/kaggle/input/datasets/arafatrahmann/my-data221/Epic and CSCR hospital Dataset/Train/pituitary/Tr-pi_0524.jpg",3,pituitary,3,pituitary,0.0055367695,0.0068361005,0.0073616141,0.9802654982
8868,"/kaggle/input/datasets/arafatrahmann/my-data221/Epic and CSCR hospital Dataset/Train/pituitary/Tr-pi_0527.jpg",3,pituitary,3,pituitary,0.0054606972,0.0068228184,0.0074354699,0.9802809954
8871,"/kaggle/input/datasets/arafatrahmann/my-data221/Epic and CSCR hospital Dataset/Train/pituitary/Tr-pi_0530.jpg",3,pituitary,3,pituitary,0.0055911229,0.0064051403,0.0073057287,0.9806979299
8873,"/kaggle/input/datasets/arafatrahmann/my-data221/Epic and CSCR hospital Dataset/Train/pituitary/Tr-pi_0532.jpg",3,pituitary,3,pituitary,0.0058503230,0.0064911195,0.0072262338,0.9804323316
8883,"/kaggle/input/datasets/arafatrahmann/my-data221/Epic and CSCR hospital Dataset/Train/pituitary/Tr-pi_0542.jpg",3,pituitary,3,pituitary,0.0055394461,0.0058924435,0.0075921277,0.9809759855
8884,"/kaggle/input/datasets/arafatrahmann/my-data221/Epic and CSCR hospital Dataset/Train/pituitary/Tr-pi_0543.jpg",3,pituitary,3,pituitary,0.0056526200,0.0064621763,0.0077974438,0.9800878763
8887,"/kaggle/input/datasets/arafatrahmann/my-data221/Epic and CSCR hospital Dataset/Train/pituitary/Tr-pi_0546.jpg",3,pituitary,3,pituitary,0.0053786361,0.0075029945,0.0078047579,0.9793135524
8888,"/kaggle/input/datasets/arafatrahmann/my-data221/Epic and CSCR hospital Dataset/Train/pituitary/Tr-pi_0547.jpg",3,pituitary,3,pituitary,0.0057792086,0.0073259929,0.0075320252,0.9793627858
8890,"/kaggle/input/datasets/arafatrahmann/my-data221/Epic and CSCR hospital Dataset/Train/pituitary/Tr-pi_0549.jpg",3,pituitary,3,pituitary,0.0053694076,0.0067130430,0.0077994214,0.9801180959
8891,"/kaggle/input/datasets/arafatrahmann/my-data221/Epic and CSCR hospital Dataset/Train/pituitary/Tr-pi_0550.jpg",3,pituitary,3,pituitary,0.0053058355,0.0064846068,0.0077831135,0.9804264307
8896,"/kaggle/input/datasets/arafatrahmann/my-data221/Epic and CSCR hospital Dataset/Train/pituitary/Tr-pi_0555.jpg",3,pituitary,3,pituitary,0.0055262693,0.0076234392,0.0079684211,0.9788819551
8899,"/kaggle/input/datasets/arafatrahmann/my-data221/Epic and CSCR hospital Dataset/Train/pituitary/Tr-pi_0558.jpg",3,pituitary,3,pituitary,0.0055157817,0.0059716711,0.0073147966,0.9811977148
8902,"/kaggle/input/datasets/arafatrahmann/my-data221/Epic and CSCR hospital Dataset/Train/pituitary/Tr-pi_0561.jpg",3,pituitary,3,pituitary,0.0054798438,0.0066204756,0.0075462805,0.9803533554
8907,"/kaggle/input/datasets/arafatrahmann/my-data221/Epic and CSCR hospital Dataset/Train/pituitary/Tr-pi_0566.jpg",3,pituitary,3,pituitary,0.0064006010,0.0063827201,0.0071865679,0.9800301790
8911,"/kaggle/input/datasets/arafatrahmann/my-data221/Epic and CSCR hospital Dataset/Train/pituitary/Tr-pi_0570.jpg",3,pituitary,3,pituitary,0.0058198581,0.0059162076,0.0077741081,0.9804898500
8914,"/kaggle/input/datasets/arafatrahmann/my-data221/Epic and CSCR hospital Dataset/Train/pituitary/Tr-pi_0573.jpg",3,pituitary,3,pituitary,0.0060384842,0.0070299879,0.0073932582,0.9795382619
8916,"/kaggle/input/datasets/arafatrahmann/my-data221/Epic and CSCR hospital Dataset/Train/pituitary/Tr-pi_0575.jpg",3,pituitary,3,pituitary,0.0055133090,0.0065093539,0.0075733378,0.9804040790
8917,"/kaggle/input/datasets/arafatrahmann/my-data221/Epic and CSCR hospital Dataset/Train/pituitary/Tr-pi_0576.jpg",3,pituitary,3,pituitary,0.0054148627,0.0070303767,0.0074673668,0.9800873995
8926,"/kaggle/input/datasets/arafatrahmann/my-data221/Epic and CSCR hospital Dataset/Train/pituitary/Tr-pi_0585.jpg",3,pituitary,3,pituitary,0.0054132082,0.0067927926,0.0078595085,0.9799345136
8930,"/kaggle/input/datasets/arafatrahmann/my-data221/Epic and CSCR hospital Dataset/Train/pituitary/Tr-pi_0589.jpg",3,pituitary,3,pituitary,0.0053825942,0.0072702938,0.0076669455,0.9796802402
8931,"/kaggle/input/datasets/arafatrahmann/my-data221/Epic and CSCR hospital Dataset/Train/pituitary/Tr-pi_0590.jpg",3,pituitary,3,pituitary,0.0052923090,0.0075441720,0.0076990589,0.9794644117
8933,"/kaggle/input/datasets/arafatrahmann/my-data221/Epic and CSCR hospital Dataset/Train/pituitary/Tr-pi_0592.jpg",3,pituitary,3,pituitary,0.0056855842,0.0078045204,0.0075973929,0.9789125323
8935,"/kaggle/input/datasets/arafatrahmann/my-data221/Epic and CSCR hospital Dataset/Train/pituitary/Tr-pi_0594.jpg",3,pituitary,3,pituitary,0.0056357393,0.0073123397,0.0075225369,0.9795295000
8937,"/kaggle/input/datasets/arafatrahmann/my-data221/Epic and CSCR hospital Dataset/Train/pituitary/Tr-pi_0596.jpg",3,pituitary,3,pituitary,0.0055762413,0.0066413120,0.0077036433,0.9800788164
8939,"/kaggle/input/datasets/arafatrahmann/my-data221/Epic and CSCR hospital Dataset/Train/pituitary/Tr-pi_0598.jpg",3,pituitary,3,pituitary,0.0057013202,0.0064270394,0.0075908527,0.9802807570
8944,"/kaggle/input/datasets/arafatrahmann/my-data221/Epic and CSCR hospital Dataset/Train/pituitary/Tr-pi_0603.jpg",3,pituitary,3,pituitary,0.0054399045,0.0066306377,0.0073850295,0.9805443883
8946,"/kaggle/input/datasets/arafatrahmann/my-data221/Epic and CSCR hospital Dataset/Train/pituitary/Tr-pi_0605.jpg",3,pituitary,3,pituitary,0.0054847887,0.0098662032,0.0077538467,0.9768951535
8947,"/kaggle/input/datasets/arafatrahmann/my-data221/Epic and CSCR hospital Dataset/Train/pituitary/Tr-pi_0606.jpg",3,pituitary,3,pituitary,0.0053667463,0.0067412630,0.0078148479,0.9800771475
8960,"/kaggle/input/datasets/arafatrahmann/my-data221/Epic and CSCR hospital Dataset/Train/pituitary/Tr-pi_0619.jpg",3,pituitary,3,pituitary,0.0056298682,0.0082431920,0.0076306858,0.9784962535
8963,"/kaggle/input/datasets/arafatrahmann/my-data221/Epic and CSCR hospital Dataset/Train/pituitary/Tr-pi_0622.jpg",3,pituitary,3,pituitary,0.0054554162,0.0067643956,0.0074005998,0.9803795815
8964,"/kaggle/input/datasets/arafatrahmann/my-data221/Epic and CSCR hospital Dataset/Train/pituitary/Tr-pi_0623.jpg",3,pituitary,3,pituitary,0.0056230132,0.0075525558,0.0077903131,0.9790341258
8984,"/kaggle/input/datasets/arafatrahmann/my-data221/Epic and CSCR hospital Dataset/Train/pituitary/Tr-pi_0643.jpg",3,pituitary,3,pituitary,0.0058098785,0.0063105924,0.0075083636,0.9803711176
8991,"/kaggle/input/datasets/arafatrahmann/my-data221/Epic and CSCR hospital Dataset/Train/pituitary/Tr-pi_0650.jpg",3,pituitary,3,pituitary,0.0057112924,0.0081502926,0.0076452233,0.9784932137
9004,"/kaggle/input/datasets/arafatrahmann/my-data221/Epic and CSCR hospital Dataset/Train/pituitary/Tr-pi_0663.jpg",3,pituitary,3,pituitary,0.0057706311,0.0078845471,0.0076859258,0.9786589742
9005,"/kaggle/input/datasets/arafatrahmann/my-data221/Epic and CSCR hospital Dataset/Train/pituitary/Tr-pi_0664.jpg",3,pituitary,3,pituitary,0.0056399396,0.0068359338,0.0075786402,0.9799453616
9009,"/kaggle/input/datasets/arafatrahmann/my-data221/Epic and CSCR hospital Dataset/Train/pituitary/Tr-pi_0668.jpg",3,pituitary,3,pituitary,0.0053664581,0.0079677785,0.0076035298,0.9790622592
9011,"/kaggle/input/datasets/arafatrahmann/my-data221/Epic and CSCR hospital Dataset/Train/pituitary/Tr-pi_0670.jpg",3,pituitary,3,pituitary,0.0054173055,0.0072966171,0.0072600506,0.9800260663
9021,"/kaggle/input/datasets/arafatrahmann/my-data221/Epic and CSCR hospital Dataset/Train/pituitary/Tr-pi_0680.jpg",3,pituitary,3,pituitary,0.0054365438,0.0069678635,0.0073018000,0.9802937508
9022,"/kaggle/input/datasets/arafatrahmann/my-data221/Epic and CSCR hospital Dataset/Train/pituitary/Tr-pi_0681.jpg",3,pituitary,3,pituitary,0.0058285031,0.0059306780,0.0077022733,0.9805384874
9031,"/kaggle/input/datasets/arafatrahmann/my-data221/Epic and CSCR hospital Dataset/Train/pituitary/Tr-pi_0690.jpg",3,pituitary,3,pituitary,0.0057016024,0.0055307513,0.0071959249,0.9815716743
9033,"/kaggle/input/datasets/arafatrahmann/my-data221/Epic and CSCR hospital Dataset/Train/pituitary/Tr-pi_0692.jpg",3,pituitary,3,pituitary,0.0054522105,0.0066451775,0.0073820231,0.9805205464
9044,"/kaggle/input/datasets/arafatrahmann/my-data221/Epic and CSCR hospital Dataset/Train/pituitary/Tr-pi_0703.jpg",3,pituitary,3,pituitary,0.0053936793,0.0055837114,0.0077553196,0.9812673330
9046,"/kaggle/input/datasets/arafatrahmann/my-data221/Epic and CSCR hospital Dataset/Train/pituitary/Tr-pi_0705.jpg",3,pituitary,3,pituitary,0.0053856364,0.0060279472,0.0074147605,0.9811717272
9066,"/kaggle/input/datasets/arafatrahmann/my-data221/Epic and CSCR hospital Dataset/Train/pituitary/Tr-pi_0725.jpg",3,pituitary,3,pituitary,0.0054345732,0.0059050126,0.0075183227,0.9811421633
9070,"/kaggle/input/datasets/arafatrahmann/my-data221/Epic and CSCR hospital Dataset/Train/pituitary/Tr-pi_0729.jpg",3,pituitary,3,pituitary,0.0055032191,0.0072881267,0.0074175806,0.9797910452
9078,"/kaggle/input/datasets/arafatrahmann/my-data221/Epic and CSCR hospital Dataset/Train/pituitary/Tr-pi_0737.jpg",3,pituitary,3,pituitary,0.0054356260,0.0068548741,0.0074468083,0.9802627563
9080,"/kaggle/input/datasets/arafatrahmann/my-data221/Epic and CSCR hospital Dataset/Train/pituitary/Tr-pi_0739.jpg",3,pituitary,3,pituitary,0.0054588197,0.0065858075,0.0074488893,0.9805065393
9082,"/kaggle/input/datasets/arafatrahmann/my-data221/Epic and CSCR hospital Dataset/Train/pituitary/Tr-pi_0741.jpg",3,pituitary,3,pituitary,0.0054410514,0.0059355409,0.0076687052,0.9809546471
9083,"/kaggle/input/datasets/arafatrahmann/my-data221/Epic and CSCR hospital Dataset/Train/pituitary/Tr-pi_0742.jpg",3,pituitary,3,pituitary,0.0055324947,0.0072044753,0.0073826360,0.9798804522
9087,"/kaggle/input/datasets/arafatrahmann/my-data221/Epic and CSCR hospital Dataset/Train/pituitary/Tr-pi_0746.jpg",3,pituitary,3,pituitary,0.0058022342,0.0067694047,0.0074643181,0.9799640775
9088,"/kaggle/input/datasets/arafatrahmann/my-data221/Epic and CSCR hospital Dataset/Train/pituitary/Tr-pi_0747.jpg",3,pituitary,3,pituitary,0.0054639932,0.0067583295,0.0073045800,0.9804731607
9094,"/kaggle/input/datasets/arafatrahmann/my-data221/Epic and CSCR hospital Dataset/Train/pituitary/Tr-pi_0753.jpg",3,pituitary,3,pituitary,0.0053952546,0.0087218806,0.0074288221,0.9784539938
9097,"/kaggle/input/datasets/arafatrahmann/my-data221/Epic and CSCR hospital Dataset/Train/pituitary/Tr-pi_0756.jpg",3,pituitary,3,pituitary,0.0053569977,0.0078991633,0.0073561356,0.9793876410
9098,"/kaggle/input/datasets/arafatrahmann/my-data221/Epic and CSCR hospital Dataset/Train/pituitary/Tr-pi_0757.jpg",3,pituitary,3,pituitary,0.0053801993,0.0090832906,0.0074154614,0.9781211019
9099,"/kaggle/input/datasets/arafatrahmann/my-data221/Epic and CSCR hospital Dataset/Train/pituitary/Tr-pi_0758.jpg",3,pituitary,3,pituitary,0.0054535666,0.0088342112,0.0075939945,0.9781182408
9103,"/kaggle/input/datasets/arafatrahmann/my-data221/Epic and CSCR hospital Dataset/Train/pituitary/Tr-pi_0762.jpg",3,pituitary,3,pituitary,0.0053450214,0.0072680749,0.0075177313,0.9798691869
9105,"/kaggle/input/datasets/arafatrahmann/my-data221/Epic and CSCR hospital Dataset/Train/pituitary/Tr-pi_0764.jpg",3,pituitary,3,pituitary,0.0054982994,0.0076922216,0.0074213981,0.9793880582
9106,"/kaggle/input/datasets/arafatrahmann/my-data221/Epic and CSCR hospital Dataset/Train/pituitary/Tr-pi_0765.jpg",3,pituitary,3,pituitary,0.0055297269,0.0068538063,0.0073257438,0.9802907109
9107,"/kaggle/input/datasets/arafatrahmann/my-data221/Epic and CSCR hospital Dataset/Train/pituitary/Tr-pi_0766.jpg",3,pituitary,3,pituitary,0.0057525099,0.0073951473,0.0076464787,0.9792059064
9109,"/kaggle/input/datasets/arafatrahmann/my-data221/Epic and CSCR hospital Dataset/Train/pituitary/Tr-pi_0768.jpg",3,pituitary,3,pituitary,0.0054854369,0.0066904859,0.0072951852,0.9805288315
9118,"/kaggle/input/datasets/arafatrahmann/my-data221/Epic and CSCR hospital Dataset/Train/pituitary/Tr-pi_0777.jpg",3,pituitary,3,pituitary,0.0055326750,0.0065241754,0.0073438147,0.9805992842
9133,"/kaggle/input/datasets/arafatrahmann/my-data221/Epic and CSCR hospital Dataset/Train/pituitary/Tr-pi_0792.jpg",3,pituitary,3,pituitary,0.0055516325,0.0094496896,0.0080793137,0.9769194722
9134,"/kaggle/input/datasets/arafatrahmann/my-data221/Epic and CSCR hospital Dataset/Train/pituitary/Tr-pi_0793.jpg",3,pituitary,3,pituitary,0.0055739461,0.0094292825,0.0079129133,0.9770838022
9136,"/kaggle/input/datasets/arafatrahmann/my-data221/Epic and CSCR hospital Dataset/Train/pituitary/Tr-pi_0795.jpg",3,pituitary,3,pituitary,0.0056113997,0.0075870091,0.0076920250,0.9791095853
9139,"/kaggle/input/datasets/arafatrahmann/my-data221/Epic and CSCR hospital Dataset/Train/pituitary/Tr-pi_0798.jpg",3,pituitary,3,pituitary,0.0054451334,0.0069704303,0.0072699403,0.9803145528
9148,"/kaggle/input/datasets/arafatrahmann/my-data221/Epic and CSCR hospital Dataset/Train/pituitary/Tr-pi_0849.jpg",3,pituitary,3,pituitary,0.0054742815,0.0064126020,0.0072315335,0.9808815718
9149,"/kaggle/input/datasets/arafatrahmann/my-data221/Epic and CSCR hospital Dataset/Train/pituitary/Tr-pi_0943.jpg",3,pituitary,3,pituitary,0.0056577637,0.0054376894,0.0075709955,0.9813336134
9161,"/kaggle/input/datasets/arafatrahmann/my-data221/Epic and CSCR hospital Dataset/Train/pituitary/Tr-pi_0955.jpg",3,pituitary,3,pituitary,0.0058537442,0.0350426845,0.0076057194,0.9514978528
9167,"/kaggle/input/datasets/arafatrahmann/my-data221/Epic and CSCR hospital Dataset/Train/pituitary/Tr-pi_0991.jpg",3,pituitary,3,pituitary,0.0053658299,0.0061902418,0.0078600179,0.9805838466
9176,"/kaggle/input/datasets/arafatrahmann/my-data221/Epic and CSCR hospital Dataset/Train/pituitary/Tr-pi_1000.jpg",3,pituitary,3,pituitary,0.0123671666,0.0043872986,0.0069390060,0.9763065577
9185,"/kaggle/input/datasets/arafatrahmann/my-data221/Epic and CSCR hospital Dataset/Train/pituitary/Tr-pi_1009.jpg",3,pituitary,3,pituitary,0.0058023273,0.0073468378,0.0073350864,0.9795158505
9190,"/kaggle/input/datasets/arafatrahmann/my-data221/Epic and CSCR hospital Dataset/Train/pituitary/Tr-pi_1014.jpg",3,pituitary,3,pituitary,0.0058801235,0.0083901361,0.0075861155,0.9781436920
9200,"/kaggle/input/datasets/arafatrahmann/my-data221/Epic and CSCR hospital Dataset/Train/pituitary/Tr-pi_1024.jpg",3,pituitary,3,pituitary,0.0056502121,0.0076430738,0.0079222042,0.9787844419
9204,"/kaggle/input/datasets/arafatrahmann/my-data221/Epic and CSCR hospital Dataset/Train/pituitary/Tr-pi_1028.jpg",3,pituitary,3,pituitary,0.0053830943,0.0069221295,0.0079013631,0.9797935486
9216,"/kaggle/input/datasets/arafatrahmann/my-data221/Epic and CSCR hospital Dataset/Train/pituitary/Tr-pi_1042.jpg",3,pituitary,3,pituitary,0.0056049060,0.0070297169,0.0074317246,0.9799336195
9219,"/kaggle/input/datasets/arafatrahmann/my-data221/Epic and CSCR hospital Dataset/Train/pituitary/Tr-pi_1045.jpg",3,pituitary,3,pituitary,0.0056182714,0.0064491285,0.0077559501,0.9801766276
9221,"/kaggle/input/datasets/arafatrahmann/my-data221/Epic and CSCR hospital Dataset/Train/pituitary/Tr-pi_1047.jpg",3,pituitary,3,pituitary,0.0057301479,0.0056567015,0.0074238577,0.9811893702
9222,"/kaggle/input/datasets/arafatrahmann/my-data221/Epic and CSCR hospital Dataset/Train/pituitary/Tr-pi_1048.jpg",3,pituitary,3,pituitary,0.0055367751,0.0061812568,0.0079936264,0.9802883267
9224,"/kaggle/input/datasets/arafatrahmann/my-data221/Epic and CSCR hospital Dataset/Train/pituitary/Tr-pi_1051.jpg",3,pituitary,3,pituitary,0.0054078675,0.0066253082,0.0073266341,0.9806401134
9231,"/kaggle/input/datasets/arafatrahmann/my-data221/Epic and CSCR hospital Dataset/Train/pituitary/Tr-pi_1058.jpg",3,pituitary,3,pituitary,0.0057170172,0.0055470620,0.0072595812,0.9814763069
9237,"/kaggle/input/datasets/arafatrahmann/my-data221/Epic and CSCR hospital Dataset/Train/pituitary/Tr-pi_1064.jpg",3,pituitary,3,pituitary,0.0056533730,0.0066113137,0.0076177143,0.9801174998
9238,"/kaggle/input/datasets/arafatrahmann/my-data221/Epic and CSCR hospital Dataset/Train/pituitary/Tr-pi_1065.jpg",3,pituitary,3,pituitary,0.0056198915,0.0077797389,0.0077674659,0.9788329005
9241,"/kaggle/input/datasets/arafatrahmann/my-data221/Epic and CSCR hospital Dataset/Train/pituitary/Tr-pi_1068.jpg",3,pituitary,3,pituitary,0.0055368962,0.0114375856,0.0081951376,0.9748303294
9243,"/kaggle/input/datasets/arafatrahmann/my-data221/Epic and CSCR hospital Dataset/Train/pituitary/Tr-pi_1070.jpg",3,pituitary,3,pituitary,0.0054242164,0.0062964587,0.0073592225,0.9809201956
9245,"/kaggle/input/datasets/arafatrahmann/my-data221/Epic and CSCR hospital Dataset/Train/pituitary/Tr-pi_1072.jpg",3,pituitary,3,pituitary,0.0056962827,0.0071482705,0.0077131391,0.9794422388
9246,"/kaggle/input/datasets/arafatrahmann/my-data221/Epic and CSCR hospital Dataset/Train/pituitary/Tr-pi_1073.jpg",3,pituitary,3,pituitary,0.0057054507,0.0076373271,0.0078516472,0.9788055420
9250,"/kaggle/input/datasets/arafatrahmann/my-data221/Epic and CSCR hospital Dataset/Train/pituitary/Tr-pi_1077.jpg",3,pituitary,3,pituitary,0.0057787029,0.0075064078,0.0076286830,0.9790862203
9263,"/kaggle/input/datasets/arafatrahmann/my-data221/Epic and CSCR hospital Dataset/Train/pituitary/Tr-pi_1090.jpg",3,pituitary,3,pituitary,0.0055454224,0.0078952350,0.0079585826,0.9786006808
9266,"/kaggle/input/datasets/arafatrahmann/my-data221/Epic and CSCR hospital Dataset/Train/pituitary/Tr-pi_1094.jpg",3,pituitary,3,pituitary,0.0059723076,0.0070731803,0.0071803248,0.9797741771
9272,"/kaggle/input/datasets/arafatrahmann/my-data221/Epic and CSCR hospital Dataset/Train/pituitary/Tr-pi_1100.jpg",3,pituitary,3,pituitary,0.0054130084,0.0065791458,0.0075294264,0.9804784060
9285,"/kaggle/input/datasets/arafatrahmann/my-data221/Epic and CSCR hospital Dataset/Train/pituitary/Tr-pi_1116.jpg",3,pituitary,3,pituitary,0.0058320789,0.0066646291,0.0074689528,0.9800342321
9288,"/kaggle/input/datasets/arafatrahmann/my-data221/Epic and CSCR hospital Dataset/Train/pituitary/Tr-pi_1119.jpg",3,pituitary,3,pituitary,0.0054460829,0.0065505309,0.0073296190,0.9806739092
9290,"/kaggle/input/datasets/arafatrahmann/my-data221/Epic and CSCR hospital Dataset/Train/pituitary/Tr-pi_1122.jpg",3,pituitary,3,pituitary,0.0056660650,0.0091226939,0.0081767486,0.9770344496
9294,"/kaggle/input/datasets/arafatrahmann/my-data221/Epic and CSCR hospital Dataset/Train/pituitary/Tr-pi_1127.jpg",3,pituitary,3,pituitary,0.0056841215,0.0076371520,0.0075176237,0.9791610837
9297,"/kaggle/input/datasets/arafatrahmann/my-data221/Epic and CSCR hospital Dataset/Train/pituitary/Tr-pi_1130.jpg",3,pituitary,3,pituitary,0.0053106537,0.0079733962,0.0073948065,0.9793211222
9314,"/kaggle/input/datasets/arafatrahmann/my-data221/Epic and CSCR hospital Dataset/Train/pituitary/Tr-pi_1147.jpg",3,pituitary,3,pituitary,0.0054444959,0.0058830590,0.0072545619,0.9814178348
9319,"/kaggle/input/datasets/arafatrahmann/my-data221/Epic and CSCR hospital Dataset/Train/pituitary/Tr-pi_1152.jpg",3,pituitary,3,pituitary,0.0054855882,0.0066999481,0.0073476108,0.9804668427
9325,"/kaggle/input/datasets/arafatrahmann/my-data221/Epic and CSCR hospital Dataset/Train/pituitary/Tr-pi_1158.jpg",3,pituitary,3,pituitary,0.0055586272,0.0064164526,0.0073174820,0.9807074666
9331,"/kaggle/input/datasets/arafatrahmann/my-data221/Epic and CSCR hospital Dataset/Train/pituitary/Tr-pi_1164.jpg",3,pituitary,3,pituitary,0.0056053149,0.0061878357,0.0072544976,0.9809523821
9333,"/kaggle/input/datasets/arafatrahmann/my-data221/Epic and CSCR hospital Dataset/Train/pituitary/Tr-pi_1166.jpg",3,pituitary,3,pituitary,0.0055323821,0.0080860015,0.0075051012,0.9788765907
9348,"/kaggle/input/datasets/arafatrahmann/my-data221/Epic and CSCR hospital Dataset/Train/pituitary/Tr-pi_1181.jpg",3,pituitary,3,pituitary,0.0056030368,0.0067697791,0.0074872524,0.9801399112
9349,"/kaggle/input/datasets/arafatrahmann/my-data221/Epic and CSCR hospital Dataset/Train/pituitary/Tr-pi_1182.jpg",3,pituitary,3,pituitary,0.0055969190,0.0060042301,0.0073890500,0.9810096622
9350,"/kaggle/input/datasets/arafatrahmann/my-data221/Epic and CSCR hospital Dataset/Train/pituitary/Tr-pi_1183.jpg",3,pituitary,3,pituitary,0.0054898374,0.0090346355,0.0075513097,0.9779241681
9351,"/kaggle/input/datasets/arafatrahmann/my-data221/Epic and CSCR hospital Dataset/Train/pituitary/Tr-pi_1184.jpg",3,pituitary,3,pituitary,0.0054753451,0.0079604853,0.0075123371,0.9790518880
9360,"/kaggle/input/datasets/arafatrahmann/my-data221/Epic and CSCR hospital Dataset/Train/pituitary/Tr-pi_1193.jpg",3,pituitary,3,pituitary,0.0055662580,0.0075533204,0.0075793182,0.9793011546
9367,"/kaggle/input/datasets/arafatrahmann/my-data221/Epic and CSCR hospital Dataset/Train/pituitary/Tr-pi_1200.jpg",3,pituitary,3,pituitary,0.0057187187,0.0078091682,0.0074947602,0.9789773822
9369,"/kaggle/input/datasets/arafatrahmann/my-data221/Epic and CSCR hospital Dataset/Train/pituitary/Tr-pi_1202.jpg",3,pituitary,3,pituitary,0.0049000019,0.0215607844,0.0073877247,0.9661514163
9379,"/kaggle/input/datasets/arafatrahmann/my-data221/Epic and CSCR hospital Dataset/Train/pituitary/Tr-pi_1212.jpg",3,pituitary,3,pituitary,0.0055831508,0.0081125377,0.0075457199,0.9787585139
9383,"/kaggle/input/datasets/arafatrahmann/my-data221/Epic and CSCR hospital Dataset/Train/pituitary/Tr-pi_1216.jpg",3,pituitary,3,pituitary,0.0056374623,0.0066473931,0.0073953285,0.9803197980
9385,"/kaggle/input/datasets/arafatrahmann/my-data221/Epic and CSCR hospital Dataset/Train/pituitary/Tr-pi_1218.jpg",3,pituitary,3,pituitary,0.0054128924,0.0087435860,0.0077696657,0.9780738950
9386,"/kaggle/input/datasets/arafatrahmann/my-data221/Epic and CSCR hospital Dataset/Train/pituitary/Tr-pi_1219.jpg",3,pituitary,3,pituitary,0.0054422012,0.0086422469,0.0082175136,0.9776980281
9389,"/kaggle/input/datasets/arafatrahmann/my-data221/Epic and CSCR hospital Dataset/Train/pituitary/Tr-pi_1222.jpg",3,pituitary,3,pituitary,0.0048119361,0.2282232791,0.0076466859,0.7593180537
9390,"/kaggle/input/datasets/arafatrahmann/my-data221/Epic and CSCR hospital Dataset/Train/pituitary/Tr-pi_1223.jpg",3,pituitary,3,pituitary,0.0055961027,0.0060779396,0.0071845329,0.9811413884
9391,"/kaggle/input/datasets/arafatrahmann/my-data221/Epic and CSCR hospital Dataset/Train/pituitary/Tr-pi_1224.jpg",3,pituitary,3,pituitary,0.0054217465,0.0068003796,0.0072565218,0.9805213809
9393,"/kaggle/input/datasets/arafatrahmann/my-data221/Epic and CSCR hospital Dataset/Train/pituitary/Tr-pi_1226.jpg",3,pituitary,3,pituitary,0.0054404340,0.0064290166,0.0073653250,0.9807652235
9394,"/kaggle/input/datasets/arafatrahmann/my-data221/Epic and CSCR hospital Dataset/Train/pituitary/Tr-pi_1227.jpg",3,pituitary,3,pituitary,0.0055093239,0.0075360551,0.0075464635,0.9794080853
9399,"/kaggle/input/datasets/arafatrahmann/my-data221/Epic and CSCR hospital Dataset/Train/pituitary/Tr-pi_1232.jpg",3,pituitary,3,pituitary,0.0055754548,0.0074635348,0.0075669913,0.9793940783
9408,"/kaggle/input/datasets/arafatrahmann/my-data221/Epic and CSCR hospital Dataset/Train/pituitary/Tr-pi_1241.jpg",3,pituitary,3,pituitary,0.0055165351,0.0076250760,0.0074416585,0.9794167280
9409,"/kaggle/input/datasets/arafatrahmann/my-data221/Epic and CSCR hospital Dataset/Train/pituitary/Tr-pi_1242.jpg",3,pituitary,3,pituitary,0.0054644719,0.0075109242,0.0074934885,0.9795311093
9414,"/kaggle/input/datasets/arafatrahmann/my-data221/Epic and CSCR hospital Dataset/Train/pituitary/Tr-pi_1247.jpg",3,pituitary,3,pituitary,0.0054349117,0.0072427294,0.0072985687,0.9800237417
9419,"/kaggle/input/datasets/arafatrahmann/my-data221/Epic and CSCR hospital Dataset/Train/pituitary/Tr-pi_1252.jpg",3,pituitary,3,pituitary,0.0054551968,0.0083692847,0.0074402178,0.9787352681
9424,"/kaggle/input/datasets/arafatrahmann/my-data221/Epic and CSCR hospital Dataset/Train/pituitary/Tr-pi_1263.jpg",3,pituitary,3,pituitary,0.0060072728,0.0089082438,0.0076677948,0.9774168134
9433,"/kaggle/input/datasets/arafatrahmann/my-data221/Epic and CSCR hospital Dataset/Train/pituitary/Tr-pi_1273.jpg",3,pituitary,3,pituitary,0.0054385597,0.0089775128,0.0075046485,0.9780793190
9435,"/kaggle/input/datasets/arafatrahmann/my-data221/Epic and CSCR hospital Dataset/Train/pituitary/Tr-pi_1275.jpg",3,pituitary,3,pituitary,0.0054432652,0.0094113592,0.0076789358,0.9774664044
9436,"/kaggle/input/datasets/arafatrahmann/my-data221/Epic and CSCR hospital Dataset/Train/pituitary/Tr-pi_1276.jpg",3,pituitary,3,pituitary,0.0053863311,0.0096928235,0.0075466307,0.9773742557
9440,"/kaggle/input/datasets/arafatrahmann/my-data221/Epic and CSCR hospital Dataset/Train/pituitary/Tr-pi_1291.jpg",3,pituitary,3,pituitary,0.0054350593,0.0070300349,0.0071891970,0.9803456068
9448,"/kaggle/input/datasets/arafatrahmann/my-data221/Epic and CSCR hospital Dataset/Train/pituitary/Tr-pi_1299.jpg",3,pituitary,3,pituitary,0.0058092833,0.0054218760,0.0071965596,0.9815722704
9460,"/kaggle/input/datasets/arafatrahmann/my-data221/Epic and CSCR hospital Dataset/Train/pituitary/Tr-pi_1311.jpg",3,pituitary,3,pituitary,0.0054684533,0.0068860562,0.0073537068,0.9802917242
9464,"/kaggle/input/datasets/arafatrahmann/my-data221/Epic and CSCR hospital Dataset/Train/pituitary/Tr-pi_1318.jpg",3,pituitary,3,pituitary,0.0053883269,0.0066489764,0.0074116401,0.9805509448
9482,"/kaggle/input/datasets/arafatrahmann/my-data221/Epic and CSCR hospital Dataset/Train/pituitary/Tr-pi_1343.jpg",3,pituitary,3,pituitary,0.0057856599,0.0055250479,0.0071809017,0.9815083742
9486,"/kaggle/input/datasets/arafatrahmann/my-data221/Epic and CSCR hospital Dataset/Train/pituitary/Tr-pi_1347.jpg",3,pituitary,3,pituitary,0.0054476419,0.0059992275,0.0075467578,0.9810063243
9487,"/kaggle/input/datasets/arafatrahmann/my-data221/Epic and CSCR hospital Dataset/Train/pituitary/Tr-pi_1349.jpg",3,pituitary,3,pituitary,0.0054433900,0.0069754287,0.0074520395,0.9801291227
9491,"/kaggle/input/datasets/arafatrahmann/my-data221/Epic and CSCR hospital Dataset/Train/pituitary/Tr-pi_1354.jpg",3,pituitary,3,pituitary,0.0056055835,0.0057207523,0.0072332136,0.9814404249
9502,"/kaggle/input/datasets/arafatrahmann/my-data221/Epic and CSCR hospital Dataset/Train/pituitary/Tr-pi_1366.jpg",3,pituitary,3,pituitary,0.0054982551,0.0073142899,0.0073574977,0.9798299670
9509,"/kaggle/input/datasets/arafatrahmann/my-data221/Epic and CSCR hospital Dataset/Train/pituitary/Tr-pi_1374.jpg",3,pituitary,3,pituitary,0.0054492699,0.0061813220,0.0075856866,0.9807838202
9510,"/kaggle/input/datasets/arafatrahmann/my-data221/Epic and CSCR hospital Dataset/Train/pituitary/Tr-pi_1387.jpg",3,pituitary,3,pituitary,0.0054061594,0.0067558726,0.0070976294,0.9807403684
9511,"/kaggle/input/datasets/arafatrahmann/my-data221/Epic and CSCR hospital Dataset/Train/pituitary/Tr-pi_1388.jpg",3,pituitary,3,pituitary,0.0055251205,0.0074770423,0.0075209201,0.9794769287
9514,"/kaggle/input/datasets/arafatrahmann/my-data221/Epic and CSCR hospital Dataset/Train/pituitary/Tr-pi_1392.jpg",3,pituitary,3,pituitary,0.0055784145,0.0067550531,0.0074847154,0.9801818132
9515,"/kaggle/input/datasets/arafatrahmann/my-data221/Epic and CSCR hospital Dataset/Train/pituitary/Tr-pi_1393.jpg",3,pituitary,3,pituitary,0.0058703376,0.0052297041,0.0072724065,0.9816275835
9522,"/kaggle/input/datasets/arafatrahmann/my-data221/Epic and CSCR hospital Dataset/Train/pituitary/Tr-pi_1402.jpg",3,pituitary,3,pituitary,0.0054644942,0.0065548671,0.0074035437,0.9805771112
9523,"/kaggle/input/datasets/arafatrahmann/my-data221/Epic and CSCR hospital Dataset/Train/pituitary/Tr-pi_1403.jpg",3,pituitary,3,pituitary,0.0054788394,0.0065855556,0.0073829903,0.9805525541
9529,"/kaggle/input/datasets/arafatrahmann/my-data221/Epic and CSCR hospital Dataset/Train/pituitary/Tr-pi_1450.jpg",3,pituitary,3,pituitary,0.0056032278,0.0077822567,0.0075760754,0.9790384173
9530,"/kaggle/input/datasets/arafatrahmann/my-data221/Epic and CSCR hospital Dataset/Train/pituitary/Tr-pi_1451.jpg",3,pituitary,3,pituitary,0.0055001089,0.0069159367,0.0073351227,0.9802488089
9533,"/kaggle/input/datasets/arafatrahmann/my-data221/Epic and CSCR hospital Dataset/Train/pituitary/p (482).jpg",3,pituitary,3,pituitary,0.0054074125,0.0080848001,0.0074393018,0.9790685773
9534,"/kaggle/input/datasets/arafatrahmann/my-data221/Epic and CSCR hospital Dataset/Train/pituitary/p (483).jpg",3,pituitary,3,pituitary,0.0054669827,0.0074747140,0.0074633933,0.9795950055
9535,"/kaggle/input/datasets/arafatrahmann/my-data221/Epic and CSCR hospital Dataset/Train/pituitary/p (484).jpg",3,pituitary,3,pituitary,0.0054172282,0.0076715080,0.0073879063,0.9795234799
9543,"/kaggle/input/datasets/arafatrahmann/my-data221/Epic and CSCR hospital Dataset/Train/pituitary/p (492).jpg",3,pituitary,3,pituitary,0.0056488807,0.0055040088,0.0073171081,0.9815300107
9548,"/kaggle/input/datasets/arafatrahmann/my-data221/Epic and CSCR hospital Dataset/Train/pituitary/p (497).jpg",3,pituitary,3,pituitary,0.0055691972,0.0077594593,0.0075070513,0.9791643023
9554,"/kaggle/input/datasets/arafatrahmann/my-data221/Epic and CSCR hospital Dataset/Train/pituitary/p (503).jpg",3,pituitary,3,pituitary,0.0053814836,0.0082452726,0.0075354190,0.9788378477
9556,"/kaggle/input/datasets/arafatrahmann/my-data221/Epic and CSCR hospital Dataset/Train/pituitary/p (505).jpg",3,pituitary,3,pituitary,0.0054585636,0.0068773543,0.0072547533,0.9804093242
9561,"/kaggle/input/datasets/arafatrahmann/my-data221/Epic and CSCR hospital Dataset/Train/pituitary/p (510).jpg",3,pituitary,3,pituitary,0.0056344424,0.0064623384,0.0072168000,0.9806863666
9577,"/kaggle/input/datasets/arafatrahmann/my-data221/Epic and CSCR hospital Dataset/Train/pituitary/p (526).jpg",3,pituitary,3,pituitary,0.0054868557,0.0067652203,0.0074513354,0.9802966118
9584,"/kaggle/input/datasets/arafatrahmann/my-data221/Epic and CSCR hospital Dataset/Train/pituitary/p (533).jpg",3,pituitary,3,pituitary,0.0055715227,0.0074923201,0.0074519580,0.9794842005
9585,"/kaggle/input/datasets/arafatrahmann/my-data221/Epic and CSCR hospital Dataset/Train/pituitary/p (534).jpg",3,pituitary,3,pituitary,0.0055513280,0.0084078629,0.0075662648,0.9784744978
9588,"/kaggle/input/datasets/arafatrahmann/my-data221/Epic and CSCR hospital Dataset/Train/pituitary/p (537).jpg",3,pituitary,3,pituitary,0.0055924472,0.0096685626,0.0080268020,0.9767121077
9592,"/kaggle/input/datasets/arafatrahmann/my-data221/Epic and CSCR hospital Dataset/Train/pituitary/p (541).jpg",3,pituitary,3,pituitary,0.0055395025,0.0065191113,0.0072825029,0.9806588888
9608,"/kaggle/input/datasets/arafatrahmann/my-data221/Epic and CSCR hospital Dataset/Train/pituitary/p (557).jpg",3,pituitary,3,pituitary,0.0057993061,0.0072708665,0.0076118214,0.9793180227
9609,"/kaggle/input/datasets/arafatrahmann/my-data221/Epic and CSCR hospital Dataset/Train/pituitary/p (558).jpg",3,pituitary,3,pituitary,0.0057295198,0.0074204793,0.0076008192,0.9792491794
9618,"/kaggle/input/datasets/arafatrahmann/my-data221/Epic and CSCR hospital Dataset/Train/pituitary/p (567).jpg",3,pituitary,3,pituitary,0.0054146517,0.0081766890,0.0074886270,0.9789199829
9619,"/kaggle/input/datasets/arafatrahmann/my-data221/Epic and CSCR hospital Dataset/Train/pituitary/p (568).jpg",3,pituitary,3,pituitary,0.0053973356,0.0082105948,0.0074589951,0.9789330363
9621,"/kaggle/input/datasets/arafatrahmann/my-data221/Epic and CSCR hospital Dataset/Train/pituitary/p (570).jpg",3,pituitary,3,pituitary,0.0055919434,0.0330039896,0.0086109350,0.9527931213
9631,"/kaggle/input/datasets/arafatrahmann/my-data221/Epic and CSCR hospital Dataset/Train/pituitary/p (591).jpg",3,pituitary,3,pituitary,0.0054775272,0.0060121519,0.0072013438,0.9813091159
9635,"/kaggle/input/datasets/arafatrahmann/my-data221/Epic and CSCR hospital Dataset/Train/pituitary/p (595).jpg",3,pituitary,3,pituitary,0.0056801401,0.0055629648,0.0076534287,0.9811035395
9639,"/kaggle/input/datasets/arafatrahmann/my-data221/Epic and CSCR hospital Dataset/Train/pituitary/p (599).jpg",3,pituitary,3,pituitary,0.0056928946,0.0080627035,0.0075841695,0.9786602259
9642,"/kaggle/input/datasets/arafatrahmann/my-data221/Epic and CSCR hospital Dataset/Train/pituitary/p (602).jpg",3,pituitary,3,pituitary,0.0056506069,0.0093370983,0.0076651117,0.9773472548
9645,"/kaggle/input/datasets/arafatrahmann/my-data221/Epic and CSCR hospital Dataset/Train/pituitary/p (605).jpg",3,pituitary,3,pituitary,0.0054748040,0.0061861696,0.0075264312,0.9808126688
9650,"/kaggle/input/datasets/arafatrahmann/my-data221/Epic and CSCR hospital Dataset/Test/glioma/1049.jpg",0,glioma,0,glioma,0.9780017734,0.0062123658,0.0084650125,0.0073208325
9651,"/kaggle/input/datasets/arafatrahmann/my-data221/Epic and CSCR hospital Dataset/Test/glioma/1050.jpg",0,glioma,0,glioma,0.9775187373,0.0067208195,0.0084374240,0.0073230015
9665,"/kaggle/input/datasets/arafatrahmann/my-data221/Epic and CSCR hospital Dataset/Test/glioma/1097.jpg",0,glioma,0,glioma,0.9778596759,0.0071109599,0.0076045459,0.0074248374
9670,"/kaggle/input/datasets/arafatrahmann/my-data221/Epic and CSCR hospital Dataset/Test/glioma/1102.jpg",0,glioma,0,glioma,0.9784151912,0.0060028741,0.0085577713,0.0070241941
9671,"/kaggle/input/datasets/arafatrahmann/my-data221/Epic and CSCR hospital Dataset/Test/glioma/1103.jpg",0,glioma,0,glioma,0.9774309397,0.0068437979,0.0082275216,0.0074977740
9678,"/kaggle/input/datasets/arafatrahmann/my-data221/Epic and CSCR hospital Dataset/Test/glioma/1110.jpg",0,glioma,0,glioma,0.9775581360,0.0073711947,0.0074614384,0.0076092123
9684,"/kaggle/input/datasets/arafatrahmann/my-data221/Epic and CSCR hospital Dataset/Test/glioma/1116.jpg",0,glioma,0,glioma,0.9783225060,0.0064042397,0.0081405630,0.0071326727
9688,"/kaggle/input/datasets/arafatrahmann/my-data221/Epic and CSCR hospital Dataset/Test/glioma/1120.jpg",0,glioma,0,glioma,0.9780966640,0.0068718926,0.0075514717,0.0074800453
9692,"/kaggle/input/datasets/arafatrahmann/my-data221/Epic and CSCR hospital Dataset/Test/glioma/1124.jpg",0,glioma,0,glioma,0.9779152870,0.0062355194,0.0081583131,0.0076908022
9696,"/kaggle/input/datasets/arafatrahmann/my-data221/Epic and CSCR hospital Dataset/Test/glioma/1128.jpg",0,glioma,0,glioma,0.9738205075,0.0097476700,0.0086476449,0.0077842227
9703,"/kaggle/input/datasets/arafatrahmann/my-data221/Epic and CSCR hospital Dataset/Test/glioma/1135.jpg",0,glioma,0,glioma,0.9777795076,0.0070874118,0.0075596967,0.0075734071
9707,"/kaggle/input/datasets/arafatrahmann/my-data221/Epic and CSCR hospital Dataset/Test/glioma/1139.jpg",0,glioma,0,glioma,0.9782235026,0.0061851493,0.0080149425,0.0075764218
9708,"/kaggle/input/datasets/arafatrahmann/my-data221/Epic and CSCR hospital Dataset/Test/glioma/1140.jpg",0,glioma,0,glioma,0.9775711894,0.0072833272,0.0076363548,0.0075091845
9710,"/kaggle/input/datasets/arafatrahmann/my-data221/Epic and CSCR hospital Dataset/Test/glioma/1142.jpg",0,glioma,0,glioma,0.9780735970,0.0064749620,0.0077769258,0.0076745385
9712,"/kaggle/input/datasets/arafatrahmann/my-data221/Epic and CSCR hospital Dataset/Test/glioma/1144.jpg",0,glioma,0,glioma,0.9762299657,0.0082144253,0.0080581261,0.0074974485
9713,"/kaggle/input/datasets/arafatrahmann/my-data221/Epic and CSCR hospital Dataset/Test/glioma/1145.jpg",0,glioma,0,glioma,0.9778703451,0.0067578987,0.0078343144,0.0075374865
9717,"/kaggle/input/datasets/arafatrahmann/my-data221/Epic and CSCR hospital Dataset/Test/glioma/1149.jpg",0,glioma,0,glioma,0.9784537554,0.0064123422,0.0076774368,0.0074565047
9720,"/kaggle/input/datasets/arafatrahmann/my-data221/Epic and CSCR hospital Dataset/Test/glioma/1152.jpg",0,glioma,0,glioma,0.9783767462,0.0065070679,0.0077169375,0.0073992112
9734,"/kaggle/input/datasets/arafatrahmann/my-data221/Epic and CSCR hospital Dataset/Test/glioma/1166.jpg",0,glioma,0,glioma,0.9781162143,0.0064902110,0.0081217233,0.0072718747
9739,"/kaggle/input/datasets/arafatrahmann/my-data221/Epic and CSCR hospital Dataset/Test/glioma/1171.jpg",0,glioma,0,glioma,0.9778946638,0.0070475647,0.0075624445,0.0074952394
9741,"/kaggle/input/datasets/arafatrahmann/my-data221/Epic and CSCR hospital Dataset/Test/glioma/1173.jpg",0,glioma,0,glioma,0.9779676199,0.0071865222,0.0074833455,0.0073624500
9751,"/kaggle/input/datasets/arafatrahmann/my-data221/Epic and CSCR hospital Dataset/Test/glioma/1183.jpg",0,glioma,0,glioma,0.9773467779,0.0070253043,0.0079790968,0.0076487837
9753,"/kaggle/input/datasets/arafatrahmann/my-data221/Epic and CSCR hospital Dataset/Test/glioma/1185.jpg",0,glioma,0,glioma,0.9781173468,0.0068577854,0.0077648386,0.0072599449
9766,"/kaggle/input/datasets/arafatrahmann/my-data221/Epic and CSCR hospital Dataset/Test/glioma/1198.jpg",0,glioma,0,glioma,0.9783141017,0.0066282740,0.0077368119,0.0073208986
9785,"/kaggle/input/datasets/arafatrahmann/my-data221/Epic and CSCR hospital Dataset/Test/glioma/1217.jpg",0,glioma,0,glioma,0.9784415960,0.0065810969,0.0075814547,0.0073958389
9786,"/kaggle/input/datasets/arafatrahmann/my-data221/Epic and CSCR hospital Dataset/Test/glioma/1218.jpg",0,glioma,0,glioma,0.9782241583,0.0065893172,0.0077247508,0.0074617416
9787,"/kaggle/input/datasets/arafatrahmann/my-data221/Epic and CSCR hospital Dataset/Test/glioma/1219.jpg",0,glioma,0,glioma,0.9777426720,0.0066306116,0.0082749482,0.0073518073
9797,"/kaggle/input/datasets/arafatrahmann/my-data221/Epic and CSCR hospital Dataset/Test/glioma/1229.jpg",0,glioma,0,glioma,0.9782527685,0.0069567873,0.0074740960,0.0073163011
9799,"/kaggle/input/datasets/arafatrahmann/my-data221/Epic and CSCR hospital Dataset/Test/glioma/1231.jpg",0,glioma,0,glioma,0.9783167839,0.0065588490,0.0075642220,0.0075600347
9807,"/kaggle/input/datasets/arafatrahmann/my-data221/Epic and CSCR hospital Dataset/Test/glioma/1239.jpg",0,glioma,0,glioma,0.9755185843,0.0090947552,0.0080082361,0.0073783649
9808,"/kaggle/input/datasets/arafatrahmann/my-data221/Epic and CSCR hospital Dataset/Test/glioma/1240.jpg",0,glioma,0,glioma,0.9783940315,0.0064016120,0.0080358172,0.0071684523
9821,"/kaggle/input/datasets/arafatrahmann/my-data221/Epic and CSCR hospital Dataset/Test/glioma/1253.jpg",0,glioma,0,glioma,0.9773394465,0.0070808204,0.0084196720,0.0071599996
9829,"/kaggle/input/datasets/arafatrahmann/my-data221/Epic and CSCR hospital Dataset/Test/glioma/1261.jpg",0,glioma,0,glioma,0.9776270986,0.0067338469,0.0079559805,0.0076830434
9832,"/kaggle/input/datasets/arafatrahmann/my-data221/Epic and CSCR hospital Dataset/Test/glioma/1264.jpg",0,glioma,0,glioma,0.9780670404,0.0060263621,0.0082988515,0.0076077757
9835,"/kaggle/input/datasets/arafatrahmann/my-data221/Epic and CSCR hospital Dataset/Test/glioma/1267.jpg",0,glioma,0,glioma,0.9780809283,0.0062579019,0.0086681964,0.0069929310
9837,"/kaggle/input/datasets/arafatrahmann/my-data221/Epic and CSCR hospital Dataset/Test/glioma/1269.jpg",0,glioma,0,glioma,0.9775314331,0.0067284293,0.0084237205,0.0073164492
9841,"/kaggle/input/datasets/arafatrahmann/my-data221/Epic and CSCR hospital Dataset/Test/glioma/1273.jpg",0,glioma,0,glioma,0.9782781601,0.0065653385,0.0073587461,0.0077977069
9849,"/kaggle/input/datasets/arafatrahmann/my-data221/Epic and CSCR hospital Dataset/Test/glioma/1281.jpg",0,glioma,0,glioma,0.9783071280,0.0066262758,0.0075915093,0.0074750162
9851,"/kaggle/input/datasets/arafatrahmann/my-data221/Epic and CSCR hospital Dataset/Test/glioma/1283.jpg",0,glioma,0,glioma,0.9782162905,0.0067753703,0.0073352782,0.0076731080
9852,"/kaggle/input/datasets/arafatrahmann/my-data221/Epic and CSCR hospital Dataset/Test/glioma/1284.jpg",0,glioma,0,glioma,0.9782583117,0.0062923259,0.0080973487,0.0073520569
9855,"/kaggle/input/datasets/arafatrahmann/my-data221/Epic and CSCR hospital Dataset/Test/glioma/1287.jpg",0,glioma,0,glioma,0.9774872065,0.0066952473,0.0083229197,0.0074947560
9856,"/kaggle/input/datasets/arafatrahmann/my-data221/Epic and CSCR hospital Dataset/Test/glioma/1288.jpg",0,glioma,0,glioma,0.9771445990,0.0073515712,0.0079711508,0.0075326697
9862,"/kaggle/input/datasets/arafatrahmann/my-data221/Epic and CSCR hospital Dataset/Test/glioma/1294.jpg",0,glioma,0,glioma,0.9767152667,0.0083659245,0.0073942491,0.0075245774
9864,"/kaggle/input/datasets/arafatrahmann/my-data221/Epic and CSCR hospital Dataset/Test/glioma/1296.jpg",0,glioma,0,glioma,0.9785906672,0.0062756464,0.0074325791,0.0077011408
9871,"/kaggle/input/datasets/arafatrahmann/my-data221/Epic and CSCR hospital Dataset/Test/glioma/1303.jpg",0,glioma,0,glioma,0.9786223173,0.0060196281,0.0077436939,0.0076143332
9873,"/kaggle/input/datasets/arafatrahmann/my-data221/Epic and CSCR hospital Dataset/Test/glioma/1305.jpg",0,glioma,0,glioma,0.9784743190,0.0058341520,0.0086369328,0.0070545338
9888,"/kaggle/input/datasets/arafatrahmann/my-data221/Epic and CSCR hospital Dataset/Test/glioma/1320.jpg",0,glioma,0,glioma,0.9776643515,0.0066094869,0.0088706072,0.0068555824
9889,"/kaggle/input/datasets/arafatrahmann/my-data221/Epic and CSCR hospital Dataset/Test/glioma/1321.jpg",0,glioma,0,glioma,0.9780187607,0.0066089518,0.0079071093,0.0074651665
9890,"/kaggle/input/datasets/arafatrahmann/my-data221/Epic and CSCR hospital Dataset/Test/glioma/1322.jpg",0,glioma,0,glioma,0.9776511192,0.0073940242,0.0076974919,0.0072573973
9891,"/kaggle/input/datasets/arafatrahmann/my-data221/Epic and CSCR hospital Dataset/Test/glioma/1323.jpg",0,glioma,0,glioma,0.9772642851,0.0072203106,0.0082480889,0.0072673084
9892,"/kaggle/input/datasets/arafatrahmann/my-data221/Epic and CSCR hospital Dataset/Test/glioma/1324.jpg",0,glioma,0,glioma,0.9779139757,0.0065109627,0.0083864192,0.0071886778
9902,"/kaggle/input/datasets/arafatrahmann/my-data221/Epic and CSCR hospital Dataset/Test/glioma/1334.jpg",0,glioma,0,glioma,0.9786064029,0.0064260773,0.0075551383,0.0074123493
9903,"/kaggle/input/datasets/arafatrahmann/my-data221/Epic and CSCR hospital Dataset/Test/glioma/1335.jpg",0,glioma,0,glioma,0.9773892164,0.0074799880,0.0077599310,0.0073708012
9910,"/kaggle/input/datasets/arafatrahmann/my-data221/Epic and CSCR hospital Dataset/Test/glioma/1342.jpg",0,glioma,0,glioma,0.9777132869,0.0068920120,0.0078708772,0.0075237416
9914,"/kaggle/input/datasets/arafatrahmann/my-data221/Epic and CSCR hospital Dataset/Test/glioma/1346.jpg",0,glioma,0,glioma,0.9784877896,0.0064521199,0.0076418831,0.0074182623
9918,"/kaggle/input/datasets/arafatrahmann/my-data221/Epic and CSCR hospital Dataset/Test/glioma/1350.jpg",0,glioma,0,glioma,0.9769269228,0.0074108602,0.0076980861,0.0079641966
9919,"/kaggle/input/datasets/arafatrahmann/my-data221/Epic and CSCR hospital Dataset/Test/glioma/1351.jpg",0,glioma,0,glioma,0.9776503444,0.0067581781,0.0084273666,0.0071641468
9920,"/kaggle/input/datasets/arafatrahmann/my-data221/Epic and CSCR hospital Dataset/Test/glioma/1352.jpg",0,glioma,0,glioma,0.9761645198,0.0076464722,0.0082195522,0.0079694204
9923,"/kaggle/input/datasets/arafatrahmann/my-data221/Epic and CSCR hospital Dataset/Test/glioma/1355.jpg",0,glioma,0,glioma,0.9779868126,0.0066439100,0.0078762081,0.0074930689
9936,"/kaggle/input/datasets/arafatrahmann/my-data221/Epic and CSCR hospital Dataset/Test/glioma/1368.jpg",0,glioma,0,glioma,0.9786494374,0.0063994052,0.0076242900,0.0073268311
9947,"/kaggle/input/datasets/arafatrahmann/my-data221/Epic and CSCR hospital Dataset/Test/glioma/1379.jpg",0,glioma,0,glioma,0.9784671068,0.0065937727,0.0074271904,0.0075120581
9948,"/kaggle/input/datasets/arafatrahmann/my-data221/Epic and CSCR hospital Dataset/Test/glioma/1380.jpg",0,glioma,0,glioma,0.9784507751,0.0069013527,0.0072674220,0.0073803789
9957,"/kaggle/input/datasets/arafatrahmann/my-data221/Epic and CSCR hospital Dataset/Test/glioma/1389.jpg",0,glioma,0,glioma,0.9784914255,0.0060223243,0.0077515184,0.0077347308
9968,"/kaggle/input/datasets/arafatrahmann/my-data221/Epic and CSCR hospital Dataset/Test/glioma/1400.jpg",0,glioma,0,glioma,0.9764116406,0.0079863016,0.0077257818,0.0078762360
9971,"/kaggle/input/datasets/arafatrahmann/my-data221/Epic and CSCR hospital Dataset/Test/glioma/1403.jpg",0,glioma,0,glioma,0.9785849452,0.0062625795,0.0074854367,0.0076669632
9972,"/kaggle/input/datasets/arafatrahmann/my-data221/Epic and CSCR hospital Dataset/Test/glioma/1404.jpg",0,glioma,0,glioma,0.9784963727,0.0065830098,0.0073712394,0.0075494112
9980,"/kaggle/input/datasets/arafatrahmann/my-data221/Epic and CSCR hospital Dataset/Test/glioma/1412.jpg",0,glioma,0,glioma,0.9768201113,0.0072813733,0.0080098985,0.0078887558
9984,"/kaggle/input/datasets/arafatrahmann/my-data221/Epic and CSCR hospital Dataset/Test/glioma/1416.jpg",0,glioma,0,glioma,0.9775538445,0.0068557626,0.0083324555,0.0072580054
9987,"/kaggle/input/datasets/arafatrahmann/my-data221/Epic and CSCR hospital Dataset/Test/glioma/1419.jpg",0,glioma,0,glioma,0.9787017703,0.0065116277,0.0074061183,0.0073804804
9997,"/kaggle/input/datasets/arafatrahmann/my-data221/Epic and CSCR hospital Dataset/Test/glioma/1429.jpg",0,glioma,0,glioma,0.9789944887,0.0060155755,0.0072574704,0.0077325953
9998,"/kaggle/input/datasets/arafatrahmann/my-data221/Epic and CSCR hospital Dataset/Test/glioma/1430.jpg",0,glioma,0,glioma,0.9786412120,0.0064387945,0.0074048997,0.0075151226
10001,"/kaggle/input/datasets/arafatrahmann/my-data221/Epic and CSCR hospital Dataset/Test/glioma/1433.jpg",0,glioma,0,glioma,0.9780252576,0.0061209458,0.0082708849,0.0075829015
10013,"/kaggle/input/datasets/arafatrahmann/my-data221/Epic and CSCR hospital Dataset/Test/glioma/1445.jpg",0,glioma,0,glioma,0.9774074554,0.0069362866,0.0080083758,0.0076479660
10015,"/kaggle/input/datasets/arafatrahmann/my-data221/Epic and CSCR hospital Dataset/Test/glioma/1447.jpg",0,glioma,0,glioma,0.9781611562,0.0064325086,0.0081478162,0.0072585628
10021,"/kaggle/input/datasets/arafatrahmann/my-data221/Epic and CSCR hospital Dataset/Test/glioma/1453.jpg",0,glioma,0,glioma,0.9776504636,0.0072432617,0.0076498115,0.0074564456
10022,"/kaggle/input/datasets/arafatrahmann/my-data221/Epic and CSCR hospital Dataset/Test/glioma/1454.jpg",0,glioma,0,glioma,0.9782817960,0.0061144335,0.0080071827,0.0075967186
10023,"/kaggle/input/datasets/arafatrahmann/my-data221/Epic and CSCR hospital Dataset/Test/glioma/1455.jpg",0,glioma,0,glioma,0.9776910543,0.0068358006,0.0081482688,0.0073247650
10027,"/kaggle/input/datasets/arafatrahmann/my-data221/Epic and CSCR hospital Dataset/Test/glioma/1459.jpg",0,glioma,0,glioma,0.9780651331,0.0064258138,0.0078929830,0.0076161004
10033,"/kaggle/input/datasets/arafatrahmann/my-data221/Epic and CSCR hospital Dataset/Test/glioma/1465.jpg",0,glioma,0,glioma,0.9782420397,0.0064202072,0.0076031191,0.0077346442
10037,"/kaggle/input/datasets/arafatrahmann/my-data221/Epic and CSCR hospital Dataset/Test/glioma/1469.jpg",0,glioma,0,glioma,0.9782886505,0.0066568702,0.0079563353,0.0070980629
10049,"/kaggle/input/datasets/arafatrahmann/my-data221/Epic and CSCR hospital Dataset/Test/glioma/1481.jpg",0,glioma,0,glioma,0.9773019552,0.0069501810,0.0083379094,0.0074099088
10050,"/kaggle/input/datasets/arafatrahmann/my-data221/Epic and CSCR hospital Dataset/Test/glioma/1482.jpg",0,glioma,0,glioma,0.9790161252,0.0060945419,0.0072528273,0.0076365545
10059,"/kaggle/input/datasets/arafatrahmann/my-data221/Epic and CSCR hospital Dataset/Test/glioma/1491.jpg",0,glioma,0,glioma,0.9778091311,0.0064313845,0.0077905604,0.0079689715
10071,"/kaggle/input/datasets/arafatrahmann/my-data221/Epic and CSCR hospital Dataset/Test/glioma/1503.jpg",0,glioma,0,glioma,0.9777077436,0.0067582345,0.0080742128,0.0074597476
10074,"/kaggle/input/datasets/arafatrahmann/my-data221/Epic and CSCR hospital Dataset/Test/glioma/1525.jpg",0,glioma,0,glioma,0.9789230227,0.0061430233,0.0073058717,0.0076281554
10083,"/kaggle/input/datasets/arafatrahmann/my-data221/Epic and CSCR hospital Dataset/Test/glioma/G_675_VF_.jpg",0,glioma,0,glioma,0.9783099890,0.0063992450,0.0074078515,0.0078828577
10103,"/kaggle/input/datasets/arafatrahmann/my-data221/Epic and CSCR hospital Dataset/Test/glioma/G_67_RO_.jpg",0,glioma,0,glioma,0.9783214331,0.0070266472,0.0072574555,0.0073944568
10114,"/kaggle/input/datasets/arafatrahmann/my-data221/Epic and CSCR hospital Dataset/Test/glioma/G_682.jpg",0,glioma,0,glioma,0.9779432416,0.0066838400,0.0075385058,0.0078343581
10125,"/kaggle/input/datasets/arafatrahmann/my-data221/Epic and CSCR hospital Dataset/Test/glioma/G_683_RO_.jpg",0,glioma,0,glioma,0.9779304266,0.0069693998,0.0077408748,0.0073593566
10130,"/kaggle/input/datasets/arafatrahmann/my-data221/Epic and CSCR hospital Dataset/Test/glioma/G_684_DA_.jpg",0,glioma,0,glioma,0.9779672623,0.0068356483,0.0080344435,0.0071625956
10132,"/kaggle/input/datasets/arafatrahmann/my-data221/Epic and CSCR hospital Dataset/Test/glioma/G_684_RO_.jpg",0,glioma,0,glioma,0.9781786799,0.0064662332,0.0082682949,0.0070867599
10138,"/kaggle/input/datasets/arafatrahmann/my-data221/Epic and CSCR hospital Dataset/Test/glioma/G_685_HF_.jpg",0,glioma,0,glioma,0.9782481194,0.0068264464,0.0076018991,0.0073234513
10144,"/kaggle/input/datasets/arafatrahmann/my-data221/Epic and CSCR hospital Dataset/Test/glioma/G_686_DA_.jpg",0,glioma,0,glioma,0.9783724546,0.0066335434,0.0076230587,0.0073709190
10157,"/kaggle/input/datasets/arafatrahmann/my-data221/Epic and CSCR hospital Dataset/Test/glioma/G_688_BR_.jpg",0,glioma,0,glioma,0.9786201715,0.0054406370,0.0091213137,0.0068178684
10162,"/kaggle/input/datasets/arafatrahmann/my-data221/Epic and CSCR hospital Dataset/Test/glioma/G_688_VF_.jpg",0,glioma,0,glioma,0.9771425128,0.0065704333,0.0081308987,0.0081561403
10170,"/kaggle/input/datasets/arafatrahmann/my-data221/Epic and CSCR hospital Dataset/Test/glioma/G_68_BR_.jpg",0,glioma,0,glioma,0.9781501889,0.0063037267,0.0084312167,0.0071148491
10174,"/kaggle/input/datasets/arafatrahmann/my-data221/Epic and CSCR hospital Dataset/Test/glioma/G_68_SP_.jpg",0,glioma,0,glioma,0.9738284945,0.0100149652,0.0081425207,0.0080139693
10175,"/kaggle/input/datasets/arafatrahmann/my-data221/Epic and CSCR hospital Dataset/Test/glioma/G_68_VF_.jpg",0,glioma,0,glioma,0.9738281369,0.0092710676,0.0087251645,0.0081756935
10178,"/kaggle/input/datasets/arafatrahmann/my-data221/Epic and CSCR hospital Dataset/Test/glioma/G_690_BR_.jpg",0,glioma,0,glioma,0.9785814285,0.0061271065,0.0084725153,0.0068189315
10180,"/kaggle/input/datasets/arafatrahmann/my-data221/Epic and CSCR hospital Dataset/Test/glioma/G_690_HF_.jpg",0,glioma,0,glioma,0.9789614677,0.0064195963,0.0072820792,0.0073368913
10183,"/kaggle/input/datasets/arafatrahmann/my-data221/Epic and CSCR hospital Dataset/Test/glioma/G_690_VF_.jpg",0,glioma,0,glioma,0.9691532850,0.0054920791,0.0190271009,0.0063274549
10184,"/kaggle/input/datasets/arafatrahmann/my-data221/Epic and CSCR hospital Dataset/Test/glioma/G_691.jpg",0,glioma,0,glioma,0.9782918096,0.0064798230,0.0076522841,0.0075760884
10185,"/kaggle/input/datasets/arafatrahmann/my-data221/Epic and CSCR hospital Dataset/Test/glioma/G_691_BR_.jpg",0,glioma,0,glioma,0.9793771505,0.0056312699,0.0080754701,0.0069160722
10189,"/kaggle/input/datasets/arafatrahmann/my-data221/Epic and CSCR hospital Dataset/Test/glioma/G_691_SP_.jpg",0,glioma,0,glioma,0.9781843424,0.0060189040,0.0082055135,0.0075912350
10194,"/kaggle/input/datasets/arafatrahmann/my-data221/Epic and CSCR hospital Dataset/Test/glioma/G_692_HF_.jpg",0,glioma,0,glioma,0.9768499136,0.0075397999,0.0079647629,0.0076455465
10198,"/kaggle/input/datasets/arafatrahmann/my-data221/Epic and CSCR hospital Dataset/Test/glioma/G_693.jpg",0,glioma,0,glioma,0.9782312512,0.0062831501,0.0077963732,0.0076891831
10199,"/kaggle/input/datasets/arafatrahmann/my-data221/Epic and CSCR hospital Dataset/Test/glioma/G_693_BR_.jpg",0,glioma,0,glioma,0.9790925980,0.0056453487,0.0081105251,0.0071515143
10210,"/kaggle/input/datasets/arafatrahmann/my-data221/Epic and CSCR hospital Dataset/Test/glioma/G_694_SP_.jpg",0,glioma,0,glioma,0.9775635004,0.0064156828,0.0076707043,0.0083501767
10212,"/kaggle/input/datasets/arafatrahmann/my-data221/Epic and CSCR hospital Dataset/Test/glioma/G_695.jpg",0,glioma,0,glioma,0.9779151678,0.0065502198,0.0078474926,0.0076870308
10223,"/kaggle/input/datasets/arafatrahmann/my-data221/Epic and CSCR hospital Dataset/Test/glioma/G_696_RO_.jpg",0,glioma,0,glioma,0.9782358408,0.0060423752,0.0081187133,0.0076030851
10227,"/kaggle/input/datasets/arafatrahmann/my-data221/Epic and CSCR hospital Dataset/Test/glioma/G_697_BR_.jpg",0,glioma,0,glioma,0.9790300131,0.0054532345,0.0086843260,0.0068324381
10228,"/kaggle/input/datasets/arafatrahmann/my-data221/Epic and CSCR hospital Dataset/Test/glioma/G_697_DA_.jpg",0,glioma,0,glioma,0.9784438014,0.0062279110,0.0077367970,0.0075914869
10231,"/kaggle/input/datasets/arafatrahmann/my-data221/Epic and CSCR hospital Dataset/Test/glioma/G_697_SP_.jpg",0,glioma,0,glioma,0.9777779579,0.0063809082,0.0082597071,0.0075814528
10235,"/kaggle/input/datasets/arafatrahmann/my-data221/Epic and CSCR hospital Dataset/Test/glioma/G_698_DA_.jpg",0,glioma,0,glioma,0.9785903692,0.0063483873,0.0075465301,0.0075147166
10240,"/kaggle/input/datasets/arafatrahmann/my-data221/Epic and CSCR hospital Dataset/Test/glioma/G_699.jpg",0,glioma,0,glioma,0.9783740044,0.0062962985,0.0078439107,0.0074858232
10242,"/kaggle/input/datasets/arafatrahmann/my-data221/Epic and CSCR hospital Dataset/Test/glioma/G_699_DA_.jpg",0,glioma,0,glioma,0.9785670042,0.0063275537,0.0076506487,0.0074547464
10244,"/kaggle/input/datasets/arafatrahmann/my-data221/Epic and CSCR hospital Dataset/Test/glioma/G_699_RO_.jpg",0,glioma,0,glioma,0.9785718918,0.0060255537,0.0078070341,0.0075955214
10250,"/kaggle/input/datasets/arafatrahmann/my-data221/Epic and CSCR hospital Dataset/Test/glioma/G_69_RO_.jpg",0,glioma,0,glioma,0.9761196971,0.0080981795,0.0084687751,0.0073133158
10257,"/kaggle/input/datasets/arafatrahmann/my-data221/Epic and CSCR hospital Dataset/Test/glioma/G_6_SP_.jpg",0,glioma,0,glioma,0.9773204923,0.0070389411,0.0082008550,0.0074397461
10274,"/kaggle/input/datasets/arafatrahmann/my-data221/Epic and CSCR hospital Dataset/Test/glioma/G_701_VF_.jpg",0,glioma,0,glioma,0.9747756124,0.0082286792,0.0094307624,0.0075648488
10276,"/kaggle/input/datasets/arafatrahmann/my-data221/Epic and CSCR hospital Dataset/Test/glioma/G_702_BR_.jpg",0,glioma,0,glioma,0.9783590436,0.0057874797,0.0091932965,0.0066601872
10279,"/kaggle/input/datasets/arafatrahmann/my-data221/Epic and CSCR hospital Dataset/Test/glioma/G_702_RO_.jpg",0,glioma,0,glioma,0.9774464369,0.0070693581,0.0076873512,0.0077969008
10280,"/kaggle/input/datasets/arafatrahmann/my-data221/Epic and CSCR hospital Dataset/Test/glioma/G_702_SP_.jpg",0,glioma,0,glioma,0.9768759012,0.0071882783,0.0084131602,0.0075226827
10284,"/kaggle/input/datasets/arafatrahmann/my-data221/Epic and CSCR hospital Dataset/Test/glioma/G_703_DA_.jpg",0,glioma,0,glioma,0.9789127111,0.0060323360,0.0074372320,0.0076177581
10289,"/kaggle/input/datasets/arafatrahmann/my-data221/Epic and CSCR hospital Dataset/Test/glioma/G_704.jpg",0,glioma,0,glioma,0.9783743024,0.0062749274,0.0077972384,0.0075535877
10291,"/kaggle/input/datasets/arafatrahmann/my-data221/Epic and CSCR hospital Dataset/Test/glioma/G_70_DA_.jpg",0,glioma,0,glioma,0.9777391553,0.0065438063,0.0082102101,0.0075068087
10292,"/kaggle/input/datasets/arafatrahmann/my-data221/Epic and CSCR hospital Dataset/Test/glioma/G_70_HF_.jpg",0,glioma,0,glioma,0.9780789614,0.0063027805,0.0082295816,0.0073887566
10293,"/kaggle/input/datasets/arafatrahmann/my-data221/Epic and CSCR hospital Dataset/Test/glioma/G_70_RO_.jpg",0,glioma,0,glioma,0.9781160355,0.0060621398,0.0080334265,0.0077884593
10297,"/kaggle/input/datasets/arafatrahmann/my-data221/Epic and CSCR hospital Dataset/Test/glioma/G_71_BR_.jpg",0,glioma,0,glioma,0.9779288173,0.0063955644,0.0084886197,0.0071869306
10298,"/kaggle/input/datasets/arafatrahmann/my-data221/Epic and CSCR hospital Dataset/Test/glioma/G_71_DA_.jpg",0,glioma,0,glioma,0.9781039357,0.0065980181,0.0078978706,0.0074002533
10302,"/kaggle/input/datasets/arafatrahmann/my-data221/Epic and CSCR hospital Dataset/Test/glioma/G_71_VF_.jpg",0,glioma,0,glioma,0.9776638150,0.0066159056,0.0077009946,0.0080193728
10304,"/kaggle/input/datasets/arafatrahmann/my-data221/Epic and CSCR hospital Dataset/Test/glioma/G_72_BR_.jpg",0,glioma,0,glioma,0.9786905050,0.0057949875,0.0081436336,0.0073708384
10312,"/kaggle/input/datasets/arafatrahmann/my-data221/Epic and CSCR hospital Dataset/Test/glioma/G_73_DA_.jpg",0,glioma,0,glioma,0.9779942632,0.0065018958,0.0075547486,0.0079490524
10313,"/kaggle/input/datasets/arafatrahmann/my-data221/Epic and CSCR hospital Dataset/Test/glioma/G_73_HF_.jpg",0,glioma,0,glioma,0.9778870344,0.0063698464,0.0079588285,0.0077842944
10316,"/kaggle/input/datasets/arafatrahmann/my-data221/Epic and CSCR hospital Dataset/Test/glioma/G_73_VF_.jpg",0,glioma,1,meningioma,0.4478886127,0.5380744934,0.0058493642,0.0081875687
10324,"/kaggle/input/datasets/arafatrahmann/my-data221/Epic and CSCR hospital Dataset/Test/glioma/G_75.jpg",0,glioma,0,glioma,0.9774791002,0.0067875260,0.0084245242,0.0073088296
10327,"/kaggle/input/datasets/arafatrahmann/my-data221/Epic and CSCR hospital Dataset/Test/glioma/G_75_HF_.jpg",0,glioma,0,glioma,0.9774481654,0.0067720981,0.0084915729,0.0072881705
10329,"/kaggle/input/datasets/arafatrahmann/my-data221/Epic and CSCR hospital Dataset/Test/glioma/G_75_SP_.jpg",0,glioma,0,glioma,0.9774033427,0.0067561455,0.0082643507,0.0075761764
10331,"/kaggle/input/datasets/arafatrahmann/my-data221/Epic and CSCR hospital Dataset/Test/glioma/G_76.jpg",0,glioma,0,glioma,0.9769463539,0.0072970903,0.0084884185,0.0072682137
10342,"/kaggle/input/datasets/arafatrahmann/my-data221/Epic and CSCR hospital Dataset/Test/glioma/G_77_RO_.jpg",0,glioma,0,glioma,0.9767557979,0.0072107487,0.0085722571,0.0074612461
10351,"/kaggle/input/datasets/arafatrahmann/my-data221/Epic and CSCR hospital Dataset/Test/glioma/G_78_VF_.jpg",0,glioma,0,glioma,0.9769255519,0.0068983911,0.0087735560,0.0074024857
10360,"/kaggle/input/datasets/arafatrahmann/my-data221/Epic and CSCR hospital Dataset/Test/glioma/G_7_DA_.jpg",0,glioma,0,glioma,0.9784212112,0.0062512071,0.0079220440,0.0074055218
10365,"/kaggle/input/datasets/arafatrahmann/my-data221/Epic and CSCR hospital Dataset/Test/glioma/G_8.jpg",0,glioma,0,glioma,0.9779456258,0.0065488643,0.0079745669,0.0075310082
10374,"/kaggle/input/datasets/arafatrahmann/my-data221/Epic and CSCR hospital Dataset/Test/glioma/G_81_BR_.jpg",0,glioma,0,glioma,0.9781683683,0.0064576603,0.0082248524,0.0071490048
10376,"/kaggle/input/datasets/arafatrahmann/my-data221/Epic and CSCR hospital Dataset/Test/glioma/G_81_HF_.jpg",0,glioma,0,glioma,0.9780840874,0.0067801317,0.0075312429,0.0076044640
10377,"/kaggle/input/datasets/arafatrahmann/my-data221/Epic and CSCR hospital Dataset/Test/glioma/G_81_RO_.jpg",0,glioma,0,glioma,0.9785509109,0.0063574263,0.0075466051,0.0075451555
10383,"/kaggle/input/datasets/arafatrahmann/my-data221/Epic and CSCR hospital Dataset/Test/glioma/G_82_HF_.jpg",0,glioma,0,glioma,0.9783082008,0.0062690964,0.0079148654,0.0075077778
10392,"/kaggle/input/datasets/arafatrahmann/my-data221/Epic and CSCR hospital Dataset/Test/glioma/G_83_SP_.jpg",0,glioma,0,glioma,0.9771194458,0.0069634905,0.0077292263,0.0081878621
10394,"/kaggle/input/datasets/arafatrahmann/my-data221/Epic and CSCR hospital Dataset/Test/glioma/G_84.jpg",0,glioma,0,glioma,0.9780036807,0.0066210506,0.0080479970,0.0073272535
10399,"/kaggle/input/datasets/arafatrahmann/my-data221/Epic and CSCR hospital Dataset/Test/glioma/G_84_SP_.jpg",0,glioma,0,glioma,0.9779142141,0.0064957752,0.0077149374,0.0078750914
10400,"/kaggle/input/datasets/arafatrahmann/my-data221/Epic and CSCR hospital Dataset/Test/glioma/G_84_VF_.jpg",0,glioma,0,glioma,0.9776369333,0.0062471698,0.0078191627,0.0082967002
10401,"/kaggle/input/datasets/arafatrahmann/my-data221/Epic and CSCR hospital Dataset/Test/glioma/G_85.jpg",0,glioma,0,glioma,0.9779419899,0.0062825894,0.0081785703,0.0075968429
10402,"/kaggle/input/datasets/arafatrahmann/my-data221/Epic and CSCR hospital Dataset/Test/glioma/G_85_BR_.jpg",0,glioma,0,glioma,0.9787249565,0.0056616082,0.0087344544,0.0068788873
10405,"/kaggle/input/datasets/arafatrahmann/my-data221/Epic and CSCR hospital Dataset/Test/meningioma/1263.jpg",1,meningioma,1,meningioma,0.0059409002,0.9791972041,0.0068944455,0.0079674181
10407,"/kaggle/input/datasets/arafatrahmann/my-data221/Epic and CSCR hospital Dataset/Test/meningioma/1265.jpg",1,meningioma,1,meningioma,0.0066970689,0.9773772359,0.0076621687,0.0082636094
10414,"/kaggle/input/datasets/arafatrahmann/my-data221/Epic and CSCR hospital Dataset/Test/meningioma/1449.jpg",1,meningioma,1,meningioma,0.0061138170,0.9784065485,0.0073446766,0.0081351046
10416,"/kaggle/input/datasets/arafatrahmann/my-data221/Epic and CSCR hospital Dataset/Test/meningioma/1451.jpg",1,meningioma,1,meningioma,0.0062110024,0.9783124924,0.0073253275,0.0081511326
10418,"/kaggle/input/datasets/arafatrahmann/my-data221/Epic and CSCR hospital Dataset/Test/meningioma/1453.jpg",1,meningioma,1,meningioma,0.0074423840,0.9767584801,0.0079318974,0.0078673530
10434,"/kaggle/input/datasets/arafatrahmann/my-data221/Epic and CSCR hospital Dataset/Test/meningioma/1469.jpg",1,meningioma,1,meningioma,0.0069054523,0.9775521159,0.0077101393,0.0078323288
10436,"/kaggle/input/datasets/arafatrahmann/my-data221/Epic and CSCR hospital Dataset/Test/meningioma/1471.jpg",1,meningioma,1,meningioma,0.0063210865,0.9784516096,0.0075724320,0.0076548816
10442,"/kaggle/input/datasets/arafatrahmann/my-data221/Epic and CSCR hospital Dataset/Test/meningioma/1477.jpg",1,meningioma,1,meningioma,0.0068761744,0.9785087705,0.0074943965,0.0071207345
10443,"/kaggle/input/datasets/arafatrahmann/my-data221/Epic and CSCR hospital Dataset/Test/meningioma/1478.jpg",1,meningioma,1,meningioma,0.0060346075,0.9788628817,0.0074914396,0.0076111322
10454,"/kaggle/input/datasets/arafatrahmann/my-data221/Epic and CSCR hospital Dataset/Test/meningioma/1489.jpg",1,meningioma,1,meningioma,0.0083336039,0.9751797915,0.0074854619,0.0090011852
10462,"/kaggle/input/datasets/arafatrahmann/my-data221/Epic and CSCR hospital Dataset/Test/meningioma/1497.jpg",1,meningioma,1,meningioma,0.0062012053,0.9784029126,0.0072727231,0.0081231920
10466,"/kaggle/input/datasets/arafatrahmann/my-data221/Epic and CSCR hospital Dataset/Test/meningioma/1501.jpg",1,meningioma,1,meningioma,0.0059484718,0.9791220427,0.0079014283,0.0070280721
10469,"/kaggle/input/datasets/arafatrahmann/my-data221/Epic and CSCR hospital Dataset/Test/meningioma/1504.jpg",1,meningioma,1,meningioma,0.0061337836,0.9786331058,0.0072991797,0.0079340301
10473,"/kaggle/input/datasets/arafatrahmann/my-data221/Epic and CSCR hospital Dataset/Test/meningioma/1508.jpg",1,meningioma,1,meningioma,0.0068577724,0.9769728780,0.0073960098,0.0087733474
10474,"/kaggle/input/datasets/arafatrahmann/my-data221/Epic and CSCR hospital Dataset/Test/meningioma/1509.jpg",1,meningioma,1,meningioma,0.0057457029,0.9794428945,0.0072128349,0.0075985910
10481,"/kaggle/input/datasets/arafatrahmann/my-data221/Epic and CSCR hospital Dataset/Test/meningioma/1516.jpg",1,meningioma,1,meningioma,0.0066037239,0.9770220518,0.0074488400,0.0089252852
10485,"/kaggle/input/datasets/arafatrahmann/my-data221/Epic and CSCR hospital Dataset/Test/meningioma/1520.jpg",1,meningioma,1,meningioma,0.0069372347,0.9783617258,0.0075466023,0.0071545420
10486,"/kaggle/input/datasets/arafatrahmann/my-data221/Epic and CSCR hospital Dataset/Test/meningioma/1530.jpg",1,meningioma,1,meningioma,0.0064108009,0.9787774086,0.0070874644,0.0077243536
10489,"/kaggle/input/datasets/arafatrahmann/my-data221/Epic and CSCR hospital Dataset/Test/meningioma/1533.jpg",1,meningioma,1,meningioma,0.0076477937,0.7865434289,0.0078780456,0.1979307830
10494,"/kaggle/input/datasets/arafatrahmann/my-data221/Epic and CSCR hospital Dataset/Test/meningioma/1538.jpg",1,meningioma,1,meningioma,0.0147492532,0.9690619707,0.0082574282,0.0079313461
10495,"/kaggle/input/datasets/arafatrahmann/my-data221/Epic and CSCR hospital Dataset/Test/meningioma/1539.jpg",1,meningioma,1,meningioma,0.0055940533,0.9794703722,0.0071206503,0.0078148767
10502,"/kaggle/input/datasets/arafatrahmann/my-data221/Epic and CSCR hospital Dataset/Test/meningioma/1546.jpg",1,meningioma,1,meningioma,0.0068356143,0.9777708054,0.0076054437,0.0077880928
10505,"/kaggle/input/datasets/arafatrahmann/my-data221/Epic and CSCR hospital Dataset/Test/meningioma/1549.jpg",1,meningioma,1,meningioma,0.0084273461,0.9763792157,0.0073660919,0.0078274217
10509,"/kaggle/input/datasets/arafatrahmann/my-data221/Epic and CSCR hospital Dataset/Test/meningioma/1553.jpg",1,meningioma,1,meningioma,0.0065328339,0.9777145386,0.0073473505,0.0084052626
10520,"/kaggle/input/datasets/arafatrahmann/my-data221/Epic and CSCR hospital Dataset/Test/meningioma/M_777_HF_.jpg",1,meningioma,1,meningioma,0.0060488861,0.9789574742,0.0075164102,0.0074772825
10537,"/kaggle/input/datasets/arafatrahmann/my-data221/Epic and CSCR hospital Dataset/Test/meningioma/M_77_BR_.jpg",1,meningioma,1,meningioma,0.0053275991,0.9792426229,0.0081036855,0.0073260926
10540,"/kaggle/input/datasets/arafatrahmann/my-data221/Epic and CSCR hospital Dataset/Test/meningioma/M_77_RO_.jpg",1,meningioma,1,meningioma,0.0060387477,0.9769032598,0.0086634131,0.0083946008
10551,"/kaggle/input/datasets/arafatrahmann/my-data221/Epic and CSCR hospital Dataset/Test/meningioma/M_781.jpg",1,meningioma,1,meningioma,0.0062939012,0.9783918262,0.0076110573,0.0077031800
10555,"/kaggle/input/datasets/arafatrahmann/my-data221/Epic and CSCR hospital Dataset/Test/meningioma/M_781_RO_.jpg",1,meningioma,1,meningioma,0.0064850217,0.9782832265,0.0076139579,0.0076178694
10562,"/kaggle/input/datasets/arafatrahmann/my-data221/Epic and CSCR hospital Dataset/Test/meningioma/M_782_RO_.jpg",1,meningioma,1,meningioma,0.0064183786,0.9785703421,0.0075127981,0.0074985386
10567,"/kaggle/input/datasets/arafatrahmann/my-data221/Epic and CSCR hospital Dataset/Test/meningioma/M_783_DA_.jpg",1,meningioma,1,meningioma,0.0055319336,0.9798507690,0.0073419451,0.0072752661
10570,"/kaggle/input/datasets/arafatrahmann/my-data221/Epic and CSCR hospital Dataset/Test/meningioma/M_783_SP_.jpg",1,meningioma,1,meningioma,0.0065649496,0.9791129231,0.0073680603,0.0069540478
10576,"/kaggle/input/datasets/arafatrahmann/my-data221/Epic and CSCR hospital Dataset/Test/meningioma/M_784_RO_.jpg",1,meningioma,1,meningioma,0.0077915587,0.9749748111,0.0094165374,0.0078171175
10577,"/kaggle/input/datasets/arafatrahmann/my-data221/Epic and CSCR hospital Dataset/Test/meningioma/M_784_SP_.jpg",1,meningioma,3,pituitary,0.0341566987,0.1805131733,0.0069963383,0.7783337235
10581,"/kaggle/input/datasets/arafatrahmann/my-data221/Epic and CSCR hospital Dataset/Test/meningioma/M_785_DA_.jpg",1,meningioma,1,meningioma,0.0067720697,0.9781980515,0.0071679563,0.0078618918
10587,"/kaggle/input/datasets/arafatrahmann/my-data221/Epic and CSCR hospital Dataset/Test/meningioma/M_786_BR_.jpg",1,meningioma,1,meningioma,0.0050539011,0.9800735712,0.0078843404,0.0069882139
10588,"/kaggle/input/datasets/arafatrahmann/my-data221/Epic and CSCR hospital Dataset/Test/meningioma/M_786_DA_.jpg",1,meningioma,1,meningioma,0.0055959383,0.9789599180,0.0074258647,0.0080182878
10590,"/kaggle/input/datasets/arafatrahmann/my-data221/Epic and CSCR hospital Dataset/Test/meningioma/M_786_RO_.jpg",1,meningioma,1,meningioma,0.0063508814,0.9778089523,0.0078757312,0.0079643847
10591,"/kaggle/input/datasets/arafatrahmann/my-data221/Epic and CSCR hospital Dataset/Test/meningioma/M_786_SP_.jpg",1,meningioma,1,meningioma,0.0063778190,0.9791811705,0.0075242119,0.0069167055
10592,"/kaggle/input/datasets/arafatrahmann/my-data221/Epic and CSCR hospital Dataset/Test/meningioma/M_786_VF_.jpg",1,meningioma,1,meningioma,0.0057661962,0.9793523550,0.0073690275,0.0075124181
10598,"/kaggle/input/datasets/arafatrahmann/my-data221/Epic and CSCR hospital Dataset/Test/meningioma/M_787_SP_.jpg",1,meningioma,1,meningioma,0.0064804768,0.9791391492,0.0075133657,0.0068671168
10611,"/kaggle/input/datasets/arafatrahmann/my-data221/Epic and CSCR hospital Dataset/Test/meningioma/M_789_RO_.jpg",1,meningioma,1,meningioma,0.0060583465,0.9787399173,0.0074809478,0.0077207959
10617,"/kaggle/input/datasets/arafatrahmann/my-data221/Epic and CSCR hospital Dataset/Test/meningioma/M_78_RO_.jpg",1,meningioma,1,meningioma,0.0066072689,0.9756654501,0.0096990857,0.0080282046
10621,"/kaggle/input/datasets/arafatrahmann/my-data221/Epic and CSCR hospital Dataset/Test/meningioma/M_790.jpg",1,meningioma,1,meningioma,0.0079317205,0.9773214459,0.0071360925,0.0076108626
10632,"/kaggle/input/datasets/arafatrahmann/my-data221/Epic and CSCR hospital Dataset/Test/meningioma/M_791_RO_.jpg",1,meningioma,1,meningioma,0.0059193457,0.9774743319,0.0074216588,0.0091845943
10642,"/kaggle/input/datasets/arafatrahmann/my-data221/Epic and CSCR hospital Dataset/Test/meningioma/M_793.jpg",1,meningioma,1,meningioma,0.0072790412,0.9776839018,0.0076493770,0.0073876814
10653,"/kaggle/input/datasets/arafatrahmann/my-data221/Epic and CSCR hospital Dataset/Test/meningioma/M_794_RO_.jpg",1,meningioma,1,meningioma,0.0067501925,0.9782414436,0.0076217828,0.0073864972
10659,"/kaggle/input/datasets/arafatrahmann/my-data221/Epic and CSCR hospital Dataset/Test/meningioma/M_795_HF_.jpg",1,meningioma,1,meningioma,0.0071413694,0.9777334332,0.0076663597,0.0074588284
10666,"/kaggle/input/datasets/arafatrahmann/my-data221/Epic and CSCR hospital Dataset/Test/meningioma/M_796_HF_.jpg",1,meningioma,1,meningioma,0.0069626896,0.9778684378,0.0075849271,0.0075839087
10681,"/kaggle/input/datasets/arafatrahmann/my-data221/Epic and CSCR hospital Dataset/Test/meningioma/M_798_RO_.jpg",1,meningioma,1,meningioma,0.0066368831,0.9778295755,0.0075480230,0.0079856012
10682,"/kaggle/input/datasets/arafatrahmann/my-data221/Epic and CSCR hospital Dataset/Test/meningioma/M_798_SP_.jpg",1,meningioma,1,meningioma,0.0076069841,0.9778525233,0.0074883401,0.0070522302
10686,"/kaggle/input/datasets/arafatrahmann/my-data221/Epic and CSCR hospital Dataset/Test/meningioma/M_799_DA_.jpg",1,meningioma,1,meningioma,0.0066677011,0.9780944586,0.0072893701,0.0079484824
10690,"/kaggle/input/datasets/arafatrahmann/my-data221/Epic and CSCR hospital Dataset/Test/meningioma/M_799_VF_.jpg",1,meningioma,1,meningioma,0.0076501807,0.9770916104,0.0076001831,0.0076581002
10701,"/kaggle/input/datasets/arafatrahmann/my-data221/Epic and CSCR hospital Dataset/Test/meningioma/M_7_SP_.jpg",1,meningioma,1,meningioma,0.0095110890,0.9743296504,0.0076074572,0.0085517978
10707,"/kaggle/input/datasets/arafatrahmann/my-data221/Epic and CSCR hospital Dataset/Test/meningioma/M_800_DA_.jpg",1,meningioma,1,meningioma,0.0060996413,0.9787225723,0.0072628311,0.0079150135
10711,"/kaggle/input/datasets/arafatrahmann/my-data221/Epic and CSCR hospital Dataset/Test/meningioma/M_800_VF_.jpg",1,meningioma,1,meningioma,0.0066908137,0.9779233932,0.0075299935,0.0078557935
10716,"/kaggle/input/datasets/arafatrahmann/my-data221/Epic and CSCR hospital Dataset/Test/meningioma/M_801_RO_.jpg",1,meningioma,1,meningioma,0.0061567323,0.9791202545,0.0071953749,0.0075276098
10721,"/kaggle/input/datasets/arafatrahmann/my-data221/Epic and CSCR hospital Dataset/Test/meningioma/M_802_DA_.jpg",1,meningioma,1,meningioma,0.0054716133,0.9786871672,0.0072567789,0.0085844547
10722,"/kaggle/input/datasets/arafatrahmann/my-data221/Epic and CSCR hospital Dataset/Test/meningioma/M_802_HF_.jpg",1,meningioma,1,meningioma,0.0056657894,0.9793912172,0.0073053925,0.0076376558
10723,"/kaggle/input/datasets/arafatrahmann/my-data221/Epic and CSCR hospital Dataset/Test/meningioma/M_802_RO_.jpg",1,meningioma,1,meningioma,0.0057080919,0.9790359735,0.0072314902,0.0080244578
10724,"/kaggle/input/datasets/arafatrahmann/my-data221/Epic and CSCR hospital Dataset/Test/meningioma/M_802_SP_.jpg",1,meningioma,1,meningioma,0.0064218924,0.9785839319,0.0075430288,0.0074511655
10734,"/kaggle/input/datasets/arafatrahmann/my-data221/Epic and CSCR hospital Dataset/Test/meningioma/M_804_BR_.jpg",1,meningioma,1,meningioma,0.0051261508,0.9800994992,0.0077449703,0.0070293858
10744,"/kaggle/input/datasets/arafatrahmann/my-data221/Epic and CSCR hospital Dataset/Test/meningioma/M_805_RO_.jpg",1,meningioma,1,meningioma,0.0063057458,0.9784361720,0.0075808368,0.0076772147
10746,"/kaggle/input/datasets/arafatrahmann/my-data221/Epic and CSCR hospital Dataset/Test/meningioma/M_805_VF_.jpg",1,meningioma,1,meningioma,0.0059057539,0.9793531299,0.0075132400,0.0072278134
10748,"/kaggle/input/datasets/arafatrahmann/my-data221/Epic and CSCR hospital Dataset/Test/meningioma/M_806_BR_.jpg",1,meningioma,1,meningioma,0.0054189172,0.9792978168,0.0082113929,0.0070719286
10751,"/kaggle/input/datasets/arafatrahmann/my-data221/Epic and CSCR hospital Dataset/Test/meningioma/M_806_RO_.jpg",1,meningioma,1,meningioma,0.0069654612,0.9764497876,0.0083192699,0.0082654748
10755,"/kaggle/input/datasets/arafatrahmann/my-data221/Epic and CSCR hospital Dataset/Test/meningioma/M_807_BR_.jpg",1,meningioma,1,meningioma,0.0049830633,0.9800909162,0.0077744029,0.0071516065
10758,"/kaggle/input/datasets/arafatrahmann/my-data221/Epic and CSCR hospital Dataset/Test/meningioma/M_807_RO_.jpg",1,meningioma,1,meningioma,0.0063437400,0.9780035019,0.0076517514,0.0080009475
10765,"/kaggle/input/datasets/arafatrahmann/my-data221/Epic and CSCR hospital Dataset/Test/meningioma/M_808_RO_.jpg",1,meningioma,1,meningioma,0.0067392900,0.9774261713,0.0076920181,0.0081425626
10768,"/kaggle/input/datasets/arafatrahmann/my-data221/Epic and CSCR hospital Dataset/Test/meningioma/M_809.jpg",1,meningioma,1,meningioma,0.0066511398,0.9777234197,0.0073877187,0.0082377139
10781,"/kaggle/input/datasets/arafatrahmann/my-data221/Epic and CSCR hospital Dataset/Test/meningioma/M_81.jpg",1,meningioma,1,meningioma,0.0054243281,0.9791859388,0.0068902336,0.0084994547
10790,"/kaggle/input/datasets/arafatrahmann/my-data221/Epic and CSCR hospital Dataset/Test/meningioma/M_811_BR_.jpg",1,meningioma,1,meningioma,0.0047332901,0.9804937243,0.0075277737,0.0072452375
10794,"/kaggle/input/datasets/arafatrahmann/my-data221/Epic and CSCR hospital Dataset/Test/meningioma/M_811_SP_.jpg",1,meningioma,1,meningioma,0.0061542839,0.9791463017,0.0073220558,0.0073772902
10797,"/kaggle/input/datasets/arafatrahmann/my-data221/Epic and CSCR hospital Dataset/Test/meningioma/M_812_BR_.jpg",1,meningioma,1,meningioma,0.0081973402,0.9768665433,0.0078311544,0.0071049994
10798,"/kaggle/input/datasets/arafatrahmann/my-data221/Epic and CSCR hospital Dataset/Test/meningioma/M_812_DA_.jpg",1,meningioma,1,meningioma,0.0089656366,0.9764842987,0.0075489222,0.0070010955
10804,"/kaggle/input/datasets/arafatrahmann/my-data221/Epic and CSCR hospital Dataset/Test/meningioma/M_813_BR_.jpg",1,meningioma,1,meningioma,0.0051342747,0.9801756144,0.0076582888,0.0070318198
10805,"/kaggle/input/datasets/arafatrahmann/my-data221/Epic and CSCR hospital Dataset/Test/meningioma/M_813_DA_.jpg",1,meningioma,1,meningioma,0.0055352380,0.9796234369,0.0070706261,0.0077708000
10817,"/kaggle/input/datasets/arafatrahmann/my-data221/Epic and CSCR hospital Dataset/Test/meningioma/M_815.jpg",1,meningioma,1,meningioma,0.0068056518,0.9779535532,0.0075707822,0.0076701092
10821,"/kaggle/input/datasets/arafatrahmann/my-data221/Epic and CSCR hospital Dataset/Test/meningioma/M_815_RO_.jpg",1,meningioma,1,meningioma,0.0060622636,0.9789794683,0.0074008815,0.0075573074
10826,"/kaggle/input/datasets/arafatrahmann/my-data221/Epic and CSCR hospital Dataset/Test/meningioma/M_816_DA_.jpg",1,meningioma,1,meningioma,0.0063677183,0.9789692163,0.0072086873,0.0074544186
10831,"/kaggle/input/datasets/arafatrahmann/my-data221/Epic and CSCR hospital Dataset/Test/meningioma/M_817.jpg",1,meningioma,1,meningioma,0.0067867087,0.9779869318,0.0076063187,0.0076199858
10853,"/kaggle/input/datasets/arafatrahmann/my-data221/Epic and CSCR hospital Dataset/Test/meningioma/M_82.jpg",1,meningioma,1,meningioma,0.0065809982,0.9780279994,0.0076979129,0.0076930420
10861,"/kaggle/input/datasets/arafatrahmann/my-data221/Epic and CSCR hospital Dataset/Test/meningioma/M_83_BR_.jpg",1,meningioma,1,meningioma,0.0057490165,0.9792388678,0.0078180823,0.0071939938
10864,"/kaggle/input/datasets/arafatrahmann/my-data221/Epic and CSCR hospital Dataset/Test/meningioma/M_83_RO_.jpg",1,meningioma,1,meningioma,0.0059462050,0.9783547521,0.0078145871,0.0078844782
10865,"/kaggle/input/datasets/arafatrahmann/my-data221/Epic and CSCR hospital Dataset/Test/meningioma/M_83_SP_.jpg",1,meningioma,1,meningioma,0.0093036816,0.9754163027,0.0077763153,0.0075036315
10880,"/kaggle/input/datasets/arafatrahmann/my-data221/Epic and CSCR hospital Dataset/Test/meningioma/M_85_VF_.jpg",1,meningioma,1,meningioma,0.0106346784,0.9704689980,0.0078829266,0.0110133681
10883,"/kaggle/input/datasets/arafatrahmann/my-data221/Epic and CSCR hospital Dataset/Test/meningioma/M_86_DA_.jpg",1,meningioma,1,meningioma,0.0057633976,0.9790726900,0.0072354898,0.0079283798
10898,"/kaggle/input/datasets/arafatrahmann/my-data221/Epic and CSCR hospital Dataset/Test/meningioma/image(100).jpg",1,meningioma,1,meningioma,0.0144994957,0.9693541527,0.0082663577,0.0078799678
10899,"/kaggle/input/datasets/arafatrahmann/my-data221/Epic and CSCR hospital Dataset/Test/meningioma/image(102).jpg",1,meningioma,1,meningioma,0.0062944964,0.9789680243,0.0072037540,0.0075337263
10900,"/kaggle/input/datasets/arafatrahmann/my-data221/Epic and CSCR hospital Dataset/Test/meningioma/image(106).jpg",1,meningioma,1,meningioma,0.0061946218,0.9791425467,0.0076511824,0.0070115859
10908,"/kaggle/input/datasets/arafatrahmann/my-data221/Epic and CSCR hospital Dataset/Test/meningioma/image(120).jpg",1,meningioma,1,meningioma,0.0063583045,0.9777737856,0.0072672940,0.0086006932
10912,"/kaggle/input/datasets/arafatrahmann/my-data221/Epic and CSCR hospital Dataset/Test/meningioma/image(15).jpg",1,meningioma,1,meningioma,0.0120850746,0.9728938341,0.0072784899,0.0077426871
10918,"/kaggle/input/datasets/arafatrahmann/my-data221/Epic and CSCR hospital Dataset/Test/meningioma/image(20).jpg",1,meningioma,1,meningioma,0.0067499215,0.9788571596,0.0071031540,0.0072898581
10932,"/kaggle/input/datasets/arafatrahmann/my-data221/Epic and CSCR hospital Dataset/Test/meningioma/image(50).jpg",1,meningioma,1,meningioma,0.0078545418,0.9775158167,0.0078280298,0.0068016974
10936,"/kaggle/input/datasets/arafatrahmann/my-data221/Epic and CSCR hospital Dataset/Test/meningioma/image(54).jpg",1,meningioma,1,meningioma,0.0115355207,0.9721601605,0.0079662511,0.0083381124
10941,"/kaggle/input/datasets/arafatrahmann/my-data221/Epic and CSCR hospital Dataset/Test/meningioma/image(59).jpg",1,meningioma,1,meningioma,0.0063478658,0.9777828455,0.0073758373,0.0084934440
10945,"/kaggle/input/datasets/arafatrahmann/my-data221/Epic and CSCR hospital Dataset/Test/meningioma/image(63).jpg",1,meningioma,1,meningioma,0.0063136509,0.9791151881,0.0076949247,0.0068763508
10947,"/kaggle/input/datasets/arafatrahmann/my-data221/Epic and CSCR hospital Dataset/Test/meningioma/image(65).jpg",1,meningioma,1,meningioma,0.0078735724,0.9775303006,0.0071669212,0.0074293287
10958,"/kaggle/input/datasets/arafatrahmann/my-data221/Epic and CSCR hospital Dataset/Test/notumor/1114.jpg",2,notumor,2,notumor,0.0053480370,0.0066702142,0.9809023142,0.0070795990
10963,"/kaggle/input/datasets/arafatrahmann/my-data221/Epic and CSCR hospital Dataset/Test/notumor/1119.jpg",2,notumor,2,notumor,0.0052660112,0.0073190467,0.9807235003,0.0066915564
10966,"/kaggle/input/datasets/arafatrahmann/my-data221/Epic and CSCR hospital Dataset/Test/notumor/1122.jpg",2,notumor,2,notumor,0.0050927764,0.0072917379,0.9806375504,0.0069778464
10970,"/kaggle/input/datasets/arafatrahmann/my-data221/Epic and CSCR hospital Dataset/Test/notumor/1126.jpg",2,notumor,2,notumor,0.0051396051,0.0078106774,0.9808899760,0.0061597251
10973,"/kaggle/input/datasets/arafatrahmann/my-data221/Epic and CSCR hospital Dataset/Test/notumor/1129.jpg",2,notumor,2,notumor,0.0050112572,0.0077450052,0.9804884791,0.0067552617
10976,"/kaggle/input/datasets/arafatrahmann/my-data221/Epic and CSCR hospital Dataset/Test/notumor/1132.jpg",2,notumor,2,notumor,0.0049209585,0.0078584421,0.9803301096,0.0068905121
10977,"/kaggle/input/datasets/arafatrahmann/my-data221/Epic and CSCR hospital Dataset/Test/notumor/1133.jpg",2,notumor,2,notumor,0.0051894756,0.0070269904,0.9809898138,0.0067936527
10978,"/kaggle/input/datasets/arafatrahmann/my-data221/Epic and CSCR hospital Dataset/Test/notumor/1134.jpg",2,notumor,2,notumor,0.0049048597,0.0075502805,0.9810662270,0.0064786347
10984,"/kaggle/input/datasets/arafatrahmann/my-data221/Epic and CSCR hospital Dataset/Test/notumor/1140.jpg",2,notumor,2,notumor,0.0050713145,0.0076851035,0.9805076718,0.0067360057
10992,"/kaggle/input/datasets/arafatrahmann/my-data221/Epic and CSCR hospital Dataset/Test/notumor/1150.jpg",2,notumor,2,notumor,0.0051822155,0.0074678748,0.9804741740,0.0068757758
10993,"/kaggle/input/datasets/arafatrahmann/my-data221/Epic and CSCR hospital Dataset/Test/notumor/1151.jpg",2,notumor,2,notumor,0.0048432788,0.0079094265,0.9802397490,0.0070075369
10994,"/kaggle/input/datasets/arafatrahmann/my-data221/Epic and CSCR hospital Dataset/Test/notumor/1152.jpg",2,notumor,2,notumor,0.0050992379,0.0077884137,0.9803795815,0.0067327656
10998,"/kaggle/input/datasets/arafatrahmann/my-data221/Epic and CSCR hospital Dataset/Test/notumor/1156.jpg",2,notumor,2,notumor,0.0049550128,0.0075852806,0.9804352522,0.0070244097
11009,"/kaggle/input/datasets/arafatrahmann/my-data221/Epic and CSCR hospital Dataset/Test/notumor/1167.jpg",2,notumor,2,notumor,0.0049449150,0.0078940727,0.9802570343,0.0069039785
11011,"/kaggle/input/datasets/arafatrahmann/my-data221/Epic and CSCR hospital Dataset/Test/notumor/1169.jpg",2,notumor,2,notumor,0.0050224434,0.0076705986,0.9807847142,0.0065222397
11015,"/kaggle/input/datasets/arafatrahmann/my-data221/Epic and CSCR hospital Dataset/Test/notumor/1173.jpg",2,notumor,2,notumor,0.0054550823,0.0069975122,0.9809993505,0.0065480592
11024,"/kaggle/input/datasets/arafatrahmann/my-data221/Epic and CSCR hospital Dataset/Test/notumor/1182.jpg",2,notumor,2,notumor,0.0047977106,0.0082543595,0.9801310301,0.0068168417
11028,"/kaggle/input/datasets/arafatrahmann/my-data221/Epic and CSCR hospital Dataset/Test/notumor/1186.jpg",2,notumor,2,notumor,0.0050088451,0.0075145857,0.9807323217,0.0067442572
11047,"/kaggle/input/datasets/arafatrahmann/my-data221/Epic and CSCR hospital Dataset/Test/notumor/1205.jpg",2,notumor,2,notumor,0.0057659899,0.0068507143,0.9806723595,0.0067109638
11049,"/kaggle/input/datasets/arafatrahmann/my-data221/Epic and CSCR hospital Dataset/Test/notumor/1207.jpg",2,notumor,2,notumor,0.0049451841,0.0076981285,0.9802961349,0.0070605380
11052,"/kaggle/input/datasets/arafatrahmann/my-data221/Epic and CSCR hospital Dataset/Test/notumor/1210.jpg",2,notumor,2,notumor,0.0050279861,0.0073958435,0.9807952046,0.0067810104
11055,"/kaggle/input/datasets/arafatrahmann/my-data221/Epic and CSCR hospital Dataset/Test/notumor/1213.jpg",2,notumor,2,notumor,0.0049771201,0.0073924274,0.9808083773,0.0068219937
11058,"/kaggle/input/datasets/arafatrahmann/my-data221/Epic and CSCR hospital Dataset/Test/notumor/1216.jpg",2,notumor,2,notumor,0.0050344048,0.0081250202,0.9799474478,0.0068930527
11061,"/kaggle/input/datasets/arafatrahmann/my-data221/Epic and CSCR hospital Dataset/Test/notumor/1219.jpg",2,notumor,2,notumor,0.0052899579,0.0073343269,0.9807521701,0.0066235000
11066,"/kaggle/input/datasets/arafatrahmann/my-data221/Epic and CSCR hospital Dataset/Test/notumor/1224.jpg",2,notumor,2,notumor,0.0052929744,0.0071066665,0.9810102582,0.0065900511
11069,"/kaggle/input/datasets/arafatrahmann/my-data221/Epic and CSCR hospital Dataset/Test/notumor/1227.jpg",2,notumor,2,notumor,0.0052501494,0.0072870320,0.9802876711,0.0071750684
11071,"/kaggle/input/datasets/arafatrahmann/my-data221/Epic and CSCR hospital Dataset/Test/notumor/1229.jpg",2,notumor,2,notumor,0.0052173994,0.0068032877,0.9806240201,0.0073553585
11075,"/kaggle/input/datasets/arafatrahmann/my-data221/Epic and CSCR hospital Dataset/Test/notumor/1233.jpg",2,notumor,2,notumor,0.0051299739,0.0078017144,0.9802449942,0.0068232743
11081,"/kaggle/input/datasets/arafatrahmann/my-data221/Epic and CSCR hospital Dataset/Test/notumor/1239.jpg",2,notumor,2,notumor,0.0053202561,0.0073590865,0.9809802771,0.0063403421
11082,"/kaggle/input/datasets/arafatrahmann/my-data221/Epic and CSCR hospital Dataset/Test/notumor/1240.jpg",2,notumor,2,notumor,0.0051558116,0.0084209051,0.9801434278,0.0062797950
11083,"/kaggle/input/datasets/arafatrahmann/my-data221/Epic and CSCR hospital Dataset/Test/notumor/1241.jpg",2,notumor,2,notumor,0.0050921226,0.0072318227,0.9808121920,0.0068639279
11084,"/kaggle/input/datasets/arafatrahmann/my-data221/Epic and CSCR hospital Dataset/Test/notumor/1242.jpg",2,notumor,2,notumor,0.0049247206,0.0078811031,0.9802638888,0.0069302334
11087,"/kaggle/input/datasets/arafatrahmann/my-data221/Epic and CSCR hospital Dataset/Test/notumor/1245.jpg",2,notumor,2,notumor,0.0052447738,0.0069348612,0.9811765552,0.0066437507
11092,"/kaggle/input/datasets/arafatrahmann/my-data221/Epic and CSCR hospital Dataset/Test/notumor/1250.jpg",2,notumor,2,notumor,0.0055494206,0.0069496310,0.9803582430,0.0071427026
11093,"/kaggle/input/datasets/arafatrahmann/my-data221/Epic and CSCR hospital Dataset/Test/notumor/1251.jpg",2,notumor,2,notumor,0.0050502168,0.0073324898,0.9800783396,0.0075389585
11111,"/kaggle/input/datasets/arafatrahmann/my-data221/Epic and CSCR hospital Dataset/Test/notumor/1269.jpg",2,notumor,2,notumor,0.0052903458,0.0076100715,0.9806431532,0.0064564673
11119,"/kaggle/input/datasets/arafatrahmann/my-data221/Epic and CSCR hospital Dataset/Test/notumor/1277.jpg",2,notumor,2,notumor,0.0050559198,0.0076936656,0.9804403186,0.0068101734
11129,"/kaggle/input/datasets/arafatrahmann/my-data221/Epic and CSCR hospital Dataset/Test/notumor/1287.jpg",2,notumor,2,notumor,0.0049979510,0.0077788262,0.9803577662,0.0068655671
11140,"/kaggle/input/datasets/arafatrahmann/my-data221/Epic and CSCR hospital Dataset/Test/notumor/1298.jpg",2,notumor,2,notumor,0.0052948403,0.0074542547,0.9806345701,0.0066163107
11141,"/kaggle/input/datasets/arafatrahmann/my-data221/Epic and CSCR hospital Dataset/Test/notumor/1299.jpg",2,notumor,2,notumor,0.0051064445,0.0069661029,0.9808641672,0.0070632971
11144,"/kaggle/input/datasets/arafatrahmann/my-data221/Epic and CSCR hospital Dataset/Test/notumor/1302.jpg",2,notumor,2,notumor,0.0052701449,0.0074035376,0.9810010791,0.0063251406
11150,"/kaggle/input/datasets/arafatrahmann/my-data221/Epic and CSCR hospital Dataset/Test/notumor/1308.jpg",2,notumor,2,notumor,0.0050399820,0.0078085125,0.9806216359,0.0065298839
11152,"/kaggle/input/datasets/arafatrahmann/my-data221/Epic and CSCR hospital Dataset/Test/notumor/1310.jpg",2,notumor,2,notumor,0.0050885212,0.0075779469,0.9805340767,0.0067994618
11160,"/kaggle/input/datasets/arafatrahmann/my-data221/Epic and CSCR hospital Dataset/Test/notumor/1318.jpg",2,notumor,2,notumor,0.0053580939,0.0076553994,0.9805631638,0.0064233192
11161,"/kaggle/input/datasets/arafatrahmann/my-data221/Epic and CSCR hospital Dataset/Test/notumor/1319.jpg",2,notumor,2,notumor,0.0051718885,0.0078045391,0.9806507230,0.0063728327
11171,"/kaggle/input/datasets/arafatrahmann/my-data221/Epic and CSCR hospital Dataset/Test/notumor/1329.jpg",2,notumor,2,notumor,0.0048728250,0.0073287040,0.9802490473,0.0075494298
11174,"/kaggle/input/datasets/arafatrahmann/my-data221/Epic and CSCR hospital Dataset/Test/notumor/1332.jpg",2,notumor,2,notumor,0.0053025451,0.0077754296,0.9802900553,0.0066320533
11178,"/kaggle/input/datasets/arafatrahmann/my-data221/Epic and CSCR hospital Dataset/Test/notumor/1336.jpg",2,notumor,2,notumor,0.0061778878,0.0071230070,0.9803520441,0.0063470984
11185,"/kaggle/input/datasets/arafatrahmann/my-data221/Epic and CSCR hospital Dataset/Test/notumor/1343.jpg",2,notumor,2,notumor,0.0048425375,0.0073900335,0.9807993174,0.0069681169
11187,"/kaggle/input/datasets/arafatrahmann/my-data221/Epic and CSCR hospital Dataset/Test/notumor/1345.jpg",2,notumor,2,notumor,0.0048449440,0.0076808920,0.9805094004,0.0069648698
11191,"/kaggle/input/datasets/arafatrahmann/my-data221/Epic and CSCR hospital Dataset/Test/notumor/1349.jpg",2,notumor,2,notumor,0.0048313392,0.0071080932,0.9806612730,0.0073991632
11194,"/kaggle/input/datasets/arafatrahmann/my-data221/Epic and CSCR hospital Dataset/Test/notumor/1352.jpg",2,notumor,2,notumor,0.0051488136,0.0074694380,0.9806912541,0.0066905208
11199,"/kaggle/input/datasets/arafatrahmann/my-data221/Epic and CSCR hospital Dataset/Test/notumor/1357.jpg",2,notumor,2,notumor,0.0049997452,0.0078475233,0.9803752899,0.0067773983
11201,"/kaggle/input/datasets/arafatrahmann/my-data221/Epic and CSCR hospital Dataset/Test/notumor/1359.jpg",2,notumor,2,notumor,0.0049198964,0.0073005809,0.9804438353,0.0073356209
11203,"/kaggle/input/datasets/arafatrahmann/my-data221/Epic and CSCR hospital Dataset/Test/notumor/1361.jpg",2,notumor,2,notumor,0.0050035259,0.0079653878,0.9803215861,0.0067095133
11206,"/kaggle/input/datasets/arafatrahmann/my-data221/Epic and CSCR hospital Dataset/Test/notumor/1364.jpg",2,notumor,2,notumor,0.0051241741,0.0071272687,0.9804471731,0.0073013902
11207,"/kaggle/input/datasets/arafatrahmann/my-data221/Epic and CSCR hospital Dataset/Test/notumor/1365.jpg",2,notumor,2,notumor,0.0050127031,0.0075635253,0.9804505110,0.0069733015
11218,"/kaggle/input/datasets/arafatrahmann/my-data221/Epic and CSCR hospital Dataset/Test/notumor/1376.jpg",2,notumor,2,notumor,0.0051910216,0.0073355227,0.9807465672,0.0067269383
11219,"/kaggle/input/datasets/arafatrahmann/my-data221/Epic and CSCR hospital Dataset/Test/notumor/1377.jpg",2,notumor,2,notumor,0.0050370819,0.0071408288,0.9808458090,0.0069762534
11220,"/kaggle/input/datasets/arafatrahmann/my-data221/Epic and CSCR hospital Dataset/Test/notumor/1378.jpg",2,notumor,2,notumor,0.0049464242,0.0080114193,0.9802954793,0.0067467252
11232,"/kaggle/input/datasets/arafatrahmann/my-data221/Epic and CSCR hospital Dataset/Test/notumor/1390.jpg",2,notumor,2,notumor,0.0052018347,0.0071531632,0.9808508754,0.0067940727
11235,"/kaggle/input/datasets/arafatrahmann/my-data221/Epic and CSCR hospital Dataset/Test/notumor/1393.jpg",2,notumor,2,notumor,0.0051540742,0.0077390233,0.9807284474,0.0063784113
11238,"/kaggle/input/datasets/arafatrahmann/my-data221/Epic and CSCR hospital Dataset/Test/notumor/1396.jpg",2,notumor,2,notumor,0.0050008632,0.0075468183,0.9806814194,0.0067709126
11241,"/kaggle/input/datasets/arafatrahmann/my-data221/Epic and CSCR hospital Dataset/Test/notumor/1399.jpg",2,notumor,2,notumor,0.0049021849,0.0072984966,0.9802147746,0.0075845383
11249,"/kaggle/input/datasets/arafatrahmann/my-data221/Epic and CSCR hospital Dataset/Test/notumor/1407.jpg",2,notumor,2,notumor,0.0047467696,0.0075090984,0.9801265001,0.0076176734
11251,"/kaggle/input/datasets/arafatrahmann/my-data221/Epic and CSCR hospital Dataset/Test/notumor/1409.jpg",2,notumor,2,notumor,0.0057568159,0.0069234907,0.9809681177,0.0063516684
11255,"/kaggle/input/datasets/arafatrahmann/my-data221/Epic and CSCR hospital Dataset/Test/notumor/1413.jpg",2,notumor,2,notumor,0.0050452147,0.0078317467,0.9803330302,0.0067899846
11264,"/kaggle/input/datasets/arafatrahmann/my-data221/Epic and CSCR hospital Dataset/Test/notumor/1422.jpg",2,notumor,2,notumor,0.0049187322,0.0077144303,0.9803739786,0.0069928961
11265,"/kaggle/input/datasets/arafatrahmann/my-data221/Epic and CSCR hospital Dataset/Test/notumor/1423.jpg",2,notumor,2,notumor,0.0052169301,0.0073834704,0.9807773829,0.0066223354
11271,"/kaggle/input/datasets/arafatrahmann/my-data221/Epic and CSCR hospital Dataset/Test/notumor/1429.jpg",2,notumor,2,notumor,0.0049282433,0.0074159438,0.9805291295,0.0071267546
11272,"/kaggle/input/datasets/arafatrahmann/my-data221/Epic and CSCR hospital Dataset/Test/notumor/1430.jpg",2,notumor,2,notumor,0.0050118687,0.0073769176,0.9806700945,0.0069411574
11273,"/kaggle/input/datasets/arafatrahmann/my-data221/Epic and CSCR hospital Dataset/Test/notumor/1431.jpg",2,notumor,2,notumor,0.0051964005,0.0075552119,0.9806164503,0.0066318484
11280,"/kaggle/input/datasets/arafatrahmann/my-data221/Epic and CSCR hospital Dataset/Test/notumor/1438.jpg",2,notumor,2,notumor,0.0055704508,0.0077971532,0.9800718427,0.0065605501
11283,"/kaggle/input/datasets/arafatrahmann/my-data221/Epic and CSCR hospital Dataset/Test/notumor/1441.jpg",2,notumor,2,notumor,0.0064764479,0.0063373432,0.9805015326,0.0066846237
11292,"/kaggle/input/datasets/arafatrahmann/my-data221/Epic and CSCR hospital Dataset/Test/notumor/1450.jpg",2,notumor,2,notumor,0.0051437775,0.0075857840,0.9808665514,0.0064039417
11299,"/kaggle/input/datasets/arafatrahmann/my-data221/Epic and CSCR hospital Dataset/Test/notumor/1457.jpg",2,notumor,2,notumor,0.0050955983,0.0068485877,0.9805084467,0.0075474540
11302,"/kaggle/input/datasets/arafatrahmann/my-data221/Epic and CSCR hospital Dataset/Test/notumor/1460.jpg",2,notumor,2,notumor,0.0056535965,0.0071020154,0.9804485440,0.0067958361
11307,"/kaggle/input/datasets/arafatrahmann/my-data221/Epic and CSCR hospital Dataset/Test/notumor/1465.jpg",2,notumor,2,notumor,0.0050598979,0.0078851636,0.9802964330,0.0067585236
11311,"/kaggle/input/datasets/arafatrahmann/my-data221/Epic and CSCR hospital Dataset/Test/notumor/1469.jpg",2,notumor,2,notumor,0.0052806130,0.0074330801,0.9806787372,0.0066075795
11314,"/kaggle/input/datasets/arafatrahmann/my-data221/Epic and CSCR hospital Dataset/Test/notumor/1472.jpg",2,notumor,2,notumor,0.0051655201,0.0071505033,0.9808784723,0.0068055294
11333,"/kaggle/input/datasets/arafatrahmann/my-data221/Epic and CSCR hospital Dataset/Test/notumor/1491.jpg",2,notumor,2,notumor,0.0049664471,0.0071491017,0.9806621671,0.0072222864
11334,"/kaggle/input/datasets/arafatrahmann/my-data221/Epic and CSCR hospital Dataset/Test/notumor/1492.jpg",2,notumor,2,notumor,0.0050306753,0.0080376109,0.9802295566,0.0067021176
11335,"/kaggle/input/datasets/arafatrahmann/my-data221/Epic and CSCR hospital Dataset/Test/notumor/1493.jpg",2,notumor,2,notumor,0.0050397692,0.0079195779,0.9805757403,0.0064648464
11339,"/kaggle/input/datasets/arafatrahmann/my-data221/Epic and CSCR hospital Dataset/Test/notumor/1497.jpg",2,notumor,2,notumor,0.0053546084,0.0075014844,0.9805794954,0.0065644430
11341,"/kaggle/input/datasets/arafatrahmann/my-data221/Epic and CSCR hospital Dataset/Test/notumor/1499.jpg",2,notumor,2,notumor,0.0050488720,0.0072885416,0.9808009267,0.0068616988
11359,"/kaggle/input/datasets/arafatrahmann/my-data221/Epic and CSCR hospital Dataset/Test/notumor/1517.jpg",2,notumor,2,notumor,0.0053006667,0.0074868472,0.9806855917,0.0065269461
11360,"/kaggle/input/datasets/arafatrahmann/my-data221/Epic and CSCR hospital Dataset/Test/notumor/1518.jpg",2,notumor,2,notumor,0.0050581200,0.0080453176,0.9802297354,0.0066667525
11362,"/kaggle/input/datasets/arafatrahmann/my-data221/Epic and CSCR hospital Dataset/Test/notumor/1520.jpg",2,notumor,2,notumor,0.0051114401,0.0073448075,0.9806489944,0.0068947459
11363,"/kaggle/input/datasets/arafatrahmann/my-data221/Epic and CSCR hospital Dataset/Test/notumor/1521.jpg",2,notumor,2,notumor,0.0053856871,0.0071693733,0.9810150266,0.0064299307
11378,"/kaggle/input/datasets/arafatrahmann/my-data221/Epic and CSCR hospital Dataset/Test/notumor/1536.jpg",2,notumor,2,notumor,0.0049137878,0.0074643726,0.9804266095,0.0071952706
11391,"/kaggle/input/datasets/arafatrahmann/my-data221/Epic and CSCR hospital Dataset/Test/notumor/1549.jpg",2,notumor,2,notumor,0.0050432705,0.0078562768,0.9803341031,0.0067663728
11393,"/kaggle/input/datasets/arafatrahmann/my-data221/Epic and CSCR hospital Dataset/Test/notumor/1551.jpg",2,notumor,2,notumor,0.0048868051,0.0072831260,0.9805883169,0.0072417744
11409,"/kaggle/input/datasets/arafatrahmann/my-data221/Epic and CSCR hospital Dataset/Test/notumor/1567.jpg",2,notumor,2,notumor,0.0052238209,0.0072474619,0.9808809161,0.0066478513
11412,"/kaggle/input/datasets/arafatrahmann/my-data221/Epic and CSCR hospital Dataset/Test/notumor/1570.jpg",2,notumor,2,notumor,0.0052918456,0.0071759047,0.9808909297,0.0066413670
11415,"/kaggle/input/datasets/arafatrahmann/my-data221/Epic and CSCR hospital Dataset/Test/notumor/1573.jpg",2,notumor,2,notumor,0.0047867489,0.0079474896,0.9802004695,0.0070651458
11416,"/kaggle/input/datasets/arafatrahmann/my-data221/Epic and CSCR hospital Dataset/Test/notumor/1574.jpg",2,notumor,2,notumor,0.0053428011,0.0070832758,0.9812636375,0.0063103959
11420,"/kaggle/input/datasets/arafatrahmann/my-data221/Epic and CSCR hospital Dataset/Test/notumor/1578.jpg",2,notumor,2,notumor,0.0053411075,0.0072304411,0.9810031056,0.0064253835
11427,"/kaggle/input/datasets/arafatrahmann/my-data221/Epic and CSCR hospital Dataset/Test/notumor/1585.jpg",2,notumor,2,notumor,0.0051945094,0.0074386932,0.9807969928,0.0065697879
11428,"/kaggle/input/datasets/arafatrahmann/my-data221/Epic and CSCR hospital Dataset/Test/notumor/1586.jpg",2,notumor,2,notumor,0.0050209919,0.0076594814,0.9807101488,0.0066094934
11432,"/kaggle/input/datasets/arafatrahmann/my-data221/Epic and CSCR hospital Dataset/Test/notumor/44no.jpg",2,notumor,2,notumor,0.0051596905,0.0075058239,0.9807686806,0.0065657822
11437,"/kaggle/input/datasets/arafatrahmann/my-data221/Epic and CSCR hospital Dataset/Test/notumor/49 no.jpg",2,notumor,2,notumor,0.0050663049,0.0076173814,0.9805470705,0.0067693358
11447,"/kaggle/input/datasets/arafatrahmann/my-data221/Epic and CSCR hospital Dataset/Test/pituitary/1210.jpg",3,pituitary,3,pituitary,0.0055552535,0.0074615525,0.0075602210,0.9794230461
11450,"/kaggle/input/datasets/arafatrahmann/my-data221/Epic and CSCR hospital Dataset/Test/pituitary/1220.jpg",3,pituitary,3,pituitary,0.0053996313,0.0059522158,0.0074775754,0.9811705351
11454,"/kaggle/input/datasets/arafatrahmann/my-data221/Epic and CSCR hospital Dataset/Test/pituitary/1224.jpg",3,pituitary,3,pituitary,0.0053207884,0.0064723343,0.0079825539,0.9802243114
11457,"/kaggle/input/datasets/arafatrahmann/my-data221/Epic and CSCR hospital Dataset/Test/pituitary/1227.jpg",3,pituitary,3,pituitary,0.0057703988,0.0084330002,0.0075856387,0.9782108068
11459,"/kaggle/input/datasets/arafatrahmann/my-data221/Epic and CSCR hospital Dataset/Test/pituitary/1229.jpg",3,pituitary,3,pituitary,0.0055816188,0.0091041392,0.0074770316,0.9778372645
11461,"/kaggle/input/datasets/arafatrahmann/my-data221/Epic and CSCR hospital Dataset/Test/pituitary/1231.jpg",3,pituitary,3,pituitary,0.0055581862,0.0067814542,0.0076076039,0.9800527692
11467,"/kaggle/input/datasets/arafatrahmann/my-data221/Epic and CSCR hospital Dataset/Test/pituitary/1237.jpg",3,pituitary,3,pituitary,0.0055089411,0.0059305565,0.0072458857,0.9813145399
11478,"/kaggle/input/datasets/arafatrahmann/my-data221/Epic and CSCR hospital Dataset/Test/pituitary/1248.jpg",3,pituitary,3,pituitary,0.0060322233,0.0066448920,0.0073526166,0.9799703360
11479,"/kaggle/input/datasets/arafatrahmann/my-data221/Epic and CSCR hospital Dataset/Test/pituitary/1249.jpg",3,pituitary,3,pituitary,0.0053909058,0.0073438413,0.0074164001,0.9798488617
11481,"/kaggle/input/datasets/arafatrahmann/my-data221/Epic and CSCR hospital Dataset/Test/pituitary/1251.jpg",3,pituitary,3,pituitary,0.0054949760,0.0058735879,0.0071344101,0.9814969897
11484,"/kaggle/input/datasets/arafatrahmann/my-data221/Epic and CSCR hospital Dataset/Test/pituitary/1254.jpg",3,pituitary,3,pituitary,0.0057090716,0.0063126744,0.0074147461,0.9805633426
11491,"/kaggle/input/datasets/arafatrahmann/my-data221/Epic and CSCR hospital Dataset/Test/pituitary/1261.jpg",3,pituitary,3,pituitary,0.0056312210,0.0068090037,0.0076983934,0.9798614383
11492,"/kaggle/input/datasets/arafatrahmann/my-data221/Epic and CSCR hospital Dataset/Test/pituitary/1262.jpg",3,pituitary,3,pituitary,0.0056419661,0.0101916315,0.0078881038,0.9762783051
11493,"/kaggle/input/datasets/arafatrahmann/my-data221/Epic and CSCR hospital Dataset/Test/pituitary/1263.jpg",3,pituitary,3,pituitary,0.0056842263,0.0060365424,0.0076805004,0.9805987477
11494,"/kaggle/input/datasets/arafatrahmann/my-data221/Epic and CSCR hospital Dataset/Test/pituitary/1264.jpg",3,pituitary,3,pituitary,0.0054684016,0.0069583831,0.0073765838,0.9801967740
11504,"/kaggle/input/datasets/arafatrahmann/my-data221/Epic and CSCR hospital Dataset/Test/pituitary/1274.jpg",3,pituitary,3,pituitary,0.0056281826,0.0060476018,0.0073498460,0.9809743762
11508,"/kaggle/input/datasets/arafatrahmann/my-data221/Epic and CSCR hospital Dataset/Test/pituitary/1278.jpg",3,pituitary,3,pituitary,0.0055198120,0.0079993727,0.0077063339,0.9787745476
11512,"/kaggle/input/datasets/arafatrahmann/my-data221/Epic and CSCR hospital Dataset/Test/pituitary/1282.jpg",3,pituitary,3,pituitary,0.0055727763,0.0087066172,0.0076181516,0.9781023860
11527,"/kaggle/input/datasets/arafatrahmann/my-data221/Epic and CSCR hospital Dataset/Test/pituitary/1297.jpg",3,pituitary,3,pituitary,0.0055315765,0.0073118904,0.0074514202,0.9797051549
11531,"/kaggle/input/datasets/arafatrahmann/my-data221/Epic and CSCR hospital Dataset/Test/pituitary/1301.jpg",3,pituitary,3,pituitary,0.0056065838,0.0069640847,0.0073852316,0.9800440669
11541,"/kaggle/input/datasets/arafatrahmann/my-data221/Epic and CSCR hospital Dataset/Test/pituitary/1311.jpg",3,pituitary,3,pituitary,0.0053988537,0.0075554722,0.0075404779,0.9795051813
11546,"/kaggle/input/datasets/arafatrahmann/my-data221/Epic and CSCR hospital Dataset/Test/pituitary/1316.jpg",3,pituitary,3,pituitary,0.0054725939,0.0075751096,0.0075868173,0.9793655276
11549,"/kaggle/input/datasets/arafatrahmann/my-data221/Epic and CSCR hospital Dataset/Test/pituitary/1319.jpg",3,pituitary,3,pituitary,0.0054643629,0.0062160916,0.0074264416,0.9808931351
11552,"/kaggle/input/datasets/arafatrahmann/my-data221/Epic and CSCR hospital Dataset/Test/pituitary/1322.jpg",3,pituitary,3,pituitary,0.0055044191,0.0082145063,0.0076644546,0.9786165953
11554,"/kaggle/input/datasets/arafatrahmann/my-data221/Epic and CSCR hospital Dataset/Test/pituitary/1324.jpg",3,pituitary,3,pituitary,0.0056279032,0.0061398447,0.0073657008,0.9808665514
11556,"/kaggle/input/datasets/arafatrahmann/my-data221/Epic and CSCR hospital Dataset/Test/pituitary/1326.jpg",3,pituitary,3,pituitary,0.0053540114,0.0066725342,0.0075930827,0.9803803563
11564,"/kaggle/input/datasets/arafatrahmann/my-data221/Epic and CSCR hospital Dataset/Test/pituitary/1334.jpg",3,pituitary,3,pituitary,0.0055660708,0.0073081544,0.0075746463,0.9795511365
11569,"/kaggle/input/datasets/arafatrahmann/my-data221/Epic and CSCR hospital Dataset/Test/pituitary/1339.jpg",3,pituitary,3,pituitary,0.0055047460,0.0060314359,0.0073615862,0.9811021686
11578,"/kaggle/input/datasets/arafatrahmann/my-data221/Epic and CSCR hospital Dataset/Test/pituitary/1348.jpg",3,pituitary,3,pituitary,0.0055293273,0.0080406927,0.0073911138,0.9790388942
11581,"/kaggle/input/datasets/arafatrahmann/my-data221/Epic and CSCR hospital Dataset/Test/pituitary/1351.jpg",3,pituitary,3,pituitary,0.0056482279,0.0058289664,0.0077478373,0.9807748795
11585,"/kaggle/input/datasets/arafatrahmann/my-data221/Epic and CSCR hospital Dataset/Test/pituitary/1355.jpg",3,pituitary,3,pituitary,0.0057743113,0.0055825445,0.0071420642,0.9815011024
11588,"/kaggle/input/datasets/arafatrahmann/my-data221/Epic and CSCR hospital Dataset/Test/pituitary/1358.jpg",3,pituitary,3,pituitary,0.0053806151,0.0108706746,0.0081051830,0.9756435156
11589,"/kaggle/input/datasets/arafatrahmann/my-data221/Epic and CSCR hospital Dataset/Test/pituitary/1359.jpg",3,pituitary,3,pituitary,0.0055520730,0.0074981963,0.0076176384,0.9793321490
11607,"/kaggle/input/datasets/arafatrahmann/my-data221/Epic and CSCR hospital Dataset/Test/pituitary/1377.jpg",3,pituitary,3,pituitary,0.0060677705,0.0059716110,0.0078102322,0.9801504016
11609,"/kaggle/input/datasets/arafatrahmann/my-data221/Epic and CSCR hospital Dataset/Test/pituitary/1379.jpg",3,pituitary,3,pituitary,0.0055160541,0.0070570381,0.0077091912,0.9797177315
11611,"/kaggle/input/datasets/arafatrahmann/my-data221/Epic and CSCR hospital Dataset/Test/pituitary/1381.jpg",3,pituitary,3,pituitary,0.0053320397,0.0070371842,0.0078534232,0.9797774553
11613,"/kaggle/input/datasets/arafatrahmann/my-data221/Epic and CSCR hospital Dataset/Test/pituitary/1383.jpg",3,pituitary,3,pituitary,0.0056852559,0.0071510402,0.0076951198,0.9794686437
11618,"/kaggle/input/datasets/arafatrahmann/my-data221/Epic and CSCR hospital Dataset/Test/pituitary/1388.jpg",3,pituitary,3,pituitary,0.0054945559,0.0077511119,0.0074287625,0.9793255925
11627,"/kaggle/input/datasets/arafatrahmann/my-data221/Epic and CSCR hospital Dataset/Test/pituitary/1397.jpg",3,pituitary,3,pituitary,0.0055199778,0.0086394371,0.0074840682,0.9783565402
11634,"/kaggle/input/datasets/arafatrahmann/my-data221/Epic and CSCR hospital Dataset/Test/pituitary/1404.jpg",3,pituitary,3,pituitary,0.0055493535,0.0073400377,0.0077972226,0.9793133736
11636,"/kaggle/input/datasets/arafatrahmann/my-data221/Epic and CSCR hospital Dataset/Test/pituitary/1406.jpg",3,pituitary,3,pituitary,0.0056008641,0.0063374103,0.0079541076,0.9801076651
11658,"/kaggle/input/datasets/arafatrahmann/my-data221/Epic and CSCR hospital Dataset/Test/pituitary/1428.jpg",3,pituitary,3,pituitary,0.0055492437,0.0068795765,0.0073997080,0.9801713824
11661,"/kaggle/input/datasets/arafatrahmann/my-data221/Epic and CSCR hospital Dataset/Test/pituitary/1431.jpg",3,pituitary,3,pituitary,0.0055975118,0.0066951453,0.0075317100,0.9801756144
11664,"/kaggle/input/datasets/arafatrahmann/my-data221/Epic and CSCR hospital Dataset/Test/pituitary/1434.jpg",3,pituitary,3,pituitary,0.0057300096,0.0059856041,0.0073669902,0.9809173346
11668,"/kaggle/input/datasets/arafatrahmann/my-data221/Epic and CSCR hospital Dataset/Test/pituitary/1438.jpg",3,pituitary,3,pituitary,0.0053980285,0.0077371993,0.0076279468,0.9792367816
11683,"/kaggle/input/datasets/arafatrahmann/my-data221/Epic and CSCR hospital Dataset/Test/pituitary/1453.jpg",3,pituitary,3,pituitary,0.0054342845,0.0072895503,0.0072061867,0.9800699949
11684,"/kaggle/input/datasets/arafatrahmann/my-data221/Epic and CSCR hospital Dataset/Test/pituitary/1454.jpg",3,pituitary,3,pituitary,0.0056484309,0.0061575277,0.0073350249,0.9808589816
11688,"/kaggle/input/datasets/arafatrahmann/my-data221/Epic and CSCR hospital Dataset/Test/pituitary/1458.jpg",3,pituitary,3,pituitary,0.0057121604,0.0059445198,0.0074872985,0.9808560610
11697,"/kaggle/input/datasets/arafatrahmann/my-data221/Epic and CSCR hospital Dataset/Test/pituitary/1467.jpg",3,pituitary,3,pituitary,0.0053943237,0.0065346300,0.0074837906,0.9805873036
11700,"/kaggle/input/datasets/arafatrahmann/my-data221/Epic and CSCR hospital Dataset/Test/pituitary/1470.jpg",3,pituitary,3,pituitary,0.0056756600,0.0066369236,0.0074897720,0.9801977277
11704,"/kaggle/input/datasets/arafatrahmann/my-data221/Epic and CSCR hospital Dataset/Test/pituitary/1474.jpg",3,pituitary,3,pituitary,0.0054797186,0.0057869568,0.0076530203,0.9810802341
11717,"/kaggle/input/datasets/arafatrahmann/my-data221/Epic and CSCR hospital Dataset/Test/pituitary/1487.jpg",3,pituitary,3,pituitary,0.0057581835,0.0070232251,0.0075115860,0.9797069430
11720,"/kaggle/input/datasets/arafatrahmann/my-data221/Epic and CSCR hospital Dataset/Test/pituitary/1490.jpg",3,pituitary,3,pituitary,0.0054475619,0.0059266142,0.0073448480,0.9812811017
11723,"/kaggle/input/datasets/arafatrahmann/my-data221/Epic and CSCR hospital Dataset/Test/pituitary/1493.jpg",3,pituitary,3,pituitary,0.0056847939,0.0059925327,0.0074244114,0.9808982611
11733,"/kaggle/input/datasets/arafatrahmann/my-data221/Epic and CSCR hospital Dataset/Test/pituitary/1503.jpg",3,pituitary,3,pituitary,0.0056845420,0.0070155859,0.0074974643,0.9798024297
11734,"/kaggle/input/datasets/arafatrahmann/my-data221/Epic and CSCR hospital Dataset/Test/pituitary/1504.jpg",3,pituitary,3,pituitary,0.0053355377,0.0071187890,0.0072605712,0.9802850485
11738,"/kaggle/input/datasets/arafatrahmann/my-data221/Epic and CSCR hospital Dataset/Test/pituitary/1508.jpg",3,pituitary,3,pituitary,0.0054015685,0.0077288263,0.0077130767,0.9791566133
11740,"/kaggle/input/datasets/arafatrahmann/my-data221/Epic and CSCR hospital Dataset/Test/pituitary/1510.jpg",3,pituitary,3,pituitary,0.0058541470,0.0061190887,0.0073730992,0.9806536436
11743,"/kaggle/input/datasets/arafatrahmann/my-data221/Epic and CSCR hospital Dataset/Test/pituitary/1513.jpg",3,pituitary,3,pituitary,0.0057337256,0.0056703882,0.0076053729,0.9809905291
11749,"/kaggle/input/datasets/arafatrahmann/my-data221/Epic and CSCR hospital Dataset/Test/pituitary/1519.jpg",3,pituitary,3,pituitary,0.0054918323,0.0073808730,0.0077934018,0.9793338776
11754,"/kaggle/input/datasets/arafatrahmann/my-data221/Epic and CSCR hospital Dataset/Test/pituitary/1524.jpg",3,pituitary,3,pituitary,0.0055657653,0.0064917170,0.0072607258,0.9806817770
11760,"/kaggle/input/datasets/arafatrahmann/my-data221/Epic and CSCR hospital Dataset/Test/pituitary/1530.jpg",3,pituitary,3,pituitary,0.0055558584,0.0075134970,0.0074509778,0.9794796705
11764,"/kaggle/input/datasets/arafatrahmann/my-data221/Epic and CSCR hospital Dataset/Test/pituitary/1534.jpg",3,pituitary,3,pituitary,0.0054112552,0.0067194952,0.0073030693,0.9805661440
11766,"/kaggle/input/datasets/arafatrahmann/my-data221/Epic and CSCR hospital Dataset/Test/pituitary/1536.jpg",3,pituitary,3,pituitary,0.0054383697,0.0080344975,0.0074755624,0.9790515900
11776,"/kaggle/input/datasets/arafatrahmann/my-data221/Epic and CSCR hospital Dataset/Test/pituitary/1546.jpg",3,pituitary,3,pituitary,0.0054434305,0.0073130308,0.0077188523,0.9795246124
11786,"/kaggle/input/datasets/arafatrahmann/my-data221/Epic and CSCR hospital Dataset/Test/pituitary/1556.jpg",3,pituitary,3,pituitary,0.0054903473,0.0068732360,0.0072484715,0.9803879857
11789,"/kaggle/input/datasets/arafatrahmann/my-data221/Epic and CSCR hospital Dataset/Test/pituitary/1559.jpg",3,pituitary,3,pituitary,0.0053553432,0.0062387343,0.0080406452,0.9803652763
11790,"/kaggle/input/datasets/arafatrahmann/my-data221/Epic and CSCR hospital Dataset/Test/pituitary/1560.jpg",3,pituitary,3,pituitary,0.0056671416,0.0058318130,0.0074333115,0.9810677767
11799,"/kaggle/input/datasets/arafatrahmann/my-data221/Epic and CSCR hospital Dataset/Test/pituitary/1569.jpg",3,pituitary,3,pituitary,0.0054338421,0.0058233985,0.0074283830,0.9813144803
11805,"/kaggle/input/datasets/arafatrahmann/my-data221/Epic and CSCR hospital Dataset/Test/pituitary/1575.jpg",3,pituitary,3,pituitary,0.0057670297,0.0061999327,0.0072000446,0.9808329344
11808,"/kaggle/input/datasets/arafatrahmann/my-data221/Epic and CSCR hospital Dataset/Test/pituitary/1578.jpg",3,pituitary,3,pituitary,0.0056342138,0.0091984617,0.0080775162,0.9770897627
11814,"/kaggle/input/datasets/arafatrahmann/my-data221/Epic and CSCR hospital Dataset/Test/pituitary/1584.jpg",3,pituitary,3,pituitary,0.0055788038,0.0071317866,0.0074785710,0.9798108935
11817,"/kaggle/input/datasets/arafatrahmann/my-data221/Epic and CSCR hospital Dataset/Test/pituitary/1587.jpg",3,pituitary,3,pituitary,0.0054934914,0.0071970299,0.0073386915,0.9799708128
11819,"/kaggle/input/datasets/arafatrahmann/my-data221/Epic and CSCR hospital Dataset/Test/pituitary/1589.jpg",3,pituitary,3,pituitary,0.0054012719,0.0066665784,0.0074745668,0.9804574847
11823,"/kaggle/input/datasets/arafatrahmann/my-data221/Epic and CSCR hospital Dataset/Test/pituitary/1593.jpg",3,pituitary,3,pituitary,0.0057059429,0.0068099238,0.0076701315,0.9798139334
11830,"/kaggle/input/datasets/arafatrahmann/my-data221/Epic and CSCR hospital Dataset/Test/pituitary/1600.jpg",3,pituitary,3,pituitary,0.0055744564,0.0056614121,0.0078124204,0.9809516668
11833,"/kaggle/input/datasets/arafatrahmann/my-data221/Epic and CSCR hospital Dataset/Test/pituitary/1603.jpg",3,pituitary,3,pituitary,0.0059444276,0.0071037738,0.0075190142,0.9794327617
11835,"/kaggle/input/datasets/arafatrahmann/my-data221/Epic and CSCR hospital Dataset/Test/pituitary/1605.jpg",3,pituitary,3,pituitary,0.0054730093,0.0065941000,0.0072992099,0.9806336164
11837,"/kaggle/input/datasets/arafatrahmann/my-data221/Epic and CSCR hospital Dataset/Test/pituitary/1607.jpg",3,pituitary,3,pituitary,0.0054994165,0.0079848887,0.0076842434,0.9788314700
11839,"/kaggle/input/datasets/arafatrahmann/my-data221/Epic and CSCR hospital Dataset/Test/pituitary/1609.jpg",3,pituitary,3,pituitary,0.0053281123,0.0096372422,0.0079613943,0.9770731926
11844,"/kaggle/input/datasets/arafatrahmann/my-data221/Epic and CSCR hospital Dataset/Test/pituitary/1614.jpg",3,pituitary,3,pituitary,0.0054685464,0.0068749920,0.0076706549,0.9799858928
11851,"/kaggle/input/datasets/arafatrahmann/my-data221/Epic and CSCR hospital Dataset/Test/pituitary/1644.jpg",3,pituitary,3,pituitary,0.0055030813,0.0077372482,0.0075078234,0.9792518616
11855,"/kaggle/input/datasets/arafatrahmann/my-data221/Epic and CSCR hospital Dataset/Test/pituitary/1648.jpg",3,pituitary,3,pituitary,0.0055659795,0.0067993985,0.0074857129,0.9801487923
11869,"/kaggle/input/datasets/arafatrahmann/my-data221/Epic and CSCR hospital Dataset/Test/pituitary/image(13).jpg",3,pituitary,3,pituitary,0.0054962658,0.0059186863,0.0075256387,0.9810593724
11870,"/kaggle/input/datasets/arafatrahmann/my-data221/Epic and CSCR hospital Dataset/Test/pituitary/image(15).jpg",3,pituitary,3,pituitary,0.0054178732,0.0073224925,0.0075346441,0.9797250628
11871,"/kaggle/input/datasets/arafatrahmann/my-data221/Epic and CSCR hospital Dataset/Test/pituitary/image(18).jpg",3,pituitary,3,pituitary,0.0054699881,0.0068134004,0.0074777724,0.9802387953
11877,"/kaggle/input/datasets/arafatrahmann/my-data221/Epic and CSCR hospital Dataset/Test/pituitary/image(23).jpg",3,pituitary,3,pituitary,0.0047287182,0.0061345096,0.0098559605,0.9792808294
11878,"/kaggle/input/datasets/arafatrahmann/my-data221/Epic and CSCR hospital Dataset/Test/pituitary/image(27).jpg",3,pituitary,3,pituitary,0.0048477175,0.0077241557,0.0081310365,0.9792971611
11883,"/kaggle/input/datasets/arafatrahmann/my-data221/Epic and CSCR hospital Dataset/Test/pituitary/image(34).jpg",3,pituitary,3,pituitary,0.0054371073,0.0077297674,0.0080027487,0.9788303375
11884,"/kaggle/input/datasets/arafatrahmann/my-data221/Epic and CSCR hospital Dataset/Test/pituitary/image(35).jpg",3,pituitary,3,pituitary,0.0051699821,0.0069587841,0.0078398427,0.9800313711
11886,"/kaggle/input/datasets/arafatrahmann/my-data221/Epic and CSCR hospital Dataset/Test/pituitary/image(37).jpg",3,pituitary,3,pituitary,0.0052231136,0.0069285245,0.0079115955,0.9799367785
11894,"/kaggle/input/datasets/arafatrahmann/my-data221/Epic and CSCR hospital Dataset/Test/pituitary/image(47).jpg",3,pituitary,3,pituitary,0.0057397811,0.0062441141,0.0073218532,0.9806941748
11898,"/kaggle/input/datasets/arafatrahmann/my-data221/Epic and CSCR hospital Dataset/Test/pituitary/image(51).jpg",3,pituitary,3,pituitary,0.0051499628,0.0069674728,0.0076011317,0.9802813530
11908,"/kaggle/input/datasets/arafatrahmann/my-data221/Epic and CSCR hospital Dataset/Test/pituitary/image(90).jpg",3,pituitary,3,pituitary,0.0055737840,0.0072607421,0.0075997459,0.9795657992
11911,"/kaggle/input/datasets/arafatrahmann/my-data221/Epic and CSCR hospital Dataset/Test/pituitary/image(93).jpg",3,pituitary,3,pituitary,0.0055169244,0.0061940840,0.0073471949,0.9809417725
11913,"/kaggle/input/datasets/arafatrahmann/my-data221/Epic and CSCR hospital Dataset/Test/pituitary/image(95).jpg",3,pituitary,3,pituitary,0.0054758801,0.0079098474,0.0074642948,0.9791499376
11915,"/kaggle/input/datasets/arafatrahmann/my-data221/Epic and CSCR hospital Dataset/Test/pituitary/image(97).jpg",3,pituitary,3,pituitary,0.0054081557,0.0062912852,0.0071944534,0.9811059833
11916,"/kaggle/input/datasets/arafatrahmann/my-data221/Epic and CSCR hospital Dataset/Test/pituitary/image(98).jpg",3,pituitary,3,pituitary,0.0049691861,0.0086826403,0.0076973923,0.9786507487
11922,"/kaggle/input/datasets/arafatrahmann/my-data221/Epic and CSCR hospital Dataset/Test/pituitary/p (35).jpg",3,pituitary,3,pituitary,0.0054976335,0.0070376918,0.0079417042,0.9795230031
11930,"/kaggle/input/datasets/arafatrahmann/my-data221/Epic and CSCR hospital Dataset/Test/pituitary/p (37).jpg",3,pituitary,3,pituitary,0.0055062580,0.0069684698,0.0076277889,0.9798974991
11939,"/kaggle/input/datasets/arafatrahmann/my-data221/Epic and CSCR hospital Dataset/Test/pituitary/p (378).jpg",3,pituitary,3,pituitary,0.0055169193,0.0074725323,0.0074929716,0.9795175791
11940,"/kaggle/input/datasets/arafatrahmann/my-data221/Epic and CSCR hospital Dataset/Test/pituitary/p (379).jpg",3,pituitary,3,pituitary,0.0055312780,0.0074700499,0.0075267470,0.9794718623
11941,"/kaggle/input/datasets/arafatrahmann/my-data221/Epic and CSCR hospital Dataset/Test/pituitary/p (38).jpg",3,pituitary,3,pituitary,0.0056113200,0.0064980136,0.0075030737,0.9803876877
11945,"/kaggle/input/datasets/arafatrahmann/my-data221/Epic and CSCR hospital Dataset/Test/pituitary/p (383).jpg",3,pituitary,3,pituitary,0.0054842676,0.0067516183,0.0074285613,0.9803355336
11949,"/kaggle/input/datasets/arafatrahmann/my-data221/Epic and CSCR hospital Dataset/Test/pituitary/p (387).jpg",3,pituitary,3,pituitary,0.0056231292,0.0070941723,0.0074648098,0.9798178673
11952,"/kaggle/input/datasets/arafatrahmann/my-data221/Epic and CSCR hospital Dataset/Test/pituitary/p (39).jpg",3,pituitary,3,pituitary,0.0056318357,0.0064197751,0.0074842782,0.9804641008
11953,"/kaggle/input/datasets/arafatrahmann/my-data221/Epic and CSCR hospital Dataset/Test/pituitary/p (390).jpg",3,pituitary,3,pituitary,0.0055870586,0.0064577973,0.0074709407,0.9804841876
11956,"/kaggle/input/datasets/arafatrahmann/my-data221/Epic and CSCR hospital Dataset/Test/pituitary/p (393).jpg",3,pituitary,3,pituitary,0.0054393271,0.0077413516,0.0074471002,0.9793721437
11964,"/kaggle/input/datasets/arafatrahmann/my-data221/Epic and CSCR hospital Dataset/Test/pituitary/p (40).jpg",3,pituitary,3,pituitary,0.0054157544,0.0084038414,0.0075297141,0.9786506891
11971,"/kaggle/input/datasets/arafatrahmann/my-data221/Epic and CSCR hospital Dataset/Test/pituitary/p (406).jpg",3,pituitary,3,pituitary,0.0057777129,0.0054162415,0.0072654290,0.9815406799
11974,"/kaggle/input/datasets/arafatrahmann/my-data221/Epic and CSCR hospital Dataset/Test/pituitary/p (409).jpg",3,pituitary,3,pituitary,0.0055182846,0.0061782836,0.0074513434,0.9808520079
11985,"/kaggle/input/datasets/arafatrahmann/my-data221/Epic and CSCR hospital Dataset/Test/pituitary/p (419).jpg",3,pituitary,3,pituitary,0.0054463949,0.0065087304,0.0073012514,0.9807435870
11986,"/kaggle/input/datasets/arafatrahmann/my-data221/Epic and CSCR hospital Dataset/Test/pituitary/p (42).jpg",3,pituitary,3,pituitary,0.0053968132,0.0084692296,0.0075050853,0.9786287546
12012,"/kaggle/input/datasets/arafatrahmann/my-data221/Epic and CSCR hospital Dataset/Test/pituitary/p (443).jpg",3,pituitary,3,pituitary,0.0054889107,0.0063540936,0.0073364256,0.9808204770
12013,"/kaggle/input/datasets/arafatrahmann/my-data221/Epic and CSCR hospital Dataset/Test/pituitary/p (444).jpg",3,pituitary,3,pituitary,0.0056190756,0.0063635646,0.0074325679,0.9805849195
12024,"/kaggle/input/datasets/arafatrahmann/my-data221/Epic and CSCR hospital Dataset/Test/pituitary/p (454).jpg",3,pituitary,3,pituitary,0.0054917638,0.0059555597,0.0073094852,0.9812432528
12029,"/kaggle/input/datasets/arafatrahmann/my-data221/Epic and CSCR hospital Dataset/Test/pituitary/p (459).jpg",3,pituitary,3,pituitary,0.0055682990,0.0066092098,0.0072917789,0.9805306196
12042,"/kaggle/input/datasets/arafatrahmann/my-data221/Epic and CSCR hospital Dataset/Test/pituitary/p (470).jpg",3,pituitary,3,pituitary,0.0054397150,0.0084083099,0.0074898205,0.9786621928
12043,"/kaggle/input/datasets/arafatrahmann/my-data221/Epic and CSCR hospital Dataset/Test/pituitary/p (471).jpg",3,pituitary,3,pituitary,0.0055474611,0.0084398910,0.0076179532,0.9783946872
12048,"/kaggle/input/datasets/arafatrahmann/my-data221/Epic and CSCR hospital Dataset/Test/pituitary/p (476).jpg",3,pituitary,3,pituitary,0.0055785244,0.0058950940,0.0072356923,0.9812908173
12060,"/kaggle/input/datasets/arafatrahmann/my-data221/Epic and CSCR hospital Dataset/Test/pituitary/p (54).jpg",3,pituitary,3,pituitary,0.0055217021,0.0075171227,0.0075741522,0.9793871045
12061,"/kaggle/input/datasets/arafatrahmann/my-data221/Epic and CSCR hospital Dataset/Test/pituitary/p (55).jpg",3,pituitary,3,pituitary,0.0055829072,0.0071364888,0.0074781897,0.9798024297
