sample_index,path,true_index,true_class,pred_index,pred_class,prob_glioma,prob_meningioma,prob_notumor,prob_pituitary
2,"/kaggle/input/datasets/arafatrahmann/my-data221/Epic and CSCR hospital Dataset/Train/glioma/G_704_DA_.jpg",0,glioma,0,glioma,0.9788061380,0.0050699594,0.0106568383,0.0054670344
6,"/kaggle/input/datasets/arafatrahmann/my-data221/Epic and CSCR hospital Dataset/Train/glioma/G_704_VF_.jpg",0,glioma,0,glioma,0.9783357382,0.0074770348,0.0072958074,0.0068914690
8,"/kaggle/input/datasets/arafatrahmann/my-data221/Epic and CSCR hospital Dataset/Train/glioma/G_705_BR_.jpg",0,glioma,0,glioma,0.9764178395,0.0074426667,0.0112809706,0.0048585623
9,"/kaggle/input/datasets/arafatrahmann/my-data221/Epic and CSCR hospital Dataset/Train/glioma/G_705_DA_.jpg",0,glioma,0,glioma,0.9782670140,0.0051519251,0.0112781096,0.0053030024
22,"/kaggle/input/datasets/arafatrahmann/my-data221/Epic and CSCR hospital Dataset/Train/glioma/G_707_BR_.jpg",0,glioma,0,glioma,0.9761022329,0.0074329339,0.0106982198,0.0057665687
28,"/kaggle/input/datasets/arafatrahmann/my-data221/Epic and CSCR hospital Dataset/Train/glioma/G_708.jpg",0,glioma,0,glioma,0.9780222774,0.0076168887,0.0086099524,0.0057507842
30,"/kaggle/input/datasets/arafatrahmann/my-data221/Epic and CSCR hospital Dataset/Train/glioma/G_708_DA_.jpg",0,glioma,0,glioma,0.9782621264,0.0063472018,0.0100525739,0.0053380085
34,"/kaggle/input/datasets/arafatrahmann/my-data221/Epic and CSCR hospital Dataset/Train/glioma/G_708_VF_.jpg",0,glioma,0,glioma,0.9492157698,0.0222631022,0.0095496578,0.0189714320
36,"/kaggle/input/datasets/arafatrahmann/my-data221/Epic and CSCR hospital Dataset/Train/glioma/G_709_BR_.jpg",0,glioma,0,glioma,0.9696661830,0.0158878528,0.0091563286,0.0052895602
51,"/kaggle/input/datasets/arafatrahmann/my-data221/Epic and CSCR hospital Dataset/Train/glioma/G_711_DA_.jpg",0,glioma,0,glioma,0.9776528478,0.0071202600,0.0097262133,0.0055006845
59,"/kaggle/input/datasets/arafatrahmann/my-data221/Epic and CSCR hospital Dataset/Train/glioma/G_712_HF_.jpg",0,glioma,0,glioma,0.9699982405,0.0167707540,0.0065911585,0.0066398284
64,"/kaggle/input/datasets/arafatrahmann/my-data221/Epic and CSCR hospital Dataset/Train/glioma/G_713_BR_.jpg",0,glioma,0,glioma,0.9715639353,0.0136738420,0.0094478037,0.0053144596
68,"/kaggle/input/datasets/arafatrahmann/my-data221/Epic and CSCR hospital Dataset/Train/glioma/G_713_SP_.jpg",0,glioma,0,glioma,0.9702255130,0.0158035271,0.0085044932,0.0054664435
71,"/kaggle/input/datasets/arafatrahmann/my-data221/Epic and CSCR hospital Dataset/Train/glioma/G_714_BR_.jpg",0,glioma,0,glioma,0.9747139812,0.0112797329,0.0089452546,0.0050610350
83,"/kaggle/input/datasets/arafatrahmann/my-data221/Epic and CSCR hospital Dataset/Train/glioma/G_715_VF_.jpg",0,glioma,0,glioma,0.8710888624,0.1127945334,0.0093379756,0.0067785657
95,"/kaggle/input/datasets/arafatrahmann/my-data221/Epic and CSCR hospital Dataset/Train/glioma/G_717_RO_.jpg",0,glioma,0,glioma,0.9792192578,0.0062690079,0.0092081930,0.0053035691
96,"/kaggle/input/datasets/arafatrahmann/my-data221/Epic and CSCR hospital Dataset/Train/glioma/G_717_SP_.jpg",0,glioma,0,glioma,0.9808591008,0.0057882345,0.0076669664,0.0056857690
108,"/kaggle/input/datasets/arafatrahmann/my-data221/Epic and CSCR hospital Dataset/Train/glioma/G_719_HF_.jpg",0,glioma,0,glioma,0.9769323468,0.0059611327,0.0120649645,0.0050415667
109,"/kaggle/input/datasets/arafatrahmann/my-data221/Epic and CSCR hospital Dataset/Train/glioma/G_719_RO_.jpg",0,glioma,0,glioma,0.9700638056,0.0063337190,0.0185007825,0.0051017636
111,"/kaggle/input/datasets/arafatrahmann/my-data221/Epic and CSCR hospital Dataset/Train/glioma/G_719_VF_.jpg",0,glioma,0,glioma,0.9779406786,0.0062072435,0.0103503512,0.0055017290
121,"/kaggle/input/datasets/arafatrahmann/my-data221/Epic and CSCR hospital Dataset/Train/glioma/G_721_DA_.jpg",0,glioma,0,glioma,0.9785932302,0.0067736655,0.0091781449,0.0054548895
123,"/kaggle/input/datasets/arafatrahmann/my-data221/Epic and CSCR hospital Dataset/Train/glioma/G_721_RO_.jpg",0,glioma,0,glioma,0.9781093597,0.0065265200,0.0102548478,0.0051092422
131,"/kaggle/input/datasets/arafatrahmann/my-data221/Epic and CSCR hospital Dataset/Train/glioma/G_722_SP_.jpg",0,glioma,0,glioma,0.9794381261,0.0074734306,0.0076035289,0.0054849917
133,"/kaggle/input/datasets/arafatrahmann/my-data221/Epic and CSCR hospital Dataset/Train/glioma/G_723.jpg",0,glioma,0,glioma,0.9338316917,0.0522155389,0.0073277839,0.0066251112
135,"/kaggle/input/datasets/arafatrahmann/my-data221/Epic and CSCR hospital Dataset/Train/glioma/G_723_DA_.jpg",0,glioma,0,glioma,0.9625447989,0.0221212953,0.0078055235,0.0075283586
140,"/kaggle/input/datasets/arafatrahmann/my-data221/Epic and CSCR hospital Dataset/Train/glioma/G_724.jpg",0,glioma,0,glioma,0.9804855585,0.0058414130,0.0077014901,0.0059717079
147,"/kaggle/input/datasets/arafatrahmann/my-data221/Epic and CSCR hospital Dataset/Train/glioma/G_725.jpg",0,glioma,0,glioma,0.9800850153,0.0061354679,0.0082264822,0.0055530788
149,"/kaggle/input/datasets/arafatrahmann/my-data221/Epic and CSCR hospital Dataset/Train/glioma/G_725_DA_.jpg",0,glioma,0,glioma,0.9795072675,0.0054337969,0.0094793774,0.0055794762
151,"/kaggle/input/datasets/arafatrahmann/my-data221/Epic and CSCR hospital Dataset/Train/glioma/G_725_RO_.jpg",0,glioma,0,glioma,0.9791747332,0.0066710361,0.0084849671,0.0056693223
153,"/kaggle/input/datasets/arafatrahmann/my-data221/Epic and CSCR hospital Dataset/Train/glioma/G_725_VF_.jpg",0,glioma,0,glioma,0.9782695770,0.0062990896,0.0099513885,0.0054798727
154,"/kaggle/input/datasets/arafatrahmann/my-data221/Epic and CSCR hospital Dataset/Train/glioma/G_726.jpg",0,glioma,0,glioma,0.9802908897,0.0062533068,0.0082275914,0.0052281930
158,"/kaggle/input/datasets/arafatrahmann/my-data221/Epic and CSCR hospital Dataset/Train/glioma/G_726_RO_.jpg",0,glioma,0,glioma,0.9793237448,0.0066344379,0.0086966464,0.0053452193
168,"/kaggle/input/datasets/arafatrahmann/my-data221/Epic and CSCR hospital Dataset/Train/glioma/G_728.jpg",0,glioma,0,glioma,0.9791308641,0.0063711368,0.0092811119,0.0052169720
180,"/kaggle/input/datasets/arafatrahmann/my-data221/Epic and CSCR hospital Dataset/Train/glioma/G_729_SP_.jpg",0,glioma,0,glioma,0.9799359441,0.0068793669,0.0077275364,0.0054571680
182,"/kaggle/input/datasets/arafatrahmann/my-data221/Epic and CSCR hospital Dataset/Train/glioma/G_730.jpg",0,glioma,0,glioma,0.9797417521,0.0054959278,0.0076970337,0.0070652380
185,"/kaggle/input/datasets/arafatrahmann/my-data221/Epic and CSCR hospital Dataset/Train/glioma/G_730_HF_.jpg",0,glioma,0,glioma,0.9778455496,0.0061701881,0.0088323187,0.0071519478
186,"/kaggle/input/datasets/arafatrahmann/my-data221/Epic and CSCR hospital Dataset/Train/glioma/G_730_RO_.jpg",0,glioma,0,glioma,0.9783767462,0.0054192198,0.0091230739,0.0070809438
189,"/kaggle/input/datasets/arafatrahmann/my-data221/Epic and CSCR hospital Dataset/Train/glioma/G_731.jpg",0,glioma,0,glioma,0.9787107706,0.0072414814,0.0087777507,0.0052699102
195,"/kaggle/input/datasets/arafatrahmann/my-data221/Epic and CSCR hospital Dataset/Train/glioma/G_731_VF_.jpg",0,glioma,0,glioma,0.9776126146,0.0086867139,0.0084872404,0.0052134315
201,"/kaggle/input/datasets/arafatrahmann/my-data221/Epic and CSCR hospital Dataset/Train/glioma/G_732_SP_.jpg",0,glioma,0,glioma,0.9806312323,0.0052913520,0.0082854349,0.0057919119
202,"/kaggle/input/datasets/arafatrahmann/my-data221/Epic and CSCR hospital Dataset/Train/glioma/G_732_VF_.jpg",0,glioma,0,glioma,0.9800328016,0.0060701524,0.0080699055,0.0058270893
208,"/kaggle/input/datasets/arafatrahmann/my-data221/Epic and CSCR hospital Dataset/Train/glioma/G_733_SP_.jpg",0,glioma,0,glioma,0.9794958830,0.0072098607,0.0078903092,0.0054039797
209,"/kaggle/input/datasets/arafatrahmann/my-data221/Epic and CSCR hospital Dataset/Train/glioma/G_733_VF_.jpg",0,glioma,0,glioma,0.9754219055,0.0104650781,0.0090075564,0.0051054703
221,"/kaggle/input/datasets/arafatrahmann/my-data221/Epic and CSCR hospital Dataset/Train/glioma/G_735_RO_.jpg",0,glioma,0,glioma,0.9781348109,0.0055408152,0.0112638250,0.0050605498
224,"/kaggle/input/datasets/arafatrahmann/my-data221/Epic and CSCR hospital Dataset/Train/glioma/G_736.jpg",0,glioma,0,glioma,0.9783059359,0.0065202923,0.0098873060,0.0052865054
225,"/kaggle/input/datasets/arafatrahmann/my-data221/Epic and CSCR hospital Dataset/Train/glioma/G_736_BR_.jpg",0,glioma,0,glioma,0.9778243303,0.0073390394,0.0098944306,0.0049421210
226,"/kaggle/input/datasets/arafatrahmann/my-data221/Epic and CSCR hospital Dataset/Train/glioma/G_736_DA_.jpg",0,glioma,0,glioma,0.9780522585,0.0053074989,0.0114513710,0.0051889843
242,"/kaggle/input/datasets/arafatrahmann/my-data221/Epic and CSCR hospital Dataset/Train/glioma/G_738_RO_.jpg",0,glioma,0,glioma,0.9780361056,0.0066119642,0.0102736251,0.0050783474
246,"/kaggle/input/datasets/arafatrahmann/my-data221/Epic and CSCR hospital Dataset/Train/glioma/G_739_BR_.jpg",0,glioma,0,glioma,0.9792311788,0.0065442408,0.0091886036,0.0050360234
254,"/kaggle/input/datasets/arafatrahmann/my-data221/Epic and CSCR hospital Dataset/Train/glioma/G_740_DA_.jpg",0,glioma,0,glioma,0.9798320532,0.0056202887,0.0092156883,0.0053320127
264,"/kaggle/input/datasets/arafatrahmann/my-data221/Epic and CSCR hospital Dataset/Train/glioma/G_741_SP_.jpg",0,glioma,0,glioma,0.9807884097,0.0061569172,0.0075317645,0.0055228611
267,"/kaggle/input/datasets/arafatrahmann/my-data221/Epic and CSCR hospital Dataset/Train/glioma/G_742_BR_.jpg",0,glioma,0,glioma,0.9760687947,0.0100143300,0.0081435973,0.0057732477
280,"/kaggle/input/datasets/arafatrahmann/my-data221/Epic and CSCR hospital Dataset/Train/glioma/G_744.jpg",0,glioma,0,glioma,0.9808673859,0.0053738253,0.0085078478,0.0052509685
281,"/kaggle/input/datasets/arafatrahmann/my-data221/Epic and CSCR hospital Dataset/Train/glioma/G_744_BR_.jpg",0,glioma,0,glioma,0.9792304039,0.0071811364,0.0087673366,0.0048210770
282,"/kaggle/input/datasets/arafatrahmann/my-data221/Epic and CSCR hospital Dataset/Train/glioma/G_744_DA_.jpg",0,glioma,0,glioma,0.9796262980,0.0051397057,0.0097331060,0.0055009527
288,"/kaggle/input/datasets/arafatrahmann/my-data221/Epic and CSCR hospital Dataset/Train/glioma/G_745_BR_.jpg",0,glioma,0,glioma,0.9707155228,0.0157233216,0.0085396115,0.0050214687
292,"/kaggle/input/datasets/arafatrahmann/my-data221/Epic and CSCR hospital Dataset/Train/glioma/G_745_SP_.jpg",0,glioma,0,glioma,0.9769628644,0.0077150599,0.0101328855,0.0051892726
298,"/kaggle/input/datasets/arafatrahmann/my-data221/Epic and CSCR hospital Dataset/Train/glioma/G_746_RO_.jpg",0,glioma,0,glioma,0.9797207117,0.0056044301,0.0091982456,0.0054766187
301,"/kaggle/input/datasets/arafatrahmann/my-data221/Epic and CSCR hospital Dataset/Train/glioma/G_747.jpg",0,glioma,0,glioma,0.9805539846,0.0059465868,0.0082131149,0.0052862880
304,"/kaggle/input/datasets/arafatrahmann/my-data221/Epic and CSCR hospital Dataset/Train/glioma/G_747_HF_.jpg",0,glioma,0,glioma,0.9802333713,0.0064394129,0.0080276560,0.0052994965
308,"/kaggle/input/datasets/arafatrahmann/my-data221/Epic and CSCR hospital Dataset/Train/glioma/G_748.jpg",0,glioma,0,glioma,0.9788472056,0.0046109115,0.0109246327,0.0056172335
315,"/kaggle/input/datasets/arafatrahmann/my-data221/Epic and CSCR hospital Dataset/Train/glioma/G_749.jpg",0,glioma,0,glioma,0.9795944095,0.0059105111,0.0090582408,0.0054367748
316,"/kaggle/input/datasets/arafatrahmann/my-data221/Epic and CSCR hospital Dataset/Train/glioma/G_749_BR_.jpg",0,glioma,0,glioma,0.9771003723,0.0078278240,0.0102006961,0.0048711458
318,"/kaggle/input/datasets/arafatrahmann/my-data221/Epic and CSCR hospital Dataset/Train/glioma/G_749_HF_.jpg",0,glioma,0,glioma,0.9795331955,0.0062541864,0.0087884637,0.0054241638
320,"/kaggle/input/datasets/arafatrahmann/my-data221/Epic and CSCR hospital Dataset/Train/glioma/G_749_SP_.jpg",0,glioma,0,glioma,0.9794689417,0.0052339919,0.0096814325,0.0056157727
322,"/kaggle/input/datasets/arafatrahmann/my-data221/Epic and CSCR hospital Dataset/Train/glioma/G_750.jpg",0,glioma,0,glioma,0.9798728824,0.0056719659,0.0091033019,0.0053518498
323,"/kaggle/input/datasets/arafatrahmann/my-data221/Epic and CSCR hospital Dataset/Train/glioma/G_750_BR_.jpg",0,glioma,0,glioma,0.9776964188,0.0076861167,0.0098389341,0.0047785230
329,"/kaggle/input/datasets/arafatrahmann/my-data221/Epic and CSCR hospital Dataset/Train/glioma/G_751.jpg",0,glioma,0,glioma,0.9791094661,0.0074312636,0.0082794232,0.0051797526
330,"/kaggle/input/datasets/arafatrahmann/my-data221/Epic and CSCR hospital Dataset/Train/glioma/G_751_BR_.jpg",0,glioma,0,glioma,0.9785213470,0.0081202351,0.0085964650,0.0047619343
333,"/kaggle/input/datasets/arafatrahmann/my-data221/Epic and CSCR hospital Dataset/Train/glioma/G_751_RO_.jpg",0,glioma,0,glioma,0.9791450500,0.0062666498,0.0094951652,0.0050931750
335,"/kaggle/input/datasets/arafatrahmann/my-data221/Epic and CSCR hospital Dataset/Train/glioma/G_751_VF_.jpg",0,glioma,0,glioma,0.9780497551,0.0074167652,0.0093835648,0.0051500234
341,"/kaggle/input/datasets/arafatrahmann/my-data221/Epic and CSCR hospital Dataset/Train/glioma/G_752_SP_.jpg",0,glioma,0,glioma,0.9792611003,0.0076707341,0.0074912445,0.0055769463
342,"/kaggle/input/datasets/arafatrahmann/my-data221/Epic and CSCR hospital Dataset/Train/glioma/G_752_VF_.jpg",0,glioma,0,glioma,0.9780211449,0.0081422618,0.0080590853,0.0057775737
344,"/kaggle/input/datasets/arafatrahmann/my-data221/Epic and CSCR hospital Dataset/Train/glioma/G_753_BR_.jpg",0,glioma,0,glioma,0.9769188166,0.0088034328,0.0094249416,0.0048528551
349,"/kaggle/input/datasets/arafatrahmann/my-data221/Epic and CSCR hospital Dataset/Train/glioma/G_753_VF_.jpg",0,glioma,0,glioma,0.9782546759,0.0077847354,0.0084249396,0.0055356957
350,"/kaggle/input/datasets/arafatrahmann/my-data221/Epic and CSCR hospital Dataset/Train/glioma/G_754.jpg",0,glioma,0,glioma,0.9792665243,0.0071850070,0.0072586732,0.0062897662
352,"/kaggle/input/datasets/arafatrahmann/my-data221/Epic and CSCR hospital Dataset/Train/glioma/G_754_DA_.jpg",0,glioma,0,glioma,0.9787286520,0.0059658815,0.0095793549,0.0057260143
372,"/kaggle/input/datasets/arafatrahmann/my-data221/Epic and CSCR hospital Dataset/Train/glioma/G_757_BR_.jpg",0,glioma,0,glioma,0.9755277634,0.0108731752,0.0085607227,0.0050382353
380,"/kaggle/input/datasets/arafatrahmann/my-data221/Epic and CSCR hospital Dataset/Train/glioma/G_758_DA_.jpg",0,glioma,0,glioma,0.9768656492,0.0074632652,0.0104821716,0.0051889345
396,"/kaggle/input/datasets/arafatrahmann/my-data221/Epic and CSCR hospital Dataset/Train/glioma/G_760_RO_.jpg",0,glioma,0,glioma,0.9782924652,0.0067066601,0.0094632907,0.0055375756
397,"/kaggle/input/datasets/arafatrahmann/my-data221/Epic and CSCR hospital Dataset/Train/glioma/G_760_SP_.jpg",0,glioma,0,glioma,0.9783385396,0.0085409870,0.0071678869,0.0059525617
402,"/kaggle/input/datasets/arafatrahmann/my-data221/Epic and CSCR hospital Dataset/Train/glioma/G_761_HF_.jpg",0,glioma,0,glioma,0.9781090021,0.0077770292,0.0087053739,0.0054086661
407,"/kaggle/input/datasets/arafatrahmann/my-data221/Epic and CSCR hospital Dataset/Train/glioma/G_762_BR_.jpg",0,glioma,0,glioma,0.9780743718,0.0074619479,0.0093726423,0.0050910232
411,"/kaggle/input/datasets/arafatrahmann/my-data221/Epic and CSCR hospital Dataset/Train/glioma/G_762_SP_.jpg",0,glioma,0,glioma,0.9799235463,0.0063629746,0.0076158559,0.0060975598
417,"/kaggle/input/datasets/arafatrahmann/my-data221/Epic and CSCR hospital Dataset/Train/glioma/G_763_RO_.jpg",0,glioma,0,glioma,0.9786922336,0.0072887279,0.0086919144,0.0053270957
418,"/kaggle/input/datasets/arafatrahmann/my-data221/Epic and CSCR hospital Dataset/Train/glioma/G_763_SP_.jpg",0,glioma,0,glioma,0.9797881246,0.0070450408,0.0074016871,0.0057651801
422,"/kaggle/input/datasets/arafatrahmann/my-data221/Epic and CSCR hospital Dataset/Train/glioma/G_764_DA_.jpg",0,glioma,0,glioma,0.9787802696,0.0051475381,0.0103797372,0.0056925248
423,"/kaggle/input/datasets/arafatrahmann/my-data221/Epic and CSCR hospital Dataset/Train/glioma/G_764_HF_.jpg",0,glioma,0,glioma,0.9787122011,0.0072321878,0.0087271510,0.0053285216
424,"/kaggle/input/datasets/arafatrahmann/my-data221/Epic and CSCR hospital Dataset/Train/glioma/G_764_RO_.jpg",0,glioma,0,glioma,0.9798910022,0.0061890981,0.0084984042,0.0054214718
429,"/kaggle/input/datasets/arafatrahmann/my-data221/Epic and CSCR hospital Dataset/Train/glioma/G_765_DA_.jpg",0,glioma,0,glioma,0.8882998228,0.0081123831,0.0966893435,0.0068984209
433,"/kaggle/input/datasets/arafatrahmann/my-data221/Epic and CSCR hospital Dataset/Train/glioma/G_765_VF_.jpg",0,glioma,0,glioma,0.9768670201,0.0045575695,0.0102196326,0.0083558168
436,"/kaggle/input/datasets/arafatrahmann/my-data221/Epic and CSCR hospital Dataset/Train/glioma/G_766_DA_.jpg",0,glioma,0,glioma,0.9797852635,0.0055514644,0.0091613727,0.0055018240
438,"/kaggle/input/datasets/arafatrahmann/my-data221/Epic and CSCR hospital Dataset/Train/glioma/G_766_RO_.jpg",0,glioma,0,glioma,0.9794697762,0.0060898769,0.0090297228,0.0054106405
440,"/kaggle/input/datasets/arafatrahmann/my-data221/Epic and CSCR hospital Dataset/Train/glioma/G_766_VF_.jpg",0,glioma,0,glioma,0.9800990224,0.0063569164,0.0082040010,0.0053400313
446,"/kaggle/input/datasets/arafatrahmann/my-data221/Epic and CSCR hospital Dataset/Train/glioma/G_767_SP_.jpg",0,glioma,0,glioma,0.9588677287,0.0223757103,0.0109958155,0.0077607073
447,"/kaggle/input/datasets/arafatrahmann/my-data221/Epic and CSCR hospital Dataset/Train/glioma/G_767_VF_.jpg",0,glioma,0,glioma,0.9284278154,0.0503520370,0.0139083089,0.0073118582
466,"/kaggle/input/datasets/arafatrahmann/my-data221/Epic and CSCR hospital Dataset/Train/glioma/G_770_RO_.jpg",0,glioma,0,glioma,0.9796824455,0.0074150069,0.0076313950,0.0052711223
469,"/kaggle/input/datasets/arafatrahmann/my-data221/Epic and CSCR hospital Dataset/Train/glioma/G_771.jpg",0,glioma,0,glioma,0.9795312881,0.0046355221,0.0096944897,0.0061386726
471,"/kaggle/input/datasets/arafatrahmann/my-data221/Epic and CSCR hospital Dataset/Train/glioma/G_771_DA_.jpg",0,glioma,0,glioma,0.9779814482,0.0046159290,0.0108176982,0.0065849647
478,"/kaggle/input/datasets/arafatrahmann/my-data221/Epic and CSCR hospital Dataset/Train/glioma/G_772_DA_.jpg",0,glioma,0,glioma,0.9804843664,0.0054120459,0.0086910268,0.0054126373
480,"/kaggle/input/datasets/arafatrahmann/my-data221/Epic and CSCR hospital Dataset/Train/glioma/G_772_RO_.jpg",0,glioma,0,glioma,0.9795706868,0.0074962936,0.0077174054,0.0052155843
488,"/kaggle/input/datasets/arafatrahmann/my-data221/Epic and CSCR hospital Dataset/Train/glioma/G_773_SP_.jpg",0,glioma,0,glioma,0.9810196757,0.0063303374,0.0069801174,0.0056699240
489,"/kaggle/input/datasets/arafatrahmann/my-data221/Epic and CSCR hospital Dataset/Train/glioma/G_773_VF_.jpg",0,glioma,0,glioma,0.9800270200,0.0063425899,0.0081657600,0.0054646567
498,"/kaggle/input/datasets/arafatrahmann/my-data221/Epic and CSCR hospital Dataset/Train/glioma/G_775_BR_.jpg",0,glioma,0,glioma,0.9749605060,0.0094402004,0.0106284758,0.0049707657
499,"/kaggle/input/datasets/arafatrahmann/my-data221/Epic and CSCR hospital Dataset/Train/glioma/G_775_DA_.jpg",0,glioma,0,glioma,0.9756882787,0.0062573790,0.0122538749,0.0058004977
502,"/kaggle/input/datasets/arafatrahmann/my-data221/Epic and CSCR hospital Dataset/Train/glioma/G_775_SP_.jpg",0,glioma,0,glioma,0.9796695709,0.0074482001,0.0072374307,0.0056447410
521,"/kaggle/input/datasets/arafatrahmann/my-data221/Epic and CSCR hospital Dataset/Train/glioma/G_778_HF_.jpg",0,glioma,0,glioma,0.9697739482,0.0159391351,0.0080926465,0.0061942479
525,"/kaggle/input/datasets/arafatrahmann/my-data221/Epic and CSCR hospital Dataset/Train/glioma/G_779.jpg",0,glioma,0,glioma,0.9733427167,0.0054813074,0.0137864519,0.0073895836
527,"/kaggle/input/datasets/arafatrahmann/my-data221/Epic and CSCR hospital Dataset/Train/glioma/G_779_DA_.jpg",0,glioma,0,glioma,0.9723890424,0.0037848442,0.0185327251,0.0052933539
533,"/kaggle/input/datasets/arafatrahmann/my-data221/Epic and CSCR hospital Dataset/Train/glioma/G_780_BR_.jpg",0,glioma,0,glioma,0.9781611562,0.0088480758,0.0080851112,0.0049057044
536,"/kaggle/input/datasets/arafatrahmann/my-data221/Epic and CSCR hospital Dataset/Train/glioma/G_780_RO_.jpg",0,glioma,0,glioma,0.9794739485,0.0069806613,0.0083352746,0.0052100061
537,"/kaggle/input/datasets/arafatrahmann/my-data221/Epic and CSCR hospital Dataset/Train/glioma/G_780_SP_.jpg",0,glioma,0,glioma,0.9801481366,0.0071278834,0.0070292563,0.0056948201
548,"/kaggle/input/datasets/arafatrahmann/my-data221/Epic and CSCR hospital Dataset/Train/glioma/G_782_DA_.jpg",0,glioma,0,glioma,0.9790216684,0.0055129589,0.0097196531,0.0057457192
552,"/kaggle/input/datasets/arafatrahmann/my-data221/Epic and CSCR hospital Dataset/Train/glioma/G_782_VF_.jpg",0,glioma,0,glioma,0.9776892662,0.0087440424,0.0080148950,0.0055517792
557,"/kaggle/input/datasets/arafatrahmann/my-data221/Epic and CSCR hospital Dataset/Train/glioma/G_783_RO_.jpg",0,glioma,0,glioma,0.9789899588,0.0065006837,0.0089731989,0.0055362228
568,"/kaggle/input/datasets/arafatrahmann/my-data221/Epic and CSCR hospital Dataset/Train/glioma/G_785_BR_.jpg",0,glioma,0,glioma,0.9719408751,0.0062039932,0.0164966173,0.0053585451
577,"/kaggle/input/datasets/arafatrahmann/my-data221/Epic and CSCR hospital Dataset/Train/glioma/G_786_HF_.jpg",0,glioma,0,glioma,0.9781252146,0.0072329296,0.0094257873,0.0052161003
592,"/kaggle/input/datasets/arafatrahmann/my-data221/Epic and CSCR hospital Dataset/Train/glioma/G_788_RO_.jpg",0,glioma,0,glioma,0.9797115326,0.0069169379,0.0082299802,0.0051415516
614,"/kaggle/input/datasets/arafatrahmann/my-data221/Epic and CSCR hospital Dataset/Train/glioma/G_791_SP_.jpg",0,glioma,0,glioma,0.9795819521,0.0059155766,0.0079708416,0.0065316842
617,"/kaggle/input/datasets/arafatrahmann/my-data221/Epic and CSCR hospital Dataset/Train/glioma/G_792_BR_.jpg",0,glioma,0,glioma,0.9785637856,0.0081704734,0.0083118035,0.0049539246
618,"/kaggle/input/datasets/arafatrahmann/my-data221/Epic and CSCR hospital Dataset/Train/glioma/G_792_DA_.jpg",0,glioma,0,glioma,0.9795921445,0.0064458488,0.0086996751,0.0052622743
620,"/kaggle/input/datasets/arafatrahmann/my-data221/Epic and CSCR hospital Dataset/Train/glioma/G_792_RO_.jpg",0,glioma,0,glioma,0.9764525294,0.0087351231,0.0094205793,0.0053917142
621,"/kaggle/input/datasets/arafatrahmann/my-data221/Epic and CSCR hospital Dataset/Train/glioma/G_792_SP_.jpg",0,glioma,0,glioma,0.9803009033,0.0072817528,0.0068608923,0.0055564358
624,"/kaggle/input/datasets/arafatrahmann/my-data221/Epic and CSCR hospital Dataset/Train/glioma/G_793_BR_.jpg",0,glioma,0,glioma,0.9789618254,0.0076677180,0.0083293142,0.0050410675
631,"/kaggle/input/datasets/arafatrahmann/my-data221/Epic and CSCR hospital Dataset/Train/glioma/G_794_BR_.jpg",0,glioma,0,glioma,0.9782171249,0.0066134101,0.0101067312,0.0050626909
636,"/kaggle/input/datasets/arafatrahmann/my-data221/Epic and CSCR hospital Dataset/Train/glioma/G_794_VF_.jpg",0,glioma,0,glioma,0.9797614813,0.0066159493,0.0079217572,0.0057008527
641,"/kaggle/input/datasets/arafatrahmann/my-data221/Epic and CSCR hospital Dataset/Train/glioma/G_795_RO_.jpg",0,glioma,0,glioma,0.9774006605,0.0057571605,0.0115659963,0.0052761049
643,"/kaggle/input/datasets/arafatrahmann/my-data221/Epic and CSCR hospital Dataset/Train/glioma/G_795_VF_.jpg",0,glioma,0,glioma,0.9793010950,0.0064233067,0.0082736854,0.0060020136
648,"/kaggle/input/datasets/arafatrahmann/my-data221/Epic and CSCR hospital Dataset/Train/glioma/G_796_RO_.jpg",0,glioma,0,glioma,0.9806367755,0.0059640147,0.0078492574,0.0055498267
649,"/kaggle/input/datasets/arafatrahmann/my-data221/Epic and CSCR hospital Dataset/Train/glioma/G_796_SP_.jpg",0,glioma,0,glioma,0.9799526930,0.0068637999,0.0073718531,0.0058116717
656,"/kaggle/input/datasets/arafatrahmann/my-data221/Epic and CSCR hospital Dataset/Train/glioma/G_797_SP_.jpg",0,glioma,0,glioma,0.9800463915,0.0067577488,0.0073333182,0.0058625960
659,"/kaggle/input/datasets/arafatrahmann/my-data221/Epic and CSCR hospital Dataset/Train/glioma/G_798_BR_.jpg",0,glioma,0,glioma,0.9749349356,0.0118715437,0.0082543492,0.0049391664
667,"/kaggle/input/datasets/arafatrahmann/my-data221/Epic and CSCR hospital Dataset/Train/glioma/G_799_DA_.jpg",0,glioma,0,glioma,0.9796149135,0.0061780652,0.0087584425,0.0054485532
669,"/kaggle/input/datasets/arafatrahmann/my-data221/Epic and CSCR hospital Dataset/Train/glioma/G_799_RO_.jpg",0,glioma,0,glioma,0.9790242910,0.0077010929,0.0077111153,0.0055634952
678,"/kaggle/input/datasets/arafatrahmann/my-data221/Epic and CSCR hospital Dataset/Train/glioma/G_800_VF_.jpg",0,glioma,0,glioma,0.9801855087,0.0064278422,0.0073344484,0.0060521476
679,"/kaggle/input/datasets/arafatrahmann/my-data221/Epic and CSCR hospital Dataset/Train/glioma/G_801.jpg",0,glioma,1,meningioma,0.4824169278,0.5027567744,0.0055327150,0.0092935925
688,"/kaggle/input/datasets/arafatrahmann/my-data221/Epic and CSCR hospital Dataset/Train/glioma/G_802_DA_.jpg",0,glioma,0,glioma,0.9800728559,0.0054267650,0.0089881811,0.0055122217
695,"/kaggle/input/datasets/arafatrahmann/my-data221/Epic and CSCR hospital Dataset/Train/glioma/G_803_DA_.jpg",0,glioma,0,glioma,0.9795331955,0.0058794916,0.0092521710,0.0053351051
701,"/kaggle/input/datasets/arafatrahmann/my-data221/Epic and CSCR hospital Dataset/Train/glioma/G_804_BR_.jpg",0,glioma,0,glioma,0.9784434438,0.0080182431,0.0085730692,0.0049651964
707,"/kaggle/input/datasets/arafatrahmann/my-data221/Epic and CSCR hospital Dataset/Train/glioma/G_805.jpg",0,glioma,0,glioma,0.9801012874,0.0067056022,0.0079826862,0.0052104918
714,"/kaggle/input/datasets/arafatrahmann/my-data221/Epic and CSCR hospital Dataset/Train/glioma/G_806.jpg",0,glioma,0,glioma,0.9788988233,0.0069053820,0.0088577438,0.0053381794
715,"/kaggle/input/datasets/arafatrahmann/my-data221/Epic and CSCR hospital Dataset/Train/glioma/G_806_BR_.jpg",0,glioma,0,glioma,0.9780227542,0.0077165337,0.0091897147,0.0050708945
716,"/kaggle/input/datasets/arafatrahmann/my-data221/Epic and CSCR hospital Dataset/Train/glioma/G_806_DA_.jpg",0,glioma,0,glioma,0.9782392383,0.0062068617,0.0099151023,0.0056387587
722,"/kaggle/input/datasets/arafatrahmann/my-data221/Epic and CSCR hospital Dataset/Train/glioma/G_807_BR_.jpg",0,glioma,0,glioma,0.9792011976,0.0072292862,0.0086450791,0.0049244598
727,"/kaggle/input/datasets/arafatrahmann/my-data221/Epic and CSCR hospital Dataset/Train/glioma/G_807_VF_.jpg",0,glioma,0,glioma,0.9794241190,0.0075297891,0.0075147212,0.0055313394
732,"/kaggle/input/datasets/arafatrahmann/my-data221/Epic and CSCR hospital Dataset/Train/glioma/G_808_RO_.jpg",0,glioma,0,glioma,0.9782260060,0.0053193597,0.0113945380,0.0050600665
735,"/kaggle/input/datasets/arafatrahmann/my-data221/Epic and CSCR hospital Dataset/Train/glioma/G_809.jpg",0,glioma,0,glioma,0.9794636965,0.0069831372,0.0083055515,0.0052477610
736,"/kaggle/input/datasets/arafatrahmann/my-data221/Epic and CSCR hospital Dataset/Train/glioma/G_809_BR_.jpg",0,glioma,0,glioma,0.9780701399,0.0079572620,0.0088628400,0.0051097521
737,"/kaggle/input/datasets/arafatrahmann/my-data221/Epic and CSCR hospital Dataset/Train/glioma/G_809_DA_.jpg",0,glioma,0,glioma,0.9799309969,0.0054254490,0.0091054812,0.0055380967
744,"/kaggle/input/datasets/arafatrahmann/my-data221/Epic and CSCR hospital Dataset/Train/glioma/G_810_DA_.jpg",0,glioma,0,glioma,0.9796779752,0.0053606317,0.0094653815,0.0054961238
753,"/kaggle/input/datasets/arafatrahmann/my-data221/Epic and CSCR hospital Dataset/Train/glioma/G_811_RO_.jpg",0,glioma,0,glioma,0.9789010286,0.0067628762,0.0093201743,0.0050159064
759,"/kaggle/input/datasets/arafatrahmann/my-data221/Epic and CSCR hospital Dataset/Train/glioma/G_812_HF_.jpg",0,glioma,0,glioma,0.9700518847,0.0130869122,0.0077173724,0.0091438945
763,"/kaggle/input/datasets/arafatrahmann/my-data221/Epic and CSCR hospital Dataset/Train/glioma/G_813.jpg",0,glioma,0,glioma,0.9809009433,0.0057657687,0.0076308427,0.0057024611
790,"/kaggle/input/datasets/arafatrahmann/my-data221/Epic and CSCR hospital Dataset/Train/glioma/G_816_VF_.jpg",0,glioma,0,glioma,0.9797698259,0.0066166194,0.0078235688,0.0057899840
791,"/kaggle/input/datasets/arafatrahmann/my-data221/Epic and CSCR hospital Dataset/Train/glioma/G_817.jpg",0,glioma,0,glioma,0.9780315161,0.0081378296,0.0085708974,0.0052597509
794,"/kaggle/input/datasets/arafatrahmann/my-data221/Epic and CSCR hospital Dataset/Train/glioma/G_817_HF_.jpg",0,glioma,0,glioma,0.9770461917,0.0083848070,0.0093113128,0.0052577043
798,"/kaggle/input/datasets/arafatrahmann/my-data221/Epic and CSCR hospital Dataset/Train/glioma/G_818.jpg",0,glioma,0,glioma,0.9791030884,0.0068801544,0.0087639941,0.0052526984
817,"/kaggle/input/datasets/arafatrahmann/my-data221/Epic and CSCR hospital Dataset/Train/glioma/G_820_SP_.jpg",0,glioma,0,glioma,0.9787957072,0.0077570914,0.0078823678,0.0055647464
819,"/kaggle/input/datasets/arafatrahmann/my-data221/Epic and CSCR hospital Dataset/Train/glioma/G_821.jpg",0,glioma,0,glioma,0.9771915674,0.0078950850,0.0096141323,0.0052992962
822,"/kaggle/input/datasets/arafatrahmann/my-data221/Epic and CSCR hospital Dataset/Train/glioma/G_821_HF_.jpg",0,glioma,0,glioma,0.9780033827,0.0079267789,0.0089068394,0.0051629650
828,"/kaggle/input/datasets/arafatrahmann/my-data221/Epic and CSCR hospital Dataset/Train/glioma/G_822_DA_.jpg",0,glioma,0,glioma,0.9789062738,0.0062621087,0.0097027533,0.0051288703
830,"/kaggle/input/datasets/arafatrahmann/my-data221/Epic and CSCR hospital Dataset/Train/glioma/G_822_RO_.jpg",0,glioma,0,glioma,0.9784227610,0.0078698369,0.0084423861,0.0052650524
831,"/kaggle/input/datasets/arafatrahmann/my-data221/Epic and CSCR hospital Dataset/Train/glioma/G_822_SP_.jpg",0,glioma,0,glioma,0.9773551822,0.0089495154,0.0078175291,0.0058777975
834,"/kaggle/input/datasets/arafatrahmann/my-data221/Epic and CSCR hospital Dataset/Train/glioma/G_823_BR_.jpg",0,glioma,0,glioma,0.9782067537,0.0082964757,0.0089318044,0.0045649013
835,"/kaggle/input/datasets/arafatrahmann/my-data221/Epic and CSCR hospital Dataset/Train/glioma/G_823_DA_.jpg",0,glioma,0,glioma,0.9783139229,0.0076156021,0.0089075882,0.0051628496
846,"/kaggle/input/datasets/arafatrahmann/my-data221/Epic and CSCR hospital Dataset/Train/glioma/G_824_VF_.jpg",0,glioma,0,glioma,0.9799121618,0.0060600443,0.0079843728,0.0060433829
848,"/kaggle/input/datasets/arafatrahmann/my-data221/Epic and CSCR hospital Dataset/Train/glioma/G_825_BR_.jpg",0,glioma,0,glioma,0.9766434431,0.0076664435,0.0105133271,0.0051768157
854,"/kaggle/input/datasets/arafatrahmann/my-data221/Epic and CSCR hospital Dataset/Train/glioma/G_826.jpg",0,glioma,0,glioma,0.9808275104,0.0061226720,0.0073847072,0.0056650601
862,"/kaggle/input/datasets/arafatrahmann/my-data221/Epic and CSCR hospital Dataset/Train/glioma/G_827_BR_.jpg",0,glioma,0,glioma,0.9757353067,0.0069661974,0.0120808203,0.0052177636
870,"/kaggle/input/datasets/arafatrahmann/my-data221/Epic and CSCR hospital Dataset/Train/glioma/G_828_DA_.jpg",0,glioma,0,glioma,0.9785202742,0.0050769732,0.0107659297,0.0056368429
877,"/kaggle/input/datasets/arafatrahmann/my-data221/Epic and CSCR hospital Dataset/Train/glioma/G_829_DA_.jpg",0,glioma,0,glioma,0.9785748720,0.0047417334,0.0109335734,0.0057497788
886,"/kaggle/input/datasets/arafatrahmann/my-data221/Epic and CSCR hospital Dataset/Train/glioma/G_830_RO_.jpg",0,glioma,0,glioma,0.9799337387,0.0055626743,0.0088821584,0.0056215157
892,"/kaggle/input/datasets/arafatrahmann/my-data221/Epic and CSCR hospital Dataset/Train/glioma/G_831_HF_.jpg",0,glioma,0,glioma,0.9782393575,0.0070294528,0.0092536826,0.0054775202
894,"/kaggle/input/datasets/arafatrahmann/my-data221/Epic and CSCR hospital Dataset/Train/glioma/G_831_SP_.jpg",0,glioma,0,glioma,0.9804340601,0.0063497545,0.0073914872,0.0058247559
913,"/kaggle/input/datasets/arafatrahmann/my-data221/Epic and CSCR hospital Dataset/Train/glioma/G_834_HF_.jpg",0,glioma,0,glioma,0.9794893265,0.0064385519,0.0090235015,0.0050485991
921,"/kaggle/input/datasets/arafatrahmann/my-data221/Epic and CSCR hospital Dataset/Train/glioma/G_835_RO_.jpg",0,glioma,0,glioma,0.9791173935,0.0059013548,0.0098323608,0.0051488532
931,"/kaggle/input/datasets/arafatrahmann/my-data221/Epic and CSCR hospital Dataset/Train/glioma/G_837.jpg",0,glioma,0,glioma,0.9790552258,0.0062241782,0.0094335955,0.0052869632
940,"/kaggle/input/datasets/arafatrahmann/my-data221/Epic and CSCR hospital Dataset/Train/glioma/G_838_DA_.jpg",0,glioma,0,glioma,0.9793981314,0.0053455560,0.0098951226,0.0053611584
945,"/kaggle/input/datasets/arafatrahmann/my-data221/Epic and CSCR hospital Dataset/Train/glioma/G_839.jpg",0,glioma,0,glioma,0.9776452184,0.0079119606,0.0085552521,0.0058876229
947,"/kaggle/input/datasets/arafatrahmann/my-data221/Epic and CSCR hospital Dataset/Train/glioma/G_839_DA_.jpg",0,glioma,0,glioma,0.9786995053,0.0058277766,0.0102684693,0.0052042487
959,"/kaggle/input/datasets/arafatrahmann/my-data221/Epic and CSCR hospital Dataset/Train/glioma/G_841.jpg",0,glioma,0,glioma,0.9800339937,0.0068827486,0.0074371891,0.0056461175
960,"/kaggle/input/datasets/arafatrahmann/my-data221/Epic and CSCR hospital Dataset/Train/glioma/G_841_BR_.jpg",0,glioma,0,glioma,0.9722819328,0.0125788646,0.0098361168,0.0053030159
974,"/kaggle/input/datasets/arafatrahmann/my-data221/Epic and CSCR hospital Dataset/Train/glioma/G_843_BR_.jpg",0,glioma,0,glioma,0.9796983004,0.0062216027,0.0091672046,0.0049129114
993,"/kaggle/input/datasets/arafatrahmann/my-data221/Epic and CSCR hospital Dataset/Train/glioma/G_845_VF_.jpg",0,glioma,0,glioma,0.9771233797,0.0088083055,0.0085225981,0.0055457330
995,"/kaggle/input/datasets/arafatrahmann/my-data221/Epic and CSCR hospital Dataset/Train/glioma/G_846_BR_.jpg",0,glioma,0,glioma,0.9783062935,0.0076312190,0.0093631241,0.0046993769
996,"/kaggle/input/datasets/arafatrahmann/my-data221/Epic and CSCR hospital Dataset/Train/glioma/G_846_DA_.jpg",0,glioma,0,glioma,0.9777227640,0.0078224111,0.0092344563,0.0052204067
1001,"/kaggle/input/datasets/arafatrahmann/my-data221/Epic and CSCR hospital Dataset/Train/glioma/G_847.jpg",0,glioma,0,glioma,0.9772363901,0.0087786522,0.0089105070,0.0050744871
1006,"/kaggle/input/datasets/arafatrahmann/my-data221/Epic and CSCR hospital Dataset/Train/glioma/G_847_SP_.jpg",0,glioma,0,glioma,0.9788770676,0.0062226737,0.0095413355,0.0053589400
1010,"/kaggle/input/datasets/arafatrahmann/my-data221/Epic and CSCR hospital Dataset/Train/glioma/G_848_DA_.jpg",0,glioma,0,glioma,0.9738250971,0.0035450445,0.0154146198,0.0072152703
1012,"/kaggle/input/datasets/arafatrahmann/my-data221/Epic and CSCR hospital Dataset/Train/glioma/G_848_RO_.jpg",0,glioma,0,glioma,0.9793949127,0.0051902300,0.0093788095,0.0060359612
1014,"/kaggle/input/datasets/arafatrahmann/my-data221/Epic and CSCR hospital Dataset/Train/glioma/G_848_VF_.jpg",0,glioma,0,glioma,0.9807678461,0.0043329662,0.0085230283,0.0063761687
1017,"/kaggle/input/datasets/arafatrahmann/my-data221/Epic and CSCR hospital Dataset/Train/glioma/G_849_DA_.jpg",0,glioma,0,glioma,0.9794410467,0.0057422575,0.0093096923,0.0055069951
1018,"/kaggle/input/datasets/arafatrahmann/my-data221/Epic and CSCR hospital Dataset/Train/glioma/G_849_HF_.jpg",0,glioma,0,glioma,0.9794615507,0.0060509676,0.0090687266,0.0054187533
1019,"/kaggle/input/datasets/arafatrahmann/my-data221/Epic and CSCR hospital Dataset/Train/glioma/G_849_RO_.jpg",0,glioma,0,glioma,0.9787353277,0.0049585351,0.0109435413,0.0053625992
1023,"/kaggle/input/datasets/arafatrahmann/my-data221/Epic and CSCR hospital Dataset/Train/glioma/G_850_BR_.jpg",0,glioma,0,glioma,0.9741209745,0.0086219218,0.0111148311,0.0061423010
1026,"/kaggle/input/datasets/arafatrahmann/my-data221/Epic and CSCR hospital Dataset/Train/glioma/G_850_RO_.jpg",0,glioma,0,glioma,0.9801046252,0.0054601827,0.0082367305,0.0061985049
1027,"/kaggle/input/datasets/arafatrahmann/my-data221/Epic and CSCR hospital Dataset/Train/glioma/G_850_SP_.jpg",0,glioma,0,glioma,0.9800561666,0.0068716058,0.0069711441,0.0061011044
1029,"/kaggle/input/datasets/arafatrahmann/my-data221/Epic and CSCR hospital Dataset/Train/glioma/G_851.jpg",0,glioma,0,glioma,0.9806498289,0.0062633120,0.0072778114,0.0058090566
1030,"/kaggle/input/datasets/arafatrahmann/my-data221/Epic and CSCR hospital Dataset/Train/glioma/G_851_BR_.jpg",0,glioma,0,glioma,0.9736059308,0.0123183029,0.0087229628,0.0053528147
1031,"/kaggle/input/datasets/arafatrahmann/my-data221/Epic and CSCR hospital Dataset/Train/glioma/G_851_DA_.jpg",0,glioma,0,glioma,0.9787812233,0.0064747436,0.0090389457,0.0057050479
1032,"/kaggle/input/datasets/arafatrahmann/my-data221/Epic and CSCR hospital Dataset/Train/glioma/G_851_HF_.jpg",0,glioma,0,glioma,0.9790352583,0.0074486635,0.0077289222,0.0057871337
1035,"/kaggle/input/datasets/arafatrahmann/my-data221/Epic and CSCR hospital Dataset/Train/glioma/G_851_VF_.jpg",0,glioma,0,glioma,0.9789004326,0.0073356717,0.0075736428,0.0061903102
1041,"/kaggle/input/datasets/arafatrahmann/my-data221/Epic and CSCR hospital Dataset/Train/glioma/G_852_SP_.jpg",0,glioma,0,glioma,0.9803997278,0.0069331378,0.0067135668,0.0059536765
1052,"/kaggle/input/datasets/arafatrahmann/my-data221/Epic and CSCR hospital Dataset/Train/glioma/G_854_DA_.jpg",0,glioma,0,glioma,0.9806731343,0.0055347807,0.0085863043,0.0052058874
1053,"/kaggle/input/datasets/arafatrahmann/my-data221/Epic and CSCR hospital Dataset/Train/glioma/G_854_HF_.jpg",0,glioma,0,glioma,0.9787958860,0.0079077343,0.0078292098,0.0054671438
1060,"/kaggle/input/datasets/arafatrahmann/my-data221/Epic and CSCR hospital Dataset/Train/glioma/G_855_HF_.jpg",0,glioma,0,glioma,0.9795904160,0.0056623444,0.0087064113,0.0060408488
1064,"/kaggle/input/datasets/arafatrahmann/my-data221/Epic and CSCR hospital Dataset/Train/glioma/G_856.jpg",0,glioma,0,glioma,0.9791215658,0.0076652043,0.0079209525,0.0052922834
1067,"/kaggle/input/datasets/arafatrahmann/my-data221/Epic and CSCR hospital Dataset/Train/glioma/G_856_HF_.jpg",0,glioma,0,glioma,0.9784132242,0.0080129523,0.0082461517,0.0053277165
1072,"/kaggle/input/datasets/arafatrahmann/my-data221/Epic and CSCR hospital Dataset/Train/glioma/G_857_BR_.jpg",0,glioma,0,glioma,0.9748538733,0.0107846688,0.0091173351,0.0052440427
1073,"/kaggle/input/datasets/arafatrahmann/my-data221/Epic and CSCR hospital Dataset/Train/glioma/G_857_DA_.jpg",0,glioma,0,glioma,0.9778448343,0.0053523639,0.0112941125,0.0055088555
1086,"/kaggle/input/datasets/arafatrahmann/my-data221/Epic and CSCR hospital Dataset/Train/glioma/G_859_BR_.jpg",0,glioma,0,glioma,0.9787836075,0.0077250251,0.0087052295,0.0047861375
1088,"/kaggle/input/datasets/arafatrahmann/my-data221/Epic and CSCR hospital Dataset/Train/glioma/G_859_HF_.jpg",0,glioma,0,glioma,0.9790719748,0.0070845052,0.0087399986,0.0051034489
1092,"/kaggle/input/datasets/arafatrahmann/my-data221/Epic and CSCR hospital Dataset/Train/glioma/G_85_RO_.jpg",0,glioma,0,glioma,0.9783309698,0.0073267431,0.0087523665,0.0055899769
1095,"/kaggle/input/datasets/arafatrahmann/my-data221/Epic and CSCR hospital Dataset/Train/glioma/G_86.jpg",0,glioma,0,glioma,0.9793540835,0.0075966446,0.0077043823,0.0053447606
1098,"/kaggle/input/datasets/arafatrahmann/my-data221/Epic and CSCR hospital Dataset/Train/glioma/G_860_DA_.jpg",0,glioma,0,glioma,0.9782958031,0.0042429846,0.0115850521,0.0058762245
1117,"/kaggle/input/datasets/arafatrahmann/my-data221/Epic and CSCR hospital Dataset/Train/glioma/G_863.jpg",0,glioma,0,glioma,0.9802507162,0.0068989694,0.0072578108,0.0055924384
1126,"/kaggle/input/datasets/arafatrahmann/my-data221/Epic and CSCR hospital Dataset/Train/glioma/G_864_DA_.jpg",0,glioma,0,glioma,0.9795483351,0.0051273354,0.0097209811,0.0056032655
1127,"/kaggle/input/datasets/arafatrahmann/my-data221/Epic and CSCR hospital Dataset/Train/glioma/G_864_HF_.jpg",0,glioma,0,glioma,0.9797795415,0.0067516007,0.0077255680,0.0057433168
1128,"/kaggle/input/datasets/arafatrahmann/my-data221/Epic and CSCR hospital Dataset/Train/glioma/G_864_RO_.jpg",0,glioma,0,glioma,0.9791613817,0.0077955103,0.0071922103,0.0058509903
1129,"/kaggle/input/datasets/arafatrahmann/my-data221/Epic and CSCR hospital Dataset/Train/glioma/G_864_SP_.jpg",0,glioma,0,glioma,0.9781006575,0.0077604493,0.0076342574,0.0065046386
1132,"/kaggle/input/datasets/arafatrahmann/my-data221/Epic and CSCR hospital Dataset/Train/glioma/G_865_BR_.jpg",0,glioma,0,glioma,0.9695865512,0.0170845799,0.0078609344,0.0054678889
1143,"/kaggle/input/datasets/arafatrahmann/my-data221/Epic and CSCR hospital Dataset/Train/glioma/G_866_SP_.jpg",0,glioma,0,glioma,0.9790270925,0.0078936163,0.0065587917,0.0065205558
1154,"/kaggle/input/datasets/arafatrahmann/my-data221/Epic and CSCR hospital Dataset/Train/glioma/G_868_DA_.jpg",0,glioma,0,glioma,0.9790145755,0.0049160561,0.0093997736,0.0066695563
1160,"/kaggle/input/datasets/arafatrahmann/my-data221/Epic and CSCR hospital Dataset/Train/glioma/G_869_BR_.jpg",0,glioma,0,glioma,0.9693926573,0.0125190616,0.0123536661,0.0057345978
1161,"/kaggle/input/datasets/arafatrahmann/my-data221/Epic and CSCR hospital Dataset/Train/glioma/G_869_DA_.jpg",0,glioma,0,glioma,0.9772807956,0.0050793653,0.0116666658,0.0059731635
1182,"/kaggle/input/datasets/arafatrahmann/my-data221/Epic and CSCR hospital Dataset/Train/glioma/G_871_DA_.jpg",0,glioma,0,glioma,0.9709277153,0.0130881816,0.0105320420,0.0054520466
1186,"/kaggle/input/datasets/arafatrahmann/my-data221/Epic and CSCR hospital Dataset/Train/glioma/G_871_VF_.jpg",0,glioma,0,glioma,0.9724124074,0.0127709089,0.0091901766,0.0056265881
1188,"/kaggle/input/datasets/arafatrahmann/my-data221/Epic and CSCR hospital Dataset/Train/glioma/G_872_BR_.jpg",0,glioma,0,glioma,0.9750281572,0.0102922246,0.0095453840,0.0051342687
1195,"/kaggle/input/datasets/arafatrahmann/my-data221/Epic and CSCR hospital Dataset/Train/glioma/G_873_BR_.jpg",0,glioma,0,glioma,0.9769177437,0.0093404111,0.0086128572,0.0051290886
1199,"/kaggle/input/datasets/arafatrahmann/my-data221/Epic and CSCR hospital Dataset/Train/glioma/G_873_SP_.jpg",0,glioma,0,glioma,0.9811002612,0.0059285779,0.0070204302,0.0059507424
1208,"/kaggle/input/datasets/arafatrahmann/my-data221/Epic and CSCR hospital Dataset/Train/glioma/G_875.jpg",0,glioma,0,glioma,0.9792459607,0.0056685018,0.0092688613,0.0058166170
1209,"/kaggle/input/datasets/arafatrahmann/my-data221/Epic and CSCR hospital Dataset/Train/glioma/G_875_BR_.jpg",0,glioma,0,glioma,0.9679124951,0.0091530988,0.0179123227,0.0050220704
1216,"/kaggle/input/datasets/arafatrahmann/my-data221/Epic and CSCR hospital Dataset/Train/glioma/G_876_BR_.jpg",0,glioma,0,glioma,0.9737740755,0.0105439229,0.0101008518,0.0055811019
1218,"/kaggle/input/datasets/arafatrahmann/my-data221/Epic and CSCR hospital Dataset/Train/glioma/G_876_HF_.jpg",0,glioma,0,glioma,0.9778901935,0.0070457407,0.0089238109,0.0061402237
1222,"/kaggle/input/datasets/arafatrahmann/my-data221/Epic and CSCR hospital Dataset/Train/glioma/G_877.jpg",0,glioma,0,glioma,0.9798253179,0.0067656315,0.0075240359,0.0058850385
1224,"/kaggle/input/datasets/arafatrahmann/my-data221/Epic and CSCR hospital Dataset/Train/glioma/G_877_DA_.jpg",0,glioma,0,glioma,0.9801530838,0.0052077272,0.0092885215,0.0053506503
1235,"/kaggle/input/datasets/arafatrahmann/my-data221/Epic and CSCR hospital Dataset/Train/glioma/G_878_VF_.jpg",0,glioma,0,glioma,0.9802354574,0.0059343176,0.0080372682,0.0057929088
1239,"/kaggle/input/datasets/arafatrahmann/my-data221/Epic and CSCR hospital Dataset/Train/glioma/G_879_HF_.jpg",0,glioma,0,glioma,0.9787722826,0.0074380180,0.0083421934,0.0054475088
1242,"/kaggle/input/datasets/arafatrahmann/my-data221/Epic and CSCR hospital Dataset/Train/glioma/G_879_VF_.jpg",0,glioma,0,glioma,0.9780572653,0.0065033110,0.0101168742,0.0053224815
1243,"/kaggle/input/datasets/arafatrahmann/my-data221/Epic and CSCR hospital Dataset/Train/glioma/G_87_BR_.jpg",0,glioma,0,glioma,0.9743595123,0.0101521481,0.0097971400,0.0056912145
1246,"/kaggle/input/datasets/arafatrahmann/my-data221/Epic and CSCR hospital Dataset/Train/glioma/G_87_RO_.jpg",0,glioma,0,glioma,0.9769766927,0.0083190799,0.0087315179,0.0059726881
1247,"/kaggle/input/datasets/arafatrahmann/my-data221/Epic and CSCR hospital Dataset/Train/glioma/G_87_SP_.jpg",0,glioma,0,glioma,0.9795995951,0.0069518895,0.0075054555,0.0059430618
1260,"/kaggle/input/datasets/arafatrahmann/my-data221/Epic and CSCR hospital Dataset/Train/glioma/G_881_HF_.jpg",0,glioma,0,glioma,0.9784984589,0.0078375544,0.0082607996,0.0054032370
1265,"/kaggle/input/datasets/arafatrahmann/my-data221/Epic and CSCR hospital Dataset/Train/glioma/G_882_BR_.jpg",0,glioma,0,glioma,0.9756700397,0.0111922603,0.0079594385,0.0051782755
1266,"/kaggle/input/datasets/arafatrahmann/my-data221/Epic and CSCR hospital Dataset/Train/glioma/G_882_DA_.jpg",0,glioma,0,glioma,0.9786059260,0.0056361873,0.0105427867,0.0052150344
1270,"/kaggle/input/datasets/arafatrahmann/my-data221/Epic and CSCR hospital Dataset/Train/glioma/G_882_VF_.jpg",0,glioma,0,glioma,0.9722701907,0.0123330345,0.0092931930,0.0061035985
1274,"/kaggle/input/datasets/arafatrahmann/my-data221/Epic and CSCR hospital Dataset/Train/glioma/G_883_HF_.jpg",0,glioma,0,glioma,0.9781173468,0.0083910674,0.0081878593,0.0053036939
1281,"/kaggle/input/datasets/arafatrahmann/my-data221/Epic and CSCR hospital Dataset/Train/glioma/G_884_HF_.jpg",0,glioma,0,glioma,0.9797010422,0.0068206852,0.0079713110,0.0055069779
1282,"/kaggle/input/datasets/arafatrahmann/my-data221/Epic and CSCR hospital Dataset/Train/glioma/G_884_RO_.jpg",0,glioma,0,glioma,0.9790945053,0.0061707254,0.0095097162,0.0052251155
1293,"/kaggle/input/datasets/arafatrahmann/my-data221/Epic and CSCR hospital Dataset/Train/glioma/G_886_BR_.jpg",0,glioma,0,glioma,0.9806699753,0.0056680948,0.0087597966,0.0049020415
1297,"/kaggle/input/datasets/arafatrahmann/my-data221/Epic and CSCR hospital Dataset/Train/glioma/G_886_SP_.jpg",0,glioma,0,glioma,0.9808257222,0.0066257678,0.0071228566,0.0054256888
1298,"/kaggle/input/datasets/arafatrahmann/my-data221/Epic and CSCR hospital Dataset/Train/glioma/G_886_VF_.jpg",0,glioma,0,glioma,0.9784716368,0.0067770695,0.0098893763,0.0048618619
1302,"/kaggle/input/datasets/arafatrahmann/my-data221/Epic and CSCR hospital Dataset/Train/glioma/G_887_HF_.jpg",0,glioma,0,glioma,0.9776991606,0.0072987811,0.0092066228,0.0057953415
1305,"/kaggle/input/datasets/arafatrahmann/my-data221/Epic and CSCR hospital Dataset/Train/glioma/G_887_VF_.jpg",0,glioma,0,glioma,0.9775272608,0.0077420934,0.0085716192,0.0061590364
1306,"/kaggle/input/datasets/arafatrahmann/my-data221/Epic and CSCR hospital Dataset/Train/glioma/G_888.jpg",0,glioma,0,glioma,0.9800623655,0.0068068588,0.0078521986,0.0052785343
1307,"/kaggle/input/datasets/arafatrahmann/my-data221/Epic and CSCR hospital Dataset/Train/glioma/G_888_BR_.jpg",0,glioma,0,glioma,0.9777179956,0.0089491419,0.0083098244,0.0050230836
1311,"/kaggle/input/datasets/arafatrahmann/my-data221/Epic and CSCR hospital Dataset/Train/glioma/G_888_SP_.jpg",0,glioma,0,glioma,0.9797596931,0.0072436510,0.0073433169,0.0056532742
1320,"/kaggle/input/datasets/arafatrahmann/my-data221/Epic and CSCR hospital Dataset/Train/glioma/G_88_BR_.jpg",0,glioma,0,glioma,0.9795286059,0.0074886568,0.0078927428,0.0050899582
1321,"/kaggle/input/datasets/arafatrahmann/my-data221/Epic and CSCR hospital Dataset/Train/glioma/G_88_DA_.jpg",0,glioma,0,glioma,0.9802624583,0.0052259536,0.0092888456,0.0052227546
1322,"/kaggle/input/datasets/arafatrahmann/my-data221/Epic and CSCR hospital Dataset/Train/glioma/G_88_HF_.jpg",0,glioma,0,glioma,0.9803786278,0.0065043173,0.0078861443,0.0052308985
1323,"/kaggle/input/datasets/arafatrahmann/my-data221/Epic and CSCR hospital Dataset/Train/glioma/G_88_RO_.jpg",0,glioma,0,glioma,0.9796887636,0.0070739137,0.0079334322,0.0053038588
1326,"/kaggle/input/datasets/arafatrahmann/my-data221/Epic and CSCR hospital Dataset/Train/glioma/G_89.jpg",0,glioma,0,glioma,0.9810124636,0.0062024416,0.0075797206,0.0052054739
1327,"/kaggle/input/datasets/arafatrahmann/my-data221/Epic and CSCR hospital Dataset/Train/glioma/G_890.jpg",0,glioma,0,glioma,0.9810321927,0.0056631630,0.0078572314,0.0054474212
1331,"/kaggle/input/datasets/arafatrahmann/my-data221/Epic and CSCR hospital Dataset/Train/glioma/G_890_RO_.jpg",0,glioma,0,glioma,0.9793412089,0.0061501455,0.0090419371,0.0054667117
1335,"/kaggle/input/datasets/arafatrahmann/my-data221/Epic and CSCR hospital Dataset/Train/glioma/G_891_BR_.jpg",0,glioma,0,glioma,0.9748938680,0.0109390095,0.0090992246,0.0050678924
1338,"/kaggle/input/datasets/arafatrahmann/my-data221/Epic and CSCR hospital Dataset/Train/glioma/G_891_RO_.jpg",0,glioma,0,glioma,0.9799097180,0.0066547925,0.0082599893,0.0051755188
1346,"/kaggle/input/datasets/arafatrahmann/my-data221/Epic and CSCR hospital Dataset/Train/glioma/Te-gl_0057.jpg",0,glioma,0,glioma,0.9789973497,0.0066885268,0.0087603834,0.0055538332
1357,"/kaggle/input/datasets/arafatrahmann/my-data221/Epic and CSCR hospital Dataset/Train/glioma/Te-gl_0068.jpg",0,glioma,0,glioma,0.9774695635,0.0083900616,0.0089715170,0.0051689893
1364,"/kaggle/input/datasets/arafatrahmann/my-data221/Epic and CSCR hospital Dataset/Train/glioma/Te-gl_0075.jpg",0,glioma,0,glioma,0.9800171852,0.0056253299,0.0086938329,0.0056636175
1365,"/kaggle/input/datasets/arafatrahmann/my-data221/Epic and CSCR hospital Dataset/Train/glioma/Te-gl_0076.jpg",0,glioma,0,glioma,0.9804251790,0.0053960336,0.0086690243,0.0055097439
1378,"/kaggle/input/datasets/arafatrahmann/my-data221/Epic and CSCR hospital Dataset/Train/glioma/Te-gl_0089.jpg",0,glioma,0,glioma,0.9789471626,0.0063180788,0.0086641246,0.0060705990
1383,"/kaggle/input/datasets/arafatrahmann/my-data221/Epic and CSCR hospital Dataset/Train/glioma/Te-gl_0094.jpg",0,glioma,0,glioma,0.7656385303,0.0120488014,0.0804860815,0.1418265998
1385,"/kaggle/input/datasets/arafatrahmann/my-data221/Epic and CSCR hospital Dataset/Train/glioma/Te-gl_0096.jpg",0,glioma,0,glioma,0.9807351232,0.0052317441,0.0083704526,0.0056627383
1387,"/kaggle/input/datasets/arafatrahmann/my-data221/Epic and CSCR hospital Dataset/Train/glioma/Te-gl_0098.jpg",0,glioma,0,glioma,0.9792929888,0.0055502844,0.0097411023,0.0054155728
1400,"/kaggle/input/datasets/arafatrahmann/my-data221/Epic and CSCR hospital Dataset/Train/glioma/Te-gl_0112.jpg",0,glioma,0,glioma,0.9797626734,0.0068351543,0.0082159275,0.0051862365
1403,"/kaggle/input/datasets/arafatrahmann/my-data221/Epic and CSCR hospital Dataset/Train/glioma/Te-gl_0115.jpg",0,glioma,0,glioma,0.9793670774,0.0065401159,0.0078341756,0.0062586353
1406,"/kaggle/input/datasets/arafatrahmann/my-data221/Epic and CSCR hospital Dataset/Train/glioma/Te-gl_0118.jpg",0,glioma,0,glioma,0.9781489372,0.0080667743,0.0084874313,0.0052968925
1407,"/kaggle/input/datasets/arafatrahmann/my-data221/Epic and CSCR hospital Dataset/Train/glioma/Te-gl_0119.jpg",0,glioma,0,glioma,0.9802715182,0.0058664000,0.0078948503,0.0059672277
1408,"/kaggle/input/datasets/arafatrahmann/my-data221/Epic and CSCR hospital Dataset/Train/glioma/Te-gl_0120.jpg",0,glioma,0,glioma,0.9803296924,0.0062163412,0.0082701789,0.0051838765
1415,"/kaggle/input/datasets/arafatrahmann/my-data221/Epic and CSCR hospital Dataset/Train/glioma/Te-gl_0127.jpg",0,glioma,0,glioma,0.9780086279,0.0077910786,0.0088785831,0.0053216852
1416,"/kaggle/input/datasets/arafatrahmann/my-data221/Epic and CSCR hospital Dataset/Train/glioma/Te-gl_0128.jpg",0,glioma,0,glioma,0.9797695875,0.0071901716,0.0077958168,0.0052444711
1421,"/kaggle/input/datasets/arafatrahmann/my-data221/Epic and CSCR hospital Dataset/Train/glioma/Te-gl_0133.jpg",0,glioma,0,glioma,0.9792116880,0.0064408490,0.0087870453,0.0055603744
1438,"/kaggle/input/datasets/arafatrahmann/my-data221/Epic and CSCR hospital Dataset/Train/glioma/Te-gl_0150.jpg",0,glioma,0,glioma,0.9788306355,0.0081669725,0.0075455820,0.0054569179
1447,"/kaggle/input/datasets/arafatrahmann/my-data221/Epic and CSCR hospital Dataset/Train/glioma/Te-gl_0159.jpg",0,glioma,0,glioma,0.9658713341,0.0190621484,0.0092138024,0.0058527072
1450,"/kaggle/input/datasets/arafatrahmann/my-data221/Epic and CSCR hospital Dataset/Train/glioma/Te-gl_0162.jpg",0,glioma,0,glioma,0.9797331095,0.0059197349,0.0090928348,0.0052543590
1451,"/kaggle/input/datasets/arafatrahmann/my-data221/Epic and CSCR hospital Dataset/Train/glioma/Te-gl_0163.jpg",0,glioma,0,glioma,0.9796115160,0.0064949980,0.0088556344,0.0050378991
1452,"/kaggle/input/datasets/arafatrahmann/my-data221/Epic and CSCR hospital Dataset/Train/glioma/Te-gl_0164.jpg",0,glioma,0,glioma,0.9805896878,0.0045869020,0.0067013367,0.0081221722
1455,"/kaggle/input/datasets/arafatrahmann/my-data221/Epic and CSCR hospital Dataset/Train/glioma/Te-gl_0167.jpg",0,glioma,0,glioma,0.9739062190,0.0040436322,0.0153204557,0.0067296894
1465,"/kaggle/input/datasets/arafatrahmann/my-data221/Epic and CSCR hospital Dataset/Train/glioma/Te-gl_0177.jpg",0,glioma,0,glioma,0.9797321558,0.0057023857,0.0089415303,0.0056239860
1473,"/kaggle/input/datasets/arafatrahmann/my-data221/Epic and CSCR hospital Dataset/Train/glioma/Te-gl_0185.jpg",0,glioma,0,glioma,0.9798069000,0.0047455025,0.0084290775,0.0070184567
1475,"/kaggle/input/datasets/arafatrahmann/my-data221/Epic and CSCR hospital Dataset/Train/glioma/Te-gl_0187.jpg",0,glioma,0,glioma,0.9798537493,0.0071245199,0.0072982297,0.0057234974
1476,"/kaggle/input/datasets/arafatrahmann/my-data221/Epic and CSCR hospital Dataset/Train/glioma/Te-gl_0188.jpg",0,glioma,0,glioma,0.9806141853,0.0067677489,0.0073516509,0.0052663842
1478,"/kaggle/input/datasets/arafatrahmann/my-data221/Epic and CSCR hospital Dataset/Train/glioma/Te-gl_0190.jpg",0,glioma,0,glioma,0.9800306559,0.0050712386,0.0085313851,0.0063667670
1486,"/kaggle/input/datasets/arafatrahmann/my-data221/Epic and CSCR hospital Dataset/Train/glioma/Te-gl_0198.jpg",0,glioma,0,glioma,0.9785050154,0.0073558018,0.0086119203,0.0055272384
1491,"/kaggle/input/datasets/arafatrahmann/my-data221/Epic and CSCR hospital Dataset/Train/glioma/Te-gl_0203.jpg",0,glioma,0,glioma,0.9770317078,0.0076697404,0.0102583785,0.0050401026
1495,"/kaggle/input/datasets/arafatrahmann/my-data221/Epic and CSCR hospital Dataset/Train/glioma/Te-gl_0207.jpg",0,glioma,0,glioma,0.9779342413,0.0080162352,0.0086127874,0.0054367399
1499,"/kaggle/input/datasets/arafatrahmann/my-data221/Epic and CSCR hospital Dataset/Train/glioma/Te-gl_0211.jpg",0,glioma,0,glioma,0.9800944328,0.0054963371,0.0078793839,0.0065297978
1506,"/kaggle/input/datasets/arafatrahmann/my-data221/Epic and CSCR hospital Dataset/Train/glioma/Te-gl_0218.jpg",0,glioma,0,glioma,0.9794803858,0.0061850408,0.0084001170,0.0059345094
1510,"/kaggle/input/datasets/arafatrahmann/my-data221/Epic and CSCR hospital Dataset/Train/glioma/Te-gl_0222.jpg",0,glioma,0,glioma,0.9774420857,0.0059833392,0.0101196459,0.0064548505
1518,"/kaggle/input/datasets/arafatrahmann/my-data221/Epic and CSCR hospital Dataset/Train/glioma/Te-gl_0230.jpg",0,glioma,0,glioma,0.9750120044,0.0037841960,0.0094621973,0.0117416009
1520,"/kaggle/input/datasets/arafatrahmann/my-data221/Epic and CSCR hospital Dataset/Train/glioma/Te-gl_0232.jpg",0,glioma,0,glioma,0.9775277376,0.0071866536,0.0096418355,0.0056437710
1525,"/kaggle/input/datasets/arafatrahmann/my-data221/Epic and CSCR hospital Dataset/Train/glioma/Te-gl_0237.jpg",0,glioma,0,glioma,0.9764463305,0.0081097120,0.0086540869,0.0067898021
1528,"/kaggle/input/datasets/arafatrahmann/my-data221/Epic and CSCR hospital Dataset/Train/glioma/Te-gl_0240.jpg",0,glioma,0,glioma,0.9797877073,0.0072510922,0.0076320730,0.0053291037
1530,"/kaggle/input/datasets/arafatrahmann/my-data221/Epic and CSCR hospital Dataset/Train/glioma/Te-gl_0242.jpg",0,glioma,0,glioma,0.9796169996,0.0071544759,0.0078953188,0.0053331810
1533,"/kaggle/input/datasets/arafatrahmann/my-data221/Epic and CSCR hospital Dataset/Train/glioma/Te-gl_0245.jpg",0,glioma,0,glioma,0.9753888249,0.0090123704,0.0100118360,0.0055869622
1534,"/kaggle/input/datasets/arafatrahmann/my-data221/Epic and CSCR hospital Dataset/Train/glioma/Te-gl_0246.jpg",0,glioma,0,glioma,0.9771816134,0.0094176680,0.0079381289,0.0054625706
1536,"/kaggle/input/datasets/arafatrahmann/my-data221/Epic and CSCR hospital Dataset/Train/glioma/Te-gl_0248.jpg",0,glioma,0,glioma,0.9737122655,0.0063986694,0.0132603850,0.0066287429
1537,"/kaggle/input/datasets/arafatrahmann/my-data221/Epic and CSCR hospital Dataset/Train/glioma/Te-gl_0249.jpg",0,glioma,0,glioma,0.9735975266,0.0081407512,0.0123346345,0.0059270561
1540,"/kaggle/input/datasets/arafatrahmann/my-data221/Epic and CSCR hospital Dataset/Train/glioma/Te-gl_0252.jpg",0,glioma,0,glioma,0.9779604673,0.0070976331,0.0088713355,0.0060705151
1550,"/kaggle/input/datasets/arafatrahmann/my-data221/Epic and CSCR hospital Dataset/Train/glioma/Te-gl_0284.jpg",0,glioma,0,glioma,0.9767125249,0.0092697134,0.0087639149,0.0052537946
1557,"/kaggle/input/datasets/arafatrahmann/my-data221/Epic and CSCR hospital Dataset/Train/glioma/Te-gl_0291.jpg",0,glioma,0,glioma,0.9782635570,0.0075167506,0.0086359698,0.0055837003
1566,"/kaggle/input/datasets/arafatrahmann/my-data221/Epic and CSCR hospital Dataset/Train/glioma/Tr-gl_0028.jpg",0,glioma,0,glioma,0.9799989462,0.0058677336,0.0082575316,0.0058757961
1569,"/kaggle/input/datasets/arafatrahmann/my-data221/Epic and CSCR hospital Dataset/Train/glioma/Tr-gl_0031.jpg",0,glioma,0,glioma,0.9804717302,0.0060376814,0.0082938019,0.0051968386
1571,"/kaggle/input/datasets/arafatrahmann/my-data221/Epic and CSCR hospital Dataset/Train/glioma/Tr-gl_0033.jpg",0,glioma,0,glioma,0.9781720042,0.0067339912,0.0098001966,0.0052937707
1573,"/kaggle/input/datasets/arafatrahmann/my-data221/Epic and CSCR hospital Dataset/Train/glioma/Tr-gl_0035.jpg",0,glioma,0,glioma,0.9770539403,0.0078674080,0.0099022184,0.0051764557
1576,"/kaggle/input/datasets/arafatrahmann/my-data221/Epic and CSCR hospital Dataset/Train/glioma/Tr-gl_0038.jpg",0,glioma,0,glioma,0.9784507751,0.0055458797,0.0092457943,0.0067575471
1585,"/kaggle/input/datasets/arafatrahmann/my-data221/Epic and CSCR hospital Dataset/Train/glioma/Tr-gl_0071.jpg",0,glioma,0,glioma,0.9783080816,0.0080162697,0.0084363753,0.0052393223
1592,"/kaggle/input/datasets/arafatrahmann/my-data221/Epic and CSCR hospital Dataset/Train/glioma/Tr-gl_0078.jpg",0,glioma,0,glioma,0.9803810120,0.0064944527,0.0076718838,0.0054526115
1596,"/kaggle/input/datasets/arafatrahmann/my-data221/Epic and CSCR hospital Dataset/Train/glioma/Tr-gl_0082.jpg",0,glioma,0,glioma,0.9774503708,0.0084689725,0.0087518105,0.0053288299
1598,"/kaggle/input/datasets/arafatrahmann/my-data221/Epic and CSCR hospital Dataset/Train/glioma/Tr-gl_0084.jpg",0,glioma,0,glioma,0.9801379442,0.0063487329,0.0084022442,0.0051110601
1599,"/kaggle/input/datasets/arafatrahmann/my-data221/Epic and CSCR hospital Dataset/Train/glioma/Tr-gl_0085.jpg",0,glioma,0,glioma,0.9807387590,0.0054012029,0.0084400848,0.0054200776
1601,"/kaggle/input/datasets/arafatrahmann/my-data221/Epic and CSCR hospital Dataset/Train/glioma/Tr-gl_0087.jpg",0,glioma,0,glioma,0.9765874147,0.0058812937,0.0094240587,0.0081072431
1603,"/kaggle/input/datasets/arafatrahmann/my-data221/Epic and CSCR hospital Dataset/Train/glioma/Tr-gl_0089.jpg",0,glioma,0,glioma,0.9794522524,0.0068279901,0.0084745912,0.0052451086
1608,"/kaggle/input/datasets/arafatrahmann/my-data221/Epic and CSCR hospital Dataset/Train/glioma/Tr-gl_0094.jpg",0,glioma,0,glioma,0.9802724123,0.0059473710,0.0084324963,0.0053477613
1632,"/kaggle/input/datasets/arafatrahmann/my-data221/Epic and CSCR hospital Dataset/Train/glioma/Tr-gl_0133.jpg",0,glioma,0,glioma,0.9805879593,0.0057779471,0.0081893159,0.0054448070
1637,"/kaggle/input/datasets/arafatrahmann/my-data221/Epic and CSCR hospital Dataset/Train/glioma/Tr-gl_0138.jpg",0,glioma,0,glioma,0.9792259932,0.0070537897,0.0085874954,0.0051326407
1640,"/kaggle/input/datasets/arafatrahmann/my-data221/Epic and CSCR hospital Dataset/Train/glioma/Tr-gl_0141.jpg",0,glioma,0,glioma,0.9804149866,0.0053531248,0.0079060383,0.0063259429
1643,"/kaggle/input/datasets/arafatrahmann/my-data221/Epic and CSCR hospital Dataset/Train/glioma/Tr-gl_0144.jpg",0,glioma,0,glioma,0.9801902771,0.0054286709,0.0091788974,0.0052021602
1645,"/kaggle/input/datasets/arafatrahmann/my-data221/Epic and CSCR hospital Dataset/Train/glioma/Tr-gl_0146.jpg",0,glioma,0,glioma,0.9813987017,0.0052356115,0.0074867504,0.0058789616
1663,"/kaggle/input/datasets/arafatrahmann/my-data221/Epic and CSCR hospital Dataset/Train/glioma/Tr-gl_0164.jpg",0,glioma,0,glioma,0.9807667732,0.0057492200,0.0079395575,0.0055444124
1666,"/kaggle/input/datasets/arafatrahmann/my-data221/Epic and CSCR hospital Dataset/Train/glioma/Tr-gl_0167.jpg",0,glioma,0,glioma,0.9796841741,0.0069613368,0.0082459189,0.0051086759
1671,"/kaggle/input/datasets/arafatrahmann/my-data221/Epic and CSCR hospital Dataset/Train/glioma/Tr-gl_0172.jpg",0,glioma,0,glioma,0.9806450009,0.0057143033,0.0082747582,0.0053659659
1674,"/kaggle/input/datasets/arafatrahmann/my-data221/Epic and CSCR hospital Dataset/Train/glioma/Tr-gl_0175.jpg",0,glioma,0,glioma,0.9801260829,0.0063249147,0.0083115734,0.0052375146
1682,"/kaggle/input/datasets/arafatrahmann/my-data221/Epic and CSCR hospital Dataset/Train/glioma/Tr-gl_0183.jpg",0,glioma,0,glioma,0.9775104523,0.0075507434,0.0095933713,0.0053452919
1693,"/kaggle/input/datasets/arafatrahmann/my-data221/Epic and CSCR hospital Dataset/Train/glioma/Tr-gl_0194.jpg",0,glioma,0,glioma,0.9791995883,0.0068635354,0.0085957106,0.0053412165
1695,"/kaggle/input/datasets/arafatrahmann/my-data221/Epic and CSCR hospital Dataset/Train/glioma/Tr-gl_0196.jpg",0,glioma,0,glioma,0.9780943990,0.0067920601,0.0096532311,0.0054603210
1702,"/kaggle/input/datasets/arafatrahmann/my-data221/Epic and CSCR hospital Dataset/Train/glioma/Tr-gl_0203.jpg",0,glioma,0,glioma,0.9803921580,0.0060605165,0.0081178788,0.0054295054
1707,"/kaggle/input/datasets/arafatrahmann/my-data221/Epic and CSCR hospital Dataset/Train/glioma/Tr-gl_0208.jpg",0,glioma,0,glioma,0.9797704816,0.0058943545,0.0089376420,0.0053975452
1714,"/kaggle/input/datasets/arafatrahmann/my-data221/Epic and CSCR hospital Dataset/Train/glioma/Tr-gl_0215.jpg",0,glioma,0,glioma,0.9796735048,0.0068319901,0.0082001165,0.0052943742
1717,"/kaggle/input/datasets/arafatrahmann/my-data221/Epic and CSCR hospital Dataset/Train/glioma/Tr-gl_0218.jpg",0,glioma,0,glioma,0.9795036316,0.0070596114,0.0081350561,0.0053016618
1725,"/kaggle/input/datasets/arafatrahmann/my-data221/Epic and CSCR hospital Dataset/Train/glioma/Tr-gl_0226.jpg",0,glioma,0,glioma,0.9744374156,0.0111224037,0.0088782888,0.0055619082
1726,"/kaggle/input/datasets/arafatrahmann/my-data221/Epic and CSCR hospital Dataset/Train/glioma/Tr-gl_0227.jpg",0,glioma,0,glioma,0.9759703875,0.0100535983,0.0085716657,0.0054043988
1730,"/kaggle/input/datasets/arafatrahmann/my-data221/Epic and CSCR hospital Dataset/Train/glioma/Tr-gl_0231.jpg",0,glioma,0,glioma,0.9298772812,0.0081606619,0.0088537876,0.0531082936
1731,"/kaggle/input/datasets/arafatrahmann/my-data221/Epic and CSCR hospital Dataset/Train/glioma/Tr-gl_0232.jpg",0,glioma,0,glioma,0.9801118970,0.0051659518,0.0084936898,0.0062284637
1733,"/kaggle/input/datasets/arafatrahmann/my-data221/Epic and CSCR hospital Dataset/Train/glioma/Tr-gl_0234.jpg",0,glioma,0,glioma,0.9791445732,0.0061943480,0.0087233093,0.0059376881
1746,"/kaggle/input/datasets/arafatrahmann/my-data221/Epic and CSCR hospital Dataset/Train/glioma/Tr-gl_0247.jpg",0,glioma,0,glioma,0.9798530340,0.0068895197,0.0079814875,0.0052759615
1749,"/kaggle/input/datasets/arafatrahmann/my-data221/Epic and CSCR hospital Dataset/Train/glioma/Tr-gl_0250.jpg",0,glioma,0,glioma,0.9790258408,0.0068666548,0.0087149981,0.0053923875
1750,"/kaggle/input/datasets/arafatrahmann/my-data221/Epic and CSCR hospital Dataset/Train/glioma/Tr-gl_0251.jpg",0,glioma,0,glioma,0.9775274396,0.0084859924,0.0087136338,0.0052728611
1754,"/kaggle/input/datasets/arafatrahmann/my-data221/Epic and CSCR hospital Dataset/Train/glioma/Tr-gl_0255.jpg",0,glioma,0,glioma,0.9780880213,0.0076679653,0.0089758206,0.0052682003
1758,"/kaggle/input/datasets/arafatrahmann/my-data221/Epic and CSCR hospital Dataset/Train/glioma/Tr-gl_0259.jpg",0,glioma,0,glioma,0.9799393415,0.0058398829,0.0089395260,0.0052812034
1770,"/kaggle/input/datasets/arafatrahmann/my-data221/Epic and CSCR hospital Dataset/Train/glioma/Tr-gl_0271.jpg",0,glioma,0,glioma,0.9794794917,0.0072640246,0.0080674104,0.0051890737
1776,"/kaggle/input/datasets/arafatrahmann/my-data221/Epic and CSCR hospital Dataset/Train/glioma/Tr-gl_0277.jpg",0,glioma,0,glioma,0.9802615047,0.0063573779,0.0080747446,0.0053064167
1786,"/kaggle/input/datasets/arafatrahmann/my-data221/Epic and CSCR hospital Dataset/Train/glioma/Tr-gl_0287.jpg",0,glioma,0,glioma,0.9806072116,0.0051343730,0.0085994797,0.0056588817
1791,"/kaggle/input/datasets/arafatrahmann/my-data221/Epic and CSCR hospital Dataset/Train/glioma/Tr-gl_0292.jpg",0,glioma,0,glioma,0.9800552130,0.0057011768,0.0089861657,0.0052574161
1799,"/kaggle/input/datasets/arafatrahmann/my-data221/Epic and CSCR hospital Dataset/Train/glioma/Tr-gl_0300.jpg",0,glioma,0,glioma,0.9764369130,0.0084957285,0.0096175540,0.0054497365
1801,"/kaggle/input/datasets/arafatrahmann/my-data221/Epic and CSCR hospital Dataset/Train/glioma/Tr-gl_0302.jpg",0,glioma,0,glioma,0.9799607992,0.0062516518,0.0083804382,0.0054070251
1805,"/kaggle/input/datasets/arafatrahmann/my-data221/Epic and CSCR hospital Dataset/Train/glioma/Tr-gl_0306.jpg",0,glioma,0,glioma,0.9804285169,0.0041069938,0.0092322640,0.0062323292
1806,"/kaggle/input/datasets/arafatrahmann/my-data221/Epic and CSCR hospital Dataset/Train/glioma/Tr-gl_0307.jpg",0,glioma,0,glioma,0.9786741138,0.0039325482,0.0108033624,0.0065899910
1811,"/kaggle/input/datasets/arafatrahmann/my-data221/Epic and CSCR hospital Dataset/Train/glioma/Tr-gl_0312.jpg",0,glioma,0,glioma,0.9790927172,0.0056313975,0.0100245271,0.0052514221
1814,"/kaggle/input/datasets/arafatrahmann/my-data221/Epic and CSCR hospital Dataset/Train/glioma/Tr-gl_0315.jpg",0,glioma,0,glioma,0.9788600802,0.0062793484,0.0095917014,0.0052688438
1818,"/kaggle/input/datasets/arafatrahmann/my-data221/Epic and CSCR hospital Dataset/Train/glioma/Tr-gl_0319.jpg",0,glioma,0,glioma,0.9795492291,0.0056819133,0.0093537774,0.0054151244
1819,"/kaggle/input/datasets/arafatrahmann/my-data221/Epic and CSCR hospital Dataset/Train/glioma/Tr-gl_0320.jpg",0,glioma,0,glioma,0.9801052809,0.0060420563,0.0086464519,0.0052062417
1826,"/kaggle/input/datasets/arafatrahmann/my-data221/Epic and CSCR hospital Dataset/Train/glioma/Tr-gl_0327.jpg",0,glioma,0,glioma,0.9807214737,0.0058918535,0.0080142766,0.0053724516
1828,"/kaggle/input/datasets/arafatrahmann/my-data221/Epic and CSCR hospital Dataset/Train/glioma/Tr-gl_0329.jpg",0,glioma,0,glioma,0.9810296893,0.0050251191,0.0083465315,0.0055987067
1829,"/kaggle/input/datasets/arafatrahmann/my-data221/Epic and CSCR hospital Dataset/Train/glioma/Tr-gl_0330.jpg",0,glioma,0,glioma,0.9799148440,0.0055939583,0.0090640076,0.0054272171
1830,"/kaggle/input/datasets/arafatrahmann/my-data221/Epic and CSCR hospital Dataset/Train/glioma/Tr-gl_0331.jpg",0,glioma,0,glioma,0.9802116156,0.0056072832,0.0087176887,0.0054634162
1834,"/kaggle/input/datasets/arafatrahmann/my-data221/Epic and CSCR hospital Dataset/Train/glioma/Tr-gl_0335.jpg",0,glioma,0,glioma,0.9791617393,0.0071709203,0.0085062552,0.0051611043
1838,"/kaggle/input/datasets/arafatrahmann/my-data221/Epic and CSCR hospital Dataset/Train/glioma/Tr-gl_0339.jpg",0,glioma,0,glioma,0.9795753360,0.0064621419,0.0087141227,0.0052484167
1847,"/kaggle/input/datasets/arafatrahmann/my-data221/Epic and CSCR hospital Dataset/Train/glioma/Tr-gl_0348.jpg",0,glioma,0,glioma,0.9764893651,0.0065854886,0.0112687554,0.0056564333
1858,"/kaggle/input/datasets/arafatrahmann/my-data221/Epic and CSCR hospital Dataset/Train/glioma/Tr-gl_0359.jpg",0,glioma,0,glioma,0.9790591002,0.0064565516,0.0084373523,0.0060469909
1867,"/kaggle/input/datasets/arafatrahmann/my-data221/Epic and CSCR hospital Dataset/Train/glioma/Tr-gl_0368.jpg",0,glioma,0,glioma,0.9805579185,0.0052949460,0.0086129522,0.0055341222
1872,"/kaggle/input/datasets/arafatrahmann/my-data221/Epic and CSCR hospital Dataset/Train/glioma/Tr-gl_0373.jpg",0,glioma,0,glioma,0.9797369838,0.0067629279,0.0083741657,0.0051259310
1874,"/kaggle/input/datasets/arafatrahmann/my-data221/Epic and CSCR hospital Dataset/Train/glioma/Tr-gl_0375.jpg",0,glioma,0,glioma,0.9779061079,0.0078044022,0.0088970792,0.0053923866
1877,"/kaggle/input/datasets/arafatrahmann/my-data221/Epic and CSCR hospital Dataset/Train/glioma/Tr-gl_0378.jpg",0,glioma,0,glioma,0.9804871678,0.0051904903,0.0085599590,0.0057624066
1885,"/kaggle/input/datasets/arafatrahmann/my-data221/Epic and CSCR hospital Dataset/Train/glioma/Tr-gl_0386.jpg",0,glioma,0,glioma,0.9790860415,0.0067987619,0.0089691607,0.0051460797
1889,"/kaggle/input/datasets/arafatrahmann/my-data221/Epic and CSCR hospital Dataset/Train/glioma/Tr-gl_0390.jpg",0,glioma,0,glioma,0.9774034619,0.0087956935,0.0086797792,0.0051211156
1897,"/kaggle/input/datasets/arafatrahmann/my-data221/Epic and CSCR hospital Dataset/Train/glioma/Tr-gl_0398.jpg",0,glioma,0,glioma,0.9795122147,0.0067371256,0.0086008590,0.0051497845
1910,"/kaggle/input/datasets/arafatrahmann/my-data221/Epic and CSCR hospital Dataset/Train/glioma/Tr-gl_0411.jpg",0,glioma,0,glioma,0.9798313379,0.0058128363,0.0089445030,0.0054112682
1913,"/kaggle/input/datasets/arafatrahmann/my-data221/Epic and CSCR hospital Dataset/Train/glioma/Tr-gl_0414.jpg",0,glioma,0,glioma,0.9797905087,0.0061060824,0.0087837670,0.0053196242
1919,"/kaggle/input/datasets/arafatrahmann/my-data221/Epic and CSCR hospital Dataset/Train/glioma/Tr-gl_0420.jpg",0,glioma,0,glioma,0.9788663983,0.0072509116,0.0083856378,0.0054970169
1922,"/kaggle/input/datasets/arafatrahmann/my-data221/Epic and CSCR hospital Dataset/Train/glioma/Tr-gl_0423.jpg",0,glioma,0,glioma,0.9794898033,0.0069855005,0.0081759719,0.0053486982
1924,"/kaggle/input/datasets/arafatrahmann/my-data221/Epic and CSCR hospital Dataset/Train/glioma/Tr-gl_0425.jpg",0,glioma,0,glioma,0.9795473814,0.0064868396,0.0084845712,0.0054811770
1925,"/kaggle/input/datasets/arafatrahmann/my-data221/Epic and CSCR hospital Dataset/Train/glioma/Tr-gl_0426.jpg",0,glioma,0,glioma,0.9800621867,0.0069279699,0.0077497726,0.0052599935
1934,"/kaggle/input/datasets/arafatrahmann/my-data221/Epic and CSCR hospital Dataset/Train/glioma/Tr-gl_0435.jpg",0,glioma,0,glioma,0.9790671468,0.0070551643,0.0086032879,0.0052744485
1936,"/kaggle/input/datasets/arafatrahmann/my-data221/Epic and CSCR hospital Dataset/Train/glioma/Tr-gl_0437.jpg",0,glioma,0,glioma,0.9790620804,0.0073755560,0.0083886217,0.0051737921
1939,"/kaggle/input/datasets/arafatrahmann/my-data221/Epic and CSCR hospital Dataset/Train/glioma/Tr-gl_0440.jpg",0,glioma,0,glioma,0.9792326689,0.0065546171,0.0087185083,0.0054941326
1945,"/kaggle/input/datasets/arafatrahmann/my-data221/Epic and CSCR hospital Dataset/Train/glioma/Tr-gl_0446.jpg",0,glioma,0,glioma,0.9786185026,0.0073347166,0.0088706128,0.0051761772
1949,"/kaggle/input/datasets/arafatrahmann/my-data221/Epic and CSCR hospital Dataset/Train/glioma/Tr-gl_0450.jpg",0,glioma,0,glioma,0.9801508784,0.0069306893,0.0074909381,0.0054274555
1952,"/kaggle/input/datasets/arafatrahmann/my-data221/Epic and CSCR hospital Dataset/Train/glioma/Tr-gl_0453.jpg",0,glioma,0,glioma,0.9799993634,0.0056554386,0.0088074002,0.0055377926
1953,"/kaggle/input/datasets/arafatrahmann/my-data221/Epic and CSCR hospital Dataset/Train/glioma/Tr-gl_0454.jpg",0,glioma,0,glioma,0.9785405993,0.0072351927,0.0088021941,0.0054220958
1975,"/kaggle/input/datasets/arafatrahmann/my-data221/Epic and CSCR hospital Dataset/Train/glioma/Tr-gl_0476.jpg",0,glioma,0,glioma,0.9768204689,0.0085243760,0.0095142517,0.0051409528
1978,"/kaggle/input/datasets/arafatrahmann/my-data221/Epic and CSCR hospital Dataset/Train/glioma/Tr-gl_0479.jpg",0,glioma,0,glioma,0.9743442535,0.0058448082,0.0138651608,0.0059457673
1988,"/kaggle/input/datasets/arafatrahmann/my-data221/Epic and CSCR hospital Dataset/Train/glioma/Tr-gl_0489.jpg",0,glioma,0,glioma,0.9785400629,0.0064980560,0.0094368104,0.0055250176
1990,"/kaggle/input/datasets/arafatrahmann/my-data221/Epic and CSCR hospital Dataset/Train/glioma/Tr-gl_0491.jpg",0,glioma,0,glioma,0.9795327187,0.0064855092,0.0085658599,0.0054158969
1993,"/kaggle/input/datasets/arafatrahmann/my-data221/Epic and CSCR hospital Dataset/Train/glioma/Tr-gl_0494.jpg",0,glioma,0,glioma,0.9791779518,0.0065477141,0.0088194255,0.0054549212
1994,"/kaggle/input/datasets/arafatrahmann/my-data221/Epic and CSCR hospital Dataset/Train/glioma/Tr-gl_0495.jpg",0,glioma,0,glioma,0.9781994820,0.0071848668,0.0091206226,0.0054950290
1996,"/kaggle/input/datasets/arafatrahmann/my-data221/Epic and CSCR hospital Dataset/Train/glioma/Tr-gl_0497.jpg",0,glioma,0,glioma,0.9799321294,0.0063141435,0.0082632275,0.0054905536
2001,"/kaggle/input/datasets/arafatrahmann/my-data221/Epic and CSCR hospital Dataset/Train/glioma/Tr-gl_0502.jpg",0,glioma,0,glioma,0.9799873233,0.0064617777,0.0082605453,0.0052903686
2005,"/kaggle/input/datasets/arafatrahmann/my-data221/Epic and CSCR hospital Dataset/Train/glioma/Tr-gl_0506.jpg",0,glioma,0,glioma,0.9796223640,0.0067724222,0.0084588509,0.0051463447
2008,"/kaggle/input/datasets/arafatrahmann/my-data221/Epic and CSCR hospital Dataset/Train/glioma/Tr-gl_0509.jpg",0,glioma,0,glioma,0.9783550501,0.0078677693,0.0085407747,0.0052365274
2014,"/kaggle/input/datasets/arafatrahmann/my-data221/Epic and CSCR hospital Dataset/Train/glioma/Tr-gl_0515.jpg",0,glioma,0,glioma,0.9791606665,0.0063482104,0.0092407279,0.0052503380
2020,"/kaggle/input/datasets/arafatrahmann/my-data221/Epic and CSCR hospital Dataset/Train/glioma/Tr-gl_0521.jpg",0,glioma,0,glioma,0.9783693552,0.0074811829,0.0086032841,0.0055462038
2037,"/kaggle/input/datasets/arafatrahmann/my-data221/Epic and CSCR hospital Dataset/Train/glioma/Tr-gl_0538.jpg",0,glioma,0,glioma,0.9795249104,0.0068295253,0.0084125297,0.0052330531
2041,"/kaggle/input/datasets/arafatrahmann/my-data221/Epic and CSCR hospital Dataset/Train/glioma/Tr-gl_0542.jpg",0,glioma,0,glioma,0.9797731638,0.0067257090,0.0082432916,0.0052578431
2045,"/kaggle/input/datasets/arafatrahmann/my-data221/Epic and CSCR hospital Dataset/Train/glioma/Tr-gl_0546.jpg",0,glioma,0,glioma,0.9787647128,0.0065481639,0.0091876294,0.0054995469
2048,"/kaggle/input/datasets/arafatrahmann/my-data221/Epic and CSCR hospital Dataset/Train/glioma/Tr-gl_0549.jpg",0,glioma,0,glioma,0.9802420735,0.0058173202,0.0084917992,0.0054488517
2053,"/kaggle/input/datasets/arafatrahmann/my-data221/Epic and CSCR hospital Dataset/Train/glioma/Tr-gl_0554.jpg",0,glioma,0,glioma,0.9787474871,0.0073503396,0.0087865349,0.0051157218
2057,"/kaggle/input/datasets/arafatrahmann/my-data221/Epic and CSCR hospital Dataset/Train/glioma/Tr-gl_0558.jpg",0,glioma,0,glioma,0.9803165197,0.0061802128,0.0082564298,0.0052468269
2063,"/kaggle/input/datasets/arafatrahmann/my-data221/Epic and CSCR hospital Dataset/Train/glioma/Tr-gl_0564.jpg",0,glioma,0,glioma,0.9793627858,0.0065908111,0.0084443912,0.0056020608
2072,"/kaggle/input/datasets/arafatrahmann/my-data221/Epic and CSCR hospital Dataset/Train/glioma/Tr-gl_0573.jpg",0,glioma,0,glioma,0.9796239734,0.0069788038,0.0077563161,0.0056408225
2073,"/kaggle/input/datasets/arafatrahmann/my-data221/Epic and CSCR hospital Dataset/Train/glioma/Tr-gl_0574.jpg",0,glioma,0,glioma,0.9787334204,0.0070338808,0.0086322818,0.0056003053
2076,"/kaggle/input/datasets/arafatrahmann/my-data221/Epic and CSCR hospital Dataset/Train/glioma/Tr-gl_0577.jpg",0,glioma,0,glioma,0.9779065251,0.0064025978,0.0102197099,0.0054712472
2077,"/kaggle/input/datasets/arafatrahmann/my-data221/Epic and CSCR hospital Dataset/Train/glioma/Tr-gl_0578.jpg",0,glioma,0,glioma,0.9783108830,0.0073130340,0.0091078151,0.0052682995
2079,"/kaggle/input/datasets/arafatrahmann/my-data221/Epic and CSCR hospital Dataset/Train/glioma/Tr-gl_0580.jpg",0,glioma,0,glioma,0.9773786664,0.0066239401,0.0103637557,0.0056336322
2081,"/kaggle/input/datasets/arafatrahmann/my-data221/Epic and CSCR hospital Dataset/Train/glioma/Tr-gl_0582.jpg",0,glioma,0,glioma,0.9787837863,0.0075219660,0.0086047007,0.0050896183
2085,"/kaggle/input/datasets/arafatrahmann/my-data221/Epic and CSCR hospital Dataset/Train/glioma/Tr-gl_0586.jpg",0,glioma,0,glioma,0.9790035486,0.0069035003,0.0090551730,0.0050377822
2088,"/kaggle/input/datasets/arafatrahmann/my-data221/Epic and CSCR hospital Dataset/Train/glioma/Tr-gl_0589.jpg",0,glioma,0,glioma,0.9787788391,0.0073854327,0.0083553735,0.0054803323
2089,"/kaggle/input/datasets/arafatrahmann/my-data221/Epic and CSCR hospital Dataset/Train/glioma/Tr-gl_0590.jpg",0,glioma,0,glioma,0.9784231186,0.0073067136,0.0084822476,0.0057879435
2093,"/kaggle/input/datasets/arafatrahmann/my-data221/Epic and CSCR hospital Dataset/Train/glioma/Tr-gl_0594.jpg",0,glioma,0,glioma,0.9792871475,0.0073808716,0.0081039928,0.0052280398
2099,"/kaggle/input/datasets/arafatrahmann/my-data221/Epic and CSCR hospital Dataset/Train/glioma/Tr-gl_0600.jpg",0,glioma,0,glioma,0.9772941470,0.0093617989,0.0078499336,0.0054940991
2100,"/kaggle/input/datasets/arafatrahmann/my-data221/Epic and CSCR hospital Dataset/Train/glioma/Tr-gl_0601.jpg",0,glioma,0,glioma,0.9791115522,0.0079137124,0.0075647035,0.0054100752
2102,"/kaggle/input/datasets/arafatrahmann/my-data221/Epic and CSCR hospital Dataset/Train/glioma/Tr-gl_0603.jpg",0,glioma,0,glioma,0.9792670012,0.0068031191,0.0086630750,0.0052668704
2105,"/kaggle/input/datasets/arafatrahmann/my-data221/Epic and CSCR hospital Dataset/Train/glioma/Tr-gl_0606.jpg",0,glioma,0,glioma,0.9778431654,0.0085323919,0.0082035502,0.0054209186
2109,"/kaggle/input/datasets/arafatrahmann/my-data221/Epic and CSCR hospital Dataset/Train/glioma/Tr-gl_0610.jpg",0,glioma,0,glioma,0.9776174426,0.0086006243,0.0080972677,0.0056846389
2110,"/kaggle/input/datasets/arafatrahmann/my-data221/Epic and CSCR hospital Dataset/Train/glioma/Tr-gl_0611.jpg",0,glioma,0,glioma,0.9799915552,0.0059826481,0.0082275514,0.0057983147
2113,"/kaggle/input/datasets/arafatrahmann/my-data221/Epic and CSCR hospital Dataset/Train/glioma/Tr-gl_0614.jpg",0,glioma,0,glioma,0.9781185389,0.0085798521,0.0080891298,0.0052125766
2132,"/kaggle/input/datasets/arafatrahmann/my-data221/Epic and CSCR hospital Dataset/Train/glioma/Tr-gl_0633.jpg",0,glioma,0,glioma,0.9800871015,0.0065743714,0.0078880051,0.0054504937
2143,"/kaggle/input/datasets/arafatrahmann/my-data221/Epic and CSCR hospital Dataset/Train/glioma/Tr-gl_0685.jpg",0,glioma,0,glioma,0.9803236127,0.0064711398,0.0080872700,0.0051180162
2148,"/kaggle/input/datasets/arafatrahmann/my-data221/Epic and CSCR hospital Dataset/Train/glioma/Tr-gl_0690.jpg",0,glioma,0,glioma,0.9800623059,0.0070853583,0.0076192962,0.0052330708
2151,"/kaggle/input/datasets/arafatrahmann/my-data221/Epic and CSCR hospital Dataset/Train/glioma/Tr-gl_0794.jpg",0,glioma,0,glioma,0.9790545702,0.0072183670,0.0083833598,0.0053437338
2157,"/kaggle/input/datasets/arafatrahmann/my-data221/Epic and CSCR hospital Dataset/Train/glioma/Tr-gl_0800.jpg",0,glioma,0,glioma,0.9801689386,0.0065972330,0.0081885764,0.0050452990
2159,"/kaggle/input/datasets/arafatrahmann/my-data221/Epic and CSCR hospital Dataset/Train/glioma/Tr-gl_0802.jpg",0,glioma,0,glioma,0.9809361696,0.0058192047,0.0080246478,0.0052199746
2160,"/kaggle/input/datasets/arafatrahmann/my-data221/Epic and CSCR hospital Dataset/Train/glioma/Tr-gl_0803.jpg",0,glioma,0,glioma,0.9781087041,0.0056506386,0.0106421607,0.0055984594
2161,"/kaggle/input/datasets/arafatrahmann/my-data221/Epic and CSCR hospital Dataset/Train/glioma/Tr-gl_0804.jpg",0,glioma,0,glioma,0.9791778326,0.0057277018,0.0095645068,0.0055299266
2170,"/kaggle/input/datasets/arafatrahmann/my-data221/Epic and CSCR hospital Dataset/Train/glioma/Tr-gl_0813.jpg",0,glioma,0,glioma,0.9800736308,0.0058277212,0.0084088221,0.0056898044
2177,"/kaggle/input/datasets/arafatrahmann/my-data221/Epic and CSCR hospital Dataset/Train/glioma/Tr-gl_0820.jpg",0,glioma,0,glioma,0.9799448848,0.0061077601,0.0088660223,0.0050814105
2188,"/kaggle/input/datasets/arafatrahmann/my-data221/Epic and CSCR hospital Dataset/Train/glioma/Tr-gl_0843.jpg",0,glioma,0,glioma,0.9771806002,0.0084632877,0.0088893231,0.0054667303
2193,"/kaggle/input/datasets/arafatrahmann/my-data221/Epic and CSCR hospital Dataset/Train/glioma/Tr-gl_0848.jpg",0,glioma,0,glioma,0.9799311757,0.0063089775,0.0082998397,0.0054599247
2194,"/kaggle/input/datasets/arafatrahmann/my-data221/Epic and CSCR hospital Dataset/Train/glioma/Tr-gl_0849.jpg",0,glioma,0,glioma,0.9805968404,0.0058989967,0.0082669090,0.0052373046
2207,"/kaggle/input/datasets/arafatrahmann/my-data221/Epic and CSCR hospital Dataset/Train/glioma/Tr-gl_0862.jpg",0,glioma,0,glioma,0.9768801928,0.0089148516,0.0087636542,0.0054413332
2217,"/kaggle/input/datasets/arafatrahmann/my-data221/Epic and CSCR hospital Dataset/Train/glioma/Tr-gl_0872.jpg",0,glioma,0,glioma,0.9791184664,0.0079962928,0.0073928013,0.0054924926
2222,"/kaggle/input/datasets/arafatrahmann/my-data221/Epic and CSCR hospital Dataset/Train/glioma/Tr-gl_0877.jpg",0,glioma,0,glioma,0.9801685214,0.0063448884,0.0069116713,0.0065749362
2228,"/kaggle/input/datasets/arafatrahmann/my-data221/Epic and CSCR hospital Dataset/Train/glioma/Tr-gl_0883.jpg",0,glioma,0,glioma,0.9748227000,0.0043519717,0.0140316561,0.0067936168
2232,"/kaggle/input/datasets/arafatrahmann/my-data221/Epic and CSCR hospital Dataset/Train/glioma/Tr-gl_0887.jpg",0,glioma,0,glioma,0.9771059752,0.0069758641,0.0103467526,0.0055713570
2233,"/kaggle/input/datasets/arafatrahmann/my-data221/Epic and CSCR hospital Dataset/Train/glioma/Tr-gl_0888.jpg",0,glioma,0,glioma,0.9784616232,0.0053174309,0.0105050383,0.0057158293
2235,"/kaggle/input/datasets/arafatrahmann/my-data221/Epic and CSCR hospital Dataset/Train/glioma/Tr-gl_0890.jpg",0,glioma,0,glioma,0.9756706953,0.0060686832,0.0116172805,0.0066433055
2247,"/kaggle/input/datasets/arafatrahmann/my-data221/Epic and CSCR hospital Dataset/Train/glioma/Tr-gl_0902.jpg",0,glioma,0,glioma,0.9784268141,0.0043047252,0.0088700363,0.0083984425
2250,"/kaggle/input/datasets/arafatrahmann/my-data221/Epic and CSCR hospital Dataset/Train/glioma/Tr-gl_0905.jpg",0,glioma,0,glioma,0.9794991612,0.0053139986,0.0080029313,0.0071839457
2252,"/kaggle/input/datasets/arafatrahmann/my-data221/Epic and CSCR hospital Dataset/Train/glioma/Tr-gl_0907.jpg",0,glioma,0,glioma,0.9784110785,0.0062627355,0.0080777202,0.0072483704
2264,"/kaggle/input/datasets/arafatrahmann/my-data221/Epic and CSCR hospital Dataset/Train/glioma/Tr-gl_0919.jpg",0,glioma,0,glioma,0.9764736295,0.0049670800,0.0100133587,0.0085458802
2270,"/kaggle/input/datasets/arafatrahmann/my-data221/Epic and CSCR hospital Dataset/Train/glioma/Tr-gl_0925.jpg",0,glioma,0,glioma,0.9794826508,0.0072795176,0.0078591341,0.0053785937
2280,"/kaggle/input/datasets/arafatrahmann/my-data221/Epic and CSCR hospital Dataset/Train/glioma/Tr-gl_0935.jpg",0,glioma,0,glioma,0.9797561765,0.0066058063,0.0083874520,0.0052505890
2285,"/kaggle/input/datasets/arafatrahmann/my-data221/Epic and CSCR hospital Dataset/Train/glioma/Tr-gl_0940.jpg",0,glioma,0,glioma,0.9808290601,0.0056116870,0.0082995249,0.0052597998
2289,"/kaggle/input/datasets/arafatrahmann/my-data221/Epic and CSCR hospital Dataset/Train/glioma/Tr-gl_0944.jpg",0,glioma,0,glioma,0.9802283049,0.0060529676,0.0086514745,0.0050672265
2294,"/kaggle/input/datasets/arafatrahmann/my-data221/Epic and CSCR hospital Dataset/Train/glioma/Tr-gl_0949.jpg",0,glioma,0,glioma,0.9794167280,0.0071859350,0.0082805101,0.0051167281
2303,"/kaggle/input/datasets/arafatrahmann/my-data221/Epic and CSCR hospital Dataset/Train/glioma/Tr-gl_0958.jpg",0,glioma,0,glioma,0.9774662256,0.0064715715,0.0092202425,0.0068419762
2308,"/kaggle/input/datasets/arafatrahmann/my-data221/Epic and CSCR hospital Dataset/Train/glioma/Tr-gl_0963.jpg",0,glioma,0,glioma,0.9794708490,0.0064000809,0.0091247000,0.0050044586
2315,"/kaggle/input/datasets/arafatrahmann/my-data221/Epic and CSCR hospital Dataset/Train/glioma/Tr-gl_0970.jpg",0,glioma,0,glioma,0.9779499173,0.0070236260,0.0094937319,0.0055326964
2324,"/kaggle/input/datasets/arafatrahmann/my-data221/Epic and CSCR hospital Dataset/Train/glioma/Tr-gl_0979.jpg",0,glioma,0,glioma,0.9787680507,0.0071697859,0.0088030407,0.0052592056
2325,"/kaggle/input/datasets/arafatrahmann/my-data221/Epic and CSCR hospital Dataset/Train/glioma/Tr-gl_0980.jpg",0,glioma,0,glioma,0.9797666669,0.0061684991,0.0088202972,0.0052444814
2326,"/kaggle/input/datasets/arafatrahmann/my-data221/Epic and CSCR hospital Dataset/Train/glioma/Tr-gl_0981.jpg",0,glioma,0,glioma,0.9803465605,0.0061393343,0.0080212103,0.0054928884
2327,"/kaggle/input/datasets/arafatrahmann/my-data221/Epic and CSCR hospital Dataset/Train/glioma/Tr-gl_0982.jpg",0,glioma,0,glioma,0.9791274071,0.0063437512,0.0083126780,0.0062161218
2329,"/kaggle/input/datasets/arafatrahmann/my-data221/Epic and CSCR hospital Dataset/Train/glioma/Tr-gl_0984.jpg",0,glioma,0,glioma,0.9774047732,0.0080070943,0.0083616097,0.0062265429
2332,"/kaggle/input/datasets/arafatrahmann/my-data221/Epic and CSCR hospital Dataset/Train/glioma/Tr-gl_0987.jpg",0,glioma,0,glioma,0.9808227420,0.0059743621,0.0072354251,0.0059674336
2334,"/kaggle/input/datasets/arafatrahmann/my-data221/Epic and CSCR hospital Dataset/Train/glioma/Tr-gl_0989.jpg",0,glioma,0,glioma,0.9797321558,0.0070454990,0.0074003227,0.0058219708
2335,"/kaggle/input/datasets/arafatrahmann/my-data221/Epic and CSCR hospital Dataset/Train/glioma/Tr-gl_0990.jpg",0,glioma,0,glioma,0.9780040979,0.0083191451,0.0072589382,0.0064178049
2336,"/kaggle/input/datasets/arafatrahmann/my-data221/Epic and CSCR hospital Dataset/Train/glioma/Tr-gl_0991.jpg",0,glioma,0,glioma,0.9787361026,0.0076702312,0.0075488873,0.0060447464
2337,"/kaggle/input/datasets/arafatrahmann/my-data221/Epic and CSCR hospital Dataset/Train/glioma/Tr-gl_0992.jpg",0,glioma,0,glioma,0.9795981646,0.0074327188,0.0070274519,0.0059416452
2338,"/kaggle/input/datasets/arafatrahmann/my-data221/Epic and CSCR hospital Dataset/Train/glioma/Tr-gl_0993.jpg",0,glioma,0,glioma,0.9799836874,0.0072213910,0.0072600753,0.0055348156
2339,"/kaggle/input/datasets/arafatrahmann/my-data221/Epic and CSCR hospital Dataset/Train/glioma/Tr-gl_0994.jpg",0,glioma,0,glioma,0.9803763628,0.0065185190,0.0077428208,0.0053624385
2340,"/kaggle/input/datasets/arafatrahmann/my-data221/Epic and CSCR hospital Dataset/Train/glioma/Tr-gl_0995.jpg",0,glioma,0,glioma,0.9809353948,0.0064217509,0.0072529563,0.0053898883
2348,"/kaggle/input/datasets/arafatrahmann/my-data221/Epic and CSCR hospital Dataset/Train/glioma/Tr-gl_1003.jpg",0,glioma,0,glioma,0.9807286263,0.0055676652,0.0079542520,0.0057494519
2349,"/kaggle/input/datasets/arafatrahmann/my-data221/Epic and CSCR hospital Dataset/Train/glioma/Tr-gl_1004.jpg",0,glioma,0,glioma,0.9798516035,0.0060843332,0.0079725701,0.0060914727
2357,"/kaggle/input/datasets/arafatrahmann/my-data221/Epic and CSCR hospital Dataset/Train/glioma/Tr-gl_1012.jpg",0,glioma,0,glioma,0.9789220095,0.0073296749,0.0084237978,0.0053245537
2360,"/kaggle/input/datasets/arafatrahmann/my-data221/Epic and CSCR hospital Dataset/Train/glioma/Tr-gl_1015.jpg",0,glioma,0,glioma,0.9773452878,0.0087841200,0.0079976153,0.0058730012
2362,"/kaggle/input/datasets/arafatrahmann/my-data221/Epic and CSCR hospital Dataset/Train/glioma/Tr-gl_1017.jpg",0,glioma,0,glioma,0.9782678485,0.0075774803,0.0080848243,0.0060699093
2364,"/kaggle/input/datasets/arafatrahmann/my-data221/Epic and CSCR hospital Dataset/Train/glioma/Tr-gl_1019.jpg",0,glioma,0,glioma,0.9800275564,0.0049284147,0.0089873197,0.0060566892
2367,"/kaggle/input/datasets/arafatrahmann/my-data221/Epic and CSCR hospital Dataset/Train/glioma/Tr-gl_1022.jpg",0,glioma,0,glioma,0.9789901972,0.0052288300,0.0108530354,0.0049279751
2368,"/kaggle/input/datasets/arafatrahmann/my-data221/Epic and CSCR hospital Dataset/Train/glioma/Tr-gl_1023.jpg",0,glioma,0,glioma,0.9793878794,0.0062549026,0.0094166091,0.0049406243
2372,"/kaggle/input/datasets/arafatrahmann/my-data221/Epic and CSCR hospital Dataset/Train/glioma/Tr-gl_1027.jpg",0,glioma,0,glioma,0.9791352153,0.0064974846,0.0089732148,0.0053940965
2378,"/kaggle/input/datasets/arafatrahmann/my-data221/Epic and CSCR hospital Dataset/Train/glioma/Tr-gl_1033.jpg",0,glioma,0,glioma,0.9756549597,0.0092396047,0.0099473959,0.0051580137
2379,"/kaggle/input/datasets/arafatrahmann/my-data221/Epic and CSCR hospital Dataset/Train/glioma/Tr-gl_1034.jpg",0,glioma,0,glioma,0.9781969786,0.0073749782,0.0093777971,0.0050502778
2385,"/kaggle/input/datasets/arafatrahmann/my-data221/Epic and CSCR hospital Dataset/Train/glioma/Tr-gl_1040.jpg",0,glioma,0,glioma,0.9811921120,0.0050216913,0.0075148032,0.0062713949
2390,"/kaggle/input/datasets/arafatrahmann/my-data221/Epic and CSCR hospital Dataset/Train/glioma/Tr-gl_1045.jpg",0,glioma,0,glioma,0.9771167636,0.0063255476,0.0106787262,0.0058789016
2391,"/kaggle/input/datasets/arafatrahmann/my-data221/Epic and CSCR hospital Dataset/Train/glioma/Tr-gl_1046.jpg",0,glioma,0,glioma,0.9778862000,0.0076027932,0.0090049226,0.0055060820
2395,"/kaggle/input/datasets/arafatrahmann/my-data221/Epic and CSCR hospital Dataset/Train/glioma/Tr-gl_1050.jpg",0,glioma,0,glioma,0.9804384112,0.0060944385,0.0073228641,0.0061441846
2396,"/kaggle/input/datasets/arafatrahmann/my-data221/Epic and CSCR hospital Dataset/Train/glioma/Tr-gl_1051.jpg",0,glioma,0,glioma,0.9803911448,0.0049167708,0.0079579074,0.0067341998
2412,"/kaggle/input/datasets/arafatrahmann/my-data221/Epic and CSCR hospital Dataset/Train/glioma/Tr-gl_1067.jpg",0,glioma,0,glioma,0.9803773761,0.0062436475,0.0075742914,0.0058046617
2417,"/kaggle/input/datasets/arafatrahmann/my-data221/Epic and CSCR hospital Dataset/Train/glioma/Tr-gl_1072.jpg",0,glioma,0,glioma,0.9812247157,0.0051686158,0.0076483181,0.0059583187
2419,"/kaggle/input/datasets/arafatrahmann/my-data221/Epic and CSCR hospital Dataset/Train/glioma/Tr-gl_1074.jpg",0,glioma,0,glioma,0.9797183871,0.0056126937,0.0092563778,0.0054124938
2420,"/kaggle/input/datasets/arafatrahmann/my-data221/Epic and CSCR hospital Dataset/Train/glioma/Tr-gl_1075.jpg",0,glioma,0,glioma,0.9799167514,0.0050356439,0.0097619873,0.0052856184
2422,"/kaggle/input/datasets/arafatrahmann/my-data221/Epic and CSCR hospital Dataset/Train/glioma/Tr-gl_1077.jpg",0,glioma,0,glioma,0.9803215861,0.0065805167,0.0074848970,0.0056129023
2427,"/kaggle/input/datasets/arafatrahmann/my-data221/Epic and CSCR hospital Dataset/Train/glioma/Tr-gl_1082.jpg",0,glioma,0,glioma,0.9792618752,0.0071080411,0.0071661375,0.0064639477
2458,"/kaggle/input/datasets/arafatrahmann/my-data221/Epic and CSCR hospital Dataset/Train/glioma/Tr-gl_1113.jpg",0,glioma,0,glioma,0.9778584242,0.0060155033,0.0109701045,0.0051558902
2459,"/kaggle/input/datasets/arafatrahmann/my-data221/Epic and CSCR hospital Dataset/Train/glioma/Tr-gl_1114.jpg",0,glioma,0,glioma,0.9701191187,0.0062609734,0.0175934359,0.0060265260
2469,"/kaggle/input/datasets/arafatrahmann/my-data221/Epic and CSCR hospital Dataset/Train/glioma/Tr-gl_1124.jpg",0,glioma,0,glioma,0.9803217053,0.0062279589,0.0082268370,0.0052235732
2474,"/kaggle/input/datasets/arafatrahmann/my-data221/Epic and CSCR hospital Dataset/Train/glioma/Tr-gl_1129.jpg",0,glioma,0,glioma,0.9797092676,0.0061093126,0.0085038915,0.0056775054
2481,"/kaggle/input/datasets/arafatrahmann/my-data221/Epic and CSCR hospital Dataset/Train/glioma/Tr-gl_1136.jpg",0,glioma,0,glioma,0.9795484543,0.0063429675,0.0090098651,0.0050987424
2489,"/kaggle/input/datasets/arafatrahmann/my-data221/Epic and CSCR hospital Dataset/Train/glioma/Tr-gl_1144.jpg",0,glioma,0,glioma,0.9788721800,0.0065779709,0.0085774772,0.0059723333
2496,"/kaggle/input/datasets/arafatrahmann/my-data221/Epic and CSCR hospital Dataset/Train/glioma/Tr-gl_1151.jpg",0,glioma,0,glioma,0.9763789177,0.0095418412,0.0083228396,0.0057564508
2504,"/kaggle/input/datasets/arafatrahmann/my-data221/Epic and CSCR hospital Dataset/Train/glioma/Tr-gl_1159.jpg",0,glioma,0,glioma,0.9795256853,0.0071096392,0.0079285419,0.0054362295
2506,"/kaggle/input/datasets/arafatrahmann/my-data221/Epic and CSCR hospital Dataset/Train/glioma/Tr-gl_1161.jpg",0,glioma,0,glioma,0.9793300629,0.0078259874,0.0075402572,0.0053036637
2515,"/kaggle/input/datasets/arafatrahmann/my-data221/Epic and CSCR hospital Dataset/Train/glioma/Tr-gl_1170.jpg",0,glioma,0,glioma,0.9777046442,0.0086406954,0.0082617225,0.0053929603
2516,"/kaggle/input/datasets/arafatrahmann/my-data221/Epic and CSCR hospital Dataset/Train/glioma/Tr-gl_1171.jpg",0,glioma,0,glioma,0.9774843454,0.0093692420,0.0077615888,0.0053849202
2520,"/kaggle/input/datasets/arafatrahmann/my-data221/Epic and CSCR hospital Dataset/Train/glioma/Tr-gl_1175.jpg",0,glioma,0,glioma,0.9765081406,0.0095352195,0.0085289758,0.0054276744
2524,"/kaggle/input/datasets/arafatrahmann/my-data221/Epic and CSCR hospital Dataset/Train/glioma/Tr-gl_1179.jpg",0,glioma,0,glioma,0.9777491689,0.0073908428,0.0090255737,0.0058344239
2526,"/kaggle/input/datasets/arafatrahmann/my-data221/Epic and CSCR hospital Dataset/Train/glioma/Tr-gl_1181.jpg",0,glioma,0,glioma,0.9728382826,0.0118594179,0.0099175591,0.0053846925
2527,"/kaggle/input/datasets/arafatrahmann/my-data221/Epic and CSCR hospital Dataset/Train/glioma/Tr-gl_1182.jpg",0,glioma,3,pituitary,0.3844416738,0.0513218753,0.0167905446,0.5474458933
2531,"/kaggle/input/datasets/arafatrahmann/my-data221/Epic and CSCR hospital Dataset/Train/glioma/Tr-gl_1186.jpg",0,glioma,0,glioma,0.9766312838,0.0080422051,0.0097629456,0.0055635879
2536,"/kaggle/input/datasets/arafatrahmann/my-data221/Epic and CSCR hospital Dataset/Train/glioma/Tr-gl_1191.jpg",0,glioma,0,glioma,0.9780098200,0.0072845905,0.0093032643,0.0054023899
2540,"/kaggle/input/datasets/arafatrahmann/my-data221/Epic and CSCR hospital Dataset/Train/glioma/Tr-gl_1205.jpg",0,glioma,0,glioma,0.9771043658,0.0091320109,0.0083952276,0.0053683785
2542,"/kaggle/input/datasets/arafatrahmann/my-data221/Epic and CSCR hospital Dataset/Train/glioma/Tr-gl_1207.jpg",0,glioma,0,glioma,0.9752254486,0.0098670330,0.0092426203,0.0056649456
2545,"/kaggle/input/datasets/arafatrahmann/my-data221/Epic and CSCR hospital Dataset/Train/glioma/Tr-gl_1210.jpg",0,glioma,0,glioma,0.9793103933,0.0072586872,0.0080098007,0.0054210811
2548,"/kaggle/input/datasets/arafatrahmann/my-data221/Epic and CSCR hospital Dataset/Train/glioma/Tr-gl_1213.jpg",0,glioma,0,glioma,0.9794887304,0.0076993750,0.0073691467,0.0054426319
2550,"/kaggle/input/datasets/arafatrahmann/my-data221/Epic and CSCR hospital Dataset/Train/glioma/Tr-gl_1215.jpg",0,glioma,0,glioma,0.9748546481,0.0067825145,0.0108689871,0.0074939104
2558,"/kaggle/input/datasets/arafatrahmann/my-data221/Epic and CSCR hospital Dataset/Train/glioma/Tr-gl_1223.jpg",0,glioma,0,glioma,0.9780390859,0.0085380878,0.0068513332,0.0065715425
2560,"/kaggle/input/datasets/arafatrahmann/my-data221/Epic and CSCR hospital Dataset/Train/glioma/Tr-gl_1225.jpg",0,glioma,0,glioma,0.9772292376,0.0087366011,0.0083191684,0.0057149376
2562,"/kaggle/input/datasets/arafatrahmann/my-data221/Epic and CSCR hospital Dataset/Train/glioma/Tr-gl_1227.jpg",0,glioma,0,glioma,0.9782913923,0.0086383242,0.0076710121,0.0053991759
2565,"/kaggle/input/datasets/arafatrahmann/my-data221/Epic and CSCR hospital Dataset/Train/glioma/Tr-gl_1230.jpg",0,glioma,0,glioma,0.8910467029,0.0958073288,0.0074510798,0.0056948480
2574,"/kaggle/input/datasets/arafatrahmann/my-data221/Epic and CSCR hospital Dataset/Train/glioma/Tr-gl_1239.jpg",0,glioma,0,glioma,0.9782947302,0.0082193259,0.0081546670,0.0053312378
2575,"/kaggle/input/datasets/arafatrahmann/my-data221/Epic and CSCR hospital Dataset/Train/glioma/Tr-gl_1240.jpg",0,glioma,0,glioma,0.9771218300,0.0095173549,0.0078609763,0.0054997690
2580,"/kaggle/input/datasets/arafatrahmann/my-data221/Epic and CSCR hospital Dataset/Train/glioma/Tr-gl_1261.jpg",0,glioma,0,glioma,0.9789832234,0.0076474464,0.0068253777,0.0065439828
2582,"/kaggle/input/datasets/arafatrahmann/my-data221/Epic and CSCR hospital Dataset/Train/glioma/Tr-gl_1263.jpg",0,glioma,0,glioma,0.9782616496,0.0068711429,0.0077241226,0.0071431273
2595,"/kaggle/input/datasets/arafatrahmann/my-data221/Epic and CSCR hospital Dataset/Train/glioma/gg (330).jpg",0,glioma,0,glioma,0.9780408740,0.0058654551,0.0103877280,0.0057058833
2600,"/kaggle/input/datasets/arafatrahmann/my-data221/Epic and CSCR hospital Dataset/Train/glioma/gg (335).jpg",0,glioma,0,glioma,0.9768322110,0.0087770801,0.0089725647,0.0054182275
2602,"/kaggle/input/datasets/arafatrahmann/my-data221/Epic and CSCR hospital Dataset/Train/glioma/gg (337).jpg",0,glioma,0,glioma,0.9786532521,0.0079701934,0.0080581214,0.0053184973
2604,"/kaggle/input/datasets/arafatrahmann/my-data221/Epic and CSCR hospital Dataset/Train/glioma/gg (339).jpg",0,glioma,0,glioma,0.9784296155,0.0065225302,0.0094132870,0.0056345137
2613,"/kaggle/input/datasets/arafatrahmann/my-data221/Epic and CSCR hospital Dataset/Train/glioma/gg (347).jpg",0,glioma,0,glioma,0.9799062610,0.0067462339,0.0078318845,0.0055155894
2619,"/kaggle/input/datasets/arafatrahmann/my-data221/Epic and CSCR hospital Dataset/Train/glioma/gg (365).jpg",0,glioma,0,glioma,0.7514334917,0.2247500867,0.0095355073,0.0142809451
2630,"/kaggle/input/datasets/arafatrahmann/my-data221/Epic and CSCR hospital Dataset/Train/glioma/gg (375).jpg",0,glioma,0,glioma,0.9790023565,0.0073320568,0.0080990391,0.0055665630
2642,"/kaggle/input/datasets/arafatrahmann/my-data221/Epic and CSCR hospital Dataset/Train/glioma/gg (386).jpg",0,glioma,0,glioma,0.9784156680,0.0068214140,0.0090235416,0.0057394071
2645,"/kaggle/input/datasets/arafatrahmann/my-data221/Epic and CSCR hospital Dataset/Train/glioma/gg (389).jpg",0,glioma,0,glioma,0.9779523015,0.0070037977,0.0098518152,0.0051921350
2650,"/kaggle/input/datasets/arafatrahmann/my-data221/Epic and CSCR hospital Dataset/Train/glioma/gg (393).jpg",0,glioma,0,glioma,0.9803013802,0.0062555075,0.0080198217,0.0054232664
2651,"/kaggle/input/datasets/arafatrahmann/my-data221/Epic and CSCR hospital Dataset/Train/glioma/gg (394).jpg",0,glioma,0,glioma,0.9803032875,0.0057768123,0.0084910076,0.0054289405
2656,"/kaggle/input/datasets/arafatrahmann/my-data221/Epic and CSCR hospital Dataset/Train/glioma/gg (399).jpg",0,glioma,0,glioma,0.9794227481,0.0064194449,0.0086884703,0.0054693012
2657,"/kaggle/input/datasets/arafatrahmann/my-data221/Epic and CSCR hospital Dataset/Train/glioma/gg (4).jpg",0,glioma,0,glioma,0.9798060656,0.0070051430,0.0077556730,0.0054331822
2668,"/kaggle/input/datasets/arafatrahmann/my-data221/Epic and CSCR hospital Dataset/Train/glioma/gg (409).jpg",0,glioma,0,glioma,0.9774912000,0.0089289406,0.0084540108,0.0051258709
2672,"/kaggle/input/datasets/arafatrahmann/my-data221/Epic and CSCR hospital Dataset/Train/glioma/gg (412).jpg",0,glioma,0,glioma,0.9771623611,0.0077828132,0.0098673943,0.0051874332
2681,"/kaggle/input/datasets/arafatrahmann/my-data221/Epic and CSCR hospital Dataset/Train/glioma/gg (420).jpg",0,glioma,0,glioma,0.9805055857,0.0058612772,0.0080498578,0.0055833766
2691,"/kaggle/input/datasets/arafatrahmann/my-data221/Epic and CSCR hospital Dataset/Train/glioma/gg (43).jpg",0,glioma,0,glioma,0.9804251790,0.0055227340,0.0076003536,0.0064517730
2692,"/kaggle/input/datasets/arafatrahmann/my-data221/Epic and CSCR hospital Dataset/Train/glioma/gg (430).jpg",0,glioma,0,glioma,0.9812169075,0.0053834449,0.0067904489,0.0066091986
2693,"/kaggle/input/datasets/arafatrahmann/my-data221/Epic and CSCR hospital Dataset/Train/glioma/gg (431).jpg",0,glioma,0,glioma,0.9799211621,0.0067752018,0.0073534474,0.0059502097
2699,"/kaggle/input/datasets/arafatrahmann/my-data221/Epic and CSCR hospital Dataset/Train/glioma/gg (437).jpg",0,glioma,0,glioma,0.9783505201,0.0066057248,0.0091187907,0.0059250602
2702,"/kaggle/input/datasets/arafatrahmann/my-data221/Epic and CSCR hospital Dataset/Train/glioma/gg (44).jpg",0,glioma,0,glioma,0.9796123505,0.0063184043,0.0091949236,0.0048743584
2714,"/kaggle/input/datasets/arafatrahmann/my-data221/Epic and CSCR hospital Dataset/Train/glioma/gg (450).jpg",0,glioma,0,glioma,0.9797131419,0.0059912512,0.0083751846,0.0059203678
2717,"/kaggle/input/datasets/arafatrahmann/my-data221/Epic and CSCR hospital Dataset/Train/glioma/gg (453).jpg",0,glioma,0,glioma,0.9623631239,0.0214959588,0.0082211588,0.0079197465
2719,"/kaggle/input/datasets/arafatrahmann/my-data221/Epic and CSCR hospital Dataset/Train/glioma/gg (455).jpg",0,glioma,0,glioma,0.9803401232,0.0064292364,0.0063321479,0.0068984441
2722,"/kaggle/input/datasets/arafatrahmann/my-data221/Epic and CSCR hospital Dataset/Train/glioma/gg (458).jpg",0,glioma,0,glioma,0.9788999557,0.0078544402,0.0067212395,0.0065244264
2723,"/kaggle/input/datasets/arafatrahmann/my-data221/Epic and CSCR hospital Dataset/Train/glioma/gg (459).jpg",0,glioma,0,glioma,0.9782352448,0.0073514120,0.0074532828,0.0069601894
2724,"/kaggle/input/datasets/arafatrahmann/my-data221/Epic and CSCR hospital Dataset/Train/glioma/gg (46).jpg",0,glioma,0,glioma,0.9794524312,0.0058161775,0.0099011566,0.0048302067
2729,"/kaggle/input/datasets/arafatrahmann/my-data221/Epic and CSCR hospital Dataset/Train/glioma/gg (464).jpg",0,glioma,0,glioma,0.9768162966,0.0096056862,0.0082150921,0.0053629633
2730,"/kaggle/input/datasets/arafatrahmann/my-data221/Epic and CSCR hospital Dataset/Train/glioma/gg (465).jpg",0,glioma,0,glioma,0.9754456282,0.0109577067,0.0079895388,0.0056070583
2733,"/kaggle/input/datasets/arafatrahmann/my-data221/Epic and CSCR hospital Dataset/Train/glioma/gg (468).jpg",0,glioma,0,glioma,0.9775830507,0.0082456460,0.0088199954,0.0053512780
2734,"/kaggle/input/datasets/arafatrahmann/my-data221/Epic and CSCR hospital Dataset/Train/glioma/gg (469).jpg",0,glioma,0,glioma,0.9778526425,0.0081947390,0.0085025812,0.0054500969
2740,"/kaggle/input/datasets/arafatrahmann/my-data221/Epic and CSCR hospital Dataset/Train/glioma/gg (474).jpg",0,glioma,0,glioma,0.9800799489,0.0052643828,0.0092765037,0.0053792577
2741,"/kaggle/input/datasets/arafatrahmann/my-data221/Epic and CSCR hospital Dataset/Train/glioma/gg (475).jpg",0,glioma,0,glioma,0.9786548615,0.0068612597,0.0091801826,0.0053038551
2743,"/kaggle/input/datasets/arafatrahmann/my-data221/Epic and CSCR hospital Dataset/Train/glioma/gg (477).jpg",0,glioma,0,glioma,0.9787558317,0.0064977906,0.0094208894,0.0053254524
2746,"/kaggle/input/datasets/arafatrahmann/my-data221/Epic and CSCR hospital Dataset/Train/glioma/gg (48).jpg",0,glioma,0,glioma,0.9792127609,0.0063877003,0.0092590060,0.0051404792
2770,"/kaggle/input/datasets/arafatrahmann/my-data221/Epic and CSCR hospital Dataset/Train/glioma/gg (500).jpg",0,glioma,0,glioma,0.9796312451,0.0065583820,0.0085647050,0.0052456362
2777,"/kaggle/input/datasets/arafatrahmann/my-data221/Epic and CSCR hospital Dataset/Train/glioma/gg (507).jpg",0,glioma,0,glioma,0.9790235758,0.0076311557,0.0083418507,0.0050033918
2778,"/kaggle/input/datasets/arafatrahmann/my-data221/Epic and CSCR hospital Dataset/Train/glioma/gg (508).jpg",0,glioma,0,glioma,0.9799256325,0.0052919216,0.0090316962,0.0057507134
2779,"/kaggle/input/datasets/arafatrahmann/my-data221/Epic and CSCR hospital Dataset/Train/glioma/gg (509).jpg",0,glioma,0,glioma,0.9792617559,0.0060364311,0.0088697392,0.0058321157
2789,"/kaggle/input/datasets/arafatrahmann/my-data221/Epic and CSCR hospital Dataset/Train/glioma/gg (518).jpg",0,glioma,0,glioma,0.9811118841,0.0055815922,0.0078688636,0.0054376507
2800,"/kaggle/input/datasets/arafatrahmann/my-data221/Epic and CSCR hospital Dataset/Train/glioma/gg (528).jpg",0,glioma,0,glioma,0.9801326990,0.0058435248,0.0087597817,0.0052640908
2802,"/kaggle/input/datasets/arafatrahmann/my-data221/Epic and CSCR hospital Dataset/Train/glioma/gg (53).jpg",0,glioma,0,glioma,0.9792095423,0.0065856827,0.0085718362,0.0056328471
2805,"/kaggle/input/datasets/arafatrahmann/my-data221/Epic and CSCR hospital Dataset/Train/glioma/gg (532).jpg",0,glioma,0,glioma,0.9786393046,0.0072223740,0.0084824702,0.0056557893
2806,"/kaggle/input/datasets/arafatrahmann/my-data221/Epic and CSCR hospital Dataset/Train/glioma/gg (533).jpg",0,glioma,0,glioma,0.9798784256,0.0069246753,0.0078642583,0.0053326879
2811,"/kaggle/input/datasets/arafatrahmann/my-data221/Epic and CSCR hospital Dataset/Train/glioma/gg (538).jpg",0,glioma,0,glioma,0.9796769023,0.0066993735,0.0083688237,0.0052549406
2814,"/kaggle/input/datasets/arafatrahmann/my-data221/Epic and CSCR hospital Dataset/Train/glioma/gg (540).jpg",0,glioma,0,glioma,0.9791868329,0.0072393022,0.0082434621,0.0053304108
2815,"/kaggle/input/datasets/arafatrahmann/my-data221/Epic and CSCR hospital Dataset/Train/glioma/gg (541).jpg",0,glioma,0,glioma,0.9797375798,0.0067556323,0.0081686769,0.0053381929
2817,"/kaggle/input/datasets/arafatrahmann/my-data221/Epic and CSCR hospital Dataset/Train/glioma/gg (543).jpg",0,glioma,0,glioma,0.9793246388,0.0066581024,0.0087936129,0.0052236943
2835,"/kaggle/input/datasets/arafatrahmann/my-data221/Epic and CSCR hospital Dataset/Train/glioma/gg (56).jpg",0,glioma,0,glioma,0.9780889750,0.0080458745,0.0085824747,0.0052826949
2844,"/kaggle/input/datasets/arafatrahmann/my-data221/Epic and CSCR hospital Dataset/Train/glioma/gg (568).jpg",0,glioma,0,glioma,0.9781266451,0.0080656353,0.0085665043,0.0052412273
2847,"/kaggle/input/datasets/arafatrahmann/my-data221/Epic and CSCR hospital Dataset/Train/glioma/gg (570).jpg",0,glioma,0,glioma,0.9801328778,0.0065349862,0.0080238907,0.0053082160
2848,"/kaggle/input/datasets/arafatrahmann/my-data221/Epic and CSCR hospital Dataset/Train/glioma/gg (571).jpg",0,glioma,0,glioma,0.9804291725,0.0058811470,0.0082182558,0.0054713776
2857,"/kaggle/input/datasets/arafatrahmann/my-data221/Epic and CSCR hospital Dataset/Train/glioma/gg (58).jpg",0,glioma,0,glioma,0.9783733487,0.0078585166,0.0087102149,0.0050579524
2863,"/kaggle/input/datasets/arafatrahmann/my-data221/Epic and CSCR hospital Dataset/Train/glioma/gg (585).jpg",0,glioma,0,glioma,0.9786473513,0.0056494223,0.0105573107,0.0051458464
2865,"/kaggle/input/datasets/arafatrahmann/my-data221/Epic and CSCR hospital Dataset/Train/glioma/gg (587).jpg",0,glioma,0,glioma,0.9780334234,0.0066834427,0.0101501495,0.0051328195
2869,"/kaggle/input/datasets/arafatrahmann/my-data221/Epic and CSCR hospital Dataset/Train/glioma/gg (590).jpg",0,glioma,0,glioma,0.9787446260,0.0057923263,0.0101577612,0.0053053414
2875,"/kaggle/input/datasets/arafatrahmann/my-data221/Epic and CSCR hospital Dataset/Train/glioma/gg (596).jpg",0,glioma,0,glioma,0.9801265001,0.0052436744,0.0091831172,0.0054467339
2878,"/kaggle/input/datasets/arafatrahmann/my-data221/Epic and CSCR hospital Dataset/Train/glioma/gg (599).jpg",0,glioma,0,glioma,0.9799721837,0.0065757288,0.0082508083,0.0052012722
2909,"/kaggle/input/datasets/arafatrahmann/my-data221/Epic and CSCR hospital Dataset/Train/glioma/gg (626).jpg",0,glioma,0,glioma,0.9796660542,0.0062957830,0.0079564741,0.0060816547
2911,"/kaggle/input/datasets/arafatrahmann/my-data221/Epic and CSCR hospital Dataset/Train/glioma/gg (628).jpg",0,glioma,0,glioma,0.9802157283,0.0063297912,0.0082932832,0.0051611150
2914,"/kaggle/input/datasets/arafatrahmann/my-data221/Epic and CSCR hospital Dataset/Train/glioma/gg (630).jpg",0,glioma,0,glioma,0.8861024976,0.0085116504,0.0071464009,0.0982395187
2927,"/kaggle/input/datasets/arafatrahmann/my-data221/Epic and CSCR hospital Dataset/Train/glioma/gg (642).jpg",0,glioma,0,glioma,0.9789221883,0.0046830336,0.0080397017,0.0083551053
2942,"/kaggle/input/datasets/arafatrahmann/my-data221/Epic and CSCR hospital Dataset/Train/glioma/gg (668).jpg",0,glioma,0,glioma,0.9801157117,0.0058146073,0.0087880995,0.0052816845
2944,"/kaggle/input/datasets/arafatrahmann/my-data221/Epic and CSCR hospital Dataset/Train/glioma/gg (670).jpg",0,glioma,0,glioma,0.9784385562,0.0070418641,0.0092898738,0.0052297451
2949,"/kaggle/input/datasets/arafatrahmann/my-data221/Epic and CSCR hospital Dataset/Train/glioma/gg (675).jpg",0,glioma,0,glioma,0.9791684151,0.0067497925,0.0084880497,0.0055937329
2955,"/kaggle/input/datasets/arafatrahmann/my-data221/Epic and CSCR hospital Dataset/Train/glioma/image(12).jpg",0,glioma,0,glioma,0.9726859927,0.0128535014,0.0069001773,0.0075603598
2956,"/kaggle/input/datasets/arafatrahmann/my-data221/Epic and CSCR hospital Dataset/Train/glioma/image(13).jpg",0,glioma,0,glioma,0.9291068316,0.0550161600,0.0084016407,0.0074754218
2958,"/kaggle/input/datasets/arafatrahmann/my-data221/Epic and CSCR hospital Dataset/Train/glioma/image(15).jpg",0,glioma,2,notumor,0.0072944807,0.0093177296,0.9696930647,0.0136947092
2960,"/kaggle/input/datasets/arafatrahmann/my-data221/Epic and CSCR hospital Dataset/Train/glioma/image(17).jpg",0,glioma,0,glioma,0.9339988828,0.0520521216,0.0073186345,0.0066303038
2965,"/kaggle/input/datasets/arafatrahmann/my-data221/Epic and CSCR hospital Dataset/Train/glioma/image(21).jpg",0,glioma,0,glioma,0.9733456373,0.0055011315,0.0137724448,0.0073808366
2967,"/kaggle/input/datasets/arafatrahmann/my-data221/Epic and CSCR hospital Dataset/Train/glioma/image(23).jpg",0,glioma,0,glioma,0.9281364679,0.0360411890,0.0306721441,0.0051501649
2969,"/kaggle/input/datasets/arafatrahmann/my-data221/Epic and CSCR hospital Dataset/Train/glioma/image(25).jpg",0,glioma,0,glioma,0.9602231979,0.0039825188,0.0267713554,0.0090230135
2977,"/kaggle/input/datasets/arafatrahmann/my-data221/Epic and CSCR hospital Dataset/Train/glioma/image(32).jpg",0,glioma,0,glioma,0.9781955481,0.0076638525,0.0089825038,0.0051579997
2978,"/kaggle/input/datasets/arafatrahmann/my-data221/Epic and CSCR hospital Dataset/Train/glioma/image(33).jpg",0,glioma,2,notumor,0.0063654268,0.0340329781,0.9488258362,0.0107757701
2995,"/kaggle/input/datasets/arafatrahmann/my-data221/Epic and CSCR hospital Dataset/Train/glioma/image(66).jpg",0,glioma,0,glioma,0.9793494344,0.0061181705,0.0092759905,0.0052564954
3001,"/kaggle/input/datasets/arafatrahmann/my-data221/Epic and CSCR hospital Dataset/Train/glioma/image(72).jpg",0,glioma,0,glioma,0.9799666405,0.0057173478,0.0089959307,0.0053199884
3013,"/kaggle/input/datasets/arafatrahmann/my-data221/Epic and CSCR hospital Dataset/Train/glioma/image(84).jpg",0,glioma,0,glioma,0.9318653941,0.0552589595,0.0072684535,0.0056072040
3015,"/kaggle/input/datasets/arafatrahmann/my-data221/Epic and CSCR hospital Dataset/Train/glioma/image(86).jpg",0,glioma,0,glioma,0.7054901719,0.0098574702,0.2691116035,0.0155407544
3021,"/kaggle/input/datasets/arafatrahmann/my-data221/Epic and CSCR hospital Dataset/Train/meningioma/1303.jpg",1,meningioma,1,meningioma,0.0095260646,0.9789635539,0.0073445523,0.0041658427
3024,"/kaggle/input/datasets/arafatrahmann/my-data221/Epic and CSCR hospital Dataset/Train/meningioma/1306.jpg",1,meningioma,1,meningioma,0.0080759618,0.9805030823,0.0062155714,0.0052053346
3033,"/kaggle/input/datasets/arafatrahmann/my-data221/Epic and CSCR hospital Dataset/Train/meningioma/1315.jpg",1,meningioma,1,meningioma,0.0103502823,0.9788955450,0.0060322373,0.0047218464
3050,"/kaggle/input/datasets/arafatrahmann/my-data221/Epic and CSCR hospital Dataset/Train/meningioma/1332.jpg",1,meningioma,1,meningioma,0.0081547787,0.9817320108,0.0061326725,0.0039806021
3051,"/kaggle/input/datasets/arafatrahmann/my-data221/Epic and CSCR hospital Dataset/Train/meningioma/1333.jpg",1,meningioma,1,meningioma,0.0081372401,0.9807998538,0.0063487338,0.0047142059
3055,"/kaggle/input/datasets/arafatrahmann/my-data221/Epic and CSCR hospital Dataset/Train/meningioma/1337.jpg",1,meningioma,1,meningioma,0.1132460833,0.8755143285,0.0068832175,0.0043563577
3059,"/kaggle/input/datasets/arafatrahmann/my-data221/Epic and CSCR hospital Dataset/Train/meningioma/1341.jpg",1,meningioma,1,meningioma,0.0074792192,0.9823795557,0.0063782074,0.0037629742
3067,"/kaggle/input/datasets/arafatrahmann/my-data221/Epic and CSCR hospital Dataset/Train/meningioma/1349.jpg",1,meningioma,1,meningioma,0.0077483938,0.9818583727,0.0063110641,0.0040821512
3072,"/kaggle/input/datasets/arafatrahmann/my-data221/Epic and CSCR hospital Dataset/Train/meningioma/1354.jpg",1,meningioma,1,meningioma,0.0084205894,0.9798141718,0.0058708577,0.0058944570
3073,"/kaggle/input/datasets/arafatrahmann/my-data221/Epic and CSCR hospital Dataset/Train/meningioma/1355.jpg",1,meningioma,1,meningioma,0.0062185465,0.9834398031,0.0063368469,0.0040047681
3074,"/kaggle/input/datasets/arafatrahmann/my-data221/Epic and CSCR hospital Dataset/Train/meningioma/1356.jpg",1,meningioma,1,meningioma,0.0132089378,0.9754436612,0.0064457157,0.0049017156
3077,"/kaggle/input/datasets/arafatrahmann/my-data221/Epic and CSCR hospital Dataset/Train/meningioma/1359.jpg",1,meningioma,1,meningioma,0.0076255263,0.9817540050,0.0060472465,0.0045732236
3079,"/kaggle/input/datasets/arafatrahmann/my-data221/Epic and CSCR hospital Dataset/Train/meningioma/1361.jpg",1,meningioma,1,meningioma,0.0066518388,0.9821724892,0.0058653364,0.0053102737
3081,"/kaggle/input/datasets/arafatrahmann/my-data221/Epic and CSCR hospital Dataset/Train/meningioma/1363.jpg",1,meningioma,3,pituitary,0.0096630463,0.0388230830,0.0051082633,0.9464055300
3084,"/kaggle/input/datasets/arafatrahmann/my-data221/Epic and CSCR hospital Dataset/Train/meningioma/1366.jpg",1,meningioma,1,meningioma,0.0104725678,0.9785403013,0.0062021511,0.0047849291
3093,"/kaggle/input/datasets/arafatrahmann/my-data221/Epic and CSCR hospital Dataset/Train/meningioma/1375.jpg",1,meningioma,1,meningioma,0.0158908907,0.9725418091,0.0063886070,0.0051786643
3094,"/kaggle/input/datasets/arafatrahmann/my-data221/Epic and CSCR hospital Dataset/Train/meningioma/1376.jpg",1,meningioma,1,meningioma,0.0083821891,0.9808308482,0.0062015154,0.0045854738
3100,"/kaggle/input/datasets/arafatrahmann/my-data221/Epic and CSCR hospital Dataset/Train/meningioma/1382.jpg",1,meningioma,1,meningioma,0.0098663680,0.9795630574,0.0064864447,0.0040841727
3101,"/kaggle/input/datasets/arafatrahmann/my-data221/Epic and CSCR hospital Dataset/Train/meningioma/1383.jpg",1,meningioma,1,meningioma,0.0093609234,0.9802045822,0.0064100726,0.0040243352
3110,"/kaggle/input/datasets/arafatrahmann/my-data221/Epic and CSCR hospital Dataset/Train/meningioma/1392.jpg",1,meningioma,1,meningioma,0.0073600477,0.9794825315,0.0058518192,0.0073056123
3128,"/kaggle/input/datasets/arafatrahmann/my-data221/Epic and CSCR hospital Dataset/Train/meningioma/1410.jpg",1,meningioma,1,meningioma,0.0072927424,0.9824587703,0.0063480390,0.0039005224
3133,"/kaggle/input/datasets/arafatrahmann/my-data221/Epic and CSCR hospital Dataset/Train/meningioma/1415.jpg",1,meningioma,1,meningioma,0.0072512152,0.9799689054,0.0056517273,0.0071282103
3137,"/kaggle/input/datasets/arafatrahmann/my-data221/Epic and CSCR hospital Dataset/Train/meningioma/1419.jpg",1,meningioma,1,meningioma,0.0071711005,0.9825231433,0.0061485409,0.0041572116
3138,"/kaggle/input/datasets/arafatrahmann/my-data221/Epic and CSCR hospital Dataset/Train/meningioma/1420.jpg",1,meningioma,1,meningioma,0.0085114585,0.9798079729,0.0061628469,0.0055176504
3141,"/kaggle/input/datasets/arafatrahmann/my-data221/Epic and CSCR hospital Dataset/Train/meningioma/1423.jpg",1,meningioma,1,meningioma,0.0095806774,0.9795269966,0.0063632107,0.0045291418
3144,"/kaggle/input/datasets/arafatrahmann/my-data221/Epic and CSCR hospital Dataset/Train/meningioma/1426.jpg",1,meningioma,1,meningioma,0.0109911468,0.9764507413,0.0073966421,0.0051615280
3148,"/kaggle/input/datasets/arafatrahmann/my-data221/Epic and CSCR hospital Dataset/Train/meningioma/1430.jpg",1,meningioma,1,meningioma,0.0084005017,0.9813877940,0.0063448483,0.0038668134
3150,"/kaggle/input/datasets/arafatrahmann/my-data221/Epic and CSCR hospital Dataset/Train/meningioma/1432.jpg",1,meningioma,1,meningioma,0.0063391952,0.9773829579,0.0054903799,0.0107875597
3152,"/kaggle/input/datasets/arafatrahmann/my-data221/Epic and CSCR hospital Dataset/Train/meningioma/1434.jpg",1,meningioma,1,meningioma,0.0077127130,0.9819623828,0.0065278029,0.0037971262
3162,"/kaggle/input/datasets/arafatrahmann/my-data221/Epic and CSCR hospital Dataset/Train/meningioma/1444.jpg",1,meningioma,1,meningioma,0.0177465640,0.9692447782,0.0078656645,0.0051429998
3167,"/kaggle/input/datasets/arafatrahmann/my-data221/Epic and CSCR hospital Dataset/Train/meningioma/M_819_RO_.jpg",1,meningioma,1,meningioma,0.0069362447,0.9822999835,0.0065174215,0.0042463411
3170,"/kaggle/input/datasets/arafatrahmann/my-data221/Epic and CSCR hospital Dataset/Train/meningioma/M_820.jpg",1,meningioma,1,meningioma,0.0069914758,0.9827333689,0.0064947703,0.0037805047
3173,"/kaggle/input/datasets/arafatrahmann/my-data221/Epic and CSCR hospital Dataset/Train/meningioma/M_820_HF_.jpg",1,meningioma,1,meningioma,0.0072038346,0.9824720621,0.0066904752,0.0036336866
3176,"/kaggle/input/datasets/arafatrahmann/my-data221/Epic and CSCR hospital Dataset/Train/meningioma/M_820_VF_.jpg",1,meningioma,1,meningioma,0.0071034110,0.9822989702,0.0063748965,0.0042227837
3178,"/kaggle/input/datasets/arafatrahmann/my-data221/Epic and CSCR hospital Dataset/Train/meningioma/M_821_BR_.jpg",1,meningioma,1,meningioma,0.0094952639,0.9781478047,0.0065130144,0.0058439430
3181,"/kaggle/input/datasets/arafatrahmann/my-data221/Epic and CSCR hospital Dataset/Train/meningioma/M_821_RO_.jpg",1,meningioma,1,meningioma,0.0073448136,0.7974838614,0.0058716028,0.1892996728
3194,"/kaggle/input/datasets/arafatrahmann/my-data221/Epic and CSCR hospital Dataset/Train/meningioma/M_823_HF_.jpg",1,meningioma,1,meningioma,0.0092498548,0.9789037704,0.0066998331,0.0051465882
3198,"/kaggle/input/datasets/arafatrahmann/my-data221/Epic and CSCR hospital Dataset/Train/meningioma/M_824.jpg",1,meningioma,1,meningioma,0.0070497198,0.9821060896,0.0063856421,0.0044585997
3203,"/kaggle/input/datasets/arafatrahmann/my-data221/Epic and CSCR hospital Dataset/Train/meningioma/M_824_SP_.jpg",1,meningioma,1,meningioma,0.0086983573,0.9808716774,0.0060620252,0.0043679453
3205,"/kaggle/input/datasets/arafatrahmann/my-data221/Epic and CSCR hospital Dataset/Train/meningioma/M_825.jpg",1,meningioma,1,meningioma,0.0069627613,0.9821617007,0.0065635145,0.0043120375
3209,"/kaggle/input/datasets/arafatrahmann/my-data221/Epic and CSCR hospital Dataset/Train/meningioma/M_825_RO_.jpg",1,meningioma,1,meningioma,0.0087353848,0.9795247316,0.0066046491,0.0051352517
3210,"/kaggle/input/datasets/arafatrahmann/my-data221/Epic and CSCR hospital Dataset/Train/meningioma/M_825_SP_.jpg",1,meningioma,1,meningioma,0.0084244125,0.9810905457,0.0060282731,0.0044567850
3215,"/kaggle/input/datasets/arafatrahmann/my-data221/Epic and CSCR hospital Dataset/Train/meningioma/M_826_HF_.jpg",1,meningioma,1,meningioma,0.0073974147,0.9818280935,0.0066501028,0.0041243336
3219,"/kaggle/input/datasets/arafatrahmann/my-data221/Epic and CSCR hospital Dataset/Train/meningioma/M_827.jpg",1,meningioma,1,meningioma,0.0077137509,0.9816331863,0.0058944118,0.0047586127
3228,"/kaggle/input/datasets/arafatrahmann/my-data221/Epic and CSCR hospital Dataset/Train/meningioma/M_828_DA_.jpg",1,meningioma,1,meningioma,0.0099299941,0.9795972705,0.0065016793,0.0039709578
3230,"/kaggle/input/datasets/arafatrahmann/my-data221/Epic and CSCR hospital Dataset/Train/meningioma/M_828_RO_.jpg",1,meningioma,1,meningioma,0.0087603489,0.9805949926,0.0063057640,0.0043387949
3234,"/kaggle/input/datasets/arafatrahmann/my-data221/Epic and CSCR hospital Dataset/Train/meningioma/M_829_BR_.jpg",1,meningioma,1,meningioma,0.0080070999,0.9812853932,0.0065844632,0.0041231336
3237,"/kaggle/input/datasets/arafatrahmann/my-data221/Epic and CSCR hospital Dataset/Train/meningioma/M_829_RO_.jpg",1,meningioma,1,meningioma,0.0084234383,0.9808499217,0.0062150192,0.0045116064
3239,"/kaggle/input/datasets/arafatrahmann/my-data221/Epic and CSCR hospital Dataset/Train/meningioma/M_829_VF_.jpg",1,meningioma,1,meningioma,0.0080506401,0.9808187485,0.0062419879,0.0048886715
3247,"/kaggle/input/datasets/arafatrahmann/my-data221/Epic and CSCR hospital Dataset/Train/meningioma/M_831.jpg",1,meningioma,1,meningioma,0.0073616863,0.9813627005,0.0061143683,0.0051612346
3269,"/kaggle/input/datasets/arafatrahmann/my-data221/Epic and CSCR hospital Dataset/Train/meningioma/M_834_BR_.jpg",1,meningioma,1,meningioma,0.0123671656,0.9749411345,0.0079258550,0.0047657480
3277,"/kaggle/input/datasets/arafatrahmann/my-data221/Epic and CSCR hospital Dataset/Train/meningioma/M_835_DA_.jpg",1,meningioma,1,meningioma,0.0077996971,0.9818301201,0.0061957175,0.0041744355
3278,"/kaggle/input/datasets/arafatrahmann/my-data221/Epic and CSCR hospital Dataset/Train/meningioma/M_835_HF_.jpg",1,meningioma,1,meningioma,0.0069338805,0.9823638201,0.0060741976,0.0046280813
3282,"/kaggle/input/datasets/arafatrahmann/my-data221/Epic and CSCR hospital Dataset/Train/meningioma/M_836.jpg",1,meningioma,1,meningioma,0.0071182102,0.9823505282,0.0060602995,0.0044710473
3296,"/kaggle/input/datasets/arafatrahmann/my-data221/Epic and CSCR hospital Dataset/Train/meningioma/M_838.jpg",1,meningioma,1,meningioma,0.0073387697,0.9819000363,0.0058488837,0.0049123624
3297,"/kaggle/input/datasets/arafatrahmann/my-data221/Epic and CSCR hospital Dataset/Train/meningioma/M_838_BR_.jpg",1,meningioma,1,meningioma,0.0093937721,0.9801634550,0.0059684967,0.0044742762
3299,"/kaggle/input/datasets/arafatrahmann/my-data221/Epic and CSCR hospital Dataset/Train/meningioma/M_838_HF_.jpg",1,meningioma,1,meningioma,0.0073434575,0.9820602536,0.0060322667,0.0045640357
3301,"/kaggle/input/datasets/arafatrahmann/my-data221/Epic and CSCR hospital Dataset/Train/meningioma/M_838_SP_.jpg",1,meningioma,1,meningioma,0.0089877816,0.9801816940,0.0056845695,0.0051459959
3307,"/kaggle/input/datasets/arafatrahmann/my-data221/Epic and CSCR hospital Dataset/Train/meningioma/M_839_RO_.jpg",1,meningioma,1,meningioma,0.0079606846,0.9810985327,0.0060305232,0.0049102055
3309,"/kaggle/input/datasets/arafatrahmann/my-data221/Epic and CSCR hospital Dataset/Train/meningioma/M_839_VF_.jpg",1,meningioma,1,meningioma,0.0086351093,0.9796571732,0.0059281425,0.0057794973
3316,"/kaggle/input/datasets/arafatrahmann/my-data221/Epic and CSCR hospital Dataset/Train/meningioma/M_840_VF_.jpg",1,meningioma,1,meningioma,0.0085795131,0.9794595838,0.0059145349,0.0060463389
3325,"/kaggle/input/datasets/arafatrahmann/my-data221/Epic and CSCR hospital Dataset/Train/meningioma/M_842_BR_.jpg",1,meningioma,1,meningioma,0.0070479503,0.9827080965,0.0069254162,0.0033186506
3326,"/kaggle/input/datasets/arafatrahmann/my-data221/Epic and CSCR hospital Dataset/Train/meningioma/M_842_DA_.jpg",1,meningioma,1,meningioma,0.0084765954,0.9816576242,0.0065873265,0.0032784776
3330,"/kaggle/input/datasets/arafatrahmann/my-data221/Epic and CSCR hospital Dataset/Train/meningioma/M_842_VF_.jpg",1,meningioma,1,meningioma,0.0075597903,0.9820599556,0.0066182157,0.0037620713
3332,"/kaggle/input/datasets/arafatrahmann/my-data221/Epic and CSCR hospital Dataset/Train/meningioma/M_843_BR_.jpg",1,meningioma,1,meningioma,0.0081715006,0.9812550545,0.0068121785,0.0037612785
3333,"/kaggle/input/datasets/arafatrahmann/my-data221/Epic and CSCR hospital Dataset/Train/meningioma/M_843_DA_.jpg",1,meningioma,1,meningioma,0.0088483244,0.9810937643,0.0065698558,0.0034880121
3345,"/kaggle/input/datasets/arafatrahmann/my-data221/Epic and CSCR hospital Dataset/Train/meningioma/M_845.jpg",1,meningioma,1,meningioma,0.0089308340,0.9784962535,0.0059794397,0.0065935613
3346,"/kaggle/input/datasets/arafatrahmann/my-data221/Epic and CSCR hospital Dataset/Train/meningioma/M_845_BR_.jpg",1,meningioma,1,meningioma,0.0168756507,0.9692903757,0.0063110054,0.0075229919
3361,"/kaggle/input/datasets/arafatrahmann/my-data221/Epic and CSCR hospital Dataset/Train/meningioma/M_847_DA_.jpg",1,meningioma,1,meningioma,0.0079450449,0.9818938375,0.0064334422,0.0037276559
3362,"/kaggle/input/datasets/arafatrahmann/my-data221/Epic and CSCR hospital Dataset/Train/meningioma/M_847_HF_.jpg",1,meningioma,1,meningioma,0.0079124849,0.9816098213,0.0063027181,0.0041750125
3366,"/kaggle/input/datasets/arafatrahmann/my-data221/Epic and CSCR hospital Dataset/Train/meningioma/M_848.jpg",1,meningioma,1,meningioma,0.0076508373,0.9819839597,0.0062171407,0.0041479925
3381,"/kaggle/input/datasets/arafatrahmann/my-data221/Epic and CSCR hospital Dataset/Train/meningioma/M_850_BR_.jpg",1,meningioma,1,meningioma,0.0070570558,0.9817236066,0.0073660701,0.0038533073
3387,"/kaggle/input/datasets/arafatrahmann/my-data221/Epic and CSCR hospital Dataset/Train/meningioma/M_851.jpg",1,meningioma,1,meningioma,0.0082719028,0.9810781479,0.0069298199,0.0037200979
3388,"/kaggle/input/datasets/arafatrahmann/my-data221/Epic and CSCR hospital Dataset/Train/meningioma/M_851_BR_.jpg",1,meningioma,1,meningioma,0.0110575538,0.9777073860,0.0074645863,0.0037705074
3393,"/kaggle/input/datasets/arafatrahmann/my-data221/Epic and CSCR hospital Dataset/Train/meningioma/M_851_VF_.jpg",1,meningioma,1,meningioma,0.0071968930,0.9820240140,0.0071792854,0.0035997480
3410,"/kaggle/input/datasets/arafatrahmann/my-data221/Epic and CSCR hospital Dataset/Train/meningioma/M_854_DA_.jpg",1,meningioma,1,meningioma,0.0071346373,0.9826809764,0.0063302531,0.0038540482
3428,"/kaggle/input/datasets/arafatrahmann/my-data221/Epic and CSCR hospital Dataset/Train/meningioma/M_856_VF_.jpg",1,meningioma,1,meningioma,0.0255703535,0.9613105059,0.0075619146,0.0055573070
3432,"/kaggle/input/datasets/arafatrahmann/my-data221/Epic and CSCR hospital Dataset/Train/meningioma/M_857_HF_.jpg",1,meningioma,1,meningioma,0.0064143552,0.9830750227,0.0066208774,0.0038896792
3434,"/kaggle/input/datasets/arafatrahmann/my-data221/Epic and CSCR hospital Dataset/Train/meningioma/M_857_SP_.jpg",1,meningioma,1,meningioma,0.0628887564,0.9249457121,0.0063234381,0.0058420817
3437,"/kaggle/input/datasets/arafatrahmann/my-data221/Epic and CSCR hospital Dataset/Train/meningioma/M_858_BR_.jpg",1,meningioma,1,meningioma,0.0069058081,0.9826185107,0.0072970698,0.0031785567
3438,"/kaggle/input/datasets/arafatrahmann/my-data221/Epic and CSCR hospital Dataset/Train/meningioma/M_858_DA_.jpg",1,meningioma,1,meningioma,0.0079884771,0.9821020961,0.0065605314,0.0033489154
3443,"/kaggle/input/datasets/arafatrahmann/my-data221/Epic and CSCR hospital Dataset/Train/meningioma/M_859.jpg",1,meningioma,1,meningioma,0.0077083944,0.9823421240,0.0065225610,0.0034269397
3446,"/kaggle/input/datasets/arafatrahmann/my-data221/Epic and CSCR hospital Dataset/Train/meningioma/M_859_HF_.jpg",1,meningioma,1,meningioma,0.0079970919,0.9817628860,0.0064717620,0.0037682322
3448,"/kaggle/input/datasets/arafatrahmann/my-data221/Epic and CSCR hospital Dataset/Train/meningioma/M_859_SP_.jpg",1,meningioma,1,meningioma,0.1943339705,0.7942842245,0.0070169852,0.0043648137
3461,"/kaggle/input/datasets/arafatrahmann/my-data221/Epic and CSCR hospital Dataset/Train/meningioma/M_861_RO_.jpg",1,meningioma,1,meningioma,0.0071180537,0.9819928408,0.0064804554,0.0044086669
3466,"/kaggle/input/datasets/arafatrahmann/my-data221/Epic and CSCR hospital Dataset/Train/meningioma/M_862_DA_.jpg",1,meningioma,1,meningioma,0.0075926618,0.9823428392,0.0064295828,0.0036349099
3471,"/kaggle/input/datasets/arafatrahmann/my-data221/Epic and CSCR hospital Dataset/Train/meningioma/M_863.jpg",1,meningioma,1,meningioma,0.0089002205,0.9803352356,0.0064062634,0.0043582655
3474,"/kaggle/input/datasets/arafatrahmann/my-data221/Epic and CSCR hospital Dataset/Train/meningioma/M_863_HF_.jpg",1,meningioma,1,meningioma,0.0077035739,0.9818680882,0.0064863460,0.0039419741
3482,"/kaggle/input/datasets/arafatrahmann/my-data221/Epic and CSCR hospital Dataset/Train/meningioma/M_864_RO_.jpg",1,meningioma,1,meningioma,0.0085151270,0.9805144072,0.0062879100,0.0046824650
3483,"/kaggle/input/datasets/arafatrahmann/my-data221/Epic and CSCR hospital Dataset/Train/meningioma/M_864_SP_.jpg",1,meningioma,1,meningioma,0.0087899100,0.9811261296,0.0060747163,0.0040093227
3485,"/kaggle/input/datasets/arafatrahmann/my-data221/Epic and CSCR hospital Dataset/Train/meningioma/M_865.jpg",1,meningioma,1,meningioma,0.0085258177,0.9807766676,0.0064000799,0.0042973566
3487,"/kaggle/input/datasets/arafatrahmann/my-data221/Epic and CSCR hospital Dataset/Train/meningioma/M_865_DA_.jpg",1,meningioma,1,meningioma,0.0087096943,0.9810014963,0.0065373098,0.0037515082
3490,"/kaggle/input/datasets/arafatrahmann/my-data221/Epic and CSCR hospital Dataset/Train/meningioma/M_865_SP_.jpg",1,meningioma,1,meningioma,0.0097039277,0.9796754122,0.0062344070,0.0043863091
3493,"/kaggle/input/datasets/arafatrahmann/my-data221/Epic and CSCR hospital Dataset/Train/meningioma/M_866_BR_.jpg",1,meningioma,1,meningioma,0.0106295440,0.9777075648,0.0071357437,0.0045270710
3498,"/kaggle/input/datasets/arafatrahmann/my-data221/Epic and CSCR hospital Dataset/Train/meningioma/M_866_VF_.jpg",1,meningioma,1,meningioma,0.0078728944,0.9813349843,0.0063587562,0.0044333353
3499,"/kaggle/input/datasets/arafatrahmann/my-data221/Epic and CSCR hospital Dataset/Train/meningioma/M_867.jpg",1,meningioma,1,meningioma,0.0537023172,0.9331430197,0.0073466748,0.0058080819
3502,"/kaggle/input/datasets/arafatrahmann/my-data221/Epic and CSCR hospital Dataset/Train/meningioma/M_867_HF_.jpg",1,meningioma,1,meningioma,0.0574259870,0.9293767214,0.0073247114,0.0058725416
3508,"/kaggle/input/datasets/arafatrahmann/my-data221/Epic and CSCR hospital Dataset/Train/meningioma/M_868_DA_.jpg",1,meningioma,1,meningioma,0.0073170909,0.9821389914,0.0066196225,0.0039242469
3519,"/kaggle/input/datasets/arafatrahmann/my-data221/Epic and CSCR hospital Dataset/Train/meningioma/M_869_VF_.jpg",1,meningioma,1,meningioma,0.0068432027,0.9819148779,0.0061499132,0.0050919410
3532,"/kaggle/input/datasets/arafatrahmann/my-data221/Epic and CSCR hospital Dataset/Train/meningioma/M_871_SP_.jpg",1,meningioma,1,meningioma,0.1285288185,0.8589674830,0.0074557411,0.0050478964
3536,"/kaggle/input/datasets/arafatrahmann/my-data221/Epic and CSCR hospital Dataset/Train/meningioma/M_872_DA_.jpg",1,meningioma,1,meningioma,0.0092373313,0.9797779918,0.0063434551,0.0046412260
3549,"/kaggle/input/datasets/arafatrahmann/my-data221/Epic and CSCR hospital Dataset/Train/meningioma/M_874_BR_.jpg",1,meningioma,1,meningioma,0.0079047699,0.9808229208,0.0064213471,0.0048509617
3558,"/kaggle/input/datasets/arafatrahmann/my-data221/Epic and CSCR hospital Dataset/Train/meningioma/M_875_HF_.jpg",1,meningioma,1,meningioma,0.0069878064,0.9820508957,0.0061913552,0.0047700009
3562,"/kaggle/input/datasets/arafatrahmann/my-data221/Epic and CSCR hospital Dataset/Train/meningioma/M_876.jpg",1,meningioma,1,meningioma,0.0070301048,0.9822655916,0.0062033669,0.0045008673
3564,"/kaggle/input/datasets/arafatrahmann/my-data221/Epic and CSCR hospital Dataset/Train/meningioma/M_876_DA_.jpg",1,meningioma,1,meningioma,0.0077835144,0.9814831614,0.0066158487,0.0041175187
3566,"/kaggle/input/datasets/arafatrahmann/my-data221/Epic and CSCR hospital Dataset/Train/meningioma/M_876_RO_.jpg",1,meningioma,1,meningioma,0.0071299942,0.9820564389,0.0061566466,0.0046569351
3567,"/kaggle/input/datasets/arafatrahmann/my-data221/Epic and CSCR hospital Dataset/Train/meningioma/M_876_SP_.jpg",1,meningioma,1,meningioma,0.0084713828,0.9811497927,0.0059340708,0.0044447877
3575,"/kaggle/input/datasets/arafatrahmann/my-data221/Epic and CSCR hospital Dataset/Train/meningioma/M_877_VF_.jpg",1,meningioma,1,meningioma,0.0108303027,0.9773651361,0.0065673450,0.0052372860
3586,"/kaggle/input/datasets/arafatrahmann/my-data221/Epic and CSCR hospital Dataset/Train/meningioma/M_879_HF_.jpg",1,meningioma,1,meningioma,0.0091078393,0.9801387787,0.0062493691,0.0045040329
3594,"/kaggle/input/datasets/arafatrahmann/my-data221/Epic and CSCR hospital Dataset/Train/meningioma/M_880_RO_.jpg",1,meningioma,1,meningioma,0.0073062917,0.9824652672,0.0063252980,0.0039031799
3601,"/kaggle/input/datasets/arafatrahmann/my-data221/Epic and CSCR hospital Dataset/Train/meningioma/M_881_RO_.jpg",1,meningioma,1,meningioma,0.0068314681,0.9827637672,0.0062879645,0.0041167359
3614,"/kaggle/input/datasets/arafatrahmann/my-data221/Epic and CSCR hospital Dataset/Train/meningioma/M_883_HF_.jpg",1,meningioma,1,meningioma,0.0081595238,0.9816152453,0.0063991994,0.0038260552
3627,"/kaggle/input/datasets/arafatrahmann/my-data221/Epic and CSCR hospital Dataset/Train/meningioma/M_885_DA_.jpg",1,meningioma,1,meningioma,0.0073465416,0.9825503230,0.0062634139,0.0038396847
3629,"/kaggle/input/datasets/arafatrahmann/my-data221/Epic and CSCR hospital Dataset/Train/meningioma/M_885_RO_.jpg",1,meningioma,1,meningioma,0.0068857903,0.9826596975,0.0061595896,0.0042948448
3630,"/kaggle/input/datasets/arafatrahmann/my-data221/Epic and CSCR hospital Dataset/Train/meningioma/M_885_SP_.jpg",1,meningioma,1,meningioma,0.0075628711,0.9819053411,0.0057798917,0.0047519635
3633,"/kaggle/input/datasets/arafatrahmann/my-data221/Epic and CSCR hospital Dataset/Train/meningioma/M_886_BR_.jpg",1,meningioma,1,meningioma,0.0071027959,0.9826599956,0.0068757096,0.0033614722
3637,"/kaggle/input/datasets/arafatrahmann/my-data221/Epic and CSCR hospital Dataset/Train/meningioma/M_886_SP_.jpg",1,meningioma,1,meningioma,0.0180710834,0.9706209302,0.0065981285,0.0047098221
3641,"/kaggle/input/datasets/arafatrahmann/my-data221/Epic and CSCR hospital Dataset/Train/meningioma/M_887_DA_.jpg",1,meningioma,1,meningioma,0.0084569883,0.9813219309,0.0065205181,0.0037006061
3649,"/kaggle/input/datasets/arafatrahmann/my-data221/Epic and CSCR hospital Dataset/Train/meningioma/Te-me_0064.jpg",1,meningioma,1,meningioma,0.0130452756,0.9747112989,0.0062140599,0.0060292906
3658,"/kaggle/input/datasets/arafatrahmann/my-data221/Epic and CSCR hospital Dataset/Train/meningioma/Te-me_0073.jpg",1,meningioma,1,meningioma,0.0135809239,0.9751015902,0.0060772388,0.0052401982
3659,"/kaggle/input/datasets/arafatrahmann/my-data221/Epic and CSCR hospital Dataset/Train/meningioma/Te-me_0074.jpg",1,meningioma,1,meningioma,0.0124398600,0.9768703580,0.0068202876,0.0038695005
3663,"/kaggle/input/datasets/arafatrahmann/my-data221/Epic and CSCR hospital Dataset/Train/meningioma/Te-me_0078.jpg",1,meningioma,1,meningioma,0.0100652780,0.9789395332,0.0068865553,0.0041086292
3672,"/kaggle/input/datasets/arafatrahmann/my-data221/Epic and CSCR hospital Dataset/Train/meningioma/Te-me_0087.jpg",1,meningioma,1,meningioma,0.0068791034,0.9808311462,0.0064551085,0.0058346936
3677,"/kaggle/input/datasets/arafatrahmann/my-data221/Epic and CSCR hospital Dataset/Train/meningioma/Te-me_0092.jpg",1,meningioma,1,meningioma,0.0067179664,0.9800712466,0.0066658789,0.0065450147
3680,"/kaggle/input/datasets/arafatrahmann/my-data221/Epic and CSCR hospital Dataset/Train/meningioma/Te-me_0095.jpg",1,meningioma,1,meningioma,0.0096702380,0.9786737561,0.0067127659,0.0049432181
3682,"/kaggle/input/datasets/arafatrahmann/my-data221/Epic and CSCR hospital Dataset/Train/meningioma/Te-me_0097.jpg",1,meningioma,1,meningioma,0.0145555679,0.9735845327,0.0063325651,0.0055272775
3691,"/kaggle/input/datasets/arafatrahmann/my-data221/Epic and CSCR hospital Dataset/Train/meningioma/Te-me_0117.jpg",1,meningioma,1,meningioma,0.0092255305,0.9805983305,0.0062244409,0.0039516692
3699,"/kaggle/input/datasets/arafatrahmann/my-data221/Epic and CSCR hospital Dataset/Train/meningioma/Te-me_0125.jpg",1,meningioma,1,meningioma,0.0090453103,0.9805843234,0.0061623110,0.0042080046
3701,"/kaggle/input/datasets/arafatrahmann/my-data221/Epic and CSCR hospital Dataset/Train/meningioma/Te-me_0127.jpg",1,meningioma,1,meningioma,0.0071918578,0.9824949503,0.0061328621,0.0041803317
3702,"/kaggle/input/datasets/arafatrahmann/my-data221/Epic and CSCR hospital Dataset/Train/meningioma/Te-me_0128.jpg",1,meningioma,1,meningioma,0.0071517788,0.9821902514,0.0063104117,0.0043475432
3703,"/kaggle/input/datasets/arafatrahmann/my-data221/Epic and CSCR hospital Dataset/Train/meningioma/Te-me_0129.jpg",1,meningioma,1,meningioma,0.0089550624,0.9805296659,0.0064464426,0.0040688291
3706,"/kaggle/input/datasets/arafatrahmann/my-data221/Epic and CSCR hospital Dataset/Train/meningioma/Te-me_0132.jpg",1,meningioma,1,meningioma,0.0065442785,0.9831921458,0.0062221563,0.0040413691
3711,"/kaggle/input/datasets/arafatrahmann/my-data221/Epic and CSCR hospital Dataset/Train/meningioma/Te-me_0137.jpg",1,meningioma,1,meningioma,0.0085138427,0.9806771278,0.0064352951,0.0043736659
3712,"/kaggle/input/datasets/arafatrahmann/my-data221/Epic and CSCR hospital Dataset/Train/meningioma/Te-me_0138.jpg",1,meningioma,1,meningioma,0.0076521905,0.9817028046,0.0060730116,0.0045720609
3716,"/kaggle/input/datasets/arafatrahmann/my-data221/Epic and CSCR hospital Dataset/Train/meningioma/Te-me_0142.jpg",1,meningioma,1,meningioma,0.0098958686,0.9794166684,0.0061868965,0.0045005763
3720,"/kaggle/input/datasets/arafatrahmann/my-data221/Epic and CSCR hospital Dataset/Train/meningioma/Te-me_0146.jpg",1,meningioma,1,meningioma,0.0073046265,0.9824523926,0.0063639199,0.0038791660
3721,"/kaggle/input/datasets/arafatrahmann/my-data221/Epic and CSCR hospital Dataset/Train/meningioma/Te-me_0147.jpg",1,meningioma,1,meningioma,0.0081468951,0.9808589220,0.0061906143,0.0048035523
3722,"/kaggle/input/datasets/arafatrahmann/my-data221/Epic and CSCR hospital Dataset/Train/meningioma/Te-me_0148.jpg",1,meningioma,1,meningioma,0.0068489374,0.9825129509,0.0057937829,0.0048443177
3729,"/kaggle/input/datasets/arafatrahmann/my-data221/Epic and CSCR hospital Dataset/Train/meningioma/Te-me_0155.jpg",1,meningioma,1,meningioma,0.0075594769,0.9819955826,0.0062750848,0.0041699358
3730,"/kaggle/input/datasets/arafatrahmann/my-data221/Epic and CSCR hospital Dataset/Train/meningioma/Te-me_0156.jpg",1,meningioma,3,pituitary,0.0097804163,0.0393939391,0.0051484732,0.9456771612
3731,"/kaggle/input/datasets/arafatrahmann/my-data221/Epic and CSCR hospital Dataset/Train/meningioma/Te-me_0157.jpg",1,meningioma,1,meningioma,0.0077384906,0.9818771482,0.0058678226,0.0045164740
3737,"/kaggle/input/datasets/arafatrahmann/my-data221/Epic and CSCR hospital Dataset/Train/meningioma/Te-me_0163.jpg",1,meningioma,1,meningioma,0.0077339723,0.9789959192,0.0063641830,0.0069059059
3739,"/kaggle/input/datasets/arafatrahmann/my-data221/Epic and CSCR hospital Dataset/Train/meningioma/Te-me_0165.jpg",1,meningioma,1,meningioma,0.0086100101,0.9802524447,0.0061273528,0.0050102035
3749,"/kaggle/input/datasets/arafatrahmann/my-data221/Epic and CSCR hospital Dataset/Train/meningioma/Te-me_0175.jpg",1,meningioma,1,meningioma,0.0087593142,0.9810339212,0.0063288575,0.0038779364
3757,"/kaggle/input/datasets/arafatrahmann/my-data221/Epic and CSCR hospital Dataset/Train/meningioma/Te-me_0183.jpg",1,meningioma,1,meningioma,0.0089143738,0.9793165922,0.0059534619,0.0058155647
3758,"/kaggle/input/datasets/arafatrahmann/my-data221/Epic and CSCR hospital Dataset/Train/meningioma/Te-me_0184.jpg",1,meningioma,1,meningioma,0.0076520732,0.9822564125,0.0060886415,0.0040028170
3762,"/kaggle/input/datasets/arafatrahmann/my-data221/Epic and CSCR hospital Dataset/Train/meningioma/Te-me_0188.jpg",1,meningioma,1,meningioma,0.0076798252,0.9821407199,0.0062779896,0.0039013966
3764,"/kaggle/input/datasets/arafatrahmann/my-data221/Epic and CSCR hospital Dataset/Train/meningioma/Te-me_0190.jpg",1,meningioma,1,meningioma,0.0076383837,0.9816614985,0.0061894190,0.0045106676
3766,"/kaggle/input/datasets/arafatrahmann/my-data221/Epic and CSCR hospital Dataset/Train/meningioma/Te-me_0192.jpg",1,meningioma,1,meningioma,0.0080714710,0.9809710383,0.0058953175,0.0050621228
3769,"/kaggle/input/datasets/arafatrahmann/my-data221/Epic and CSCR hospital Dataset/Train/meningioma/Te-me_0195.jpg",1,meningioma,1,meningioma,0.0075796843,0.9821523428,0.0065360153,0.0037319281
3775,"/kaggle/input/datasets/arafatrahmann/my-data221/Epic and CSCR hospital Dataset/Train/meningioma/Te-me_0201.jpg",1,meningioma,1,meningioma,0.0085617620,0.9798247218,0.0061912136,0.0054223975
3777,"/kaggle/input/datasets/arafatrahmann/my-data221/Epic and CSCR hospital Dataset/Train/meningioma/Te-me_0203.jpg",1,meningioma,1,meningioma,0.0072430605,0.9800039530,0.0056696930,0.0070833354
3782,"/kaggle/input/datasets/arafatrahmann/my-data221/Epic and CSCR hospital Dataset/Train/meningioma/Te-me_0208.jpg",1,meningioma,1,meningioma,0.0077529205,0.9814737439,0.0063361218,0.0044371206
3783,"/kaggle/input/datasets/arafatrahmann/my-data221/Epic and CSCR hospital Dataset/Train/meningioma/Te-me_0209.jpg",1,meningioma,1,meningioma,0.0091213454,0.9794638753,0.0060406411,0.0053741471
3784,"/kaggle/input/datasets/arafatrahmann/my-data221/Epic and CSCR hospital Dataset/Train/meningioma/Te-me_0210.jpg",1,meningioma,1,meningioma,0.0084254611,0.9813051224,0.0062855482,0.0039838641
3789,"/kaggle/input/datasets/arafatrahmann/my-data221/Epic and CSCR hospital Dataset/Train/meningioma/Te-me_0215.jpg",1,meningioma,1,meningioma,0.0075829020,0.9811135530,0.0058378410,0.0054658740
3794,"/kaggle/input/datasets/arafatrahmann/my-data221/Epic and CSCR hospital Dataset/Train/meningioma/Te-me_0220.jpg",1,meningioma,1,meningioma,0.0079928413,0.9809168577,0.0065031140,0.0045871958
3802,"/kaggle/input/datasets/arafatrahmann/my-data221/Epic and CSCR hospital Dataset/Train/meningioma/Te-me_0228.jpg",1,meningioma,1,meningioma,0.0071786148,0.9822214842,0.0061832904,0.0044165859
3805,"/kaggle/input/datasets/arafatrahmann/my-data221/Epic and CSCR hospital Dataset/Train/meningioma/Te-me_0231.jpg",1,meningioma,1,meningioma,0.0063050045,0.9828721285,0.0064057657,0.0044171959
3814,"/kaggle/input/datasets/arafatrahmann/my-data221/Epic and CSCR hospital Dataset/Train/meningioma/Te-me_0240.jpg",1,meningioma,1,meningioma,0.0073173521,0.9818562269,0.0062129586,0.0046134819
3823,"/kaggle/input/datasets/arafatrahmann/my-data221/Epic and CSCR hospital Dataset/Train/meningioma/Te-me_0249.jpg",1,meningioma,1,meningioma,0.0147942929,0.9732945561,0.0069425693,0.0049686241
3843,"/kaggle/input/datasets/arafatrahmann/my-data221/Epic and CSCR hospital Dataset/Train/meningioma/Te-me_0280.jpg",1,meningioma,1,meningioma,0.0072442233,0.9805763364,0.0057350597,0.0064443583
3848,"/kaggle/input/datasets/arafatrahmann/my-data221/Epic and CSCR hospital Dataset/Train/meningioma/Te-me_0285.jpg",1,meningioma,1,meningioma,0.0084999474,0.9809385538,0.0064689117,0.0040925546
3857,"/kaggle/input/datasets/arafatrahmann/my-data221/Epic and CSCR hospital Dataset/Train/meningioma/Te-me_0294.jpg",1,meningioma,1,meningioma,0.0071402453,0.9820597768,0.0057650944,0.0050348346
3864,"/kaggle/input/datasets/arafatrahmann/my-data221/Epic and CSCR hospital Dataset/Train/meningioma/Te-me_0301.jpg",1,meningioma,1,meningioma,0.0081081614,0.9817785025,0.0063307406,0.0037825678
3870,"/kaggle/input/datasets/arafatrahmann/my-data221/Epic and CSCR hospital Dataset/Train/meningioma/Tr-me_0032.jpg",1,meningioma,1,meningioma,0.0084231738,0.9811684489,0.0062890439,0.0041193673
3874,"/kaggle/input/datasets/arafatrahmann/my-data221/Epic and CSCR hospital Dataset/Train/meningioma/Tr-me_0036.jpg",1,meningioma,1,meningioma,0.2028970271,0.7837863564,0.0072115036,0.0061051305
3878,"/kaggle/input/datasets/arafatrahmann/my-data221/Epic and CSCR hospital Dataset/Train/meningioma/Tr-me_0040.jpg",1,meningioma,1,meningioma,0.0071002231,0.9827185869,0.0062075406,0.0039736638
3881,"/kaggle/input/datasets/arafatrahmann/my-data221/Epic and CSCR hospital Dataset/Train/meningioma/Tr-me_0073.jpg",1,meningioma,1,meningioma,0.0100930110,0.9793137312,0.0063142157,0.0042790668
3884,"/kaggle/input/datasets/arafatrahmann/my-data221/Epic and CSCR hospital Dataset/Train/meningioma/Tr-me_0076.jpg",1,meningioma,1,meningioma,0.0074715363,0.9817991257,0.0062363977,0.0044929585
3886,"/kaggle/input/datasets/arafatrahmann/my-data221/Epic and CSCR hospital Dataset/Train/meningioma/Tr-me_0078.jpg",1,meningioma,1,meningioma,0.0082122628,0.9814457893,0.0064516244,0.0038903791
3894,"/kaggle/input/datasets/arafatrahmann/my-data221/Epic and CSCR hospital Dataset/Train/meningioma/Tr-me_0086.jpg",1,meningioma,1,meningioma,0.0079215495,0.9818236232,0.0063123824,0.0039424719
3896,"/kaggle/input/datasets/arafatrahmann/my-data221/Epic and CSCR hospital Dataset/Train/meningioma/Tr-me_0088.jpg",1,meningioma,1,meningioma,0.0088863010,0.9803942442,0.0059841098,0.0047353087
3897,"/kaggle/input/datasets/arafatrahmann/my-data221/Epic and CSCR hospital Dataset/Train/meningioma/Tr-me_0089.jpg",1,meningioma,1,meningioma,0.0075467513,0.9822506905,0.0063232100,0.0038793914
3905,"/kaggle/input/datasets/arafatrahmann/my-data221/Epic and CSCR hospital Dataset/Train/meningioma/Tr-me_0097.jpg",1,meningioma,1,meningioma,0.0077255121,0.9811683893,0.0062174373,0.0048887739
3907,"/kaggle/input/datasets/arafatrahmann/my-data221/Epic and CSCR hospital Dataset/Train/meningioma/Tr-me_0099.jpg",1,meningioma,1,meningioma,0.0076043070,0.9819256663,0.0060823997,0.0043875990
3915,"/kaggle/input/datasets/arafatrahmann/my-data221/Epic and CSCR hospital Dataset/Train/meningioma/Tr-me_0107.jpg",1,meningioma,1,meningioma,0.0089130122,0.9798432589,0.0064327740,0.0048110266
3920,"/kaggle/input/datasets/arafatrahmann/my-data221/Epic and CSCR hospital Dataset/Train/meningioma/Tr-me_0112.jpg",1,meningioma,1,meningioma,0.0070605734,0.9782538414,0.0058770762,0.0088085160
3930,"/kaggle/input/datasets/arafatrahmann/my-data221/Epic and CSCR hospital Dataset/Train/meningioma/Tr-me_0124.jpg",1,meningioma,1,meningioma,0.0072362409,0.9814919233,0.0061636497,0.0051082214
3933,"/kaggle/input/datasets/arafatrahmann/my-data221/Epic and CSCR hospital Dataset/Train/meningioma/Tr-me_0127.jpg",1,meningioma,1,meningioma,0.0092632668,0.9792760015,0.0061868988,0.0052738339
3936,"/kaggle/input/datasets/arafatrahmann/my-data221/Epic and CSCR hospital Dataset/Train/meningioma/Tr-me_0130.jpg",1,meningioma,1,meningioma,0.0075680776,0.9819784164,0.0063591832,0.0040943478
3937,"/kaggle/input/datasets/arafatrahmann/my-data221/Epic and CSCR hospital Dataset/Train/meningioma/Tr-me_0131.jpg",1,meningioma,1,meningioma,0.0083642509,0.9812680483,0.0058463989,0.0045214086
3942,"/kaggle/input/datasets/arafatrahmann/my-data221/Epic and CSCR hospital Dataset/Train/meningioma/Tr-me_0136.jpg",1,meningioma,1,meningioma,0.0073970361,0.9806177020,0.0057763094,0.0062090149
3948,"/kaggle/input/datasets/arafatrahmann/my-data221/Epic and CSCR hospital Dataset/Train/meningioma/Tr-me_0142.jpg",1,meningioma,1,meningioma,0.0092541715,0.9804236293,0.0059931478,0.0043291161
3949,"/kaggle/input/datasets/arafatrahmann/my-data221/Epic and CSCR hospital Dataset/Train/meningioma/Tr-me_0143.jpg",1,meningioma,1,meningioma,0.0081167081,0.9816969037,0.0061486838,0.0040377630
3954,"/kaggle/input/datasets/arafatrahmann/my-data221/Epic and CSCR hospital Dataset/Train/meningioma/Tr-me_0148.jpg",1,meningioma,1,meningioma,0.0086256722,0.9809131622,0.0060728588,0.0043883068
3959,"/kaggle/input/datasets/arafatrahmann/my-data221/Epic and CSCR hospital Dataset/Train/meningioma/Tr-me_0153.jpg",1,meningioma,1,meningioma,0.0121587124,0.9763063192,0.0061229947,0.0054119942
3967,"/kaggle/input/datasets/arafatrahmann/my-data221/Epic and CSCR hospital Dataset/Train/meningioma/Tr-me_0161.jpg",1,meningioma,1,meningioma,0.0097683072,0.9793866873,0.0065745176,0.0042704572
3971,"/kaggle/input/datasets/arafatrahmann/my-data221/Epic and CSCR hospital Dataset/Train/meningioma/Tr-me_0165.jpg",1,meningioma,1,meningioma,0.0097863209,0.9786478877,0.0061840294,0.0053817644
3979,"/kaggle/input/datasets/arafatrahmann/my-data221/Epic and CSCR hospital Dataset/Train/meningioma/Tr-me_0173.jpg",1,meningioma,1,meningioma,0.0068465672,0.9814155698,0.0059902663,0.0057476149
3983,"/kaggle/input/datasets/arafatrahmann/my-data221/Epic and CSCR hospital Dataset/Train/meningioma/Tr-me_0177.jpg",1,meningioma,1,meningioma,0.0116381738,0.9764186144,0.0082942825,0.0036489971
3984,"/kaggle/input/datasets/arafatrahmann/my-data221/Epic and CSCR hospital Dataset/Train/meningioma/Tr-me_0178.jpg",1,meningioma,1,meningioma,0.0104836272,0.9785278440,0.0062099900,0.0047785449
3986,"/kaggle/input/datasets/arafatrahmann/my-data221/Epic and CSCR hospital Dataset/Train/meningioma/Tr-me_0180.jpg",1,meningioma,1,meningioma,0.3256335855,0.6614688635,0.0061292765,0.0067682317
3990,"/kaggle/input/datasets/arafatrahmann/my-data221/Epic and CSCR hospital Dataset/Train/meningioma/Tr-me_0184.jpg",1,meningioma,1,meningioma,0.0092831301,0.9806202650,0.0063767210,0.0037198667
3993,"/kaggle/input/datasets/arafatrahmann/my-data221/Epic and CSCR hospital Dataset/Train/meningioma/Tr-me_0187.jpg",1,meningioma,1,meningioma,0.0099055422,0.9784753919,0.0066737407,0.0049453718
3998,"/kaggle/input/datasets/arafatrahmann/my-data221/Epic and CSCR hospital Dataset/Train/meningioma/Tr-me_0192.jpg",1,meningioma,1,meningioma,0.0096788872,0.9785946608,0.0069504604,0.0047759237
4006,"/kaggle/input/datasets/arafatrahmann/my-data221/Epic and CSCR hospital Dataset/Train/meningioma/Tr-me_0200.jpg",1,meningioma,1,meningioma,0.0101241572,0.9790450931,0.0062631359,0.0045676162
4010,"/kaggle/input/datasets/arafatrahmann/my-data221/Epic and CSCR hospital Dataset/Train/meningioma/Tr-me_0204.jpg",1,meningioma,1,meningioma,0.0120348204,0.9748985171,0.0065059150,0.0065606385
4016,"/kaggle/input/datasets/arafatrahmann/my-data221/Epic and CSCR hospital Dataset/Train/meningioma/Tr-me_0210.jpg",1,meningioma,1,meningioma,0.0170483254,0.9700337648,0.0077571766,0.0051607816
4021,"/kaggle/input/datasets/arafatrahmann/my-data221/Epic and CSCR hospital Dataset/Train/meningioma/Tr-me_0215.jpg",1,meningioma,1,meningioma,0.0103492113,0.9786311984,0.0068726675,0.0041469606
4023,"/kaggle/input/datasets/arafatrahmann/my-data221/Epic and CSCR hospital Dataset/Train/meningioma/Tr-me_0217.jpg",1,meningioma,1,meningioma,0.0109932851,0.9772415161,0.0074051819,0.0043600192
4030,"/kaggle/input/datasets/arafatrahmann/my-data221/Epic and CSCR hospital Dataset/Train/meningioma/Tr-me_0224.jpg",1,meningioma,1,meningioma,0.0107999193,0.9769378901,0.0065741176,0.0056881011
4034,"/kaggle/input/datasets/arafatrahmann/my-data221/Epic and CSCR hospital Dataset/Train/meningioma/Tr-me_0228.jpg",1,meningioma,1,meningioma,0.0124011869,0.9733349085,0.0091942288,0.0050696144
4036,"/kaggle/input/datasets/arafatrahmann/my-data221/Epic and CSCR hospital Dataset/Train/meningioma/Tr-me_0230.jpg",1,meningioma,1,meningioma,0.0094098765,0.9783218503,0.0064876066,0.0057806280
4037,"/kaggle/input/datasets/arafatrahmann/my-data221/Epic and CSCR hospital Dataset/Train/meningioma/Tr-me_0231.jpg",1,meningioma,1,meningioma,0.0056038806,0.9822907448,0.0065482175,0.0055572642
4038,"/kaggle/input/datasets/arafatrahmann/my-data221/Epic and CSCR hospital Dataset/Train/meningioma/Tr-me_0232.jpg",1,meningioma,1,meningioma,0.0061517386,0.9823727608,0.0067676753,0.0047077863
4041,"/kaggle/input/datasets/arafatrahmann/my-data221/Epic and CSCR hospital Dataset/Train/meningioma/Tr-me_0235.jpg",1,meningioma,1,meningioma,0.0153367398,0.9533925056,0.0059419414,0.0253289305
4051,"/kaggle/input/datasets/arafatrahmann/my-data221/Epic and CSCR hospital Dataset/Train/meningioma/Tr-me_0245.jpg",1,meningioma,1,meningioma,0.0103619685,0.9776402712,0.0070771417,0.0049206456
4053,"/kaggle/input/datasets/arafatrahmann/my-data221/Epic and CSCR hospital Dataset/Train/meningioma/Tr-me_0247.jpg",1,meningioma,1,meningioma,0.0111866007,0.9781361818,0.0066034929,0.0040737493
4057,"/kaggle/input/datasets/arafatrahmann/my-data221/Epic and CSCR hospital Dataset/Train/meningioma/Tr-me_0251.jpg",1,meningioma,1,meningioma,0.0135519970,0.9751410484,0.0060858540,0.0052211192
4072,"/kaggle/input/datasets/arafatrahmann/my-data221/Epic and CSCR hospital Dataset/Train/meningioma/Tr-me_0266.jpg",1,meningioma,1,meningioma,0.0443668142,0.9442778826,0.0068588853,0.0044964729
4077,"/kaggle/input/datasets/arafatrahmann/my-data221/Epic and CSCR hospital Dataset/Train/meningioma/Tr-me_0271.jpg",1,meningioma,1,meningioma,0.0074154316,0.9823244810,0.0062270174,0.0040330226
4078,"/kaggle/input/datasets/arafatrahmann/my-data221/Epic and CSCR hospital Dataset/Train/meningioma/Tr-me_0272.jpg",1,meningioma,1,meningioma,0.0097254291,0.9786049128,0.0066910782,0.0049785553
4082,"/kaggle/input/datasets/arafatrahmann/my-data221/Epic and CSCR hospital Dataset/Train/meningioma/Tr-me_0276.jpg",1,meningioma,1,meningioma,0.0106021352,0.9779308438,0.0075973994,0.0038696169
4083,"/kaggle/input/datasets/arafatrahmann/my-data221/Epic and CSCR hospital Dataset/Train/meningioma/Tr-me_0277.jpg",1,meningioma,1,meningioma,0.0138399350,0.9744957089,0.0072454698,0.0044188956
4085,"/kaggle/input/datasets/arafatrahmann/my-data221/Epic and CSCR hospital Dataset/Train/meningioma/Tr-me_0279.jpg",1,meningioma,1,meningioma,0.0101322951,0.9794801474,0.0068789506,0.0035086006
4090,"/kaggle/input/datasets/arafatrahmann/my-data221/Epic and CSCR hospital Dataset/Train/meningioma/Tr-me_0284.jpg",1,meningioma,1,meningioma,0.0069383434,0.9807630777,0.0058844769,0.0064141103
4091,"/kaggle/input/datasets/arafatrahmann/my-data221/Epic and CSCR hospital Dataset/Train/meningioma/Tr-me_0285.jpg",1,meningioma,1,meningioma,0.0076252804,0.9821156263,0.0065984437,0.0036606435
4100,"/kaggle/input/datasets/arafatrahmann/my-data221/Epic and CSCR hospital Dataset/Train/meningioma/Tr-me_0294.jpg",1,meningioma,1,meningioma,0.0075963079,0.9817032814,0.0064618913,0.0042384593
4105,"/kaggle/input/datasets/arafatrahmann/my-data221/Epic and CSCR hospital Dataset/Train/meningioma/Tr-me_0299.jpg",1,meningioma,1,meningioma,0.0072360262,0.9822499156,0.0065418207,0.0039722892
4107,"/kaggle/input/datasets/arafatrahmann/my-data221/Epic and CSCR hospital Dataset/Train/meningioma/Tr-me_0301.jpg",1,meningioma,1,meningioma,0.0069077066,0.9817250967,0.0059946720,0.0053723874
4124,"/kaggle/input/datasets/arafatrahmann/my-data221/Epic and CSCR hospital Dataset/Train/meningioma/Tr-me_0318.jpg",1,meningioma,1,meningioma,0.0075216619,0.9823751450,0.0061192247,0.0039839642
4125,"/kaggle/input/datasets/arafatrahmann/my-data221/Epic and CSCR hospital Dataset/Train/meningioma/Tr-me_0319.jpg",1,meningioma,1,meningioma,0.0071659088,0.9826396108,0.0060570808,0.0041374164
4126,"/kaggle/input/datasets/arafatrahmann/my-data221/Epic and CSCR hospital Dataset/Train/meningioma/Tr-me_0320.jpg",1,meningioma,1,meningioma,0.0076309056,0.9821786880,0.0060942173,0.0040961248
4133,"/kaggle/input/datasets/arafatrahmann/my-data221/Epic and CSCR hospital Dataset/Train/meningioma/Tr-me_0327.jpg",1,meningioma,1,meningioma,0.0084785149,0.9811303020,0.0060983975,0.0042928262
4136,"/kaggle/input/datasets/arafatrahmann/my-data221/Epic and CSCR hospital Dataset/Train/meningioma/Tr-me_0330.jpg",1,meningioma,1,meningioma,0.0078710411,0.9791603088,0.0059022657,0.0070663942
4141,"/kaggle/input/datasets/arafatrahmann/my-data221/Epic and CSCR hospital Dataset/Train/meningioma/Tr-me_0335.jpg",1,meningioma,1,meningioma,0.0125758369,0.9743894339,0.0081055481,0.0049291351
4143,"/kaggle/input/datasets/arafatrahmann/my-data221/Epic and CSCR hospital Dataset/Train/meningioma/Tr-me_0337.jpg",1,meningioma,1,meningioma,0.0087561719,0.9793717265,0.0061861235,0.0056860102
4148,"/kaggle/input/datasets/arafatrahmann/my-data221/Epic and CSCR hospital Dataset/Train/meningioma/Tr-me_0342.jpg",1,meningioma,1,meningioma,0.0075239940,0.9817329645,0.0059826905,0.0047604050
4149,"/kaggle/input/datasets/arafatrahmann/my-data221/Epic and CSCR hospital Dataset/Train/meningioma/Tr-me_0343.jpg",1,meningioma,1,meningioma,0.1232308596,0.8622429967,0.0070322705,0.0074938200
4158,"/kaggle/input/datasets/arafatrahmann/my-data221/Epic and CSCR hospital Dataset/Train/meningioma/Tr-me_0352.jpg",1,meningioma,1,meningioma,0.0178135242,0.9708399773,0.0067515573,0.0045950445
4160,"/kaggle/input/datasets/arafatrahmann/my-data221/Epic and CSCR hospital Dataset/Train/meningioma/Tr-me_0354.jpg",1,meningioma,1,meningioma,0.0074396096,0.9823386073,0.0062244437,0.0039973739
4171,"/kaggle/input/datasets/arafatrahmann/my-data221/Epic and CSCR hospital Dataset/Train/meningioma/Tr-me_0365.jpg",1,meningioma,1,meningioma,0.0601273403,0.9232341051,0.0080992673,0.0085393032
4174,"/kaggle/input/datasets/arafatrahmann/my-data221/Epic and CSCR hospital Dataset/Train/meningioma/Tr-me_0368.jpg",1,meningioma,1,meningioma,0.0117559936,0.9670268297,0.0063973963,0.0148198875
4180,"/kaggle/input/datasets/arafatrahmann/my-data221/Epic and CSCR hospital Dataset/Train/meningioma/Tr-me_0374.jpg",1,meningioma,1,meningioma,0.0076071559,0.9815665483,0.0063126562,0.0045137047
4182,"/kaggle/input/datasets/arafatrahmann/my-data221/Epic and CSCR hospital Dataset/Train/meningioma/Tr-me_0376.jpg",1,meningioma,1,meningioma,0.0107470462,0.9651153684,0.0061167665,0.0180208366
4183,"/kaggle/input/datasets/arafatrahmann/my-data221/Epic and CSCR hospital Dataset/Train/meningioma/Tr-me_0377.jpg",1,meningioma,1,meningioma,0.0077520637,0.9810039401,0.0063257231,0.0049182554
4186,"/kaggle/input/datasets/arafatrahmann/my-data221/Epic and CSCR hospital Dataset/Train/meningioma/Tr-me_0380.jpg",1,meningioma,1,meningioma,0.0102781197,0.9788175821,0.0061838878,0.0047203703
4195,"/kaggle/input/datasets/arafatrahmann/my-data221/Epic and CSCR hospital Dataset/Train/meningioma/Tr-me_0389.jpg",1,meningioma,1,meningioma,0.0086062299,0.9809883833,0.0062313774,0.0041738912
4202,"/kaggle/input/datasets/arafatrahmann/my-data221/Epic and CSCR hospital Dataset/Train/meningioma/Tr-me_0396.jpg",1,meningioma,1,meningioma,0.0103377197,0.9788853526,0.0064183637,0.0043585473
4212,"/kaggle/input/datasets/arafatrahmann/my-data221/Epic and CSCR hospital Dataset/Train/meningioma/Tr-me_0406.jpg",1,meningioma,1,meningioma,0.0069879913,0.9762582779,0.0056989822,0.0110548092
4219,"/kaggle/input/datasets/arafatrahmann/my-data221/Epic and CSCR hospital Dataset/Train/meningioma/Tr-me_0413.jpg",1,meningioma,1,meningioma,0.0081200292,0.9812431335,0.0061360695,0.0045007332
4223,"/kaggle/input/datasets/arafatrahmann/my-data221/Epic and CSCR hospital Dataset/Train/meningioma/Tr-me_0417.jpg",1,meningioma,1,meningioma,0.0081964787,0.9805999994,0.0059325709,0.0052708825
4225,"/kaggle/input/datasets/arafatrahmann/my-data221/Epic and CSCR hospital Dataset/Train/meningioma/Tr-me_0419.jpg",1,meningioma,1,meningioma,0.0084352437,0.9812248945,0.0062431274,0.0040967241
4226,"/kaggle/input/datasets/arafatrahmann/my-data221/Epic and CSCR hospital Dataset/Train/meningioma/Tr-me_0420.jpg",1,meningioma,1,meningioma,0.0072834799,0.9825457335,0.0060740490,0.0040966691
4233,"/kaggle/input/datasets/arafatrahmann/my-data221/Epic and CSCR hospital Dataset/Train/meningioma/Tr-me_0427.jpg",1,meningioma,1,meningioma,0.0071340799,0.9825611115,0.0064610569,0.0038437448
4240,"/kaggle/input/datasets/arafatrahmann/my-data221/Epic and CSCR hospital Dataset/Train/meningioma/Tr-me_0434.jpg",1,meningioma,1,meningioma,0.0087191314,0.9794003367,0.0059998627,0.0058806604
4241,"/kaggle/input/datasets/arafatrahmann/my-data221/Epic and CSCR hospital Dataset/Train/meningioma/Tr-me_0435.jpg",1,meningioma,1,meningioma,0.0074066026,0.9823763967,0.0062037185,0.0040132431
4245,"/kaggle/input/datasets/arafatrahmann/my-data221/Epic and CSCR hospital Dataset/Train/meningioma/Tr-me_0439.jpg",1,meningioma,1,meningioma,0.0077071958,0.9815801382,0.0061327526,0.0045797867
4260,"/kaggle/input/datasets/arafatrahmann/my-data221/Epic and CSCR hospital Dataset/Train/meningioma/Tr-me_0454.jpg",1,meningioma,1,meningioma,0.0076620998,0.9820559621,0.0063446700,0.0039372770
4266,"/kaggle/input/datasets/arafatrahmann/my-data221/Epic and CSCR hospital Dataset/Train/meningioma/Tr-me_0460.jpg",1,meningioma,1,meningioma,0.0122538079,0.9742126465,0.0063543282,0.0071792072
4275,"/kaggle/input/datasets/arafatrahmann/my-data221/Epic and CSCR hospital Dataset/Train/meningioma/Tr-me_0469.jpg",1,meningioma,1,meningioma,0.0075277193,0.9816705585,0.0059366100,0.0048650303
4276,"/kaggle/input/datasets/arafatrahmann/my-data221/Epic and CSCR hospital Dataset/Train/meningioma/Tr-me_0470.jpg",1,meningioma,1,meningioma,0.0071214600,0.9821043015,0.0060763350,0.0046979575
4284,"/kaggle/input/datasets/arafatrahmann/my-data221/Epic and CSCR hospital Dataset/Train/meningioma/Tr-me_0478.jpg",1,meningioma,1,meningioma,0.0076544294,0.9791064262,0.0061917370,0.0070474348
4287,"/kaggle/input/datasets/arafatrahmann/my-data221/Epic and CSCR hospital Dataset/Train/meningioma/Tr-me_0481.jpg",1,meningioma,1,meningioma,0.0091450401,0.9776382446,0.0062934407,0.0069232942
4292,"/kaggle/input/datasets/arafatrahmann/my-data221/Epic and CSCR hospital Dataset/Train/meningioma/Tr-me_0486.jpg",1,meningioma,1,meningioma,0.0069708452,0.9821413159,0.0058152713,0.0050725038
4301,"/kaggle/input/datasets/arafatrahmann/my-data221/Epic and CSCR hospital Dataset/Train/meningioma/Tr-me_0495.jpg",1,meningioma,1,meningioma,0.0072457679,0.9823220372,0.0061241915,0.0043079699
4305,"/kaggle/input/datasets/arafatrahmann/my-data221/Epic and CSCR hospital Dataset/Train/meningioma/Tr-me_0499.jpg",1,meningioma,1,meningioma,0.0071151340,0.9823995829,0.0062375944,0.0042477390
4306,"/kaggle/input/datasets/arafatrahmann/my-data221/Epic and CSCR hospital Dataset/Train/meningioma/Tr-me_0500.jpg",1,meningioma,1,meningioma,0.0068310620,0.9825828671,0.0062656971,0.0043204785
4317,"/kaggle/input/datasets/arafatrahmann/my-data221/Epic and CSCR hospital Dataset/Train/meningioma/Tr-me_0511.jpg",1,meningioma,1,meningioma,0.0067404052,0.9827119112,0.0062752017,0.0042725005
4320,"/kaggle/input/datasets/arafatrahmann/my-data221/Epic and CSCR hospital Dataset/Train/meningioma/Tr-me_0514.jpg",1,meningioma,1,meningioma,0.0077005150,0.9817572832,0.0061236741,0.0044185487
4321,"/kaggle/input/datasets/arafatrahmann/my-data221/Epic and CSCR hospital Dataset/Train/meningioma/Tr-me_0515.jpg",1,meningioma,1,meningioma,0.0068080379,0.9820609093,0.0058740960,0.0052570086
4327,"/kaggle/input/datasets/arafatrahmann/my-data221/Epic and CSCR hospital Dataset/Train/meningioma/Tr-me_0521.jpg",1,meningioma,1,meningioma,0.0091451108,0.9784797430,0.0058956798,0.0064794766
4329,"/kaggle/input/datasets/arafatrahmann/my-data221/Epic and CSCR hospital Dataset/Train/meningioma/Tr-me_0523.jpg",1,meningioma,1,meningioma,0.0076788203,0.9795714617,0.0058257589,0.0069239759
4335,"/kaggle/input/datasets/arafatrahmann/my-data221/Epic and CSCR hospital Dataset/Train/meningioma/Tr-me_0529.jpg",1,meningioma,1,meningioma,0.0082308790,0.9802821875,0.0059540160,0.0055328682
4357,"/kaggle/input/datasets/arafatrahmann/my-data221/Epic and CSCR hospital Dataset/Train/meningioma/Tr-me_0551.jpg",1,meningioma,1,meningioma,0.0068091825,0.9822691083,0.0060763527,0.0048452811
4362,"/kaggle/input/datasets/arafatrahmann/my-data221/Epic and CSCR hospital Dataset/Train/meningioma/Tr-me_0556.jpg",1,meningioma,1,meningioma,0.0083919335,0.9796678424,0.0064296005,0.0055105998
4369,"/kaggle/input/datasets/arafatrahmann/my-data221/Epic and CSCR hospital Dataset/Train/meningioma/Tr-me_0563.jpg",1,meningioma,1,meningioma,0.0080944095,0.9813156128,0.0061150501,0.0044749188
4373,"/kaggle/input/datasets/arafatrahmann/my-data221/Epic and CSCR hospital Dataset/Train/meningioma/Tr-me_0567.jpg",1,meningioma,1,meningioma,0.0070842505,0.9824355245,0.0061798142,0.0043004570
4377,"/kaggle/input/datasets/arafatrahmann/my-data221/Epic and CSCR hospital Dataset/Train/meningioma/Tr-me_0571.jpg",1,meningioma,1,meningioma,0.0075846189,0.9821617007,0.0061569861,0.0040966785
4378,"/kaggle/input/datasets/arafatrahmann/my-data221/Epic and CSCR hospital Dataset/Train/meningioma/Tr-me_0572.jpg",1,meningioma,1,meningioma,0.0075099617,0.9822071195,0.0060500382,0.0042329915
4379,"/kaggle/input/datasets/arafatrahmann/my-data221/Epic and CSCR hospital Dataset/Train/meningioma/Tr-me_0573.jpg",1,meningioma,1,meningioma,0.0078641754,0.9810369611,0.0059378180,0.0051609715
4383,"/kaggle/input/datasets/arafatrahmann/my-data221/Epic and CSCR hospital Dataset/Train/meningioma/Tr-me_0577.jpg",1,meningioma,1,meningioma,0.0109652933,0.9778920412,0.0063999472,0.0047427625
4384,"/kaggle/input/datasets/arafatrahmann/my-data221/Epic and CSCR hospital Dataset/Train/meningioma/Tr-me_0578.jpg",1,meningioma,1,meningioma,0.0162061770,0.9687371254,0.0065233423,0.0085333614
4387,"/kaggle/input/datasets/arafatrahmann/my-data221/Epic and CSCR hospital Dataset/Train/meningioma/Tr-me_0593.jpg",1,meningioma,1,meningioma,0.0110048121,0.9776519537,0.0062934188,0.0050497409
4397,"/kaggle/input/datasets/arafatrahmann/my-data221/Epic and CSCR hospital Dataset/Train/meningioma/Tr-me_0603.jpg",1,meningioma,1,meningioma,0.0078478558,0.9817566872,0.0062207254,0.0041746818
4404,"/kaggle/input/datasets/arafatrahmann/my-data221/Epic and CSCR hospital Dataset/Train/meningioma/Tr-me_0610.jpg",1,meningioma,1,meningioma,0.0069508925,0.9821707606,0.0062843962,0.0045939544
4408,"/kaggle/input/datasets/arafatrahmann/my-data221/Epic and CSCR hospital Dataset/Train/meningioma/Tr-me_0614.jpg",1,meningioma,1,meningioma,0.0083186310,0.9806029201,0.0064051449,0.0046733734
4409,"/kaggle/input/datasets/arafatrahmann/my-data221/Epic and CSCR hospital Dataset/Train/meningioma/Tr-me_0615.jpg",1,meningioma,1,meningioma,0.0077216537,0.9814685583,0.0062699318,0.0045398725
4412,"/kaggle/input/datasets/arafatrahmann/my-data221/Epic and CSCR hospital Dataset/Train/meningioma/Tr-me_0618.jpg",1,meningioma,1,meningioma,0.0070282305,0.9822648764,0.0064738072,0.0042330865
4421,"/kaggle/input/datasets/arafatrahmann/my-data221/Epic and CSCR hospital Dataset/Train/meningioma/Tr-me_0761.jpg",1,meningioma,1,meningioma,0.0073927641,0.9822852015,0.0065781521,0.0037438024
4422,"/kaggle/input/datasets/arafatrahmann/my-data221/Epic and CSCR hospital Dataset/Train/meningioma/Tr-me_0762.jpg",1,meningioma,1,meningioma,0.0070602908,0.9824334383,0.0068196664,0.0036866285
4423,"/kaggle/input/datasets/arafatrahmann/my-data221/Epic and CSCR hospital Dataset/Train/meningioma/Tr-me_0763.jpg",1,meningioma,1,meningioma,0.0082540428,0.9810744524,0.0069584884,0.0037130374
4426,"/kaggle/input/datasets/arafatrahmann/my-data221/Epic and CSCR hospital Dataset/Train/meningioma/Tr-me_0766.jpg",1,meningioma,1,meningioma,0.0077674501,0.9810450673,0.0062574111,0.0049301479
4429,"/kaggle/input/datasets/arafatrahmann/my-data221/Epic and CSCR hospital Dataset/Train/meningioma/Tr-me_0769.jpg",1,meningioma,1,meningioma,0.0072281174,0.9823619723,0.0061301719,0.0042797779
4431,"/kaggle/input/datasets/arafatrahmann/my-data221/Epic and CSCR hospital Dataset/Train/meningioma/Tr-me_0771.jpg",1,meningioma,1,meningioma,0.0081275925,0.9808336496,0.0065498264,0.0044889869
4439,"/kaggle/input/datasets/arafatrahmann/my-data221/Epic and CSCR hospital Dataset/Train/meningioma/Tr-me_0809.jpg",1,meningioma,1,meningioma,0.0089472234,0.9808497429,0.0059799924,0.0042230207
4443,"/kaggle/input/datasets/arafatrahmann/my-data221/Epic and CSCR hospital Dataset/Train/meningioma/Tr-me_0813.jpg",1,meningioma,1,meningioma,0.0252461843,0.9559594989,0.0064210147,0.0123733710
4450,"/kaggle/input/datasets/arafatrahmann/my-data221/Epic and CSCR hospital Dataset/Train/meningioma/Tr-me_0820.jpg",1,meningioma,1,meningioma,0.0088480646,0.9805294275,0.0064003766,0.0042221695
4452,"/kaggle/input/datasets/arafatrahmann/my-data221/Epic and CSCR hospital Dataset/Train/meningioma/Tr-me_0822.jpg",1,meningioma,1,meningioma,0.0075663850,0.9822290540,0.0062800152,0.0039246636
4454,"/kaggle/input/datasets/arafatrahmann/my-data221/Epic and CSCR hospital Dataset/Train/meningioma/Tr-me_0824.jpg",1,meningioma,1,meningioma,0.0075217737,0.9819871783,0.0064247129,0.0040663551
4471,"/kaggle/input/datasets/arafatrahmann/my-data221/Epic and CSCR hospital Dataset/Train/meningioma/Tr-me_0841.jpg",1,meningioma,1,meningioma,0.0091975732,0.9786332250,0.0060421797,0.0061270013
4474,"/kaggle/input/datasets/arafatrahmann/my-data221/Epic and CSCR hospital Dataset/Train/meningioma/Tr-me_0844.jpg",1,meningioma,1,meningioma,0.0143125448,0.9737188220,0.0068034218,0.0051652105
4487,"/kaggle/input/datasets/arafatrahmann/my-data221/Epic and CSCR hospital Dataset/Train/meningioma/Tr-me_0857.jpg",1,meningioma,1,meningioma,0.0072084041,0.9814872742,0.0061170394,0.0051873615
4491,"/kaggle/input/datasets/arafatrahmann/my-data221/Epic and CSCR hospital Dataset/Train/meningioma/Tr-me_0861.jpg",1,meningioma,1,meningioma,0.0071800998,0.9822972417,0.0063298270,0.0041929241
4500,"/kaggle/input/datasets/arafatrahmann/my-data221/Epic and CSCR hospital Dataset/Train/meningioma/Tr-me_0870.jpg",1,meningioma,1,meningioma,0.0083160512,0.9814220667,0.0061665392,0.0040954882
4501,"/kaggle/input/datasets/arafatrahmann/my-data221/Epic and CSCR hospital Dataset/Train/meningioma/Tr-me_0871.jpg",1,meningioma,1,meningioma,0.0080039538,0.9812798500,0.0058848984,0.0048312824
4504,"/kaggle/input/datasets/arafatrahmann/my-data221/Epic and CSCR hospital Dataset/Train/meningioma/Tr-me_0874.jpg",1,meningioma,1,meningioma,0.0077464031,0.9820108414,0.0060749287,0.0041678152
4505,"/kaggle/input/datasets/arafatrahmann/my-data221/Epic and CSCR hospital Dataset/Train/meningioma/Tr-me_0875.jpg",1,meningioma,1,meningioma,0.0080751637,0.9816810489,0.0061664386,0.0040773717
4507,"/kaggle/input/datasets/arafatrahmann/my-data221/Epic and CSCR hospital Dataset/Train/meningioma/Tr-me_0877.jpg",1,meningioma,1,meningioma,0.0082918350,0.9812213778,0.0067523839,0.0037345078
4512,"/kaggle/input/datasets/arafatrahmann/my-data221/Epic and CSCR hospital Dataset/Train/meningioma/Tr-me_0882.jpg",1,meningioma,1,meningioma,0.0095848739,0.9785881042,0.0065873349,0.0052396604
4515,"/kaggle/input/datasets/arafatrahmann/my-data221/Epic and CSCR hospital Dataset/Train/meningioma/Tr-me_0885.jpg",1,meningioma,1,meningioma,0.0079738032,0.9799340963,0.0064174891,0.0056745275
4528,"/kaggle/input/datasets/arafatrahmann/my-data221/Epic and CSCR hospital Dataset/Train/meningioma/Tr-me_0898.jpg",1,meningioma,1,meningioma,0.0100934301,0.9782822728,0.0062121120,0.0054122591
4540,"/kaggle/input/datasets/arafatrahmann/my-data221/Epic and CSCR hospital Dataset/Train/meningioma/Tr-me_0910.jpg",1,meningioma,1,meningioma,0.0081056729,0.9814819098,0.0063410117,0.0040713465
4549,"/kaggle/input/datasets/arafatrahmann/my-data221/Epic and CSCR hospital Dataset/Train/meningioma/Tr-me_0919.jpg",1,meningioma,1,meningioma,0.0093018683,0.9748199582,0.0061351000,0.0097430889
4550,"/kaggle/input/datasets/arafatrahmann/my-data221/Epic and CSCR hospital Dataset/Train/meningioma/Tr-me_0920.jpg",1,meningioma,1,meningioma,0.0074124844,0.9818738103,0.0060515101,0.0046622246
4573,"/kaggle/input/datasets/arafatrahmann/my-data221/Epic and CSCR hospital Dataset/Train/meningioma/Tr-me_0943.jpg",1,meningioma,1,meningioma,0.0076064682,0.9817461967,0.0058302572,0.0048171086
4575,"/kaggle/input/datasets/arafatrahmann/my-data221/Epic and CSCR hospital Dataset/Train/meningioma/Tr-me_0945.jpg",1,meningioma,1,meningioma,0.0099330246,0.6748046279,0.0064624101,0.3087999225
4580,"/kaggle/input/datasets/arafatrahmann/my-data221/Epic and CSCR hospital Dataset/Train/meningioma/Tr-me_0950.jpg",1,meningioma,1,meningioma,0.0089416448,0.9801278114,0.0061417175,0.0047888281
4583,"/kaggle/input/datasets/arafatrahmann/my-data221/Epic and CSCR hospital Dataset/Train/meningioma/Tr-me_0953.jpg",1,meningioma,1,meningioma,0.0165700838,0.9685985446,0.0064807027,0.0083506759
4592,"/kaggle/input/datasets/arafatrahmann/my-data221/Epic and CSCR hospital Dataset/Train/meningioma/Tr-me_0962.jpg",1,meningioma,1,meningioma,0.0075136782,0.9813419580,0.0058422773,0.0053021288
4600,"/kaggle/input/datasets/arafatrahmann/my-data221/Epic and CSCR hospital Dataset/Train/meningioma/Tr-me_0970.jpg",1,meningioma,1,meningioma,0.0082988944,0.9807184339,0.0061644888,0.0048182397
4601,"/kaggle/input/datasets/arafatrahmann/my-data221/Epic and CSCR hospital Dataset/Train/meningioma/Tr-me_0971.jpg",1,meningioma,1,meningioma,0.0080299508,0.9803780317,0.0062036891,0.0053882804
4603,"/kaggle/input/datasets/arafatrahmann/my-data221/Epic and CSCR hospital Dataset/Train/meningioma/Tr-me_0973.jpg",1,meningioma,1,meningioma,0.0075198808,0.9815489054,0.0063239140,0.0046072970
4611,"/kaggle/input/datasets/arafatrahmann/my-data221/Epic and CSCR hospital Dataset/Train/meningioma/Tr-me_0981.jpg",1,meningioma,1,meningioma,0.0073390678,0.9814943075,0.0062757209,0.0048908321
4612,"/kaggle/input/datasets/arafatrahmann/my-data221/Epic and CSCR hospital Dataset/Train/meningioma/Tr-me_0982.jpg",1,meningioma,1,meningioma,0.0071991356,0.9807747006,0.0058116657,0.0062144115
4614,"/kaggle/input/datasets/arafatrahmann/my-data221/Epic and CSCR hospital Dataset/Train/meningioma/Tr-me_0984.jpg",1,meningioma,1,meningioma,0.0084896134,0.9800566435,0.0062814830,0.0051722727
4623,"/kaggle/input/datasets/arafatrahmann/my-data221/Epic and CSCR hospital Dataset/Train/meningioma/Tr-me_0993.jpg",1,meningioma,1,meningioma,0.0070544071,0.9824425578,0.0059965202,0.0045063803
4625,"/kaggle/input/datasets/arafatrahmann/my-data221/Epic and CSCR hospital Dataset/Train/meningioma/Tr-me_0995.jpg",1,meningioma,1,meningioma,0.0077527985,0.9812892079,0.0059642354,0.0049937954
4644,"/kaggle/input/datasets/arafatrahmann/my-data221/Epic and CSCR hospital Dataset/Train/meningioma/Tr-me_1014.jpg",1,meningioma,1,meningioma,0.0094621228,0.9771006703,0.0063760043,0.0070612626
4647,"/kaggle/input/datasets/arafatrahmann/my-data221/Epic and CSCR hospital Dataset/Train/meningioma/Tr-me_1017.jpg",1,meningioma,1,meningioma,0.0073308339,0.9814273715,0.0056823883,0.0055594863
4648,"/kaggle/input/datasets/arafatrahmann/my-data221/Epic and CSCR hospital Dataset/Train/meningioma/Tr-me_1018.jpg",1,meningioma,1,meningioma,0.0103968875,0.9769665599,0.0061662537,0.0064701876
4656,"/kaggle/input/datasets/arafatrahmann/my-data221/Epic and CSCR hospital Dataset/Train/meningioma/Tr-me_1026.jpg",1,meningioma,1,meningioma,0.0127385007,0.9748724103,0.0057296157,0.0066594803
4657,"/kaggle/input/datasets/arafatrahmann/my-data221/Epic and CSCR hospital Dataset/Train/meningioma/Tr-me_1027.jpg",1,meningioma,1,meningioma,0.0085818935,0.9805420041,0.0060052341,0.0048708697
4658,"/kaggle/input/datasets/arafatrahmann/my-data221/Epic and CSCR hospital Dataset/Train/meningioma/Tr-me_1028.jpg",1,meningioma,1,meningioma,0.0081306212,0.9806424379,0.0061993287,0.0050276583
4666,"/kaggle/input/datasets/arafatrahmann/my-data221/Epic and CSCR hospital Dataset/Train/meningioma/Tr-me_1036.jpg",1,meningioma,1,meningioma,0.0068327738,0.9824808240,0.0062266327,0.0044597383
4668,"/kaggle/input/datasets/arafatrahmann/my-data221/Epic and CSCR hospital Dataset/Train/meningioma/Tr-me_1038.jpg",1,meningioma,1,meningioma,0.0069868616,0.9824226499,0.0063585192,0.0042319675
4676,"/kaggle/input/datasets/arafatrahmann/my-data221/Epic and CSCR hospital Dataset/Train/meningioma/Tr-me_1046.jpg",1,meningioma,1,meningioma,0.0086846175,0.9796422124,0.0065609561,0.0051122000
4677,"/kaggle/input/datasets/arafatrahmann/my-data221/Epic and CSCR hospital Dataset/Train/meningioma/Tr-me_1047.jpg",1,meningioma,1,meningioma,0.0076247491,0.9815052152,0.0063234502,0.0045464262
4681,"/kaggle/input/datasets/arafatrahmann/my-data221/Epic and CSCR hospital Dataset/Train/meningioma/Tr-me_1051.jpg",1,meningioma,1,meningioma,0.0116068982,0.9763681293,0.0068051657,0.0052198214
4685,"/kaggle/input/datasets/arafatrahmann/my-data221/Epic and CSCR hospital Dataset/Train/meningioma/Tr-me_1055.jpg",1,meningioma,1,meningioma,0.0067059668,0.9828118086,0.0064355829,0.0040465938
4698,"/kaggle/input/datasets/arafatrahmann/my-data221/Epic and CSCR hospital Dataset/Train/meningioma/Tr-me_1068.jpg",1,meningioma,1,meningioma,0.0063821278,0.9829017520,0.0062608370,0.0044552656
4709,"/kaggle/input/datasets/arafatrahmann/my-data221/Epic and CSCR hospital Dataset/Train/meningioma/Tr-me_1083.jpg",1,meningioma,1,meningioma,0.0068482785,0.9824141264,0.0061260085,0.0046115578
4710,"/kaggle/input/datasets/arafatrahmann/my-data221/Epic and CSCR hospital Dataset/Train/meningioma/Tr-me_1084.jpg",1,meningioma,1,meningioma,0.0068268748,0.9825155139,0.0062092817,0.0044483044
4714,"/kaggle/input/datasets/arafatrahmann/my-data221/Epic and CSCR hospital Dataset/Train/meningioma/Tr-me_1097.jpg",1,meningioma,1,meningioma,0.0107998820,0.9768775702,0.0060414975,0.0062810024
4716,"/kaggle/input/datasets/arafatrahmann/my-data221/Epic and CSCR hospital Dataset/Train/meningioma/Tr-me_1099.jpg",1,meningioma,1,meningioma,0.0070939930,0.9823744893,0.0064123506,0.0041192411
4724,"/kaggle/input/datasets/arafatrahmann/my-data221/Epic and CSCR hospital Dataset/Train/meningioma/Tr-me_1107.jpg",1,meningioma,1,meningioma,0.0080443043,0.9807494879,0.0062796632,0.0049264641
4725,"/kaggle/input/datasets/arafatrahmann/my-data221/Epic and CSCR hospital Dataset/Train/meningioma/Tr-me_1108.jpg",1,meningioma,1,meningioma,0.0077218926,0.9818903804,0.0061836117,0.0042041270
4728,"/kaggle/input/datasets/arafatrahmann/my-data221/Epic and CSCR hospital Dataset/Train/meningioma/Tr-me_1111.jpg",1,meningioma,1,meningioma,0.0082255835,0.9810627699,0.0063005313,0.0044110171
4729,"/kaggle/input/datasets/arafatrahmann/my-data221/Epic and CSCR hospital Dataset/Train/meningioma/Tr-me_1112.jpg",1,meningioma,1,meningioma,0.0114755426,0.9777547717,0.0062097483,0.0045599043
4730,"/kaggle/input/datasets/arafatrahmann/my-data221/Epic and CSCR hospital Dataset/Train/meningioma/Tr-me_1113.jpg",1,meningioma,1,meningioma,0.0072110333,0.9822052121,0.0059802709,0.0046034069
4736,"/kaggle/input/datasets/arafatrahmann/my-data221/Epic and CSCR hospital Dataset/Train/meningioma/Tr-me_1119.jpg",1,meningioma,1,meningioma,0.0071050255,0.9801416397,0.0061667324,0.0065865377
4741,"/kaggle/input/datasets/arafatrahmann/my-data221/Epic and CSCR hospital Dataset/Train/meningioma/Tr-me_1124.jpg",1,meningioma,1,meningioma,0.0097567299,0.9789407849,0.0063053952,0.0049970620
4744,"/kaggle/input/datasets/arafatrahmann/my-data221/Epic and CSCR hospital Dataset/Train/meningioma/Tr-me_1127.jpg",1,meningioma,1,meningioma,0.0076169046,0.9820697904,0.0061506908,0.0041625719
4746,"/kaggle/input/datasets/arafatrahmann/my-data221/Epic and CSCR hospital Dataset/Train/meningioma/Tr-me_1129.jpg",1,meningioma,1,meningioma,0.0076543377,0.9800487757,0.0060330974,0.0062637529
4757,"/kaggle/input/datasets/arafatrahmann/my-data221/Epic and CSCR hospital Dataset/Train/meningioma/Tr-me_1140.jpg",1,meningioma,1,meningioma,0.0084917117,0.9799208641,0.0063931560,0.0051942533
4763,"/kaggle/input/datasets/arafatrahmann/my-data221/Epic and CSCR hospital Dataset/Train/meningioma/Tr-me_1146.jpg",1,meningioma,1,meningioma,0.0071947603,0.9821958542,0.0059540258,0.0046553258
4768,"/kaggle/input/datasets/arafatrahmann/my-data221/Epic and CSCR hospital Dataset/Train/meningioma/Tr-me_1151.jpg",1,meningioma,1,meningioma,0.0132322256,0.9758031964,0.0065540569,0.0044105737
4772,"/kaggle/input/datasets/arafatrahmann/my-data221/Epic and CSCR hospital Dataset/Train/meningioma/Tr-me_1155.jpg",1,meningioma,1,meningioma,0.0562607460,0.9226727486,0.0060776179,0.0149887847
4776,"/kaggle/input/datasets/arafatrahmann/my-data221/Epic and CSCR hospital Dataset/Train/meningioma/Tr-me_1159.jpg",1,meningioma,1,meningioma,0.0086244736,0.9804474711,0.0059863785,0.0049416288
4777,"/kaggle/input/datasets/arafatrahmann/my-data221/Epic and CSCR hospital Dataset/Train/meningioma/Tr-me_1160.jpg",1,meningioma,1,meningioma,0.0067896387,0.9826075435,0.0061194538,0.0044833599
4778,"/kaggle/input/datasets/arafatrahmann/my-data221/Epic and CSCR hospital Dataset/Train/meningioma/Tr-me_1161.jpg",1,meningioma,1,meningioma,0.0080729639,0.9805389643,0.0062101656,0.0051780073
4780,"/kaggle/input/datasets/arafatrahmann/my-data221/Epic and CSCR hospital Dataset/Train/meningioma/Tr-me_1163.jpg",1,meningioma,1,meningioma,0.0070474311,0.9814934731,0.0061656814,0.0052934373
4784,"/kaggle/input/datasets/arafatrahmann/my-data221/Epic and CSCR hospital Dataset/Train/meningioma/Tr-me_1167.jpg",1,meningioma,1,meningioma,0.0266437735,0.9609543085,0.0073364144,0.0050655482
4786,"/kaggle/input/datasets/arafatrahmann/my-data221/Epic and CSCR hospital Dataset/Train/meningioma/Tr-me_1169.jpg",1,meningioma,1,meningioma,0.0070300833,0.9826461673,0.0063069710,0.0040168203
4790,"/kaggle/input/datasets/arafatrahmann/my-data221/Epic and CSCR hospital Dataset/Train/meningioma/Tr-me_1174.jpg",1,meningioma,1,meningioma,0.0078993831,0.9816352129,0.0059555033,0.0045099128
4796,"/kaggle/input/datasets/arafatrahmann/my-data221/Epic and CSCR hospital Dataset/Train/meningioma/Tr-me_1180.jpg",1,meningioma,1,meningioma,0.0072853332,0.9823776484,0.0063617104,0.0039752340
4797,"/kaggle/input/datasets/arafatrahmann/my-data221/Epic and CSCR hospital Dataset/Train/meningioma/Tr-me_1181.jpg",1,meningioma,1,meningioma,0.0074313604,0.9818072319,0.0064049512,0.0043564863
4800,"/kaggle/input/datasets/arafatrahmann/my-data221/Epic and CSCR hospital Dataset/Train/meningioma/Tr-me_1184.jpg",1,meningioma,1,meningioma,0.0081725623,0.9810599089,0.0061244462,0.0046431692
4803,"/kaggle/input/datasets/arafatrahmann/my-data221/Epic and CSCR hospital Dataset/Train/meningioma/Tr-me_1187.jpg",1,meningioma,1,meningioma,0.0085067162,0.9793444872,0.0062565976,0.0058922060
4810,"/kaggle/input/datasets/arafatrahmann/my-data221/Epic and CSCR hospital Dataset/Train/meningioma/Tr-me_1194.jpg",1,meningioma,1,meningioma,0.0081853699,0.9814528227,0.0065411427,0.0038206154
4815,"/kaggle/input/datasets/arafatrahmann/my-data221/Epic and CSCR hospital Dataset/Train/meningioma/Tr-me_1199.jpg",1,meningioma,1,meningioma,0.0095548509,0.9789453745,0.0073177204,0.0041819578
4817,"/kaggle/input/datasets/arafatrahmann/my-data221/Epic and CSCR hospital Dataset/Train/meningioma/Tr-me_1201.jpg",1,meningioma,1,meningioma,0.0071657086,0.9821332693,0.0062951609,0.0044058072
4820,"/kaggle/input/datasets/arafatrahmann/my-data221/Epic and CSCR hospital Dataset/Train/meningioma/Tr-me_1204.jpg",1,meningioma,1,meningioma,0.0071081342,0.9819998741,0.0064134249,0.0044785086
4824,"/kaggle/input/datasets/arafatrahmann/my-data221/Epic and CSCR hospital Dataset/Train/meningioma/Tr-me_1208.jpg",1,meningioma,1,meningioma,0.0089417798,0.9805020094,0.0063615129,0.0041945553
4837,"/kaggle/input/datasets/arafatrahmann/my-data221/Epic and CSCR hospital Dataset/Train/meningioma/Tr-me_1222.jpg",1,meningioma,1,meningioma,0.0068623023,0.9826987386,0.0062025576,0.0042364118
4842,"/kaggle/input/datasets/arafatrahmann/my-data221/Epic and CSCR hospital Dataset/Train/meningioma/Tr-me_1227.jpg",1,meningioma,1,meningioma,0.0065551559,0.9830490947,0.0064522750,0.0039434554
4843,"/kaggle/input/datasets/arafatrahmann/my-data221/Epic and CSCR hospital Dataset/Train/meningioma/Tr-me_1229.jpg",1,meningioma,1,meningioma,0.0077759372,0.9816308022,0.0060080644,0.0045852829
4852,"/kaggle/input/datasets/arafatrahmann/my-data221/Epic and CSCR hospital Dataset/Train/meningioma/Tr-me_1239.jpg",1,meningioma,1,meningioma,0.0073663965,0.9820288420,0.0061291927,0.0044755759
4853,"/kaggle/input/datasets/arafatrahmann/my-data221/Epic and CSCR hospital Dataset/Train/meningioma/Tr-me_1241.jpg",1,meningioma,1,meningioma,0.0075228675,0.9821726680,0.0062892572,0.0040151174
4854,"/kaggle/input/datasets/arafatrahmann/my-data221/Epic and CSCR hospital Dataset/Train/meningioma/Tr-me_1242.jpg",1,meningioma,1,meningioma,0.0072744554,0.9823834300,0.0061094048,0.0042326590
4860,"/kaggle/input/datasets/arafatrahmann/my-data221/Epic and CSCR hospital Dataset/Train/meningioma/Tr-me_1249.jpg",1,meningioma,1,meningioma,0.0073824250,0.9823260307,0.0062505575,0.0040409784
4862,"/kaggle/input/datasets/arafatrahmann/my-data221/Epic and CSCR hospital Dataset/Train/meningioma/Tr-me_1251.jpg",1,meningioma,1,meningioma,0.0133190751,0.9750252962,0.0066254288,0.0050302106
4867,"/kaggle/input/datasets/arafatrahmann/my-data221/Epic and CSCR hospital Dataset/Train/meningioma/Tr-me_1258.jpg",1,meningioma,1,meningioma,0.0084021222,0.9808441997,0.0062349639,0.0045186621
4872,"/kaggle/input/datasets/arafatrahmann/my-data221/Epic and CSCR hospital Dataset/Train/meningioma/Tr-me_1263.jpg",1,meningioma,0,glioma,0.9766495824,0.0052170800,0.0125005096,0.0056328219
4874,"/kaggle/input/datasets/arafatrahmann/my-data221/Epic and CSCR hospital Dataset/Train/meningioma/Tr-me_1287.jpg",1,meningioma,1,meningioma,0.0085108671,0.9810255170,0.0063585164,0.0041051791
4884,"/kaggle/input/datasets/arafatrahmann/my-data221/Epic and CSCR hospital Dataset/Train/meningioma/Tr-me_1297.jpg",1,meningioma,1,meningioma,0.0084766792,0.9809166193,0.0061785411,0.0044282842
4896,"/kaggle/input/datasets/arafatrahmann/my-data221/Epic and CSCR hospital Dataset/Train/meningioma/m1(46).jpg",1,meningioma,1,meningioma,0.0073691481,0.9813556671,0.0063615479,0.0049135974
4897,"/kaggle/input/datasets/arafatrahmann/my-data221/Epic and CSCR hospital Dataset/Train/meningioma/m1(5).jpg",1,meningioma,1,meningioma,0.0077274935,0.9819425344,0.0065376931,0.0037923460
4900,"/kaggle/input/datasets/arafatrahmann/my-data221/Epic and CSCR hospital Dataset/Train/meningioma/m1(70).jpg",1,meningioma,1,meningioma,0.0089681484,0.9785636663,0.0062378570,0.0062303864
4902,"/kaggle/input/datasets/arafatrahmann/my-data221/Epic and CSCR hospital Dataset/Train/meningioma/m1(72).jpg",1,meningioma,1,meningioma,0.0083953235,0.9799118042,0.0060388953,0.0056539876
4903,"/kaggle/input/datasets/arafatrahmann/my-data221/Epic and CSCR hospital Dataset/Train/meningioma/m1(73).jpg",1,meningioma,1,meningioma,0.0083976369,0.9802106619,0.0061919270,0.0051997439
4907,"/kaggle/input/datasets/arafatrahmann/my-data221/Epic and CSCR hospital Dataset/Train/meningioma/m1(77).jpg",1,meningioma,1,meningioma,0.1235028133,0.8620167971,0.0070885248,0.0073919371
4908,"/kaggle/input/datasets/arafatrahmann/my-data221/Epic and CSCR hospital Dataset/Train/meningioma/m1(78).jpg",1,meningioma,1,meningioma,0.0098487083,0.9798069000,0.0062697581,0.0040746317
4909,"/kaggle/input/datasets/arafatrahmann/my-data221/Epic and CSCR hospital Dataset/Train/meningioma/m1(79).jpg",1,meningioma,1,meningioma,0.0105072912,0.9788829684,0.0062709362,0.0043388358
4911,"/kaggle/input/datasets/arafatrahmann/my-data221/Epic and CSCR hospital Dataset/Train/meningioma/m1(80).jpg",1,meningioma,1,meningioma,0.0073276460,0.9814430475,0.0062956014,0.0049337135
4915,"/kaggle/input/datasets/arafatrahmann/my-data221/Epic and CSCR hospital Dataset/Train/meningioma/m1(84).jpg",1,meningioma,1,meningioma,0.0145800412,0.9737812281,0.0066942447,0.0049446081
4917,"/kaggle/input/datasets/arafatrahmann/my-data221/Epic and CSCR hospital Dataset/Train/meningioma/m1(86).jpg",1,meningioma,1,meningioma,0.0090234485,0.9805554152,0.0063151070,0.0041060327
4922,"/kaggle/input/datasets/arafatrahmann/my-data221/Epic and CSCR hospital Dataset/Train/meningioma/m1(90).jpg",1,meningioma,1,meningioma,0.0096609397,0.9787584543,0.0074252151,0.0041554393
4929,"/kaggle/input/datasets/arafatrahmann/my-data221/Epic and CSCR hospital Dataset/Train/meningioma/m1(97).jpg",1,meningioma,1,meningioma,0.0602629408,0.9231169820,0.0081057791,0.0085142599
4931,"/kaggle/input/datasets/arafatrahmann/my-data221/Epic and CSCR hospital Dataset/Train/meningioma/m1(99).jpg",1,meningioma,1,meningioma,0.0103452392,0.9784809351,0.0062042181,0.0049696798
4936,"/kaggle/input/datasets/arafatrahmann/my-data221/Epic and CSCR hospital Dataset/Train/meningioma/m2 (102).jpg",1,meningioma,1,meningioma,0.0068622008,0.9820725322,0.0060623693,0.0050029322
4943,"/kaggle/input/datasets/arafatrahmann/my-data221/Epic and CSCR hospital Dataset/Train/meningioma/m2 (109).jpg",1,meningioma,1,meningioma,0.0130685549,0.9757426381,0.0063599534,0.0048289178
4950,"/kaggle/input/datasets/arafatrahmann/my-data221/Epic and CSCR hospital Dataset/Train/meningioma/m2 (115).jpg",1,meningioma,1,meningioma,0.0089201648,0.9802410007,0.0061426004,0.0046962583
4956,"/kaggle/input/datasets/arafatrahmann/my-data221/Epic and CSCR hospital Dataset/Train/meningioma/m2 (120).jpg",1,meningioma,1,meningioma,0.0080972053,0.9812199473,0.0061868299,0.0044959672
4957,"/kaggle/input/datasets/arafatrahmann/my-data221/Epic and CSCR hospital Dataset/Train/meningioma/m2 (121).jpg",1,meningioma,1,meningioma,0.0134060206,0.9737998247,0.0066641234,0.0061300197
4964,"/kaggle/input/datasets/arafatrahmann/my-data221/Epic and CSCR hospital Dataset/Train/meningioma/m2 (128).jpg",1,meningioma,1,meningioma,0.0075523509,0.9820162058,0.0062714787,0.0041600312
4973,"/kaggle/input/datasets/arafatrahmann/my-data221/Epic and CSCR hospital Dataset/Train/meningioma/m2 (136).jpg",1,meningioma,1,meningioma,0.0092089437,0.9797323346,0.0058677928,0.0051908270
4975,"/kaggle/input/datasets/arafatrahmann/my-data221/Epic and CSCR hospital Dataset/Train/meningioma/m2 (138).jpg",1,meningioma,1,meningioma,0.0096222833,0.8084611893,0.0068482086,0.1750683039
4977,"/kaggle/input/datasets/arafatrahmann/my-data221/Epic and CSCR hospital Dataset/Train/meningioma/m2 (14).jpg",1,meningioma,1,meningioma,0.0081205368,0.9812403917,0.0061335964,0.0045055193
4979,"/kaggle/input/datasets/arafatrahmann/my-data221/Epic and CSCR hospital Dataset/Train/meningioma/m2 (141).jpg",1,meningioma,1,meningioma,0.0085706394,0.9799575806,0.0059667164,0.0055051381
4982,"/kaggle/input/datasets/arafatrahmann/my-data221/Epic and CSCR hospital Dataset/Train/meningioma/m2 (144).jpg",1,meningioma,1,meningioma,0.0090683196,0.9796959162,0.0061725504,0.0050631999
4985,"/kaggle/input/datasets/arafatrahmann/my-data221/Epic and CSCR hospital Dataset/Train/meningioma/m2 (147).jpg",1,meningioma,1,meningioma,0.0133544151,0.9729315042,0.0064090826,0.0073050624
4986,"/kaggle/input/datasets/arafatrahmann/my-data221/Epic and CSCR hospital Dataset/Train/meningioma/m2 (148).jpg",1,meningioma,1,meningioma,0.0099900095,0.9722390175,0.0059962859,0.0117746908
4990,"/kaggle/input/datasets/arafatrahmann/my-data221/Epic and CSCR hospital Dataset/Train/meningioma/m2 (151).jpg",1,meningioma,1,meningioma,0.0081876367,0.9813870192,0.0065058498,0.0039195698
5007,"/kaggle/input/datasets/arafatrahmann/my-data221/Epic and CSCR hospital Dataset/Train/meningioma/m2 (167).jpg",1,meningioma,1,meningioma,0.0099574421,0.9782248735,0.0063358606,0.0054819454
5025,"/kaggle/input/datasets/arafatrahmann/my-data221/Epic and CSCR hospital Dataset/Train/meningioma/m2 (23).jpg",1,meningioma,1,meningioma,0.0100345938,0.9760202169,0.0062292018,0.0077159153
5027,"/kaggle/input/datasets/arafatrahmann/my-data221/Epic and CSCR hospital Dataset/Train/meningioma/m2 (25).jpg",1,meningioma,1,meningioma,0.0099126678,0.9781973958,0.0061118673,0.0057781409
5028,"/kaggle/input/datasets/arafatrahmann/my-data221/Epic and CSCR hospital Dataset/Train/meningioma/m2 (26).jpg",1,meningioma,1,meningioma,0.0076109832,0.9821251035,0.0065197148,0.0037442301
5031,"/kaggle/input/datasets/arafatrahmann/my-data221/Epic and CSCR hospital Dataset/Train/meningioma/m2 (29).jpg",1,meningioma,1,meningioma,0.0090841372,0.9805114865,0.0063990979,0.0040053162
5043,"/kaggle/input/datasets/arafatrahmann/my-data221/Epic and CSCR hospital Dataset/Train/meningioma/m2 (4).jpg",1,meningioma,1,meningioma,0.0072818706,0.9794253111,0.0054705394,0.0078222137
5045,"/kaggle/input/datasets/arafatrahmann/my-data221/Epic and CSCR hospital Dataset/Train/meningioma/m2 (41).jpg",1,meningioma,1,meningioma,0.0091407718,0.9776116610,0.0061797365,0.0070679495
5051,"/kaggle/input/datasets/arafatrahmann/my-data221/Epic and CSCR hospital Dataset/Train/meningioma/m2 (47).jpg",1,meningioma,1,meningioma,0.0071471571,0.9813068509,0.0059788032,0.0055672443
5062,"/kaggle/input/datasets/arafatrahmann/my-data221/Epic and CSCR hospital Dataset/Train/meningioma/m2 (57).jpg",1,meningioma,1,meningioma,0.0075381570,0.9811008573,0.0061570490,0.0052039842
5065,"/kaggle/input/datasets/arafatrahmann/my-data221/Epic and CSCR hospital Dataset/Train/meningioma/m2 (6).jpg",1,meningioma,1,meningioma,0.0068033934,0.9823667407,0.0063612810,0.0044686114
5079,"/kaggle/input/datasets/arafatrahmann/my-data221/Epic and CSCR hospital Dataset/Train/meningioma/m2 (72).jpg",1,meningioma,1,meningioma,0.0068279468,0.9820183516,0.0058528371,0.0053008646
5080,"/kaggle/input/datasets/arafatrahmann/my-data221/Epic and CSCR hospital Dataset/Train/meningioma/m2 (73).jpg",1,meningioma,1,meningioma,0.0066417018,0.9826157689,0.0060778060,0.0046647773
5108,"/kaggle/input/datasets/arafatrahmann/my-data221/Epic and CSCR hospital Dataset/Train/meningioma/m2 (99).jpg",1,meningioma,1,meningioma,0.0087124053,0.9805387259,0.0060964851,0.0046524922
5111,"/kaggle/input/datasets/arafatrahmann/my-data221/Epic and CSCR hospital Dataset/Train/meningioma/m3 (100).jpg",1,meningioma,1,meningioma,0.0078823734,0.9806335568,0.0060977368,0.0053863437
5113,"/kaggle/input/datasets/arafatrahmann/my-data221/Epic and CSCR hospital Dataset/Train/meningioma/m3 (102).jpg",1,meningioma,1,meningioma,0.0080905342,0.9797345996,0.0061106789,0.0060641975
5115,"/kaggle/input/datasets/arafatrahmann/my-data221/Epic and CSCR hospital Dataset/Train/meningioma/m3 (104).jpg",1,meningioma,1,meningioma,0.0068090037,0.9822607040,0.0060754530,0.0048549543
5119,"/kaggle/input/datasets/arafatrahmann/my-data221/Epic and CSCR hospital Dataset/Train/meningioma/m3 (108).jpg",1,meningioma,1,meningioma,0.0074045695,0.9811344147,0.0060922848,0.0053687347
5122,"/kaggle/input/datasets/arafatrahmann/my-data221/Epic and CSCR hospital Dataset/Train/meningioma/m3 (110).jpg",1,meningioma,1,meningioma,0.0082302000,0.9810147285,0.0063288123,0.0044263005
5130,"/kaggle/input/datasets/arafatrahmann/my-data221/Epic and CSCR hospital Dataset/Train/meningioma/m3 (118).jpg",1,meningioma,1,meningioma,0.0070760539,0.9820796847,0.0062478068,0.0045964206
5138,"/kaggle/input/datasets/arafatrahmann/my-data221/Epic and CSCR hospital Dataset/Train/meningioma/m3 (125).jpg",1,meningioma,1,meningioma,0.0077139148,0.9815441370,0.0059957402,0.0047463137
5139,"/kaggle/input/datasets/arafatrahmann/my-data221/Epic and CSCR hospital Dataset/Train/meningioma/m3 (126).jpg",1,meningioma,1,meningioma,0.0079469299,0.9813703299,0.0061301244,0.0045525851
5141,"/kaggle/input/datasets/arafatrahmann/my-data221/Epic and CSCR hospital Dataset/Train/meningioma/m3 (128).jpg",1,meningioma,1,meningioma,0.0109346993,0.9778895378,0.0063621933,0.0048134918
5143,"/kaggle/input/datasets/arafatrahmann/my-data221/Epic and CSCR hospital Dataset/Train/meningioma/m3 (13).jpg",1,meningioma,1,meningioma,0.0074432911,0.9814912081,0.0060788980,0.0049865972
5151,"/kaggle/input/datasets/arafatrahmann/my-data221/Epic and CSCR hospital Dataset/Train/meningioma/m3 (137).jpg",1,meningioma,1,meningioma,0.0575998537,0.9299563169,0.0068737455,0.0055700503
5155,"/kaggle/input/datasets/arafatrahmann/my-data221/Epic and CSCR hospital Dataset/Train/meningioma/m3 (140).jpg",1,meningioma,1,meningioma,0.0109032895,0.9776080847,0.0066158222,0.0048727603
5158,"/kaggle/input/datasets/arafatrahmann/my-data221/Epic and CSCR hospital Dataset/Train/meningioma/m3 (143).jpg",1,meningioma,1,meningioma,0.0100191506,0.9780353308,0.0084364228,0.0035089939
5162,"/kaggle/input/datasets/arafatrahmann/my-data221/Epic and CSCR hospital Dataset/Train/meningioma/m3 (148).jpg",1,meningioma,1,meningioma,0.0076836301,0.9807845354,0.0063347379,0.0051970691
5171,"/kaggle/input/datasets/arafatrahmann/my-data221/Epic and CSCR hospital Dataset/Train/meningioma/m3 (156).jpg",1,meningioma,1,meningioma,0.0067654168,0.9825794101,0.0061997464,0.0044553960
5172,"/kaggle/input/datasets/arafatrahmann/my-data221/Epic and CSCR hospital Dataset/Train/meningioma/m3 (157).jpg",1,meningioma,1,meningioma,0.0066772280,0.9829944372,0.0064855791,0.0038427159
5177,"/kaggle/input/datasets/arafatrahmann/my-data221/Epic and CSCR hospital Dataset/Train/meningioma/m3 (164).jpg",1,meningioma,1,meningioma,0.0117631210,0.9770946503,0.0064165788,0.0047255759
5179,"/kaggle/input/datasets/arafatrahmann/my-data221/Epic and CSCR hospital Dataset/Train/meningioma/m3 (166).jpg",1,meningioma,1,meningioma,0.0071261027,0.9820481539,0.0064187469,0.0044070999
5182,"/kaggle/input/datasets/arafatrahmann/my-data221/Epic and CSCR hospital Dataset/Train/meningioma/m3 (169).jpg",1,meningioma,1,meningioma,0.0066423053,0.9829748273,0.0060962634,0.0042865542
5190,"/kaggle/input/datasets/arafatrahmann/my-data221/Epic and CSCR hospital Dataset/Train/meningioma/m3 (177).jpg",1,meningioma,1,meningioma,0.0087388568,0.9801324010,0.0063648112,0.0047639650
5193,"/kaggle/input/datasets/arafatrahmann/my-data221/Epic and CSCR hospital Dataset/Train/meningioma/m3 (180).jpg",1,meningioma,1,meningioma,0.0079882117,0.9802341461,0.0060460940,0.0057316693
5195,"/kaggle/input/datasets/arafatrahmann/my-data221/Epic and CSCR hospital Dataset/Train/meningioma/m3 (182).jpg",1,meningioma,1,meningioma,0.0071939579,0.9822968245,0.0062236194,0.0042856350
5198,"/kaggle/input/datasets/arafatrahmann/my-data221/Epic and CSCR hospital Dataset/Train/meningioma/m3 (185).jpg",1,meningioma,1,meningioma,0.0073352037,0.9821575880,0.0059433142,0.0045638629
5209,"/kaggle/input/datasets/arafatrahmann/my-data221/Epic and CSCR hospital Dataset/Train/notumor/1588.jpg",2,notumor,2,notumor,0.0063487268,0.0099417996,0.9722713232,0.0114381667
5210,"/kaggle/input/datasets/arafatrahmann/my-data221/Epic and CSCR hospital Dataset/Train/notumor/1589.jpg",2,notumor,2,notumor,0.0075786235,0.0116487499,0.9683480263,0.0124246152
5218,"/kaggle/input/datasets/arafatrahmann/my-data221/Epic and CSCR hospital Dataset/Train/notumor/1597.jpg",2,notumor,2,notumor,0.1043819562,0.0072994307,0.8800278902,0.0082907612
5223,"/kaggle/input/datasets/arafatrahmann/my-data221/Epic and CSCR hospital Dataset/Train/notumor/1602.jpg",2,notumor,2,notumor,0.0054438883,0.0109200198,0.9705723524,0.0130637866
5235,"/kaggle/input/datasets/arafatrahmann/my-data221/Epic and CSCR hospital Dataset/Train/notumor/1614.jpg",2,notumor,2,notumor,0.0065476275,0.0103830788,0.9716707468,0.0113986349
5240,"/kaggle/input/datasets/arafatrahmann/my-data221/Epic and CSCR hospital Dataset/Train/notumor/1619.jpg",2,notumor,2,notumor,0.0051279687,0.0103942519,0.9700833559,0.0143945189
5241,"/kaggle/input/datasets/arafatrahmann/my-data221/Epic and CSCR hospital Dataset/Train/notumor/1620.jpg",2,notumor,2,notumor,0.0050606569,0.0114508159,0.9686776400,0.0148109393
5243,"/kaggle/input/datasets/arafatrahmann/my-data221/Epic and CSCR hospital Dataset/Train/notumor/1622.jpg",2,notumor,2,notumor,0.0069863284,0.0089848172,0.9710138440,0.0130150244
5252,"/kaggle/input/datasets/arafatrahmann/my-data221/Epic and CSCR hospital Dataset/Train/notumor/1631.jpg",2,notumor,2,notumor,0.0067505897,0.0107360212,0.9701978564,0.0123155061
5255,"/kaggle/input/datasets/arafatrahmann/my-data221/Epic and CSCR hospital Dataset/Train/notumor/1634.jpg",2,notumor,2,notumor,0.0046193385,0.0133401724,0.9689051509,0.0131353540
5257,"/kaggle/input/datasets/arafatrahmann/my-data221/Epic and CSCR hospital Dataset/Train/notumor/1636.jpg",2,notumor,2,notumor,0.0077830786,0.0110021941,0.9700748324,0.0111399191
5258,"/kaggle/input/datasets/arafatrahmann/my-data221/Epic and CSCR hospital Dataset/Train/notumor/1637.jpg",2,notumor,2,notumor,0.0063192807,0.0103299990,0.9707589149,0.0125917913
5262,"/kaggle/input/datasets/arafatrahmann/my-data221/Epic and CSCR hospital Dataset/Train/notumor/1641.jpg",2,notumor,2,notumor,0.0104124043,0.0093986373,0.9698928595,0.0102960188
5265,"/kaggle/input/datasets/arafatrahmann/my-data221/Epic and CSCR hospital Dataset/Train/notumor/1644.jpg",2,notumor,2,notumor,0.0044711009,0.0126146749,0.9687536359,0.0141605940
5266,"/kaggle/input/datasets/arafatrahmann/my-data221/Epic and CSCR hospital Dataset/Train/notumor/1645.jpg",2,notumor,2,notumor,0.0051232586,0.0112410793,0.9699891210,0.0136464816
5271,"/kaggle/input/datasets/arafatrahmann/my-data221/Epic and CSCR hospital Dataset/Train/notumor/1650.jpg",2,notumor,2,notumor,0.0110258218,0.0094149988,0.9686142206,0.0109450798
5273,"/kaggle/input/datasets/arafatrahmann/my-data221/Epic and CSCR hospital Dataset/Train/notumor/1652.jpg",2,notumor,2,notumor,0.0055968035,0.0115028806,0.9694711566,0.0134291518
5277,"/kaggle/input/datasets/arafatrahmann/my-data221/Epic and CSCR hospital Dataset/Train/notumor/1656.jpg",2,notumor,2,notumor,0.0048348787,0.0121692801,0.9699237943,0.0130720753
5284,"/kaggle/input/datasets/arafatrahmann/my-data221/Epic and CSCR hospital Dataset/Train/notumor/1663.jpg",2,notumor,2,notumor,0.0058210357,0.0114399754,0.9684309959,0.0143079730
5291,"/kaggle/input/datasets/arafatrahmann/my-data221/Epic and CSCR hospital Dataset/Train/notumor/1670.jpg",2,notumor,2,notumor,0.0066346601,0.0091706440,0.9703408480,0.0138538508
5296,"/kaggle/input/datasets/arafatrahmann/my-data221/Epic and CSCR hospital Dataset/Train/notumor/1675.jpg",2,notumor,2,notumor,0.0152863311,0.0077331662,0.9655824900,0.0113980072
5314,"/kaggle/input/datasets/arafatrahmann/my-data221/Epic and CSCR hospital Dataset/Train/notumor/1693.jpg",2,notumor,2,notumor,0.0056188009,0.0083932998,0.9694486856,0.0165391732
5315,"/kaggle/input/datasets/arafatrahmann/my-data221/Epic and CSCR hospital Dataset/Train/notumor/1694.jpg",2,notumor,2,notumor,0.0041192910,0.0129273552,0.9700428843,0.0129103344
5318,"/kaggle/input/datasets/arafatrahmann/my-data221/Epic and CSCR hospital Dataset/Train/notumor/1697.jpg",2,notumor,2,notumor,0.0180046838,0.0093231676,0.9599733353,0.0126988422
5322,"/kaggle/input/datasets/arafatrahmann/my-data221/Epic and CSCR hospital Dataset/Train/notumor/1700.jpg",2,notumor,2,notumor,0.0181011446,0.0080028120,0.9638654590,0.0100306040
5336,"/kaggle/input/datasets/arafatrahmann/my-data221/Epic and CSCR hospital Dataset/Train/notumor/1714.jpg",2,notumor,2,notumor,0.0061654984,0.0106455209,0.9710424542,0.0121466015
5349,"/kaggle/input/datasets/arafatrahmann/my-data221/Epic and CSCR hospital Dataset/Train/notumor/1727.jpg",2,notumor,2,notumor,0.0880347267,0.0077917487,0.8952250481,0.0089485357
5354,"/kaggle/input/datasets/arafatrahmann/my-data221/Epic and CSCR hospital Dataset/Train/notumor/1732.jpg",2,notumor,2,notumor,0.0049625142,0.0102991518,0.9702984691,0.0144398510
5356,"/kaggle/input/datasets/arafatrahmann/my-data221/Epic and CSCR hospital Dataset/Train/notumor/1734.jpg",2,notumor,2,notumor,0.0060758539,0.0099891946,0.9703236818,0.0136112701
5358,"/kaggle/input/datasets/arafatrahmann/my-data221/Epic and CSCR hospital Dataset/Train/notumor/1736.jpg",2,notumor,2,notumor,0.0094328523,0.0098315142,0.9697015882,0.0110340966
5361,"/kaggle/input/datasets/arafatrahmann/my-data221/Epic and CSCR hospital Dataset/Train/notumor/1739.jpg",2,notumor,2,notumor,0.0137539236,0.0087986458,0.9657849073,0.0116624860
5364,"/kaggle/input/datasets/arafatrahmann/my-data221/Epic and CSCR hospital Dataset/Train/notumor/1742.jpg",2,notumor,2,notumor,0.0049491175,0.0132257435,0.9689242244,0.0129009038
5370,"/kaggle/input/datasets/arafatrahmann/my-data221/Epic and CSCR hospital Dataset/Train/notumor/1748.jpg",2,notumor,2,notumor,0.0296251588,0.0082623828,0.9506403208,0.0114721861
5382,"/kaggle/input/datasets/arafatrahmann/my-data221/Epic and CSCR hospital Dataset/Train/notumor/1760.jpg",2,notumor,2,notumor,0.0063118986,0.0095517244,0.9695714712,0.0145648597
5383,"/kaggle/input/datasets/arafatrahmann/my-data221/Epic and CSCR hospital Dataset/Train/notumor/1761.jpg",2,notumor,2,notumor,0.0072864802,0.0088160625,0.9705494046,0.0133481082
5385,"/kaggle/input/datasets/arafatrahmann/my-data221/Epic and CSCR hospital Dataset/Train/notumor/1763.jpg",2,notumor,2,notumor,0.0063332045,0.0109572653,0.9705456495,0.0121638570
5386,"/kaggle/input/datasets/arafatrahmann/my-data221/Epic and CSCR hospital Dataset/Train/notumor/1764.jpg",2,notumor,2,notumor,0.0059588426,0.0113898041,0.9708681107,0.0117832925
5387,"/kaggle/input/datasets/arafatrahmann/my-data221/Epic and CSCR hospital Dataset/Train/notumor/1765.jpg",2,notumor,2,notumor,0.0056110546,0.0095118526,0.9703348875,0.0145421326
5393,"/kaggle/input/datasets/arafatrahmann/my-data221/Epic and CSCR hospital Dataset/Train/notumor/1771.jpg",2,notumor,2,notumor,0.0088202115,0.0106776906,0.9688836932,0.0116182882
5395,"/kaggle/input/datasets/arafatrahmann/my-data221/Epic and CSCR hospital Dataset/Train/notumor/1773.jpg",2,notumor,2,notumor,0.0063698725,0.0105402907,0.9711313248,0.0119585730
5397,"/kaggle/input/datasets/arafatrahmann/my-data221/Epic and CSCR hospital Dataset/Train/notumor/1775.jpg",2,notumor,2,notumor,0.0095736375,0.0108098406,0.9695070386,0.0101094590
5399,"/kaggle/input/datasets/arafatrahmann/my-data221/Epic and CSCR hospital Dataset/Train/notumor/1777.jpg",2,notumor,2,notumor,0.0056598787,0.0118617760,0.9689394236,0.0135390013
5401,"/kaggle/input/datasets/arafatrahmann/my-data221/Epic and CSCR hospital Dataset/Train/notumor/1779.jpg",2,notumor,2,notumor,0.0064215548,0.0100468518,0.9710272551,0.0125043225
5406,"/kaggle/input/datasets/arafatrahmann/my-data221/Epic and CSCR hospital Dataset/Train/notumor/1784.jpg",2,notumor,2,notumor,0.0056918324,0.0102348132,0.9698708653,0.0142024886
5418,"/kaggle/input/datasets/arafatrahmann/my-data221/Epic and CSCR hospital Dataset/Train/notumor/1796.jpg",2,notumor,2,notumor,0.0064750626,0.0099633588,0.9716700315,0.0118915141
5420,"/kaggle/input/datasets/arafatrahmann/my-data221/Epic and CSCR hospital Dataset/Train/notumor/1798.jpg",2,notumor,2,notumor,0.0054516369,0.0099287862,0.9715465307,0.0130729582
5422,"/kaggle/input/datasets/arafatrahmann/my-data221/Epic and CSCR hospital Dataset/Train/notumor/18 no.jpg",2,notumor,2,notumor,0.0071538761,0.0103182970,0.9706838727,0.0118440092
5426,"/kaggle/input/datasets/arafatrahmann/my-data221/Epic and CSCR hospital Dataset/Train/notumor/1803.jpg",2,notumor,2,notumor,0.0046575246,0.0181068741,0.9651188850,0.0121167488
5429,"/kaggle/input/datasets/arafatrahmann/my-data221/Epic and CSCR hospital Dataset/Train/notumor/1806.jpg",2,notumor,2,notumor,0.0119456779,0.0094122021,0.9681059718,0.0105361585
5431,"/kaggle/input/datasets/arafatrahmann/my-data221/Epic and CSCR hospital Dataset/Train/notumor/1808.jpg",2,notumor,2,notumor,0.0043155821,0.0131027820,0.9693460464,0.0132357208
5433,"/kaggle/input/datasets/arafatrahmann/my-data221/Epic and CSCR hospital Dataset/Train/notumor/1810.jpg",2,notumor,2,notumor,0.0072170659,0.0111651281,0.9705324173,0.0110853333
5434,"/kaggle/input/datasets/arafatrahmann/my-data221/Epic and CSCR hospital Dataset/Train/notumor/1811.jpg",2,notumor,2,notumor,0.0058222702,0.0126433577,0.9691656828,0.0123686995
5435,"/kaggle/input/datasets/arafatrahmann/my-data221/Epic and CSCR hospital Dataset/Train/notumor/1812.jpg",2,notumor,2,notumor,0.0968064517,0.0075600869,0.8868024945,0.0088310428
5437,"/kaggle/input/datasets/arafatrahmann/my-data221/Epic and CSCR hospital Dataset/Train/notumor/1814.jpg",2,notumor,2,notumor,0.0079103848,0.0089754630,0.9707163572,0.0123976525
5438,"/kaggle/input/datasets/arafatrahmann/my-data221/Epic and CSCR hospital Dataset/Train/notumor/1815.jpg",2,notumor,2,notumor,0.0047608167,0.0118581764,0.9694181681,0.0139627960
5447,"/kaggle/input/datasets/arafatrahmann/my-data221/Epic and CSCR hospital Dataset/Train/notumor/1824.jpg",2,notumor,2,notumor,0.0048252009,0.0114376275,0.9697282910,0.0140089374
5452,"/kaggle/input/datasets/arafatrahmann/my-data221/Epic and CSCR hospital Dataset/Train/notumor/1829.jpg",2,notumor,2,notumor,0.0081345495,0.0100066354,0.9710605741,0.0107982624
5457,"/kaggle/input/datasets/arafatrahmann/my-data221/Epic and CSCR hospital Dataset/Train/notumor/1834.jpg",2,notumor,2,notumor,0.0048334221,0.0110084265,0.9691697359,0.0149884718
5458,"/kaggle/input/datasets/arafatrahmann/my-data221/Epic and CSCR hospital Dataset/Train/notumor/1835.jpg",2,notumor,2,notumor,0.0053656385,0.0100433324,0.9695138931,0.0150770992
5462,"/kaggle/input/datasets/arafatrahmann/my-data221/Epic and CSCR hospital Dataset/Train/notumor/1839.jpg",2,notumor,2,notumor,0.0052126101,0.0125134643,0.9694455266,0.0128284674
5463,"/kaggle/input/datasets/arafatrahmann/my-data221/Epic and CSCR hospital Dataset/Train/notumor/1840.jpg",2,notumor,2,notumor,0.0050068265,0.0130550070,0.9690467715,0.0128913298
5471,"/kaggle/input/datasets/arafatrahmann/my-data221/Epic and CSCR hospital Dataset/Train/notumor/1848.jpg",2,notumor,2,notumor,0.0051250025,0.0109103257,0.9688991308,0.0150655732
5473,"/kaggle/input/datasets/arafatrahmann/my-data221/Epic and CSCR hospital Dataset/Train/notumor/1850.jpg",2,notumor,2,notumor,0.0052287718,0.0132123753,0.9696954489,0.0118634794
5479,"/kaggle/input/datasets/arafatrahmann/my-data221/Epic and CSCR hospital Dataset/Train/notumor/1856.jpg",2,notumor,2,notumor,0.0060340660,0.0137095274,0.9689868689,0.0112695023
5480,"/kaggle/input/datasets/arafatrahmann/my-data221/Epic and CSCR hospital Dataset/Train/notumor/1857.jpg",2,notumor,2,notumor,0.0089871399,0.0080278227,0.9704701304,0.0125149013
5483,"/kaggle/input/datasets/arafatrahmann/my-data221/Epic and CSCR hospital Dataset/Train/notumor/1860.jpg",2,notumor,2,notumor,0.0054765418,0.0117750820,0.9692722559,0.0134761110
5485,"/kaggle/input/datasets/arafatrahmann/my-data221/Epic and CSCR hospital Dataset/Train/notumor/1862.jpg",2,notumor,2,notumor,0.0074253767,0.0089961477,0.9710137248,0.0125646964
5495,"/kaggle/input/datasets/arafatrahmann/my-data221/Epic and CSCR hospital Dataset/Train/notumor/1872.jpg",2,notumor,2,notumor,0.0056609488,0.0102498587,0.9696134329,0.0144757507
5496,"/kaggle/input/datasets/arafatrahmann/my-data221/Epic and CSCR hospital Dataset/Train/notumor/1873.jpg",2,notumor,2,notumor,0.0064189723,0.0106994156,0.9718186259,0.0110629583
5499,"/kaggle/input/datasets/arafatrahmann/my-data221/Epic and CSCR hospital Dataset/Train/notumor/1876.jpg",2,notumor,2,notumor,0.0065587582,0.0107320156,0.9709122777,0.0117969457
5506,"/kaggle/input/datasets/arafatrahmann/my-data221/Epic and CSCR hospital Dataset/Train/notumor/1883.jpg",2,notumor,2,notumor,0.2337857783,0.0076883836,0.7497142553,0.0088115865
5507,"/kaggle/input/datasets/arafatrahmann/my-data221/Epic and CSCR hospital Dataset/Train/notumor/1884.jpg",2,notumor,2,notumor,0.0059029404,0.0110742152,0.9705157280,0.0125071704
5518,"/kaggle/input/datasets/arafatrahmann/my-data221/Epic and CSCR hospital Dataset/Train/notumor/3 no.jpg",2,notumor,2,notumor,0.0055302572,0.0105434787,0.9714660645,0.0124602690
5521,"/kaggle/input/datasets/arafatrahmann/my-data221/Epic and CSCR hospital Dataset/Train/notumor/35 no.jpg",2,notumor,2,notumor,0.0064610280,0.0109934621,0.9709762335,0.0115692746
5522,"/kaggle/input/datasets/arafatrahmann/my-data221/Epic and CSCR hospital Dataset/Train/notumor/36 no.jpg",2,notumor,2,notumor,0.0110200811,0.0095492853,0.9694393873,0.0099912435
5523,"/kaggle/input/datasets/arafatrahmann/my-data221/Epic and CSCR hospital Dataset/Train/notumor/37 no.jpg",2,notumor,2,notumor,0.0066534355,0.0110105816,0.9700808525,0.0122550596
5525,"/kaggle/input/datasets/arafatrahmann/my-data221/Epic and CSCR hospital Dataset/Train/notumor/39 no.jpg",2,notumor,2,notumor,0.0065343566,0.0101691624,0.9716832042,0.0116133187
5527,"/kaggle/input/datasets/arafatrahmann/my-data221/Epic and CSCR hospital Dataset/Train/notumor/40 no.jpg",2,notumor,2,notumor,0.0061908793,0.0119524021,0.9693146944,0.0125419870
5530,"/kaggle/input/datasets/arafatrahmann/my-data221/Epic and CSCR hospital Dataset/Train/notumor/6 no.jpg",2,notumor,2,notumor,0.0086790659,0.0095580025,0.9709050059,0.0108579174
5532,"/kaggle/input/datasets/arafatrahmann/my-data221/Epic and CSCR hospital Dataset/Train/notumor/8 no.jpg",2,notumor,2,notumor,0.0054127434,0.0103012044,0.9720924497,0.0121936221
5534,"/kaggle/input/datasets/arafatrahmann/my-data221/Epic and CSCR hospital Dataset/Train/notumor/N1.JPG",2,notumor,2,notumor,0.3611389995,0.0108526517,0.6209519506,0.0070563788
5552,"/kaggle/input/datasets/arafatrahmann/my-data221/Epic and CSCR hospital Dataset/Train/notumor/N_368_RO_.jpg",2,notumor,2,notumor,0.0042638951,0.0112118917,0.9695056081,0.0150186615
5563,"/kaggle/input/datasets/arafatrahmann/my-data221/Epic and CSCR hospital Dataset/Train/notumor/N_36_DA_.jpg",2,notumor,2,notumor,0.0073198974,0.0097906757,0.9720357656,0.0108536081
5571,"/kaggle/input/datasets/arafatrahmann/my-data221/Epic and CSCR hospital Dataset/Train/notumor/N_370_DA_.jpg",2,notumor,2,notumor,0.0050173770,0.0116418321,0.9704462290,0.0128946900
5572,"/kaggle/input/datasets/arafatrahmann/my-data221/Epic and CSCR hospital Dataset/Train/notumor/N_370_HF_.jpg",2,notumor,2,notumor,0.0052711344,0.0129080070,0.9697062373,0.0121146571
5575,"/kaggle/input/datasets/arafatrahmann/my-data221/Epic and CSCR hospital Dataset/Train/notumor/N_371_BR_.jpg",2,notumor,2,notumor,0.0168762989,0.0078623490,0.9653350115,0.0099263117
5578,"/kaggle/input/datasets/arafatrahmann/my-data221/Epic and CSCR hospital Dataset/Train/notumor/N_371_RO_.jpg",2,notumor,2,notumor,0.0155202271,0.0082741948,0.9673774838,0.0088281734
5586,"/kaggle/input/datasets/arafatrahmann/my-data221/Epic and CSCR hospital Dataset/Train/notumor/N_372_SP_.jpg",2,notumor,2,notumor,0.0077467328,0.0093585597,0.9694378972,0.0134568084
5587,"/kaggle/input/datasets/arafatrahmann/my-data221/Epic and CSCR hospital Dataset/Train/notumor/N_372_VF_.jpg",2,notumor,2,notumor,0.0052229604,0.0123443576,0.9694383740,0.0129942577
5592,"/kaggle/input/datasets/arafatrahmann/my-data221/Epic and CSCR hospital Dataset/Train/notumor/N_373_RO_.jpg",2,notumor,2,notumor,0.0059418422,0.0135781588,0.9685505033,0.0119295372
5593,"/kaggle/input/datasets/arafatrahmann/my-data221/Epic and CSCR hospital Dataset/Train/notumor/N_373_SP_.jpg",2,notumor,2,notumor,0.0052981982,0.0088070994,0.9702116251,0.0156830549
5594,"/kaggle/input/datasets/arafatrahmann/my-data221/Epic and CSCR hospital Dataset/Train/notumor/N_373_VF_.jpg",2,notumor,2,notumor,0.0058605783,0.0135192946,0.9681583643,0.0124618160
5598,"/kaggle/input/datasets/arafatrahmann/my-data221/Epic and CSCR hospital Dataset/Train/notumor/N_374_HF_.jpg",2,notumor,2,notumor,0.0085320119,0.0100921476,0.9707133174,0.0106624793
5604,"/kaggle/input/datasets/arafatrahmann/my-data221/Epic and CSCR hospital Dataset/Train/notumor/N_375_DA_.jpg",2,notumor,2,notumor,0.0070277252,0.0090509551,0.9712077379,0.0127136260
5607,"/kaggle/input/datasets/arafatrahmann/my-data221/Epic and CSCR hospital Dataset/Train/notumor/N_375_SP_.jpg",2,notumor,2,notumor,0.0059656487,0.0085403668,0.9693576097,0.0161363222
5610,"/kaggle/input/datasets/arafatrahmann/my-data221/Epic and CSCR hospital Dataset/Train/notumor/N_376_BR_.jpg",2,notumor,2,notumor,0.0048914244,0.0115513960,0.9697483778,0.0138087422
5616,"/kaggle/input/datasets/arafatrahmann/my-data221/Epic and CSCR hospital Dataset/Train/notumor/N_377.jpg",2,notumor,2,notumor,0.0065133749,0.0100479582,0.9708356857,0.0126029942
5620,"/kaggle/input/datasets/arafatrahmann/my-data221/Epic and CSCR hospital Dataset/Train/notumor/N_377_RO_.jpg",2,notumor,2,notumor,0.0076402165,0.0088698305,0.9712322950,0.0122575983
5622,"/kaggle/input/datasets/arafatrahmann/my-data221/Epic and CSCR hospital Dataset/Train/notumor/N_377_VF_.jpg",2,notumor,2,notumor,0.0058189826,0.0092865862,0.9707226753,0.0141717074
5624,"/kaggle/input/datasets/arafatrahmann/my-data221/Epic and CSCR hospital Dataset/Train/notumor/N_378_BR_.jpg",2,notumor,2,notumor,0.0058379523,0.0107796434,0.9716173410,0.0117651233
5638,"/kaggle/input/datasets/arafatrahmann/my-data221/Epic and CSCR hospital Dataset/Train/notumor/N_37_DA_.jpg",2,notumor,2,notumor,0.0066984622,0.0112847416,0.9701596498,0.0118572395
5639,"/kaggle/input/datasets/arafatrahmann/my-data221/Epic and CSCR hospital Dataset/Train/notumor/N_37_HF_.jpg",2,notumor,2,notumor,0.0050021587,0.0111011844,0.9688394666,0.0150572341
5642,"/kaggle/input/datasets/arafatrahmann/my-data221/Epic and CSCR hospital Dataset/Train/notumor/N_37_VF_.jpg",2,notumor,2,notumor,0.0052952869,0.0112444656,0.9689615369,0.0144986538
5647,"/kaggle/input/datasets/arafatrahmann/my-data221/Epic and CSCR hospital Dataset/Train/notumor/N_380_HF_.jpg",2,notumor,2,notumor,0.0080457870,0.0100535704,0.9698144197,0.0120862257
5652,"/kaggle/input/datasets/arafatrahmann/my-data221/Epic and CSCR hospital Dataset/Train/notumor/N_381_BR_.jpg",2,notumor,2,notumor,0.0071782237,0.0098397043,0.9705952406,0.0123868324
5661,"/kaggle/input/datasets/arafatrahmann/my-data221/Epic and CSCR hospital Dataset/Train/notumor/N_382_HF_.jpg",2,notumor,2,notumor,0.0073483079,0.0099834045,0.9711546898,0.0115135955
5675,"/kaggle/input/datasets/arafatrahmann/my-data221/Epic and CSCR hospital Dataset/Train/notumor/N_384_HF_.jpg",2,notumor,2,notumor,0.0057620732,0.0120351091,0.9700433612,0.0121594882
5676,"/kaggle/input/datasets/arafatrahmann/my-data221/Epic and CSCR hospital Dataset/Train/notumor/N_384_RO_.jpg",2,notumor,2,notumor,0.0069402223,0.0117596332,0.9704384804,0.0108616967
5677,"/kaggle/input/datasets/arafatrahmann/my-data221/Epic and CSCR hospital Dataset/Train/notumor/N_384_SP_.jpg",2,notumor,2,notumor,0.0058076265,0.0097725429,0.9708970189,0.0135228084
5679,"/kaggle/input/datasets/arafatrahmann/my-data221/Epic and CSCR hospital Dataset/Train/notumor/N_385.jpg",2,notumor,2,notumor,0.0075491806,0.0093765920,0.9702063799,0.0128678549
5682,"/kaggle/input/datasets/arafatrahmann/my-data221/Epic and CSCR hospital Dataset/Train/notumor/N_385_HF_.jpg",2,notumor,2,notumor,0.0061956518,0.0099523151,0.9700888395,0.0137632014
5693,"/kaggle/input/datasets/arafatrahmann/my-data221/Epic and CSCR hospital Dataset/Train/notumor/N_387.jpg",2,notumor,2,notumor,0.0094576729,0.0106245140,0.9697397351,0.0101782121
5695,"/kaggle/input/datasets/arafatrahmann/my-data221/Epic and CSCR hospital Dataset/Train/notumor/N_387_DA_.jpg",2,notumor,2,notumor,0.0082977237,0.0101567637,0.9707835317,0.0107619958
5699,"/kaggle/input/datasets/arafatrahmann/my-data221/Epic and CSCR hospital Dataset/Train/notumor/N_387_VF_.jpg",2,notumor,2,notumor,0.0068115080,0.0124297561,0.9696910977,0.0110676130
5703,"/kaggle/input/datasets/arafatrahmann/my-data221/Epic and CSCR hospital Dataset/Train/notumor/N_388_HF_.jpg",2,notumor,2,notumor,0.0071935342,0.0099558793,0.9711669087,0.0116836959
5705,"/kaggle/input/datasets/arafatrahmann/my-data221/Epic and CSCR hospital Dataset/Train/notumor/N_388_SP_.jpg",2,notumor,2,notumor,0.0119172968,0.0078046843,0.9680120349,0.0122659821
5716,"/kaggle/input/datasets/arafatrahmann/my-data221/Epic and CSCR hospital Dataset/Train/notumor/N_38_HF_.jpg",2,notumor,2,notumor,0.0053408863,0.0107646836,0.9717261195,0.0121682948
5732,"/kaggle/input/datasets/arafatrahmann/my-data221/Epic and CSCR hospital Dataset/Train/notumor/N_391_RO_.jpg",2,notumor,2,notumor,0.0059865057,0.0111140814,0.9697047472,0.0131945908
5736,"/kaggle/input/datasets/arafatrahmann/my-data221/Epic and CSCR hospital Dataset/Train/notumor/N_392_BR_.jpg",2,notumor,2,notumor,0.0077532465,0.0090364600,0.9712558985,0.0119543597
5738,"/kaggle/input/datasets/arafatrahmann/my-data221/Epic and CSCR hospital Dataset/Train/notumor/N_392_HF_.jpg",2,notumor,2,notumor,0.0080303894,0.0095412713,0.9710636139,0.0113647189
5741,"/kaggle/input/datasets/arafatrahmann/my-data221/Epic and CSCR hospital Dataset/Train/notumor/N_392_VF_.jpg",2,notumor,2,notumor,0.0070964573,0.0099521670,0.9712282419,0.0117232073
5742,"/kaggle/input/datasets/arafatrahmann/my-data221/Epic and CSCR hospital Dataset/Train/notumor/N_393.jpg",2,notumor,2,notumor,0.0056064585,0.0129296090,0.9691589475,0.0123050595
5743,"/kaggle/input/datasets/arafatrahmann/my-data221/Epic and CSCR hospital Dataset/Train/notumor/N_393_BR_.jpg",2,notumor,2,notumor,0.0045916834,0.0122725405,0.9696478844,0.0134879667
5751,"/kaggle/input/datasets/arafatrahmann/my-data221/Epic and CSCR hospital Dataset/Train/notumor/N_394_DA_.jpg",2,notumor,2,notumor,0.0393608697,0.0068478258,0.9388256073,0.0149657382
5752,"/kaggle/input/datasets/arafatrahmann/my-data221/Epic and CSCR hospital Dataset/Train/notumor/N_394_HF_.jpg",2,notumor,2,notumor,0.0116959084,0.0087004574,0.9664357901,0.0131678460
5758,"/kaggle/input/datasets/arafatrahmann/my-data221/Epic and CSCR hospital Dataset/Train/notumor/N_395_DA_.jpg",2,notumor,2,notumor,0.0072477995,0.0092045665,0.9724173546,0.0111302221
5767,"/kaggle/input/datasets/arafatrahmann/my-data221/Epic and CSCR hospital Dataset/Train/notumor/N_396_RO_.jpg",2,notumor,2,notumor,0.0096547175,0.0092843594,0.9706840515,0.0103768576
5768,"/kaggle/input/datasets/arafatrahmann/my-data221/Epic and CSCR hospital Dataset/Train/notumor/N_396_SP_.jpg",2,notumor,2,notumor,0.0086720642,0.0080595482,0.9701801538,0.0130882207
5773,"/kaggle/input/datasets/arafatrahmann/my-data221/Epic and CSCR hospital Dataset/Train/notumor/N_397_HF_.jpg",2,notumor,2,notumor,0.0052963300,0.0111668874,0.9710904360,0.0124463802
5777,"/kaggle/input/datasets/arafatrahmann/my-data221/Epic and CSCR hospital Dataset/Train/notumor/N_398.jpg",2,notumor,2,notumor,0.0056209215,0.0119532133,0.9705393910,0.0118864914
5784,"/kaggle/input/datasets/arafatrahmann/my-data221/Epic and CSCR hospital Dataset/Train/notumor/N_399.jpg",2,notumor,2,notumor,0.0067961179,0.0098157059,0.9720182419,0.0113699446
5792,"/kaggle/input/datasets/arafatrahmann/my-data221/Epic and CSCR hospital Dataset/Train/notumor/N_39_DA_.jpg",2,notumor,2,notumor,0.0051519498,0.0121578360,0.9707477689,0.0119424276
5793,"/kaggle/input/datasets/arafatrahmann/my-data221/Epic and CSCR hospital Dataset/Train/notumor/N_39_HF_.jpg",2,notumor,2,notumor,0.0047418093,0.0133294361,0.9692033529,0.0127253979
5797,"/kaggle/input/datasets/arafatrahmann/my-data221/Epic and CSCR hospital Dataset/Train/notumor/N_3_BR_.jpg",2,notumor,2,notumor,0.0054290202,0.0104670264,0.9707740545,0.0133297984
5798,"/kaggle/input/datasets/arafatrahmann/my-data221/Epic and CSCR hospital Dataset/Train/notumor/N_3_DA_.jpg",2,notumor,2,notumor,0.0047245855,0.0105214017,0.9696000814,0.0151538569
5801,"/kaggle/input/datasets/arafatrahmann/my-data221/Epic and CSCR hospital Dataset/Train/notumor/N_3_SP_.jpg",2,notumor,2,notumor,0.0056531136,0.0088658007,0.9680892825,0.0173917580
5803,"/kaggle/input/datasets/arafatrahmann/my-data221/Epic and CSCR hospital Dataset/Train/notumor/N_4.jpg",2,notumor,2,notumor,0.0049926476,0.0124458186,0.9702607393,0.0123008136
5806,"/kaggle/input/datasets/arafatrahmann/my-data221/Epic and CSCR hospital Dataset/Train/notumor/N_400_BR_.jpg",2,notumor,2,notumor,0.0074840374,0.0092275646,0.9708290100,0.0124594243
5811,"/kaggle/input/datasets/arafatrahmann/my-data221/Epic and CSCR hospital Dataset/Train/notumor/N_400_VF_.jpg",2,notumor,2,notumor,0.0074937628,0.0099023720,0.9711620212,0.0114418855
5813,"/kaggle/input/datasets/arafatrahmann/my-data221/Epic and CSCR hospital Dataset/Train/notumor/N_401_BR_.jpg",2,notumor,2,notumor,0.0053643840,0.0101260152,0.9714377522,0.0130718648
5818,"/kaggle/input/datasets/arafatrahmann/my-data221/Epic and CSCR hospital Dataset/Train/notumor/N_401_VF_.jpg",2,notumor,2,notumor,0.0053562489,0.0100710038,0.9700917006,0.0144810947
5819,"/kaggle/input/datasets/arafatrahmann/my-data221/Epic and CSCR hospital Dataset/Train/notumor/N_402.jpg",2,notumor,2,notumor,0.0060342900,0.0113408910,0.9696513414,0.0129734976
5822,"/kaggle/input/datasets/arafatrahmann/my-data221/Epic and CSCR hospital Dataset/Train/notumor/N_402_HF_.jpg",2,notumor,2,notumor,0.0058937310,0.0114075858,0.9696461558,0.0130525129
5827,"/kaggle/input/datasets/arafatrahmann/my-data221/Epic and CSCR hospital Dataset/Train/notumor/N_403_BR_.jpg",2,notumor,2,notumor,0.0053967340,0.0094893854,0.9716726542,0.0134411948
5828,"/kaggle/input/datasets/arafatrahmann/my-data221/Epic and CSCR hospital Dataset/Train/notumor/N_403_DA_.jpg",2,notumor,2,notumor,0.0061193127,0.0101534203,0.9701749086,0.0135524245
5832,"/kaggle/input/datasets/arafatrahmann/my-data221/Epic and CSCR hospital Dataset/Train/notumor/N_403_VF_.jpg",2,notumor,2,notumor,0.0058113509,0.0087637613,0.9696714282,0.0157534219
5835,"/kaggle/input/datasets/arafatrahmann/my-data221/Epic and CSCR hospital Dataset/Train/notumor/N_404_DA_.jpg",2,notumor,2,notumor,0.0056246356,0.0108431652,0.9701462984,0.0133859217
5845,"/kaggle/input/datasets/arafatrahmann/my-data221/Epic and CSCR hospital Dataset/Train/notumor/N_405_SP_.jpg",2,notumor,2,notumor,0.0062358659,0.0099882837,0.9706861377,0.0130897192
5857,"/kaggle/input/datasets/arafatrahmann/my-data221/Epic and CSCR hospital Dataset/Train/notumor/N_407_HF_.jpg",2,notumor,2,notumor,0.0058298716,0.0095452489,0.9711542130,0.0134705799
5861,"/kaggle/input/datasets/arafatrahmann/my-data221/Epic and CSCR hospital Dataset/Train/notumor/N_408.jpg",2,notumor,2,notumor,0.0052466681,0.0129706291,0.9699018598,0.0118808709
5867,"/kaggle/input/datasets/arafatrahmann/my-data221/Epic and CSCR hospital Dataset/Train/notumor/N_408_VF_.jpg",2,notumor,2,notumor,0.0048692906,0.0123518687,0.9697190523,0.0130598322
5868,"/kaggle/input/datasets/arafatrahmann/my-data221/Epic and CSCR hospital Dataset/Train/notumor/N_409.jpg",2,notumor,2,notumor,0.0067036874,0.0102626290,0.9716272354,0.0114065353
5876,"/kaggle/input/datasets/arafatrahmann/my-data221/Epic and CSCR hospital Dataset/Train/notumor/N_40_DA_.jpg",2,notumor,2,notumor,0.0049826088,0.0118081151,0.9694873691,0.0137218786
5880,"/kaggle/input/datasets/arafatrahmann/my-data221/Epic and CSCR hospital Dataset/Train/notumor/N_40_VF_.jpg",2,notumor,2,notumor,0.0052857129,0.0123492125,0.9691093564,0.0132557405
5882,"/kaggle/input/datasets/arafatrahmann/my-data221/Epic and CSCR hospital Dataset/Train/notumor/N_410.jpg",2,notumor,2,notumor,0.0067050098,0.0096366387,0.9718254805,0.0118329134
5883,"/kaggle/input/datasets/arafatrahmann/my-data221/Epic and CSCR hospital Dataset/Train/notumor/N_410_BR_.jpg",2,notumor,2,notumor,0.0091532823,0.0080728047,0.9699788094,0.0127951410
5884,"/kaggle/input/datasets/arafatrahmann/my-data221/Epic and CSCR hospital Dataset/Train/notumor/N_410_DA_.jpg",2,notumor,2,notumor,0.0074580624,0.0088825710,0.9717543721,0.0119050341
5891,"/kaggle/input/datasets/arafatrahmann/my-data221/Epic and CSCR hospital Dataset/Train/notumor/N_411_DA_.jpg",2,notumor,2,notumor,0.0243684761,0.0073031425,0.9581524730,0.0101758447
5894,"/kaggle/input/datasets/arafatrahmann/my-data221/Epic and CSCR hospital Dataset/Train/notumor/N_411_SP_.jpg",2,notumor,2,notumor,0.0458418243,0.0066793659,0.9317708015,0.0157081261
5901,"/kaggle/input/datasets/arafatrahmann/my-data221/Epic and CSCR hospital Dataset/Train/notumor/N_412_SP_.jpg",2,notumor,2,notumor,0.0150749143,0.0076899612,0.9660471082,0.0111879539
5902,"/kaggle/input/datasets/arafatrahmann/my-data221/Epic and CSCR hospital Dataset/Train/notumor/N_412_VF_.jpg",2,notumor,2,notumor,0.0102313664,0.0092030764,0.9698334932,0.0107321348
5915,"/kaggle/input/datasets/arafatrahmann/my-data221/Epic and CSCR hospital Dataset/Train/notumor/N_414_SP_.jpg",2,notumor,2,notumor,0.0061834734,0.0087856706,0.9695895910,0.0154412221
5917,"/kaggle/input/datasets/arafatrahmann/my-data221/Epic and CSCR hospital Dataset/Train/notumor/N_415.jpg",2,notumor,2,notumor,0.0049268333,0.0113231568,0.9713078737,0.0124421204
5919,"/kaggle/input/datasets/arafatrahmann/my-data221/Epic and CSCR hospital Dataset/Train/notumor/N_415_DA_.jpg",2,notumor,2,notumor,0.0056981556,0.0107355975,0.9716055989,0.0119607281
5928,"/kaggle/input/datasets/arafatrahmann/my-data221/Epic and CSCR hospital Dataset/Train/notumor/N_416_RO_.jpg",2,notumor,2,notumor,0.0069642430,0.0100682629,0.9713580012,0.0116094444
5929,"/kaggle/input/datasets/arafatrahmann/my-data221/Epic and CSCR hospital Dataset/Train/notumor/N_416_SP_.jpg",2,notumor,2,notumor,0.0058013629,0.0083400588,0.9676888585,0.0181696620
5930,"/kaggle/input/datasets/arafatrahmann/my-data221/Epic and CSCR hospital Dataset/Train/notumor/N_416_VF_.jpg",2,notumor,2,notumor,0.0067204186,0.0096779224,0.9711478949,0.0124536585
5943,"/kaggle/input/datasets/arafatrahmann/my-data221/Epic and CSCR hospital Dataset/Train/notumor/N_418_SP_.jpg",2,notumor,2,notumor,0.0052645816,0.0091538373,0.9718587995,0.0137228016
5945,"/kaggle/input/datasets/arafatrahmann/my-data221/Epic and CSCR hospital Dataset/Train/notumor/N_419.jpg",2,notumor,2,notumor,0.0157782324,0.0085353628,0.9672737122,0.0084127318
5948,"/kaggle/input/datasets/arafatrahmann/my-data221/Epic and CSCR hospital Dataset/Train/notumor/N_419_HF_.jpg",2,notumor,2,notumor,0.0109141842,0.0094061857,0.9703138471,0.0093657309
5957,"/kaggle/input/datasets/arafatrahmann/my-data221/Epic and CSCR hospital Dataset/Train/notumor/N_41_VF_.jpg",2,notumor,2,notumor,0.0057486030,0.0092438180,0.9707705379,0.0142369764
5958,"/kaggle/input/datasets/arafatrahmann/my-data221/Epic and CSCR hospital Dataset/Train/notumor/N_42.jpg",2,notumor,2,notumor,0.0054878853,0.0098495809,0.9711960554,0.0134664476
5962,"/kaggle/input/datasets/arafatrahmann/my-data221/Epic and CSCR hospital Dataset/Train/notumor/N_420_HF_.jpg",2,notumor,2,notumor,0.0084891748,0.0110043138,0.9700407982,0.0104657318
5974,"/kaggle/input/datasets/arafatrahmann/my-data221/Epic and CSCR hospital Dataset/Train/notumor/N_422_BR_.jpg",2,notumor,2,notumor,0.0070861056,0.0105798654,0.9706015587,0.0117324824
5978,"/kaggle/input/datasets/arafatrahmann/my-data221/Epic and CSCR hospital Dataset/Train/notumor/N_422_SP_.jpg",2,notumor,2,notumor,0.0058663543,0.0105205495,0.9666582346,0.0169548206
5983,"/kaggle/input/datasets/arafatrahmann/my-data221/Epic and CSCR hospital Dataset/Train/notumor/N_423_HF_.jpg",2,notumor,2,notumor,0.0075875977,0.0099324277,0.9713808298,0.0110990927
5988,"/kaggle/input/datasets/arafatrahmann/my-data221/Epic and CSCR hospital Dataset/Train/notumor/N_424_BR_.jpg",2,notumor,2,notumor,0.0061355308,0.0098837083,0.9712780118,0.0127027947
5991,"/kaggle/input/datasets/arafatrahmann/my-data221/Epic and CSCR hospital Dataset/Train/notumor/N_424_RO_.jpg",2,notumor,2,notumor,0.0101794656,0.0089711566,0.9706583023,0.0101910774
5993,"/kaggle/input/datasets/arafatrahmann/my-data221/Epic and CSCR hospital Dataset/Train/notumor/N_424_VF_.jpg",2,notumor,2,notumor,0.0077809766,0.0094027910,0.9715293646,0.0112868175
6002,"/kaggle/input/datasets/arafatrahmann/my-data221/Epic and CSCR hospital Dataset/Train/notumor/N_426_BR_.jpg",2,notumor,2,notumor,0.0052401572,0.0117141483,0.9703319669,0.0127136707
6005,"/kaggle/input/datasets/arafatrahmann/my-data221/Epic and CSCR hospital Dataset/Train/notumor/N_426_RO_.jpg",2,notumor,2,notumor,0.0054156315,0.0125311781,0.9696884155,0.0123647889
6020,"/kaggle/input/datasets/arafatrahmann/my-data221/Epic and CSCR hospital Dataset/Train/notumor/N_428_SP_.jpg",2,notumor,2,notumor,0.0047120312,0.0075074309,0.9371271133,0.0506533608
6022,"/kaggle/input/datasets/arafatrahmann/my-data221/Epic and CSCR hospital Dataset/Train/notumor/N_429.jpg",2,notumor,2,notumor,0.0056165014,0.0127111208,0.9683945775,0.0132777393
6028,"/kaggle/input/datasets/arafatrahmann/my-data221/Epic and CSCR hospital Dataset/Train/notumor/N_429_VF_.jpg",2,notumor,2,notumor,0.0061072460,0.0118321804,0.9687649608,0.0132956449
6032,"/kaggle/input/datasets/arafatrahmann/my-data221/Epic and CSCR hospital Dataset/Train/notumor/N_42_RO_.jpg",2,notumor,2,notumor,0.0062708212,0.0098840129,0.9714857936,0.0123593193
6035,"/kaggle/input/datasets/arafatrahmann/my-data221/Epic and CSCR hospital Dataset/Train/notumor/N_43.jpg",2,notumor,2,notumor,0.0207719468,0.0098809665,0.9598849416,0.0094622020
6038,"/kaggle/input/datasets/arafatrahmann/my-data221/Epic and CSCR hospital Dataset/Train/notumor/N_430_DA_.jpg",2,notumor,2,notumor,0.0143197794,0.0074791573,0.9679186940,0.0102824327
6042,"/kaggle/input/datasets/arafatrahmann/my-data221/Epic and CSCR hospital Dataset/Train/notumor/N_430_VF_.jpg",2,notumor,2,notumor,0.1300325096,0.0079745632,0.8528245091,0.0091683520
6044,"/kaggle/input/datasets/arafatrahmann/my-data221/Epic and CSCR hospital Dataset/Train/notumor/N_431_BR_.jpg",2,notumor,2,notumor,0.0103703784,0.0081400285,0.9702288508,0.0112607796
6051,"/kaggle/input/datasets/arafatrahmann/my-data221/Epic and CSCR hospital Dataset/Train/notumor/N_432_BR_.jpg",2,notumor,2,notumor,0.0067562312,0.0100062769,0.9706617594,0.0125757661
6063,"/kaggle/input/datasets/arafatrahmann/my-data221/Epic and CSCR hospital Dataset/Train/notumor/N_433_VF_.jpg",2,notumor,2,notumor,0.0391352251,0.0082824333,0.9435067177,0.0090756239
6072,"/kaggle/input/datasets/arafatrahmann/my-data221/Epic and CSCR hospital Dataset/Train/notumor/N_435_BR_.jpg",2,notumor,2,notumor,0.0078618024,0.0082582356,0.9709450006,0.0129349362
6074,"/kaggle/input/datasets/arafatrahmann/my-data221/Epic and CSCR hospital Dataset/Train/notumor/N_435_HF_.jpg",2,notumor,2,notumor,0.0062371609,0.0125141889,0.9693610072,0.0118875755
6082,"/kaggle/input/datasets/arafatrahmann/my-data221/Epic and CSCR hospital Dataset/Train/notumor/N_436_RO_.jpg",2,notumor,2,notumor,0.0063946201,0.0097177075,0.9712937474,0.0125939352
6093,"/kaggle/input/datasets/arafatrahmann/my-data221/Epic and CSCR hospital Dataset/Train/notumor/N_438_BR_.jpg",2,notumor,2,notumor,0.0057410710,0.0121305678,0.9700948596,0.0120335203
6094,"/kaggle/input/datasets/arafatrahmann/my-data221/Epic and CSCR hospital Dataset/Train/notumor/N_438_DA_.jpg",2,notumor,2,notumor,0.0050722794,0.0117042158,0.9706929922,0.0125304703
6101,"/kaggle/input/datasets/arafatrahmann/my-data221/Epic and CSCR hospital Dataset/Train/notumor/N_43_HF_.jpg",2,notumor,2,notumor,0.0085138325,0.0110149048,0.9699894786,0.0104818642
6102,"/kaggle/input/datasets/arafatrahmann/my-data221/Epic and CSCR hospital Dataset/Train/notumor/N_43_RO_.jpg",2,notumor,2,notumor,0.0085153300,0.0116623100,0.9696175456,0.0102047930
6110,"/kaggle/input/datasets/arafatrahmann/my-data221/Epic and CSCR hospital Dataset/Train/notumor/N_44_SP_.jpg",2,notumor,2,notumor,0.0075898082,0.0086491061,0.9706476331,0.0131133962
6116,"/kaggle/input/datasets/arafatrahmann/my-data221/Epic and CSCR hospital Dataset/Train/notumor/N_45_RO_.jpg",2,notumor,2,notumor,0.0850879028,0.0088952472,0.8967398405,0.0092769591
6118,"/kaggle/input/datasets/arafatrahmann/my-data221/Epic and CSCR hospital Dataset/Train/notumor/N_45_VF_.jpg",2,notumor,2,notumor,0.0124318423,0.0088382503,0.9682292938,0.0105005801
6123,"/kaggle/input/datasets/arafatrahmann/my-data221/Epic and CSCR hospital Dataset/Train/notumor/N_46_RO_.jpg",2,notumor,2,notumor,0.0066016847,0.0119646844,0.9694236517,0.0120099783
6127,"/kaggle/input/datasets/arafatrahmann/my-data221/Epic and CSCR hospital Dataset/Train/notumor/N_47_BR_.jpg",2,notumor,2,notumor,0.0058545829,0.0146607729,0.9674544334,0.0120301712
6130,"/kaggle/input/datasets/arafatrahmann/my-data221/Epic and CSCR hospital Dataset/Train/notumor/N_47_RO_.jpg",2,notumor,2,notumor,0.0047672745,0.0155492276,0.9670912027,0.0125922440
6131,"/kaggle/input/datasets/arafatrahmann/my-data221/Epic and CSCR hospital Dataset/Train/notumor/N_47_SP_.jpg",2,notumor,2,notumor,0.0046085049,0.0103756180,0.9691203833,0.0158954635
6134,"/kaggle/input/datasets/arafatrahmann/my-data221/Epic and CSCR hospital Dataset/Train/notumor/N_48_BR_.jpg",2,notumor,2,notumor,0.0057190293,0.0095419325,0.9712561369,0.0134829413
6138,"/kaggle/input/datasets/arafatrahmann/my-data221/Epic and CSCR hospital Dataset/Train/notumor/N_48_SP_.jpg",2,notumor,2,notumor,0.0061775553,0.0089526167,0.9694288373,0.0154409157
6139,"/kaggle/input/datasets/arafatrahmann/my-data221/Epic and CSCR hospital Dataset/Train/notumor/N_48_VF_.jpg",2,notumor,2,notumor,0.0062989197,0.0086066239,0.9700247049,0.0150697287
6141,"/kaggle/input/datasets/arafatrahmann/my-data221/Epic and CSCR hospital Dataset/Train/notumor/N_49_BR_.jpg",2,notumor,2,notumor,0.0068144472,0.0100632980,0.9707961082,0.0123261530
6143,"/kaggle/input/datasets/arafatrahmann/my-data221/Epic and CSCR hospital Dataset/Train/notumor/N_49_HF_.jpg",2,notumor,2,notumor,0.0073308698,0.0101537500,0.9709261656,0.0115892123
6166,"/kaggle/input/datasets/arafatrahmann/my-data221/Epic and CSCR hospital Dataset/Train/notumor/N_51_SP_.jpg",2,notumor,2,notumor,0.0073972074,0.0092834216,0.9699236751,0.0133956997
6170,"/kaggle/input/datasets/arafatrahmann/my-data221/Epic and CSCR hospital Dataset/Train/notumor/N_52_DA_.jpg",2,notumor,2,notumor,0.0073236129,0.0096700555,0.9715049863,0.0115014110
6183,"/kaggle/input/datasets/arafatrahmann/my-data221/Epic and CSCR hospital Dataset/Train/notumor/N_58_BR_.jpg",2,notumor,2,notumor,0.0045842924,0.0122190844,0.9697099924,0.0134866191
6184,"/kaggle/input/datasets/arafatrahmann/my-data221/Epic and CSCR hospital Dataset/Train/notumor/N_58_DA_.jpg",2,notumor,2,notumor,0.0055297250,0.0127449166,0.9699883461,0.0117369471
6186,"/kaggle/input/datasets/arafatrahmann/my-data221/Epic and CSCR hospital Dataset/Train/notumor/No11.jpg",2,notumor,2,notumor,0.0072973832,0.0092862025,0.9724866152,0.0109297251
6187,"/kaggle/input/datasets/arafatrahmann/my-data221/Epic and CSCR hospital Dataset/Train/notumor/No12.jpg",2,notumor,2,notumor,0.0111511508,0.0083212536,0.9695297480,0.0109978952
6189,"/kaggle/input/datasets/arafatrahmann/my-data221/Epic and CSCR hospital Dataset/Train/notumor/No14.jpg",2,notumor,2,notumor,0.3041400611,0.0074538551,0.6802850962,0.0081210248
6190,"/kaggle/input/datasets/arafatrahmann/my-data221/Epic and CSCR hospital Dataset/Train/notumor/No15.jpg",2,notumor,2,notumor,0.0065047755,0.0107327299,0.9706532359,0.0121092424
6194,"/kaggle/input/datasets/arafatrahmann/my-data221/Epic and CSCR hospital Dataset/Train/notumor/No19.jpg",2,notumor,2,notumor,0.0053083701,0.0119004846,0.9698504210,0.0129406918
6200,"/kaggle/input/datasets/arafatrahmann/my-data221/Epic and CSCR hospital Dataset/Train/notumor/Te-no_0068.jpg",2,notumor,2,notumor,0.0066431225,0.0100021660,0.9713449478,0.0120097678
6204,"/kaggle/input/datasets/arafatrahmann/my-data221/Epic and CSCR hospital Dataset/Train/notumor/Te-no_0072.jpg",2,notumor,2,notumor,0.0052512409,0.0128380507,0.9699952006,0.0119153541
6211,"/kaggle/input/datasets/arafatrahmann/my-data221/Epic and CSCR hospital Dataset/Train/notumor/Te-no_0079.jpg",2,notumor,2,notumor,0.0060285842,0.0105766887,0.9713196754,0.0120751513
6219,"/kaggle/input/datasets/arafatrahmann/my-data221/Epic and CSCR hospital Dataset/Train/notumor/Te-no_0087.jpg",2,notumor,2,notumor,0.0066482089,0.0098256133,0.9715549350,0.0119712083
6220,"/kaggle/input/datasets/arafatrahmann/my-data221/Epic and CSCR hospital Dataset/Train/notumor/Te-no_0088.jpg",2,notumor,2,notumor,0.0044280002,0.0151062505,0.9674461484,0.0130196270
6233,"/kaggle/input/datasets/arafatrahmann/my-data221/Epic and CSCR hospital Dataset/Train/notumor/Te-no_0121.jpg",2,notumor,2,notumor,0.0099115744,0.0097251972,0.9701981544,0.0101650627
6242,"/kaggle/input/datasets/arafatrahmann/my-data221/Epic and CSCR hospital Dataset/Train/notumor/Te-no_0130.jpg",2,notumor,2,notumor,0.0055354438,0.0120384768,0.9703986049,0.0120275188
6243,"/kaggle/input/datasets/arafatrahmann/my-data221/Epic and CSCR hospital Dataset/Train/notumor/Te-no_0131.jpg",2,notumor,2,notumor,0.0085847657,0.0106020579,0.9703895450,0.0104235802
6248,"/kaggle/input/datasets/arafatrahmann/my-data221/Epic and CSCR hospital Dataset/Train/notumor/Te-no_0136.jpg",2,notumor,2,notumor,0.0051611266,0.0119248023,0.9705726504,0.0123414397
6254,"/kaggle/input/datasets/arafatrahmann/my-data221/Epic and CSCR hospital Dataset/Train/notumor/Te-no_0142.jpg",2,notumor,2,notumor,0.0062069902,0.0100093130,0.9715445638,0.0122391870
6259,"/kaggle/input/datasets/arafatrahmann/my-data221/Epic and CSCR hospital Dataset/Train/notumor/Te-no_0147.jpg",2,notumor,2,notumor,0.0060053603,0.0107627157,0.9707312584,0.0125007089
6262,"/kaggle/input/datasets/arafatrahmann/my-data221/Epic and CSCR hospital Dataset/Train/notumor/Te-no_0150.jpg",2,notumor,2,notumor,0.0070729330,0.0093108695,0.9705460668,0.0130701195
6269,"/kaggle/input/datasets/arafatrahmann/my-data221/Epic and CSCR hospital Dataset/Train/notumor/Te-no_0157.jpg",2,notumor,2,notumor,0.0063711414,0.0102686295,0.9703917503,0.0129683791
6282,"/kaggle/input/datasets/arafatrahmann/my-data221/Epic and CSCR hospital Dataset/Train/notumor/Te-no_0170.jpg",2,notumor,2,notumor,0.0059198709,0.0099901585,0.9704729915,0.0136169372
6298,"/kaggle/input/datasets/arafatrahmann/my-data221/Epic and CSCR hospital Dataset/Train/notumor/Te-no_0186.jpg",2,notumor,2,notumor,0.0071422891,0.0102515500,0.9700477719,0.0125584081
6300,"/kaggle/input/datasets/arafatrahmann/my-data221/Epic and CSCR hospital Dataset/Train/notumor/Te-no_0188.jpg",2,notumor,2,notumor,0.0047755931,0.0122156395,0.9679543376,0.0150543600
6302,"/kaggle/input/datasets/arafatrahmann/my-data221/Epic and CSCR hospital Dataset/Train/notumor/Te-no_0190.jpg",2,notumor,2,notumor,0.0060261432,0.0104028564,0.9705559015,0.0130151687
6306,"/kaggle/input/datasets/arafatrahmann/my-data221/Epic and CSCR hospital Dataset/Train/notumor/Te-no_0194.jpg",2,notumor,2,notumor,0.0077849394,0.0098509118,0.9709798098,0.0113844415
6310,"/kaggle/input/datasets/arafatrahmann/my-data221/Epic and CSCR hospital Dataset/Train/notumor/Te-no_0198.jpg",2,notumor,2,notumor,0.0055676065,0.0114638833,0.9695813060,0.0133872349
6316,"/kaggle/input/datasets/arafatrahmann/my-data221/Epic and CSCR hospital Dataset/Train/notumor/Te-no_0204.jpg",2,notumor,2,notumor,0.0050180522,0.0118383523,0.9690411687,0.0141024645
6318,"/kaggle/input/datasets/arafatrahmann/my-data221/Epic and CSCR hospital Dataset/Train/notumor/Te-no_0206.jpg",2,notumor,2,notumor,0.0366953947,0.0086587993,0.9441959262,0.0104498444
6327,"/kaggle/input/datasets/arafatrahmann/my-data221/Epic and CSCR hospital Dataset/Train/notumor/Te-no_0215.jpg",2,notumor,2,notumor,0.0064408379,0.0096996520,0.9720150828,0.0118444432
6337,"/kaggle/input/datasets/arafatrahmann/my-data221/Epic and CSCR hospital Dataset/Train/notumor/Te-no_0225.jpg",2,notumor,2,notumor,0.0053133210,0.0119032627,0.9697815180,0.0130019234
6348,"/kaggle/input/datasets/arafatrahmann/my-data221/Epic and CSCR hospital Dataset/Train/notumor/Te-no_0236.jpg",2,notumor,2,notumor,0.0107799377,0.0075989948,0.9692664146,0.0123546096
6350,"/kaggle/input/datasets/arafatrahmann/my-data221/Epic and CSCR hospital Dataset/Train/notumor/Te-no_0238.jpg",2,notumor,2,notumor,0.0073808259,0.0094291065,0.9707012177,0.0124888606
6354,"/kaggle/input/datasets/arafatrahmann/my-data221/Epic and CSCR hospital Dataset/Train/notumor/Te-no_0242.jpg",2,notumor,2,notumor,0.0054386081,0.0124130230,0.9691017270,0.0130467359
6359,"/kaggle/input/datasets/arafatrahmann/my-data221/Epic and CSCR hospital Dataset/Train/notumor/Te-no_0247.jpg",2,notumor,2,notumor,0.0042404132,0.0161227547,0.9657691121,0.0138676958
6360,"/kaggle/input/datasets/arafatrahmann/my-data221/Epic and CSCR hospital Dataset/Train/notumor/Te-no_0248.jpg",2,notumor,2,notumor,0.0052803666,0.0107263979,0.9715633392,0.0124298427
6363,"/kaggle/input/datasets/arafatrahmann/my-data221/Epic and CSCR hospital Dataset/Train/notumor/Te-no_0251.jpg",2,notumor,2,notumor,0.0075156083,0.0094301011,0.9698489904,0.0132052256
6365,"/kaggle/input/datasets/arafatrahmann/my-data221/Epic and CSCR hospital Dataset/Train/notumor/Te-no_0253.jpg",2,notumor,2,notumor,0.0061886325,0.0106606828,0.9707034230,0.0124472594
6368,"/kaggle/input/datasets/arafatrahmann/my-data221/Epic and CSCR hospital Dataset/Train/notumor/Te-no_0256.jpg",2,notumor,2,notumor,0.0051686745,0.0113638937,0.9697468877,0.0137205273
6372,"/kaggle/input/datasets/arafatrahmann/my-data221/Epic and CSCR hospital Dataset/Train/notumor/Te-no_0260.jpg",2,notumor,2,notumor,0.0058074011,0.0105393706,0.9706168175,0.0130364839
6373,"/kaggle/input/datasets/arafatrahmann/my-data221/Epic and CSCR hospital Dataset/Train/notumor/Te-no_0261.jpg",2,notumor,2,notumor,0.0058572507,0.0111304168,0.9695761800,0.0134361219
6378,"/kaggle/input/datasets/arafatrahmann/my-data221/Epic and CSCR hospital Dataset/Train/notumor/Te-no_0266.jpg",2,notumor,2,notumor,0.0053814151,0.0101041934,0.9692012072,0.0153133254
6385,"/kaggle/input/datasets/arafatrahmann/my-data221/Epic and CSCR hospital Dataset/Train/notumor/Te-no_0273.jpg",2,notumor,2,notumor,0.0055846060,0.0108739305,0.9699200392,0.0136214569
6386,"/kaggle/input/datasets/arafatrahmann/my-data221/Epic and CSCR hospital Dataset/Train/notumor/Te-no_0274.jpg",2,notumor,2,notumor,0.0067578861,0.0101535134,0.9707583189,0.0123302359
6389,"/kaggle/input/datasets/arafatrahmann/my-data221/Epic and CSCR hospital Dataset/Train/notumor/Te-no_0277.jpg",2,notumor,2,notumor,0.0052057686,0.0121629499,0.9687188268,0.0139124449
6392,"/kaggle/input/datasets/arafatrahmann/my-data221/Epic and CSCR hospital Dataset/Train/notumor/Te-no_0280.jpg",2,notumor,0,glioma,0.6152523756,0.0328831337,0.1991074383,0.1527570486
6395,"/kaggle/input/datasets/arafatrahmann/my-data221/Epic and CSCR hospital Dataset/Train/notumor/Te-no_0283.jpg",2,notumor,2,notumor,0.0048944205,0.0117260050,0.9689572453,0.0144223245
6399,"/kaggle/input/datasets/arafatrahmann/my-data221/Epic and CSCR hospital Dataset/Train/notumor/Te-no_0287.jpg",2,notumor,2,notumor,0.0490221083,0.0095935138,0.9293578863,0.0120264832
6402,"/kaggle/input/datasets/arafatrahmann/my-data221/Epic and CSCR hospital Dataset/Train/notumor/Te-no_0290.jpg",2,notumor,2,notumor,0.0048696483,0.0111320671,0.9688866735,0.0151117127
6404,"/kaggle/input/datasets/arafatrahmann/my-data221/Epic and CSCR hospital Dataset/Train/notumor/Te-no_0292.jpg",2,notumor,2,notumor,0.0060147760,0.0103513291,0.9702988863,0.0133350464
6405,"/kaggle/input/datasets/arafatrahmann/my-data221/Epic and CSCR hospital Dataset/Train/notumor/Te-no_0293.jpg",2,notumor,2,notumor,0.0051960843,0.0113751171,0.9699214697,0.0135072097
6408,"/kaggle/input/datasets/arafatrahmann/my-data221/Epic and CSCR hospital Dataset/Train/notumor/Te-no_0296.jpg",2,notumor,2,notumor,0.0065510632,0.0099710105,0.9706456065,0.0128323231
6409,"/kaggle/input/datasets/arafatrahmann/my-data221/Epic and CSCR hospital Dataset/Train/notumor/Te-no_0297.jpg",2,notumor,2,notumor,0.0063052871,0.0094885575,0.9697048068,0.0145013332
6411,"/kaggle/input/datasets/arafatrahmann/my-data221/Epic and CSCR hospital Dataset/Train/notumor/Te-no_0299.jpg",2,notumor,2,notumor,0.0060287421,0.0101885665,0.9706484675,0.0131341917
6413,"/kaggle/input/datasets/arafatrahmann/my-data221/Epic and CSCR hospital Dataset/Train/notumor/Te-no_0301.jpg",2,notumor,2,notumor,0.0065551102,0.0113660377,0.9697583318,0.0123205716
6417,"/kaggle/input/datasets/arafatrahmann/my-data221/Epic and CSCR hospital Dataset/Train/notumor/Te-no_0305.jpg",2,notumor,2,notumor,0.0063542821,0.0094709983,0.9709722400,0.0132024633
6423,"/kaggle/input/datasets/arafatrahmann/my-data221/Epic and CSCR hospital Dataset/Train/notumor/Te-no_0311.jpg",2,notumor,2,notumor,0.0045135929,0.0126827685,0.9686512947,0.0141523182
6427,"/kaggle/input/datasets/arafatrahmann/my-data221/Epic and CSCR hospital Dataset/Train/notumor/Te-no_0315.jpg",2,notumor,2,notumor,0.0056101582,0.0102893477,0.9693501592,0.0147502692
6428,"/kaggle/input/datasets/arafatrahmann/my-data221/Epic and CSCR hospital Dataset/Train/notumor/Te-no_0316.jpg",2,notumor,2,notumor,0.0045160404,0.0115241082,0.9698880911,0.0140717300
6429,"/kaggle/input/datasets/arafatrahmann/my-data221/Epic and CSCR hospital Dataset/Train/notumor/Te-no_0317.jpg",2,notumor,2,notumor,0.0055278447,0.0108401934,0.9704345465,0.0131973671
6435,"/kaggle/input/datasets/arafatrahmann/my-data221/Epic and CSCR hospital Dataset/Train/notumor/Te-no_0364.jpg",2,notumor,2,notumor,0.0059726476,0.0101635661,0.9708892703,0.0129745957
6437,"/kaggle/input/datasets/arafatrahmann/my-data221/Epic and CSCR hospital Dataset/Train/notumor/Te-no_0366.jpg",2,notumor,2,notumor,0.0057784026,0.0104713766,0.9692921638,0.0144580584
6448,"/kaggle/input/datasets/arafatrahmann/my-data221/Epic and CSCR hospital Dataset/Train/notumor/Tr-no_0028.jpg",2,notumor,2,notumor,0.0053189071,0.0111651979,0.9718855619,0.0116303079
6451,"/kaggle/input/datasets/arafatrahmann/my-data221/Epic and CSCR hospital Dataset/Train/notumor/Tr-no_0054.jpg",2,notumor,2,notumor,0.0069800192,0.0095382063,0.9709308743,0.0125509081
6456,"/kaggle/input/datasets/arafatrahmann/my-data221/Epic and CSCR hospital Dataset/Train/notumor/Tr-no_0059.jpg",2,notumor,2,notumor,0.0093623251,0.0091684889,0.9704883695,0.0109808352
6460,"/kaggle/input/datasets/arafatrahmann/my-data221/Epic and CSCR hospital Dataset/Train/notumor/Tr-no_0063.jpg",2,notumor,2,notumor,0.0061416840,0.0131476521,0.9692469835,0.0114636933
6463,"/kaggle/input/datasets/arafatrahmann/my-data221/Epic and CSCR hospital Dataset/Train/notumor/Tr-no_0066.jpg",2,notumor,2,notumor,0.0059747072,0.0124204354,0.9695932269,0.0120116193
6466,"/kaggle/input/datasets/arafatrahmann/my-data221/Epic and CSCR hospital Dataset/Train/notumor/Tr-no_0069.jpg",2,notumor,2,notumor,0.0275105126,0.0080457386,0.9530534744,0.0113902977
6482,"/kaggle/input/datasets/arafatrahmann/my-data221/Epic and CSCR hospital Dataset/Train/notumor/Tr-no_0085.jpg",2,notumor,3,pituitary,0.0039620185,0.0072729788,0.2165668011,0.7721982598
6483,"/kaggle/input/datasets/arafatrahmann/my-data221/Epic and CSCR hospital Dataset/Train/notumor/Tr-no_0086.jpg",2,notumor,2,notumor,0.0089616682,0.1706933230,0.8081070781,0.0122378217
6488,"/kaggle/input/datasets/arafatrahmann/my-data221/Epic and CSCR hospital Dataset/Train/notumor/Tr-no_0091.jpg",2,notumor,2,notumor,0.0139185190,0.0084752440,0.9688532948,0.0087529998
6491,"/kaggle/input/datasets/arafatrahmann/my-data221/Epic and CSCR hospital Dataset/Train/notumor/Tr-no_0094.jpg",2,notumor,2,notumor,0.0053452924,0.0115714204,0.9695599675,0.0135232853
6496,"/kaggle/input/datasets/arafatrahmann/my-data221/Epic and CSCR hospital Dataset/Train/notumor/Tr-no_0100.jpg",2,notumor,2,notumor,0.0066643665,0.0116338283,0.9688569903,0.0128448633
6497,"/kaggle/input/datasets/arafatrahmann/my-data221/Epic and CSCR hospital Dataset/Train/notumor/Tr-no_0101.jpg",2,notumor,2,notumor,0.0061841076,0.0106708249,0.9709450006,0.0122000063
6498,"/kaggle/input/datasets/arafatrahmann/my-data221/Epic and CSCR hospital Dataset/Train/notumor/Tr-no_0102.jpg",2,notumor,2,notumor,0.0098959440,0.0083025759,0.9702976942,0.0115037281
6499,"/kaggle/input/datasets/arafatrahmann/my-data221/Epic and CSCR hospital Dataset/Train/notumor/Tr-no_0103.jpg",2,notumor,3,pituitary,0.0053857910,0.0095248371,0.0241966490,0.9608927965
6515,"/kaggle/input/datasets/arafatrahmann/my-data221/Epic and CSCR hospital Dataset/Train/notumor/Tr-no_0119.jpg",2,notumor,2,notumor,0.0063922135,0.0098658027,0.9713193178,0.0124227088
6520,"/kaggle/input/datasets/arafatrahmann/my-data221/Epic and CSCR hospital Dataset/Train/notumor/Tr-no_0124.jpg",2,notumor,2,notumor,0.0077498718,0.0091907401,0.9702006578,0.0128587354
6535,"/kaggle/input/datasets/arafatrahmann/my-data221/Epic and CSCR hospital Dataset/Train/notumor/Tr-no_0139.jpg",2,notumor,2,notumor,0.0053970776,0.0108118523,0.9715130925,0.0122780176
6543,"/kaggle/input/datasets/arafatrahmann/my-data221/Epic and CSCR hospital Dataset/Train/notumor/Tr-no_0147.jpg",2,notumor,2,notumor,0.0206856690,0.0090413522,0.9619139433,0.0083589479
6551,"/kaggle/input/datasets/arafatrahmann/my-data221/Epic and CSCR hospital Dataset/Train/notumor/Tr-no_0155.jpg",2,notumor,2,notumor,0.0054844529,0.0132516967,0.9695267677,0.0117371455
6553,"/kaggle/input/datasets/arafatrahmann/my-data221/Epic and CSCR hospital Dataset/Train/notumor/Tr-no_0157.jpg",2,notumor,2,notumor,0.0075266524,0.0097418167,0.9714770317,0.0112545099
6559,"/kaggle/input/datasets/arafatrahmann/my-data221/Epic and CSCR hospital Dataset/Train/notumor/Tr-no_0163.jpg",2,notumor,2,notumor,0.0050298045,0.0117020253,0.9692635536,0.0140046449
6565,"/kaggle/input/datasets/arafatrahmann/my-data221/Epic and CSCR hospital Dataset/Train/notumor/Tr-no_0169.jpg",2,notumor,2,notumor,0.0241581313,0.0088124042,0.9561812282,0.0108482921
6572,"/kaggle/input/datasets/arafatrahmann/my-data221/Epic and CSCR hospital Dataset/Train/notumor/Tr-no_0176.jpg",2,notumor,2,notumor,0.0117292348,0.0095366137,0.9685263634,0.0102077201
6575,"/kaggle/input/datasets/arafatrahmann/my-data221/Epic and CSCR hospital Dataset/Train/notumor/Tr-no_0179.jpg",2,notumor,2,notumor,0.0089494251,0.0097981412,0.9707039595,0.0105484556
6581,"/kaggle/input/datasets/arafatrahmann/my-data221/Epic and CSCR hospital Dataset/Train/notumor/Tr-no_0185.jpg",2,notumor,2,notumor,0.0059831971,0.0119329523,0.9697645307,0.0123192770
6582,"/kaggle/input/datasets/arafatrahmann/my-data221/Epic and CSCR hospital Dataset/Train/notumor/Tr-no_0186.jpg",2,notumor,2,notumor,0.0103993965,0.0092417207,0.9698984027,0.0104604485
6584,"/kaggle/input/datasets/arafatrahmann/my-data221/Epic and CSCR hospital Dataset/Train/notumor/Tr-no_0188.jpg",2,notumor,2,notumor,0.0066219172,0.0111422446,0.9709526896,0.0112830382
6596,"/kaggle/input/datasets/arafatrahmann/my-data221/Epic and CSCR hospital Dataset/Train/notumor/Tr-no_0200.jpg",2,notumor,2,notumor,0.0080529600,0.0108118113,0.9709246755,0.0102105532
6602,"/kaggle/input/datasets/arafatrahmann/my-data221/Epic and CSCR hospital Dataset/Train/notumor/Tr-no_0206.jpg",2,notumor,2,notumor,0.0058469521,0.0138389524,0.9687288404,0.0115851760
6605,"/kaggle/input/datasets/arafatrahmann/my-data221/Epic and CSCR hospital Dataset/Train/notumor/Tr-no_0209.jpg",2,notumor,2,notumor,0.1757013649,0.0090008555,0.8052448034,0.0100530032
6607,"/kaggle/input/datasets/arafatrahmann/my-data221/Epic and CSCR hospital Dataset/Train/notumor/Tr-no_0211.jpg",2,notumor,2,notumor,0.0041140416,0.0127526745,0.9684531093,0.0146801593
6608,"/kaggle/input/datasets/arafatrahmann/my-data221/Epic and CSCR hospital Dataset/Train/notumor/Tr-no_0212.jpg",2,notumor,2,notumor,0.0074423961,0.0094028879,0.9707306623,0.0124240685
6618,"/kaggle/input/datasets/arafatrahmann/my-data221/Epic and CSCR hospital Dataset/Train/notumor/Tr-no_0222.jpg",2,notumor,2,notumor,0.0061442945,0.0096729212,0.9718426466,0.0123400921
6619,"/kaggle/input/datasets/arafatrahmann/my-data221/Epic and CSCR hospital Dataset/Train/notumor/Tr-no_0223.jpg",2,notumor,2,notumor,0.0044936286,0.0114839505,0.9690808058,0.0149416523
6625,"/kaggle/input/datasets/arafatrahmann/my-data221/Epic and CSCR hospital Dataset/Train/notumor/Tr-no_0229.jpg",2,notumor,2,notumor,0.0046700155,0.0120116351,0.9706099629,0.0127083715
6626,"/kaggle/input/datasets/arafatrahmann/my-data221/Epic and CSCR hospital Dataset/Train/notumor/Tr-no_0230.jpg",2,notumor,2,notumor,0.1244879365,0.0075075552,0.8592637777,0.0087407073
6630,"/kaggle/input/datasets/arafatrahmann/my-data221/Epic and CSCR hospital Dataset/Train/notumor/Tr-no_0234.jpg",2,notumor,2,notumor,0.0072884923,0.0091387499,0.9713447690,0.0122279888
6631,"/kaggle/input/datasets/arafatrahmann/my-data221/Epic and CSCR hospital Dataset/Train/notumor/Tr-no_0235.jpg",2,notumor,2,notumor,0.0121279005,0.0082401698,0.9658271670,0.0138047785
6638,"/kaggle/input/datasets/arafatrahmann/my-data221/Epic and CSCR hospital Dataset/Train/notumor/Tr-no_0242.jpg",2,notumor,2,notumor,0.0108768940,0.0086091096,0.9691978693,0.0113160824
6639,"/kaggle/input/datasets/arafatrahmann/my-data221/Epic and CSCR hospital Dataset/Train/notumor/Tr-no_0243.jpg",2,notumor,2,notumor,0.0072714910,0.0097136796,0.9716141820,0.0114006121
6649,"/kaggle/input/datasets/arafatrahmann/my-data221/Epic and CSCR hospital Dataset/Train/notumor/Tr-no_0253.jpg",2,notumor,2,notumor,0.0056294398,0.0138655305,0.9678651094,0.0126399454
6652,"/kaggle/input/datasets/arafatrahmann/my-data221/Epic and CSCR hospital Dataset/Train/notumor/Tr-no_0256.jpg",2,notumor,2,notumor,0.3854879141,0.0080140950,0.5955425501,0.0109554380
6661,"/kaggle/input/datasets/arafatrahmann/my-data221/Epic and CSCR hospital Dataset/Train/notumor/Tr-no_0265.jpg",2,notumor,2,notumor,0.0074006841,0.0100679370,0.9701412916,0.0123899654
6662,"/kaggle/input/datasets/arafatrahmann/my-data221/Epic and CSCR hospital Dataset/Train/notumor/Tr-no_0266.jpg",2,notumor,2,notumor,0.1206953973,0.0111205699,0.8594883084,0.0086957384
6668,"/kaggle/input/datasets/arafatrahmann/my-data221/Epic and CSCR hospital Dataset/Train/notumor/Tr-no_0272.jpg",2,notumor,2,notumor,0.0047042826,0.0109598162,0.9694690704,0.0148668559
6672,"/kaggle/input/datasets/arafatrahmann/my-data221/Epic and CSCR hospital Dataset/Train/notumor/Tr-no_0276.jpg",2,notumor,2,notumor,0.0052570621,0.0118683223,0.9710725546,0.0118020382
6679,"/kaggle/input/datasets/arafatrahmann/my-data221/Epic and CSCR hospital Dataset/Train/notumor/Tr-no_0283.jpg",2,notumor,2,notumor,0.0052987048,0.0109011233,0.9705739021,0.0132263126
6686,"/kaggle/input/datasets/arafatrahmann/my-data221/Epic and CSCR hospital Dataset/Train/notumor/Tr-no_0290.jpg",2,notumor,2,notumor,0.0059696366,0.0102342796,0.9718217850,0.0119742732
6687,"/kaggle/input/datasets/arafatrahmann/my-data221/Epic and CSCR hospital Dataset/Train/notumor/Tr-no_0291.jpg",2,notumor,2,notumor,0.0068956702,0.0097866859,0.9717302322,0.0115874102
6692,"/kaggle/input/datasets/arafatrahmann/my-data221/Epic and CSCR hospital Dataset/Train/notumor/Tr-no_0296.jpg",2,notumor,2,notumor,0.0053450298,0.0106772762,0.9705584645,0.0134192482
6704,"/kaggle/input/datasets/arafatrahmann/my-data221/Epic and CSCR hospital Dataset/Train/notumor/Tr-no_0313.jpg",2,notumor,2,notumor,0.0067238747,0.0101570589,0.9712598920,0.0118591860
6711,"/kaggle/input/datasets/arafatrahmann/my-data221/Epic and CSCR hospital Dataset/Train/notumor/Tr-no_0320.jpg",2,notumor,2,notumor,0.0077634016,0.0096821766,0.9721713066,0.0103831952
6715,"/kaggle/input/datasets/arafatrahmann/my-data221/Epic and CSCR hospital Dataset/Train/notumor/Tr-no_0324.jpg",2,notumor,2,notumor,0.0071230019,0.0099267494,0.9712200165,0.0117301652
6721,"/kaggle/input/datasets/arafatrahmann/my-data221/Epic and CSCR hospital Dataset/Train/notumor/Tr-no_0330.jpg",2,notumor,2,notumor,0.0051659942,0.0101773795,0.9698845148,0.0147722382
6727,"/kaggle/input/datasets/arafatrahmann/my-data221/Epic and CSCR hospital Dataset/Train/notumor/Tr-no_0336.jpg",2,notumor,2,notumor,0.0065251985,0.0102789104,0.9717216492,0.0114742145
6735,"/kaggle/input/datasets/arafatrahmann/my-data221/Epic and CSCR hospital Dataset/Train/notumor/Tr-no_0344.jpg",2,notumor,2,notumor,0.0061912225,0.0097471578,0.9716894031,0.0123722544
6738,"/kaggle/input/datasets/arafatrahmann/my-data221/Epic and CSCR hospital Dataset/Train/notumor/Tr-no_0347.jpg",2,notumor,2,notumor,0.0063359449,0.0106631760,0.9703515172,0.0126493722
6741,"/kaggle/input/datasets/arafatrahmann/my-data221/Epic and CSCR hospital Dataset/Train/notumor/Tr-no_0350.jpg",2,notumor,2,notumor,0.0068434491,0.0098337159,0.9712632895,0.0120595600
6751,"/kaggle/input/datasets/arafatrahmann/my-data221/Epic and CSCR hospital Dataset/Train/notumor/Tr-no_0360.jpg",2,notumor,2,notumor,0.0063817105,0.0123693068,0.9696895480,0.0115594147
6761,"/kaggle/input/datasets/arafatrahmann/my-data221/Epic and CSCR hospital Dataset/Train/notumor/Tr-no_0370.jpg",2,notumor,2,notumor,0.0061005540,0.0100655463,0.9717591405,0.0120746791
6763,"/kaggle/input/datasets/arafatrahmann/my-data221/Epic and CSCR hospital Dataset/Train/notumor/Tr-no_0372.jpg",2,notumor,2,notumor,0.0061860634,0.0099270809,0.9698883295,0.0139985234
6764,"/kaggle/input/datasets/arafatrahmann/my-data221/Epic and CSCR hospital Dataset/Train/notumor/Tr-no_0373.jpg",2,notumor,2,notumor,0.0062608076,0.0107366443,0.9704006910,0.0126018776
6774,"/kaggle/input/datasets/arafatrahmann/my-data221/Epic and CSCR hospital Dataset/Train/notumor/Tr-no_0383.jpg",2,notumor,2,notumor,0.0049613300,0.0116747906,0.9692994356,0.0140644535
6776,"/kaggle/input/datasets/arafatrahmann/my-data221/Epic and CSCR hospital Dataset/Train/notumor/Tr-no_0385.jpg",2,notumor,2,notumor,0.0041569201,0.0096308207,0.9111374617,0.0750747919
6778,"/kaggle/input/datasets/arafatrahmann/my-data221/Epic and CSCR hospital Dataset/Train/notumor/Tr-no_0387.jpg",2,notumor,2,notumor,0.0044812080,0.0064275516,0.9433236122,0.0457676090
6792,"/kaggle/input/datasets/arafatrahmann/my-data221/Epic and CSCR hospital Dataset/Train/notumor/Tr-no_0401.jpg",2,notumor,2,notumor,0.0053471220,0.0077640852,0.9670053720,0.0198834967
6793,"/kaggle/input/datasets/arafatrahmann/my-data221/Epic and CSCR hospital Dataset/Train/notumor/Tr-no_0402.jpg",2,notumor,2,notumor,0.0049220701,0.0092389146,0.9680676460,0.0177713055
6800,"/kaggle/input/datasets/arafatrahmann/my-data221/Epic and CSCR hospital Dataset/Train/notumor/Tr-no_0409.jpg",2,notumor,2,notumor,0.0137022166,0.0067847995,0.9648292661,0.0146836881
6801,"/kaggle/input/datasets/arafatrahmann/my-data221/Epic and CSCR hospital Dataset/Train/notumor/Tr-no_0410.jpg",2,notumor,2,notumor,0.0071067750,0.0096430052,0.9700538516,0.0131963845
6806,"/kaggle/input/datasets/arafatrahmann/my-data221/Epic and CSCR hospital Dataset/Train/notumor/Tr-no_0415.jpg",2,notumor,2,notumor,0.0069200108,0.0097971316,0.9715185165,0.0117643792
6811,"/kaggle/input/datasets/arafatrahmann/my-data221/Epic and CSCR hospital Dataset/Train/notumor/Tr-no_0420.jpg",2,notumor,2,notumor,0.0076949662,0.0105501628,0.9699999690,0.0117549263
6812,"/kaggle/input/datasets/arafatrahmann/my-data221/Epic and CSCR hospital Dataset/Train/notumor/Tr-no_0421.jpg",2,notumor,2,notumor,0.0066016875,0.0095748939,0.9726766348,0.0111467699
6814,"/kaggle/input/datasets/arafatrahmann/my-data221/Epic and CSCR hospital Dataset/Train/notumor/Tr-no_0423.jpg",2,notumor,2,notumor,0.0061083650,0.0119932201,0.9706562757,0.0112421168
6815,"/kaggle/input/datasets/arafatrahmann/my-data221/Epic and CSCR hospital Dataset/Train/notumor/Tr-no_0424.jpg",2,notumor,2,notumor,0.0061713224,0.0111830523,0.9696252942,0.0130204018
6818,"/kaggle/input/datasets/arafatrahmann/my-data221/Epic and CSCR hospital Dataset/Train/notumor/Tr-no_0427.jpg",2,notumor,2,notumor,0.0060884976,0.0103733940,0.9715741873,0.0119638015
6830,"/kaggle/input/datasets/arafatrahmann/my-data221/Epic and CSCR hospital Dataset/Train/notumor/Tr-no_0439.jpg",2,notumor,2,notumor,0.0155807538,0.0089847771,0.9658794403,0.0095549645
6842,"/kaggle/input/datasets/arafatrahmann/my-data221/Epic and CSCR hospital Dataset/Train/notumor/Tr-no_0451.jpg",2,notumor,2,notumor,0.0048903436,0.0134619446,0.9687936902,0.0128540043
6843,"/kaggle/input/datasets/arafatrahmann/my-data221/Epic and CSCR hospital Dataset/Train/notumor/Tr-no_0452.jpg",2,notumor,2,notumor,0.0073144948,0.0115467198,0.9687657356,0.0123730646
6852,"/kaggle/input/datasets/arafatrahmann/my-data221/Epic and CSCR hospital Dataset/Train/notumor/Tr-no_0461.jpg",2,notumor,2,notumor,0.0058700708,0.0112885851,0.9699252248,0.0129161822
6868,"/kaggle/input/datasets/arafatrahmann/my-data221/Epic and CSCR hospital Dataset/Train/notumor/Tr-no_0477.jpg",2,notumor,2,notumor,0.0055156932,0.0101325400,0.9698892832,0.0144626498
6876,"/kaggle/input/datasets/arafatrahmann/my-data221/Epic and CSCR hospital Dataset/Train/notumor/Tr-no_0485.jpg",2,notumor,2,notumor,0.0047761006,0.0115546798,0.9701042175,0.0135649638
6878,"/kaggle/input/datasets/arafatrahmann/my-data221/Epic and CSCR hospital Dataset/Train/notumor/Tr-no_0487.jpg",2,notumor,2,notumor,0.0083671026,0.0104545746,0.9689215422,0.0122567452
6880,"/kaggle/input/datasets/arafatrahmann/my-data221/Epic and CSCR hospital Dataset/Train/notumor/Tr-no_0489.jpg",2,notumor,2,notumor,0.0064760395,0.0092784828,0.9707199931,0.0135254506
6883,"/kaggle/input/datasets/arafatrahmann/my-data221/Epic and CSCR hospital Dataset/Train/notumor/Tr-no_0492.jpg",2,notumor,2,notumor,0.0052363747,0.0107135158,0.9711627960,0.0128872748
6889,"/kaggle/input/datasets/arafatrahmann/my-data221/Epic and CSCR hospital Dataset/Train/notumor/Tr-no_0498.jpg",2,notumor,2,notumor,0.0085068746,0.0088776089,0.9706152081,0.0120002832
6895,"/kaggle/input/datasets/arafatrahmann/my-data221/Epic and CSCR hospital Dataset/Train/notumor/Tr-no_0509.jpg",2,notumor,2,notumor,0.0062715383,0.0101420898,0.9704502821,0.0131361131
6896,"/kaggle/input/datasets/arafatrahmann/my-data221/Epic and CSCR hospital Dataset/Train/notumor/Tr-no_0510.jpg",2,notumor,2,notumor,0.0047912621,0.0136404056,0.9687821269,0.0127861677
6898,"/kaggle/input/datasets/arafatrahmann/my-data221/Epic and CSCR hospital Dataset/Train/notumor/Tr-no_0512.jpg",2,notumor,2,notumor,0.0055923825,0.0106546301,0.9690416455,0.0147114489
6899,"/kaggle/input/datasets/arafatrahmann/my-data221/Epic and CSCR hospital Dataset/Train/notumor/Tr-no_0513.jpg",2,notumor,2,notumor,0.0089017339,0.0089693349,0.9708026052,0.0113262506
6905,"/kaggle/input/datasets/arafatrahmann/my-data221/Epic and CSCR hospital Dataset/Train/notumor/Tr-no_0519.jpg",2,notumor,2,notumor,0.0055640442,0.0102417190,0.9708127975,0.0133813992
6917,"/kaggle/input/datasets/arafatrahmann/my-data221/Epic and CSCR hospital Dataset/Train/notumor/Tr-no_0531.jpg",2,notumor,2,notumor,0.0051548546,0.0107814241,0.9705751538,0.0134886131
6918,"/kaggle/input/datasets/arafatrahmann/my-data221/Epic and CSCR hospital Dataset/Train/notumor/Tr-no_0532.jpg",2,notumor,2,notumor,0.0063301125,0.0092391651,0.9708956480,0.0135350805
6920,"/kaggle/input/datasets/arafatrahmann/my-data221/Epic and CSCR hospital Dataset/Train/notumor/Tr-no_0534.jpg",2,notumor,2,notumor,0.0097120311,0.0096963067,0.9694275856,0.0111640561
6932,"/kaggle/input/datasets/arafatrahmann/my-data221/Epic and CSCR hospital Dataset/Train/notumor/Tr-no_0546.jpg",2,notumor,2,notumor,0.0082791448,0.0094477590,0.9700105786,0.0122624580
6936,"/kaggle/input/datasets/arafatrahmann/my-data221/Epic and CSCR hospital Dataset/Train/notumor/Tr-no_0550.jpg",2,notumor,2,notumor,0.0050136149,0.0106688105,0.9699837565,0.0143337650
6939,"/kaggle/input/datasets/arafatrahmann/my-data221/Epic and CSCR hospital Dataset/Train/notumor/Tr-no_0553.jpg",2,notumor,2,notumor,0.0061530499,0.0106358035,0.9709293246,0.0122818071
6943,"/kaggle/input/datasets/arafatrahmann/my-data221/Epic and CSCR hospital Dataset/Train/notumor/Tr-no_0557.jpg",2,notumor,2,notumor,0.0097473888,0.0094908820,0.9703909755,0.0103706736
6951,"/kaggle/input/datasets/arafatrahmann/my-data221/Epic and CSCR hospital Dataset/Train/notumor/Tr-no_0565.jpg",2,notumor,2,notumor,0.0041504842,0.0118207894,0.9696162939,0.0144124432
6956,"/kaggle/input/datasets/arafatrahmann/my-data221/Epic and CSCR hospital Dataset/Train/notumor/Tr-no_0570.jpg",2,notumor,2,notumor,0.0062100384,0.0115162013,0.9697465897,0.0125271427
6958,"/kaggle/input/datasets/arafatrahmann/my-data221/Epic and CSCR hospital Dataset/Train/notumor/Tr-no_0572.jpg",2,notumor,2,notumor,0.0076829605,0.0090091825,0.9724224806,0.0108853076
6967,"/kaggle/input/datasets/arafatrahmann/my-data221/Epic and CSCR hospital Dataset/Train/notumor/Tr-no_0581.jpg",2,notumor,2,notumor,0.0042890538,0.0124484533,0.9684290886,0.0148333190
6968,"/kaggle/input/datasets/arafatrahmann/my-data221/Epic and CSCR hospital Dataset/Train/notumor/Tr-no_0582.jpg",2,notumor,2,notumor,0.0043591452,0.0117323082,0.9691335559,0.0147749586
6978,"/kaggle/input/datasets/arafatrahmann/my-data221/Epic and CSCR hospital Dataset/Train/notumor/Tr-no_0592.jpg",2,notumor,2,notumor,0.0049165580,0.0109961573,0.9704065323,0.0136807710
6980,"/kaggle/input/datasets/arafatrahmann/my-data221/Epic and CSCR hospital Dataset/Train/notumor/Tr-no_0594.jpg",2,notumor,2,notumor,0.0066372016,0.0101688113,0.9697561264,0.0134379445
6993,"/kaggle/input/datasets/arafatrahmann/my-data221/Epic and CSCR hospital Dataset/Train/notumor/Tr-no_0607.jpg",2,notumor,2,notumor,0.0060337000,0.0103935935,0.9705004692,0.0130722299
6999,"/kaggle/input/datasets/arafatrahmann/my-data221/Epic and CSCR hospital Dataset/Train/notumor/Tr-no_0613.jpg",2,notumor,2,notumor,0.0124418503,0.0082343388,0.9687920809,0.0105316909
7014,"/kaggle/input/datasets/arafatrahmann/my-data221/Epic and CSCR hospital Dataset/Train/notumor/Tr-no_0628.jpg",2,notumor,2,notumor,0.0281729288,0.0068974928,0.9530259371,0.0119035635
7018,"/kaggle/input/datasets/arafatrahmann/my-data221/Epic and CSCR hospital Dataset/Train/notumor/Tr-no_0632.jpg",2,notumor,2,notumor,0.0081021860,0.0107629895,0.9692193270,0.0119155673
7019,"/kaggle/input/datasets/arafatrahmann/my-data221/Epic and CSCR hospital Dataset/Train/notumor/Tr-no_0633.jpg",2,notumor,2,notumor,0.0064526582,0.0089529045,0.9709236026,0.0136707816
7024,"/kaggle/input/datasets/arafatrahmann/my-data221/Epic and CSCR hospital Dataset/Train/notumor/Tr-no_0638.jpg",2,notumor,2,notumor,0.0042512743,0.0120646516,0.9682078362,0.0154762836
7031,"/kaggle/input/datasets/arafatrahmann/my-data221/Epic and CSCR hospital Dataset/Train/notumor/Tr-no_0645.jpg",2,notumor,2,notumor,0.0055460064,0.0103152152,0.9694893956,0.0146493791
7040,"/kaggle/input/datasets/arafatrahmann/my-data221/Epic and CSCR hospital Dataset/Train/notumor/Tr-no_0669.jpg",2,notumor,2,notumor,0.0053623719,0.0096777361,0.9696834683,0.0152764786
7047,"/kaggle/input/datasets/arafatrahmann/my-data221/Epic and CSCR hospital Dataset/Train/notumor/Tr-no_0676.jpg",2,notumor,2,notumor,0.0047722384,0.0128736570,0.9697223902,0.0126316752
7051,"/kaggle/input/datasets/arafatrahmann/my-data221/Epic and CSCR hospital Dataset/Train/notumor/Tr-no_0691.jpg",2,notumor,2,notumor,0.0051280144,0.0104040345,0.9689809084,0.0154871000
7057,"/kaggle/input/datasets/arafatrahmann/my-data221/Epic and CSCR hospital Dataset/Train/notumor/image(116).jpg",2,notumor,2,notumor,0.0049349619,0.0094693610,0.9688231349,0.0167725142
7065,"/kaggle/input/datasets/arafatrahmann/my-data221/Epic and CSCR hospital Dataset/Train/notumor/image(141).jpg",2,notumor,2,notumor,0.0064910008,0.0098897684,0.9703731537,0.0132460194
7074,"/kaggle/input/datasets/arafatrahmann/my-data221/Epic and CSCR hospital Dataset/Train/notumor/image(146) - Copy.jpg",2,notumor,2,notumor,0.0089617074,0.0096318629,0.9699835777,0.0114228716
7076,"/kaggle/input/datasets/arafatrahmann/my-data221/Epic and CSCR hospital Dataset/Train/notumor/image(147) - Copy.jpg",2,notumor,2,notumor,0.0085531492,0.0090521621,0.9700565338,0.0123381447
7077,"/kaggle/input/datasets/arafatrahmann/my-data221/Epic and CSCR hospital Dataset/Train/notumor/image(147).jpg",2,notumor,2,notumor,0.0084428890,0.0089861285,0.9702413678,0.0123296799
7079,"/kaggle/input/datasets/arafatrahmann/my-data221/Epic and CSCR hospital Dataset/Train/notumor/image(148).jpg",2,notumor,2,notumor,0.0065170461,0.0099010691,0.9711034894,0.0124784485
7104,"/kaggle/input/datasets/arafatrahmann/my-data221/Epic and CSCR hospital Dataset/Train/notumor/image(16) - Copy.jpg",2,notumor,2,notumor,0.0066508292,0.0104819313,0.9713777304,0.0114895096
7121,"/kaggle/input/datasets/arafatrahmann/my-data221/Epic and CSCR hospital Dataset/Train/notumor/image(182).jpg",2,notumor,2,notumor,0.0080454666,0.0092703123,0.9696482420,0.0130359326
7123,"/kaggle/input/datasets/arafatrahmann/my-data221/Epic and CSCR hospital Dataset/Train/notumor/image(184).jpg",2,notumor,2,notumor,0.0059340633,0.0098282136,0.9698072672,0.0144304652
7128,"/kaggle/input/datasets/arafatrahmann/my-data221/Epic and CSCR hospital Dataset/Train/notumor/image(189).jpg",2,notumor,2,notumor,0.0075378739,0.0102920039,0.9711710811,0.0109990984
7139,"/kaggle/input/datasets/arafatrahmann/my-data221/Epic and CSCR hospital Dataset/Train/notumor/no 94.jpg",2,notumor,2,notumor,0.0066717318,0.0102497442,0.9708676338,0.0122109298
7140,"/kaggle/input/datasets/arafatrahmann/my-data221/Epic and CSCR hospital Dataset/Train/notumor/no 95.jpg",2,notumor,2,notumor,0.0054625389,0.0106798876,0.9696953893,0.0141621437
7141,"/kaggle/input/datasets/arafatrahmann/my-data221/Epic and CSCR hospital Dataset/Train/notumor/no 96.jpg",2,notumor,2,notumor,0.0060469145,0.0104548633,0.9714087248,0.0120894620
7150,"/kaggle/input/datasets/arafatrahmann/my-data221/Epic and CSCR hospital Dataset/Train/pituitary/1182.jpg",3,pituitary,3,pituitary,0.0057457453,0.0068521774,0.0061411108,0.9812610745
7152,"/kaggle/input/datasets/arafatrahmann/my-data221/Epic and CSCR hospital Dataset/Train/pituitary/1184.jpg",3,pituitary,3,pituitary,0.0064466819,0.0083707850,0.0057410276,0.9794415236
7153,"/kaggle/input/datasets/arafatrahmann/my-data221/Epic and CSCR hospital Dataset/Train/pituitary/1185.jpg",3,pituitary,3,pituitary,0.0066752816,0.0089954222,0.0060275774,0.9783017039
7159,"/kaggle/input/datasets/arafatrahmann/my-data221/Epic and CSCR hospital Dataset/Train/pituitary/1191.jpg",3,pituitary,3,pituitary,0.0062997350,0.0083309449,0.0063059679,0.9790633321
7168,"/kaggle/input/datasets/arafatrahmann/my-data221/Epic and CSCR hospital Dataset/Train/pituitary/1200.jpg",3,pituitary,3,pituitary,0.0079710158,0.0094166137,0.0060295644,0.9765828252
7170,"/kaggle/input/datasets/arafatrahmann/my-data221/Epic and CSCR hospital Dataset/Train/pituitary/P_705_HF_.jpg",3,pituitary,3,pituitary,0.0064470852,0.0106255971,0.0066299736,0.9762973785
7171,"/kaggle/input/datasets/arafatrahmann/my-data221/Epic and CSCR hospital Dataset/Train/pituitary/P_705_RO_.jpg",3,pituitary,3,pituitary,0.0062800208,0.0100351255,0.0077555804,0.9759293795
7173,"/kaggle/input/datasets/arafatrahmann/my-data221/Epic and CSCR hospital Dataset/Train/pituitary/P_705_VF_.jpg",3,pituitary,3,pituitary,0.0061761676,0.0103157498,0.0063793948,0.9771286845
7179,"/kaggle/input/datasets/arafatrahmann/my-data221/Epic and CSCR hospital Dataset/Train/pituitary/P_706_SP_.jpg",3,pituitary,3,pituitary,0.0070922719,0.0080143604,0.0055116611,0.9793817401
7180,"/kaggle/input/datasets/arafatrahmann/my-data221/Epic and CSCR hospital Dataset/Train/pituitary/P_706_VF_.jpg",3,pituitary,3,pituitary,0.0066365725,0.0099657085,0.0057363384,0.9776614308
7186,"/kaggle/input/datasets/arafatrahmann/my-data221/Epic and CSCR hospital Dataset/Train/pituitary/P_70_RO_.jpg",3,pituitary,3,pituitary,0.0069811316,0.0109631065,0.0057691671,0.9762865901
7191,"/kaggle/input/datasets/arafatrahmann/my-data221/Epic and CSCR hospital Dataset/Train/pituitary/P_710_BR_.jpg",3,pituitary,3,pituitary,0.0047396766,0.0060300701,0.0053591151,0.9838711023
7193,"/kaggle/input/datasets/arafatrahmann/my-data221/Epic and CSCR hospital Dataset/Train/pituitary/P_710_HF_.jpg",3,pituitary,3,pituitary,0.0058750915,0.0076386309,0.0059335106,0.9805527925
7197,"/kaggle/input/datasets/arafatrahmann/my-data221/Epic and CSCR hospital Dataset/Train/pituitary/P_711.jpg",3,pituitary,3,pituitary,0.0060035791,0.0076049929,0.0058546253,0.9805367589
7202,"/kaggle/input/datasets/arafatrahmann/my-data221/Epic and CSCR hospital Dataset/Train/pituitary/P_711_SP_.jpg",3,pituitary,3,pituitary,0.0073540239,0.0078589171,0.0056833089,0.9791037440
7204,"/kaggle/input/datasets/arafatrahmann/my-data221/Epic and CSCR hospital Dataset/Train/pituitary/P_712.jpg",3,pituitary,3,pituitary,0.0060952744,0.0076859258,0.0058067916,0.9804118872
7206,"/kaggle/input/datasets/arafatrahmann/my-data221/Epic and CSCR hospital Dataset/Train/pituitary/P_712_DA_.jpg",3,pituitary,3,pituitary,0.0068247588,0.0114112096,0.0068373755,0.9749265909
7207,"/kaggle/input/datasets/arafatrahmann/my-data221/Epic and CSCR hospital Dataset/Train/pituitary/P_712_HF_.jpg",3,pituitary,3,pituitary,0.0063305064,0.0081313327,0.0058547794,0.9796835184
7210,"/kaggle/input/datasets/arafatrahmann/my-data221/Epic and CSCR hospital Dataset/Train/pituitary/P_712_VF_.jpg",3,pituitary,3,pituitary,0.0063628601,0.0082455557,0.0061411839,0.9792504311
7211,"/kaggle/input/datasets/arafatrahmann/my-data221/Epic and CSCR hospital Dataset/Train/pituitary/P_713.jpg",3,pituitary,3,pituitary,0.0068743853,0.0081290109,0.0059981486,0.9789984822
7220,"/kaggle/input/datasets/arafatrahmann/my-data221/Epic and CSCR hospital Dataset/Train/pituitary/P_714_DA_.jpg",3,pituitary,3,pituitary,0.0076502250,0.0123394206,0.0079970770,0.9720132947
7225,"/kaggle/input/datasets/arafatrahmann/my-data221/Epic and CSCR hospital Dataset/Train/pituitary/P_715.jpg",3,pituitary,3,pituitary,0.0063982150,0.0077957129,0.0059239240,0.9798822403
7228,"/kaggle/input/datasets/arafatrahmann/my-data221/Epic and CSCR hospital Dataset/Train/pituitary/P_715_HF_.jpg",3,pituitary,3,pituitary,0.0068068048,0.0082853194,0.0061856499,0.9787222147
7232,"/kaggle/input/datasets/arafatrahmann/my-data221/Epic and CSCR hospital Dataset/Train/pituitary/P_716.jpg",3,pituitary,3,pituitary,0.0066287741,0.0080869161,0.0060501527,0.9792342186
7239,"/kaggle/input/datasets/arafatrahmann/my-data221/Epic and CSCR hospital Dataset/Train/pituitary/P_717.jpg",3,pituitary,3,pituitary,0.0058674449,0.0090550892,0.0066191168,0.9784584045
7240,"/kaggle/input/datasets/arafatrahmann/my-data221/Epic and CSCR hospital Dataset/Train/pituitary/P_717_BR_.jpg",3,pituitary,3,pituitary,0.0061725872,0.0071030133,0.0058450806,0.9808793068
7241,"/kaggle/input/datasets/arafatrahmann/my-data221/Epic and CSCR hospital Dataset/Train/pituitary/P_717_DA_.jpg",3,pituitary,3,pituitary,0.0082892552,0.0153364819,0.0070659914,0.9693082571
7243,"/kaggle/input/datasets/arafatrahmann/my-data221/Epic and CSCR hospital Dataset/Train/pituitary/P_717_RO_.jpg",3,pituitary,3,pituitary,0.0063545504,0.0097235683,0.0074604535,0.9764614105
7247,"/kaggle/input/datasets/arafatrahmann/my-data221/Epic and CSCR hospital Dataset/Train/pituitary/P_718_BR_.jpg",3,pituitary,3,pituitary,0.0057822429,0.0071813702,0.0052944729,0.9817420244
7249,"/kaggle/input/datasets/arafatrahmann/my-data221/Epic and CSCR hospital Dataset/Train/pituitary/P_718_HF_.jpg",3,pituitary,3,pituitary,0.0062664091,0.0084503330,0.0066197431,0.9786635637
7251,"/kaggle/input/datasets/arafatrahmann/my-data221/Epic and CSCR hospital Dataset/Train/pituitary/P_718_SP_.jpg",3,pituitary,3,pituitary,0.0081622191,0.0090900688,0.0057590362,0.9769886732
7254,"/kaggle/input/datasets/arafatrahmann/my-data221/Epic and CSCR hospital Dataset/Train/pituitary/P_719_BR_.jpg",3,pituitary,3,pituitary,0.0053124586,0.0062393053,0.0053945212,0.9830536842
7256,"/kaggle/input/datasets/arafatrahmann/my-data221/Epic and CSCR hospital Dataset/Train/pituitary/P_719_HF_.jpg",3,pituitary,3,pituitary,0.0062000118,0.0090458812,0.0065711364,0.9781829715
7262,"/kaggle/input/datasets/arafatrahmann/my-data221/Epic and CSCR hospital Dataset/Train/pituitary/P_71_HF_.jpg",3,pituitary,3,pituitary,0.0067969067,0.0095503367,0.0059334170,0.9777193069
7266,"/kaggle/input/datasets/arafatrahmann/my-data221/Epic and CSCR hospital Dataset/Train/pituitary/P_72.jpg",3,pituitary,3,pituitary,0.0066194171,0.0087501965,0.0058969907,0.9787334204
7274,"/kaggle/input/datasets/arafatrahmann/my-data221/Epic and CSCR hospital Dataset/Train/pituitary/P_721.jpg",3,pituitary,3,pituitary,0.0064068488,0.0080522262,0.0061271638,0.9794138074
7288,"/kaggle/input/datasets/arafatrahmann/my-data221/Epic and CSCR hospital Dataset/Train/pituitary/P_723.jpg",3,pituitary,3,pituitary,0.0066084028,0.0080834571,0.0063798204,0.9789283872
7290,"/kaggle/input/datasets/arafatrahmann/my-data221/Epic and CSCR hospital Dataset/Train/pituitary/P_723_DA_.jpg",3,pituitary,3,pituitary,0.0067632273,0.0110968221,0.0075849541,0.9745548964
7292,"/kaggle/input/datasets/arafatrahmann/my-data221/Epic and CSCR hospital Dataset/Train/pituitary/P_723_RO_.jpg",3,pituitary,3,pituitary,0.0068413839,0.0088005085,0.0066027874,0.9777553678
7293,"/kaggle/input/datasets/arafatrahmann/my-data221/Epic and CSCR hospital Dataset/Train/pituitary/P_723_SP_.jpg",3,pituitary,3,pituitary,0.0082196221,0.0078641120,0.0064954571,0.9774208069
7297,"/kaggle/input/datasets/arafatrahmann/my-data221/Epic and CSCR hospital Dataset/Train/pituitary/P_724_DA_.jpg",3,pituitary,3,pituitary,0.0075108507,0.0118392017,0.0083024241,0.9723474383
7300,"/kaggle/input/datasets/arafatrahmann/my-data221/Epic and CSCR hospital Dataset/Train/pituitary/P_724_SP_.jpg",3,pituitary,3,pituitary,0.0092136590,0.0078904945,0.0061797244,0.9767161608
7312,"/kaggle/input/datasets/arafatrahmann/my-data221/Epic and CSCR hospital Dataset/Train/pituitary/P_726_HF_.jpg",3,pituitary,3,pituitary,0.0068073245,0.0084277401,0.0068307607,0.9779341817
7318,"/kaggle/input/datasets/arafatrahmann/my-data221/Epic and CSCR hospital Dataset/Train/pituitary/P_727_DA_.jpg",3,pituitary,3,pituitary,0.0078829704,0.0107166534,0.0081299441,0.9732704163
7322,"/kaggle/input/datasets/arafatrahmann/my-data221/Epic and CSCR hospital Dataset/Train/pituitary/P_727_VF_.jpg",3,pituitary,3,pituitary,0.0082206177,0.0128078405,0.0053707585,0.9736007452
7324,"/kaggle/input/datasets/arafatrahmann/my-data221/Epic and CSCR hospital Dataset/Train/pituitary/P_728_BR_.jpg",3,pituitary,3,pituitary,0.0063857869,0.0070412778,0.0057952902,0.9807776213
7336,"/kaggle/input/datasets/arafatrahmann/my-data221/Epic and CSCR hospital Dataset/Train/pituitary/P_729_VF_.jpg",3,pituitary,3,pituitary,0.0059193349,0.0071511515,0.0070603369,0.9798691869
7338,"/kaggle/input/datasets/arafatrahmann/my-data221/Epic and CSCR hospital Dataset/Train/pituitary/P_72_DA_.jpg",3,pituitary,3,pituitary,0.0072404006,0.0117280865,0.0073930607,0.9736384153
7339,"/kaggle/input/datasets/arafatrahmann/my-data221/Epic and CSCR hospital Dataset/Train/pituitary/P_72_HF_.jpg",3,pituitary,3,pituitary,0.0066599757,0.0089768674,0.0058197365,0.9785434008
7349,"/kaggle/input/datasets/arafatrahmann/my-data221/Epic and CSCR hospital Dataset/Train/pituitary/P_730_SP_.jpg",3,pituitary,3,pituitary,0.0095924735,0.0086991582,0.0058584772,0.9758499265
7361,"/kaggle/input/datasets/arafatrahmann/my-data221/Epic and CSCR hospital Dataset/Train/pituitary/P_732_HF_.jpg",3,pituitary,3,pituitary,0.0070744222,0.0105432542,0.0074131689,0.9749692082
7366,"/kaggle/input/datasets/arafatrahmann/my-data221/Epic and CSCR hospital Dataset/Train/pituitary/P_733_BR_.jpg",3,pituitary,3,pituitary,0.0067305551,0.0075789727,0.0073562874,0.9783342481
7373,"/kaggle/input/datasets/arafatrahmann/my-data221/Epic and CSCR hospital Dataset/Train/pituitary/P_734_BR_.jpg",3,pituitary,3,pituitary,0.0053796559,0.0067102956,0.0057034935,0.9822065234
7384,"/kaggle/input/datasets/arafatrahmann/my-data221/Epic and CSCR hospital Dataset/Train/pituitary/P_735_SP_.jpg",3,pituitary,3,pituitary,0.0081348615,0.0087038111,0.0056901230,0.9774711728
7388,"/kaggle/input/datasets/arafatrahmann/my-data221/Epic and CSCR hospital Dataset/Train/pituitary/P_736_DA_.jpg",3,pituitary,3,pituitary,0.0082495054,0.0131847039,0.0081465933,0.9704191089
7394,"/kaggle/input/datasets/arafatrahmann/my-data221/Epic and CSCR hospital Dataset/Train/pituitary/P_737_BR_.jpg",3,pituitary,3,pituitary,0.0045621269,0.0060694902,0.0053969375,0.9839714170
7410,"/kaggle/input/datasets/arafatrahmann/my-data221/Epic and CSCR hospital Dataset/Train/pituitary/P_739_HF_.jpg",3,pituitary,3,pituitary,0.0064791767,0.0096338363,0.0065483055,0.9773386717
7411,"/kaggle/input/datasets/arafatrahmann/my-data221/Epic and CSCR hospital Dataset/Train/pituitary/P_739_RO_.jpg",3,pituitary,3,pituitary,0.0076370700,0.0094530899,0.0069865226,0.9759233594
7412,"/kaggle/input/datasets/arafatrahmann/my-data221/Epic and CSCR hospital Dataset/Train/pituitary/P_739_SP_.jpg",3,pituitary,3,pituitary,0.0100593213,0.0083909733,0.0065044872,0.9750452042
7414,"/kaggle/input/datasets/arafatrahmann/my-data221/Epic and CSCR hospital Dataset/Train/pituitary/P_73_BR_.jpg",3,pituitary,3,pituitary,0.0052510975,0.0058742505,0.0050032148,0.9838714600
7418,"/kaggle/input/datasets/arafatrahmann/my-data221/Epic and CSCR hospital Dataset/Train/pituitary/P_73_SP_.jpg",3,pituitary,3,pituitary,0.0080070375,0.0083310949,0.0057080458,0.9779537916
7419,"/kaggle/input/datasets/arafatrahmann/my-data221/Epic and CSCR hospital Dataset/Train/pituitary/P_73_VF_.jpg",3,pituitary,3,pituitary,0.0063351346,0.0081526255,0.0057667289,0.9797455072
7427,"/kaggle/input/datasets/arafatrahmann/my-data221/Epic and CSCR hospital Dataset/Train/pituitary/P_740_VF_.jpg",3,pituitary,3,pituitary,0.0066097258,0.0104451645,0.0067253723,0.9762196541
7429,"/kaggle/input/datasets/arafatrahmann/my-data221/Epic and CSCR hospital Dataset/Train/pituitary/P_741_BR_.jpg",3,pituitary,3,pituitary,0.0062876055,0.0065386808,0.0061996151,0.9809740782
7436,"/kaggle/input/datasets/arafatrahmann/my-data221/Epic and CSCR hospital Dataset/Train/pituitary/P_742_BR_.jpg",3,pituitary,3,pituitary,0.0057934392,0.0060223574,0.0060540978,0.9821301699
7438,"/kaggle/input/datasets/arafatrahmann/my-data221/Epic and CSCR hospital Dataset/Train/pituitary/P_742_HF_.jpg",3,pituitary,3,pituitary,0.0064047514,0.0092013581,0.0067555457,0.9776383638
7445,"/kaggle/input/datasets/arafatrahmann/my-data221/Epic and CSCR hospital Dataset/Train/pituitary/P_743_HF_.jpg",3,pituitary,3,pituitary,0.0065504499,0.0094995452,0.0071531520,0.9767968059
7446,"/kaggle/input/datasets/arafatrahmann/my-data221/Epic and CSCR hospital Dataset/Train/pituitary/P_743_RO_.jpg",3,pituitary,3,pituitary,0.0070507885,0.0090213008,0.0076429821,0.9762848616
7462,"/kaggle/input/datasets/arafatrahmann/my-data221/Epic and CSCR hospital Dataset/Train/pituitary/P_745_VF_.jpg",3,pituitary,3,pituitary,0.0062135723,0.0085892994,0.0060359221,0.9791612625
7475,"/kaggle/input/datasets/arafatrahmann/my-data221/Epic and CSCR hospital Dataset/Train/pituitary/P_747_SP_.jpg",3,pituitary,3,pituitary,0.0098748216,0.0084897913,0.0060054511,0.9756299257
7490,"/kaggle/input/datasets/arafatrahmann/my-data221/Epic and CSCR hospital Dataset/Train/pituitary/P_749_VF_.jpg",3,pituitary,3,pituitary,0.0064898776,0.0112287467,0.0072102919,0.9750711322
7491,"/kaggle/input/datasets/arafatrahmann/my-data221/Epic and CSCR hospital Dataset/Train/pituitary/P_74_BR_.jpg",3,pituitary,3,pituitary,0.0066032545,0.0074779196,0.0071344427,0.9787843823
7493,"/kaggle/input/datasets/arafatrahmann/my-data221/Epic and CSCR hospital Dataset/Train/pituitary/P_74_HF_.jpg",3,pituitary,3,pituitary,0.0067404555,0.0130034583,0.0065467381,0.9737092853
7495,"/kaggle/input/datasets/arafatrahmann/my-data221/Epic and CSCR hospital Dataset/Train/pituitary/P_74_SP_.jpg",3,pituitary,3,pituitary,0.0119839851,0.0093128318,0.0069705881,0.9717326164
7497,"/kaggle/input/datasets/arafatrahmann/my-data221/Epic and CSCR hospital Dataset/Train/pituitary/P_75.jpg",3,pituitary,3,pituitary,0.0056685391,0.0069388999,0.0058470159,0.9815455675
7509,"/kaggle/input/datasets/arafatrahmann/my-data221/Epic and CSCR hospital Dataset/Train/pituitary/P_751_RO_.jpg",3,pituitary,3,pituitary,0.0064106002,0.0093241129,0.0068777772,0.9773876071
7516,"/kaggle/input/datasets/arafatrahmann/my-data221/Epic and CSCR hospital Dataset/Train/pituitary/P_752_RO_.jpg",3,pituitary,3,pituitary,0.0064491122,0.0097065438,0.0069261892,0.9769181013
7523,"/kaggle/input/datasets/arafatrahmann/my-data221/Epic and CSCR hospital Dataset/Train/pituitary/P_753_RO_.jpg",3,pituitary,3,pituitary,0.0071634250,0.0102432817,0.0078164861,0.9747768641
7529,"/kaggle/input/datasets/arafatrahmann/my-data221/Epic and CSCR hospital Dataset/Train/pituitary/P_754_HF_.jpg",3,pituitary,3,pituitary,0.0067849914,0.0082764737,0.0061745085,0.9787639380
7541,"/kaggle/input/datasets/arafatrahmann/my-data221/Epic and CSCR hospital Dataset/Train/pituitary/P_756_BR_.jpg",3,pituitary,3,pituitary,0.0057532070,0.0067345514,0.0059921546,0.9815200567
7542,"/kaggle/input/datasets/arafatrahmann/my-data221/Epic and CSCR hospital Dataset/Train/pituitary/P_756_DA_.jpg",3,pituitary,3,pituitary,0.0079880496,0.0132649187,0.0064873151,0.9722597003
7547,"/kaggle/input/datasets/arafatrahmann/my-data221/Epic and CSCR hospital Dataset/Train/pituitary/P_757.jpg",3,pituitary,3,pituitary,0.0072613405,0.0111690294,0.0052254526,0.9763442278
7558,"/kaggle/input/datasets/arafatrahmann/my-data221/Epic and CSCR hospital Dataset/Train/pituitary/P_758_RO_.jpg",3,pituitary,3,pituitary,0.0072197122,0.0095484070,0.0058612195,0.9773707390
7559,"/kaggle/input/datasets/arafatrahmann/my-data221/Epic and CSCR hospital Dataset/Train/pituitary/P_758_SP_.jpg",3,pituitary,3,pituitary,0.0088395011,0.0082108648,0.0060013337,0.9769482613
7565,"/kaggle/input/datasets/arafatrahmann/my-data221/Epic and CSCR hospital Dataset/Train/pituitary/P_759_RO_.jpg",3,pituitary,3,pituitary,0.0076923668,0.0097612124,0.0065193707,0.9760270119
7569,"/kaggle/input/datasets/arafatrahmann/my-data221/Epic and CSCR hospital Dataset/Train/pituitary/P_75_DA_.jpg",3,pituitary,3,pituitary,0.0062142657,0.0104981903,0.0062129004,0.9770746231
7570,"/kaggle/input/datasets/arafatrahmann/my-data221/Epic and CSCR hospital Dataset/Train/pituitary/P_75_HF_.jpg",3,pituitary,3,pituitary,0.0057888189,0.0071627954,0.0057452926,0.9813032150
7571,"/kaggle/input/datasets/arafatrahmann/my-data221/Epic and CSCR hospital Dataset/Train/pituitary/P_75_RO_.jpg",3,pituitary,3,pituitary,0.0057247290,0.0071210102,0.0058196476,0.9813345671
7572,"/kaggle/input/datasets/arafatrahmann/my-data221/Epic and CSCR hospital Dataset/Train/pituitary/P_75_SP_.jpg",3,pituitary,3,pituitary,0.0068590879,0.0080023464,0.0058624502,0.9792760611
7576,"/kaggle/input/datasets/arafatrahmann/my-data221/Epic and CSCR hospital Dataset/Train/pituitary/P_760_BR_.jpg",3,pituitary,3,pituitary,0.0062186732,0.0067019127,0.0059665651,0.9811128378
7577,"/kaggle/input/datasets/arafatrahmann/my-data221/Epic and CSCR hospital Dataset/Train/pituitary/P_760_DA_.jpg",3,pituitary,3,pituitary,0.0072639780,0.0121904686,0.0078129023,0.9727326632
7581,"/kaggle/input/datasets/arafatrahmann/my-data221/Epic and CSCR hospital Dataset/Train/pituitary/P_760_VF_.jpg",3,pituitary,3,pituitary,0.0058725970,0.0191426687,0.0058780322,0.9691066742
7588,"/kaggle/input/datasets/arafatrahmann/my-data221/Epic and CSCR hospital Dataset/Train/pituitary/P_761_VF_.jpg",3,pituitary,3,pituitary,0.0064329719,0.0081724692,0.0061554536,0.9792391062
7591,"/kaggle/input/datasets/arafatrahmann/my-data221/Epic and CSCR hospital Dataset/Train/pituitary/P_762_DA_.jpg",3,pituitary,3,pituitary,0.0075744493,0.0123489425,0.0070255091,0.9730511904
7597,"/kaggle/input/datasets/arafatrahmann/my-data221/Epic and CSCR hospital Dataset/Train/pituitary/P_763_BR_.jpg",3,pituitary,3,pituitary,0.0054861326,0.0074323313,0.0051357560,0.9819458723
7603,"/kaggle/input/datasets/arafatrahmann/my-data221/Epic and CSCR hospital Dataset/Train/pituitary/P_764.jpg",3,pituitary,3,pituitary,0.0063901162,0.0093875425,0.0058444985,0.9783776999
7605,"/kaggle/input/datasets/arafatrahmann/my-data221/Epic and CSCR hospital Dataset/Train/pituitary/P_764_DA_.jpg",3,pituitary,3,pituitary,0.0083095860,0.0130838696,0.0091769006,0.9694296718
7610,"/kaggle/input/datasets/arafatrahmann/my-data221/Epic and CSCR hospital Dataset/Train/pituitary/P_765.jpg",3,pituitary,3,pituitary,0.0066397814,0.0080372188,0.0057218792,0.9796010852
7612,"/kaggle/input/datasets/arafatrahmann/my-data221/Epic and CSCR hospital Dataset/Train/pituitary/P_765_DA_.jpg",3,pituitary,3,pituitary,0.0070484341,0.0111574419,0.0071476228,0.9746465683
7619,"/kaggle/input/datasets/arafatrahmann/my-data221/Epic and CSCR hospital Dataset/Train/pituitary/P_766_DA_.jpg",3,pituitary,3,pituitary,0.0079220720,0.0124759199,0.0072150379,0.9723870158
7624,"/kaggle/input/datasets/arafatrahmann/my-data221/Epic and CSCR hospital Dataset/Train/pituitary/P_767.jpg",3,pituitary,3,pituitary,0.0068187816,0.0083141970,0.0059604524,0.9789066315
7625,"/kaggle/input/datasets/arafatrahmann/my-data221/Epic and CSCR hospital Dataset/Train/pituitary/P_767_BR_.jpg",3,pituitary,3,pituitary,0.0058466261,0.0067358613,0.0052884724,0.9821289182
7627,"/kaggle/input/datasets/arafatrahmann/my-data221/Epic and CSCR hospital Dataset/Train/pituitary/P_767_HF_.jpg",3,pituitary,3,pituitary,0.0067751976,0.0082339682,0.0058995350,0.9790912867
7629,"/kaggle/input/datasets/arafatrahmann/my-data221/Epic and CSCR hospital Dataset/Train/pituitary/P_767_SP_.jpg",3,pituitary,3,pituitary,0.0089842808,0.0076668933,0.0058911168,0.9774576426
7630,"/kaggle/input/datasets/arafatrahmann/my-data221/Epic and CSCR hospital Dataset/Train/pituitary/P_767_VF_.jpg",3,pituitary,3,pituitary,0.0064735636,0.0079440819,0.0060286280,0.9795536995
7638,"/kaggle/input/datasets/arafatrahmann/my-data221/Epic and CSCR hospital Dataset/Train/pituitary/P_769.jpg",3,pituitary,3,pituitary,0.0062208120,0.0094159078,0.0064304480,0.9779328108
7639,"/kaggle/input/datasets/arafatrahmann/my-data221/Epic and CSCR hospital Dataset/Train/pituitary/P_769_BR_.jpg",3,pituitary,3,pituitary,0.0051210877,0.0072578965,0.0055608610,0.9820601344
7646,"/kaggle/input/datasets/arafatrahmann/my-data221/Epic and CSCR hospital Dataset/Train/pituitary/P_76_DA_.jpg",3,pituitary,3,pituitary,0.0086702295,0.0147068771,0.0072160894,0.9694069028
7655,"/kaggle/input/datasets/arafatrahmann/my-data221/Epic and CSCR hospital Dataset/Train/pituitary/P_770_HF_.jpg",3,pituitary,3,pituitary,0.0055810227,0.0091740321,0.0063843788,0.9788605571
7664,"/kaggle/input/datasets/arafatrahmann/my-data221/Epic and CSCR hospital Dataset/Train/pituitary/P_771_SP_.jpg",3,pituitary,3,pituitary,0.0096718501,0.0079352837,0.0067702630,0.9756226540
7666,"/kaggle/input/datasets/arafatrahmann/my-data221/Epic and CSCR hospital Dataset/Train/pituitary/P_772.jpg",3,pituitary,3,pituitary,0.0063035055,0.0088193947,0.0057249619,0.9791520834
7669,"/kaggle/input/datasets/arafatrahmann/my-data221/Epic and CSCR hospital Dataset/Train/pituitary/P_772_HF_.jpg",3,pituitary,3,pituitary,0.0062410776,0.0090016378,0.0058756117,0.9788816571
7672,"/kaggle/input/datasets/arafatrahmann/my-data221/Epic and CSCR hospital Dataset/Train/pituitary/P_772_VF_.jpg",3,pituitary,3,pituitary,0.0069862851,0.0151866060,0.0056358012,0.9721913338
7677,"/kaggle/input/datasets/arafatrahmann/my-data221/Epic and CSCR hospital Dataset/Train/pituitary/P_773_RO_.jpg",3,pituitary,3,pituitary,0.0067202970,0.0087013375,0.0075797224,0.9769986272
7682,"/kaggle/input/datasets/arafatrahmann/my-data221/Epic and CSCR hospital Dataset/Train/pituitary/P_774_DA_.jpg",3,pituitary,3,pituitary,0.0079986630,0.0120340213,0.0086604077,0.9713069201
7687,"/kaggle/input/datasets/arafatrahmann/my-data221/Epic and CSCR hospital Dataset/Train/pituitary/P_775.jpg",3,pituitary,3,pituitary,0.0064174486,0.0083259027,0.0060798507,0.9791768789
7695,"/kaggle/input/datasets/arafatrahmann/my-data221/Epic and CSCR hospital Dataset/Train/pituitary/P_776_BR_.jpg",3,pituitary,3,pituitary,0.0057053263,0.0066428580,0.0054134200,0.9822384119
7707,"/kaggle/input/datasets/arafatrahmann/my-data221/Epic and CSCR hospital Dataset/Train/pituitary/P_777_VF_.jpg",3,pituitary,3,pituitary,0.0071206004,0.0092765149,0.0067260014,0.9768769145
7723,"/kaggle/input/datasets/arafatrahmann/my-data221/Epic and CSCR hospital Dataset/Train/pituitary/P_77_DA_.jpg",3,pituitary,3,pituitary,0.0065898085,0.0116730276,0.0064746784,0.9752625227
7724,"/kaggle/input/datasets/arafatrahmann/my-data221/Epic and CSCR hospital Dataset/Train/pituitary/P_77_HF_.jpg",3,pituitary,3,pituitary,0.0059028501,0.0072043324,0.0060527781,0.9808400273
7729,"/kaggle/input/datasets/arafatrahmann/my-data221/Epic and CSCR hospital Dataset/Train/pituitary/P_780.jpg",3,pituitary,3,pituitary,0.0066406527,0.0088969907,0.0053879810,0.9790743589
7737,"/kaggle/input/datasets/arafatrahmann/my-data221/Epic and CSCR hospital Dataset/Train/pituitary/P_781_BR_.jpg",3,pituitary,3,pituitary,0.0051659136,0.0060824263,0.0052055516,0.9835460782
7743,"/kaggle/input/datasets/arafatrahmann/my-data221/Epic and CSCR hospital Dataset/Train/pituitary/P_782.jpg",3,pituitary,3,pituitary,0.0063699856,0.0095069185,0.0057150647,0.9784079790
7749,"/kaggle/input/datasets/arafatrahmann/my-data221/Epic and CSCR hospital Dataset/Train/pituitary/P_782_VF_.jpg",3,pituitary,3,pituitary,0.0062126955,0.0090852994,0.0054859086,0.9792160988
7752,"/kaggle/input/datasets/arafatrahmann/my-data221/Epic and CSCR hospital Dataset/Train/pituitary/P_783_DA_.jpg",3,pituitary,3,pituitary,0.0073513589,0.0119120199,0.0077732345,0.9729633331
7759,"/kaggle/input/datasets/arafatrahmann/my-data221/Epic and CSCR hospital Dataset/Train/pituitary/P_784_DA_.jpg",3,pituitary,3,pituitary,0.0066870498,0.0156741776,0.0081005609,0.9695382118
7765,"/kaggle/input/datasets/arafatrahmann/my-data221/Epic and CSCR hospital Dataset/Train/pituitary/P_785_BR_.jpg",3,pituitary,3,pituitary,0.0060058394,0.0066005946,0.0055754683,0.9818180799
7767,"/kaggle/input/datasets/arafatrahmann/my-data221/Epic and CSCR hospital Dataset/Train/pituitary/P_785_HF_.jpg",3,pituitary,3,pituitary,0.0066596502,0.0097072013,0.0057880431,0.9778450727
7769,"/kaggle/input/datasets/arafatrahmann/my-data221/Epic and CSCR hospital Dataset/Train/pituitary/P_785_SP_.jpg",3,pituitary,3,pituitary,0.0083866883,0.0107408343,0.0058001014,0.9750722647
7778,"/kaggle/input/datasets/arafatrahmann/my-data221/Epic and CSCR hospital Dataset/Train/pituitary/P_787.jpg",3,pituitary,3,pituitary,0.0061884015,0.0076617077,0.0060162796,0.9801336527
7779,"/kaggle/input/datasets/arafatrahmann/my-data221/Epic and CSCR hospital Dataset/Train/pituitary/P_787_BR_.jpg",3,pituitary,3,pituitary,0.0050472538,0.0060423743,0.0051854807,0.9837248921
7783,"/kaggle/input/datasets/arafatrahmann/my-data221/Epic and CSCR hospital Dataset/Train/pituitary/P_787_SP_.jpg",3,pituitary,3,pituitary,0.0077609876,0.0084933173,0.0059188497,0.9778268933
7784,"/kaggle/input/datasets/arafatrahmann/my-data221/Epic and CSCR hospital Dataset/Train/pituitary/P_787_VF_.jpg",3,pituitary,3,pituitary,0.0063012140,0.0080168424,0.0059384415,0.9797434807
7786,"/kaggle/input/datasets/arafatrahmann/my-data221/Epic and CSCR hospital Dataset/Train/pituitary/P_788_BR_.jpg",3,pituitary,3,pituitary,0.0054121343,0.0065137767,0.0052488660,0.9828251600
7787,"/kaggle/input/datasets/arafatrahmann/my-data221/Epic and CSCR hospital Dataset/Train/pituitary/P_788_DA_.jpg",3,pituitary,3,pituitary,0.0072872033,0.0121648852,0.0071749752,0.9733728170
7790,"/kaggle/input/datasets/arafatrahmann/my-data221/Epic and CSCR hospital Dataset/Train/pituitary/P_788_SP_.jpg",3,pituitary,3,pituitary,0.0081087435,0.0083150743,0.0058041690,0.9777720571
7794,"/kaggle/input/datasets/arafatrahmann/my-data221/Epic and CSCR hospital Dataset/Train/pituitary/P_789_DA_.jpg",3,pituitary,3,pituitary,0.0071386606,0.0123647898,0.0077239363,0.9727725983
7795,"/kaggle/input/datasets/arafatrahmann/my-data221/Epic and CSCR hospital Dataset/Train/pituitary/P_789_HF_.jpg",3,pituitary,3,pituitary,0.0061912462,0.0079529788,0.0060850885,0.9797707796
7800,"/kaggle/input/datasets/arafatrahmann/my-data221/Epic and CSCR hospital Dataset/Train/pituitary/P_78_DA_.jpg",3,pituitary,3,pituitary,0.0066139093,0.0109603889,0.0062570749,0.9761687517
7802,"/kaggle/input/datasets/arafatrahmann/my-data221/Epic and CSCR hospital Dataset/Train/pituitary/P_78_RO_.jpg",3,pituitary,3,pituitary,0.0059345141,0.0072548739,0.0058782250,0.9809324145
7806,"/kaggle/input/datasets/arafatrahmann/my-data221/Epic and CSCR hospital Dataset/Train/pituitary/P_790.jpg",3,pituitary,3,pituitary,0.0074175610,0.0097916164,0.0062869103,0.9765039682
7812,"/kaggle/input/datasets/arafatrahmann/my-data221/Epic and CSCR hospital Dataset/Train/pituitary/P_790_VF_.jpg",3,pituitary,3,pituitary,0.0066498257,0.0089875516,0.0061203940,0.9782422185
7820,"/kaggle/input/datasets/arafatrahmann/my-data221/Epic and CSCR hospital Dataset/Train/pituitary/P_792.jpg",3,pituitary,3,pituitary,0.0068692425,0.0083748642,0.0066703954,0.9780855179
7822,"/kaggle/input/datasets/arafatrahmann/my-data221/Epic and CSCR hospital Dataset/Train/pituitary/P_792_DA_.jpg",3,pituitary,3,pituitary,0.0069371029,0.0127520468,0.0073984736,0.9729124308
7827,"/kaggle/input/datasets/arafatrahmann/my-data221/Epic and CSCR hospital Dataset/Train/pituitary/P_793.jpg",3,pituitary,3,pituitary,0.0065320297,0.0081028324,0.0067393989,0.9786256552
7835,"/kaggle/input/datasets/arafatrahmann/my-data221/Epic and CSCR hospital Dataset/Train/pituitary/P_794_BR_.jpg",3,pituitary,3,pituitary,0.0052853185,0.0065070367,0.0066841329,0.9815235138
7840,"/kaggle/input/datasets/arafatrahmann/my-data221/Epic and CSCR hospital Dataset/Train/pituitary/P_794_VF_.jpg",3,pituitary,3,pituitary,0.0059588705,0.0074939705,0.0064642443,0.9800828695
7845,"/kaggle/input/datasets/arafatrahmann/my-data221/Epic and CSCR hospital Dataset/Train/pituitary/P_795_RO_.jpg",3,pituitary,3,pituitary,0.0069372915,0.0115470411,0.0068219779,0.9746936560
7846,"/kaggle/input/datasets/arafatrahmann/my-data221/Epic and CSCR hospital Dataset/Train/pituitary/P_795_SP_.jpg",3,pituitary,3,pituitary,0.0086201783,0.0088303182,0.0056690169,0.9768805504
7848,"/kaggle/input/datasets/arafatrahmann/my-data221/Epic and CSCR hospital Dataset/Train/pituitary/P_796.jpg",3,pituitary,3,pituitary,0.0071605346,0.0094995806,0.0061941762,0.9771457911
7857,"/kaggle/input/datasets/arafatrahmann/my-data221/Epic and CSCR hospital Dataset/Train/pituitary/P_797_DA_.jpg",3,pituitary,3,pituitary,0.0067147212,0.0112757282,0.0070096739,0.9749999046
7860,"/kaggle/input/datasets/arafatrahmann/my-data221/Epic and CSCR hospital Dataset/Train/pituitary/P_797_SP_.jpg",3,pituitary,3,pituitary,0.0069112615,0.0084820893,0.0060065817,0.9786000252
7863,"/kaggle/input/datasets/arafatrahmann/my-data221/Epic and CSCR hospital Dataset/Train/pituitary/P_798_BR_.jpg",3,pituitary,3,pituitary,0.0058263615,0.0067595118,0.0066266754,0.9807873964
7866,"/kaggle/input/datasets/arafatrahmann/my-data221/Epic and CSCR hospital Dataset/Train/pituitary/P_798_RO_.jpg",3,pituitary,3,pituitary,0.0072453031,0.0096143885,0.0069388039,0.9762014151
7867,"/kaggle/input/datasets/arafatrahmann/my-data221/Epic and CSCR hospital Dataset/Train/pituitary/P_798_SP_.jpg",3,pituitary,3,pituitary,0.0094669787,0.0080543812,0.0061916267,0.9762870073
7878,"/kaggle/input/datasets/arafatrahmann/my-data221/Epic and CSCR hospital Dataset/Train/pituitary/P_79_HF_.jpg",3,pituitary,3,pituitary,0.0060405931,0.0074430322,0.0060395137,0.9804768562
7880,"/kaggle/input/datasets/arafatrahmann/my-data221/Epic and CSCR hospital Dataset/Train/pituitary/P_79_SP_.jpg",3,pituitary,3,pituitary,0.0078614708,0.0088099390,0.0060883323,0.9772402048
7887,"/kaggle/input/datasets/arafatrahmann/my-data221/Epic and CSCR hospital Dataset/Train/pituitary/P_7_VF_.jpg",3,pituitary,3,pituitary,0.0053612217,0.0063450113,0.0054726964,0.9828211069
7889,"/kaggle/input/datasets/arafatrahmann/my-data221/Epic and CSCR hospital Dataset/Train/pituitary/P_80.jpg",3,pituitary,3,pituitary,0.0060479674,0.0070558502,0.0058690994,0.9810271263
7893,"/kaggle/input/datasets/arafatrahmann/my-data221/Epic and CSCR hospital Dataset/Train/pituitary/P_800_HF_.jpg",3,pituitary,3,pituitary,0.0061308863,0.0079848906,0.0059685395,0.9799157381
7904,"/kaggle/input/datasets/arafatrahmann/my-data221/Epic and CSCR hospital Dataset/Train/pituitary/P_802.jpg",3,pituitary,3,pituitary,0.0062394021,0.0081946775,0.0058176182,0.9797483683
7916,"/kaggle/input/datasets/arafatrahmann/my-data221/Epic and CSCR hospital Dataset/Train/pituitary/P_803_SP_.jpg",3,pituitary,3,pituitary,0.0066602132,0.0079895854,0.0055845273,0.9797657132
7922,"/kaggle/input/datasets/arafatrahmann/my-data221/Epic and CSCR hospital Dataset/Train/pituitary/P_804_RO_.jpg",3,pituitary,3,pituitary,0.0068196417,0.0081750490,0.0062816003,0.9787237048
7924,"/kaggle/input/datasets/arafatrahmann/my-data221/Epic and CSCR hospital Dataset/Train/pituitary/P_804_VF_.jpg",3,pituitary,3,pituitary,0.0064965403,0.0077780373,0.0063005099,0.9794248343
7927,"/kaggle/input/datasets/arafatrahmann/my-data221/Epic and CSCR hospital Dataset/Train/pituitary/P_805_DA_.jpg",3,pituitary,3,pituitary,0.0075767422,0.0131886993,0.0066614388,0.9725731611
7933,"/kaggle/input/datasets/arafatrahmann/my-data221/Epic and CSCR hospital Dataset/Train/pituitary/P_806_BR_.jpg",3,pituitary,3,pituitary,0.0057627447,0.0072463499,0.0051594032,0.9818315506
7937,"/kaggle/input/datasets/arafatrahmann/my-data221/Epic and CSCR hospital Dataset/Train/pituitary/P_806_SP_.jpg",3,pituitary,3,pituitary,0.0080989925,0.0078254286,0.0055786953,0.9784968495
7941,"/kaggle/input/datasets/arafatrahmann/my-data221/Epic and CSCR hospital Dataset/Train/pituitary/P_807_DA_.jpg",3,pituitary,3,pituitary,0.0069508017,0.0122055300,0.0064608054,0.9743827581
7942,"/kaggle/input/datasets/arafatrahmann/my-data221/Epic and CSCR hospital Dataset/Train/pituitary/P_807_HF_.jpg",3,pituitary,3,pituitary,0.0066404133,0.0080682412,0.0061838371,0.9791075587
7946,"/kaggle/input/datasets/arafatrahmann/my-data221/Epic and CSCR hospital Dataset/Train/pituitary/P_808.jpg",3,pituitary,3,pituitary,0.0063400953,0.0077012242,0.0058835512,0.9800750613
7950,"/kaggle/input/datasets/arafatrahmann/my-data221/Epic and CSCR hospital Dataset/Train/pituitary/P_808_RO_.jpg",3,pituitary,3,pituitary,0.0058227191,0.0132626723,0.0050249323,0.9758896828
7954,"/kaggle/input/datasets/arafatrahmann/my-data221/Epic and CSCR hospital Dataset/Train/pituitary/P_809_BR_.jpg",3,pituitary,3,pituitary,0.0056423671,0.0076797390,0.0049654618,0.9817125201
7956,"/kaggle/input/datasets/arafatrahmann/my-data221/Epic and CSCR hospital Dataset/Train/pituitary/P_809_HF_.jpg",3,pituitary,3,pituitary,0.0063244165,0.0086894855,0.0059803887,0.9790058136
7957,"/kaggle/input/datasets/arafatrahmann/my-data221/Epic and CSCR hospital Dataset/Train/pituitary/P_809_RO_.jpg",3,pituitary,3,pituitary,0.0055790781,0.0151337488,0.0043479167,0.9749392271
7959,"/kaggle/input/datasets/arafatrahmann/my-data221/Epic and CSCR hospital Dataset/Train/pituitary/P_809_VF_.jpg",3,pituitary,3,pituitary,0.0054254215,0.0110290917,0.0048534037,0.9786920547
7961,"/kaggle/input/datasets/arafatrahmann/my-data221/Epic and CSCR hospital Dataset/Train/pituitary/P_80_DA_.jpg",3,pituitary,3,pituitary,0.0064802887,0.0098497262,0.0066981227,0.9769718051
7965,"/kaggle/input/datasets/arafatrahmann/my-data221/Epic and CSCR hospital Dataset/Train/pituitary/P_80_VF_.jpg",3,pituitary,3,pituitary,0.0060257176,0.0069571547,0.0056984457,0.9813186526
7967,"/kaggle/input/datasets/arafatrahmann/my-data221/Epic and CSCR hospital Dataset/Train/pituitary/P_810.jpg",3,pituitary,3,pituitary,0.0054569761,0.0061565773,0.0050287833,0.9833577275
7968,"/kaggle/input/datasets/arafatrahmann/my-data221/Epic and CSCR hospital Dataset/Train/pituitary/P_810_BR_.jpg",3,pituitary,3,pituitary,0.0051591638,0.0061996682,0.0052803000,0.9833607674
7970,"/kaggle/input/datasets/arafatrahmann/my-data221/Epic and CSCR hospital Dataset/Train/pituitary/P_810_HF_.jpg",3,pituitary,3,pituitary,0.0055019404,0.0062591597,0.0049614958,0.9832774997
7971,"/kaggle/input/datasets/arafatrahmann/my-data221/Epic and CSCR hospital Dataset/Train/pituitary/P_810_RO_.jpg",3,pituitary,3,pituitary,0.0058053760,0.0067221858,0.0050999001,0.9823724627
7977,"/kaggle/input/datasets/arafatrahmann/my-data221/Epic and CSCR hospital Dataset/Train/pituitary/P_811_HF_.jpg",3,pituitary,3,pituitary,0.0042870478,0.0045173159,0.0071485005,0.9840472341
7988,"/kaggle/input/datasets/arafatrahmann/my-data221/Epic and CSCR hospital Dataset/Train/pituitary/P_813.jpg",3,pituitary,3,pituitary,0.0072929924,0.0086633842,0.0085021462,0.9755414724
8000,"/kaggle/input/datasets/arafatrahmann/my-data221/Epic and CSCR hospital Dataset/Train/pituitary/P_814_SP_.jpg",3,pituitary,3,pituitary,0.0065936199,0.0085857669,0.0059791738,0.9788414836
8003,"/kaggle/input/datasets/arafatrahmann/my-data221/Epic and CSCR hospital Dataset/Train/pituitary/P_815_BR_.jpg",3,pituitary,3,pituitary,0.0048650894,0.0056327200,0.0048262305,0.9846760631
8034,"/kaggle/input/datasets/arafatrahmann/my-data221/Epic and CSCR hospital Dataset/Train/pituitary/P_819_RO_.jpg",3,pituitary,3,pituitary,0.0066796141,0.0178060718,0.0046946811,0.9708195925
8035,"/kaggle/input/datasets/arafatrahmann/my-data221/Epic and CSCR hospital Dataset/Train/pituitary/P_819_SP_.jpg",3,pituitary,3,pituitary,0.0070191463,0.0130417775,0.0051262667,0.9748128653
8040,"/kaggle/input/datasets/arafatrahmann/my-data221/Epic and CSCR hospital Dataset/Train/pituitary/P_81_RO_.jpg",3,pituitary,3,pituitary,0.0064150644,0.0078011500,0.0067795157,0.9790042639
8042,"/kaggle/input/datasets/arafatrahmann/my-data221/Epic and CSCR hospital Dataset/Train/pituitary/P_81_VF_.jpg",3,pituitary,3,pituitary,0.0059695709,0.0068064160,0.0060862843,0.9811376333
8048,"/kaggle/input/datasets/arafatrahmann/my-data221/Epic and CSCR hospital Dataset/Train/pituitary/P_820_RO_.jpg",3,pituitary,3,pituitary,0.0062319054,0.0082660448,0.0051445672,0.9803575277
8062,"/kaggle/input/datasets/arafatrahmann/my-data221/Epic and CSCR hospital Dataset/Train/pituitary/P_822_RO_.jpg",3,pituitary,3,pituitary,0.0065091522,0.0071171531,0.0052540940,0.9811196327
8064,"/kaggle/input/datasets/arafatrahmann/my-data221/Epic and CSCR hospital Dataset/Train/pituitary/P_822_VF_.jpg",3,pituitary,3,pituitary,0.0064380355,0.0075288676,0.0054944716,0.9805385470
8065,"/kaggle/input/datasets/arafatrahmann/my-data221/Epic and CSCR hospital Dataset/Train/pituitary/P_823.jpg",3,pituitary,3,pituitary,0.0057372842,0.0069656298,0.0050009592,0.9822961688
8070,"/kaggle/input/datasets/arafatrahmann/my-data221/Epic and CSCR hospital Dataset/Train/pituitary/P_823_SP_.jpg",3,pituitary,3,pituitary,0.0062226378,0.0073700859,0.0050874683,0.9813197851
8072,"/kaggle/input/datasets/arafatrahmann/my-data221/Epic and CSCR hospital Dataset/Train/pituitary/P_824.jpg",3,pituitary,3,pituitary,0.0061926832,0.0073153018,0.0058240220,0.9806679487
8078,"/kaggle/input/datasets/arafatrahmann/my-data221/Epic and CSCR hospital Dataset/Train/pituitary/P_824_VF_.jpg",3,pituitary,3,pituitary,0.0063679041,0.0075019910,0.0055927830,0.9805374146
8080,"/kaggle/input/datasets/arafatrahmann/my-data221/Epic and CSCR hospital Dataset/Train/pituitary/P_825_BR_.jpg",3,pituitary,3,pituitary,0.0056195022,0.0066752927,0.0049310117,0.9827741385
8084,"/kaggle/input/datasets/arafatrahmann/my-data221/Epic and CSCR hospital Dataset/Train/pituitary/P_825_SP_.jpg",3,pituitary,3,pituitary,0.0062698452,0.0067632394,0.0060839131,0.9808830023
8088,"/kaggle/input/datasets/arafatrahmann/my-data221/Epic and CSCR hospital Dataset/Train/pituitary/P_826_DA_.jpg",3,pituitary,3,pituitary,0.0063586310,0.0090478491,0.0066765831,0.9779168963
8090,"/kaggle/input/datasets/arafatrahmann/my-data221/Epic and CSCR hospital Dataset/Train/pituitary/P_826_RO_.jpg",3,pituitary,3,pituitary,0.0062495461,0.0071037346,0.0062321075,0.9804145694
8091,"/kaggle/input/datasets/arafatrahmann/my-data221/Epic and CSCR hospital Dataset/Train/pituitary/P_826_SP_.jpg",3,pituitary,3,pituitary,0.0066947863,0.0076813721,0.0058359755,0.9797878265
8096,"/kaggle/input/datasets/arafatrahmann/my-data221/Epic and CSCR hospital Dataset/Train/pituitary/P_827_HF_.jpg",3,pituitary,3,pituitary,0.0060491897,0.0089231031,0.0058621941,0.9791654348
8100,"/kaggle/input/datasets/arafatrahmann/my-data221/Epic and CSCR hospital Dataset/Train/pituitary/P_828.jpg",3,pituitary,3,pituitary,0.0058964016,0.0070538977,0.0067939772,0.9802557230
8101,"/kaggle/input/datasets/arafatrahmann/my-data221/Epic and CSCR hospital Dataset/Train/pituitary/P_828_BR_.jpg",3,pituitary,3,pituitary,0.0048128045,0.0057394719,0.0046245642,0.9848231077
8111,"/kaggle/input/datasets/arafatrahmann/my-data221/Epic and CSCR hospital Dataset/Train/pituitary/P_829_RO_.jpg",3,pituitary,3,pituitary,0.0068883905,0.0093179652,0.0058406121,0.9779530764
8118,"/kaggle/input/datasets/arafatrahmann/my-data221/Epic and CSCR hospital Dataset/Train/pituitary/P_82_SP_.jpg",3,pituitary,3,pituitary,0.0071153762,0.0077063618,0.0059448499,0.9792335629
8126,"/kaggle/input/datasets/arafatrahmann/my-data221/Epic and CSCR hospital Dataset/Train/pituitary/P_830_SP_.jpg",3,pituitary,3,pituitary,0.0069188504,0.0075713964,0.0059409160,0.9795688391
8132,"/kaggle/input/datasets/arafatrahmann/my-data221/Epic and CSCR hospital Dataset/Train/pituitary/P_831_RO_.jpg",3,pituitary,3,pituitary,0.0060116476,0.0067918077,0.0060842843,0.9811121821
8142,"/kaggle/input/datasets/arafatrahmann/my-data221/Epic and CSCR hospital Dataset/Train/pituitary/P_833.jpg",3,pituitary,3,pituitary,0.0129328026,0.0768464953,0.0062535913,0.9039672017
8146,"/kaggle/input/datasets/arafatrahmann/my-data221/Epic and CSCR hospital Dataset/Train/pituitary/P_833_RO_.jpg",3,pituitary,3,pituitary,0.0087749455,0.4201367795,0.0136751905,0.5574131012
8151,"/kaggle/input/datasets/arafatrahmann/my-data221/Epic and CSCR hospital Dataset/Train/pituitary/P_834_DA_.jpg",3,pituitary,3,pituitary,0.0123758921,0.0523494482,0.0151536670,0.9201210737
8157,"/kaggle/input/datasets/arafatrahmann/my-data221/Epic and CSCR hospital Dataset/Train/pituitary/P_835_BR_.jpg",3,pituitary,3,pituitary,0.0050085308,0.0066462769,0.0065753846,0.9817699194
8158,"/kaggle/input/datasets/arafatrahmann/my-data221/Epic and CSCR hospital Dataset/Train/pituitary/P_835_DA_.jpg",3,pituitary,3,pituitary,0.0079602627,0.0168369915,0.0086799664,0.9665228128
8164,"/kaggle/input/datasets/arafatrahmann/my-data221/Epic and CSCR hospital Dataset/Train/pituitary/P_836_BR_.jpg",3,pituitary,3,pituitary,0.0073726899,0.0160287954,0.0079552587,0.9686433077
8170,"/kaggle/input/datasets/arafatrahmann/my-data221/Epic and CSCR hospital Dataset/Train/pituitary/P_837.jpg",3,pituitary,3,pituitary,0.0068944069,0.0102414917,0.0063706725,0.9764933586
8172,"/kaggle/input/datasets/arafatrahmann/my-data221/Epic and CSCR hospital Dataset/Train/pituitary/P_837_DA_.jpg",3,pituitary,3,pituitary,0.0073328665,0.0148684336,0.0122668501,0.9655318260
8174,"/kaggle/input/datasets/arafatrahmann/my-data221/Epic and CSCR hospital Dataset/Train/pituitary/P_837_RO_.jpg",3,pituitary,2,notumor,0.0034045912,0.0098812720,0.6845737696,0.3021404147
8179,"/kaggle/input/datasets/arafatrahmann/my-data221/Epic and CSCR hospital Dataset/Train/pituitary/P_838_DA_.jpg",3,pituitary,3,pituitary,0.0073708245,0.0112567367,0.0079461662,0.9734262228
8184,"/kaggle/input/datasets/arafatrahmann/my-data221/Epic and CSCR hospital Dataset/Train/pituitary/P_839.jpg",3,pituitary,3,pituitary,0.0062415428,0.0074436232,0.0055905273,0.9807243347
8187,"/kaggle/input/datasets/arafatrahmann/my-data221/Epic and CSCR hospital Dataset/Train/pituitary/P_839_HF_.jpg",3,pituitary,3,pituitary,0.0064016073,0.0076756263,0.0057308809,0.9801918268
8190,"/kaggle/input/datasets/arafatrahmann/my-data221/Epic and CSCR hospital Dataset/Train/pituitary/P_839_VF_.jpg",3,pituitary,3,pituitary,0.0059956587,0.0075998767,0.0053699603,0.9810345769
8193,"/kaggle/input/datasets/arafatrahmann/my-data221/Epic and CSCR hospital Dataset/Train/pituitary/P_83_HF_.jpg",3,pituitary,3,pituitary,0.0064785085,0.0079335850,0.0063369051,0.9792510271
8198,"/kaggle/input/datasets/arafatrahmann/my-data221/Epic and CSCR hospital Dataset/Train/pituitary/P_840.jpg",3,pituitary,3,pituitary,0.0064947703,0.0094712488,0.0057694013,0.9782646298
8201,"/kaggle/input/datasets/arafatrahmann/my-data221/Epic and CSCR hospital Dataset/Train/pituitary/P_840_HF_.jpg",3,pituitary,3,pituitary,0.0053975163,0.0294660889,0.0045168279,0.9606195688
8203,"/kaggle/input/datasets/arafatrahmann/my-data221/Epic and CSCR hospital Dataset/Train/pituitary/P_840_SP_.jpg",3,pituitary,3,pituitary,0.0076697930,0.0115746036,0.0050609871,0.9756945372
8219,"/kaggle/input/datasets/arafatrahmann/my-data221/Epic and CSCR hospital Dataset/Train/pituitary/P_843.jpg",3,pituitary,3,pituitary,0.0085067442,0.0235111676,0.0049952315,0.9629868269
8223,"/kaggle/input/datasets/arafatrahmann/my-data221/Epic and CSCR hospital Dataset/Train/pituitary/P_843_RO_.jpg",3,pituitary,3,pituitary,0.0081771789,0.0210941471,0.0060807825,0.9646479487
8224,"/kaggle/input/datasets/arafatrahmann/my-data221/Epic and CSCR hospital Dataset/Train/pituitary/P_843_SP_.jpg",3,pituitary,3,pituitary,0.0129521284,0.0165675934,0.0057043443,0.9647758603
8233,"/kaggle/input/datasets/arafatrahmann/my-data221/Epic and CSCR hospital Dataset/Train/pituitary/P_84_BR_.jpg",3,pituitary,3,pituitary,0.0056126779,0.0074779964,0.0050985049,0.9818107486
8250,"/kaggle/input/datasets/arafatrahmann/my-data221/Epic and CSCR hospital Dataset/Train/pituitary/Te-pi_0029.jpg",3,pituitary,3,pituitary,0.0077978694,0.0232898798,0.0050836843,0.9638285637
8258,"/kaggle/input/datasets/arafatrahmann/my-data221/Epic and CSCR hospital Dataset/Train/pituitary/Te-pi_0037.jpg",3,pituitary,3,pituitary,0.0064087012,0.0085193887,0.0058715614,0.9792002439
8261,"/kaggle/input/datasets/arafatrahmann/my-data221/Epic and CSCR hospital Dataset/Train/pituitary/Te-pi_0040.jpg",3,pituitary,3,pituitary,0.0073098680,0.0137943747,0.0046742647,0.9742214084
8265,"/kaggle/input/datasets/arafatrahmann/my-data221/Epic and CSCR hospital Dataset/Train/pituitary/Te-pi_0044.jpg",3,pituitary,3,pituitary,0.0086694956,0.0130451499,0.0056856424,0.9725996256
8270,"/kaggle/input/datasets/arafatrahmann/my-data221/Epic and CSCR hospital Dataset/Train/pituitary/Te-pi_0049.jpg",3,pituitary,3,pituitary,0.0068194745,0.0118055213,0.0068527372,0.9745222926
8274,"/kaggle/input/datasets/arafatrahmann/my-data221/Epic and CSCR hospital Dataset/Train/pituitary/Te-pi_0053.jpg",3,pituitary,3,pituitary,0.0063435459,0.0086298939,0.0056733321,0.9793531299
8277,"/kaggle/input/datasets/arafatrahmann/my-data221/Epic and CSCR hospital Dataset/Train/pituitary/Te-pi_0066.jpg",3,pituitary,3,pituitary,0.0060870023,0.0089454306,0.0066205263,0.9783470035
8280,"/kaggle/input/datasets/arafatrahmann/my-data221/Epic and CSCR hospital Dataset/Train/pituitary/Te-pi_0069.jpg",3,pituitary,3,pituitary,0.0061500939,0.0079043722,0.0057020495,0.9802433848
8282,"/kaggle/input/datasets/arafatrahmann/my-data221/Epic and CSCR hospital Dataset/Train/pituitary/Te-pi_0071.jpg",3,pituitary,3,pituitary,0.0062520378,0.0083489660,0.0063961460,0.9790029526
8285,"/kaggle/input/datasets/arafatrahmann/my-data221/Epic and CSCR hospital Dataset/Train/pituitary/Te-pi_0074.jpg",3,pituitary,3,pituitary,0.0065912195,0.0095403325,0.0060130460,0.9778553843
8287,"/kaggle/input/datasets/arafatrahmann/my-data221/Epic and CSCR hospital Dataset/Train/pituitary/Te-pi_0076.jpg",3,pituitary,3,pituitary,0.0064264708,0.0078671323,0.0061559007,0.9795504808
8290,"/kaggle/input/datasets/arafatrahmann/my-data221/Epic and CSCR hospital Dataset/Train/pituitary/Te-pi_0079.jpg",3,pituitary,3,pituitary,0.0086052939,0.0146355238,0.0062392387,0.9705199003
8292,"/kaggle/input/datasets/arafatrahmann/my-data221/Epic and CSCR hospital Dataset/Train/pituitary/Te-pi_0081.jpg",3,pituitary,3,pituitary,0.0060750577,0.0082397414,0.0058062235,0.9798790216
8311,"/kaggle/input/datasets/arafatrahmann/my-data221/Epic and CSCR hospital Dataset/Train/pituitary/Te-pi_0100.jpg",3,pituitary,3,pituitary,0.0066173440,0.0076616905,0.0066269180,0.9790939093
8313,"/kaggle/input/datasets/arafatrahmann/my-data221/Epic and CSCR hospital Dataset/Train/pituitary/Te-pi_0102.jpg",3,pituitary,3,pituitary,0.0059381304,0.0077083325,0.0059700408,0.9803835154
8317,"/kaggle/input/datasets/arafatrahmann/my-data221/Epic and CSCR hospital Dataset/Train/pituitary/Te-pi_0106.jpg",3,pituitary,3,pituitary,0.0067491755,0.0188970454,0.0060373670,0.9683163762
8323,"/kaggle/input/datasets/arafatrahmann/my-data221/Epic and CSCR hospital Dataset/Train/pituitary/Te-pi_0112.jpg",3,pituitary,3,pituitary,0.0060270368,0.0074793724,0.0057950090,0.9806985855
8332,"/kaggle/input/datasets/arafatrahmann/my-data221/Epic and CSCR hospital Dataset/Train/pituitary/Te-pi_0121.jpg",3,pituitary,3,pituitary,0.0067424006,0.0083292378,0.0066478699,0.9782805443
8334,"/kaggle/input/datasets/arafatrahmann/my-data221/Epic and CSCR hospital Dataset/Train/pituitary/Te-pi_0123.jpg",3,pituitary,3,pituitary,0.0067075170,0.0098918658,0.0057800882,0.9776204824
8335,"/kaggle/input/datasets/arafatrahmann/my-data221/Epic and CSCR hospital Dataset/Train/pituitary/Te-pi_0124.jpg",3,pituitary,3,pituitary,0.0061761937,0.0073688691,0.0059332130,0.9805217981
8337,"/kaggle/input/datasets/arafatrahmann/my-data221/Epic and CSCR hospital Dataset/Train/pituitary/Te-pi_0126.jpg",3,pituitary,3,pituitary,0.0066953921,0.0097629409,0.0065728524,0.9769688845
8344,"/kaggle/input/datasets/arafatrahmann/my-data221/Epic and CSCR hospital Dataset/Train/pituitary/Te-pi_0133.jpg",3,pituitary,3,pituitary,0.0065561109,0.0098542590,0.0068603670,0.9767292738
8350,"/kaggle/input/datasets/arafatrahmann/my-data221/Epic and CSCR hospital Dataset/Train/pituitary/Te-pi_0139.jpg",3,pituitary,3,pituitary,0.0063714236,0.0077144904,0.0056511424,0.9802629352
8352,"/kaggle/input/datasets/arafatrahmann/my-data221/Epic and CSCR hospital Dataset/Train/pituitary/Te-pi_0141.jpg",3,pituitary,3,pituitary,0.0067509576,0.0118945427,0.0069779819,0.9743765593
8354,"/kaggle/input/datasets/arafatrahmann/my-data221/Epic and CSCR hospital Dataset/Train/pituitary/Te-pi_0143.jpg",3,pituitary,3,pituitary,0.0062577380,0.0087243905,0.0069824518,0.9780354500
8356,"/kaggle/input/datasets/arafatrahmann/my-data221/Epic and CSCR hospital Dataset/Train/pituitary/Te-pi_0145.jpg",3,pituitary,3,pituitary,0.0071253269,0.0102981366,0.0058057825,0.9767706990
8365,"/kaggle/input/datasets/arafatrahmann/my-data221/Epic and CSCR hospital Dataset/Train/pituitary/Te-pi_0154.jpg",3,pituitary,3,pituitary,0.0075494139,0.0169700421,0.0047835624,0.9706970453
8366,"/kaggle/input/datasets/arafatrahmann/my-data221/Epic and CSCR hospital Dataset/Train/pituitary/Te-pi_0155.jpg",3,pituitary,3,pituitary,0.0065828748,0.0080505731,0.0061695948,0.9791969061
8367,"/kaggle/input/datasets/arafatrahmann/my-data221/Epic and CSCR hospital Dataset/Train/pituitary/Te-pi_0156.jpg",3,pituitary,3,pituitary,0.0085417302,0.0162917767,0.0058916532,0.9692748189
8371,"/kaggle/input/datasets/arafatrahmann/my-data221/Epic and CSCR hospital Dataset/Train/pituitary/Te-pi_0160.jpg",3,pituitary,3,pituitary,0.0062776147,0.0088781100,0.0058418429,0.9790023565
8372,"/kaggle/input/datasets/arafatrahmann/my-data221/Epic and CSCR hospital Dataset/Train/pituitary/Te-pi_0161.jpg",3,pituitary,3,pituitary,0.0077029266,0.0116892532,0.0052221781,0.9753855467
8373,"/kaggle/input/datasets/arafatrahmann/my-data221/Epic and CSCR hospital Dataset/Train/pituitary/Te-pi_0171.jpg",3,pituitary,3,pituitary,0.0075303451,0.0218659602,0.0052786162,0.9653250575
8377,"/kaggle/input/datasets/arafatrahmann/my-data221/Epic and CSCR hospital Dataset/Train/pituitary/Te-pi_0175.jpg",3,pituitary,3,pituitary,0.0071587563,0.0118337171,0.0059607523,0.9750467539
8380,"/kaggle/input/datasets/arafatrahmann/my-data221/Epic and CSCR hospital Dataset/Train/pituitary/Te-pi_0178.jpg",3,pituitary,3,pituitary,0.0092177158,0.0145280389,0.0051744431,0.9710798264
8384,"/kaggle/input/datasets/arafatrahmann/my-data221/Epic and CSCR hospital Dataset/Train/pituitary/Te-pi_0182.jpg",3,pituitary,3,pituitary,0.0065696002,0.0089084515,0.0060543879,0.9784675837
8389,"/kaggle/input/datasets/arafatrahmann/my-data221/Epic and CSCR hospital Dataset/Train/pituitary/Te-pi_0187.jpg",3,pituitary,3,pituitary,0.0077833617,0.0135973217,0.0049671796,0.9736521840
8392,"/kaggle/input/datasets/arafatrahmann/my-data221/Epic and CSCR hospital Dataset/Train/pituitary/Te-pi_0190.jpg",3,pituitary,3,pituitary,0.0090372246,0.0131064262,0.0049259220,0.9729304314
8393,"/kaggle/input/datasets/arafatrahmann/my-data221/Epic and CSCR hospital Dataset/Train/pituitary/Te-pi_0191.jpg",3,pituitary,3,pituitary,0.0083289873,0.0124309147,0.0060957633,0.9731443524
8399,"/kaggle/input/datasets/arafatrahmann/my-data221/Epic and CSCR hospital Dataset/Train/pituitary/Te-pi_0197.jpg",3,pituitary,3,pituitary,0.0068376833,0.0113699539,0.0066669323,0.9751254320
8403,"/kaggle/input/datasets/arafatrahmann/my-data221/Epic and CSCR hospital Dataset/Train/pituitary/Te-pi_0201.jpg",3,pituitary,3,pituitary,0.0068834932,0.0084746182,0.0060125757,0.9786292911
8405,"/kaggle/input/datasets/arafatrahmann/my-data221/Epic and CSCR hospital Dataset/Train/pituitary/Te-pi_0203.jpg",3,pituitary,3,pituitary,0.0064712316,0.0082306415,0.0057909172,0.9795071483
8412,"/kaggle/input/datasets/arafatrahmann/my-data221/Epic and CSCR hospital Dataset/Train/pituitary/Tr-pi_0048.jpg",3,pituitary,3,pituitary,0.0060767033,0.0074902750,0.0064157350,0.9800173044
8420,"/kaggle/input/datasets/arafatrahmann/my-data221/Epic and CSCR hospital Dataset/Train/pituitary/Tr-pi_0056.jpg",3,pituitary,3,pituitary,0.0067155436,0.0083412938,0.0060771466,0.9788659811
8424,"/kaggle/input/datasets/arafatrahmann/my-data221/Epic and CSCR hospital Dataset/Train/pituitary/Tr-pi_0082.jpg",3,pituitary,3,pituitary,0.0063525462,0.0081458772,0.0062371604,0.9792644382
8430,"/kaggle/input/datasets/arafatrahmann/my-data221/Epic and CSCR hospital Dataset/Train/pituitary/Tr-pi_0088.jpg",3,pituitary,3,pituitary,0.0055275122,0.0071843853,0.0055503589,0.9817377329
8435,"/kaggle/input/datasets/arafatrahmann/my-data221/Epic and CSCR hospital Dataset/Train/pituitary/Tr-pi_0093.jpg",3,pituitary,3,pituitary,0.0058858129,0.0077565424,0.0056922575,0.9806653857
8436,"/kaggle/input/datasets/arafatrahmann/my-data221/Epic and CSCR hospital Dataset/Train/pituitary/Tr-pi_0094.jpg",3,pituitary,3,pituitary,0.0067769377,0.0083750375,0.0060778121,0.9787701368
8439,"/kaggle/input/datasets/arafatrahmann/my-data221/Epic and CSCR hospital Dataset/Train/pituitary/Tr-pi_0097.jpg",3,pituitary,3,pituitary,0.0065633664,0.0076374910,0.0060106255,0.9797884822
8442,"/kaggle/input/datasets/arafatrahmann/my-data221/Epic and CSCR hospital Dataset/Train/pituitary/Tr-pi_0100.jpg",3,pituitary,3,pituitary,0.0067668767,0.0100960173,0.0073334398,0.9758035541
8443,"/kaggle/input/datasets/arafatrahmann/my-data221/Epic and CSCR hospital Dataset/Train/pituitary/Tr-pi_0101.jpg",3,pituitary,3,pituitary,0.0061901384,0.0079061873,0.0056987950,0.9802048802
8448,"/kaggle/input/datasets/arafatrahmann/my-data221/Epic and CSCR hospital Dataset/Train/pituitary/Tr-pi_0106.jpg",3,pituitary,3,pituitary,0.0060047386,0.0070335148,0.0058287797,0.9811329842
8450,"/kaggle/input/datasets/arafatrahmann/my-data221/Epic and CSCR hospital Dataset/Train/pituitary/Tr-pi_0108.jpg",3,pituitary,3,pituitary,0.0062853312,0.0073320321,0.0060098665,0.9803727269
8453,"/kaggle/input/datasets/arafatrahmann/my-data221/Epic and CSCR hospital Dataset/Train/pituitary/Tr-pi_0111.jpg",3,pituitary,3,pituitary,0.0079945438,0.0095399600,0.0058180187,0.9766474962
8461,"/kaggle/input/datasets/arafatrahmann/my-data221/Epic and CSCR hospital Dataset/Train/pituitary/Tr-pi_0119.jpg",3,pituitary,3,pituitary,0.0064561712,0.0080794822,0.0064940350,0.9789702296
8464,"/kaggle/input/datasets/arafatrahmann/my-data221/Epic and CSCR hospital Dataset/Train/pituitary/Tr-pi_0122.jpg",3,pituitary,3,pituitary,0.0064215558,0.0108708441,0.0064509762,0.9762566686
8465,"/kaggle/input/datasets/arafatrahmann/my-data221/Epic and CSCR hospital Dataset/Train/pituitary/Tr-pi_0123.jpg",3,pituitary,3,pituitary,0.0083065368,0.0131997736,0.0059017655,0.9725918770
8467,"/kaggle/input/datasets/arafatrahmann/my-data221/Epic and CSCR hospital Dataset/Train/pituitary/Tr-pi_0125.jpg",3,pituitary,3,pituitary,0.0061631571,0.0095854811,0.0065808757,0.9776705503
8477,"/kaggle/input/datasets/arafatrahmann/my-data221/Epic and CSCR hospital Dataset/Train/pituitary/Tr-pi_0136.jpg",3,pituitary,3,pituitary,0.0063755796,0.0084137293,0.0058374847,0.9793732762
8487,"/kaggle/input/datasets/arafatrahmann/my-data221/Epic and CSCR hospital Dataset/Train/pituitary/Tr-pi_0146.jpg",3,pituitary,3,pituitary,0.0064531029,0.0082416590,0.0058500939,0.9794551730
8488,"/kaggle/input/datasets/arafatrahmann/my-data221/Epic and CSCR hospital Dataset/Train/pituitary/Tr-pi_0147.jpg",3,pituitary,3,pituitary,0.0060442565,0.0073194564,0.0059288880,0.9807074666
8489,"/kaggle/input/datasets/arafatrahmann/my-data221/Epic and CSCR hospital Dataset/Train/pituitary/Tr-pi_0148.jpg",3,pituitary,3,pituitary,0.0061734924,0.0075011542,0.0061701424,0.9801552892
8497,"/kaggle/input/datasets/arafatrahmann/my-data221/Epic and CSCR hospital Dataset/Train/pituitary/Tr-pi_0156.jpg",3,pituitary,3,pituitary,0.0067481422,0.0143354982,0.0063809738,0.9725354314
8502,"/kaggle/input/datasets/arafatrahmann/my-data221/Epic and CSCR hospital Dataset/Train/pituitary/Tr-pi_0161.jpg",3,pituitary,3,pituitary,0.0072552711,0.0106678167,0.0058680000,0.9762089849
8503,"/kaggle/input/datasets/arafatrahmann/my-data221/Epic and CSCR hospital Dataset/Train/pituitary/Tr-pi_0162.jpg",3,pituitary,3,pituitary,0.0065273321,0.0089285830,0.0061084977,0.9784355164
8511,"/kaggle/input/datasets/arafatrahmann/my-data221/Epic and CSCR hospital Dataset/Train/pituitary/Tr-pi_0170.jpg",3,pituitary,3,pituitary,0.0055140839,0.0067953719,0.0058835074,0.9818070531
8513,"/kaggle/input/datasets/arafatrahmann/my-data221/Epic and CSCR hospital Dataset/Train/pituitary/Tr-pi_0172.jpg",3,pituitary,3,pituitary,0.0059958361,0.0074461303,0.0060331924,0.9805247188
8520,"/kaggle/input/datasets/arafatrahmann/my-data221/Epic and CSCR hospital Dataset/Train/pituitary/Tr-pi_0179.jpg",3,pituitary,3,pituitary,0.0063637323,0.0072425380,0.0063137650,0.9800800085
8522,"/kaggle/input/datasets/arafatrahmann/my-data221/Epic and CSCR hospital Dataset/Train/pituitary/Tr-pi_0181.jpg",3,pituitary,3,pituitary,0.0064209132,0.0085111763,0.0057988865,0.9792690277
8525,"/kaggle/input/datasets/arafatrahmann/my-data221/Epic and CSCR hospital Dataset/Train/pituitary/Tr-pi_0184.jpg",3,pituitary,3,pituitary,0.0057077412,0.0073041692,0.0053300420,0.9816579819
8534,"/kaggle/input/datasets/arafatrahmann/my-data221/Epic and CSCR hospital Dataset/Train/pituitary/Tr-pi_0193.jpg",3,pituitary,3,pituitary,0.0064111538,0.0101548070,0.0071217539,0.9763122797
8545,"/kaggle/input/datasets/arafatrahmann/my-data221/Epic and CSCR hospital Dataset/Train/pituitary/Tr-pi_0204.jpg",3,pituitary,3,pituitary,0.0062311781,0.0081410222,0.0069279643,0.9786998630
8549,"/kaggle/input/datasets/arafatrahmann/my-data221/Epic and CSCR hospital Dataset/Train/pituitary/Tr-pi_0208.jpg",3,pituitary,3,pituitary,0.0061433739,0.0083207609,0.0060980232,0.9794377089
8558,"/kaggle/input/datasets/arafatrahmann/my-data221/Epic and CSCR hospital Dataset/Train/pituitary/Tr-pi_0217.jpg",3,pituitary,3,pituitary,0.0060334904,0.0088479118,0.0064670644,0.9786514044
8561,"/kaggle/input/datasets/arafatrahmann/my-data221/Epic and CSCR hospital Dataset/Train/pituitary/Tr-pi_0220.jpg",3,pituitary,3,pituitary,0.0061579747,0.0072270310,0.0064515709,0.9801633954
8562,"/kaggle/input/datasets/arafatrahmann/my-data221/Epic and CSCR hospital Dataset/Train/pituitary/Tr-pi_0221.jpg",3,pituitary,3,pituitary,0.0063021295,0.0074532465,0.0064165620,0.9798280597
8565,"/kaggle/input/datasets/arafatrahmann/my-data221/Epic and CSCR hospital Dataset/Train/pituitary/Tr-pi_0224.jpg",3,pituitary,3,pituitary,0.0063409144,0.0072820620,0.0062500597,0.9801269770
8568,"/kaggle/input/datasets/arafatrahmann/my-data221/Epic and CSCR hospital Dataset/Train/pituitary/Tr-pi_0227.jpg",3,pituitary,3,pituitary,0.0065732896,0.0083167013,0.0063495436,0.9787604213
8579,"/kaggle/input/datasets/arafatrahmann/my-data221/Epic and CSCR hospital Dataset/Train/pituitary/Tr-pi_0238.jpg",3,pituitary,3,pituitary,0.0062035690,0.0075437007,0.0060908408,0.9801619649
8580,"/kaggle/input/datasets/arafatrahmann/my-data221/Epic and CSCR hospital Dataset/Train/pituitary/Tr-pi_0239.jpg",3,pituitary,3,pituitary,0.0064820298,0.0076978630,0.0062505580,0.9795696139
8585,"/kaggle/input/datasets/arafatrahmann/my-data221/Epic and CSCR hospital Dataset/Train/pituitary/Tr-pi_0244.jpg",3,pituitary,3,pituitary,0.0066293813,0.0085730823,0.0063604927,0.9784371257
8586,"/kaggle/input/datasets/arafatrahmann/my-data221/Epic and CSCR hospital Dataset/Train/pituitary/Tr-pi_0245.jpg",3,pituitary,3,pituitary,0.0093025090,0.0099518150,0.0070498036,0.9736958742
8590,"/kaggle/input/datasets/arafatrahmann/my-data221/Epic and CSCR hospital Dataset/Train/pituitary/Tr-pi_0249.jpg",3,pituitary,3,pituitary,0.0061313114,0.0075425766,0.0062793596,0.9800467491
8593,"/kaggle/input/datasets/arafatrahmann/my-data221/Epic and CSCR hospital Dataset/Train/pituitary/Tr-pi_0252.jpg",3,pituitary,3,pituitary,0.0072325319,0.0085231187,0.0063642533,0.9778801203
8596,"/kaggle/input/datasets/arafatrahmann/my-data221/Epic and CSCR hospital Dataset/Train/pituitary/Tr-pi_0255.jpg",3,pituitary,3,pituitary,0.0068859374,0.0100046219,0.0057524429,0.9773569107
8611,"/kaggle/input/datasets/arafatrahmann/my-data221/Epic and CSCR hospital Dataset/Train/pituitary/Tr-pi_0270.jpg",3,pituitary,3,pituitary,0.0069640242,0.0099811740,0.0062163235,0.9768384695
8614,"/kaggle/input/datasets/arafatrahmann/my-data221/Epic and CSCR hospital Dataset/Train/pituitary/Tr-pi_0273.jpg",3,pituitary,3,pituitary,0.0067722062,0.0086384248,0.0061507807,0.9784385562
8617,"/kaggle/input/datasets/arafatrahmann/my-data221/Epic and CSCR hospital Dataset/Train/pituitary/Tr-pi_0276.jpg",3,pituitary,3,pituitary,0.0070385076,0.0097688297,0.0056973160,0.9774953127
8625,"/kaggle/input/datasets/arafatrahmann/my-data221/Epic and CSCR hospital Dataset/Train/pituitary/Tr-pi_0284.jpg",3,pituitary,3,pituitary,0.0073389160,0.0094383927,0.0061663496,0.9770563245
8626,"/kaggle/input/datasets/arafatrahmann/my-data221/Epic and CSCR hospital Dataset/Train/pituitary/Tr-pi_0285.jpg",3,pituitary,3,pituitary,0.0067043528,0.0087225568,0.0059263781,0.9786466360
8629,"/kaggle/input/datasets/arafatrahmann/my-data221/Epic and CSCR hospital Dataset/Train/pituitary/Tr-pi_0288.jpg",3,pituitary,3,pituitary,0.0062919417,0.0070363889,0.0062063518,0.9804652929
8636,"/kaggle/input/datasets/arafatrahmann/my-data221/Epic and CSCR hospital Dataset/Train/pituitary/Tr-pi_0295.jpg",3,pituitary,3,pituitary,0.0073805912,0.0095576160,0.0070365956,0.9760252237
8641,"/kaggle/input/datasets/arafatrahmann/my-data221/Epic and CSCR hospital Dataset/Train/pituitary/Tr-pi_0300.jpg",3,pituitary,3,pituitary,0.0075513287,0.0086672977,0.0063375444,0.9774438739
8643,"/kaggle/input/datasets/arafatrahmann/my-data221/Epic and CSCR hospital Dataset/Train/pituitary/Tr-pi_0302.jpg",3,pituitary,3,pituitary,0.0063436017,0.0089055505,0.0056570107,0.9790939093
8647,"/kaggle/input/datasets/arafatrahmann/my-data221/Epic and CSCR hospital Dataset/Train/pituitary/Tr-pi_0306.jpg",3,pituitary,3,pituitary,0.0069888132,0.0084529091,0.0063272947,0.9782310724
8649,"/kaggle/input/datasets/arafatrahmann/my-data221/Epic and CSCR hospital Dataset/Train/pituitary/Tr-pi_0308.jpg",3,pituitary,3,pituitary,0.0068849847,0.0083335545,0.0063896785,0.9783917665
8651,"/kaggle/input/datasets/arafatrahmann/my-data221/Epic and CSCR hospital Dataset/Train/pituitary/Tr-pi_0310.jpg",3,pituitary,3,pituitary,0.0066149756,0.0078525357,0.0062784078,0.9792541265
8656,"/kaggle/input/datasets/arafatrahmann/my-data221/Epic and CSCR hospital Dataset/Train/pituitary/Tr-pi_0315.jpg",3,pituitary,3,pituitary,0.0066054859,0.0082476959,0.0062818727,0.9788648486
8660,"/kaggle/input/datasets/arafatrahmann/my-data221/Epic and CSCR hospital Dataset/Train/pituitary/Tr-pi_0319.jpg",3,pituitary,3,pituitary,0.0069314241,0.0096926102,0.0060914457,0.9772845507
8662,"/kaggle/input/datasets/arafatrahmann/my-data221/Epic and CSCR hospital Dataset/Train/pituitary/Tr-pi_0321.jpg",3,pituitary,3,pituitary,0.0069278209,0.0093033966,0.0060509914,0.9777178764
8672,"/kaggle/input/datasets/arafatrahmann/my-data221/Epic and CSCR hospital Dataset/Train/pituitary/Tr-pi_0331.jpg",3,pituitary,3,pituitary,0.0064955344,0.0097663514,0.0060054217,0.9777326584
8676,"/kaggle/input/datasets/arafatrahmann/my-data221/Epic and CSCR hospital Dataset/Train/pituitary/Tr-pi_0335.jpg",3,pituitary,3,pituitary,0.0070024594,0.0092016924,0.0062692701,0.9775265455
8677,"/kaggle/input/datasets/arafatrahmann/my-data221/Epic and CSCR hospital Dataset/Train/pituitary/Tr-pi_0336.jpg",3,pituitary,3,pituitary,0.0065090125,0.0083503928,0.0062791733,0.9788613319
8682,"/kaggle/input/datasets/arafatrahmann/my-data221/Epic and CSCR hospital Dataset/Train/pituitary/Tr-pi_0341.jpg",3,pituitary,3,pituitary,0.0064889723,0.0080194073,0.0062689087,0.9792226553
8691,"/kaggle/input/datasets/arafatrahmann/my-data221/Epic and CSCR hospital Dataset/Train/pituitary/Tr-pi_0350.jpg",3,pituitary,3,pituitary,0.0065000341,0.0075383997,0.0062508718,0.9797106981
8692,"/kaggle/input/datasets/arafatrahmann/my-data221/Epic and CSCR hospital Dataset/Train/pituitary/Tr-pi_0351.jpg",3,pituitary,3,pituitary,0.0065500895,0.0087780589,0.0065025538,0.9781692624
8694,"/kaggle/input/datasets/arafatrahmann/my-data221/Epic and CSCR hospital Dataset/Train/pituitary/Tr-pi_0353.jpg",3,pituitary,3,pituitary,0.0061945594,0.0085756797,0.0067245876,0.9785052538
8701,"/kaggle/input/datasets/arafatrahmann/my-data221/Epic and CSCR hospital Dataset/Train/pituitary/Tr-pi_0360.jpg",3,pituitary,3,pituitary,0.0063340389,0.0087627871,0.0060866498,0.9788166285
8705,"/kaggle/input/datasets/arafatrahmann/my-data221/Epic and CSCR hospital Dataset/Train/pituitary/Tr-pi_0364.jpg",3,pituitary,3,pituitary,0.0066226693,0.0080024330,0.0062542954,0.9791205525
8706,"/kaggle/input/datasets/arafatrahmann/my-data221/Epic and CSCR hospital Dataset/Train/pituitary/Tr-pi_0365.jpg",3,pituitary,3,pituitary,0.0066095954,0.0075417086,0.0064039631,0.9794446826
8713,"/kaggle/input/datasets/arafatrahmann/my-data221/Epic and CSCR hospital Dataset/Train/pituitary/Tr-pi_0372.jpg",3,pituitary,3,pituitary,0.0060721310,0.0072563388,0.0063095177,0.9803620577
8714,"/kaggle/input/datasets/arafatrahmann/my-data221/Epic and CSCR hospital Dataset/Train/pituitary/Tr-pi_0373.jpg",3,pituitary,3,pituitary,0.0058782627,0.0077520870,0.0060164439,0.9803532362
8721,"/kaggle/input/datasets/arafatrahmann/my-data221/Epic and CSCR hospital Dataset/Train/pituitary/Tr-pi_0380.jpg",3,pituitary,3,pituitary,0.0062043699,0.0084589859,0.0056951693,0.9796414375
8723,"/kaggle/input/datasets/arafatrahmann/my-data221/Epic and CSCR hospital Dataset/Train/pituitary/Tr-pi_0382.jpg",3,pituitary,3,pituitary,0.0062163444,0.0078527564,0.0060471809,0.9798837900
8725,"/kaggle/input/datasets/arafatrahmann/my-data221/Epic and CSCR hospital Dataset/Train/pituitary/Tr-pi_0384.jpg",3,pituitary,3,pituitary,0.0063912282,0.0088293133,0.0058519328,0.9789276123
8728,"/kaggle/input/datasets/arafatrahmann/my-data221/Epic and CSCR hospital Dataset/Train/pituitary/Tr-pi_0387.jpg",3,pituitary,3,pituitary,0.0061519067,0.0074425777,0.0058563226,0.9805491567
8738,"/kaggle/input/datasets/arafatrahmann/my-data221/Epic and CSCR hospital Dataset/Train/pituitary/Tr-pi_0397.jpg",3,pituitary,3,pituitary,0.0063651577,0.0089541394,0.0058234972,0.9788572192
8740,"/kaggle/input/datasets/arafatrahmann/my-data221/Epic and CSCR hospital Dataset/Train/pituitary/Tr-pi_0399.jpg",3,pituitary,3,pituitary,0.0064528086,0.0080257487,0.0057870569,0.9797344208
8743,"/kaggle/input/datasets/arafatrahmann/my-data221/Epic and CSCR hospital Dataset/Train/pituitary/Tr-pi_0402.jpg",3,pituitary,3,pituitary,0.0062555471,0.0085938433,0.0058299699,0.9793206453
8745,"/kaggle/input/datasets/arafatrahmann/my-data221/Epic and CSCR hospital Dataset/Train/pituitary/Tr-pi_0404.jpg",3,pituitary,3,pituitary,0.0065453956,0.0090751322,0.0059943926,0.9783849716
8750,"/kaggle/input/datasets/arafatrahmann/my-data221/Epic and CSCR hospital Dataset/Train/pituitary/Tr-pi_0409.jpg",3,pituitary,3,pituitary,0.0063453889,0.0088459551,0.0059121125,0.9788964987
8755,"/kaggle/input/datasets/arafatrahmann/my-data221/Epic and CSCR hospital Dataset/Train/pituitary/Tr-pi_0414.jpg",3,pituitary,3,pituitary,0.0065168673,0.0079354029,0.0061719706,0.9793758392
8756,"/kaggle/input/datasets/arafatrahmann/my-data221/Epic and CSCR hospital Dataset/Train/pituitary/Tr-pi_0415.jpg",3,pituitary,3,pituitary,0.0065622805,0.0080994982,0.0061826990,0.9791555405
8775,"/kaggle/input/datasets/arafatrahmann/my-data221/Epic and CSCR hospital Dataset/Train/pituitary/Tr-pi_0434.jpg",3,pituitary,3,pituitary,0.0072968081,0.0076530627,0.0075714104,0.9774788022
8786,"/kaggle/input/datasets/arafatrahmann/my-data221/Epic and CSCR hospital Dataset/Train/pituitary/Tr-pi_0445.jpg",3,pituitary,3,pituitary,0.0068305717,0.0091645373,0.0060571535,0.9779478312
8788,"/kaggle/input/datasets/arafatrahmann/my-data221/Epic and CSCR hospital Dataset/Train/pituitary/Tr-pi_0447.jpg",3,pituitary,3,pituitary,0.0079893880,0.0108707715,0.0058835978,0.9752562642
8791,"/kaggle/input/datasets/arafatrahmann/my-data221/Epic and CSCR hospital Dataset/Train/pituitary/Tr-pi_0450.jpg",3,pituitary,3,pituitary,0.0064793853,0.0087100025,0.0059370990,0.9788736105
8797,"/kaggle/input/datasets/arafatrahmann/my-data221/Epic and CSCR hospital Dataset/Train/pituitary/Tr-pi_0456.jpg",3,pituitary,3,pituitary,0.0069908374,0.0092106126,0.0062245354,0.9775739908
8807,"/kaggle/input/datasets/arafatrahmann/my-data221/Epic and CSCR hospital Dataset/Train/pituitary/Tr-pi_0466.jpg",3,pituitary,3,pituitary,0.0061174897,0.0082267653,0.0065294812,0.9791262746
8809,"/kaggle/input/datasets/arafatrahmann/my-data221/Epic and CSCR hospital Dataset/Train/pituitary/Tr-pi_0468.jpg",3,pituitary,3,pituitary,0.0072424570,0.0096717365,0.0056929579,0.9773928523
8813,"/kaggle/input/datasets/arafatrahmann/my-data221/Epic and CSCR hospital Dataset/Train/pituitary/Tr-pi_0472.jpg",3,pituitary,3,pituitary,0.0060206861,0.0082428679,0.0057950476,0.9799414873
8819,"/kaggle/input/datasets/arafatrahmann/my-data221/Epic and CSCR hospital Dataset/Train/pituitary/Tr-pi_0478.jpg",3,pituitary,3,pituitary,0.0073797316,0.0085300924,0.0062869727,0.9778032303
8825,"/kaggle/input/datasets/arafatrahmann/my-data221/Epic and CSCR hospital Dataset/Train/pituitary/Tr-pi_0484.jpg",3,pituitary,3,pituitary,0.0118668834,0.0185282324,0.0058220555,0.9637829065
8828,"/kaggle/input/datasets/arafatrahmann/my-data221/Epic and CSCR hospital Dataset/Train/pituitary/Tr-pi_0487.jpg",3,pituitary,3,pituitary,0.0094057387,0.0163053609,0.0062255403,0.9680633545
8831,"/kaggle/input/datasets/arafatrahmann/my-data221/Epic and CSCR hospital Dataset/Train/pituitary/Tr-pi_0490.jpg",3,pituitary,3,pituitary,0.0071039023,0.0102060270,0.0062998012,0.9763902426
8835,"/kaggle/input/datasets/arafatrahmann/my-data221/Epic and CSCR hospital Dataset/Train/pituitary/Tr-pi_0494.jpg",3,pituitary,3,pituitary,0.0108538233,0.0191691276,0.0055894246,0.9643877149
8846,"/kaggle/input/datasets/arafatrahmann/my-data221/Epic and CSCR hospital Dataset/Train/pituitary/Tr-pi_0505.jpg",3,pituitary,3,pituitary,0.0091460375,0.0165456012,0.0050284350,0.9692799449
8847,"/kaggle/input/datasets/arafatrahmann/my-data221/Epic and CSCR hospital Dataset/Train/pituitary/Tr-pi_0506.jpg",3,pituitary,3,pituitary,0.0095302854,0.0156261176,0.0052652890,0.9695782661
8857,"/kaggle/input/datasets/arafatrahmann/my-data221/Epic and CSCR hospital Dataset/Train/pituitary/Tr-pi_0516.jpg",3,pituitary,3,pituitary,0.0063231140,0.0085013174,0.0059479224,0.9792276621
8863,"/kaggle/input/datasets/arafatrahmann/my-data221/Epic and CSCR hospital Dataset/Train/pituitary/Tr-pi_0522.jpg",3,pituitary,3,pituitary,0.0060315821,0.0073148906,0.0058125658,0.9808409810
8869,"/kaggle/input/datasets/arafatrahmann/my-data221/Epic and CSCR hospital Dataset/Train/pituitary/Tr-pi_0528.jpg",3,pituitary,3,pituitary,0.0063255117,0.0083397720,0.0061833067,0.9791514277
8874,"/kaggle/input/datasets/arafatrahmann/my-data221/Epic and CSCR hospital Dataset/Train/pituitary/Tr-pi_0533.jpg",3,pituitary,3,pituitary,0.0076938742,0.0121958312,0.0066982075,0.9734121561
8875,"/kaggle/input/datasets/arafatrahmann/my-data221/Epic and CSCR hospital Dataset/Train/pituitary/Tr-pi_0534.jpg",3,pituitary,3,pituitary,0.0075644753,0.0111727770,0.0064541623,0.9748085737
8881,"/kaggle/input/datasets/arafatrahmann/my-data221/Epic and CSCR hospital Dataset/Train/pituitary/Tr-pi_0540.jpg",3,pituitary,3,pituitary,0.0063415826,0.0078140777,0.0065388209,0.9793054461
8885,"/kaggle/input/datasets/arafatrahmann/my-data221/Epic and CSCR hospital Dataset/Train/pituitary/Tr-pi_0544.jpg",3,pituitary,3,pituitary,0.0072229095,0.0123775965,0.0047249817,0.9756745100
8886,"/kaggle/input/datasets/arafatrahmann/my-data221/Epic and CSCR hospital Dataset/Train/pituitary/Tr-pi_0545.jpg",3,pituitary,3,pituitary,0.0061311731,0.0086894631,0.0062114960,0.9789678454
8897,"/kaggle/input/datasets/arafatrahmann/my-data221/Epic and CSCR hospital Dataset/Train/pituitary/Tr-pi_0556.jpg",3,pituitary,3,pituitary,0.0064648949,0.0148485554,0.0063342727,0.9723521471
8901,"/kaggle/input/datasets/arafatrahmann/my-data221/Epic and CSCR hospital Dataset/Train/pituitary/Tr-pi_0560.jpg",3,pituitary,3,pituitary,0.0064101135,0.0092714522,0.0065118684,0.9778065681
8904,"/kaggle/input/datasets/arafatrahmann/my-data221/Epic and CSCR hospital Dataset/Train/pituitary/Tr-pi_0563.jpg",3,pituitary,3,pituitary,0.0071105263,0.0097834421,0.0058500320,0.9772559404
8908,"/kaggle/input/datasets/arafatrahmann/my-data221/Epic and CSCR hospital Dataset/Train/pituitary/Tr-pi_0567.jpg",3,pituitary,3,pituitary,0.0091181099,0.0132498872,0.0057881684,0.9718438983
8925,"/kaggle/input/datasets/arafatrahmann/my-data221/Epic and CSCR hospital Dataset/Train/pituitary/Tr-pi_0584.jpg",3,pituitary,3,pituitary,0.0063102804,0.0093051111,0.0064528077,0.9779317975
8927,"/kaggle/input/datasets/arafatrahmann/my-data221/Epic and CSCR hospital Dataset/Train/pituitary/Tr-pi_0586.jpg",3,pituitary,3,pituitary,0.0067864307,0.0095325196,0.0063692955,0.9773117900
8929,"/kaggle/input/datasets/arafatrahmann/my-data221/Epic and CSCR hospital Dataset/Train/pituitary/Tr-pi_0588.jpg",3,pituitary,3,pituitary,0.0066927746,0.0085370997,0.0059243012,0.9788457751
8934,"/kaggle/input/datasets/arafatrahmann/my-data221/Epic and CSCR hospital Dataset/Train/pituitary/Tr-pi_0593.jpg",3,pituitary,3,pituitary,0.0074820695,0.0120747201,0.0053850343,0.9750581980
8943,"/kaggle/input/datasets/arafatrahmann/my-data221/Epic and CSCR hospital Dataset/Train/pituitary/Tr-pi_0602.jpg",3,pituitary,3,pituitary,0.0059081600,0.0074820803,0.0061136289,0.9804961085
8945,"/kaggle/input/datasets/arafatrahmann/my-data221/Epic and CSCR hospital Dataset/Train/pituitary/Tr-pi_0604.jpg",3,pituitary,3,pituitary,0.0068805022,0.0088163558,0.0063248039,0.9779783487
8967,"/kaggle/input/datasets/arafatrahmann/my-data221/Epic and CSCR hospital Dataset/Train/pituitary/Tr-pi_0626.jpg",3,pituitary,3,pituitary,0.0069321254,0.0102370353,0.0056366562,0.9771943092
8968,"/kaggle/input/datasets/arafatrahmann/my-data221/Epic and CSCR hospital Dataset/Train/pituitary/Tr-pi_0627.jpg",3,pituitary,3,pituitary,0.0086174328,0.0138740633,0.0050526499,0.9724558592
8979,"/kaggle/input/datasets/arafatrahmann/my-data221/Epic and CSCR hospital Dataset/Train/pituitary/Tr-pi_0638.jpg",3,pituitary,3,pituitary,0.0067698718,0.0092739603,0.0060825301,0.9778736830
8983,"/kaggle/input/datasets/arafatrahmann/my-data221/Epic and CSCR hospital Dataset/Train/pituitary/Tr-pi_0642.jpg",3,pituitary,3,pituitary,0.0067626066,0.0086450418,0.0062800371,0.9783123732
8985,"/kaggle/input/datasets/arafatrahmann/my-data221/Epic and CSCR hospital Dataset/Train/pituitary/Tr-pi_0644.jpg",3,pituitary,3,pituitary,0.0062442990,0.0100744879,0.0048355339,0.9788457155
8986,"/kaggle/input/datasets/arafatrahmann/my-data221/Epic and CSCR hospital Dataset/Train/pituitary/Tr-pi_0645.jpg",3,pituitary,3,pituitary,0.0075044362,0.0105723906,0.0055076461,0.9764155149
8989,"/kaggle/input/datasets/arafatrahmann/my-data221/Epic and CSCR hospital Dataset/Train/pituitary/Tr-pi_0648.jpg",3,pituitary,3,pituitary,0.0075009814,0.0125972508,0.0047760829,0.9751256108
8993,"/kaggle/input/datasets/arafatrahmann/my-data221/Epic and CSCR hospital Dataset/Train/pituitary/Tr-pi_0652.jpg",3,pituitary,3,pituitary,0.0075120842,0.0158145390,0.0048230500,0.9718502760
9000,"/kaggle/input/datasets/arafatrahmann/my-data221/Epic and CSCR hospital Dataset/Train/pituitary/Tr-pi_0659.jpg",3,pituitary,3,pituitary,0.0065608062,0.0089961840,0.0056566792,0.9787863493
9023,"/kaggle/input/datasets/arafatrahmann/my-data221/Epic and CSCR hospital Dataset/Train/pituitary/Tr-pi_0682.jpg",3,pituitary,3,pituitary,0.0067847087,0.0087253330,0.0065233260,0.9779666066
9026,"/kaggle/input/datasets/arafatrahmann/my-data221/Epic and CSCR hospital Dataset/Train/pituitary/Tr-pi_0685.jpg",3,pituitary,3,pituitary,0.0080427546,0.0091531975,0.0066318475,0.9761721492
9027,"/kaggle/input/datasets/arafatrahmann/my-data221/Epic and CSCR hospital Dataset/Train/pituitary/Tr-pi_0686.jpg",3,pituitary,3,pituitary,0.0066062883,0.0079487059,0.0065099946,0.9789350629
9037,"/kaggle/input/datasets/arafatrahmann/my-data221/Epic and CSCR hospital Dataset/Train/pituitary/Tr-pi_0696.jpg",3,pituitary,3,pituitary,0.0065659322,0.0078503555,0.0059102434,0.9796735048
9042,"/kaggle/input/datasets/arafatrahmann/my-data221/Epic and CSCR hospital Dataset/Train/pituitary/Tr-pi_0701.jpg",3,pituitary,3,pituitary,0.0063793473,0.0077706343,0.0059083793,0.9799416661
9047,"/kaggle/input/datasets/arafatrahmann/my-data221/Epic and CSCR hospital Dataset/Train/pituitary/Tr-pi_0706.jpg",3,pituitary,3,pituitary,0.0062962500,0.0077334605,0.0059659528,0.9800043106
9048,"/kaggle/input/datasets/arafatrahmann/my-data221/Epic and CSCR hospital Dataset/Train/pituitary/Tr-pi_0707.jpg",3,pituitary,3,pituitary,0.0061760703,0.0075075859,0.0061432645,0.9801731110
9052,"/kaggle/input/datasets/arafatrahmann/my-data221/Epic and CSCR hospital Dataset/Train/pituitary/Tr-pi_0711.jpg",3,pituitary,3,pituitary,0.0073432587,0.0110442489,0.0051597883,0.9764526486
9053,"/kaggle/input/datasets/arafatrahmann/my-data221/Epic and CSCR hospital Dataset/Train/pituitary/Tr-pi_0712.jpg",3,pituitary,3,pituitary,0.0072063222,0.0098030344,0.0060559865,0.9769346118
9055,"/kaggle/input/datasets/arafatrahmann/my-data221/Epic and CSCR hospital Dataset/Train/pituitary/Tr-pi_0714.jpg",3,pituitary,3,pituitary,0.0075602895,0.0104736080,0.0066688024,0.9752973318
9060,"/kaggle/input/datasets/arafatrahmann/my-data221/Epic and CSCR hospital Dataset/Train/pituitary/Tr-pi_0719.jpg",3,pituitary,3,pituitary,0.0067234123,0.0096890908,0.0067875730,0.9767998457
9064,"/kaggle/input/datasets/arafatrahmann/my-data221/Epic and CSCR hospital Dataset/Train/pituitary/Tr-pi_0723.jpg",3,pituitary,3,pituitary,0.0065207765,0.0090715699,0.0061782547,0.9782293439
9074,"/kaggle/input/datasets/arafatrahmann/my-data221/Epic and CSCR hospital Dataset/Train/pituitary/Tr-pi_0733.jpg",3,pituitary,3,pituitary,0.0068363831,0.0105013810,0.0053131590,0.9773491025
9084,"/kaggle/input/datasets/arafatrahmann/my-data221/Epic and CSCR hospital Dataset/Train/pituitary/Tr-pi_0743.jpg",3,pituitary,3,pituitary,0.0064048306,0.0089437384,0.0059078024,0.9787435532
9086,"/kaggle/input/datasets/arafatrahmann/my-data221/Epic and CSCR hospital Dataset/Train/pituitary/Tr-pi_0745.jpg",3,pituitary,3,pituitary,0.0061028176,0.0077923713,0.0061314963,0.9799733162
9101,"/kaggle/input/datasets/arafatrahmann/my-data221/Epic and CSCR hospital Dataset/Train/pituitary/Tr-pi_0760.jpg",3,pituitary,3,pituitary,0.0068826056,0.0108074471,0.0058377222,0.9764721990
9110,"/kaggle/input/datasets/arafatrahmann/my-data221/Epic and CSCR hospital Dataset/Train/pituitary/Tr-pi_0769.jpg",3,pituitary,3,pituitary,0.0066715823,0.0089460583,0.0060046003,0.9783778191
9111,"/kaggle/input/datasets/arafatrahmann/my-data221/Epic and CSCR hospital Dataset/Train/pituitary/Tr-pi_0770.jpg",3,pituitary,3,pituitary,0.0067191957,0.0088882120,0.0061042747,0.9782883525
9112,"/kaggle/input/datasets/arafatrahmann/my-data221/Epic and CSCR hospital Dataset/Train/pituitary/Tr-pi_0771.jpg",3,pituitary,3,pituitary,0.0065100761,0.0088293152,0.0062700873,0.9783903956
9126,"/kaggle/input/datasets/arafatrahmann/my-data221/Epic and CSCR hospital Dataset/Train/pituitary/Tr-pi_0785.jpg",3,pituitary,3,pituitary,0.0061546834,0.0079152761,0.0062114312,0.9797185659
9128,"/kaggle/input/datasets/arafatrahmann/my-data221/Epic and CSCR hospital Dataset/Train/pituitary/Tr-pi_0787.jpg",3,pituitary,3,pituitary,0.0065715886,0.0083643040,0.0064615994,0.9786025286
9129,"/kaggle/input/datasets/arafatrahmann/my-data221/Epic and CSCR hospital Dataset/Train/pituitary/Tr-pi_0788.jpg",3,pituitary,3,pituitary,0.0072714239,0.0109578436,0.0059460783,0.9758246541
9130,"/kaggle/input/datasets/arafatrahmann/my-data221/Epic and CSCR hospital Dataset/Train/pituitary/Tr-pi_0789.jpg",3,pituitary,3,pituitary,0.0069748340,0.0096893990,0.0057056695,0.9776301384
9135,"/kaggle/input/datasets/arafatrahmann/my-data221/Epic and CSCR hospital Dataset/Train/pituitary/Tr-pi_0794.jpg",3,pituitary,3,pituitary,0.0091805290,0.0155663360,0.0061637331,0.9690893888
9140,"/kaggle/input/datasets/arafatrahmann/my-data221/Epic and CSCR hospital Dataset/Train/pituitary/Tr-pi_0799.jpg",3,pituitary,3,pituitary,0.0072275409,0.0096135503,0.0061651887,0.9769936800
9142,"/kaggle/input/datasets/arafatrahmann/my-data221/Epic and CSCR hospital Dataset/Train/pituitary/Tr-pi_0801.jpg",3,pituitary,3,pituitary,0.0067695454,0.0094093848,0.0061314711,0.9776895642
9157,"/kaggle/input/datasets/arafatrahmann/my-data221/Epic and CSCR hospital Dataset/Train/pituitary/Tr-pi_0951.jpg",3,pituitary,3,pituitary,0.0060450118,0.0092064654,0.0067448951,0.9780036211
9160,"/kaggle/input/datasets/arafatrahmann/my-data221/Epic and CSCR hospital Dataset/Train/pituitary/Tr-pi_0954.jpg",3,pituitary,3,pituitary,0.0065287962,0.0095016221,0.0067351805,0.9772344828
9168,"/kaggle/input/datasets/arafatrahmann/my-data221/Epic and CSCR hospital Dataset/Train/pituitary/Tr-pi_0992.jpg",3,pituitary,3,pituitary,0.0066221482,0.0088051371,0.0055383835,0.9790343046
9170,"/kaggle/input/datasets/arafatrahmann/my-data221/Epic and CSCR hospital Dataset/Train/pituitary/Tr-pi_0994.jpg",3,pituitary,3,pituitary,0.0068854117,0.0091197956,0.0065395683,0.9774552584
9171,"/kaggle/input/datasets/arafatrahmann/my-data221/Epic and CSCR hospital Dataset/Train/pituitary/Tr-pi_0995.jpg",3,pituitary,3,pituitary,0.0079021510,0.0134783862,0.0071020154,0.9715175629
9177,"/kaggle/input/datasets/arafatrahmann/my-data221/Epic and CSCR hospital Dataset/Train/pituitary/Tr-pi_1001.jpg",3,pituitary,3,pituitary,0.0064905747,0.0079082660,0.0059939059,0.9796072245
9178,"/kaggle/input/datasets/arafatrahmann/my-data221/Epic and CSCR hospital Dataset/Train/pituitary/Tr-pi_1002.jpg",3,pituitary,3,pituitary,0.0063068755,0.0090712458,0.0062954449,0.9783264399
9182,"/kaggle/input/datasets/arafatrahmann/my-data221/Epic and CSCR hospital Dataset/Train/pituitary/Tr-pi_1006.jpg",3,pituitary,3,pituitary,0.0068996446,0.0096184919,0.0058211917,0.9776607752
9186,"/kaggle/input/datasets/arafatrahmann/my-data221/Epic and CSCR hospital Dataset/Train/pituitary/Tr-pi_1010.jpg",3,pituitary,3,pituitary,0.0075433268,0.0116295544,0.0052170628,0.9756100774
9191,"/kaggle/input/datasets/arafatrahmann/my-data221/Epic and CSCR hospital Dataset/Train/pituitary/Tr-pi_1015.jpg",3,pituitary,3,pituitary,0.0081786877,0.0160818510,0.0046769823,0.9710624814
9205,"/kaggle/input/datasets/arafatrahmann/my-data221/Epic and CSCR hospital Dataset/Train/pituitary/Tr-pi_1029.jpg",3,pituitary,3,pituitary,0.0068054125,0.0094421906,0.0062422343,0.9775101542
9208,"/kaggle/input/datasets/arafatrahmann/my-data221/Epic and CSCR hospital Dataset/Train/pituitary/Tr-pi_1032.jpg",3,pituitary,3,pituitary,0.0089195129,0.0097978739,0.0065926327,0.9746900797
9211,"/kaggle/input/datasets/arafatrahmann/my-data221/Epic and CSCR hospital Dataset/Train/pituitary/Tr-pi_1035.jpg",3,pituitary,3,pituitary,0.0063432991,0.0088171223,0.0059596091,0.9788800478
9225,"/kaggle/input/datasets/arafatrahmann/my-data221/Epic and CSCR hospital Dataset/Train/pituitary/Tr-pi_1052.jpg",3,pituitary,3,pituitary,0.0060324641,0.0076187528,0.0061802962,0.9801685214
9232,"/kaggle/input/datasets/arafatrahmann/my-data221/Epic and CSCR hospital Dataset/Train/pituitary/Tr-pi_1059.jpg",3,pituitary,3,pituitary,0.0065032332,0.0084373085,0.0061185537,0.9789408445
9235,"/kaggle/input/datasets/arafatrahmann/my-data221/Epic and CSCR hospital Dataset/Train/pituitary/Tr-pi_1062.jpg",3,pituitary,3,pituitary,0.0072148032,0.0102678593,0.0059059178,0.9766114354
9242,"/kaggle/input/datasets/arafatrahmann/my-data221/Epic and CSCR hospital Dataset/Train/pituitary/Tr-pi_1069.jpg",3,pituitary,3,pituitary,0.0061055729,0.0080483854,0.0068822689,0.9789638519
9248,"/kaggle/input/datasets/arafatrahmann/my-data221/Epic and CSCR hospital Dataset/Train/pituitary/Tr-pi_1075.jpg",3,pituitary,3,pituitary,0.0076048351,0.0122066755,0.0049885670,0.9751998782
9252,"/kaggle/input/datasets/arafatrahmann/my-data221/Epic and CSCR hospital Dataset/Train/pituitary/Tr-pi_1079.jpg",3,pituitary,3,pituitary,0.0077902740,0.0130093340,0.0052325362,0.9739679098
9255,"/kaggle/input/datasets/arafatrahmann/my-data221/Epic and CSCR hospital Dataset/Train/pituitary/Tr-pi_1082.jpg",3,pituitary,3,pituitary,0.0081691826,0.0117665008,0.0064239823,0.9736403227
9256,"/kaggle/input/datasets/arafatrahmann/my-data221/Epic and CSCR hospital Dataset/Train/pituitary/Tr-pi_1083.jpg",3,pituitary,3,pituitary,0.0074602412,0.0105080381,0.0053386902,0.9766930342
9261,"/kaggle/input/datasets/arafatrahmann/my-data221/Epic and CSCR hospital Dataset/Train/pituitary/Tr-pi_1088.jpg",3,pituitary,3,pituitary,0.0090563688,0.0145330029,0.0055336310,0.9708769917
9264,"/kaggle/input/datasets/arafatrahmann/my-data221/Epic and CSCR hospital Dataset/Train/pituitary/Tr-pi_1092.jpg",3,pituitary,3,pituitary,0.0087854024,0.0139936190,0.0055115623,0.9717094302
9269,"/kaggle/input/datasets/arafatrahmann/my-data221/Epic and CSCR hospital Dataset/Train/pituitary/Tr-pi_1097.jpg",3,pituitary,3,pituitary,0.0066636703,0.0089976788,0.0063256263,0.9780129194
9279,"/kaggle/input/datasets/arafatrahmann/my-data221/Epic and CSCR hospital Dataset/Train/pituitary/Tr-pi_1109.jpg",3,pituitary,3,pituitary,0.0076099979,0.0130043300,0.0047527314,0.9746328592
9282,"/kaggle/input/datasets/arafatrahmann/my-data221/Epic and CSCR hospital Dataset/Train/pituitary/Tr-pi_1112.jpg",3,pituitary,3,pituitary,0.0081136767,0.0180063751,0.0050810487,0.9687988162
9283,"/kaggle/input/datasets/arafatrahmann/my-data221/Epic and CSCR hospital Dataset/Train/pituitary/Tr-pi_1114.jpg",3,pituitary,3,pituitary,0.0072828792,0.0125456508,0.0051516364,0.9750198126
9292,"/kaggle/input/datasets/arafatrahmann/my-data221/Epic and CSCR hospital Dataset/Train/pituitary/Tr-pi_1125.jpg",3,pituitary,3,pituitary,0.0079091778,0.0140433041,0.0048641348,0.9731834531
9295,"/kaggle/input/datasets/arafatrahmann/my-data221/Epic and CSCR hospital Dataset/Train/pituitary/Tr-pi_1128.jpg",3,pituitary,3,pituitary,0.0073046400,0.0131458435,0.0052779615,0.9742715955
9301,"/kaggle/input/datasets/arafatrahmann/my-data221/Epic and CSCR hospital Dataset/Train/pituitary/Tr-pi_1134.jpg",3,pituitary,3,pituitary,0.0058328034,0.0074483403,0.0063666115,0.9803521037
9304,"/kaggle/input/datasets/arafatrahmann/my-data221/Epic and CSCR hospital Dataset/Train/pituitary/Tr-pi_1137.jpg",3,pituitary,3,pituitary,0.0059952708,0.0073570991,0.0072002606,0.9794474840
9316,"/kaggle/input/datasets/arafatrahmann/my-data221/Epic and CSCR hospital Dataset/Train/pituitary/Tr-pi_1149.jpg",3,pituitary,3,pituitary,0.0071664266,0.0096780900,0.0059932596,0.9771622419
9317,"/kaggle/input/datasets/arafatrahmann/my-data221/Epic and CSCR hospital Dataset/Train/pituitary/Tr-pi_1150.jpg",3,pituitary,3,pituitary,0.0075219260,0.0086778644,0.0064937384,0.9773064852
9321,"/kaggle/input/datasets/arafatrahmann/my-data221/Epic and CSCR hospital Dataset/Train/pituitary/Tr-pi_1154.jpg",3,pituitary,3,pituitary,0.0059613632,0.0078353956,0.0065449714,0.9796583056
9334,"/kaggle/input/datasets/arafatrahmann/my-data221/Epic and CSCR hospital Dataset/Train/pituitary/Tr-pi_1167.jpg",3,pituitary,3,pituitary,0.0068493756,0.0086378399,0.0061521260,0.9783607721
9339,"/kaggle/input/datasets/arafatrahmann/my-data221/Epic and CSCR hospital Dataset/Train/pituitary/Tr-pi_1172.jpg",3,pituitary,3,pituitary,0.0065868236,0.0099458043,0.0058194301,0.9776479602
9340,"/kaggle/input/datasets/arafatrahmann/my-data221/Epic and CSCR hospital Dataset/Train/pituitary/Tr-pi_1173.jpg",3,pituitary,3,pituitary,0.0067084087,0.0100082029,0.0058089215,0.9774745107
9343,"/kaggle/input/datasets/arafatrahmann/my-data221/Epic and CSCR hospital Dataset/Train/pituitary/Tr-pi_1176.jpg",3,pituitary,3,pituitary,0.0063630058,0.0078073903,0.0060915118,0.9797380567
9344,"/kaggle/input/datasets/arafatrahmann/my-data221/Epic and CSCR hospital Dataset/Train/pituitary/Tr-pi_1177.jpg",3,pituitary,3,pituitary,0.0063690506,0.0081013069,0.0061565302,0.9793730974
9345,"/kaggle/input/datasets/arafatrahmann/my-data221/Epic and CSCR hospital Dataset/Train/pituitary/Tr-pi_1178.jpg",3,pituitary,3,pituitary,0.0079281395,0.0101885265,0.0060435417,0.9758397937
9346,"/kaggle/input/datasets/arafatrahmann/my-data221/Epic and CSCR hospital Dataset/Train/pituitary/Tr-pi_1179.jpg",3,pituitary,3,pituitary,0.0076147253,0.0099858921,0.0061694365,0.9762298465
9356,"/kaggle/input/datasets/arafatrahmann/my-data221/Epic and CSCR hospital Dataset/Train/pituitary/Tr-pi_1189.jpg",3,pituitary,3,pituitary,0.0067342529,0.0084281694,0.0062054750,0.9786319733
9358,"/kaggle/input/datasets/arafatrahmann/my-data221/Epic and CSCR hospital Dataset/Train/pituitary/Tr-pi_1191.jpg",3,pituitary,3,pituitary,0.0067320494,0.0102491295,0.0059823790,0.9770363569
9361,"/kaggle/input/datasets/arafatrahmann/my-data221/Epic and CSCR hospital Dataset/Train/pituitary/Tr-pi_1194.jpg",3,pituitary,3,pituitary,0.0069247135,0.0080212895,0.0067058550,0.9783481359
9363,"/kaggle/input/datasets/arafatrahmann/my-data221/Epic and CSCR hospital Dataset/Train/pituitary/Tr-pi_1196.jpg",3,pituitary,3,pituitary,0.0073177055,0.0105492156,0.0057576611,0.9763752818
9382,"/kaggle/input/datasets/arafatrahmann/my-data221/Epic and CSCR hospital Dataset/Train/pituitary/Tr-pi_1215.jpg",3,pituitary,3,pituitary,0.0064618597,0.0075128055,0.0065220571,0.9795032740
9387,"/kaggle/input/datasets/arafatrahmann/my-data221/Epic and CSCR hospital Dataset/Train/pituitary/Tr-pi_1220.jpg",3,pituitary,3,pituitary,0.0067729466,0.0097405817,0.0060067251,0.9774797559
9392,"/kaggle/input/datasets/arafatrahmann/my-data221/Epic and CSCR hospital Dataset/Train/pituitary/Tr-pi_1225.jpg",3,pituitary,3,pituitary,0.0065916972,0.0093076453,0.0068452209,0.9772555232
9413,"/kaggle/input/datasets/arafatrahmann/my-data221/Epic and CSCR hospital Dataset/Train/pituitary/Tr-pi_1246.jpg",3,pituitary,3,pituitary,0.0068739252,0.0095666451,0.0060102940,0.9775491953
9438,"/kaggle/input/datasets/arafatrahmann/my-data221/Epic and CSCR hospital Dataset/Train/pituitary/Tr-pi_1278.jpg",3,pituitary,3,pituitary,0.0072455392,0.0112287840,0.0057899249,0.9757358432
9441,"/kaggle/input/datasets/arafatrahmann/my-data221/Epic and CSCR hospital Dataset/Train/pituitary/Tr-pi_1292.jpg",3,pituitary,3,pituitary,0.0063997740,0.0086020436,0.0059349188,0.9790632129
9447,"/kaggle/input/datasets/arafatrahmann/my-data221/Epic and CSCR hospital Dataset/Train/pituitary/Tr-pi_1298.jpg",3,pituitary,3,pituitary,0.0063820267,0.0087297689,0.0065148296,0.9783734083
9455,"/kaggle/input/datasets/arafatrahmann/my-data221/Epic and CSCR hospital Dataset/Train/pituitary/Tr-pi_1306.jpg",3,pituitary,3,pituitary,0.0065296316,0.0083794044,0.0070457635,0.9780452847
9456,"/kaggle/input/datasets/arafatrahmann/my-data221/Epic and CSCR hospital Dataset/Train/pituitary/Tr-pi_1307.jpg",3,pituitary,3,pituitary,0.0063463254,0.0083016930,0.0065691569,0.9787829518
9465,"/kaggle/input/datasets/arafatrahmann/my-data221/Epic and CSCR hospital Dataset/Train/pituitary/Tr-pi_1319.jpg",3,pituitary,3,pituitary,0.0060448055,0.0082469312,0.0058426103,0.9798656702
9468,"/kaggle/input/datasets/arafatrahmann/my-data221/Epic and CSCR hospital Dataset/Train/pituitary/Tr-pi_1323.jpg",3,pituitary,3,pituitary,0.0063757980,0.0085816626,0.0066524469,0.9783900976
9503,"/kaggle/input/datasets/arafatrahmann/my-data221/Epic and CSCR hospital Dataset/Train/pituitary/Tr-pi_1368.jpg",3,pituitary,3,pituitary,0.0064458423,0.0088446001,0.0062132981,0.9784962535
9506,"/kaggle/input/datasets/arafatrahmann/my-data221/Epic and CSCR hospital Dataset/Train/pituitary/Tr-pi_1371.jpg",3,pituitary,3,pituitary,0.0075856396,0.0079556732,0.0072498629,0.9772087336
9512,"/kaggle/input/datasets/arafatrahmann/my-data221/Epic and CSCR hospital Dataset/Train/pituitary/Tr-pi_1390.jpg",3,pituitary,3,pituitary,0.0066531659,0.0079139657,0.0063205683,0.9791123271
9518,"/kaggle/input/datasets/arafatrahmann/my-data221/Epic and CSCR hospital Dataset/Train/pituitary/Tr-pi_1396.jpg",3,pituitary,3,pituitary,0.0065262476,0.0073041255,0.0061331200,0.9800365567
9519,"/kaggle/input/datasets/arafatrahmann/my-data221/Epic and CSCR hospital Dataset/Train/pituitary/Tr-pi_1397.jpg",3,pituitary,3,pituitary,0.0068348697,0.0080650933,0.0061858976,0.9789140821
9526,"/kaggle/input/datasets/arafatrahmann/my-data221/Epic and CSCR hospital Dataset/Train/pituitary/Tr-pi_1406.jpg",3,pituitary,3,pituitary,0.0058732899,0.0079983976,0.0061560059,0.9799722433
9557,"/kaggle/input/datasets/arafatrahmann/my-data221/Epic and CSCR hospital Dataset/Train/pituitary/p (506).jpg",3,pituitary,3,pituitary,0.0063115852,0.0085644666,0.0059439428,0.9791799784
9558,"/kaggle/input/datasets/arafatrahmann/my-data221/Epic and CSCR hospital Dataset/Train/pituitary/p (507).jpg",3,pituitary,3,pituitary,0.0060589472,0.0079998812,0.0060058632,0.9799352884
9562,"/kaggle/input/datasets/arafatrahmann/my-data221/Epic and CSCR hospital Dataset/Train/pituitary/p (511).jpg",3,pituitary,3,pituitary,0.0066096829,0.0089697363,0.0062156641,0.9782049060
9567,"/kaggle/input/datasets/arafatrahmann/my-data221/Epic and CSCR hospital Dataset/Train/pituitary/p (516).jpg",3,pituitary,3,pituitary,0.0062988228,0.0081373714,0.0060663521,0.9794974327
9570,"/kaggle/input/datasets/arafatrahmann/my-data221/Epic and CSCR hospital Dataset/Train/pituitary/p (519).jpg",3,pituitary,3,pituitary,0.0062504872,0.0084245075,0.0066316738,0.9786933064
9571,"/kaggle/input/datasets/arafatrahmann/my-data221/Epic and CSCR hospital Dataset/Train/pituitary/p (520).jpg",3,pituitary,3,pituitary,0.0072725797,0.0097280759,0.0057047284,0.9772945642
9573,"/kaggle/input/datasets/arafatrahmann/my-data221/Epic and CSCR hospital Dataset/Train/pituitary/p (522).jpg",3,pituitary,3,pituitary,0.0065312982,0.0089038964,0.0060408222,0.9785239100
9581,"/kaggle/input/datasets/arafatrahmann/my-data221/Epic and CSCR hospital Dataset/Train/pituitary/p (530).jpg",3,pituitary,3,pituitary,0.0061702700,0.0076116249,0.0061103678,0.9801077843
9590,"/kaggle/input/datasets/arafatrahmann/my-data221/Epic and CSCR hospital Dataset/Train/pituitary/p (539).jpg",3,pituitary,3,pituitary,0.0082040690,0.0147159621,0.0060838461,0.9709960818
9591,"/kaggle/input/datasets/arafatrahmann/my-data221/Epic and CSCR hospital Dataset/Train/pituitary/p (540).jpg",3,pituitary,3,pituitary,0.0071379417,0.0102509996,0.0063106394,0.9763004184
9594,"/kaggle/input/datasets/arafatrahmann/my-data221/Epic and CSCR hospital Dataset/Train/pituitary/p (543).jpg",3,pituitary,3,pituitary,0.0063447924,0.0081379954,0.0058685453,0.9796487093
9597,"/kaggle/input/datasets/arafatrahmann/my-data221/Epic and CSCR hospital Dataset/Train/pituitary/p (546).jpg",3,pituitary,3,pituitary,0.0093910452,0.0155791668,0.0068232431,0.9682065248
9599,"/kaggle/input/datasets/arafatrahmann/my-data221/Epic and CSCR hospital Dataset/Train/pituitary/p (548).jpg",3,pituitary,3,pituitary,0.0065540834,0.0116091277,0.0067593949,0.9750774503
9602,"/kaggle/input/datasets/arafatrahmann/my-data221/Epic and CSCR hospital Dataset/Train/pituitary/p (551).jpg",3,pituitary,3,pituitary,0.0077115134,0.0106138792,0.0057045412,0.9759700894
9604,"/kaggle/input/datasets/arafatrahmann/my-data221/Epic and CSCR hospital Dataset/Train/pituitary/p (553).jpg",3,pituitary,3,pituitary,0.0083960583,0.0161870215,0.0051707523,0.9702461362
9605,"/kaggle/input/datasets/arafatrahmann/my-data221/Epic and CSCR hospital Dataset/Train/pituitary/p (554).jpg",3,pituitary,3,pituitary,0.0088074105,0.0156913977,0.0049106050,0.9705905914
9622,"/kaggle/input/datasets/arafatrahmann/my-data221/Epic and CSCR hospital Dataset/Train/pituitary/p (571).jpg",3,pituitary,3,pituitary,0.0058608740,0.0073118894,0.0056104553,0.9812167883
9627,"/kaggle/input/datasets/arafatrahmann/my-data221/Epic and CSCR hospital Dataset/Train/pituitary/p (576).jpg",3,pituitary,3,pituitary,0.0063257203,0.0074277609,0.0058731483,0.9803732634
9628,"/kaggle/input/datasets/arafatrahmann/my-data221/Epic and CSCR hospital Dataset/Train/pituitary/p (577).jpg",3,pituitary,3,pituitary,0.0060701868,0.0074375817,0.0062372787,0.9802549481
9637,"/kaggle/input/datasets/arafatrahmann/my-data221/Epic and CSCR hospital Dataset/Train/pituitary/p (597).jpg",3,pituitary,3,pituitary,0.0076647401,0.0116111878,0.0073298984,0.9733942151
9643,"/kaggle/input/datasets/arafatrahmann/my-data221/Epic and CSCR hospital Dataset/Train/pituitary/p (603).jpg",3,pituitary,3,pituitary,0.0071382918,0.0107878642,0.0060072653,0.9760665894
9653,"/kaggle/input/datasets/arafatrahmann/my-data221/Epic and CSCR hospital Dataset/Test/glioma/1052.jpg",0,glioma,0,glioma,0.9788204432,0.0061034919,0.0098483032,0.0052277334
9666,"/kaggle/input/datasets/arafatrahmann/my-data221/Epic and CSCR hospital Dataset/Test/glioma/1098.jpg",0,glioma,0,glioma,0.9802486300,0.0050191162,0.0086800810,0.0060521974
9680,"/kaggle/input/datasets/arafatrahmann/my-data221/Epic and CSCR hospital Dataset/Test/glioma/1112.jpg",0,glioma,0,glioma,0.9778338671,0.0068407292,0.0102515277,0.0050738426
9685,"/kaggle/input/datasets/arafatrahmann/my-data221/Epic and CSCR hospital Dataset/Test/glioma/1117.jpg",0,glioma,0,glioma,0.9782239199,0.0049576550,0.0115554063,0.0052630347
9687,"/kaggle/input/datasets/arafatrahmann/my-data221/Epic and CSCR hospital Dataset/Test/glioma/1119.jpg",0,glioma,0,glioma,0.9799284935,0.0059317630,0.0085096424,0.0056300377
9694,"/kaggle/input/datasets/arafatrahmann/my-data221/Epic and CSCR hospital Dataset/Test/glioma/1126.jpg",0,glioma,0,glioma,0.9800450206,0.0062902817,0.0083213616,0.0053432705
9695,"/kaggle/input/datasets/arafatrahmann/my-data221/Epic and CSCR hospital Dataset/Test/glioma/1127.jpg",0,glioma,0,glioma,0.9794560671,0.0067470977,0.0084075332,0.0053893155
9697,"/kaggle/input/datasets/arafatrahmann/my-data221/Epic and CSCR hospital Dataset/Test/glioma/1129.jpg",0,glioma,0,glioma,0.9778844118,0.0084169535,0.0074001001,0.0062985434
9699,"/kaggle/input/datasets/arafatrahmann/my-data221/Epic and CSCR hospital Dataset/Test/glioma/1131.jpg",0,glioma,0,glioma,0.9783140421,0.0047280351,0.0108775496,0.0060804412
9705,"/kaggle/input/datasets/arafatrahmann/my-data221/Epic and CSCR hospital Dataset/Test/glioma/1137.jpg",0,glioma,0,glioma,0.9776676297,0.0073297918,0.0094424421,0.0055601434
9706,"/kaggle/input/datasets/arafatrahmann/my-data221/Epic and CSCR hospital Dataset/Test/glioma/1138.jpg",0,glioma,0,glioma,0.9808441401,0.0059633101,0.0072073741,0.0059852703
9711,"/kaggle/input/datasets/arafatrahmann/my-data221/Epic and CSCR hospital Dataset/Test/glioma/1143.jpg",0,glioma,0,glioma,0.9735779762,0.0113384891,0.0092546130,0.0058289105
9714,"/kaggle/input/datasets/arafatrahmann/my-data221/Epic and CSCR hospital Dataset/Test/glioma/1146.jpg",0,glioma,0,glioma,0.9788227081,0.0076039149,0.0078935400,0.0056797224
9715,"/kaggle/input/datasets/arafatrahmann/my-data221/Epic and CSCR hospital Dataset/Test/glioma/1147.jpg",0,glioma,0,glioma,0.9782681465,0.0078694671,0.0086531807,0.0052092662
9721,"/kaggle/input/datasets/arafatrahmann/my-data221/Epic and CSCR hospital Dataset/Test/glioma/1153.jpg",0,glioma,0,glioma,0.9802494049,0.0067235520,0.0076137483,0.0054132636
9724,"/kaggle/input/datasets/arafatrahmann/my-data221/Epic and CSCR hospital Dataset/Test/glioma/1156.jpg",0,glioma,0,glioma,0.9779480696,0.0083035314,0.0073102503,0.0064381748
9727,"/kaggle/input/datasets/arafatrahmann/my-data221/Epic and CSCR hospital Dataset/Test/glioma/1159.jpg",0,glioma,0,glioma,0.9808834195,0.0042269542,0.0085520698,0.0063376194
9744,"/kaggle/input/datasets/arafatrahmann/my-data221/Epic and CSCR hospital Dataset/Test/glioma/1176.jpg",0,glioma,0,glioma,0.9765030742,0.0065392144,0.0116194468,0.0053382008
9747,"/kaggle/input/datasets/arafatrahmann/my-data221/Epic and CSCR hospital Dataset/Test/glioma/1179.jpg",0,glioma,0,glioma,0.9796769023,0.0069309226,0.0072589577,0.0061333133
9754,"/kaggle/input/datasets/arafatrahmann/my-data221/Epic and CSCR hospital Dataset/Test/glioma/1186.jpg",0,glioma,0,glioma,0.9803959131,0.0061151525,0.0084474878,0.0050414414
9756,"/kaggle/input/datasets/arafatrahmann/my-data221/Epic and CSCR hospital Dataset/Test/glioma/1188.jpg",0,glioma,0,glioma,0.9799245596,0.0063990667,0.0084960144,0.0051803989
9757,"/kaggle/input/datasets/arafatrahmann/my-data221/Epic and CSCR hospital Dataset/Test/glioma/1189.jpg",0,glioma,0,glioma,0.9799962044,0.0070855306,0.0076594204,0.0052589020
9760,"/kaggle/input/datasets/arafatrahmann/my-data221/Epic and CSCR hospital Dataset/Test/glioma/1192.jpg",0,glioma,0,glioma,0.9804412723,0.0060170619,0.0081663746,0.0053753671
9772,"/kaggle/input/datasets/arafatrahmann/my-data221/Epic and CSCR hospital Dataset/Test/glioma/1204.jpg",0,glioma,0,glioma,0.9808491468,0.0059596798,0.0079425704,0.0052486369
9773,"/kaggle/input/datasets/arafatrahmann/my-data221/Epic and CSCR hospital Dataset/Test/glioma/1205.jpg",0,glioma,0,glioma,0.9786547422,0.0062198523,0.0096094348,0.0055159247
9776,"/kaggle/input/datasets/arafatrahmann/my-data221/Epic and CSCR hospital Dataset/Test/glioma/1208.jpg",0,glioma,0,glioma,0.9802592993,0.0063606016,0.0080850068,0.0052950378
9780,"/kaggle/input/datasets/arafatrahmann/my-data221/Epic and CSCR hospital Dataset/Test/glioma/1212.jpg",0,glioma,0,glioma,0.9773820639,0.0076995105,0.0096246004,0.0052937581
9783,"/kaggle/input/datasets/arafatrahmann/my-data221/Epic and CSCR hospital Dataset/Test/glioma/1215.jpg",0,glioma,0,glioma,0.9784728885,0.0066286214,0.0097377086,0.0051607955
9790,"/kaggle/input/datasets/arafatrahmann/my-data221/Epic and CSCR hospital Dataset/Test/glioma/1222.jpg",0,glioma,0,glioma,0.9793399572,0.0055542504,0.0096099097,0.0054958016
9793,"/kaggle/input/datasets/arafatrahmann/my-data221/Epic and CSCR hospital Dataset/Test/glioma/1225.jpg",0,glioma,0,glioma,0.9758993387,0.0079253931,0.0105576012,0.0056177042
9794,"/kaggle/input/datasets/arafatrahmann/my-data221/Epic and CSCR hospital Dataset/Test/glioma/1226.jpg",0,glioma,0,glioma,0.9800047874,0.0049274126,0.0092345020,0.0058332337
9801,"/kaggle/input/datasets/arafatrahmann/my-data221/Epic and CSCR hospital Dataset/Test/glioma/1233.jpg",0,glioma,0,glioma,0.9807499051,0.0042891102,0.0088069690,0.0061540306
9804,"/kaggle/input/datasets/arafatrahmann/my-data221/Epic and CSCR hospital Dataset/Test/glioma/1236.jpg",0,glioma,0,glioma,0.9807893634,0.0048864088,0.0087285014,0.0055958154
9809,"/kaggle/input/datasets/arafatrahmann/my-data221/Epic and CSCR hospital Dataset/Test/glioma/1241.jpg",0,glioma,0,glioma,0.9787534475,0.0069581554,0.0089164693,0.0053719408
9812,"/kaggle/input/datasets/arafatrahmann/my-data221/Epic and CSCR hospital Dataset/Test/glioma/1244.jpg",0,glioma,0,glioma,0.9794429541,0.0062555410,0.0088256933,0.0054757567
9816,"/kaggle/input/datasets/arafatrahmann/my-data221/Epic and CSCR hospital Dataset/Test/glioma/1248.jpg",0,glioma,0,glioma,0.9803620577,0.0056286319,0.0086481264,0.0053611654
9824,"/kaggle/input/datasets/arafatrahmann/my-data221/Epic and CSCR hospital Dataset/Test/glioma/1256.jpg",0,glioma,0,glioma,0.9793947339,0.0071091317,0.0081738839,0.0053222468
9825,"/kaggle/input/datasets/arafatrahmann/my-data221/Epic and CSCR hospital Dataset/Test/glioma/1257.jpg",0,glioma,0,glioma,0.9794290662,0.0060941791,0.0087163588,0.0057605058
9826,"/kaggle/input/datasets/arafatrahmann/my-data221/Epic and CSCR hospital Dataset/Test/glioma/1258.jpg",0,glioma,0,glioma,0.9804409146,0.0043758387,0.0093102437,0.0058730254
9827,"/kaggle/input/datasets/arafatrahmann/my-data221/Epic and CSCR hospital Dataset/Test/glioma/1259.jpg",0,glioma,0,glioma,0.9794079065,0.0067138867,0.0086246012,0.0052534887
9828,"/kaggle/input/datasets/arafatrahmann/my-data221/Epic and CSCR hospital Dataset/Test/glioma/1260.jpg",0,glioma,0,glioma,0.9799388051,0.0050560962,0.0092384703,0.0057665887
9839,"/kaggle/input/datasets/arafatrahmann/my-data221/Epic and CSCR hospital Dataset/Test/glioma/1271.jpg",0,glioma,0,glioma,0.9790154696,0.0060492903,0.0096237166,0.0053115552
9846,"/kaggle/input/datasets/arafatrahmann/my-data221/Epic and CSCR hospital Dataset/Test/glioma/1278.jpg",0,glioma,0,glioma,0.9797261357,0.0061793393,0.0087523963,0.0053420281
9847,"/kaggle/input/datasets/arafatrahmann/my-data221/Epic and CSCR hospital Dataset/Test/glioma/1279.jpg",0,glioma,0,glioma,0.9800251722,0.0049605793,0.0097178165,0.0052964827
9857,"/kaggle/input/datasets/arafatrahmann/my-data221/Epic and CSCR hospital Dataset/Test/glioma/1289.jpg",0,glioma,0,glioma,0.9782001376,0.0079896534,0.0086181778,0.0051920647
9865,"/kaggle/input/datasets/arafatrahmann/my-data221/Epic and CSCR hospital Dataset/Test/glioma/1297.jpg",0,glioma,0,glioma,0.9800683856,0.0051606628,0.0093577467,0.0054130778
9882,"/kaggle/input/datasets/arafatrahmann/my-data221/Epic and CSCR hospital Dataset/Test/glioma/1314.jpg",0,glioma,0,glioma,0.9772825241,0.0083029801,0.0090046469,0.0054098642
9883,"/kaggle/input/datasets/arafatrahmann/my-data221/Epic and CSCR hospital Dataset/Test/glioma/1315.jpg",0,glioma,0,glioma,0.9783180356,0.0077582798,0.0088021653,0.0051215729
9884,"/kaggle/input/datasets/arafatrahmann/my-data221/Epic and CSCR hospital Dataset/Test/glioma/1316.jpg",0,glioma,0,glioma,0.9776816368,0.0076124319,0.0093424274,0.0053634257
9885,"/kaggle/input/datasets/arafatrahmann/my-data221/Epic and CSCR hospital Dataset/Test/glioma/1317.jpg",0,glioma,0,glioma,0.9782239199,0.0080232862,0.0084024500,0.0053502801
9897,"/kaggle/input/datasets/arafatrahmann/my-data221/Epic and CSCR hospital Dataset/Test/glioma/1329.jpg",0,glioma,0,glioma,0.9790832400,0.0063927881,0.0087756338,0.0057482054
9900,"/kaggle/input/datasets/arafatrahmann/my-data221/Epic and CSCR hospital Dataset/Test/glioma/1332.jpg",0,glioma,0,glioma,0.9803866148,0.0069001517,0.0072706193,0.0054426324
9906,"/kaggle/input/datasets/arafatrahmann/my-data221/Epic and CSCR hospital Dataset/Test/glioma/1338.jpg",0,glioma,0,glioma,0.9798688889,0.0068613542,0.0080123935,0.0052573532
9907,"/kaggle/input/datasets/arafatrahmann/my-data221/Epic and CSCR hospital Dataset/Test/glioma/1339.jpg",0,glioma,0,glioma,0.9780344963,0.0086266836,0.0080732163,0.0052655865
9908,"/kaggle/input/datasets/arafatrahmann/my-data221/Epic and CSCR hospital Dataset/Test/glioma/1340.jpg",0,glioma,0,glioma,0.9807311893,0.0059014689,0.0079087587,0.0054585300
9916,"/kaggle/input/datasets/arafatrahmann/my-data221/Epic and CSCR hospital Dataset/Test/glioma/1348.jpg",0,glioma,0,glioma,0.9811061025,0.0054773046,0.0079601435,0.0054564970
9921,"/kaggle/input/datasets/arafatrahmann/my-data221/Epic and CSCR hospital Dataset/Test/glioma/1353.jpg",0,glioma,0,glioma,0.9788819551,0.0071385712,0.0086815925,0.0052980008
9924,"/kaggle/input/datasets/arafatrahmann/my-data221/Epic and CSCR hospital Dataset/Test/glioma/1356.jpg",0,glioma,0,glioma,0.9791108966,0.0077636028,0.0075876983,0.0055378852
9926,"/kaggle/input/datasets/arafatrahmann/my-data221/Epic and CSCR hospital Dataset/Test/glioma/1358.jpg",0,glioma,0,glioma,0.9772189260,0.0091574220,0.0078871259,0.0057366001
9927,"/kaggle/input/datasets/arafatrahmann/my-data221/Epic and CSCR hospital Dataset/Test/glioma/1359.jpg",0,glioma,0,glioma,0.9783477783,0.0070418217,0.0091893515,0.0054211314
9931,"/kaggle/input/datasets/arafatrahmann/my-data221/Epic and CSCR hospital Dataset/Test/glioma/1363.jpg",0,glioma,0,glioma,0.9800265431,0.0060035982,0.0087937592,0.0051760329
9933,"/kaggle/input/datasets/arafatrahmann/my-data221/Epic and CSCR hospital Dataset/Test/glioma/1365.jpg",0,glioma,0,glioma,0.9775970578,0.0063590095,0.0107212048,0.0053228117
9935,"/kaggle/input/datasets/arafatrahmann/my-data221/Epic and CSCR hospital Dataset/Test/glioma/1367.jpg",0,glioma,0,glioma,0.9803029895,0.0059334645,0.0085194334,0.0052440548
9940,"/kaggle/input/datasets/arafatrahmann/my-data221/Epic and CSCR hospital Dataset/Test/glioma/1372.jpg",0,glioma,0,glioma,0.9800885320,0.0056253010,0.0082715787,0.0060146307
9949,"/kaggle/input/datasets/arafatrahmann/my-data221/Epic and CSCR hospital Dataset/Test/glioma/1381.jpg",0,glioma,0,glioma,0.9735007286,0.0080118254,0.0125535186,0.0059339600
9951,"/kaggle/input/datasets/arafatrahmann/my-data221/Epic and CSCR hospital Dataset/Test/glioma/1383.jpg",0,glioma,0,glioma,0.9748570323,0.0101925908,0.0093960082,0.0055543655
9953,"/kaggle/input/datasets/arafatrahmann/my-data221/Epic and CSCR hospital Dataset/Test/glioma/1385.jpg",0,glioma,0,glioma,0.9802316427,0.0053581968,0.0081633683,0.0062467204
9955,"/kaggle/input/datasets/arafatrahmann/my-data221/Epic and CSCR hospital Dataset/Test/glioma/1387.jpg",0,glioma,0,glioma,0.9789670110,0.0081515536,0.0074676261,0.0054137954
9967,"/kaggle/input/datasets/arafatrahmann/my-data221/Epic and CSCR hospital Dataset/Test/glioma/1399.jpg",0,glioma,0,glioma,0.9789038897,0.0067166821,0.0084513528,0.0059281220
9978,"/kaggle/input/datasets/arafatrahmann/my-data221/Epic and CSCR hospital Dataset/Test/glioma/1410.jpg",0,glioma,0,glioma,0.9787141681,0.0070554451,0.0089282803,0.0053020632
9983,"/kaggle/input/datasets/arafatrahmann/my-data221/Epic and CSCR hospital Dataset/Test/glioma/1415.jpg",0,glioma,0,glioma,0.9785607457,0.0073152287,0.0086576249,0.0054663145
9985,"/kaggle/input/datasets/arafatrahmann/my-data221/Epic and CSCR hospital Dataset/Test/glioma/1417.jpg",0,glioma,0,glioma,0.9779949188,0.0080121327,0.0084984396,0.0054944218
9999,"/kaggle/input/datasets/arafatrahmann/my-data221/Epic and CSCR hospital Dataset/Test/glioma/1431.jpg",0,glioma,0,glioma,0.9798981547,0.0070988210,0.0072799725,0.0057229847
10000,"/kaggle/input/datasets/arafatrahmann/my-data221/Epic and CSCR hospital Dataset/Test/glioma/1432.jpg",0,glioma,0,glioma,0.9658116102,0.0191408359,0.0091766752,0.0058708275
10007,"/kaggle/input/datasets/arafatrahmann/my-data221/Epic and CSCR hospital Dataset/Test/glioma/1439.jpg",0,glioma,0,glioma,0.9805302620,0.0048069796,0.0080247940,0.0066379807
10009,"/kaggle/input/datasets/arafatrahmann/my-data221/Epic and CSCR hospital Dataset/Test/glioma/1441.jpg",0,glioma,0,glioma,0.9799554944,0.0064335577,0.0085041132,0.0051069316
10012,"/kaggle/input/datasets/arafatrahmann/my-data221/Epic and CSCR hospital Dataset/Test/glioma/1444.jpg",0,glioma,0,glioma,0.9799991846,0.0054148911,0.0093070455,0.0052788821
10017,"/kaggle/input/datasets/arafatrahmann/my-data221/Epic and CSCR hospital Dataset/Test/glioma/1449.jpg",0,glioma,0,glioma,0.9772526622,0.0082108742,0.0090251910,0.0055112694
10029,"/kaggle/input/datasets/arafatrahmann/my-data221/Epic and CSCR hospital Dataset/Test/glioma/1461.jpg",0,glioma,0,glioma,0.9784916043,0.0063732550,0.0098521002,0.0052831108
10035,"/kaggle/input/datasets/arafatrahmann/my-data221/Epic and CSCR hospital Dataset/Test/glioma/1467.jpg",0,glioma,0,glioma,0.9785161018,0.0074216900,0.0086344238,0.0054277843
10039,"/kaggle/input/datasets/arafatrahmann/my-data221/Epic and CSCR hospital Dataset/Test/glioma/1471.jpg",0,glioma,0,glioma,0.9742237926,0.0114071136,0.0091578318,0.0052111931
10044,"/kaggle/input/datasets/arafatrahmann/my-data221/Epic and CSCR hospital Dataset/Test/glioma/1476.jpg",0,glioma,0,glioma,0.9805897474,0.0063487128,0.0074900463,0.0055714855
10061,"/kaggle/input/datasets/arafatrahmann/my-data221/Epic and CSCR hospital Dataset/Test/glioma/1493.jpg",0,glioma,0,glioma,0.9802988768,0.0053585484,0.0082301414,0.0061124656
10070,"/kaggle/input/datasets/arafatrahmann/my-data221/Epic and CSCR hospital Dataset/Test/glioma/1502.jpg",0,glioma,0,glioma,0.9805345535,0.0054735555,0.0084924372,0.0054994584
10072,"/kaggle/input/datasets/arafatrahmann/my-data221/Epic and CSCR hospital Dataset/Test/glioma/1523.jpg",0,glioma,0,glioma,0.9205529094,0.0629819632,0.0086098593,0.0078552244
10077,"/kaggle/input/datasets/arafatrahmann/my-data221/Epic and CSCR hospital Dataset/Test/glioma/1528.jpg",0,glioma,0,glioma,0.9775052071,0.0062801233,0.0108052026,0.0054094903
10086,"/kaggle/input/datasets/arafatrahmann/my-data221/Epic and CSCR hospital Dataset/Test/glioma/G_676_DA_.jpg",0,glioma,0,glioma,0.9794570804,0.0046135015,0.0104946438,0.0054347813
10090,"/kaggle/input/datasets/arafatrahmann/my-data221/Epic and CSCR hospital Dataset/Test/glioma/G_676_VF_.jpg",0,glioma,0,glioma,0.9785121679,0.0071213832,0.0085390182,0.0058274814
10091,"/kaggle/input/datasets/arafatrahmann/my-data221/Epic and CSCR hospital Dataset/Test/glioma/G_677.jpg",0,glioma,0,glioma,0.9784579277,0.0076675587,0.0086478945,0.0052266200
10094,"/kaggle/input/datasets/arafatrahmann/my-data221/Epic and CSCR hospital Dataset/Test/glioma/G_677_HF_.jpg",0,glioma,0,glioma,0.9782096148,0.0072979643,0.0090972492,0.0053952425
10098,"/kaggle/input/datasets/arafatrahmann/my-data221/Epic and CSCR hospital Dataset/Test/glioma/G_678.jpg",0,glioma,0,glioma,0.9805399776,0.0051919236,0.0074356617,0.0068323957
10104,"/kaggle/input/datasets/arafatrahmann/my-data221/Epic and CSCR hospital Dataset/Test/glioma/G_67_SP_.jpg",0,glioma,0,glioma,0.9795426130,0.0076182014,0.0073258020,0.0055133635
10106,"/kaggle/input/datasets/arafatrahmann/my-data221/Epic and CSCR hospital Dataset/Test/glioma/G_68.jpg",0,glioma,0,glioma,0.9768131375,0.0082728546,0.0084330393,0.0064809071
10107,"/kaggle/input/datasets/arafatrahmann/my-data221/Epic and CSCR hospital Dataset/Test/glioma/G_681.jpg",0,glioma,0,glioma,0.9794000387,0.0063623143,0.0088053662,0.0054321857
10111,"/kaggle/input/datasets/arafatrahmann/my-data221/Epic and CSCR hospital Dataset/Test/glioma/G_681_RO_.jpg",0,glioma,0,glioma,0.9782265425,0.0066410610,0.0098802075,0.0052522346
10118,"/kaggle/input/datasets/arafatrahmann/my-data221/Epic and CSCR hospital Dataset/Test/glioma/G_682_RO_.jpg",0,glioma,0,glioma,0.9767745137,0.0078595039,0.0097585414,0.0056074820
10122,"/kaggle/input/datasets/arafatrahmann/my-data221/Epic and CSCR hospital Dataset/Test/glioma/G_683_BR_.jpg",0,glioma,0,glioma,0.9798682332,0.0054050824,0.0097625051,0.0049641971
10123,"/kaggle/input/datasets/arafatrahmann/my-data221/Epic and CSCR hospital Dataset/Test/glioma/G_683_DA_.jpg",0,glioma,0,glioma,0.9776283503,0.0056433342,0.0111834100,0.0055448990
10131,"/kaggle/input/datasets/arafatrahmann/my-data221/Epic and CSCR hospital Dataset/Test/glioma/G_684_HF_.jpg",0,glioma,0,glioma,0.9783898592,0.0073594144,0.0086415447,0.0056092488
10141,"/kaggle/input/datasets/arafatrahmann/my-data221/Epic and CSCR hospital Dataset/Test/glioma/G_685_VF_.jpg",0,glioma,0,glioma,0.9786771536,0.0075252140,0.0089167934,0.0048808386
10146,"/kaggle/input/datasets/arafatrahmann/my-data221/Epic and CSCR hospital Dataset/Test/glioma/G_686_RO_.jpg",0,glioma,0,glioma,0.9793618917,0.0072419792,0.0082606589,0.0051354943
10152,"/kaggle/input/datasets/arafatrahmann/my-data221/Epic and CSCR hospital Dataset/Test/glioma/G_687_HF_.jpg",0,glioma,0,glioma,0.9763139486,0.0089702522,0.0085293809,0.0061864597
10159,"/kaggle/input/datasets/arafatrahmann/my-data221/Epic and CSCR hospital Dataset/Test/glioma/G_688_HF_.jpg",0,glioma,0,glioma,0.9787365794,0.0072796531,0.0079728011,0.0060109836
10181,"/kaggle/input/datasets/arafatrahmann/my-data221/Epic and CSCR hospital Dataset/Test/glioma/G_690_RO_.jpg",0,glioma,0,glioma,0.9716173410,0.0136927096,0.0096191065,0.0050708209
10182,"/kaggle/input/datasets/arafatrahmann/my-data221/Epic and CSCR hospital Dataset/Test/glioma/G_690_SP_.jpg",0,glioma,0,glioma,0.9747042656,0.0116811404,0.0080518890,0.0055627422
10200,"/kaggle/input/datasets/arafatrahmann/my-data221/Epic and CSCR hospital Dataset/Test/glioma/G_693_DA_.jpg",0,glioma,0,glioma,0.9777773619,0.0073210029,0.0096319253,0.0052696615
10203,"/kaggle/input/datasets/arafatrahmann/my-data221/Epic and CSCR hospital Dataset/Test/glioma/G_693_SP_.jpg",0,glioma,0,glioma,0.9739378691,0.0131172659,0.0074162497,0.0055285981
10204,"/kaggle/input/datasets/arafatrahmann/my-data221/Epic and CSCR hospital Dataset/Test/glioma/G_693_VF_.jpg",0,glioma,0,glioma,0.9724076986,0.0126274927,0.0084927566,0.0064719357
10205,"/kaggle/input/datasets/arafatrahmann/my-data221/Epic and CSCR hospital Dataset/Test/glioma/G_694.jpg",0,glioma,0,glioma,0.9797822833,0.0063037141,0.0075430721,0.0063709379
10211,"/kaggle/input/datasets/arafatrahmann/my-data221/Epic and CSCR hospital Dataset/Test/glioma/G_694_VF_.jpg",0,glioma,0,glioma,0.9763824344,0.0072539551,0.0086646723,0.0076988325
10216,"/kaggle/input/datasets/arafatrahmann/my-data221/Epic and CSCR hospital Dataset/Test/glioma/G_695_RO_.jpg",0,glioma,0,glioma,0.9782846570,0.0086384164,0.0076321936,0.0054447791
10219,"/kaggle/input/datasets/arafatrahmann/my-data221/Epic and CSCR hospital Dataset/Test/glioma/G_696.jpg",0,glioma,0,glioma,0.9545379877,0.0302971937,0.0097628403,0.0054020341
10226,"/kaggle/input/datasets/arafatrahmann/my-data221/Epic and CSCR hospital Dataset/Test/glioma/G_697.jpg",0,glioma,0,glioma,0.9783135653,0.0084334062,0.0076766424,0.0055763805
10229,"/kaggle/input/datasets/arafatrahmann/my-data221/Epic and CSCR hospital Dataset/Test/glioma/G_697_HF_.jpg",0,glioma,0,glioma,0.9782630205,0.0083397571,0.0078340825,0.0055631832
10234,"/kaggle/input/datasets/arafatrahmann/my-data221/Epic and CSCR hospital Dataset/Test/glioma/G_698_BR_.jpg",0,glioma,0,glioma,0.9709452391,0.0152355703,0.0086225020,0.0051965630
10237,"/kaggle/input/datasets/arafatrahmann/my-data221/Epic and CSCR hospital Dataset/Test/glioma/G_698_RO_.jpg",0,glioma,0,glioma,0.9770218134,0.0092971865,0.0080068000,0.0056742546
10241,"/kaggle/input/datasets/arafatrahmann/my-data221/Epic and CSCR hospital Dataset/Test/glioma/G_699_BR_.jpg",0,glioma,0,glioma,0.9787477255,0.0075617298,0.0086697135,0.0050209006
10243,"/kaggle/input/datasets/arafatrahmann/my-data221/Epic and CSCR hospital Dataset/Test/glioma/G_699_HF_.jpg",0,glioma,0,glioma,0.9795035124,0.0071497536,0.0080020502,0.0053446619
10246,"/kaggle/input/datasets/arafatrahmann/my-data221/Epic and CSCR hospital Dataset/Test/glioma/G_699_VF_.jpg",0,glioma,0,glioma,0.9795573950,0.0068729185,0.0077874204,0.0057822145
10248,"/kaggle/input/datasets/arafatrahmann/my-data221/Epic and CSCR hospital Dataset/Test/glioma/G_69_DA_.jpg",0,glioma,0,glioma,0.9803072214,0.0059878081,0.0087234620,0.0049814815
10252,"/kaggle/input/datasets/arafatrahmann/my-data221/Epic and CSCR hospital Dataset/Test/glioma/G_69_VF_.jpg",0,glioma,0,glioma,0.9675477743,0.0174941812,0.0088749435,0.0060831006
10256,"/kaggle/input/datasets/arafatrahmann/my-data221/Epic and CSCR hospital Dataset/Test/glioma/G_6_RO_.jpg",0,glioma,0,glioma,0.9790339470,0.0061748815,0.0096506095,0.0051404671
10264,"/kaggle/input/datasets/arafatrahmann/my-data221/Epic and CSCR hospital Dataset/Test/glioma/G_700_HF_.jpg",0,glioma,0,glioma,0.9798172712,0.0069957813,0.0078111901,0.0053757406
10268,"/kaggle/input/datasets/arafatrahmann/my-data221/Epic and CSCR hospital Dataset/Test/glioma/G_701.jpg",0,glioma,0,glioma,0.9682242274,0.0174676813,0.0086321132,0.0056760320
10272,"/kaggle/input/datasets/arafatrahmann/my-data221/Epic and CSCR hospital Dataset/Test/glioma/G_701_RO_.jpg",0,glioma,0,glioma,0.9669764638,0.0188925304,0.0082991431,0.0058318605
10277,"/kaggle/input/datasets/arafatrahmann/my-data221/Epic and CSCR hospital Dataset/Test/glioma/G_702_DA_.jpg",0,glioma,0,glioma,0.9768655896,0.0082305698,0.0096306074,0.0052731726
10281,"/kaggle/input/datasets/arafatrahmann/my-data221/Epic and CSCR hospital Dataset/Test/glioma/G_702_VF_.jpg",0,glioma,1,meningioma,0.4419693947,0.5464996099,0.0059194369,0.0056115999
10295,"/kaggle/input/datasets/arafatrahmann/my-data221/Epic and CSCR hospital Dataset/Test/glioma/G_70_VF_.jpg",0,glioma,0,glioma,0.9754870534,0.0097648073,0.0082671400,0.0064810165
10296,"/kaggle/input/datasets/arafatrahmann/my-data221/Epic and CSCR hospital Dataset/Test/glioma/G_71.jpg",0,glioma,0,glioma,0.9804432988,0.0051951059,0.0075939680,0.0067676334
10303,"/kaggle/input/datasets/arafatrahmann/my-data221/Epic and CSCR hospital Dataset/Test/glioma/G_72.jpg",0,glioma,0,glioma,0.9789409637,0.0076400489,0.0079897456,0.0054292693
10309,"/kaggle/input/datasets/arafatrahmann/my-data221/Epic and CSCR hospital Dataset/Test/glioma/G_72_VF_.jpg",0,glioma,0,glioma,0.9715008736,0.0125430841,0.0087548327,0.0072011598
10310,"/kaggle/input/datasets/arafatrahmann/my-data221/Epic and CSCR hospital Dataset/Test/glioma/G_73.jpg",0,glioma,0,glioma,0.9781605601,0.0083253533,0.0079987301,0.0055153156
10314,"/kaggle/input/datasets/arafatrahmann/my-data221/Epic and CSCR hospital Dataset/Test/glioma/G_73_RO_.jpg",0,glioma,0,glioma,0.9626058340,0.0125574442,0.0160129666,0.0088237263
10325,"/kaggle/input/datasets/arafatrahmann/my-data221/Epic and CSCR hospital Dataset/Test/glioma/G_75_BR_.jpg",0,glioma,0,glioma,0.9763399959,0.0105912676,0.0079410924,0.0051275557
10328,"/kaggle/input/datasets/arafatrahmann/my-data221/Epic and CSCR hospital Dataset/Test/glioma/G_75_RO_.jpg",0,glioma,0,glioma,0.9756934047,0.0085144741,0.0093478383,0.0064442023
10332,"/kaggle/input/datasets/arafatrahmann/my-data221/Epic and CSCR hospital Dataset/Test/glioma/G_76_BR_.jpg",0,glioma,0,glioma,0.9750644565,0.0117336065,0.0079560345,0.0052458397
10333,"/kaggle/input/datasets/arafatrahmann/my-data221/Epic and CSCR hospital Dataset/Test/glioma/G_76_DA_.jpg",0,glioma,0,glioma,0.9797319174,0.0060303300,0.0090391245,0.0051985616
10335,"/kaggle/input/datasets/arafatrahmann/my-data221/Epic and CSCR hospital Dataset/Test/glioma/G_76_RO_.jpg",0,glioma,0,glioma,0.9795621634,0.0072420901,0.0076531544,0.0055425921
10339,"/kaggle/input/datasets/arafatrahmann/my-data221/Epic and CSCR hospital Dataset/Test/glioma/G_77_BR_.jpg",0,glioma,0,glioma,0.9767240286,0.0100873914,0.0078784749,0.0053100786
10341,"/kaggle/input/datasets/arafatrahmann/my-data221/Epic and CSCR hospital Dataset/Test/glioma/G_77_HF_.jpg",0,glioma,0,glioma,0.9794992208,0.0074873539,0.0073776925,0.0056357542
10344,"/kaggle/input/datasets/arafatrahmann/my-data221/Epic and CSCR hospital Dataset/Test/glioma/G_77_VF_.jpg",0,glioma,0,glioma,0.9772095680,0.0095944153,0.0072326795,0.0059633753
10350,"/kaggle/input/datasets/arafatrahmann/my-data221/Epic and CSCR hospital Dataset/Test/glioma/G_78_SP_.jpg",0,glioma,0,glioma,0.9804443121,0.0071095973,0.0067562610,0.0056897765
10356,"/kaggle/input/datasets/arafatrahmann/my-data221/Epic and CSCR hospital Dataset/Test/glioma/G_79_RO_.jpg",0,glioma,0,glioma,0.9691458941,0.0166565888,0.0089412089,0.0052562556
10357,"/kaggle/input/datasets/arafatrahmann/my-data221/Epic and CSCR hospital Dataset/Test/glioma/G_79_SP_.jpg",0,glioma,0,glioma,0.9718002081,0.0121582607,0.0104685742,0.0055729309
10361,"/kaggle/input/datasets/arafatrahmann/my-data221/Epic and CSCR hospital Dataset/Test/glioma/G_7_HF_.jpg",0,glioma,0,glioma,0.9799499512,0.0072115785,0.0071290620,0.0057093571
10364,"/kaggle/input/datasets/arafatrahmann/my-data221/Epic and CSCR hospital Dataset/Test/glioma/G_7_VF_.jpg",0,glioma,0,glioma,0.9786920547,0.0080522299,0.0070378250,0.0062178299
10368,"/kaggle/input/datasets/arafatrahmann/my-data221/Epic and CSCR hospital Dataset/Test/glioma/G_80_DA_.jpg",0,glioma,0,glioma,0.9798243642,0.0055776834,0.0093156081,0.0052824514
10370,"/kaggle/input/datasets/arafatrahmann/my-data221/Epic and CSCR hospital Dataset/Test/glioma/G_80_RO_.jpg",0,glioma,0,glioma,0.9799853563,0.0067927740,0.0078631714,0.0053587193
10375,"/kaggle/input/datasets/arafatrahmann/my-data221/Epic and CSCR hospital Dataset/Test/glioma/G_81_DA_.jpg",0,glioma,0,glioma,0.9227341413,0.0050083743,0.0142560694,0.0580014586
10378,"/kaggle/input/datasets/arafatrahmann/my-data221/Epic and CSCR hospital Dataset/Test/glioma/G_81_SP_.jpg",0,glioma,0,glioma,0.9759052396,0.0031902224,0.0075986730,0.0133059304
10379,"/kaggle/input/datasets/arafatrahmann/my-data221/Epic and CSCR hospital Dataset/Test/glioma/G_81_VF_.jpg",0,glioma,0,glioma,0.9770599604,0.0059833890,0.0102650272,0.0066916207
10382,"/kaggle/input/datasets/arafatrahmann/my-data221/Epic and CSCR hospital Dataset/Test/glioma/G_82_DA_.jpg",0,glioma,0,glioma,0.9722886086,0.0120764272,0.0103099151,0.0053251446
10388,"/kaggle/input/datasets/arafatrahmann/my-data221/Epic and CSCR hospital Dataset/Test/glioma/G_83_BR_.jpg",0,glioma,0,glioma,0.9714108706,0.0150706451,0.0079065599,0.0056120167
10406,"/kaggle/input/datasets/arafatrahmann/my-data221/Epic and CSCR hospital Dataset/Test/meningioma/1264.jpg",1,meningioma,1,meningioma,0.0077907653,0.9817639589,0.0065527400,0.0038925614
10408,"/kaggle/input/datasets/arafatrahmann/my-data221/Epic and CSCR hospital Dataset/Test/meningioma/1266.jpg",1,meningioma,1,meningioma,0.0082037579,0.9810808897,0.0065922178,0.0041231713
10415,"/kaggle/input/datasets/arafatrahmann/my-data221/Epic and CSCR hospital Dataset/Test/meningioma/1450.jpg",1,meningioma,1,meningioma,0.0089769568,0.9795769453,0.0060268277,0.0054192957
10417,"/kaggle/input/datasets/arafatrahmann/my-data221/Epic and CSCR hospital Dataset/Test/meningioma/1452.jpg",1,meningioma,1,meningioma,0.0082721943,0.9809147716,0.0062663145,0.0045466246
10420,"/kaggle/input/datasets/arafatrahmann/my-data221/Epic and CSCR hospital Dataset/Test/meningioma/1455.jpg",1,meningioma,1,meningioma,0.0065878951,0.9830759764,0.0061416072,0.0041945069
10440,"/kaggle/input/datasets/arafatrahmann/my-data221/Epic and CSCR hospital Dataset/Test/meningioma/1475.jpg",1,meningioma,1,meningioma,0.0093668345,0.9805343747,0.0063638687,0.0037349660
10449,"/kaggle/input/datasets/arafatrahmann/my-data221/Epic and CSCR hospital Dataset/Test/meningioma/1484.jpg",1,meningioma,1,meningioma,0.0085481051,0.9806453586,0.0063726804,0.0044337632
10461,"/kaggle/input/datasets/arafatrahmann/my-data221/Epic and CSCR hospital Dataset/Test/meningioma/1496.jpg",1,meningioma,1,meningioma,0.0070079854,0.9825209379,0.0061538280,0.0043172478
10464,"/kaggle/input/datasets/arafatrahmann/my-data221/Epic and CSCR hospital Dataset/Test/meningioma/1499.jpg",1,meningioma,1,meningioma,0.0078412332,0.9773550034,0.0058139763,0.0089898584
10470,"/kaggle/input/datasets/arafatrahmann/my-data221/Epic and CSCR hospital Dataset/Test/meningioma/1505.jpg",1,meningioma,1,meningioma,0.0130260317,0.9747492075,0.0062113437,0.0060134465
10479,"/kaggle/input/datasets/arafatrahmann/my-data221/Epic and CSCR hospital Dataset/Test/meningioma/1514.jpg",1,meningioma,1,meningioma,0.0484393612,0.9384194613,0.0073112049,0.0058300616
10482,"/kaggle/input/datasets/arafatrahmann/my-data221/Epic and CSCR hospital Dataset/Test/meningioma/1517.jpg",1,meningioma,1,meningioma,0.0074632340,0.9821065068,0.0060742456,0.0043560592
10487,"/kaggle/input/datasets/arafatrahmann/my-data221/Epic and CSCR hospital Dataset/Test/meningioma/1531.jpg",1,meningioma,1,meningioma,0.0089418348,0.9784172773,0.0059498036,0.0066911122
10499,"/kaggle/input/datasets/arafatrahmann/my-data221/Epic and CSCR hospital Dataset/Test/meningioma/1543.jpg",1,meningioma,1,meningioma,0.0121944482,0.9766882658,0.0065570683,0.0045602024
10506,"/kaggle/input/datasets/arafatrahmann/my-data221/Epic and CSCR hospital Dataset/Test/meningioma/1550.jpg",1,meningioma,1,meningioma,0.0085349157,0.9807842374,0.0063159168,0.0043649175
10511,"/kaggle/input/datasets/arafatrahmann/my-data221/Epic and CSCR hospital Dataset/Test/meningioma/M_776_BR_.jpg",1,meningioma,1,meningioma,0.0079399962,0.9810488820,0.0068575419,0.0041536242
10515,"/kaggle/input/datasets/arafatrahmann/my-data221/Epic and CSCR hospital Dataset/Test/meningioma/M_776_SP_.jpg",1,meningioma,1,meningioma,0.0077374475,0.9817481041,0.0059330133,0.0045813355
10518,"/kaggle/input/datasets/arafatrahmann/my-data221/Epic and CSCR hospital Dataset/Test/meningioma/M_777_BR_.jpg",1,meningioma,1,meningioma,0.0076628141,0.9819954038,0.0068080509,0.0035337254
10519,"/kaggle/input/datasets/arafatrahmann/my-data221/Epic and CSCR hospital Dataset/Test/meningioma/M_777_DA_.jpg",1,meningioma,1,meningioma,0.0079389587,0.9819670916,0.0063695209,0.0037244700
10521,"/kaggle/input/datasets/arafatrahmann/my-data221/Epic and CSCR hospital Dataset/Test/meningioma/M_777_RO_.jpg",1,meningioma,1,meningioma,0.0089982022,0.9802640676,0.0065110065,0.0042266427
10522,"/kaggle/input/datasets/arafatrahmann/my-data221/Epic and CSCR hospital Dataset/Test/meningioma/M_777_SP_.jpg",1,meningioma,1,meningioma,0.0214759521,0.9668022990,0.0064015174,0.0053202510
10533,"/kaggle/input/datasets/arafatrahmann/my-data221/Epic and CSCR hospital Dataset/Test/meningioma/M_779_DA_.jpg",1,meningioma,1,meningioma,0.0077181482,0.9811728597,0.0066417595,0.0044672219
10541,"/kaggle/input/datasets/arafatrahmann/my-data221/Epic and CSCR hospital Dataset/Test/meningioma/M_77_SP_.jpg",1,meningioma,1,meningioma,0.0077266446,0.9821985960,0.0060443571,0.0040303171
10556,"/kaggle/input/datasets/arafatrahmann/my-data221/Epic and CSCR hospital Dataset/Test/meningioma/M_781_SP_.jpg",1,meningioma,1,meningioma,0.0100207953,0.9793051481,0.0063401051,0.0043339147
10557,"/kaggle/input/datasets/arafatrahmann/my-data221/Epic and CSCR hospital Dataset/Test/meningioma/M_781_VF_.jpg",1,meningioma,1,meningioma,0.0072368281,0.9821066856,0.0062956600,0.0043607880
10589,"/kaggle/input/datasets/arafatrahmann/my-data221/Epic and CSCR hospital Dataset/Test/meningioma/M_786_HF_.jpg",1,meningioma,1,meningioma,0.0076450654,0.9820807576,0.0060875388,0.0041866051
10594,"/kaggle/input/datasets/arafatrahmann/my-data221/Epic and CSCR hospital Dataset/Test/meningioma/M_787_BR_.jpg",1,meningioma,1,meningioma,0.0073445230,0.9820066690,0.0069251494,0.0037236058
10596,"/kaggle/input/datasets/arafatrahmann/my-data221/Epic and CSCR hospital Dataset/Test/meningioma/M_787_HF_.jpg",1,meningioma,1,meningioma,0.0072879121,0.9823561907,0.0062630549,0.0040928395
10600,"/kaggle/input/datasets/arafatrahmann/my-data221/Epic and CSCR hospital Dataset/Test/meningioma/M_788.jpg",1,meningioma,1,meningioma,0.0069788955,0.9826052785,0.0062958980,0.0041200216
10607,"/kaggle/input/datasets/arafatrahmann/my-data221/Epic and CSCR hospital Dataset/Test/meningioma/M_789.jpg",1,meningioma,1,meningioma,0.0080049066,0.9812057614,0.0059810998,0.0048082946
10609,"/kaggle/input/datasets/arafatrahmann/my-data221/Epic and CSCR hospital Dataset/Test/meningioma/M_789_DA_.jpg",1,meningioma,1,meningioma,0.0117044626,0.9766718149,0.0063361255,0.0052876351
10619,"/kaggle/input/datasets/arafatrahmann/my-data221/Epic and CSCR hospital Dataset/Test/meningioma/M_78_VF_.jpg",1,meningioma,1,meningioma,0.0118422583,0.9754962921,0.0064483332,0.0062131230
10623,"/kaggle/input/datasets/arafatrahmann/my-data221/Epic and CSCR hospital Dataset/Test/meningioma/M_790_DA_.jpg",1,meningioma,1,meningioma,0.0074331709,0.9816505313,0.0064088204,0.0045075351
10629,"/kaggle/input/datasets/arafatrahmann/my-data221/Epic and CSCR hospital Dataset/Test/meningioma/M_791_BR_.jpg",1,meningioma,1,meningioma,0.0075399606,0.9812944531,0.0066511529,0.0045144716
10634,"/kaggle/input/datasets/arafatrahmann/my-data221/Epic and CSCR hospital Dataset/Test/meningioma/M_791_VF_.jpg",1,meningioma,1,meningioma,0.0073606684,0.9803465009,0.0063540624,0.0059388392
10636,"/kaggle/input/datasets/arafatrahmann/my-data221/Epic and CSCR hospital Dataset/Test/meningioma/M_792_BR_.jpg",1,meningioma,1,meningioma,0.0104727428,0.9789566994,0.0062937015,0.0042768484
10637,"/kaggle/input/datasets/arafatrahmann/my-data221/Epic and CSCR hospital Dataset/Test/meningioma/M_792_DA_.jpg",1,meningioma,1,meningioma,0.0075524836,0.9822539091,0.0062372889,0.0039562946
10647,"/kaggle/input/datasets/arafatrahmann/my-data221/Epic and CSCR hospital Dataset/Test/meningioma/M_793_SP_.jpg",1,meningioma,1,meningioma,0.0113406582,0.9770992398,0.0058412505,0.0057189013
10648,"/kaggle/input/datasets/arafatrahmann/my-data221/Epic and CSCR hospital Dataset/Test/meningioma/M_793_VF_.jpg",1,meningioma,1,meningioma,0.0073433993,0.9817491770,0.0062211109,0.0046863235
10650,"/kaggle/input/datasets/arafatrahmann/my-data221/Epic and CSCR hospital Dataset/Test/meningioma/M_794_BR_.jpg",1,meningioma,1,meningioma,0.0079294872,0.9805529714,0.0064974846,0.0050201425
10654,"/kaggle/input/datasets/arafatrahmann/my-data221/Epic and CSCR hospital Dataset/Test/meningioma/M_794_SP_.jpg",1,meningioma,1,meningioma,0.0099875946,0.9785420299,0.0058598644,0.0056104627
10661,"/kaggle/input/datasets/arafatrahmann/my-data221/Epic and CSCR hospital Dataset/Test/meningioma/M_795_SP_.jpg",1,meningioma,1,meningioma,0.0090291407,0.9791961908,0.0060493052,0.0057253442
10663,"/kaggle/input/datasets/arafatrahmann/my-data221/Epic and CSCR hospital Dataset/Test/meningioma/M_796.jpg",1,meningioma,1,meningioma,0.0073076291,0.9809134603,0.0061122687,0.0056666406
10667,"/kaggle/input/datasets/arafatrahmann/my-data221/Epic and CSCR hospital Dataset/Test/meningioma/M_796_RO_.jpg",1,meningioma,1,meningioma,0.0068808012,0.9820541143,0.0062470427,0.0048180306
10668,"/kaggle/input/datasets/arafatrahmann/my-data221/Epic and CSCR hospital Dataset/Test/meningioma/M_796_SP_.jpg",1,meningioma,1,meningioma,0.0080923829,0.9803457260,0.0057265675,0.0058353753
10670,"/kaggle/input/datasets/arafatrahmann/my-data221/Epic and CSCR hospital Dataset/Test/meningioma/M_797.jpg",1,meningioma,1,meningioma,0.0061089136,0.9833892584,0.0063226297,0.0041791280
10674,"/kaggle/input/datasets/arafatrahmann/my-data221/Epic and CSCR hospital Dataset/Test/meningioma/M_797_RO_.jpg",1,meningioma,1,meningioma,0.0061329235,0.9830945730,0.0063493722,0.0044231177
10675,"/kaggle/input/datasets/arafatrahmann/my-data221/Epic and CSCR hospital Dataset/Test/meningioma/M_797_SP_.jpg",1,meningioma,1,meningioma,0.0076015205,0.9782803655,0.0058390503,0.0082790600
10689,"/kaggle/input/datasets/arafatrahmann/my-data221/Epic and CSCR hospital Dataset/Test/meningioma/M_799_SP_.jpg",1,meningioma,1,meningioma,0.0089878356,0.9783532023,0.0062965229,0.0063624480
10692,"/kaggle/input/datasets/arafatrahmann/my-data221/Epic and CSCR hospital Dataset/Test/meningioma/M_79_DA_.jpg",1,meningioma,1,meningioma,0.0096759414,0.9793944359,0.0062731793,0.0046565263
10695,"/kaggle/input/datasets/arafatrahmann/my-data221/Epic and CSCR hospital Dataset/Test/meningioma/M_79_SP_.jpg",1,meningioma,1,meningioma,0.0107583515,0.9771216512,0.0060464977,0.0060735405
10708,"/kaggle/input/datasets/arafatrahmann/my-data221/Epic and CSCR hospital Dataset/Test/meningioma/M_800_HF_.jpg",1,meningioma,1,meningioma,0.0080240220,0.9807771444,0.0062983977,0.0049003796
10714,"/kaggle/input/datasets/arafatrahmann/my-data221/Epic and CSCR hospital Dataset/Test/meningioma/M_801_DA_.jpg",1,meningioma,1,meningioma,0.0078196647,0.9806234241,0.0072116265,0.0043452797
10720,"/kaggle/input/datasets/arafatrahmann/my-data221/Epic and CSCR hospital Dataset/Test/meningioma/M_802_BR_.jpg",1,meningioma,1,meningioma,0.0090199104,0.9796643257,0.0073071839,0.0040086200
10726,"/kaggle/input/datasets/arafatrahmann/my-data221/Epic and CSCR hospital Dataset/Test/meningioma/M_803.jpg",1,meningioma,1,meningioma,0.0075932480,0.9817903638,0.0064351121,0.0041813655
10727,"/kaggle/input/datasets/arafatrahmann/my-data221/Epic and CSCR hospital Dataset/Test/meningioma/M_803_BR_.jpg",1,meningioma,1,meningioma,0.0120972814,0.9765745401,0.0073013380,0.0040267510
10731,"/kaggle/input/datasets/arafatrahmann/my-data221/Epic and CSCR hospital Dataset/Test/meningioma/M_803_SP_.jpg",1,meningioma,1,meningioma,0.0111491419,0.9778332710,0.0064188302,0.0045987526
10732,"/kaggle/input/datasets/arafatrahmann/my-data221/Epic and CSCR hospital Dataset/Test/meningioma/M_803_VF_.jpg",1,meningioma,1,meningioma,0.0100789201,0.9782142639,0.0068251388,0.0048816698
10738,"/kaggle/input/datasets/arafatrahmann/my-data221/Epic and CSCR hospital Dataset/Test/meningioma/M_804_SP_.jpg",1,meningioma,1,meningioma,0.0093321130,0.9801527262,0.0061052879,0.0044098934
10740,"/kaggle/input/datasets/arafatrahmann/my-data221/Epic and CSCR hospital Dataset/Test/meningioma/M_805.jpg",1,meningioma,1,meningioma,0.0071706427,0.9823873639,0.0059867864,0.0044551655
10741,"/kaggle/input/datasets/arafatrahmann/my-data221/Epic and CSCR hospital Dataset/Test/meningioma/M_805_BR_.jpg",1,meningioma,1,meningioma,0.0092556505,0.9801824689,0.0063974685,0.0041643581
10745,"/kaggle/input/datasets/arafatrahmann/my-data221/Epic and CSCR hospital Dataset/Test/meningioma/M_805_SP_.jpg",1,meningioma,1,meningioma,0.0108598992,0.9781187773,0.0060539246,0.0049673929
10756,"/kaggle/input/datasets/arafatrahmann/my-data221/Epic and CSCR hospital Dataset/Test/meningioma/M_807_DA_.jpg",1,meningioma,1,meningioma,0.0092558367,0.9803447723,0.0065340651,0.0038654089
10762,"/kaggle/input/datasets/arafatrahmann/my-data221/Epic and CSCR hospital Dataset/Test/meningioma/M_808_BR_.jpg",1,meningioma,1,meningioma,0.0071032569,0.9822257757,0.0069374638,0.0037334629
10769,"/kaggle/input/datasets/arafatrahmann/my-data221/Epic and CSCR hospital Dataset/Test/meningioma/M_809_BR_.jpg",1,meningioma,1,meningioma,0.0055222204,0.9839109182,0.0071629388,0.0034038904
10771,"/kaggle/input/datasets/arafatrahmann/my-data221/Epic and CSCR hospital Dataset/Test/meningioma/M_809_HF_.jpg",1,meningioma,1,meningioma,0.0061974032,0.9834829569,0.0063004135,0.0040192935
10774,"/kaggle/input/datasets/arafatrahmann/my-data221/Epic and CSCR hospital Dataset/Test/meningioma/M_809_VF_.jpg",1,meningioma,1,meningioma,0.0061849551,0.9834529757,0.0062760590,0.0040859831
10778,"/kaggle/input/datasets/arafatrahmann/my-data221/Epic and CSCR hospital Dataset/Test/meningioma/M_80_RO_.jpg",1,meningioma,1,meningioma,0.0078640450,0.9812976718,0.0064684572,0.0043698223
10779,"/kaggle/input/datasets/arafatrahmann/my-data221/Epic and CSCR hospital Dataset/Test/meningioma/M_80_SP_.jpg",1,meningioma,1,meningioma,0.0080525223,0.9819982648,0.0060497867,0.0038993782
10784,"/kaggle/input/datasets/arafatrahmann/my-data221/Epic and CSCR hospital Dataset/Test/meningioma/M_810_DA_.jpg",1,meningioma,1,meningioma,0.0071642487,0.9829568863,0.0063145235,0.0035643731
10793,"/kaggle/input/datasets/arafatrahmann/my-data221/Epic and CSCR hospital Dataset/Test/meningioma/M_811_RO_.jpg",1,meningioma,1,meningioma,0.0091159027,0.9791091084,0.0061898334,0.0055852011
10796,"/kaggle/input/datasets/arafatrahmann/my-data221/Epic and CSCR hospital Dataset/Test/meningioma/M_812.jpg",1,meningioma,1,meningioma,0.0099985497,0.9790260196,0.0068835551,0.0040918845
10803,"/kaggle/input/datasets/arafatrahmann/my-data221/Epic and CSCR hospital Dataset/Test/meningioma/M_813.jpg",1,meningioma,1,meningioma,0.0084788119,0.9805890918,0.0060779140,0.0048541483
10807,"/kaggle/input/datasets/arafatrahmann/my-data221/Epic and CSCR hospital Dataset/Test/meningioma/M_813_RO_.jpg",1,meningioma,1,meningioma,0.0124294609,0.9726001620,0.0057804179,0.0091899820
10814,"/kaggle/input/datasets/arafatrahmann/my-data221/Epic and CSCR hospital Dataset/Test/meningioma/M_814_RO_.jpg",1,meningioma,1,meningioma,0.0073957937,0.9821603894,0.0062938249,0.0041499431
10816,"/kaggle/input/datasets/arafatrahmann/my-data221/Epic and CSCR hospital Dataset/Test/meningioma/M_814_VF_.jpg",1,meningioma,1,meningioma,0.0089300480,0.9801605940,0.0061994842,0.0047098268
10820,"/kaggle/input/datasets/arafatrahmann/my-data221/Epic and CSCR hospital Dataset/Test/meningioma/M_815_HF_.jpg",1,meningioma,1,meningioma,0.0076219449,0.9816666842,0.0064341566,0.0042772824
10823,"/kaggle/input/datasets/arafatrahmann/my-data221/Epic and CSCR hospital Dataset/Test/meningioma/M_815_VF_.jpg",1,meningioma,1,meningioma,0.0070844390,0.9823243022,0.0063080005,0.0042832363
10832,"/kaggle/input/datasets/arafatrahmann/my-data221/Epic and CSCR hospital Dataset/Test/meningioma/M_817_BR_.jpg",1,meningioma,1,meningioma,0.0059841224,0.9831959605,0.0068455124,0.0039744414
10833,"/kaggle/input/datasets/arafatrahmann/my-data221/Epic and CSCR hospital Dataset/Test/meningioma/M_817_DA_.jpg",1,meningioma,1,meningioma,0.0072423867,0.9822108150,0.0062010372,0.0043457975
10834,"/kaggle/input/datasets/arafatrahmann/my-data221/Epic and CSCR hospital Dataset/Test/meningioma/M_817_HF_.jpg",1,meningioma,1,meningioma,0.0066983528,0.9826403856,0.0063935318,0.0042677899
10842,"/kaggle/input/datasets/arafatrahmann/my-data221/Epic and CSCR hospital Dataset/Test/meningioma/M_818_RO_.jpg",1,meningioma,1,meningioma,0.0081167798,0.9811770320,0.0061781695,0.0045279572
10843,"/kaggle/input/datasets/arafatrahmann/my-data221/Epic and CSCR hospital Dataset/Test/meningioma/M_818_SP_.jpg",1,meningioma,1,meningioma,0.0159811396,0.9719057083,0.0065862401,0.0055269646
10845,"/kaggle/input/datasets/arafatrahmann/my-data221/Epic and CSCR hospital Dataset/Test/meningioma/M_819.jpg",1,meningioma,1,meningioma,0.0068126945,0.9824455976,0.0065104133,0.0042312695
10850,"/kaggle/input/datasets/arafatrahmann/my-data221/Epic and CSCR hospital Dataset/Test/meningioma/M_81_RO_.jpg",1,meningioma,1,meningioma,0.0082915323,0.9813420177,0.0061457232,0.0042207255
10851,"/kaggle/input/datasets/arafatrahmann/my-data221/Epic and CSCR hospital Dataset/Test/meningioma/M_81_SP_.jpg",1,meningioma,1,meningioma,0.0085959602,0.9810273051,0.0060717422,0.0043049962
10852,"/kaggle/input/datasets/arafatrahmann/my-data221/Epic and CSCR hospital Dataset/Test/meningioma/M_81_VF_.jpg",1,meningioma,1,meningioma,0.0078105940,0.9817939997,0.0058657317,0.0045297416
10858,"/kaggle/input/datasets/arafatrahmann/my-data221/Epic and CSCR hospital Dataset/Test/meningioma/M_82_SP_.jpg",1,meningioma,1,meningioma,0.0080651511,0.9818256497,0.0059475787,0.0041616792
10863,"/kaggle/input/datasets/arafatrahmann/my-data221/Epic and CSCR hospital Dataset/Test/meningioma/M_83_HF_.jpg",1,meningioma,1,meningioma,0.0072877505,0.9819906950,0.0063121459,0.0044093998
10882,"/kaggle/input/datasets/arafatrahmann/my-data221/Epic and CSCR hospital Dataset/Test/meningioma/M_86_BR_.jpg",1,meningioma,1,meningioma,0.0067532128,0.9821046591,0.0070051565,0.0041369935
10914,"/kaggle/input/datasets/arafatrahmann/my-data221/Epic and CSCR hospital Dataset/Test/meningioma/image(17).jpg",1,meningioma,0,glioma,0.5537020564,0.4351592064,0.0060203383,0.0051184408
10916,"/kaggle/input/datasets/arafatrahmann/my-data221/Epic and CSCR hospital Dataset/Test/meningioma/image(19).jpg",1,meningioma,1,meningioma,0.0133295823,0.9753182530,0.0062361546,0.0051160739
10920,"/kaggle/input/datasets/arafatrahmann/my-data221/Epic and CSCR hospital Dataset/Test/meningioma/image(22).jpg",1,meningioma,1,meningioma,0.0084143514,0.9798687100,0.0085238870,0.0031930215
10922,"/kaggle/input/datasets/arafatrahmann/my-data221/Epic and CSCR hospital Dataset/Test/meningioma/image(24).jpg",1,meningioma,1,meningioma,0.0080859456,0.9808666110,0.0063647581,0.0046827160
10924,"/kaggle/input/datasets/arafatrahmann/my-data221/Epic and CSCR hospital Dataset/Test/meningioma/image(26).jpg",1,meningioma,1,meningioma,0.0182720702,0.9666078687,0.0075547039,0.0075653181
10925,"/kaggle/input/datasets/arafatrahmann/my-data221/Epic and CSCR hospital Dataset/Test/meningioma/image(43).jpg",1,meningioma,1,meningioma,0.0056132101,0.9822658300,0.0065418617,0.0055790911
10926,"/kaggle/input/datasets/arafatrahmann/my-data221/Epic and CSCR hospital Dataset/Test/meningioma/image(44).jpg",1,meningioma,1,meningioma,0.0061951876,0.9823085666,0.0067194528,0.0047767605
10927,"/kaggle/input/datasets/arafatrahmann/my-data221/Epic and CSCR hospital Dataset/Test/meningioma/image(45).jpg",1,meningioma,1,meningioma,0.0109273447,0.9769522548,0.0058226013,0.0062978393
10937,"/kaggle/input/datasets/arafatrahmann/my-data221/Epic and CSCR hospital Dataset/Test/meningioma/image(55).jpg",1,meningioma,1,meningioma,0.0082448618,0.9809646606,0.0062658666,0.0045246100
10939,"/kaggle/input/datasets/arafatrahmann/my-data221/Epic and CSCR hospital Dataset/Test/meningioma/image(57).jpg",1,meningioma,1,meningioma,0.0103456024,0.9776728749,0.0071067982,0.0048747500
10943,"/kaggle/input/datasets/arafatrahmann/my-data221/Epic and CSCR hospital Dataset/Test/meningioma/image(61).jpg",1,meningioma,1,meningioma,0.0082819778,0.9804954529,0.0065048756,0.0047177421
10944,"/kaggle/input/datasets/arafatrahmann/my-data221/Epic and CSCR hospital Dataset/Test/meningioma/image(62).jpg",1,meningioma,1,meningioma,0.0135644972,0.9751219749,0.0060850261,0.0052285385
10946,"/kaggle/input/datasets/arafatrahmann/my-data221/Epic and CSCR hospital Dataset/Test/meningioma/image(64).jpg",1,meningioma,1,meningioma,0.0096425815,0.9779816866,0.0064153732,0.0059603537
10949,"/kaggle/input/datasets/arafatrahmann/my-data221/Epic and CSCR hospital Dataset/Test/meningioma/image(67).jpg",1,meningioma,1,meningioma,0.0099808192,0.9790560603,0.0068770559,0.0040860409
10950,"/kaggle/input/datasets/arafatrahmann/my-data221/Epic and CSCR hospital Dataset/Test/meningioma/image(68).jpg",1,meningioma,1,meningioma,0.0087280003,0.9793307185,0.0065581216,0.0053830631
10960,"/kaggle/input/datasets/arafatrahmann/my-data221/Epic and CSCR hospital Dataset/Test/notumor/1116.jpg",2,notumor,2,notumor,0.0050095217,0.0097877206,0.9730862379,0.0121164722
10961,"/kaggle/input/datasets/arafatrahmann/my-data221/Epic and CSCR hospital Dataset/Test/notumor/1117.jpg",2,notumor,2,notumor,0.0054114135,0.0102539342,0.9713894129,0.0129452962
10965,"/kaggle/input/datasets/arafatrahmann/my-data221/Epic and CSCR hospital Dataset/Test/notumor/1121.jpg",2,notumor,2,notumor,0.0044679372,0.0118627120,0.9698017240,0.0138676669
10968,"/kaggle/input/datasets/arafatrahmann/my-data221/Epic and CSCR hospital Dataset/Test/notumor/1124.jpg",2,notumor,2,notumor,0.1012806669,0.0099681420,0.8763328791,0.0124183642
10972,"/kaggle/input/datasets/arafatrahmann/my-data221/Epic and CSCR hospital Dataset/Test/notumor/1128.jpg",2,notumor,2,notumor,0.0055529126,0.0139385816,0.9684089422,0.0120995762
10985,"/kaggle/input/datasets/arafatrahmann/my-data221/Epic and CSCR hospital Dataset/Test/notumor/1141.jpg",2,notumor,2,notumor,0.0074109682,0.0095040929,0.9714050293,0.0116798664
10988,"/kaggle/input/datasets/arafatrahmann/my-data221/Epic and CSCR hospital Dataset/Test/notumor/1144.jpg",2,notumor,2,notumor,0.0061273682,0.0119701074,0.9694306254,0.0124718780
10996,"/kaggle/input/datasets/arafatrahmann/my-data221/Epic and CSCR hospital Dataset/Test/notumor/1154.jpg",2,notumor,2,notumor,0.0066704252,0.0099923378,0.9718681574,0.0114690587
10997,"/kaggle/input/datasets/arafatrahmann/my-data221/Epic and CSCR hospital Dataset/Test/notumor/1155.jpg",2,notumor,2,notumor,0.0045966431,0.0116902785,0.9707692862,0.0129437493
11003,"/kaggle/input/datasets/arafatrahmann/my-data221/Epic and CSCR hospital Dataset/Test/notumor/1161.jpg",2,notumor,2,notumor,0.0065483889,0.0102821300,0.9701334238,0.0130362231
11006,"/kaggle/input/datasets/arafatrahmann/my-data221/Epic and CSCR hospital Dataset/Test/notumor/1164.jpg",2,notumor,2,notumor,0.0051829768,0.0117719118,0.9694181681,0.0136269303
11014,"/kaggle/input/datasets/arafatrahmann/my-data221/Epic and CSCR hospital Dataset/Test/notumor/1172.jpg",2,notumor,2,notumor,0.0176196154,0.0093169603,0.9603370428,0.0127264084
11020,"/kaggle/input/datasets/arafatrahmann/my-data221/Epic and CSCR hospital Dataset/Test/notumor/1178.jpg",2,notumor,2,notumor,0.0051911054,0.0090431329,0.9682649374,0.0175007395
11023,"/kaggle/input/datasets/arafatrahmann/my-data221/Epic and CSCR hospital Dataset/Test/notumor/1181.jpg",2,notumor,2,notumor,0.0051027159,0.0103817945,0.9703472853,0.0141680688
11027,"/kaggle/input/datasets/arafatrahmann/my-data221/Epic and CSCR hospital Dataset/Test/notumor/1185.jpg",2,notumor,2,notumor,0.0102883773,0.0072618211,0.9702418447,0.0122080129
11037,"/kaggle/input/datasets/arafatrahmann/my-data221/Epic and CSCR hospital Dataset/Test/notumor/1195.jpg",2,notumor,2,notumor,0.0073151039,0.0093049332,0.9706643224,0.0127156200
11040,"/kaggle/input/datasets/arafatrahmann/my-data221/Epic and CSCR hospital Dataset/Test/notumor/1198.jpg",2,notumor,2,notumor,0.0088871447,0.0112774353,0.9689679146,0.0108675072
11041,"/kaggle/input/datasets/arafatrahmann/my-data221/Epic and CSCR hospital Dataset/Test/notumor/1199.jpg",2,notumor,2,notumor,0.0067592720,0.0097738774,0.9719218016,0.0115450975
11056,"/kaggle/input/datasets/arafatrahmann/my-data221/Epic and CSCR hospital Dataset/Test/notumor/1214.jpg",2,notumor,2,notumor,0.0043994533,0.0104655912,0.9696568251,0.0154781770
11057,"/kaggle/input/datasets/arafatrahmann/my-data221/Epic and CSCR hospital Dataset/Test/notumor/1215.jpg",2,notumor,2,notumor,0.0050219456,0.0107926745,0.9698011279,0.0143842697
11059,"/kaggle/input/datasets/arafatrahmann/my-data221/Epic and CSCR hospital Dataset/Test/notumor/1217.jpg",2,notumor,2,notumor,0.0082931705,0.0099523077,0.9705299139,0.0112246117
11065,"/kaggle/input/datasets/arafatrahmann/my-data221/Epic and CSCR hospital Dataset/Test/notumor/1223.jpg",2,notumor,2,notumor,0.0054339580,0.0098788617,0.9709169269,0.0137701388
11067,"/kaggle/input/datasets/arafatrahmann/my-data221/Epic and CSCR hospital Dataset/Test/notumor/1225.jpg",2,notumor,2,notumor,0.0190493204,0.0086483350,0.9631950259,0.0091073904
11085,"/kaggle/input/datasets/arafatrahmann/my-data221/Epic and CSCR hospital Dataset/Test/notumor/1243.jpg",2,notumor,2,notumor,0.0081095770,0.0087591615,0.9710187912,0.0121124741
11086,"/kaggle/input/datasets/arafatrahmann/my-data221/Epic and CSCR hospital Dataset/Test/notumor/1244.jpg",2,notumor,2,notumor,0.0065935538,0.0091969259,0.9697658420,0.0144437281
11090,"/kaggle/input/datasets/arafatrahmann/my-data221/Epic and CSCR hospital Dataset/Test/notumor/1248.jpg",2,notumor,2,notumor,0.0053727929,0.0096885692,0.9696642160,0.0152744334
11112,"/kaggle/input/datasets/arafatrahmann/my-data221/Epic and CSCR hospital Dataset/Test/notumor/1270.jpg",2,notumor,2,notumor,0.0047637108,0.0122382212,0.9692943692,0.0137037514
11115,"/kaggle/input/datasets/arafatrahmann/my-data221/Epic and CSCR hospital Dataset/Test/notumor/1273.jpg",2,notumor,2,notumor,0.0057765683,0.0118934801,0.9703997374,0.0119301472
11125,"/kaggle/input/datasets/arafatrahmann/my-data221/Epic and CSCR hospital Dataset/Test/notumor/1283.jpg",2,notumor,2,notumor,0.0104155568,0.0081684915,0.9702817798,0.0111340713
11127,"/kaggle/input/datasets/arafatrahmann/my-data221/Epic and CSCR hospital Dataset/Test/notumor/1285.jpg",2,notumor,2,notumor,0.0085334424,0.0084647778,0.9698902965,0.0131115215
11130,"/kaggle/input/datasets/arafatrahmann/my-data221/Epic and CSCR hospital Dataset/Test/notumor/1288.jpg",2,notumor,2,notumor,0.0048094778,0.0125242528,0.9687601924,0.0139060710
11134,"/kaggle/input/datasets/arafatrahmann/my-data221/Epic and CSCR hospital Dataset/Test/notumor/1292.jpg",2,notumor,2,notumor,0.0056150504,0.0101436889,0.9714822769,0.0127589311
11135,"/kaggle/input/datasets/arafatrahmann/my-data221/Epic and CSCR hospital Dataset/Test/notumor/1293.jpg",2,notumor,2,notumor,0.0041479901,0.0129308729,0.9695205688,0.0134005938
11138,"/kaggle/input/datasets/arafatrahmann/my-data221/Epic and CSCR hospital Dataset/Test/notumor/1296.jpg",2,notumor,2,notumor,0.0050415425,0.0105813872,0.9689437747,0.0154332696
11143,"/kaggle/input/datasets/arafatrahmann/my-data221/Epic and CSCR hospital Dataset/Test/notumor/1301.jpg",2,notumor,2,notumor,0.0292366184,0.0073306784,0.9540535212,0.0093791885
11146,"/kaggle/input/datasets/arafatrahmann/my-data221/Epic and CSCR hospital Dataset/Test/notumor/1304.jpg",2,notumor,2,notumor,0.0046293875,0.0109778792,0.9700896144,0.0143031823
11148,"/kaggle/input/datasets/arafatrahmann/my-data221/Epic and CSCR hospital Dataset/Test/notumor/1306.jpg",2,notumor,2,notumor,0.0069512213,0.0081768828,0.9694277048,0.0154442042
11149,"/kaggle/input/datasets/arafatrahmann/my-data221/Epic and CSCR hospital Dataset/Test/notumor/1307.jpg",2,notumor,2,notumor,0.0061769569,0.0098785255,0.9707926512,0.0131519344
11159,"/kaggle/input/datasets/arafatrahmann/my-data221/Epic and CSCR hospital Dataset/Test/notumor/1317.jpg",2,notumor,2,notumor,0.0054343734,0.0100085456,0.9705464244,0.0140105458
11165,"/kaggle/input/datasets/arafatrahmann/my-data221/Epic and CSCR hospital Dataset/Test/notumor/1323.jpg",2,notumor,2,notumor,0.0068800254,0.0101973694,0.9713161588,0.0116064372
11169,"/kaggle/input/datasets/arafatrahmann/my-data221/Epic and CSCR hospital Dataset/Test/notumor/1327.jpg",2,notumor,2,notumor,0.0053521409,0.0108989039,0.9687771797,0.0149716865
11173,"/kaggle/input/datasets/arafatrahmann/my-data221/Epic and CSCR hospital Dataset/Test/notumor/1331.jpg",2,notumor,2,notumor,0.0049917926,0.0095358612,0.9687388539,0.0167335905
11180,"/kaggle/input/datasets/arafatrahmann/my-data221/Epic and CSCR hospital Dataset/Test/notumor/1338.jpg",2,notumor,2,notumor,0.0059707044,0.0101532834,0.9711324573,0.0127435373
11181,"/kaggle/input/datasets/arafatrahmann/my-data221/Epic and CSCR hospital Dataset/Test/notumor/1339.jpg",2,notumor,2,notumor,0.0064737038,0.0108878724,0.9706494212,0.0119889211
11197,"/kaggle/input/datasets/arafatrahmann/my-data221/Epic and CSCR hospital Dataset/Test/notumor/1355.jpg",2,notumor,2,notumor,0.0063451380,0.0098628141,0.9702226520,0.0135694491
11202,"/kaggle/input/datasets/arafatrahmann/my-data221/Epic and CSCR hospital Dataset/Test/notumor/1360.jpg",2,notumor,2,notumor,0.0052596489,0.0119536631,0.9703143239,0.0124724358
11209,"/kaggle/input/datasets/arafatrahmann/my-data221/Epic and CSCR hospital Dataset/Test/notumor/1367.jpg",2,notumor,2,notumor,0.0053755031,0.0099441577,0.9711664915,0.0135137420
11234,"/kaggle/input/datasets/arafatrahmann/my-data221/Epic and CSCR hospital Dataset/Test/notumor/1392.jpg",2,notumor,2,notumor,0.0046037668,0.0116618183,0.9708034396,0.0129309297
11236,"/kaggle/input/datasets/arafatrahmann/my-data221/Epic and CSCR hospital Dataset/Test/notumor/1394.jpg",2,notumor,2,notumor,0.0060427785,0.0092068417,0.9720226526,0.0127277691
11244,"/kaggle/input/datasets/arafatrahmann/my-data221/Epic and CSCR hospital Dataset/Test/notumor/1402.jpg",2,notumor,2,notumor,0.0056821709,0.0092498288,0.9676554799,0.0174125917
11245,"/kaggle/input/datasets/arafatrahmann/my-data221/Epic and CSCR hospital Dataset/Test/notumor/1403.jpg",2,notumor,2,notumor,0.0055214455,0.0106989658,0.9707378149,0.0130418185
11250,"/kaggle/input/datasets/arafatrahmann/my-data221/Epic and CSCR hospital Dataset/Test/notumor/1408.jpg",2,notumor,2,notumor,0.0048375023,0.0117192920,0.9697653651,0.0136778178
11253,"/kaggle/input/datasets/arafatrahmann/my-data221/Epic and CSCR hospital Dataset/Test/notumor/1411.jpg",2,notumor,2,notumor,0.0067325793,0.0096493904,0.9717522860,0.0118658077
11256,"/kaggle/input/datasets/arafatrahmann/my-data221/Epic and CSCR hospital Dataset/Test/notumor/1414.jpg",2,notumor,2,notumor,0.0064184675,0.0104619097,0.9710847139,0.0120349154
11261,"/kaggle/input/datasets/arafatrahmann/my-data221/Epic and CSCR hospital Dataset/Test/notumor/1419.jpg",2,notumor,2,notumor,0.0059703467,0.0105164051,0.9709773064,0.0125359148
11267,"/kaggle/input/datasets/arafatrahmann/my-data221/Epic and CSCR hospital Dataset/Test/notumor/1425.jpg",2,notumor,2,notumor,0.0084073599,0.0093215611,0.9710195661,0.0112515250
11268,"/kaggle/input/datasets/arafatrahmann/my-data221/Epic and CSCR hospital Dataset/Test/notumor/1426.jpg",2,notumor,2,notumor,0.0290598273,0.0081419023,0.9512960315,0.0115022063
11287,"/kaggle/input/datasets/arafatrahmann/my-data221/Epic and CSCR hospital Dataset/Test/notumor/1445.jpg",2,notumor,2,notumor,0.0064886371,0.0106896730,0.9705766439,0.0122451158
11297,"/kaggle/input/datasets/arafatrahmann/my-data221/Epic and CSCR hospital Dataset/Test/notumor/1455.jpg",2,notumor,2,notumor,0.0058809337,0.0102893403,0.9700797796,0.0137499720
11301,"/kaggle/input/datasets/arafatrahmann/my-data221/Epic and CSCR hospital Dataset/Test/notumor/1459.jpg",2,notumor,2,notumor,0.0068906150,0.0098206270,0.9694483876,0.0138403699
11304,"/kaggle/input/datasets/arafatrahmann/my-data221/Epic and CSCR hospital Dataset/Test/notumor/1462.jpg",2,notumor,2,notumor,0.0109689590,0.0078057959,0.9696041346,0.0116210803
11315,"/kaggle/input/datasets/arafatrahmann/my-data221/Epic and CSCR hospital Dataset/Test/notumor/1473.jpg",2,notumor,2,notumor,0.0046259137,0.0123853153,0.9686624408,0.0143264066
11317,"/kaggle/input/datasets/arafatrahmann/my-data221/Epic and CSCR hospital Dataset/Test/notumor/1475.jpg",2,notumor,2,notumor,0.0072713071,0.0095842667,0.9701922536,0.0129521461
11327,"/kaggle/input/datasets/arafatrahmann/my-data221/Epic and CSCR hospital Dataset/Test/notumor/1485.jpg",2,notumor,2,notumor,0.0051234588,0.0108107449,0.9716569781,0.0124088228
11329,"/kaggle/input/datasets/arafatrahmann/my-data221/Epic and CSCR hospital Dataset/Test/notumor/1487.jpg",2,notumor,2,notumor,0.0062426445,0.0106713455,0.9705200195,0.0125659527
11344,"/kaggle/input/datasets/arafatrahmann/my-data221/Epic and CSCR hospital Dataset/Test/notumor/1502.jpg",2,notumor,2,notumor,0.0063819662,0.0090339333,0.9706335068,0.0139505863
11346,"/kaggle/input/datasets/arafatrahmann/my-data221/Epic and CSCR hospital Dataset/Test/notumor/1504.jpg",2,notumor,2,notumor,0.0096556563,0.0084327972,0.9695540667,0.0123574678
11347,"/kaggle/input/datasets/arafatrahmann/my-data221/Epic and CSCR hospital Dataset/Test/notumor/1505.jpg",2,notumor,2,notumor,0.0099381823,0.0082983868,0.9711122513,0.0106512103
11348,"/kaggle/input/datasets/arafatrahmann/my-data221/Epic and CSCR hospital Dataset/Test/notumor/1506.jpg",2,notumor,2,notumor,0.0060381731,0.0106666125,0.9708534479,0.0124417711
11354,"/kaggle/input/datasets/arafatrahmann/my-data221/Epic and CSCR hospital Dataset/Test/notumor/1512.jpg",2,notumor,2,notumor,0.0062033292,0.0087890774,0.9686385989,0.0163688902
11358,"/kaggle/input/datasets/arafatrahmann/my-data221/Epic and CSCR hospital Dataset/Test/notumor/1516.jpg",2,notumor,2,notumor,0.0061227451,0.0087419450,0.9706615210,0.0144737242
11361,"/kaggle/input/datasets/arafatrahmann/my-data221/Epic and CSCR hospital Dataset/Test/notumor/1519.jpg",2,notumor,2,notumor,0.0044041304,0.0128277941,0.9682331085,0.0145349205
11376,"/kaggle/input/datasets/arafatrahmann/my-data221/Epic and CSCR hospital Dataset/Test/notumor/1534.jpg",2,notumor,2,notumor,0.0089787887,0.0093824249,0.9713161588,0.0103226807
11377,"/kaggle/input/datasets/arafatrahmann/my-data221/Epic and CSCR hospital Dataset/Test/notumor/1535.jpg",2,notumor,2,notumor,0.0047313948,0.0127685638,0.9696712494,0.0128288288
11379,"/kaggle/input/datasets/arafatrahmann/my-data221/Epic and CSCR hospital Dataset/Test/notumor/1537.jpg",2,notumor,2,notumor,0.0052872160,0.0102727348,0.9703989029,0.0140410960
11386,"/kaggle/input/datasets/arafatrahmann/my-data221/Epic and CSCR hospital Dataset/Test/notumor/1544.jpg",2,notumor,2,notumor,0.0053292392,0.0099411132,0.9716583490,0.0130713582
11388,"/kaggle/input/datasets/arafatrahmann/my-data221/Epic and CSCR hospital Dataset/Test/notumor/1546.jpg",2,notumor,2,notumor,0.0052631027,0.0103120375,0.9697936177,0.0146311624
11395,"/kaggle/input/datasets/arafatrahmann/my-data221/Epic and CSCR hospital Dataset/Test/notumor/1553.jpg",2,notumor,2,notumor,0.1912492216,0.0077462518,0.7922393084,0.0087652681
11399,"/kaggle/input/datasets/arafatrahmann/my-data221/Epic and CSCR hospital Dataset/Test/notumor/1557.jpg",2,notumor,2,notumor,0.0071022636,0.0095933955,0.9712038040,0.0121005783
11401,"/kaggle/input/datasets/arafatrahmann/my-data221/Epic and CSCR hospital Dataset/Test/notumor/1559.jpg",2,notumor,2,notumor,0.0043722512,0.0117226718,0.9691168070,0.0147883696
11403,"/kaggle/input/datasets/arafatrahmann/my-data221/Epic and CSCR hospital Dataset/Test/notumor/1561.jpg",2,notumor,2,notumor,0.0057236389,0.0112071251,0.9697219133,0.0133473892
11404,"/kaggle/input/datasets/arafatrahmann/my-data221/Epic and CSCR hospital Dataset/Test/notumor/1562.jpg",2,notumor,2,notumor,0.0066496693,0.0078270519,0.9696667790,0.0158565976
11405,"/kaggle/input/datasets/arafatrahmann/my-data221/Epic and CSCR hospital Dataset/Test/notumor/1563.jpg",2,notumor,2,notumor,0.0056395591,0.0104951281,0.9704368711,0.0134283360
11406,"/kaggle/input/datasets/arafatrahmann/my-data221/Epic and CSCR hospital Dataset/Test/notumor/1564.jpg",2,notumor,2,notumor,0.0051729223,0.0114943776,0.9699565768,0.0133761270
11410,"/kaggle/input/datasets/arafatrahmann/my-data221/Epic and CSCR hospital Dataset/Test/notumor/1568.jpg",2,notumor,2,notumor,0.0075759776,0.0101579158,0.9698566198,0.0124094626
11429,"/kaggle/input/datasets/arafatrahmann/my-data221/Epic and CSCR hospital Dataset/Test/notumor/41 no.jpg",2,notumor,2,notumor,0.0060778083,0.0120489961,0.9695115089,0.0123616913
11436,"/kaggle/input/datasets/arafatrahmann/my-data221/Epic and CSCR hospital Dataset/Test/notumor/48 no.jpeg",2,notumor,2,notumor,0.0064114146,0.0115814740,0.9693328738,0.0126742916
11448,"/kaggle/input/datasets/arafatrahmann/my-data221/Epic and CSCR hospital Dataset/Test/pituitary/1218.jpg",3,pituitary,3,pituitary,0.0069119306,0.0091462955,0.0060872245,0.9778545499
11455,"/kaggle/input/datasets/arafatrahmann/my-data221/Epic and CSCR hospital Dataset/Test/pituitary/1225.jpg",3,pituitary,3,pituitary,0.0079222964,0.0128399953,0.0051093451,0.9741283655
11458,"/kaggle/input/datasets/arafatrahmann/my-data221/Epic and CSCR hospital Dataset/Test/pituitary/1228.jpg",3,pituitary,3,pituitary,0.0082630217,0.0093747173,0.0067847455,0.9755775332
11463,"/kaggle/input/datasets/arafatrahmann/my-data221/Epic and CSCR hospital Dataset/Test/pituitary/1233.jpg",3,pituitary,3,pituitary,0.0065720463,0.0080232713,0.0058847596,0.9795198441
11465,"/kaggle/input/datasets/arafatrahmann/my-data221/Epic and CSCR hospital Dataset/Test/pituitary/1235.jpg",3,pituitary,3,pituitary,0.0066441470,0.0074934149,0.0058936831,0.9799687266
11475,"/kaggle/input/datasets/arafatrahmann/my-data221/Epic and CSCR hospital Dataset/Test/pituitary/1245.jpg",3,pituitary,3,pituitary,0.0063735992,0.0084462184,0.0057644560,0.9794157147
11477,"/kaggle/input/datasets/arafatrahmann/my-data221/Epic and CSCR hospital Dataset/Test/pituitary/1247.jpg",3,pituitary,3,pituitary,0.0068502566,0.0086388215,0.0060306080,0.9784803391
11482,"/kaggle/input/datasets/arafatrahmann/my-data221/Epic and CSCR hospital Dataset/Test/pituitary/1252.jpg",3,pituitary,3,pituitary,0.0060706595,0.0072867735,0.0060110753,0.9806315303
11486,"/kaggle/input/datasets/arafatrahmann/my-data221/Epic and CSCR hospital Dataset/Test/pituitary/1256.jpg",3,pituitary,3,pituitary,0.0067445762,0.0092075579,0.0059662159,0.9780815840
11495,"/kaggle/input/datasets/arafatrahmann/my-data221/Epic and CSCR hospital Dataset/Test/pituitary/1265.jpg",3,pituitary,3,pituitary,0.0073940130,0.0079989480,0.0083923787,0.9762147069
11498,"/kaggle/input/datasets/arafatrahmann/my-data221/Epic and CSCR hospital Dataset/Test/pituitary/1268.jpg",3,pituitary,3,pituitary,0.0066554630,0.0093262848,0.0069896220,0.9770286679
11499,"/kaggle/input/datasets/arafatrahmann/my-data221/Epic and CSCR hospital Dataset/Test/pituitary/1269.jpg",3,pituitary,3,pituitary,0.0067767641,0.0078988019,0.0062112515,0.9791132212
11515,"/kaggle/input/datasets/arafatrahmann/my-data221/Epic and CSCR hospital Dataset/Test/pituitary/1285.jpg",3,pituitary,3,pituitary,0.0062621227,0.0092020016,0.0064167618,0.9781190753
11518,"/kaggle/input/datasets/arafatrahmann/my-data221/Epic and CSCR hospital Dataset/Test/pituitary/1288.jpg",3,pituitary,3,pituitary,0.0068815113,0.0099241156,0.0055130799,0.9776812792
11521,"/kaggle/input/datasets/arafatrahmann/my-data221/Epic and CSCR hospital Dataset/Test/pituitary/1291.jpg",3,pituitary,3,pituitary,0.0077855163,0.0126439603,0.0060464391,0.9735242128
11528,"/kaggle/input/datasets/arafatrahmann/my-data221/Epic and CSCR hospital Dataset/Test/pituitary/1298.jpg",3,pituitary,3,pituitary,0.0061894571,0.0076690824,0.0060583139,0.9800831079
11530,"/kaggle/input/datasets/arafatrahmann/my-data221/Epic and CSCR hospital Dataset/Test/pituitary/1300.jpg",3,pituitary,3,pituitary,0.0069682971,0.0100049274,0.0059847771,0.9770420194
11532,"/kaggle/input/datasets/arafatrahmann/my-data221/Epic and CSCR hospital Dataset/Test/pituitary/1302.jpg",3,pituitary,3,pituitary,0.0066129281,0.0094493628,0.0057961345,0.9781416059
11534,"/kaggle/input/datasets/arafatrahmann/my-data221/Epic and CSCR hospital Dataset/Test/pituitary/1304.jpg",3,pituitary,3,pituitary,0.0072932160,0.0254830215,0.0047871489,0.9624366760
11537,"/kaggle/input/datasets/arafatrahmann/my-data221/Epic and CSCR hospital Dataset/Test/pituitary/1307.jpg",3,pituitary,3,pituitary,0.0064522177,0.0077993022,0.0065090074,0.9792395830
11538,"/kaggle/input/datasets/arafatrahmann/my-data221/Epic and CSCR hospital Dataset/Test/pituitary/1308.jpg",3,pituitary,3,pituitary,0.0061894823,0.0081537841,0.0057835849,0.9798730612
11542,"/kaggle/input/datasets/arafatrahmann/my-data221/Epic and CSCR hospital Dataset/Test/pituitary/1312.jpg",3,pituitary,3,pituitary,0.0062266649,0.0077046403,0.0058461307,0.9802225232
11544,"/kaggle/input/datasets/arafatrahmann/my-data221/Epic and CSCR hospital Dataset/Test/pituitary/1314.jpg",3,pituitary,3,pituitary,0.0066477060,0.0082882680,0.0061280029,0.9789360166
11545,"/kaggle/input/datasets/arafatrahmann/my-data221/Epic and CSCR hospital Dataset/Test/pituitary/1315.jpg",3,pituitary,3,pituitary,0.0065810196,0.0077348626,0.0060174246,0.9796667099
11550,"/kaggle/input/datasets/arafatrahmann/my-data221/Epic and CSCR hospital Dataset/Test/pituitary/1320.jpg",3,pituitary,3,pituitary,0.0060205739,0.0079421401,0.0086411163,0.9773961902
11555,"/kaggle/input/datasets/arafatrahmann/my-data221/Epic and CSCR hospital Dataset/Test/pituitary/1325.jpg",3,pituitary,3,pituitary,0.0060678734,0.0089078825,0.0062422035,0.9787820578
11558,"/kaggle/input/datasets/arafatrahmann/my-data221/Epic and CSCR hospital Dataset/Test/pituitary/1328.jpg",3,pituitary,3,pituitary,0.0059403633,0.0071407645,0.0057653328,0.9811536074
11574,"/kaggle/input/datasets/arafatrahmann/my-data221/Epic and CSCR hospital Dataset/Test/pituitary/1344.jpg",3,pituitary,3,pituitary,0.0065353746,0.0081082638,0.0062217540,0.9791345596
11576,"/kaggle/input/datasets/arafatrahmann/my-data221/Epic and CSCR hospital Dataset/Test/pituitary/1346.jpg",3,pituitary,3,pituitary,0.0068045063,0.0094482796,0.0059510916,0.9777960777
11580,"/kaggle/input/datasets/arafatrahmann/my-data221/Epic and CSCR hospital Dataset/Test/pituitary/1350.jpg",3,pituitary,3,pituitary,0.0067547625,0.0089871492,0.0059546866,0.9783034325
11583,"/kaggle/input/datasets/arafatrahmann/my-data221/Epic and CSCR hospital Dataset/Test/pituitary/1353.jpg",3,pituitary,3,pituitary,0.0069776727,0.0087832650,0.0065456936,0.9776933789
11590,"/kaggle/input/datasets/arafatrahmann/my-data221/Epic and CSCR hospital Dataset/Test/pituitary/1360.jpg",3,pituitary,3,pituitary,0.0064461702,0.0095502734,0.0059121074,0.9780914187
11591,"/kaggle/input/datasets/arafatrahmann/my-data221/Epic and CSCR hospital Dataset/Test/pituitary/1361.jpg",3,pituitary,3,pituitary,0.0061509111,0.0080657247,0.0061565386,0.9796267748
11594,"/kaggle/input/datasets/arafatrahmann/my-data221/Epic and CSCR hospital Dataset/Test/pituitary/1364.jpg",3,pituitary,3,pituitary,0.0061168163,0.0071566589,0.0063002752,0.9804261923
11595,"/kaggle/input/datasets/arafatrahmann/my-data221/Epic and CSCR hospital Dataset/Test/pituitary/1365.jpg",3,pituitary,3,pituitary,0.0064630313,0.0077942796,0.0061672758,0.9795753360
11599,"/kaggle/input/datasets/arafatrahmann/my-data221/Epic and CSCR hospital Dataset/Test/pituitary/1369.jpg",3,pituitary,3,pituitary,0.0069629522,0.0098185707,0.0057710232,0.9774473310
11608,"/kaggle/input/datasets/arafatrahmann/my-data221/Epic and CSCR hospital Dataset/Test/pituitary/1378.jpg",3,pituitary,3,pituitary,0.0072349133,0.0085897055,0.0083868047,0.9757884741
11615,"/kaggle/input/datasets/arafatrahmann/my-data221/Epic and CSCR hospital Dataset/Test/pituitary/1385.jpg",3,pituitary,3,pituitary,0.0061674099,0.0086004538,0.0057443557,0.9794877768
11616,"/kaggle/input/datasets/arafatrahmann/my-data221/Epic and CSCR hospital Dataset/Test/pituitary/1386.jpg",3,pituitary,3,pituitary,0.0088838581,0.0145414751,0.0056850417,0.9708895683
11624,"/kaggle/input/datasets/arafatrahmann/my-data221/Epic and CSCR hospital Dataset/Test/pituitary/1394.jpg",3,pituitary,3,pituitary,0.0073154792,0.0076468484,0.0073709437,0.9776667356
11626,"/kaggle/input/datasets/arafatrahmann/my-data221/Epic and CSCR hospital Dataset/Test/pituitary/1396.jpg",3,pituitary,3,pituitary,0.0076820194,0.0114004407,0.0065203137,0.9743971825
11642,"/kaggle/input/datasets/arafatrahmann/my-data221/Epic and CSCR hospital Dataset/Test/pituitary/1412.jpg",3,pituitary,3,pituitary,0.0064479038,0.0092404140,0.0057088602,0.9786027670
11644,"/kaggle/input/datasets/arafatrahmann/my-data221/Epic and CSCR hospital Dataset/Test/pituitary/1414.jpg",3,pituitary,3,pituitary,0.0064449832,0.0079670716,0.0062825354,0.9793053865
11647,"/kaggle/input/datasets/arafatrahmann/my-data221/Epic and CSCR hospital Dataset/Test/pituitary/1417.jpg",3,pituitary,3,pituitary,0.0086994264,0.0193759184,0.0053032683,0.9666212797
11649,"/kaggle/input/datasets/arafatrahmann/my-data221/Epic and CSCR hospital Dataset/Test/pituitary/1419.jpg",3,pituitary,3,pituitary,0.0067308322,0.0088282982,0.0063146250,0.9781263471
11650,"/kaggle/input/datasets/arafatrahmann/my-data221/Epic and CSCR hospital Dataset/Test/pituitary/1420.jpg",3,pituitary,3,pituitary,0.0062165521,0.0089857485,0.0060441094,0.9787535667
11651,"/kaggle/input/datasets/arafatrahmann/my-data221/Epic and CSCR hospital Dataset/Test/pituitary/1421.jpg",3,pituitary,3,pituitary,0.0063431314,0.0077026999,0.0058780918,0.9800760150
11654,"/kaggle/input/datasets/arafatrahmann/my-data221/Epic and CSCR hospital Dataset/Test/pituitary/1424.jpg",3,pituitary,3,pituitary,0.0064659594,0.0081224712,0.0060267239,0.9793847799
11663,"/kaggle/input/datasets/arafatrahmann/my-data221/Epic and CSCR hospital Dataset/Test/pituitary/1433.jpg",3,pituitary,3,pituitary,0.0070167989,0.0095389150,0.0061391285,0.9773051143
11674,"/kaggle/input/datasets/arafatrahmann/my-data221/Epic and CSCR hospital Dataset/Test/pituitary/1444.jpg",3,pituitary,3,pituitary,0.0101223616,0.0162249301,0.0057874331,0.9678652883
11682,"/kaggle/input/datasets/arafatrahmann/my-data221/Epic and CSCR hospital Dataset/Test/pituitary/1452.jpg",3,pituitary,3,pituitary,0.0073485458,0.0099683944,0.0061671799,0.9765158892
11690,"/kaggle/input/datasets/arafatrahmann/my-data221/Epic and CSCR hospital Dataset/Test/pituitary/1460.jpg",3,pituitary,3,pituitary,0.0063965335,0.0083816443,0.0062968908,0.9789249301
11695,"/kaggle/input/datasets/arafatrahmann/my-data221/Epic and CSCR hospital Dataset/Test/pituitary/1465.jpg",3,pituitary,3,pituitary,0.0114364028,0.0177625176,0.0058383872,0.9649627805
11698,"/kaggle/input/datasets/arafatrahmann/my-data221/Epic and CSCR hospital Dataset/Test/pituitary/1468.jpg",3,pituitary,3,pituitary,0.0066438457,0.0089574521,0.0064775534,0.9779211283
11701,"/kaggle/input/datasets/arafatrahmann/my-data221/Epic and CSCR hospital Dataset/Test/pituitary/1471.jpg",3,pituitary,3,pituitary,0.0085931998,0.0129790483,0.0062560374,0.9721716642
11702,"/kaggle/input/datasets/arafatrahmann/my-data221/Epic and CSCR hospital Dataset/Test/pituitary/1472.jpg",3,pituitary,3,pituitary,0.0072311349,0.0157773625,0.0047151865,0.9722763300
11709,"/kaggle/input/datasets/arafatrahmann/my-data221/Epic and CSCR hospital Dataset/Test/pituitary/1479.jpg",3,pituitary,3,pituitary,0.0066820309,0.0095938314,0.0055851056,0.9781390429
11714,"/kaggle/input/datasets/arafatrahmann/my-data221/Epic and CSCR hospital Dataset/Test/pituitary/1484.jpg",3,pituitary,3,pituitary,0.0064844773,0.0079605523,0.0062938356,0.9792611003
11725,"/kaggle/input/datasets/arafatrahmann/my-data221/Epic and CSCR hospital Dataset/Test/pituitary/1495.jpg",3,pituitary,3,pituitary,0.0071119359,0.0125061888,0.0064799888,0.9739019275
11729,"/kaggle/input/datasets/arafatrahmann/my-data221/Epic and CSCR hospital Dataset/Test/pituitary/1499.jpg",3,pituitary,3,pituitary,0.0061633652,0.0077224611,0.0063748276,0.9797393680
11730,"/kaggle/input/datasets/arafatrahmann/my-data221/Epic and CSCR hospital Dataset/Test/pituitary/1500.jpg",3,pituitary,3,pituitary,0.0068254014,0.0120095862,0.0070028538,0.9741622210
11735,"/kaggle/input/datasets/arafatrahmann/my-data221/Epic and CSCR hospital Dataset/Test/pituitary/1505.jpg",3,pituitary,3,pituitary,0.0066250688,0.0082826996,0.0061011678,0.9789911509
11737,"/kaggle/input/datasets/arafatrahmann/my-data221/Epic and CSCR hospital Dataset/Test/pituitary/1507.jpg",3,pituitary,3,pituitary,0.0064242021,0.0075964378,0.0061732531,0.9798061252
11746,"/kaggle/input/datasets/arafatrahmann/my-data221/Epic and CSCR hospital Dataset/Test/pituitary/1516.jpg",3,pituitary,3,pituitary,0.0061730752,0.0085612712,0.0083099920,0.9769557118
11747,"/kaggle/input/datasets/arafatrahmann/my-data221/Epic and CSCR hospital Dataset/Test/pituitary/1517.jpg",3,pituitary,3,pituitary,0.0069855736,0.0114380009,0.0058580511,0.9757183790
11752,"/kaggle/input/datasets/arafatrahmann/my-data221/Epic and CSCR hospital Dataset/Test/pituitary/1522.jpg",3,pituitary,3,pituitary,0.0072102346,0.0127901342,0.0052556163,0.9747439623
11761,"/kaggle/input/datasets/arafatrahmann/my-data221/Epic and CSCR hospital Dataset/Test/pituitary/1531.jpg",3,pituitary,3,pituitary,0.0061659948,0.0075929202,0.0065062395,0.9797347784
11771,"/kaggle/input/datasets/arafatrahmann/my-data221/Epic and CSCR hospital Dataset/Test/pituitary/1541.jpg",3,pituitary,3,pituitary,0.0062886970,0.0070852181,0.0061918534,0.9804342389
11775,"/kaggle/input/datasets/arafatrahmann/my-data221/Epic and CSCR hospital Dataset/Test/pituitary/1545.jpg",3,pituitary,3,pituitary,0.0062525263,0.0081667230,0.0062065441,0.9793742895
11779,"/kaggle/input/datasets/arafatrahmann/my-data221/Epic and CSCR hospital Dataset/Test/pituitary/1549.jpg",3,pituitary,3,pituitary,0.0069925906,0.0099652428,0.0061031403,0.9769390821
11782,"/kaggle/input/datasets/arafatrahmann/my-data221/Epic and CSCR hospital Dataset/Test/pituitary/1552.jpg",3,pituitary,3,pituitary,0.0058561713,0.0082253478,0.0055934871,0.9803250432
11783,"/kaggle/input/datasets/arafatrahmann/my-data221/Epic and CSCR hospital Dataset/Test/pituitary/1553.jpg",3,pituitary,3,pituitary,0.0061132647,0.0083029559,0.0058730287,0.9797107577
11792,"/kaggle/input/datasets/arafatrahmann/my-data221/Epic and CSCR hospital Dataset/Test/pituitary/1562.jpg",3,pituitary,3,pituitary,0.0083779637,0.0156088993,0.0046902793,0.9713228345
11797,"/kaggle/input/datasets/arafatrahmann/my-data221/Epic and CSCR hospital Dataset/Test/pituitary/1567.jpg",3,pituitary,3,pituitary,0.0069497908,0.0080840122,0.0065562404,0.9784099460
11802,"/kaggle/input/datasets/arafatrahmann/my-data221/Epic and CSCR hospital Dataset/Test/pituitary/1572.jpg",3,pituitary,3,pituitary,0.0060249968,0.0085839834,0.0059912666,0.9793996811
11811,"/kaggle/input/datasets/arafatrahmann/my-data221/Epic and CSCR hospital Dataset/Test/pituitary/1581.jpg",3,pituitary,3,pituitary,0.0067271674,0.0089452174,0.0060958094,0.9782317877
11815,"/kaggle/input/datasets/arafatrahmann/my-data221/Epic and CSCR hospital Dataset/Test/pituitary/1585.jpg",3,pituitary,3,pituitary,0.0066890568,0.0110180806,0.0065406384,0.9757521749
11818,"/kaggle/input/datasets/arafatrahmann/my-data221/Epic and CSCR hospital Dataset/Test/pituitary/1588.jpg",3,pituitary,3,pituitary,0.0067878952,0.0093735745,0.0063995407,0.9774390459
11821,"/kaggle/input/datasets/arafatrahmann/my-data221/Epic and CSCR hospital Dataset/Test/pituitary/1591.jpg",3,pituitary,3,pituitary,0.0075129331,0.0084840674,0.0063302629,0.9776727557
11824,"/kaggle/input/datasets/arafatrahmann/my-data221/Epic and CSCR hospital Dataset/Test/pituitary/1594.jpg",3,pituitary,3,pituitary,0.0061502475,0.0086435704,0.0063478774,0.9788582921
11825,"/kaggle/input/datasets/arafatrahmann/my-data221/Epic and CSCR hospital Dataset/Test/pituitary/1595.jpg",3,pituitary,3,pituitary,0.0067624315,0.0082651619,0.0062833675,0.9786890149
11831,"/kaggle/input/datasets/arafatrahmann/my-data221/Epic and CSCR hospital Dataset/Test/pituitary/1601.jpg",3,pituitary,3,pituitary,0.0063533885,0.0078902990,0.0064804493,0.9792758822
11843,"/kaggle/input/datasets/arafatrahmann/my-data221/Epic and CSCR hospital Dataset/Test/pituitary/1613.jpg",3,pituitary,3,pituitary,0.0076692402,0.0116833095,0.0052168691,0.9754306078
11847,"/kaggle/input/datasets/arafatrahmann/my-data221/Epic and CSCR hospital Dataset/Test/pituitary/1617.jpg",3,pituitary,3,pituitary,0.0077465549,0.0106663592,0.0058104852,0.9757766724
11850,"/kaggle/input/datasets/arafatrahmann/my-data221/Epic and CSCR hospital Dataset/Test/pituitary/1643.jpg",3,pituitary,3,pituitary,0.0089117596,0.0152040776,0.0051484979,0.9707357287
11862,"/kaggle/input/datasets/arafatrahmann/my-data221/Epic and CSCR hospital Dataset/Test/pituitary/1655.jpg",3,pituitary,3,pituitary,0.0060257842,0.0622974262,0.0062589198,0.9254179001
11865,"/kaggle/input/datasets/arafatrahmann/my-data221/Epic and CSCR hospital Dataset/Test/pituitary/1658.jpg",3,pituitary,3,pituitary,0.0061428007,0.0082851080,0.0063160607,0.9792560339
11874,"/kaggle/input/datasets/arafatrahmann/my-data221/Epic and CSCR hospital Dataset/Test/pituitary/image(20).jpg",3,pituitary,3,pituitary,0.0074038543,0.0142023787,0.0048240977,0.9735696912
11875,"/kaggle/input/datasets/arafatrahmann/my-data221/Epic and CSCR hospital Dataset/Test/pituitary/image(21).jpg",3,pituitary,3,pituitary,0.0076326197,0.0147145642,0.0049176142,0.9727351069
11880,"/kaggle/input/datasets/arafatrahmann/my-data221/Epic and CSCR hospital Dataset/Test/pituitary/image(3).jpg",3,pituitary,3,pituitary,0.0062113400,0.0090097738,0.0056466707,0.9791322947
11885,"/kaggle/input/datasets/arafatrahmann/my-data221/Epic and CSCR hospital Dataset/Test/pituitary/image(36).jpg",3,pituitary,3,pituitary,0.0066011166,0.0076900795,0.0054351301,0.9802737236
11887,"/kaggle/input/datasets/arafatrahmann/my-data221/Epic and CSCR hospital Dataset/Test/pituitary/image(38).jpg",3,pituitary,3,pituitary,0.0061069769,0.0072917519,0.0055550542,0.9810461998
11892,"/kaggle/input/datasets/arafatrahmann/my-data221/Epic and CSCR hospital Dataset/Test/pituitary/image(45).jpg",3,pituitary,3,pituitary,0.0064748027,0.0068981750,0.0053433888,0.9812836647
11893,"/kaggle/input/datasets/arafatrahmann/my-data221/Epic and CSCR hospital Dataset/Test/pituitary/image(46).jpg",3,pituitary,3,pituitary,0.0062202159,0.0066487030,0.0052330741,0.9818980098
11895,"/kaggle/input/datasets/arafatrahmann/my-data221/Epic and CSCR hospital Dataset/Test/pituitary/image(48).jpg",3,pituitary,3,pituitary,0.0066233128,0.0082103405,0.0054382090,0.9797281027
11904,"/kaggle/input/datasets/arafatrahmann/my-data221/Epic and CSCR hospital Dataset/Test/pituitary/image(57).jpg",3,pituitary,3,pituitary,0.0060293796,0.0073313764,0.0051391232,0.9815001488
11909,"/kaggle/input/datasets/arafatrahmann/my-data221/Epic and CSCR hospital Dataset/Test/pituitary/image(91).jpg",3,pituitary,3,pituitary,0.0067510828,0.0074566989,0.0072083892,0.9785838127
11920,"/kaggle/input/datasets/arafatrahmann/my-data221/Epic and CSCR hospital Dataset/Test/pituitary/p (337).jpg",3,pituitary,3,pituitary,0.0063379644,0.0098110689,0.0058838753,0.9779670835
11923,"/kaggle/input/datasets/arafatrahmann/my-data221/Epic and CSCR hospital Dataset/Test/pituitary/p (36).jpg",3,pituitary,3,pituitary,0.0076357275,0.0088637564,0.0062523508,0.9772481918
11924,"/kaggle/input/datasets/arafatrahmann/my-data221/Epic and CSCR hospital Dataset/Test/pituitary/p (364).jpg",3,pituitary,3,pituitary,0.0066468813,0.0088495566,0.0063956929,0.9781078100
11925,"/kaggle/input/datasets/arafatrahmann/my-data221/Epic and CSCR hospital Dataset/Test/pituitary/p (365).jpg",3,pituitary,3,pituitary,0.0073302188,0.0094817346,0.0069986740,0.9761894345
11931,"/kaggle/input/datasets/arafatrahmann/my-data221/Epic and CSCR hospital Dataset/Test/pituitary/p (370).jpg",3,pituitary,3,pituitary,0.0066274144,0.0084514450,0.0060490873,0.9788720012
11932,"/kaggle/input/datasets/arafatrahmann/my-data221/Epic and CSCR hospital Dataset/Test/pituitary/p (371).jpg",3,pituitary,3,pituitary,0.0064883144,0.0091104228,0.0057552410,0.9786460996
11933,"/kaggle/input/datasets/arafatrahmann/my-data221/Epic and CSCR hospital Dataset/Test/pituitary/p (372).jpg",3,pituitary,3,pituitary,0.0064198151,0.0077727586,0.0058854469,0.9799219370
11946,"/kaggle/input/datasets/arafatrahmann/my-data221/Epic and CSCR hospital Dataset/Test/pituitary/p (384).jpg",3,pituitary,3,pituitary,0.0069310046,0.0087654553,0.0066049369,0.9776986241
11947,"/kaggle/input/datasets/arafatrahmann/my-data221/Epic and CSCR hospital Dataset/Test/pituitary/p (385).jpg",3,pituitary,3,pituitary,0.0064677177,0.0081917820,0.0063224509,0.9790180326
11969,"/kaggle/input/datasets/arafatrahmann/my-data221/Epic and CSCR hospital Dataset/Test/pituitary/p (404).jpg",3,pituitary,3,pituitary,0.0060084225,0.0071930639,0.0061620921,0.9806364179
11978,"/kaggle/input/datasets/arafatrahmann/my-data221/Epic and CSCR hospital Dataset/Test/pituitary/p (412).jpg",3,pituitary,3,pituitary,0.0064710439,0.0080710351,0.0060206028,0.9794372320
11987,"/kaggle/input/datasets/arafatrahmann/my-data221/Epic and CSCR hospital Dataset/Test/pituitary/p (420).jpg",3,pituitary,3,pituitary,0.0062298095,0.0090264734,0.0059219673,0.9788217545
11994,"/kaggle/input/datasets/arafatrahmann/my-data221/Epic and CSCR hospital Dataset/Test/pituitary/p (427).jpg",3,pituitary,3,pituitary,0.0064821444,0.0078325942,0.0061539812,0.9795314074
12011,"/kaggle/input/datasets/arafatrahmann/my-data221/Epic and CSCR hospital Dataset/Test/pituitary/p (442).jpg",3,pituitary,3,pituitary,0.0060436586,0.0080632987,0.0054334262,0.9804596901
12016,"/kaggle/input/datasets/arafatrahmann/my-data221/Epic and CSCR hospital Dataset/Test/pituitary/p (447).jpg",3,pituitary,3,pituitary,0.0062084976,0.0089598643,0.0056186290,0.9792130589
12017,"/kaggle/input/datasets/arafatrahmann/my-data221/Epic and CSCR hospital Dataset/Test/pituitary/p (448).jpg",3,pituitary,3,pituitary,0.0063705696,0.0076995925,0.0059836651,0.9799461365
12019,"/kaggle/input/datasets/arafatrahmann/my-data221/Epic and CSCR hospital Dataset/Test/pituitary/p (45).jpg",3,pituitary,3,pituitary,0.0065593468,0.0092504350,0.0062265573,0.9779636264
12022,"/kaggle/input/datasets/arafatrahmann/my-data221/Epic and CSCR hospital Dataset/Test/pituitary/p (452).jpg",3,pituitary,3,pituitary,0.0061375191,0.0079242866,0.0063334899,0.9796047211
12031,"/kaggle/input/datasets/arafatrahmann/my-data221/Epic and CSCR hospital Dataset/Test/pituitary/p (460).jpg",3,pituitary,3,pituitary,0.0063992850,0.0088776415,0.0061995173,0.9785236120
12032,"/kaggle/input/datasets/arafatrahmann/my-data221/Epic and CSCR hospital Dataset/Test/pituitary/p (461).jpg",3,pituitary,3,pituitary,0.0064746761,0.0089249574,0.0059706280,0.9786297083
12036,"/kaggle/input/datasets/arafatrahmann/my-data221/Epic and CSCR hospital Dataset/Test/pituitary/p (465).jpg",3,pituitary,3,pituitary,0.0063769212,0.0083399275,0.0058934591,0.9793896675
12041,"/kaggle/input/datasets/arafatrahmann/my-data221/Epic and CSCR hospital Dataset/Test/pituitary/p (47).jpg",3,pituitary,3,pituitary,0.0065855295,0.0088184625,0.0060251872,0.9785707593
12044,"/kaggle/input/datasets/arafatrahmann/my-data221/Epic and CSCR hospital Dataset/Test/pituitary/p (472).jpg",3,pituitary,3,pituitary,0.0068758875,0.0084016584,0.0064145983,0.9783078432
12045,"/kaggle/input/datasets/arafatrahmann/my-data221/Epic and CSCR hospital Dataset/Test/pituitary/p (473).jpg",3,pituitary,3,pituitary,0.0068172268,0.0084380899,0.0063620978,0.9783824682
12046,"/kaggle/input/datasets/arafatrahmann/my-data221/Epic and CSCR hospital Dataset/Test/pituitary/p (474).jpg",3,pituitary,3,pituitary,0.0064778202,0.0080611985,0.0060188980,0.9794422388
12051,"/kaggle/input/datasets/arafatrahmann/my-data221/Epic and CSCR hospital Dataset/Test/pituitary/p (479).jpg",3,pituitary,3,pituitary,0.0064079612,0.0092354696,0.0061851041,0.9781714678
12063,"/kaggle/input/datasets/arafatrahmann/my-data221/Epic and CSCR hospital Dataset/Test/pituitary/p (57).jpg",3,pituitary,3,pituitary,0.0062130690,0.0081504621,0.0059853857,0.9796510935
