sample_index,path,true_index,true_class,pred_index,pred_class,prob_glioma,prob_meningioma,prob_notumor,prob_pituitary
5,"/kaggle/input/datasets/arafat221156011/mri-dataset/Epic and CSCR hospital Dataset/Train/glioma/G_704_SP_.jpg",0,glioma,0,glioma,0.9780956507,0.0075407089,0.0072947117,0.0070689665
17,"/kaggle/input/datasets/arafat221156011/mri-dataset/Epic and CSCR hospital Dataset/Train/glioma/G_706_HF_.jpg",0,glioma,0,glioma,0.9781540632,0.0070586554,0.0091499658,0.0056373705
19,"/kaggle/input/datasets/arafat221156011/mri-dataset/Epic and CSCR hospital Dataset/Train/glioma/G_706_SP_.jpg",0,glioma,0,glioma,0.9787033796,0.0069379816,0.0082003083,0.0061583417
20,"/kaggle/input/datasets/arafat221156011/mri-dataset/Epic and CSCR hospital Dataset/Train/glioma/G_706_VF_.jpg",0,glioma,0,glioma,0.9775156975,0.0079608858,0.0085067628,0.0060165790
25,"/kaggle/input/datasets/arafat221156011/mri-dataset/Epic and CSCR hospital Dataset/Train/glioma/G_707_RO_.jpg",0,glioma,0,glioma,0.9771922231,0.0078034787,0.0078119887,0.0071922913
33,"/kaggle/input/datasets/arafat221156011/mri-dataset/Epic and CSCR hospital Dataset/Train/glioma/G_708_SP_.jpg",0,glioma,0,glioma,0.9763606787,0.0084498702,0.0078825727,0.0073069409
37,"/kaggle/input/datasets/arafat221156011/mri-dataset/Epic and CSCR hospital Dataset/Train/glioma/G_709_DA_.jpg",0,glioma,0,glioma,0.9786791801,0.0073527298,0.0081303641,0.0058377297
45,"/kaggle/input/datasets/arafat221156011/mri-dataset/Epic and CSCR hospital Dataset/Train/glioma/G_710_HF_.jpg",0,glioma,0,glioma,0.9771157503,0.0084187882,0.0081947325,0.0062707714
52,"/kaggle/input/datasets/arafat221156011/mri-dataset/Epic and CSCR hospital Dataset/Train/glioma/G_711_HF_.jpg",0,glioma,0,glioma,0.9779416323,0.0079659093,0.0077457102,0.0063468255
53,"/kaggle/input/datasets/arafat221156011/mri-dataset/Epic and CSCR hospital Dataset/Train/glioma/G_711_RO_.jpg",0,glioma,0,glioma,0.9779335260,0.0076601743,0.0076208427,0.0067854859
56,"/kaggle/input/datasets/arafat221156011/mri-dataset/Epic and CSCR hospital Dataset/Train/glioma/G_712.jpg",0,glioma,0,glioma,0.9728482366,0.0113323946,0.0089155464,0.0069038435
60,"/kaggle/input/datasets/arafat221156011/mri-dataset/Epic and CSCR hospital Dataset/Train/glioma/G_712_RO_.jpg",0,glioma,0,glioma,0.9706352353,0.0123063270,0.0097221946,0.0073362156
63,"/kaggle/input/datasets/arafat221156011/mri-dataset/Epic and CSCR hospital Dataset/Train/glioma/G_713.jpg",0,glioma,0,glioma,0.9774163961,0.0083798645,0.0078451717,0.0063585946
66,"/kaggle/input/datasets/arafat221156011/mri-dataset/Epic and CSCR hospital Dataset/Train/glioma/G_713_HF_.jpg",0,glioma,0,glioma,0.9770656824,0.0083808023,0.0080944290,0.0064591514
73,"/kaggle/input/datasets/arafat221156011/mri-dataset/Epic and CSCR hospital Dataset/Train/glioma/G_714_HF_.jpg",0,glioma,0,glioma,0.9788349271,0.0077791363,0.0072744796,0.0061114635
82,"/kaggle/input/datasets/arafat221156011/mri-dataset/Epic and CSCR hospital Dataset/Train/glioma/G_715_SP_.jpg",0,glioma,0,glioma,0.9764337540,0.0087488890,0.0083900448,0.0064273132
89,"/kaggle/input/datasets/arafat221156011/mri-dataset/Epic and CSCR hospital Dataset/Train/glioma/G_716_SP_.jpg",0,glioma,0,glioma,0.9770346880,0.0085159624,0.0082350420,0.0062143467
100,"/kaggle/input/datasets/arafat221156011/mri-dataset/Epic and CSCR hospital Dataset/Train/glioma/G_718_DA_.jpg",0,glioma,0,glioma,0.9782452583,0.0075900801,0.0083628502,0.0058017694
101,"/kaggle/input/datasets/arafat221156011/mri-dataset/Epic and CSCR hospital Dataset/Train/glioma/G_718_HF_.jpg",0,glioma,0,glioma,0.9770368338,0.0084501468,0.0080860890,0.0064268671
102,"/kaggle/input/datasets/arafat221156011/mri-dataset/Epic and CSCR hospital Dataset/Train/glioma/G_718_RO_.jpg",0,glioma,0,glioma,0.9776086807,0.0077402527,0.0082467757,0.0064042709
104,"/kaggle/input/datasets/arafat221156011/mri-dataset/Epic and CSCR hospital Dataset/Train/glioma/G_718_VF_.jpg",0,glioma,0,glioma,0.9776059389,0.0082165543,0.0077570477,0.0064205327
114,"/kaggle/input/datasets/arafat221156011/mri-dataset/Epic and CSCR hospital Dataset/Train/glioma/G_720_DA_.jpg",0,glioma,0,glioma,0.9777752161,0.0079694046,0.0081636356,0.0060917847
116,"/kaggle/input/datasets/arafat221156011/mri-dataset/Epic and CSCR hospital Dataset/Train/glioma/G_720_RO_.jpg",0,glioma,0,glioma,0.9773052931,0.0080302488,0.0085215531,0.0061428873
130,"/kaggle/input/datasets/arafat221156011/mri-dataset/Epic and CSCR hospital Dataset/Train/glioma/G_722_RO_.jpg",0,glioma,0,glioma,0.9774512053,0.0080668200,0.0082001444,0.0062818439
134,"/kaggle/input/datasets/arafat221156011/mri-dataset/Epic and CSCR hospital Dataset/Train/glioma/G_723_BR_.jpg",0,glioma,0,glioma,0.9746606946,0.0108304489,0.0083568990,0.0061520287
143,"/kaggle/input/datasets/arafat221156011/mri-dataset/Epic and CSCR hospital Dataset/Train/glioma/G_724_HF_.jpg",0,glioma,0,glioma,0.9776586294,0.0077263890,0.0080171442,0.0065979054
144,"/kaggle/input/datasets/arafat221156011/mri-dataset/Epic and CSCR hospital Dataset/Train/glioma/G_724_RO_.jpg",0,glioma,0,glioma,0.9767495394,0.0081503969,0.0082831113,0.0068169744
150,"/kaggle/input/datasets/arafat221156011/mri-dataset/Epic and CSCR hospital Dataset/Train/glioma/G_725_HF_.jpg",0,glioma,0,glioma,0.9785407186,0.0076933294,0.0077180685,0.0060479022
152,"/kaggle/input/datasets/arafat221156011/mri-dataset/Epic and CSCR hospital Dataset/Train/glioma/G_725_SP_.jpg",0,glioma,0,glioma,0.9772149324,0.0083104176,0.0081362370,0.0063383854
161,"/kaggle/input/datasets/arafat221156011/mri-dataset/Epic and CSCR hospital Dataset/Train/glioma/G_727.jpg",0,glioma,0,glioma,0.9772547483,0.0085737221,0.0081404429,0.0060310392
198,"/kaggle/input/datasets/arafat221156011/mri-dataset/Epic and CSCR hospital Dataset/Train/glioma/G_732_DA_.jpg",0,glioma,0,glioma,0.9777798653,0.0081310468,0.0081878826,0.0059012296
203,"/kaggle/input/datasets/arafat221156011/mri-dataset/Epic and CSCR hospital Dataset/Train/glioma/G_733.jpg",0,glioma,0,glioma,0.9769979715,0.0084679369,0.0082711084,0.0062630000
205,"/kaggle/input/datasets/arafat221156011/mri-dataset/Epic and CSCR hospital Dataset/Train/glioma/G_733_DA_.jpg",0,glioma,0,glioma,0.9779233932,0.0080298465,0.0080706012,0.0059761037
207,"/kaggle/input/datasets/arafat221156011/mri-dataset/Epic and CSCR hospital Dataset/Train/glioma/G_733_RO_.jpg",0,glioma,0,glioma,0.9770544171,0.0083453972,0.0083754659,0.0062247710
211,"/kaggle/input/datasets/arafat221156011/mri-dataset/Epic and CSCR hospital Dataset/Train/glioma/G_734_BR_.jpg",0,glioma,0,glioma,0.9745635986,0.0103580216,0.0087303156,0.0063480260
215,"/kaggle/input/datasets/arafat221156011/mri-dataset/Epic and CSCR hospital Dataset/Train/glioma/G_734_SP_.jpg",0,glioma,0,glioma,0.9757574201,0.0090067731,0.0080559226,0.0071798535
219,"/kaggle/input/datasets/arafat221156011/mri-dataset/Epic and CSCR hospital Dataset/Train/glioma/G_735_DA_.jpg",0,glioma,0,glioma,0.9789163470,0.0072966455,0.0081139067,0.0056730257
220,"/kaggle/input/datasets/arafat221156011/mri-dataset/Epic and CSCR hospital Dataset/Train/glioma/G_735_HF_.jpg",0,glioma,0,glioma,0.9771345258,0.0079189530,0.0089423759,0.0060040867
222,"/kaggle/input/datasets/arafat221156011/mri-dataset/Epic and CSCR hospital Dataset/Train/glioma/G_735_SP_.jpg",0,glioma,0,glioma,0.9774341583,0.0078943316,0.0085467286,0.0061247721
233,"/kaggle/input/datasets/arafat221156011/mri-dataset/Epic and CSCR hospital Dataset/Train/glioma/G_737_DA_.jpg",0,glioma,0,glioma,0.9774495363,0.0083490219,0.0082034264,0.0059980541
234,"/kaggle/input/datasets/arafat221156011/mri-dataset/Epic and CSCR hospital Dataset/Train/glioma/G_737_HF_.jpg",0,glioma,0,glioma,0.9772941470,0.0083748745,0.0083647966,0.0059661428
237,"/kaggle/input/datasets/arafat221156011/mri-dataset/Epic and CSCR hospital Dataset/Train/glioma/G_737_VF_.jpg",0,glioma,0,glioma,0.9778749347,0.0078109019,0.0085407794,0.0057733287
240,"/kaggle/input/datasets/arafat221156011/mri-dataset/Epic and CSCR hospital Dataset/Train/glioma/G_738_DA_.jpg",0,glioma,0,glioma,0.9770556688,0.0084303971,0.0084401695,0.0060737887
248,"/kaggle/input/datasets/arafat221156011/mri-dataset/Epic and CSCR hospital Dataset/Train/glioma/G_739_HF_.jpg",0,glioma,0,glioma,0.9784533381,0.0070415074,0.0087387888,0.0057663666
265,"/kaggle/input/datasets/arafat221156011/mri-dataset/Epic and CSCR hospital Dataset/Train/glioma/G_741_VF_.jpg",0,glioma,0,glioma,0.9779179692,0.0072441823,0.0089652687,0.0058726240
279,"/kaggle/input/datasets/arafat221156011/mri-dataset/Epic and CSCR hospital Dataset/Train/glioma/G_743_VF_.jpg",0,glioma,0,glioma,0.9784004092,0.0071426393,0.0086297011,0.0058271559
283,"/kaggle/input/datasets/arafat221156011/mri-dataset/Epic and CSCR hospital Dataset/Train/glioma/G_744_HF_.jpg",0,glioma,0,glioma,0.9781936407,0.0075289719,0.0081483517,0.0061289826
296,"/kaggle/input/datasets/arafat221156011/mri-dataset/Epic and CSCR hospital Dataset/Train/glioma/G_746_DA_.jpg",0,glioma,0,glioma,0.9779008031,0.0079129543,0.0081441998,0.0060420362
306,"/kaggle/input/datasets/arafat221156011/mri-dataset/Epic and CSCR hospital Dataset/Train/glioma/G_747_SP_.jpg",0,glioma,0,glioma,0.9779817462,0.0075817248,0.0081002284,0.0063363067
307,"/kaggle/input/datasets/arafat221156011/mri-dataset/Epic and CSCR hospital Dataset/Train/glioma/G_747_VF_.jpg",0,glioma,0,glioma,0.9769288898,0.0083907191,0.0086558517,0.0060245343
332,"/kaggle/input/datasets/arafat221156011/mri-dataset/Epic and CSCR hospital Dataset/Train/glioma/G_751_HF_.jpg",0,glioma,0,glioma,0.9778897166,0.0077608386,0.0082809161,0.0060685561
337,"/kaggle/input/datasets/arafat221156011/mri-dataset/Epic and CSCR hospital Dataset/Train/glioma/G_752_BR_.jpg",0,glioma,0,glioma,0.9762176275,0.0084877452,0.0087353913,0.0065593026
343,"/kaggle/input/datasets/arafat221156011/mri-dataset/Epic and CSCR hospital Dataset/Train/glioma/G_753.jpg",0,glioma,0,glioma,0.9794203639,0.0072917221,0.0072860061,0.0060018264
353,"/kaggle/input/datasets/arafat221156011/mri-dataset/Epic and CSCR hospital Dataset/Train/glioma/G_754_HF_.jpg",0,glioma,0,glioma,0.9771201015,0.0083391927,0.0079835160,0.0065572052
354,"/kaggle/input/datasets/arafat221156011/mri-dataset/Epic and CSCR hospital Dataset/Train/glioma/G_754_RO_.jpg",0,glioma,0,glioma,0.9776669741,0.0076877424,0.0081178937,0.0065273657
355,"/kaggle/input/datasets/arafat221156011/mri-dataset/Epic and CSCR hospital Dataset/Train/glioma/G_754_SP_.jpg",0,glioma,0,glioma,0.9765335917,0.0085324142,0.0079789711,0.0069549428
358,"/kaggle/input/datasets/arafat221156011/mri-dataset/Epic and CSCR hospital Dataset/Train/glioma/G_755_BR_.jpg",0,glioma,0,glioma,0.9768573642,0.0084111001,0.0086802933,0.0060512004
359,"/kaggle/input/datasets/arafat221156011/mri-dataset/Epic and CSCR hospital Dataset/Train/glioma/G_755_DA_.jpg",0,glioma,0,glioma,0.9775823355,0.0084248660,0.0079929885,0.0059998413
360,"/kaggle/input/datasets/arafat221156011/mri-dataset/Epic and CSCR hospital Dataset/Train/glioma/G_755_HF_.jpg",0,glioma,0,glioma,0.9775025249,0.0083288103,0.0080600288,0.0061086072
363,"/kaggle/input/datasets/arafat221156011/mri-dataset/Epic and CSCR hospital Dataset/Train/glioma/G_755_VF_.jpg",0,glioma,0,glioma,0.9790876508,0.0072639203,0.0077924291,0.0058560045
366,"/kaggle/input/datasets/arafat221156011/mri-dataset/Epic and CSCR hospital Dataset/Train/glioma/G_756_DA_.jpg",0,glioma,0,glioma,0.9757044911,0.0090570757,0.0089960825,0.0062424070
368,"/kaggle/input/datasets/arafat221156011/mri-dataset/Epic and CSCR hospital Dataset/Train/glioma/G_756_RO_.jpg",0,glioma,0,glioma,0.9735641479,0.0111986864,0.0086954366,0.0065417727
370,"/kaggle/input/datasets/arafat221156011/mri-dataset/Epic and CSCR hospital Dataset/Train/glioma/G_756_VF_.jpg",0,glioma,0,glioma,0.9735807180,0.0113253202,0.0085002035,0.0065938020
376,"/kaggle/input/datasets/arafat221156011/mri-dataset/Epic and CSCR hospital Dataset/Train/glioma/G_757_SP_.jpg",0,glioma,0,glioma,0.9762223959,0.0088861771,0.0081645250,0.0067268731
386,"/kaggle/input/datasets/arafat221156011/mri-dataset/Epic and CSCR hospital Dataset/Train/glioma/G_759_BR_.jpg",0,glioma,0,glioma,0.9781826735,0.0077364519,0.0083409753,0.0057399892
389,"/kaggle/input/datasets/arafat221156011/mri-dataset/Epic and CSCR hospital Dataset/Train/glioma/G_759_RO_.jpg",0,glioma,0,glioma,0.9784556627,0.0075342469,0.0083189476,0.0056911684
392,"/kaggle/input/datasets/arafat221156011/mri-dataset/Epic and CSCR hospital Dataset/Train/glioma/G_760.jpg",0,glioma,0,glioma,0.9789344072,0.0071194633,0.0069467598,0.0069993204
399,"/kaggle/input/datasets/arafat221156011/mri-dataset/Epic and CSCR hospital Dataset/Train/glioma/G_761.jpg",0,glioma,0,glioma,0.9789056778,0.0070264586,0.0071964106,0.0068713957
413,"/kaggle/input/datasets/arafat221156011/mri-dataset/Epic and CSCR hospital Dataset/Train/glioma/G_763.jpg",0,glioma,0,glioma,0.9787374735,0.0077671790,0.0075283125,0.0059671728
415,"/kaggle/input/datasets/arafat221156011/mri-dataset/Epic and CSCR hospital Dataset/Train/glioma/G_763_DA_.jpg",0,glioma,0,glioma,0.9791606069,0.0075034127,0.0076615065,0.0056744954
426,"/kaggle/input/datasets/arafat221156011/mri-dataset/Epic and CSCR hospital Dataset/Train/glioma/G_764_VF_.jpg",0,glioma,0,glioma,0.9784965515,0.0073846043,0.0080193412,0.0060994485
435,"/kaggle/input/datasets/arafat221156011/mri-dataset/Epic and CSCR hospital Dataset/Train/glioma/G_766_BR_.jpg",0,glioma,0,glioma,0.9773691297,0.0082052946,0.0085961502,0.0058294195
443,"/kaggle/input/datasets/arafat221156011/mri-dataset/Epic and CSCR hospital Dataset/Train/glioma/G_767_DA_.jpg",0,glioma,0,glioma,0.9770696759,0.0076770382,0.0094241379,0.0058291024
451,"/kaggle/input/datasets/arafat221156011/mri-dataset/Epic and CSCR hospital Dataset/Train/glioma/G_768_HF_.jpg",0,glioma,0,glioma,0.9786691666,0.0074903136,0.0079838876,0.0058566807
454,"/kaggle/input/datasets/arafat221156011/mri-dataset/Epic and CSCR hospital Dataset/Train/glioma/G_768_VF_.jpg",0,glioma,0,glioma,0.9788526297,0.0072872154,0.0080235619,0.0058365446
459,"/kaggle/input/datasets/arafat221156011/mri-dataset/Epic and CSCR hospital Dataset/Train/glioma/G_769_RO_.jpg",0,glioma,0,glioma,0.9786242247,0.0074198795,0.0080353934,0.0059204591
461,"/kaggle/input/datasets/arafat221156011/mri-dataset/Epic and CSCR hospital Dataset/Train/glioma/G_769_VF_.jpg",0,glioma,0,glioma,0.9789115191,0.0072686025,0.0079660686,0.0058538709
462,"/kaggle/input/datasets/arafat221156011/mri-dataset/Epic and CSCR hospital Dataset/Train/glioma/G_770.jpg",0,glioma,0,glioma,0.9780068398,0.0079052150,0.0080184219,0.0060695144
464,"/kaggle/input/datasets/arafat221156011/mri-dataset/Epic and CSCR hospital Dataset/Train/glioma/G_770_DA_.jpg",0,glioma,0,glioma,0.9778923988,0.0082360152,0.0079348553,0.0059367493
472,"/kaggle/input/datasets/arafat221156011/mri-dataset/Epic and CSCR hospital Dataset/Train/glioma/G_771_HF_.jpg",0,glioma,0,glioma,0.9787019491,0.0074148714,0.0082076173,0.0056755985
482,"/kaggle/input/datasets/arafat221156011/mri-dataset/Epic and CSCR hospital Dataset/Train/glioma/G_772_VF_.jpg",0,glioma,0,glioma,0.9786041975,0.0075347153,0.0078441575,0.0060168742
485,"/kaggle/input/datasets/arafat221156011/mri-dataset/Epic and CSCR hospital Dataset/Train/glioma/G_773_DA_.jpg",0,glioma,0,glioma,0.9778046608,0.0080918223,0.0080917431,0.0060117804
491,"/kaggle/input/datasets/arafat221156011/mri-dataset/Epic and CSCR hospital Dataset/Train/glioma/G_774_BR_.jpg",0,glioma,0,glioma,0.9780594110,0.0079764966,0.0083946548,0.0055694594
493,"/kaggle/input/datasets/arafat221156011/mri-dataset/Epic and CSCR hospital Dataset/Train/glioma/G_774_HF_.jpg",0,glioma,0,glioma,0.9774187207,0.0081140259,0.0083702225,0.0060970886
494,"/kaggle/input/datasets/arafat221156011/mri-dataset/Epic and CSCR hospital Dataset/Train/glioma/G_774_RO_.jpg",0,glioma,0,glioma,0.9774250984,0.0080249636,0.0084602116,0.0060897782
501,"/kaggle/input/datasets/arafat221156011/mri-dataset/Epic and CSCR hospital Dataset/Train/glioma/G_775_RO_.jpg",0,glioma,0,glioma,0.9785224199,0.0074756383,0.0081532849,0.0058486126
506,"/kaggle/input/datasets/arafat221156011/mri-dataset/Epic and CSCR hospital Dataset/Train/glioma/G_776_DA_.jpg",0,glioma,0,glioma,0.9779459238,0.0083802436,0.0078599453,0.0058139460
507,"/kaggle/input/datasets/arafat221156011/mri-dataset/Epic and CSCR hospital Dataset/Train/glioma/G_776_HF_.jpg",0,glioma,0,glioma,0.9779925346,0.0081697833,0.0077861547,0.0060514868
508,"/kaggle/input/datasets/arafat221156011/mri-dataset/Epic and CSCR hospital Dataset/Train/glioma/G_776_RO_.jpg",0,glioma,0,glioma,0.9772545099,0.0082161669,0.0082524875,0.0062769195
512,"/kaggle/input/datasets/arafat221156011/mri-dataset/Epic and CSCR hospital Dataset/Train/glioma/G_777_BR_.jpg",0,glioma,0,glioma,0.9765470624,0.0087104514,0.0084384680,0.0063040876
519,"/kaggle/input/datasets/arafat221156011/mri-dataset/Epic and CSCR hospital Dataset/Train/glioma/G_778_BR_.jpg",0,glioma,0,glioma,0.9723414183,0.0125646247,0.0087561514,0.0063377535
531,"/kaggle/input/datasets/arafat221156011/mri-dataset/Epic and CSCR hospital Dataset/Train/glioma/G_779_VF_.jpg",0,glioma,0,glioma,0.9727731943,0.0113704223,0.0094837174,0.0063727102
539,"/kaggle/input/datasets/arafat221156011/mri-dataset/Epic and CSCR hospital Dataset/Train/glioma/G_781.jpg",0,glioma,0,glioma,0.9781547785,0.0079021724,0.0077981325,0.0061448966
540,"/kaggle/input/datasets/arafat221156011/mri-dataset/Epic and CSCR hospital Dataset/Train/glioma/G_781_BR_.jpg",0,glioma,0,glioma,0.9780899286,0.0078434907,0.0084480792,0.0056186086
541,"/kaggle/input/datasets/arafat221156011/mri-dataset/Epic and CSCR hospital Dataset/Train/glioma/G_781_DA_.jpg",0,glioma,0,glioma,0.9781135321,0.0082173124,0.0077610700,0.0059080720
542,"/kaggle/input/datasets/arafat221156011/mri-dataset/Epic and CSCR hospital Dataset/Train/glioma/G_781_HF_.jpg",0,glioma,0,glioma,0.9780557752,0.0080120806,0.0078606214,0.0060716039
545,"/kaggle/input/datasets/arafat221156011/mri-dataset/Epic and CSCR hospital Dataset/Train/glioma/G_781_VF_.jpg",0,glioma,0,glioma,0.9785822034,0.0075468472,0.0079164635,0.0059544453
549,"/kaggle/input/datasets/arafat221156011/mri-dataset/Epic and CSCR hospital Dataset/Train/glioma/G_782_HF_.jpg",0,glioma,0,glioma,0.9777845144,0.0080182608,0.0078612585,0.0063358918
551,"/kaggle/input/datasets/arafat221156011/mri-dataset/Epic and CSCR hospital Dataset/Train/glioma/G_782_SP_.jpg",0,glioma,0,glioma,0.9776960611,0.0078255730,0.0078668920,0.0066115754
553,"/kaggle/input/datasets/arafat221156011/mri-dataset/Epic and CSCR hospital Dataset/Train/glioma/G_783.jpg",0,glioma,0,glioma,0.9773216248,0.0085483287,0.0079418868,0.0061880895
556,"/kaggle/input/datasets/arafat221156011/mri-dataset/Epic and CSCR hospital Dataset/Train/glioma/G_783_HF_.jpg",0,glioma,0,glioma,0.9777719378,0.0081313113,0.0079545937,0.0061422521
562,"/kaggle/input/datasets/arafat221156011/mri-dataset/Epic and CSCR hospital Dataset/Train/glioma/G_784_DA_.jpg",0,glioma,0,glioma,0.9780666232,0.0082176523,0.0077283792,0.0059872791
564,"/kaggle/input/datasets/arafat221156011/mri-dataset/Epic and CSCR hospital Dataset/Train/glioma/G_784_RO_.jpg",0,glioma,0,glioma,0.9773259163,0.0079285447,0.0080039129,0.0067416490
565,"/kaggle/input/datasets/arafat221156011/mri-dataset/Epic and CSCR hospital Dataset/Train/glioma/G_784_SP_.jpg",0,glioma,0,glioma,0.9774121046,0.0083999736,0.0079559768,0.0062319515
570,"/kaggle/input/datasets/arafat221156011/mri-dataset/Epic and CSCR hospital Dataset/Train/glioma/G_785_HF_.jpg",0,glioma,0,glioma,0.9784356952,0.0074590356,0.0083781900,0.0057270536
571,"/kaggle/input/datasets/arafat221156011/mri-dataset/Epic and CSCR hospital Dataset/Train/glioma/G_785_RO_.jpg",0,glioma,0,glioma,0.9773159027,0.0078217043,0.0087761814,0.0060862741
580,"/kaggle/input/datasets/arafat221156011/mri-dataset/Epic and CSCR hospital Dataset/Train/glioma/G_786_VF_.jpg",0,glioma,0,glioma,0.9775576591,0.0076218457,0.0087448852,0.0060756551
587,"/kaggle/input/datasets/arafat221156011/mri-dataset/Epic and CSCR hospital Dataset/Train/glioma/G_787_VF_.jpg",0,glioma,0,glioma,0.9786074758,0.0076719373,0.0078857336,0.0058348957
588,"/kaggle/input/datasets/arafat221156011/mri-dataset/Epic and CSCR hospital Dataset/Train/glioma/G_788.jpg",0,glioma,0,glioma,0.9783782959,0.0078185285,0.0079126824,0.0058905361
594,"/kaggle/input/datasets/arafat221156011/mri-dataset/Epic and CSCR hospital Dataset/Train/glioma/G_788_VF_.jpg",0,glioma,0,glioma,0.9794104695,0.0071307421,0.0077012265,0.0057576783
595,"/kaggle/input/datasets/arafat221156011/mri-dataset/Epic and CSCR hospital Dataset/Train/glioma/G_789.jpg",0,glioma,0,glioma,0.9789379239,0.0075080171,0.0077181929,0.0058359355
597,"/kaggle/input/datasets/arafat221156011/mri-dataset/Epic and CSCR hospital Dataset/Train/glioma/G_789_DA_.jpg",0,glioma,0,glioma,0.9782412648,0.0081510292,0.0077107041,0.0058971345
598,"/kaggle/input/datasets/arafat221156011/mri-dataset/Epic and CSCR hospital Dataset/Train/glioma/G_789_HF_.jpg",0,glioma,0,glioma,0.9793691635,0.0072312183,0.0075644790,0.0058350475
603,"/kaggle/input/datasets/arafat221156011/mri-dataset/Epic and CSCR hospital Dataset/Train/glioma/G_790_BR_.jpg",0,glioma,0,glioma,0.9752155542,0.0094315158,0.0092308465,0.0061220475
604,"/kaggle/input/datasets/arafat221156011/mri-dataset/Epic and CSCR hospital Dataset/Train/glioma/G_790_DA_.jpg",0,glioma,0,glioma,0.9767315984,0.0075819222,0.0093286019,0.0063578933
606,"/kaggle/input/datasets/arafat221156011/mri-dataset/Epic and CSCR hospital Dataset/Train/glioma/G_790_RO_.jpg",0,glioma,0,glioma,0.9748138189,0.0100155342,0.0089224195,0.0062482706
612,"/kaggle/input/datasets/arafat221156011/mri-dataset/Epic and CSCR hospital Dataset/Train/glioma/G_791_HF_.jpg",0,glioma,0,glioma,0.9775856733,0.0078833280,0.0083610266,0.0061700302
633,"/kaggle/input/datasets/arafat221156011/mri-dataset/Epic and CSCR hospital Dataset/Train/glioma/G_794_HF_.jpg",0,glioma,0,glioma,0.9774603844,0.0077588656,0.0086249448,0.0061558657
644,"/kaggle/input/datasets/arafat221156011/mri-dataset/Epic and CSCR hospital Dataset/Train/glioma/G_796.jpg",0,glioma,0,glioma,0.9777690172,0.0081158392,0.0078942133,0.0062209126
658,"/kaggle/input/datasets/arafat221156011/mri-dataset/Epic and CSCR hospital Dataset/Train/glioma/G_798.jpg",0,glioma,0,glioma,0.9785608053,0.0076228888,0.0080898302,0.0057264520
671,"/kaggle/input/datasets/arafat221156011/mri-dataset/Epic and CSCR hospital Dataset/Train/glioma/G_799_VF_.jpg",0,glioma,0,glioma,0.9784617424,0.0074080611,0.0078525636,0.0062777512
675,"/kaggle/input/datasets/arafat221156011/mri-dataset/Epic and CSCR hospital Dataset/Train/glioma/G_800_HF_.jpg",0,glioma,0,glioma,0.9775527120,0.0077367248,0.0081524383,0.0065581677
685,"/kaggle/input/datasets/arafat221156011/mri-dataset/Epic and CSCR hospital Dataset/Train/glioma/G_801_VF_.jpg",0,glioma,0,glioma,0.9683104753,0.0149999782,0.0086348811,0.0080547445
690,"/kaggle/input/datasets/arafat221156011/mri-dataset/Epic and CSCR hospital Dataset/Train/glioma/G_802_RO_.jpg",0,glioma,0,glioma,0.9789382219,0.0073043043,0.0075129056,0.0062445281
693,"/kaggle/input/datasets/arafat221156011/mri-dataset/Epic and CSCR hospital Dataset/Train/glioma/G_803.jpg",0,glioma,0,glioma,0.9761986732,0.0085007185,0.0085390341,0.0067615225
703,"/kaggle/input/datasets/arafat221156011/mri-dataset/Epic and CSCR hospital Dataset/Train/glioma/G_804_HF_.jpg",0,glioma,0,glioma,0.9788253903,0.0075884201,0.0076037897,0.0059823198
705,"/kaggle/input/datasets/arafat221156011/mri-dataset/Epic and CSCR hospital Dataset/Train/glioma/G_804_SP_.jpg",0,glioma,0,glioma,0.9780025482,0.0076252497,0.0081733614,0.0061988477
709,"/kaggle/input/datasets/arafat221156011/mri-dataset/Epic and CSCR hospital Dataset/Train/glioma/G_805_DA_.jpg",0,glioma,0,glioma,0.9783512950,0.0079466486,0.0077685183,0.0059334291
728,"/kaggle/input/datasets/arafat221156011/mri-dataset/Epic and CSCR hospital Dataset/Train/glioma/G_808.jpg",0,glioma,0,glioma,0.9778243899,0.0079831276,0.0079637738,0.0062286770
734,"/kaggle/input/datasets/arafat221156011/mri-dataset/Epic and CSCR hospital Dataset/Train/glioma/G_808_VF_.jpg",0,glioma,0,glioma,0.9775316119,0.0084581971,0.0077700438,0.0062401304
745,"/kaggle/input/datasets/arafat221156011/mri-dataset/Epic and CSCR hospital Dataset/Train/glioma/G_810_HF_.jpg",0,glioma,0,glioma,0.9785922766,0.0077185906,0.0077026049,0.0059864805
748,"/kaggle/input/datasets/arafat221156011/mri-dataset/Epic and CSCR hospital Dataset/Train/glioma/G_810_VF_.jpg",0,glioma,0,glioma,0.9781782031,0.0074064219,0.0080713462,0.0063441149
750,"/kaggle/input/datasets/arafat221156011/mri-dataset/Epic and CSCR hospital Dataset/Train/glioma/G_811_BR_.jpg",0,glioma,0,glioma,0.9780292511,0.0074159950,0.0086645568,0.0058902362
760,"/kaggle/input/datasets/arafat221156011/mri-dataset/Epic and CSCR hospital Dataset/Train/glioma/G_812_RO_.jpg",0,glioma,0,glioma,0.9718306661,0.0119775385,0.0088555748,0.0073361881
766,"/kaggle/input/datasets/arafat221156011/mri-dataset/Epic and CSCR hospital Dataset/Train/glioma/G_813_HF_.jpg",0,glioma,0,glioma,0.9779297113,0.0074142404,0.0087782387,0.0058778226
773,"/kaggle/input/datasets/arafat221156011/mri-dataset/Epic and CSCR hospital Dataset/Train/glioma/G_814_HF_.jpg",0,glioma,0,glioma,0.9783799052,0.0076338043,0.0079395361,0.0060467506
781,"/kaggle/input/datasets/arafat221156011/mri-dataset/Epic and CSCR hospital Dataset/Train/glioma/G_815_RO_.jpg",0,glioma,0,glioma,0.9786158800,0.0075933249,0.0075237579,0.0062670745
783,"/kaggle/input/datasets/arafat221156011/mri-dataset/Epic and CSCR hospital Dataset/Train/glioma/G_815_VF_.jpg",0,glioma,0,glioma,0.9782375097,0.0076652514,0.0077073947,0.0063897804
789,"/kaggle/input/datasets/arafat221156011/mri-dataset/Epic and CSCR hospital Dataset/Train/glioma/G_816_SP_.jpg",0,glioma,0,glioma,0.9770846367,0.0079717692,0.0086464174,0.0062971888
792,"/kaggle/input/datasets/arafat221156011/mri-dataset/Epic and CSCR hospital Dataset/Train/glioma/G_817_BR_.jpg",0,glioma,0,glioma,0.9768997431,0.0086038653,0.0084914239,0.0060048862
801,"/kaggle/input/datasets/arafat221156011/mri-dataset/Epic and CSCR hospital Dataset/Train/glioma/G_818_HF_.jpg",0,glioma,0,glioma,0.9773763418,0.0081903562,0.0080827978,0.0063504959
802,"/kaggle/input/datasets/arafat221156011/mri-dataset/Epic and CSCR hospital Dataset/Train/glioma/G_818_RO_.jpg",0,glioma,0,glioma,0.9781874418,0.0077232765,0.0078550652,0.0062341793
803,"/kaggle/input/datasets/arafat221156011/mri-dataset/Epic and CSCR hospital Dataset/Train/glioma/G_818_SP_.jpg",0,glioma,0,glioma,0.9772615433,0.0081039444,0.0082688574,0.0063656396
809,"/kaggle/input/datasets/arafat221156011/mri-dataset/Epic and CSCR hospital Dataset/Train/glioma/G_819_RO_.jpg",0,glioma,0,glioma,0.9783819318,0.0076214918,0.0080216676,0.0059749363
812,"/kaggle/input/datasets/arafat221156011/mri-dataset/Epic and CSCR hospital Dataset/Train/glioma/G_820.jpg",0,glioma,0,glioma,0.9779855609,0.0081152190,0.0078761149,0.0060231565
815,"/kaggle/input/datasets/arafat221156011/mri-dataset/Epic and CSCR hospital Dataset/Train/glioma/G_820_HF_.jpg",0,glioma,0,glioma,0.9780470729,0.0080735255,0.0078867469,0.0059926314
823,"/kaggle/input/datasets/arafat221156011/mri-dataset/Epic and CSCR hospital Dataset/Train/glioma/G_821_RO_.jpg",0,glioma,0,glioma,0.9775058627,0.0081795715,0.0081968885,0.0061175874
824,"/kaggle/input/datasets/arafat221156011/mri-dataset/Epic and CSCR hospital Dataset/Train/glioma/G_821_SP_.jpg",0,glioma,0,glioma,0.9771800041,0.0082411561,0.0082912873,0.0062876442
825,"/kaggle/input/datasets/arafat221156011/mri-dataset/Epic and CSCR hospital Dataset/Train/glioma/G_821_VF_.jpg",0,glioma,0,glioma,0.9780373573,0.0078660687,0.0079105580,0.0061860224
829,"/kaggle/input/datasets/arafat221156011/mri-dataset/Epic and CSCR hospital Dataset/Train/glioma/G_822_HF_.jpg",0,glioma,0,glioma,0.9777205586,0.0079199327,0.0081519801,0.0062074657
838,"/kaggle/input/datasets/arafat221156011/mri-dataset/Epic and CSCR hospital Dataset/Train/glioma/G_823_SP_.jpg",0,glioma,0,glioma,0.9775290489,0.0081754541,0.0081124566,0.0061830739
842,"/kaggle/input/datasets/arafat221156011/mri-dataset/Epic and CSCR hospital Dataset/Train/glioma/G_824_DA_.jpg",0,glioma,0,glioma,0.9785726666,0.0077342191,0.0078220917,0.0058710431
850,"/kaggle/input/datasets/arafat221156011/mri-dataset/Epic and CSCR hospital Dataset/Train/glioma/G_825_HF_.jpg",0,glioma,0,glioma,0.9783465266,0.0074513210,0.0081462292,0.0060559148
853,"/kaggle/input/datasets/arafat221156011/mri-dataset/Epic and CSCR hospital Dataset/Train/glioma/G_825_VF_.jpg",0,glioma,0,glioma,0.9791345596,0.0069403062,0.0079246182,0.0060005216
855,"/kaggle/input/datasets/arafat221156011/mri-dataset/Epic and CSCR hospital Dataset/Train/glioma/G_826_BR_.jpg",0,glioma,0,glioma,0.9781090021,0.0076260036,0.0084580239,0.0058069504
856,"/kaggle/input/datasets/arafat221156011/mri-dataset/Epic and CSCR hospital Dataset/Train/glioma/G_826_DA_.jpg",0,glioma,0,glioma,0.9789510965,0.0072280266,0.0081491005,0.0056717731
857,"/kaggle/input/datasets/arafat221156011/mri-dataset/Epic and CSCR hospital Dataset/Train/glioma/G_826_HF_.jpg",0,glioma,0,glioma,0.9785177112,0.0071750395,0.0084579252,0.0058493414
865,"/kaggle/input/datasets/arafat221156011/mri-dataset/Epic and CSCR hospital Dataset/Train/glioma/G_827_RO_.jpg",0,glioma,0,glioma,0.9779850841,0.0074638808,0.0085721556,0.0059789345
868,"/kaggle/input/datasets/arafat221156011/mri-dataset/Epic and CSCR hospital Dataset/Train/glioma/G_828.jpg",0,glioma,0,glioma,0.9788282514,0.0071309926,0.0079885125,0.0060523003
869,"/kaggle/input/datasets/arafat221156011/mri-dataset/Epic and CSCR hospital Dataset/Train/glioma/G_828_BR_.jpg",0,glioma,0,glioma,0.9787551165,0.0074912878,0.0081482390,0.0056053945
871,"/kaggle/input/datasets/arafat221156011/mri-dataset/Epic and CSCR hospital Dataset/Train/glioma/G_828_HF_.jpg",0,glioma,0,glioma,0.9787670374,0.0073443144,0.0079090875,0.0059795519
872,"/kaggle/input/datasets/arafat221156011/mri-dataset/Epic and CSCR hospital Dataset/Train/glioma/G_828_RO_.jpg",0,glioma,0,glioma,0.9788759351,0.0070422245,0.0080383886,0.0060434211
874,"/kaggle/input/datasets/arafat221156011/mri-dataset/Epic and CSCR hospital Dataset/Train/glioma/G_828_VF_.jpg",0,glioma,0,glioma,0.9779490232,0.0071012201,0.0084563754,0.0064934283
876,"/kaggle/input/datasets/arafat221156011/mri-dataset/Epic and CSCR hospital Dataset/Train/glioma/G_829_BR_.jpg",0,glioma,0,glioma,0.9786949158,0.0074432800,0.0081548644,0.0057069836
880,"/kaggle/input/datasets/arafat221156011/mri-dataset/Epic and CSCR hospital Dataset/Train/glioma/G_829_SP_.jpg",0,glioma,0,glioma,0.9779751897,0.0074006850,0.0081472537,0.0064769024
884,"/kaggle/input/datasets/arafat221156011/mri-dataset/Epic and CSCR hospital Dataset/Train/glioma/G_830_DA_.jpg",0,glioma,0,glioma,0.9782353640,0.0078237634,0.0078532295,0.0060877027
885,"/kaggle/input/datasets/arafat221156011/mri-dataset/Epic and CSCR hospital Dataset/Train/glioma/G_830_HF_.jpg",0,glioma,0,glioma,0.9785288572,0.0073919175,0.0081200358,0.0059592486
887,"/kaggle/input/datasets/arafat221156011/mri-dataset/Epic and CSCR hospital Dataset/Train/glioma/G_830_SP_.jpg",0,glioma,0,glioma,0.9788853526,0.0065556071,0.0073927180,0.0071663163
889,"/kaggle/input/datasets/arafat221156011/mri-dataset/Epic and CSCR hospital Dataset/Train/glioma/G_831.jpg",0,glioma,0,glioma,0.9780741930,0.0075879856,0.0080150561,0.0063228076
896,"/kaggle/input/datasets/arafat221156011/mri-dataset/Epic and CSCR hospital Dataset/Train/glioma/G_832.jpg",0,glioma,0,glioma,0.9772340059,0.0079372823,0.0086119259,0.0062167705
901,"/kaggle/input/datasets/arafat221156011/mri-dataset/Epic and CSCR hospital Dataset/Train/glioma/G_832_SP_.jpg",0,glioma,0,glioma,0.9774651527,0.0075341030,0.0085636200,0.0064371661
904,"/kaggle/input/datasets/arafat221156011/mri-dataset/Epic and CSCR hospital Dataset/Train/glioma/G_833_BR_.jpg",0,glioma,0,glioma,0.9770143628,0.0076590269,0.0095200846,0.0058065546
908,"/kaggle/input/datasets/arafat221156011/mri-dataset/Epic and CSCR hospital Dataset/Train/glioma/G_833_SP_.jpg",0,glioma,0,glioma,0.9769774675,0.0076366961,0.0089234831,0.0064623677
916,"/kaggle/input/datasets/arafat221156011/mri-dataset/Epic and CSCR hospital Dataset/Train/glioma/G_834_VF_.jpg",0,glioma,0,glioma,0.9733446836,0.0113823945,0.0087528955,0.0065199197
922,"/kaggle/input/datasets/arafat221156011/mri-dataset/Epic and CSCR hospital Dataset/Train/glioma/G_835_SP_.jpg",0,glioma,0,glioma,0.9780858159,0.0073587643,0.0082565835,0.0062987795
932,"/kaggle/input/datasets/arafat221156011/mri-dataset/Epic and CSCR hospital Dataset/Train/glioma/G_837_BR_.jpg",0,glioma,0,glioma,0.9785640836,0.0073008141,0.0087188324,0.0054162988
933,"/kaggle/input/datasets/arafat221156011/mri-dataset/Epic and CSCR hospital Dataset/Train/glioma/G_837_DA_.jpg",0,glioma,0,glioma,0.9784265757,0.0076164962,0.0080153048,0.0059415763
935,"/kaggle/input/datasets/arafat221156011/mri-dataset/Epic and CSCR hospital Dataset/Train/glioma/G_837_RO_.jpg",0,glioma,0,glioma,0.9779903293,0.0076448680,0.0082625300,0.0061022071
942,"/kaggle/input/datasets/arafat221156011/mri-dataset/Epic and CSCR hospital Dataset/Train/glioma/G_838_RO_.jpg",0,glioma,0,glioma,0.9782597423,0.0071793953,0.0085183224,0.0060425713
948,"/kaggle/input/datasets/arafat221156011/mri-dataset/Epic and CSCR hospital Dataset/Train/glioma/G_839_HF_.jpg",0,glioma,0,glioma,0.9775867462,0.0082435431,0.0079406202,0.0062290379
954,"/kaggle/input/datasets/arafat221156011/mri-dataset/Epic and CSCR hospital Dataset/Train/glioma/G_840_DA_.jpg",0,glioma,0,glioma,0.9780014753,0.0075349049,0.0086132446,0.0058504366
956,"/kaggle/input/datasets/arafat221156011/mri-dataset/Epic and CSCR hospital Dataset/Train/glioma/G_840_RO_.jpg",0,glioma,0,glioma,0.9760267138,0.0080599738,0.0095340852,0.0063792365
957,"/kaggle/input/datasets/arafat221156011/mri-dataset/Epic and CSCR hospital Dataset/Train/glioma/G_840_SP_.jpg",0,glioma,0,glioma,0.9758859873,0.0086381249,0.0089387344,0.0065371222
962,"/kaggle/input/datasets/arafat221156011/mri-dataset/Epic and CSCR hospital Dataset/Train/glioma/G_841_HF_.jpg",0,glioma,0,glioma,0.9773726463,0.0069494797,0.0093124760,0.0063654319
964,"/kaggle/input/datasets/arafat221156011/mri-dataset/Epic and CSCR hospital Dataset/Train/glioma/G_841_SP_.jpg",0,glioma,0,glioma,0.9785415530,0.0069747763,0.0073669925,0.0071166591
967,"/kaggle/input/datasets/arafat221156011/mri-dataset/Epic and CSCR hospital Dataset/Train/glioma/G_842_BR_.jpg",0,glioma,0,glioma,0.9750606418,0.0094004301,0.0096521499,0.0058868220
975,"/kaggle/input/datasets/arafat221156011/mri-dataset/Epic and CSCR hospital Dataset/Train/glioma/G_843_DA_.jpg",0,glioma,0,glioma,0.9767315984,0.0087711150,0.0082752239,0.0062220702
976,"/kaggle/input/datasets/arafat221156011/mri-dataset/Epic and CSCR hospital Dataset/Train/glioma/G_843_HF_.jpg",0,glioma,0,glioma,0.9774521589,0.0081032617,0.0084974375,0.0059472001
984,"/kaggle/input/datasets/arafat221156011/mri-dataset/Epic and CSCR hospital Dataset/Train/glioma/G_844_RO_.jpg",0,glioma,0,glioma,0.9779335856,0.0076663131,0.0087661473,0.0056339777
988,"/kaggle/input/datasets/arafat221156011/mri-dataset/Epic and CSCR hospital Dataset/Train/glioma/G_845_BR_.jpg",0,glioma,0,glioma,0.9759593010,0.0094846031,0.0085743479,0.0059816884
997,"/kaggle/input/datasets/arafat221156011/mri-dataset/Epic and CSCR hospital Dataset/Train/glioma/G_846_HF_.jpg",0,glioma,0,glioma,0.9770594835,0.0080455635,0.0088934004,0.0060015535
999,"/kaggle/input/datasets/arafat221156011/mri-dataset/Epic and CSCR hospital Dataset/Train/glioma/G_846_SP_.jpg",0,glioma,0,glioma,0.9789909124,0.0069023035,0.0082649048,0.0058417991
1000,"/kaggle/input/datasets/arafat221156011/mri-dataset/Epic and CSCR hospital Dataset/Train/glioma/G_846_VF_.jpg",0,glioma,0,glioma,0.9780229330,0.0071979286,0.0088609373,0.0059182672
1003,"/kaggle/input/datasets/arafat221156011/mri-dataset/Epic and CSCR hospital Dataset/Train/glioma/G_847_DA_.jpg",0,glioma,0,glioma,0.9775374532,0.0080257654,0.0084285792,0.0060081142
1007,"/kaggle/input/datasets/arafat221156011/mri-dataset/Epic and CSCR hospital Dataset/Train/glioma/G_847_VF_.jpg",0,glioma,0,glioma,0.9772883654,0.0077577978,0.0092556980,0.0056981980
1008,"/kaggle/input/datasets/arafat221156011/mri-dataset/Epic and CSCR hospital Dataset/Train/glioma/G_848.jpg",0,glioma,0,glioma,0.9784138799,0.0075115254,0.0081184516,0.0059561199
1016,"/kaggle/input/datasets/arafat221156011/mri-dataset/Epic and CSCR hospital Dataset/Train/glioma/G_849_BR_.jpg",0,glioma,0,glioma,0.9759384990,0.0078644203,0.0102542732,0.0059427856
1020,"/kaggle/input/datasets/arafat221156011/mri-dataset/Epic and CSCR hospital Dataset/Train/glioma/G_849_SP_.jpg",0,glioma,0,glioma,0.9771257639,0.0077836826,0.0082131159,0.0068774493
1024,"/kaggle/input/datasets/arafat221156011/mri-dataset/Epic and CSCR hospital Dataset/Train/glioma/G_850_DA_.jpg",0,glioma,0,glioma,0.9780243039,0.0074702404,0.0086209085,0.0058845817
1036,"/kaggle/input/datasets/arafat221156011/mri-dataset/Epic and CSCR hospital Dataset/Train/glioma/G_852.jpg",0,glioma,0,glioma,0.9762639999,0.0083625447,0.0087707359,0.0066027306
1037,"/kaggle/input/datasets/arafat221156011/mri-dataset/Epic and CSCR hospital Dataset/Train/glioma/G_852_BR_.jpg",0,glioma,0,glioma,0.9754479527,0.0090686344,0.0092344955,0.0062489095
1043,"/kaggle/input/datasets/arafat221156011/mri-dataset/Epic and CSCR hospital Dataset/Train/glioma/G_853.jpg",0,glioma,0,glioma,0.9777938128,0.0076462538,0.0085791647,0.0059807580
1045,"/kaggle/input/datasets/arafat221156011/mri-dataset/Epic and CSCR hospital Dataset/Train/glioma/G_853_DA_.jpg",0,glioma,0,glioma,0.9767190814,0.0086004119,0.0085864523,0.0060940357
1047,"/kaggle/input/datasets/arafat221156011/mri-dataset/Epic and CSCR hospital Dataset/Train/glioma/G_853_RO_.jpg",0,glioma,0,glioma,0.9784746170,0.0072750906,0.0083999913,0.0058503500
1048,"/kaggle/input/datasets/arafat221156011/mri-dataset/Epic and CSCR hospital Dataset/Train/glioma/G_853_SP_.jpg",0,glioma,0,glioma,0.9773333669,0.0079093631,0.0084000444,0.0063572107
1056,"/kaggle/input/datasets/arafat221156011/mri-dataset/Epic and CSCR hospital Dataset/Train/glioma/G_854_VF_.jpg",0,glioma,0,glioma,0.9772228003,0.0082739387,0.0081207007,0.0063825347
1057,"/kaggle/input/datasets/arafat221156011/mri-dataset/Epic and CSCR hospital Dataset/Train/glioma/G_855.jpg",0,glioma,0,glioma,0.9793329239,0.0070461780,0.0079521658,0.0056686681
1063,"/kaggle/input/datasets/arafat221156011/mri-dataset/Epic and CSCR hospital Dataset/Train/glioma/G_855_VF_.jpg",0,glioma,0,glioma,0.9787090421,0.0070206793,0.0083473474,0.0059229094
1066,"/kaggle/input/datasets/arafat221156011/mri-dataset/Epic and CSCR hospital Dataset/Train/glioma/G_856_DA_.jpg",0,glioma,0,glioma,0.9783456922,0.0076352842,0.0076358328,0.0063831569
1075,"/kaggle/input/datasets/arafat221156011/mri-dataset/Epic and CSCR hospital Dataset/Train/glioma/G_857_RO_.jpg",0,glioma,0,glioma,0.9780966640,0.0073689120,0.0081818476,0.0063525937
1077,"/kaggle/input/datasets/arafat221156011/mri-dataset/Epic and CSCR hospital Dataset/Train/glioma/G_857_VF_.jpg",0,glioma,0,glioma,0.9780856371,0.0074530030,0.0083423052,0.0061190822
1080,"/kaggle/input/datasets/arafat221156011/mri-dataset/Epic and CSCR hospital Dataset/Train/glioma/G_858_DA_.jpg",0,glioma,0,glioma,0.9781705141,0.0077530416,0.0082133934,0.0058630789
1085,"/kaggle/input/datasets/arafat221156011/mri-dataset/Epic and CSCR hospital Dataset/Train/glioma/G_859.jpg",0,glioma,0,glioma,0.9772955775,0.0083762277,0.0080148065,0.0063133761
1097,"/kaggle/input/datasets/arafat221156011/mri-dataset/Epic and CSCR hospital Dataset/Train/glioma/G_860_BR_.jpg",0,glioma,0,glioma,0.9782385826,0.0077518336,0.0082438057,0.0057658167
1099,"/kaggle/input/datasets/arafat221156011/mri-dataset/Epic and CSCR hospital Dataset/Train/glioma/G_860_HF_.jpg",0,glioma,0,glioma,0.9787904024,0.0071135215,0.0083418610,0.0057543172
1107,"/kaggle/input/datasets/arafat221156011/mri-dataset/Epic and CSCR hospital Dataset/Train/glioma/G_861_RO_.jpg",0,glioma,0,glioma,0.9771834612,0.0081932312,0.0083097732,0.0063136159
1112,"/kaggle/input/datasets/arafat221156011/mri-dataset/Epic and CSCR hospital Dataset/Train/glioma/G_862_DA_.jpg",0,glioma,0,glioma,0.9786791801,0.0074453801,0.0079452209,0.0059302012
1134,"/kaggle/input/datasets/arafat221156011/mri-dataset/Epic and CSCR hospital Dataset/Train/glioma/G_865_HF_.jpg",0,glioma,0,glioma,0.9761903882,0.0086717475,0.0083806822,0.0067571970
1147,"/kaggle/input/datasets/arafat221156011/mri-dataset/Epic and CSCR hospital Dataset/Train/glioma/G_867_DA_.jpg",0,glioma,0,glioma,0.9778920412,0.0077887550,0.0085096676,0.0058094822
1152,"/kaggle/input/datasets/arafat221156011/mri-dataset/Epic and CSCR hospital Dataset/Train/glioma/G_868.jpg",0,glioma,0,glioma,0.9783502817,0.0075166053,0.0081972778,0.0059358166
1157,"/kaggle/input/datasets/arafat221156011/mri-dataset/Epic and CSCR hospital Dataset/Train/glioma/G_868_SP_.jpg",0,glioma,0,glioma,0.9767491221,0.0078989994,0.0082981456,0.0070536705
1164,"/kaggle/input/datasets/arafat221156011/mri-dataset/Epic and CSCR hospital Dataset/Train/glioma/G_869_SP_.jpg",0,glioma,0,glioma,0.9752316475,0.0093167350,0.0079050548,0.0075465329
1168,"/kaggle/input/datasets/arafat221156011/mri-dataset/Epic and CSCR hospital Dataset/Train/glioma/G_86_HF_.jpg",0,glioma,0,glioma,0.9780526161,0.0081482725,0.0076652518,0.0061338521
1176,"/kaggle/input/datasets/arafat221156011/mri-dataset/Epic and CSCR hospital Dataset/Train/glioma/G_870_HF_.jpg",0,glioma,0,glioma,0.9783070683,0.0077632442,0.0075355172,0.0063942843
1179,"/kaggle/input/datasets/arafat221156011/mri-dataset/Epic and CSCR hospital Dataset/Train/glioma/G_870_VF_.jpg",0,glioma,0,glioma,0.9772435427,0.0081721460,0.0079623107,0.0066220062
1184,"/kaggle/input/datasets/arafat221156011/mri-dataset/Epic and CSCR hospital Dataset/Train/glioma/G_871_RO_.jpg",0,glioma,0,glioma,0.9774997830,0.0079442319,0.0079783369,0.0065776394
1190,"/kaggle/input/datasets/arafat221156011/mri-dataset/Epic and CSCR hospital Dataset/Train/glioma/G_872_HF_.jpg",0,glioma,0,glioma,0.9759454727,0.0088098738,0.0087729385,0.0064717615
1197,"/kaggle/input/datasets/arafat221156011/mri-dataset/Epic and CSCR hospital Dataset/Train/glioma/G_873_HF_.jpg",0,glioma,0,glioma,0.9763411283,0.0088308500,0.0084654633,0.0063625723
1202,"/kaggle/input/datasets/arafat221156011/mri-dataset/Epic and CSCR hospital Dataset/Train/glioma/G_874_BR_.jpg",0,glioma,0,glioma,0.9775524139,0.0076622823,0.0089119235,0.0058733798
1206,"/kaggle/input/datasets/arafat221156011/mri-dataset/Epic and CSCR hospital Dataset/Train/glioma/G_874_SP_.jpg",0,glioma,0,glioma,0.9778321981,0.0071598617,0.0085523799,0.0064555616
1219,"/kaggle/input/datasets/arafat221156011/mri-dataset/Epic and CSCR hospital Dataset/Train/glioma/G_876_RO_.jpg",0,glioma,0,glioma,0.9761856198,0.0081885764,0.0089935893,0.0066321953
1220,"/kaggle/input/datasets/arafat221156011/mri-dataset/Epic and CSCR hospital Dataset/Train/glioma/G_876_SP_.jpg",0,glioma,0,glioma,0.9769140482,0.0076999799,0.0082025398,0.0071834512
1223,"/kaggle/input/datasets/arafat221156011/mri-dataset/Epic and CSCR hospital Dataset/Train/glioma/G_877_BR_.jpg",0,glioma,0,glioma,0.9760800600,0.0089085680,0.0088491123,0.0061622085
1225,"/kaggle/input/datasets/arafat221156011/mri-dataset/Epic and CSCR hospital Dataset/Train/glioma/G_877_HF_.jpg",0,glioma,0,glioma,0.9767287374,0.0083668400,0.0083964709,0.0065079732
1226,"/kaggle/input/datasets/arafat221156011/mri-dataset/Epic and CSCR hospital Dataset/Train/glioma/G_877_RO_.jpg",0,glioma,0,glioma,0.9763822556,0.0079492303,0.0090495367,0.0066189505
1228,"/kaggle/input/datasets/arafat221156011/mri-dataset/Epic and CSCR hospital Dataset/Train/glioma/G_877_VF_.jpg",0,glioma,0,glioma,0.9758610725,0.0082239928,0.0091270348,0.0067878552
1236,"/kaggle/input/datasets/arafat221156011/mri-dataset/Epic and CSCR hospital Dataset/Train/glioma/G_879.jpg",0,glioma,0,glioma,0.9780039787,0.0079632159,0.0076313997,0.0064013563
1241,"/kaggle/input/datasets/arafat221156011/mri-dataset/Epic and CSCR hospital Dataset/Train/glioma/G_879_SP_.jpg",0,glioma,0,glioma,0.9787782431,0.0072180377,0.0077492534,0.0062543913
1245,"/kaggle/input/datasets/arafat221156011/mri-dataset/Epic and CSCR hospital Dataset/Train/glioma/G_87_HF_.jpg",0,glioma,0,glioma,0.9773674011,0.0083777308,0.0077244667,0.0065305321
1249,"/kaggle/input/datasets/arafat221156011/mri-dataset/Epic and CSCR hospital Dataset/Train/glioma/G_88.jpg",0,glioma,0,glioma,0.9783695936,0.0074114315,0.0081005637,0.0061184373
1250,"/kaggle/input/datasets/arafat221156011/mri-dataset/Epic and CSCR hospital Dataset/Train/glioma/G_880.jpg",0,glioma,0,glioma,0.9789379835,0.0073288642,0.0081131775,0.0056199515
1257,"/kaggle/input/datasets/arafat221156011/mri-dataset/Epic and CSCR hospital Dataset/Train/glioma/G_881.jpg",0,glioma,0,glioma,0.9774297476,0.0085586784,0.0077402359,0.0062713064
1285,"/kaggle/input/datasets/arafat221156011/mri-dataset/Epic and CSCR hospital Dataset/Train/glioma/G_885.jpg",0,glioma,0,glioma,0.9783321619,0.0079655629,0.0077558011,0.0059465268
1287,"/kaggle/input/datasets/arafat221156011/mri-dataset/Epic and CSCR hospital Dataset/Train/glioma/G_885_DA_.jpg",0,glioma,0,glioma,0.9792922139,0.0072835609,0.0077347793,0.0056894734
1299,"/kaggle/input/datasets/arafat221156011/mri-dataset/Epic and CSCR hospital Dataset/Train/glioma/G_887.jpg",0,glioma,0,glioma,0.9772473574,0.0086026601,0.0078248773,0.0063251751
1300,"/kaggle/input/datasets/arafat221156011/mri-dataset/Epic and CSCR hospital Dataset/Train/glioma/G_887_BR_.jpg",0,glioma,0,glioma,0.9769743085,0.0090218866,0.0082061402,0.0057976618
1310,"/kaggle/input/datasets/arafat221156011/mri-dataset/Epic and CSCR hospital Dataset/Train/glioma/G_888_RO_.jpg",0,glioma,0,glioma,0.9767237902,0.0084382119,0.0086601097,0.0061779739
1332,"/kaggle/input/datasets/arafat221156011/mri-dataset/Epic and CSCR hospital Dataset/Train/glioma/G_890_SP_.jpg",0,glioma,0,glioma,0.9770539403,0.0083810408,0.0083863158,0.0061787069
1333,"/kaggle/input/datasets/arafat221156011/mri-dataset/Epic and CSCR hospital Dataset/Train/glioma/G_890_VF_.jpg",0,glioma,0,glioma,0.9786208272,0.0072963638,0.0084137348,0.0056690471
1336,"/kaggle/input/datasets/arafat221156011/mri-dataset/Epic and CSCR hospital Dataset/Train/glioma/G_891_DA_.jpg",0,glioma,0,glioma,0.9784841537,0.0075768465,0.0081970496,0.0057419720
1339,"/kaggle/input/datasets/arafat221156011/mri-dataset/Epic and CSCR hospital Dataset/Train/glioma/G_891_SP_.jpg",0,glioma,0,glioma,0.9765030742,0.0087840185,0.0081669521,0.0065459842
1344,"/kaggle/input/datasets/arafat221156011/mri-dataset/Epic and CSCR hospital Dataset/Train/glioma/G_896_BR_.jpg",0,glioma,0,glioma,0.9730839729,0.0107763149,0.0103742462,0.0057654474
1349,"/kaggle/input/datasets/arafat221156011/mri-dataset/Epic and CSCR hospital Dataset/Train/glioma/Te-gl_0060.jpg",0,glioma,0,glioma,0.9766478539,0.0090124467,0.0082192048,0.0061205300
1352,"/kaggle/input/datasets/arafat221156011/mri-dataset/Epic and CSCR hospital Dataset/Train/glioma/Te-gl_0063.jpg",0,glioma,0,glioma,0.9779051542,0.0078675570,0.0081218090,0.0061054640
1354,"/kaggle/input/datasets/arafat221156011/mri-dataset/Epic and CSCR hospital Dataset/Train/glioma/Te-gl_0065.jpg",0,glioma,0,glioma,0.9790036082,0.0075551434,0.0075922804,0.0058489232
1356,"/kaggle/input/datasets/arafat221156011/mri-dataset/Epic and CSCR hospital Dataset/Train/glioma/Te-gl_0067.jpg",0,glioma,0,glioma,0.9780642390,0.0079463739,0.0079485793,0.0060407864
1359,"/kaggle/input/datasets/arafat221156011/mri-dataset/Epic and CSCR hospital Dataset/Train/glioma/Te-gl_0070.jpg",0,glioma,0,glioma,0.9777796865,0.0077013308,0.0081264433,0.0063925525
1360,"/kaggle/input/datasets/arafat221156011/mri-dataset/Epic and CSCR hospital Dataset/Train/glioma/Te-gl_0071.jpg",0,glioma,0,glioma,0.9785600901,0.0076135201,0.0077563012,0.0060701305
1361,"/kaggle/input/datasets/arafat221156011/mri-dataset/Epic and CSCR hospital Dataset/Train/glioma/Te-gl_0072.jpg",0,glioma,0,glioma,0.9769729376,0.0083006602,0.0086238747,0.0061024977
1362,"/kaggle/input/datasets/arafat221156011/mri-dataset/Epic and CSCR hospital Dataset/Train/glioma/Te-gl_0073.jpg",0,glioma,0,glioma,0.9786101580,0.0074294014,0.0080472250,0.0059131924
1371,"/kaggle/input/datasets/arafat221156011/mri-dataset/Epic and CSCR hospital Dataset/Train/glioma/Te-gl_0082.jpg",0,glioma,0,glioma,0.9780551195,0.0076998165,0.0082993684,0.0059457906
1372,"/kaggle/input/datasets/arafat221156011/mri-dataset/Epic and CSCR hospital Dataset/Train/glioma/Te-gl_0083.jpg",0,glioma,0,glioma,0.9786383510,0.0074210898,0.0073970952,0.0065435013
1373,"/kaggle/input/datasets/arafat221156011/mri-dataset/Epic and CSCR hospital Dataset/Train/glioma/Te-gl_0084.jpg",0,glioma,0,glioma,0.9791744351,0.0072465786,0.0075213066,0.0060577458
1382,"/kaggle/input/datasets/arafat221156011/mri-dataset/Epic and CSCR hospital Dataset/Train/glioma/Te-gl_0093.jpg",0,glioma,0,glioma,0.9727911949,0.0127859693,0.0082035149,0.0062192581
1392,"/kaggle/input/datasets/arafat221156011/mri-dataset/Epic and CSCR hospital Dataset/Train/glioma/Te-gl_0103.jpg",0,glioma,0,glioma,0.9772459269,0.0078220461,0.0087356502,0.0061963210
1395,"/kaggle/input/datasets/arafat221156011/mri-dataset/Epic and CSCR hospital Dataset/Train/glioma/Te-gl_0106.jpg",0,glioma,0,glioma,0.9774673581,0.0084701460,0.0074932785,0.0065692440
1399,"/kaggle/input/datasets/arafat221156011/mri-dataset/Epic and CSCR hospital Dataset/Train/glioma/Te-gl_0111.jpg",0,glioma,0,glioma,0.9780572653,0.0079699587,0.0079231430,0.0060496470
1402,"/kaggle/input/datasets/arafat221156011/mri-dataset/Epic and CSCR hospital Dataset/Train/glioma/Te-gl_0114.jpg",0,glioma,0,glioma,0.9774987102,0.0084654586,0.0077494248,0.0062863617
1404,"/kaggle/input/datasets/arafat221156011/mri-dataset/Epic and CSCR hospital Dataset/Train/glioma/Te-gl_0116.jpg",0,glioma,0,glioma,0.9777503014,0.0080223586,0.0080553498,0.0061719329
1410,"/kaggle/input/datasets/arafat221156011/mri-dataset/Epic and CSCR hospital Dataset/Train/glioma/Te-gl_0122.jpg",0,glioma,0,glioma,0.9778596163,0.0078416038,0.0077247359,0.0065740584
1414,"/kaggle/input/datasets/arafat221156011/mri-dataset/Epic and CSCR hospital Dataset/Train/glioma/Te-gl_0126.jpg",0,glioma,0,glioma,0.9790134430,0.0069845258,0.0070797303,0.0069222571
1419,"/kaggle/input/datasets/arafat221156011/mri-dataset/Epic and CSCR hospital Dataset/Train/glioma/Te-gl_0131.jpg",0,glioma,0,glioma,0.9781408310,0.0078900894,0.0079935510,0.0059753787
1423,"/kaggle/input/datasets/arafat221156011/mri-dataset/Epic and CSCR hospital Dataset/Train/glioma/Te-gl_0135.jpg",0,glioma,0,glioma,0.9785915613,0.0074854000,0.0081208469,0.0058021983
1426,"/kaggle/input/datasets/arafat221156011/mri-dataset/Epic and CSCR hospital Dataset/Train/glioma/Te-gl_0138.jpg",0,glioma,0,glioma,0.9769526720,0.0084797051,0.0082188407,0.0063488306
1427,"/kaggle/input/datasets/arafat221156011/mri-dataset/Epic and CSCR hospital Dataset/Train/glioma/Te-gl_0139.jpg",0,glioma,0,glioma,0.9779691696,0.0072928742,0.0088269524,0.0059109638
1428,"/kaggle/input/datasets/arafat221156011/mri-dataset/Epic and CSCR hospital Dataset/Train/glioma/Te-gl_0140.jpg",0,glioma,0,glioma,0.9775861502,0.0078598149,0.0079683382,0.0065856902
1429,"/kaggle/input/datasets/arafat221156011/mri-dataset/Epic and CSCR hospital Dataset/Train/glioma/Te-gl_0141.jpg",0,glioma,0,glioma,0.9780024290,0.0079796277,0.0079610506,0.0060569029
1430,"/kaggle/input/datasets/arafat221156011/mri-dataset/Epic and CSCR hospital Dataset/Train/glioma/Te-gl_0142.jpg",0,glioma,0,glioma,0.9783182144,0.0080159288,0.0078276191,0.0058382908
1433,"/kaggle/input/datasets/arafat221156011/mri-dataset/Epic and CSCR hospital Dataset/Train/glioma/Te-gl_0145.jpg",0,glioma,0,glioma,0.9779651761,0.0080300458,0.0077730133,0.0062317313
1439,"/kaggle/input/datasets/arafat221156011/mri-dataset/Epic and CSCR hospital Dataset/Train/glioma/Te-gl_0151.jpg",0,glioma,0,glioma,0.9776253700,0.0081687709,0.0080685811,0.0061372849
1440,"/kaggle/input/datasets/arafat221156011/mri-dataset/Epic and CSCR hospital Dataset/Train/glioma/Te-gl_0152.jpg",0,glioma,0,glioma,0.8870483637,0.0958212391,0.0082825106,0.0088478792
1445,"/kaggle/input/datasets/arafat221156011/mri-dataset/Epic and CSCR hospital Dataset/Train/glioma/Te-gl_0157.jpg",0,glioma,0,glioma,0.9777601361,0.0080453744,0.0081666317,0.0060277493
1446,"/kaggle/input/datasets/arafat221156011/mri-dataset/Epic and CSCR hospital Dataset/Train/glioma/Te-gl_0158.jpg",0,glioma,0,glioma,0.9785591960,0.0077998764,0.0073137968,0.0063271136
1454,"/kaggle/input/datasets/arafat221156011/mri-dataset/Epic and CSCR hospital Dataset/Train/glioma/Te-gl_0166.jpg",0,glioma,0,glioma,0.9776281118,0.0081926426,0.0080783237,0.0061009759
1458,"/kaggle/input/datasets/arafat221156011/mri-dataset/Epic and CSCR hospital Dataset/Train/glioma/Te-gl_0170.jpg",0,glioma,0,glioma,0.9783546329,0.0071628829,0.0087238653,0.0057586613
1464,"/kaggle/input/datasets/arafat221156011/mri-dataset/Epic and CSCR hospital Dataset/Train/glioma/Te-gl_0176.jpg",0,glioma,0,glioma,0.9781791568,0.0069676056,0.0090533346,0.0057999939
1466,"/kaggle/input/datasets/arafat221156011/mri-dataset/Epic and CSCR hospital Dataset/Train/glioma/Te-gl_0178.jpg",0,glioma,0,glioma,0.9764612913,0.0090568094,0.0079463637,0.0065355538
1470,"/kaggle/input/datasets/arafat221156011/mri-dataset/Epic and CSCR hospital Dataset/Train/glioma/Te-gl_0182.jpg",0,glioma,0,glioma,0.9771655202,0.0084777251,0.0081262607,0.0062304754
1472,"/kaggle/input/datasets/arafat221156011/mri-dataset/Epic and CSCR hospital Dataset/Train/glioma/Te-gl_0184.jpg",0,glioma,0,glioma,0.9778302908,0.0077899396,0.0077503561,0.0066292929
1483,"/kaggle/input/datasets/arafat221156011/mri-dataset/Epic and CSCR hospital Dataset/Train/glioma/Te-gl_0195.jpg",0,glioma,0,glioma,0.9781334996,0.0078262612,0.0083755963,0.0056646499
1497,"/kaggle/input/datasets/arafat221156011/mri-dataset/Epic and CSCR hospital Dataset/Train/glioma/Te-gl_0209.jpg",0,glioma,0,glioma,0.9777891040,0.0074810153,0.0084649390,0.0062649352
1502,"/kaggle/input/datasets/arafat221156011/mri-dataset/Epic and CSCR hospital Dataset/Train/glioma/Te-gl_0214.jpg",0,glioma,0,glioma,0.9791473150,0.0071702106,0.0080895964,0.0055928035
1504,"/kaggle/input/datasets/arafat221156011/mri-dataset/Epic and CSCR hospital Dataset/Train/glioma/Te-gl_0216.jpg",0,glioma,0,glioma,0.9786252975,0.0071182363,0.0083931703,0.0058632819
1508,"/kaggle/input/datasets/arafat221156011/mri-dataset/Epic and CSCR hospital Dataset/Train/glioma/Te-gl_0220.jpg",0,glioma,0,glioma,0.9781963229,0.0078071714,0.0079156216,0.0060809059
1512,"/kaggle/input/datasets/arafat221156011/mri-dataset/Epic and CSCR hospital Dataset/Train/glioma/Te-gl_0224.jpg",0,glioma,0,glioma,0.9770201445,0.0085978862,0.0079987831,0.0063832230
1516,"/kaggle/input/datasets/arafat221156011/mri-dataset/Epic and CSCR hospital Dataset/Train/glioma/Te-gl_0228.jpg",0,glioma,0,glioma,0.9778491259,0.0077861273,0.0082068685,0.0061579836
1522,"/kaggle/input/datasets/arafat221156011/mri-dataset/Epic and CSCR hospital Dataset/Train/glioma/Te-gl_0234.jpg",0,glioma,0,glioma,0.9774885178,0.0082410602,0.0076875584,0.0065829968
1526,"/kaggle/input/datasets/arafat221156011/mri-dataset/Epic and CSCR hospital Dataset/Train/glioma/Te-gl_0238.jpg",0,glioma,0,glioma,0.9779170752,0.0082932627,0.0075310655,0.0062586456
1531,"/kaggle/input/datasets/arafat221156011/mri-dataset/Epic and CSCR hospital Dataset/Train/glioma/Te-gl_0243.jpg",0,glioma,0,glioma,0.9776525497,0.0082241986,0.0077151754,0.0064081312
1538,"/kaggle/input/datasets/arafat221156011/mri-dataset/Epic and CSCR hospital Dataset/Train/glioma/Te-gl_0250.jpg",0,glioma,0,glioma,0.9777793884,0.0076592132,0.0080619799,0.0064993859
1539,"/kaggle/input/datasets/arafat221156011/mri-dataset/Epic and CSCR hospital Dataset/Train/glioma/Te-gl_0251.jpg",0,glioma,0,glioma,0.9767076373,0.0085121198,0.0083280094,0.0064522428
1546,"/kaggle/input/datasets/arafat221156011/mri-dataset/Epic and CSCR hospital Dataset/Train/glioma/Te-gl_0258.jpg",0,glioma,0,glioma,0.9671131968,0.0179608688,0.0085081086,0.0064177662
1548,"/kaggle/input/datasets/arafat221156011/mri-dataset/Epic and CSCR hospital Dataset/Train/glioma/Te-gl_0260.jpg",0,glioma,0,glioma,0.9776206017,0.0083269309,0.0079009440,0.0061514769
1552,"/kaggle/input/datasets/arafat221156011/mri-dataset/Epic and CSCR hospital Dataset/Train/glioma/Te-gl_0286.jpg",0,glioma,0,glioma,0.9772102237,0.0083816843,0.0082557108,0.0061523728
1555,"/kaggle/input/datasets/arafat221156011/mri-dataset/Epic and CSCR hospital Dataset/Train/glioma/Te-gl_0289.jpg",0,glioma,0,glioma,0.9774702191,0.0084700789,0.0076780366,0.0063817501
1556,"/kaggle/input/datasets/arafat221156011/mri-dataset/Epic and CSCR hospital Dataset/Train/glioma/Te-gl_0290.jpg",0,glioma,0,glioma,0.9783530235,0.0078503722,0.0073689325,0.0064276322
1565,"/kaggle/input/datasets/arafat221156011/mri-dataset/Epic and CSCR hospital Dataset/Train/glioma/Te-gl_0299.jpg",0,glioma,0,glioma,0.9782856107,0.0075321095,0.0076917121,0.0064905556
1575,"/kaggle/input/datasets/arafat221156011/mri-dataset/Epic and CSCR hospital Dataset/Train/glioma/Tr-gl_0037.jpg",0,glioma,0,glioma,0.9784919620,0.0072868122,0.0080665406,0.0061546550
1577,"/kaggle/input/datasets/arafat221156011/mri-dataset/Epic and CSCR hospital Dataset/Train/glioma/Tr-gl_0063.jpg",0,glioma,0,glioma,0.9786784053,0.0072956337,0.0080445614,0.0059814006
1578,"/kaggle/input/datasets/arafat221156011/mri-dataset/Epic and CSCR hospital Dataset/Train/glioma/Tr-gl_0064.jpg",0,glioma,0,glioma,0.9780793190,0.0077805989,0.0080269072,0.0061131767
1587,"/kaggle/input/datasets/arafat221156011/mri-dataset/Epic and CSCR hospital Dataset/Train/glioma/Tr-gl_0073.jpg",0,glioma,0,glioma,0.9791108370,0.0075509334,0.0074695097,0.0058687115
1590,"/kaggle/input/datasets/arafat221156011/mri-dataset/Epic and CSCR hospital Dataset/Train/glioma/Tr-gl_0076.jpg",0,glioma,0,glioma,0.9773281813,0.0080349557,0.0086532757,0.0059835715
1595,"/kaggle/input/datasets/arafat221156011/mri-dataset/Epic and CSCR hospital Dataset/Train/glioma/Tr-gl_0081.jpg",0,glioma,0,glioma,0.9779645801,0.0080061164,0.0079906378,0.0060385782
1597,"/kaggle/input/datasets/arafat221156011/mri-dataset/Epic and CSCR hospital Dataset/Train/glioma/Tr-gl_0083.jpg",0,glioma,0,glioma,0.9784057736,0.0077422545,0.0078288000,0.0060231946
1607,"/kaggle/input/datasets/arafat221156011/mri-dataset/Epic and CSCR hospital Dataset/Train/glioma/Tr-gl_0093.jpg",0,glioma,0,glioma,0.9776838422,0.0079836892,0.0084729670,0.0058594788
1625,"/kaggle/input/datasets/arafat221156011/mri-dataset/Epic and CSCR hospital Dataset/Train/glioma/Tr-gl_0126.jpg",0,glioma,0,glioma,0.9781354666,0.0077686273,0.0080318749,0.0060639665
1627,"/kaggle/input/datasets/arafat221156011/mri-dataset/Epic and CSCR hospital Dataset/Train/glioma/Tr-gl_0128.jpg",0,glioma,0,glioma,0.9782295227,0.0073688119,0.0084185675,0.0059831101
1628,"/kaggle/input/datasets/arafat221156011/mri-dataset/Epic and CSCR hospital Dataset/Train/glioma/Tr-gl_0129.jpg",0,glioma,0,glioma,0.9794608355,0.0070203864,0.0077993111,0.0057195192
1629,"/kaggle/input/datasets/arafat221156011/mri-dataset/Epic and CSCR hospital Dataset/Train/glioma/Tr-gl_0130.jpg",0,glioma,0,glioma,0.9791128039,0.0070353411,0.0079196524,0.0059321625
1631,"/kaggle/input/datasets/arafat221156011/mri-dataset/Epic and CSCR hospital Dataset/Train/glioma/Tr-gl_0132.jpg",0,glioma,0,glioma,0.9791599512,0.0070178350,0.0078946073,0.0059275813
1639,"/kaggle/input/datasets/arafat221156011/mri-dataset/Epic and CSCR hospital Dataset/Train/glioma/Tr-gl_0140.jpg",0,glioma,0,glioma,0.9777106047,0.0073042647,0.0078919586,0.0070931660
1644,"/kaggle/input/datasets/arafat221156011/mri-dataset/Epic and CSCR hospital Dataset/Train/glioma/Tr-gl_0145.jpg",0,glioma,0,glioma,0.9770220518,0.0079600140,0.0089269439,0.0060909605
1647,"/kaggle/input/datasets/arafat221156011/mri-dataset/Epic and CSCR hospital Dataset/Train/glioma/Tr-gl_0148.jpg",0,glioma,0,glioma,0.9788182378,0.0070690960,0.0082669314,0.0058457619
1654,"/kaggle/input/datasets/arafat221156011/mri-dataset/Epic and CSCR hospital Dataset/Train/glioma/Tr-gl_0155.jpg",0,glioma,0,glioma,0.9777359962,0.0074485964,0.0086852470,0.0061302520
1658,"/kaggle/input/datasets/arafat221156011/mri-dataset/Epic and CSCR hospital Dataset/Train/glioma/Tr-gl_0159.jpg",0,glioma,0,glioma,0.9783313870,0.0075655477,0.0080884667,0.0060146041
1664,"/kaggle/input/datasets/arafat221156011/mri-dataset/Epic and CSCR hospital Dataset/Train/glioma/Tr-gl_0165.jpg",0,glioma,0,glioma,0.9770027995,0.0083468975,0.0084164087,0.0062338444
1667,"/kaggle/input/datasets/arafat221156011/mri-dataset/Epic and CSCR hospital Dataset/Train/glioma/Tr-gl_0168.jpg",0,glioma,0,glioma,0.9783563614,0.0076698088,0.0080630537,0.0059107933
1669,"/kaggle/input/datasets/arafat221156011/mri-dataset/Epic and CSCR hospital Dataset/Train/glioma/Tr-gl_0170.jpg",0,glioma,0,glioma,0.9787132144,0.0072977282,0.0081156185,0.0058733877
1672,"/kaggle/input/datasets/arafat221156011/mri-dataset/Epic and CSCR hospital Dataset/Train/glioma/Tr-gl_0173.jpg",0,glioma,0,glioma,0.9766424298,0.0088488394,0.0083810827,0.0061276811
1673,"/kaggle/input/datasets/arafat221156011/mri-dataset/Epic and CSCR hospital Dataset/Train/glioma/Tr-gl_0174.jpg",0,glioma,0,glioma,0.9777175188,0.0079349196,0.0082958713,0.0060516289
1675,"/kaggle/input/datasets/arafat221156011/mri-dataset/Epic and CSCR hospital Dataset/Train/glioma/Tr-gl_0176.jpg",0,glioma,0,glioma,0.9779388309,0.0078562386,0.0074743154,0.0067306519
1678,"/kaggle/input/datasets/arafat221156011/mri-dataset/Epic and CSCR hospital Dataset/Train/glioma/Tr-gl_0179.jpg",0,glioma,0,glioma,0.9784972072,0.0078591984,0.0076771611,0.0059664338
1683,"/kaggle/input/datasets/arafat221156011/mri-dataset/Epic and CSCR hospital Dataset/Train/glioma/Tr-gl_0184.jpg",0,glioma,0,glioma,0.9773372412,0.0084972018,0.0076890262,0.0064765499
1685,"/kaggle/input/datasets/arafat221156011/mri-dataset/Epic and CSCR hospital Dataset/Train/glioma/Tr-gl_0186.jpg",0,glioma,0,glioma,0.9787831306,0.0075894021,0.0071795457,0.0064479038
1687,"/kaggle/input/datasets/arafat221156011/mri-dataset/Epic and CSCR hospital Dataset/Train/glioma/Tr-gl_0188.jpg",0,glioma,0,glioma,0.9785116911,0.0074908794,0.0076649389,0.0063324966
1691,"/kaggle/input/datasets/arafat221156011/mri-dataset/Epic and CSCR hospital Dataset/Train/glioma/Tr-gl_0192.jpg",0,glioma,0,glioma,0.9785288572,0.0075754942,0.0075418279,0.0063537760
1694,"/kaggle/input/datasets/arafat221156011/mri-dataset/Epic and CSCR hospital Dataset/Train/glioma/Tr-gl_0195.jpg",0,glioma,0,glioma,0.9774252772,0.0078066392,0.0084958728,0.0062721884
1696,"/kaggle/input/datasets/arafat221156011/mri-dataset/Epic and CSCR hospital Dataset/Train/glioma/Tr-gl_0197.jpg",0,glioma,0,glioma,0.9785078168,0.0075318748,0.0079573672,0.0060029412
1699,"/kaggle/input/datasets/arafat221156011/mri-dataset/Epic and CSCR hospital Dataset/Train/glioma/Tr-gl_0200.jpg",0,glioma,0,glioma,0.9786934853,0.0072975056,0.0081454823,0.0058634342
1706,"/kaggle/input/datasets/arafat221156011/mri-dataset/Epic and CSCR hospital Dataset/Train/glioma/Tr-gl_0207.jpg",0,glioma,0,glioma,0.9777297974,0.0078653162,0.0082954448,0.0061094151
1736,"/kaggle/input/datasets/arafat221156011/mri-dataset/Epic and CSCR hospital Dataset/Train/glioma/Tr-gl_0237.jpg",0,glioma,0,glioma,0.9782313108,0.0075309807,0.0077605941,0.0064771301
1738,"/kaggle/input/datasets/arafat221156011/mri-dataset/Epic and CSCR hospital Dataset/Train/glioma/Tr-gl_0239.jpg",0,glioma,0,glioma,0.9782824516,0.0077669611,0.0074786306,0.0064719906
1739,"/kaggle/input/datasets/arafat221156011/mri-dataset/Epic and CSCR hospital Dataset/Train/glioma/Tr-gl_0240.jpg",0,glioma,0,glioma,0.9787341356,0.0076540140,0.0074777007,0.0061342223
1742,"/kaggle/input/datasets/arafat221156011/mri-dataset/Epic and CSCR hospital Dataset/Train/glioma/Tr-gl_0243.jpg",0,glioma,0,glioma,0.9778206944,0.0078761168,0.0082430784,0.0060601416
1747,"/kaggle/input/datasets/arafat221156011/mri-dataset/Epic and CSCR hospital Dataset/Train/glioma/Tr-gl_0248.jpg",0,glioma,0,glioma,0.9775487781,0.0080383336,0.0082411291,0.0061716842
1748,"/kaggle/input/datasets/arafat221156011/mri-dataset/Epic and CSCR hospital Dataset/Train/glioma/Tr-gl_0249.jpg",0,glioma,0,glioma,0.9772609472,0.0082175536,0.0080264490,0.0064949491
1756,"/kaggle/input/datasets/arafat221156011/mri-dataset/Epic and CSCR hospital Dataset/Train/glioma/Tr-gl_0257.jpg",0,glioma,0,glioma,0.9789943695,0.0068155117,0.0084856907,0.0057044639
1760,"/kaggle/input/datasets/arafat221156011/mri-dataset/Epic and CSCR hospital Dataset/Train/glioma/Tr-gl_0261.jpg",0,glioma,0,glioma,0.9777634740,0.0072504543,0.0088212630,0.0061647580
1761,"/kaggle/input/datasets/arafat221156011/mri-dataset/Epic and CSCR hospital Dataset/Train/glioma/Tr-gl_0262.jpg",0,glioma,0,glioma,0.9773311615,0.0078940764,0.0086284326,0.0061463499
1762,"/kaggle/input/datasets/arafat221156011/mri-dataset/Epic and CSCR hospital Dataset/Train/glioma/Tr-gl_0263.jpg",0,glioma,0,glioma,0.9782907367,0.0076544234,0.0079844501,0.0060704299
1763,"/kaggle/input/datasets/arafat221156011/mri-dataset/Epic and CSCR hospital Dataset/Train/glioma/Tr-gl_0264.jpg",0,glioma,0,glioma,0.9780567288,0.0079208706,0.0078575714,0.0061649298
1765,"/kaggle/input/datasets/arafat221156011/mri-dataset/Epic and CSCR hospital Dataset/Train/glioma/Tr-gl_0266.jpg",0,glioma,0,glioma,0.9769114256,0.0089064892,0.0081500886,0.0060320115
1769,"/kaggle/input/datasets/arafat221156011/mri-dataset/Epic and CSCR hospital Dataset/Train/glioma/Tr-gl_0270.jpg",0,glioma,0,glioma,0.9775058031,0.0084106699,0.0079387007,0.0061448696
1774,"/kaggle/input/datasets/arafat221156011/mri-dataset/Epic and CSCR hospital Dataset/Train/glioma/Tr-gl_0275.jpg",0,glioma,0,glioma,0.9775733948,0.0079137553,0.0083660269,0.0061468007
1778,"/kaggle/input/datasets/arafat221156011/mri-dataset/Epic and CSCR hospital Dataset/Train/glioma/Tr-gl_0279.jpg",0,glioma,0,glioma,0.9781795740,0.0077160946,0.0080617014,0.0060426537
1783,"/kaggle/input/datasets/arafat221156011/mri-dataset/Epic and CSCR hospital Dataset/Train/glioma/Tr-gl_0284.jpg",0,glioma,0,glioma,0.9784911871,0.0076038251,0.0079730209,0.0059319190
1788,"/kaggle/input/datasets/arafat221156011/mri-dataset/Epic and CSCR hospital Dataset/Train/glioma/Tr-gl_0289.jpg",0,glioma,0,glioma,0.9781578779,0.0076933252,0.0080499901,0.0060988008
1790,"/kaggle/input/datasets/arafat221156011/mri-dataset/Epic and CSCR hospital Dataset/Train/glioma/Tr-gl_0291.jpg",0,glioma,0,glioma,0.9780164957,0.0077727800,0.0082064550,0.0060043321
1794,"/kaggle/input/datasets/arafat221156011/mri-dataset/Epic and CSCR hospital Dataset/Train/glioma/Tr-gl_0295.jpg",0,glioma,0,glioma,0.9785909653,0.0074896729,0.0080439420,0.0058754147
1796,"/kaggle/input/datasets/arafat221156011/mri-dataset/Epic and CSCR hospital Dataset/Train/glioma/Tr-gl_0297.jpg",0,glioma,0,glioma,0.9781436920,0.0078876773,0.0079642404,0.0060044117
1813,"/kaggle/input/datasets/arafat221156011/mri-dataset/Epic and CSCR hospital Dataset/Train/glioma/Tr-gl_0314.jpg",0,glioma,0,glioma,0.9783639908,0.0075732609,0.0082524735,0.0058102594
1815,"/kaggle/input/datasets/arafat221156011/mri-dataset/Epic and CSCR hospital Dataset/Train/glioma/Tr-gl_0316.jpg",0,glioma,0,glioma,0.9780637026,0.0078964634,0.0080774464,0.0059624454
1821,"/kaggle/input/datasets/arafat221156011/mri-dataset/Epic and CSCR hospital Dataset/Train/glioma/Tr-gl_0322.jpg",0,glioma,0,glioma,0.9783085585,0.0075000278,0.0082253749,0.0059660384
1822,"/kaggle/input/datasets/arafat221156011/mri-dataset/Epic and CSCR hospital Dataset/Train/glioma/Tr-gl_0323.jpg",0,glioma,0,glioma,0.9777142406,0.0076258779,0.0085675288,0.0060923542
1823,"/kaggle/input/datasets/arafat221156011/mri-dataset/Epic and CSCR hospital Dataset/Train/glioma/Tr-gl_0324.jpg",0,glioma,0,glioma,0.9783824682,0.0076184161,0.0081315208,0.0058675064
1837,"/kaggle/input/datasets/arafat221156011/mri-dataset/Epic and CSCR hospital Dataset/Train/glioma/Tr-gl_0338.jpg",0,glioma,0,glioma,0.9767429233,0.0079039130,0.0093257874,0.0060273875
1840,"/kaggle/input/datasets/arafat221156011/mri-dataset/Epic and CSCR hospital Dataset/Train/glioma/Tr-gl_0341.jpg",0,glioma,0,glioma,0.9772253036,0.0077249901,0.0089454558,0.0061043035
1842,"/kaggle/input/datasets/arafat221156011/mri-dataset/Epic and CSCR hospital Dataset/Train/glioma/Tr-gl_0343.jpg",0,glioma,0,glioma,0.9786673784,0.0076805712,0.0076783961,0.0059737116
1843,"/kaggle/input/datasets/arafat221156011/mri-dataset/Epic and CSCR hospital Dataset/Train/glioma/Tr-gl_0344.jpg",0,glioma,0,glioma,0.9781475067,0.0081987511,0.0076001571,0.0060535856
1846,"/kaggle/input/datasets/arafat221156011/mri-dataset/Epic and CSCR hospital Dataset/Train/glioma/Tr-gl_0347.jpg",0,glioma,0,glioma,0.9764337540,0.0086006019,0.0086424462,0.0063232882
1853,"/kaggle/input/datasets/arafat221156011/mri-dataset/Epic and CSCR hospital Dataset/Train/glioma/Tr-gl_0354.jpg",0,glioma,0,glioma,0.9778873324,0.0075384774,0.0084789516,0.0060952730
1854,"/kaggle/input/datasets/arafat221156011/mri-dataset/Epic and CSCR hospital Dataset/Train/glioma/Tr-gl_0355.jpg",0,glioma,0,glioma,0.9785540700,0.0067998702,0.0088608097,0.0057852780
1860,"/kaggle/input/datasets/arafat221156011/mri-dataset/Epic and CSCR hospital Dataset/Train/glioma/Tr-gl_0361.jpg",0,glioma,0,glioma,0.9782571793,0.0078244414,0.0072882669,0.0066300230
1865,"/kaggle/input/datasets/arafat221156011/mri-dataset/Epic and CSCR hospital Dataset/Train/glioma/Tr-gl_0366.jpg",0,glioma,0,glioma,0.9783897400,0.0077859862,0.0079091256,0.0059151561
1868,"/kaggle/input/datasets/arafat221156011/mri-dataset/Epic and CSCR hospital Dataset/Train/glioma/Tr-gl_0369.jpg",0,glioma,0,glioma,0.9785668254,0.0077233696,0.0077570677,0.0059527592
1871,"/kaggle/input/datasets/arafat221156011/mri-dataset/Epic and CSCR hospital Dataset/Train/glioma/Tr-gl_0372.jpg",0,glioma,0,glioma,0.9784274101,0.0077307979,0.0077004223,0.0061413199
1876,"/kaggle/input/datasets/arafat221156011/mri-dataset/Epic and CSCR hospital Dataset/Train/glioma/Tr-gl_0377.jpg",0,glioma,0,glioma,0.9764059186,0.0092303893,0.0082439203,0.0061198347
1882,"/kaggle/input/datasets/arafat221156011/mri-dataset/Epic and CSCR hospital Dataset/Train/glioma/Tr-gl_0383.jpg",0,glioma,0,glioma,0.9774238467,0.0083980979,0.0079649584,0.0062130284
1884,"/kaggle/input/datasets/arafat221156011/mri-dataset/Epic and CSCR hospital Dataset/Train/glioma/Tr-gl_0385.jpg",0,glioma,0,glioma,0.9777472615,0.0081300065,0.0080355089,0.0060872864
1893,"/kaggle/input/datasets/arafat221156011/mri-dataset/Epic and CSCR hospital Dataset/Train/glioma/Tr-gl_0394.jpg",0,glioma,0,glioma,0.9787486196,0.0070809745,0.0083520683,0.0058183582
1895,"/kaggle/input/datasets/arafat221156011/mri-dataset/Epic and CSCR hospital Dataset/Train/glioma/Tr-gl_0396.jpg",0,glioma,0,glioma,0.9784731865,0.0072344625,0.0083957352,0.0058966456
1902,"/kaggle/input/datasets/arafat221156011/mri-dataset/Epic and CSCR hospital Dataset/Train/glioma/Tr-gl_0403.jpg",0,glioma,0,glioma,0.9773252606,0.0081409542,0.0086352797,0.0058983993
1903,"/kaggle/input/datasets/arafat221156011/mri-dataset/Epic and CSCR hospital Dataset/Train/glioma/Tr-gl_0404.jpg",0,glioma,0,glioma,0.9782177210,0.0077617466,0.0083078630,0.0057127187
1905,"/kaggle/input/datasets/arafat221156011/mri-dataset/Epic and CSCR hospital Dataset/Train/glioma/Tr-gl_0406.jpg",0,glioma,0,glioma,0.9783322215,0.0074920533,0.0083316052,0.0058441688
1911,"/kaggle/input/datasets/arafat221156011/mri-dataset/Epic and CSCR hospital Dataset/Train/glioma/Tr-gl_0412.jpg",0,glioma,0,glioma,0.9790557027,0.0073287701,0.0078164972,0.0057990206
1915,"/kaggle/input/datasets/arafat221156011/mri-dataset/Epic and CSCR hospital Dataset/Train/glioma/Tr-gl_0416.jpg",0,glioma,0,glioma,0.9779226184,0.0077718422,0.0082633719,0.0060421838
1917,"/kaggle/input/datasets/arafat221156011/mri-dataset/Epic and CSCR hospital Dataset/Train/glioma/Tr-gl_0418.jpg",0,glioma,0,glioma,0.9789913893,0.0072954884,0.0079714349,0.0057416903
1920,"/kaggle/input/datasets/arafat221156011/mri-dataset/Epic and CSCR hospital Dataset/Train/glioma/Tr-gl_0421.jpg",0,glioma,0,glioma,0.9782921076,0.0074350103,0.0080587473,0.0062142322
1930,"/kaggle/input/datasets/arafat221156011/mri-dataset/Epic and CSCR hospital Dataset/Train/glioma/Tr-gl_0431.jpg",0,glioma,0,glioma,0.9782112241,0.0081067188,0.0077052554,0.0059766779
1941,"/kaggle/input/datasets/arafat221156011/mri-dataset/Epic and CSCR hospital Dataset/Train/glioma/Tr-gl_0442.jpg",0,glioma,0,glioma,0.9777144194,0.0078716334,0.0082762912,0.0061376663
1950,"/kaggle/input/datasets/arafat221156011/mri-dataset/Epic and CSCR hospital Dataset/Train/glioma/Tr-gl_0451.jpg",0,glioma,0,glioma,0.9785652161,0.0076219710,0.0078356955,0.0059771119
1951,"/kaggle/input/datasets/arafat221156011/mri-dataset/Epic and CSCR hospital Dataset/Train/glioma/Tr-gl_0452.jpg",0,glioma,0,glioma,0.9774624705,0.0080432333,0.0080839070,0.0064103892
1963,"/kaggle/input/datasets/arafat221156011/mri-dataset/Epic and CSCR hospital Dataset/Train/glioma/Tr-gl_0464.jpg",0,glioma,0,glioma,0.9780992270,0.0078332238,0.0080867726,0.0059808260
1969,"/kaggle/input/datasets/arafat221156011/mri-dataset/Epic and CSCR hospital Dataset/Train/glioma/Tr-gl_0470.jpg",0,glioma,0,glioma,0.9782351255,0.0076997890,0.0080055287,0.0060595465
1971,"/kaggle/input/datasets/arafat221156011/mri-dataset/Epic and CSCR hospital Dataset/Train/glioma/Tr-gl_0472.jpg",0,glioma,0,glioma,0.9778773189,0.0081867576,0.0078131417,0.0061227111
1981,"/kaggle/input/datasets/arafat221156011/mri-dataset/Epic and CSCR hospital Dataset/Train/glioma/Tr-gl_0482.jpg",0,glioma,0,glioma,0.9781986475,0.0076614320,0.0078558363,0.0062840702
1984,"/kaggle/input/datasets/arafat221156011/mri-dataset/Epic and CSCR hospital Dataset/Train/glioma/Tr-gl_0485.jpg",0,glioma,0,glioma,0.9789737463,0.0071993135,0.0078056417,0.0060213609
1985,"/kaggle/input/datasets/arafat221156011/mri-dataset/Epic and CSCR hospital Dataset/Train/glioma/Tr-gl_0486.jpg",0,glioma,0,glioma,0.9784452319,0.0073967101,0.0081788469,0.0059791966
1987,"/kaggle/input/datasets/arafat221156011/mri-dataset/Epic and CSCR hospital Dataset/Train/glioma/Tr-gl_0488.jpg",0,glioma,0,glioma,0.9776620865,0.0077040852,0.0081741838,0.0064596543
1992,"/kaggle/input/datasets/arafat221156011/mri-dataset/Epic and CSCR hospital Dataset/Train/glioma/Tr-gl_0493.jpg",0,glioma,0,glioma,0.9775202870,0.0077203987,0.0082021011,0.0065571219
1999,"/kaggle/input/datasets/arafat221156011/mri-dataset/Epic and CSCR hospital Dataset/Train/glioma/Tr-gl_0500.jpg",0,glioma,0,glioma,0.9782221913,0.0077863545,0.0080320779,0.0059593823
2007,"/kaggle/input/datasets/arafat221156011/mri-dataset/Epic and CSCR hospital Dataset/Train/glioma/Tr-gl_0508.jpg",0,glioma,0,glioma,0.9772394300,0.0082285982,0.0085584018,0.0059736036
2009,"/kaggle/input/datasets/arafat221156011/mri-dataset/Epic and CSCR hospital Dataset/Train/glioma/Tr-gl_0510.jpg",0,glioma,0,glioma,0.9767276049,0.0083115511,0.0090450123,0.0059158886
2017,"/kaggle/input/datasets/arafat221156011/mri-dataset/Epic and CSCR hospital Dataset/Train/glioma/Tr-gl_0518.jpg",0,glioma,0,glioma,0.9787944555,0.0069955611,0.0083520822,0.0058578537
2018,"/kaggle/input/datasets/arafat221156011/mri-dataset/Epic and CSCR hospital Dataset/Train/glioma/Tr-gl_0519.jpg",0,glioma,0,glioma,0.9775581360,0.0076955957,0.0088269506,0.0059192562
2019,"/kaggle/input/datasets/arafat221156011/mri-dataset/Epic and CSCR hospital Dataset/Train/glioma/Tr-gl_0520.jpg",0,glioma,0,glioma,0.9769080281,0.0080114547,0.0088544246,0.0062260763
2022,"/kaggle/input/datasets/arafat221156011/mri-dataset/Epic and CSCR hospital Dataset/Train/glioma/Tr-gl_0523.jpg",0,glioma,0,glioma,0.9775367975,0.0077583417,0.0085262330,0.0061787004
2026,"/kaggle/input/datasets/arafat221156011/mri-dataset/Epic and CSCR hospital Dataset/Train/glioma/Tr-gl_0527.jpg",0,glioma,0,glioma,0.9776877165,0.0082057659,0.0079045137,0.0062020319
2028,"/kaggle/input/datasets/arafat221156011/mri-dataset/Epic and CSCR hospital Dataset/Train/glioma/Tr-gl_0529.jpg",0,glioma,0,glioma,0.9777439237,0.0079414044,0.0080687860,0.0062459209
2031,"/kaggle/input/datasets/arafat221156011/mri-dataset/Epic and CSCR hospital Dataset/Train/glioma/Tr-gl_0532.jpg",0,glioma,0,glioma,0.9774862528,0.0078218970,0.0083149727,0.0063768728
2044,"/kaggle/input/datasets/arafat221156011/mri-dataset/Epic and CSCR hospital Dataset/Train/glioma/Tr-gl_0545.jpg",0,glioma,0,glioma,0.9769212008,0.0083771916,0.0084165651,0.0062850146
2047,"/kaggle/input/datasets/arafat221156011/mri-dataset/Epic and CSCR hospital Dataset/Train/glioma/Tr-gl_0548.jpg",0,glioma,0,glioma,0.9778237343,0.0078547504,0.0082122963,0.0061092335
2052,"/kaggle/input/datasets/arafat221156011/mri-dataset/Epic and CSCR hospital Dataset/Train/glioma/Tr-gl_0553.jpg",0,glioma,0,glioma,0.9773408771,0.0082560210,0.0083111357,0.0060919700
2054,"/kaggle/input/datasets/arafat221156011/mri-dataset/Epic and CSCR hospital Dataset/Train/glioma/Tr-gl_0555.jpg",0,glioma,0,glioma,0.9777393341,0.0081504416,0.0081909942,0.0059192656
2058,"/kaggle/input/datasets/arafat221156011/mri-dataset/Epic and CSCR hospital Dataset/Train/glioma/Tr-gl_0559.jpg",0,glioma,0,glioma,0.9775354266,0.0077361306,0.0087310597,0.0059974608
2065,"/kaggle/input/datasets/arafat221156011/mri-dataset/Epic and CSCR hospital Dataset/Train/glioma/Tr-gl_0566.jpg",0,glioma,0,glioma,0.9772651792,0.0081045879,0.0081267832,0.0065034614
2067,"/kaggle/input/datasets/arafat221156011/mri-dataset/Epic and CSCR hospital Dataset/Train/glioma/Tr-gl_0568.jpg",0,glioma,0,glioma,0.9774569273,0.0079340972,0.0085539473,0.0060550175
2071,"/kaggle/input/datasets/arafat221156011/mri-dataset/Epic and CSCR hospital Dataset/Train/glioma/Tr-gl_0572.jpg",0,glioma,0,glioma,0.9786720276,0.0075595444,0.0076832422,0.0060851336
2074,"/kaggle/input/datasets/arafat221156011/mri-dataset/Epic and CSCR hospital Dataset/Train/glioma/Tr-gl_0575.jpg",0,glioma,0,glioma,0.9785833359,0.0076664514,0.0078356415,0.0059146252
2082,"/kaggle/input/datasets/arafat221156011/mri-dataset/Epic and CSCR hospital Dataset/Train/glioma/Tr-gl_0583.jpg",0,glioma,0,glioma,0.9773982167,0.0083383983,0.0081839571,0.0060794735
2084,"/kaggle/input/datasets/arafat221156011/mri-dataset/Epic and CSCR hospital Dataset/Train/glioma/Tr-gl_0585.jpg",0,glioma,0,glioma,0.9777868986,0.0080719870,0.0080836285,0.0060575483
2117,"/kaggle/input/datasets/arafat221156011/mri-dataset/Epic and CSCR hospital Dataset/Train/glioma/Tr-gl_0618.jpg",0,glioma,0,glioma,0.9783222079,0.0074978471,0.0079942467,0.0061856159
2123,"/kaggle/input/datasets/arafat221156011/mri-dataset/Epic and CSCR hospital Dataset/Train/glioma/Tr-gl_0624.jpg",0,glioma,0,glioma,0.9783567190,0.0076518604,0.0081373882,0.0058541433
2129,"/kaggle/input/datasets/arafat221156011/mri-dataset/Epic and CSCR hospital Dataset/Train/glioma/Tr-gl_0630.jpg",0,glioma,0,glioma,0.9770486951,0.0082941195,0.0083720386,0.0062851398
2131,"/kaggle/input/datasets/arafat221156011/mri-dataset/Epic and CSCR hospital Dataset/Train/glioma/Tr-gl_0632.jpg",0,glioma,0,glioma,0.9773238301,0.0083209686,0.0082779452,0.0060773464
2134,"/kaggle/input/datasets/arafat221156011/mri-dataset/Epic and CSCR hospital Dataset/Train/glioma/Tr-gl_0635.jpg",0,glioma,0,glioma,0.9782010913,0.0079368968,0.0079418253,0.0059200926
2137,"/kaggle/input/datasets/arafat221156011/mri-dataset/Epic and CSCR hospital Dataset/Train/glioma/Tr-gl_0638.jpg",0,glioma,0,glioma,0.9777519107,0.0080507193,0.0082012229,0.0059961211
2139,"/kaggle/input/datasets/arafat221156011/mri-dataset/Epic and CSCR hospital Dataset/Train/glioma/Tr-gl_0640.jpg",0,glioma,0,glioma,0.9783153534,0.0077598528,0.0077294051,0.0061953659
2140,"/kaggle/input/datasets/arafat221156011/mri-dataset/Epic and CSCR hospital Dataset/Train/glioma/Tr-gl_0682.jpg",0,glioma,0,glioma,0.9780341983,0.0077757062,0.0079940725,0.0061959960
2142,"/kaggle/input/datasets/arafat221156011/mri-dataset/Epic and CSCR hospital Dataset/Train/glioma/Tr-gl_0684.jpg",0,glioma,0,glioma,0.9780660868,0.0075567835,0.0082296729,0.0061475439
2153,"/kaggle/input/datasets/arafat221156011/mri-dataset/Epic and CSCR hospital Dataset/Train/glioma/Tr-gl_0796.jpg",0,glioma,0,glioma,0.9777555466,0.0080220755,0.0081916656,0.0060308133
2162,"/kaggle/input/datasets/arafat221156011/mri-dataset/Epic and CSCR hospital Dataset/Train/glioma/Tr-gl_0805.jpg",0,glioma,0,glioma,0.9784029126,0.0072572194,0.0081051858,0.0062347176
2163,"/kaggle/input/datasets/arafat221156011/mri-dataset/Epic and CSCR hospital Dataset/Train/glioma/Tr-gl_0806.jpg",0,glioma,0,glioma,0.9793459177,0.0067335973,0.0071510030,0.0067694979
2164,"/kaggle/input/datasets/arafat221156011/mri-dataset/Epic and CSCR hospital Dataset/Train/glioma/Tr-gl_0807.jpg",0,glioma,0,glioma,0.9787187576,0.0070144283,0.0072963834,0.0069703930
2166,"/kaggle/input/datasets/arafat221156011/mri-dataset/Epic and CSCR hospital Dataset/Train/glioma/Tr-gl_0809.jpg",0,glioma,0,glioma,0.9775919914,0.0080994051,0.0078408523,0.0064678071
2167,"/kaggle/input/datasets/arafat221156011/mri-dataset/Epic and CSCR hospital Dataset/Train/glioma/Tr-gl_0810.jpg",0,glioma,0,glioma,0.9786511660,0.0075031230,0.0079048090,0.0059409095
2173,"/kaggle/input/datasets/arafat221156011/mri-dataset/Epic and CSCR hospital Dataset/Train/glioma/Tr-gl_0816.jpg",0,glioma,0,glioma,0.9786469340,0.0074006296,0.0080091078,0.0059433477
2185,"/kaggle/input/datasets/arafat221156011/mri-dataset/Epic and CSCR hospital Dataset/Train/glioma/Tr-gl_0828.jpg",0,glioma,0,glioma,0.9784560204,0.0076588304,0.0079544587,0.0059305746
2191,"/kaggle/input/datasets/arafat221156011/mri-dataset/Epic and CSCR hospital Dataset/Train/glioma/Tr-gl_0846.jpg",0,glioma,0,glioma,0.9750263095,0.0101722647,0.0080094924,0.0067918776
2195,"/kaggle/input/datasets/arafat221156011/mri-dataset/Epic and CSCR hospital Dataset/Train/glioma/Tr-gl_0850.jpg",0,glioma,0,glioma,0.9780980349,0.0076549747,0.0082541946,0.0059928200
2198,"/kaggle/input/datasets/arafat221156011/mri-dataset/Epic and CSCR hospital Dataset/Train/glioma/Tr-gl_0853.jpg",0,glioma,0,glioma,0.9787858129,0.0070963590,0.0082366113,0.0058811554
2200,"/kaggle/input/datasets/arafat221156011/mri-dataset/Epic and CSCR hospital Dataset/Train/glioma/Tr-gl_0855.jpg",0,glioma,0,glioma,0.9780591130,0.0075738640,0.0083822804,0.0059847115
2208,"/kaggle/input/datasets/arafat221156011/mri-dataset/Epic and CSCR hospital Dataset/Train/glioma/Tr-gl_0863.jpg",0,glioma,0,glioma,0.9783185720,0.0075670867,0.0079738218,0.0061405161
2209,"/kaggle/input/datasets/arafat221156011/mri-dataset/Epic and CSCR hospital Dataset/Train/glioma/Tr-gl_0864.jpg",0,glioma,0,glioma,0.9781954885,0.0075378343,0.0082366075,0.0060300468
2210,"/kaggle/input/datasets/arafat221156011/mri-dataset/Epic and CSCR hospital Dataset/Train/glioma/Tr-gl_0865.jpg",0,glioma,0,glioma,0.9782279730,0.0075327344,0.0082326513,0.0060065994
2212,"/kaggle/input/datasets/arafat221156011/mri-dataset/Epic and CSCR hospital Dataset/Train/glioma/Tr-gl_0867.jpg",0,glioma,0,glioma,0.9764517546,0.0091075106,0.0082137706,0.0062269187
2216,"/kaggle/input/datasets/arafat221156011/mri-dataset/Epic and CSCR hospital Dataset/Train/glioma/Tr-gl_0871.jpg",0,glioma,0,glioma,0.9772726297,0.0083672311,0.0079692556,0.0063908873
2223,"/kaggle/input/datasets/arafat221156011/mri-dataset/Epic and CSCR hospital Dataset/Train/glioma/Tr-gl_0878.jpg",0,glioma,0,glioma,0.9792599678,0.0069346614,0.0081010973,0.0057042604
2224,"/kaggle/input/datasets/arafat221156011/mri-dataset/Epic and CSCR hospital Dataset/Train/glioma/Tr-gl_0879.jpg",0,glioma,0,glioma,0.9778939486,0.0077564297,0.0084333811,0.0059163221
2226,"/kaggle/input/datasets/arafat221156011/mri-dataset/Epic and CSCR hospital Dataset/Train/glioma/Tr-gl_0881.jpg",0,glioma,0,glioma,0.9773050547,0.0085260896,0.0079321908,0.0062366324
2234,"/kaggle/input/datasets/arafat221156011/mri-dataset/Epic and CSCR hospital Dataset/Train/glioma/Tr-gl_0889.jpg",0,glioma,0,glioma,0.9777291417,0.0077291713,0.0084388545,0.0061028460
2237,"/kaggle/input/datasets/arafat221156011/mri-dataset/Epic and CSCR hospital Dataset/Train/glioma/Tr-gl_0892.jpg",0,glioma,0,glioma,0.9788524508,0.0069041811,0.0086245518,0.0056187762
2246,"/kaggle/input/datasets/arafat221156011/mri-dataset/Epic and CSCR hospital Dataset/Train/glioma/Tr-gl_0901.jpg",0,glioma,0,glioma,0.9748570323,0.0104014687,0.0079325661,0.0068088681
2249,"/kaggle/input/datasets/arafat221156011/mri-dataset/Epic and CSCR hospital Dataset/Train/glioma/Tr-gl_0904.jpg",0,glioma,0,glioma,0.9776738286,0.0078786789,0.0082122339,0.0062352014
2255,"/kaggle/input/datasets/arafat221156011/mri-dataset/Epic and CSCR hospital Dataset/Train/glioma/Tr-gl_0910.jpg",0,glioma,0,glioma,0.9780541658,0.0077637346,0.0080824364,0.0060996441
2262,"/kaggle/input/datasets/arafat221156011/mri-dataset/Epic and CSCR hospital Dataset/Train/glioma/Tr-gl_0917.jpg",0,glioma,0,glioma,0.9775664210,0.0079796780,0.0082852021,0.0061686747
2266,"/kaggle/input/datasets/arafat221156011/mri-dataset/Epic and CSCR hospital Dataset/Train/glioma/Tr-gl_0921.jpg",0,glioma,0,glioma,0.9777150154,0.0077308193,0.0084306858,0.0061235307
2269,"/kaggle/input/datasets/arafat221156011/mri-dataset/Epic and CSCR hospital Dataset/Train/glioma/Tr-gl_0924.jpg",0,glioma,0,glioma,0.9764862061,0.0086777117,0.0083753932,0.0064606452
2298,"/kaggle/input/datasets/arafat221156011/mri-dataset/Epic and CSCR hospital Dataset/Train/glioma/Tr-gl_0953.jpg",0,glioma,0,glioma,0.9774022102,0.0080612600,0.0082675656,0.0062688729
2304,"/kaggle/input/datasets/arafat221156011/mri-dataset/Epic and CSCR hospital Dataset/Train/glioma/Tr-gl_0959.jpg",0,glioma,0,glioma,0.9782193303,0.0076449229,0.0082345027,0.0059011667
2310,"/kaggle/input/datasets/arafat221156011/mri-dataset/Epic and CSCR hospital Dataset/Train/glioma/Tr-gl_0965.jpg",0,glioma,0,glioma,0.9783075452,0.0074741356,0.0083487667,0.0058695013
2317,"/kaggle/input/datasets/arafat221156011/mri-dataset/Epic and CSCR hospital Dataset/Train/glioma/Tr-gl_0972.jpg",0,glioma,0,glioma,0.9785817862,0.0072158971,0.0079053333,0.0062970081
2343,"/kaggle/input/datasets/arafat221156011/mri-dataset/Epic and CSCR hospital Dataset/Train/glioma/Tr-gl_0998.jpg",0,glioma,0,glioma,0.9768357277,0.0088524902,0.0081617851,0.0061500287
2344,"/kaggle/input/datasets/arafat221156011/mri-dataset/Epic and CSCR hospital Dataset/Train/glioma/Tr-gl_0999.jpg",0,glioma,0,glioma,0.9773227572,0.0081673954,0.0082012247,0.0063086525
2346,"/kaggle/input/datasets/arafat221156011/mri-dataset/Epic and CSCR hospital Dataset/Train/glioma/Tr-gl_1001.jpg",0,glioma,0,glioma,0.9774821401,0.0082816547,0.0080348719,0.0062013492
2350,"/kaggle/input/datasets/arafat221156011/mri-dataset/Epic and CSCR hospital Dataset/Train/glioma/Tr-gl_1005.jpg",0,glioma,0,glioma,0.9774593115,0.0075053750,0.0088131484,0.0062221340
2363,"/kaggle/input/datasets/arafat221156011/mri-dataset/Epic and CSCR hospital Dataset/Train/glioma/Tr-gl_1018.jpg",0,glioma,0,glioma,0.9785878062,0.0072391494,0.0080057075,0.0061673541
2371,"/kaggle/input/datasets/arafat221156011/mri-dataset/Epic and CSCR hospital Dataset/Train/glioma/Tr-gl_1026.jpg",0,glioma,0,glioma,0.9756208658,0.0095651476,0.0085217888,0.0062922142
2373,"/kaggle/input/datasets/arafat221156011/mri-dataset/Epic and CSCR hospital Dataset/Train/glioma/Tr-gl_1028.jpg",0,glioma,0,glioma,0.9752737880,0.0098447399,0.0083934637,0.0064879470
2375,"/kaggle/input/datasets/arafat221156011/mri-dataset/Epic and CSCR hospital Dataset/Train/glioma/Tr-gl_1030.jpg",0,glioma,0,glioma,0.9778579473,0.0079304781,0.0085046934,0.0057068253
2377,"/kaggle/input/datasets/arafat221156011/mri-dataset/Epic and CSCR hospital Dataset/Train/glioma/Tr-gl_1032.jpg",0,glioma,0,glioma,0.9782801867,0.0075362027,0.0083511416,0.0058324775
2386,"/kaggle/input/datasets/arafat221156011/mri-dataset/Epic and CSCR hospital Dataset/Train/glioma/Tr-gl_1041.jpg",0,glioma,0,glioma,0.9782558680,0.0072749131,0.0083389096,0.0061303503
2389,"/kaggle/input/datasets/arafat221156011/mri-dataset/Epic and CSCR hospital Dataset/Train/glioma/Tr-gl_1044.jpg",0,glioma,0,glioma,0.9777391553,0.0071687354,0.0068957917,0.0081962943
2393,"/kaggle/input/datasets/arafat221156011/mri-dataset/Epic and CSCR hospital Dataset/Train/glioma/Tr-gl_1048.jpg",0,glioma,0,glioma,0.9775267839,0.0084353257,0.0078184176,0.0062195039
2394,"/kaggle/input/datasets/arafat221156011/mri-dataset/Epic and CSCR hospital Dataset/Train/glioma/Tr-gl_1049.jpg",0,glioma,0,glioma,0.9774516225,0.0079641622,0.0081237247,0.0064605153
2399,"/kaggle/input/datasets/arafat221156011/mri-dataset/Epic and CSCR hospital Dataset/Train/glioma/Tr-gl_1054.jpg",0,glioma,0,glioma,0.9783029556,0.0072757164,0.0083390400,0.0060822372
2407,"/kaggle/input/datasets/arafat221156011/mri-dataset/Epic and CSCR hospital Dataset/Train/glioma/Tr-gl_1062.jpg",0,glioma,0,glioma,0.9787995219,0.0073776967,0.0081494972,0.0056733275
2426,"/kaggle/input/datasets/arafat221156011/mri-dataset/Epic and CSCR hospital Dataset/Train/glioma/Tr-gl_1081.jpg",0,glioma,0,glioma,0.9772627950,0.0069475845,0.0095492350,0.0062403823
2437,"/kaggle/input/datasets/arafat221156011/mri-dataset/Epic and CSCR hospital Dataset/Train/glioma/Tr-gl_1092.jpg",0,glioma,0,glioma,0.9779517055,0.0078454819,0.0079659233,0.0062368708
2438,"/kaggle/input/datasets/arafat221156011/mri-dataset/Epic and CSCR hospital Dataset/Train/glioma/Tr-gl_1093.jpg",0,glioma,0,glioma,0.9356813431,0.0110890772,0.0049206261,0.0483088754
2444,"/kaggle/input/datasets/arafat221156011/mri-dataset/Epic and CSCR hospital Dataset/Train/glioma/Tr-gl_1099.jpg",0,glioma,0,glioma,0.9779765010,0.0078166481,0.0084295999,0.0057772095
2451,"/kaggle/input/datasets/arafat221156011/mri-dataset/Epic and CSCR hospital Dataset/Train/glioma/Tr-gl_1106.jpg",0,glioma,0,glioma,0.9764734507,0.0087258890,0.0081284605,0.0066721849
2453,"/kaggle/input/datasets/arafat221156011/mri-dataset/Epic and CSCR hospital Dataset/Train/glioma/Tr-gl_1108.jpg",0,glioma,0,glioma,0.9774138331,0.0083910003,0.0079553444,0.0062398254
2454,"/kaggle/input/datasets/arafat221156011/mri-dataset/Epic and CSCR hospital Dataset/Train/glioma/Tr-gl_1109.jpg",0,glioma,0,glioma,0.9782692790,0.0078349020,0.0077319541,0.0061637876
2460,"/kaggle/input/datasets/arafat221156011/mri-dataset/Epic and CSCR hospital Dataset/Train/glioma/Tr-gl_1115.jpg",0,glioma,0,glioma,0.9781172872,0.0077734739,0.0078821313,0.0062270379
2461,"/kaggle/input/datasets/arafat221156011/mri-dataset/Epic and CSCR hospital Dataset/Train/glioma/Tr-gl_1116.jpg",0,glioma,0,glioma,0.9770252109,0.0080662994,0.0083283959,0.0065800967
2467,"/kaggle/input/datasets/arafat221156011/mri-dataset/Epic and CSCR hospital Dataset/Train/glioma/Tr-gl_1122.jpg",0,glioma,0,glioma,0.9781845808,0.0080181034,0.0078928405,0.0059044817
2470,"/kaggle/input/datasets/arafat221156011/mri-dataset/Epic and CSCR hospital Dataset/Train/glioma/Tr-gl_1125.jpg",0,glioma,0,glioma,0.9776995778,0.0080894185,0.0080388132,0.0061723022
2471,"/kaggle/input/datasets/arafat221156011/mri-dataset/Epic and CSCR hospital Dataset/Train/glioma/Tr-gl_1126.jpg",0,glioma,0,glioma,0.9781391025,0.0076350989,0.0080615850,0.0061641643
2482,"/kaggle/input/datasets/arafat221156011/mri-dataset/Epic and CSCR hospital Dataset/Train/glioma/Tr-gl_1137.jpg",0,glioma,0,glioma,0.9774430394,0.0081568398,0.0073232660,0.0070768655
2486,"/kaggle/input/datasets/arafat221156011/mri-dataset/Epic and CSCR hospital Dataset/Train/glioma/Tr-gl_1141.jpg",0,glioma,0,glioma,0.9507978559,0.0339813530,0.0084886905,0.0067321062
2492,"/kaggle/input/datasets/arafat221156011/mri-dataset/Epic and CSCR hospital Dataset/Train/glioma/Tr-gl_1147.jpg",0,glioma,0,glioma,0.9785995483,0.0077359518,0.0072491742,0.0064153164
2501,"/kaggle/input/datasets/arafat221156011/mri-dataset/Epic and CSCR hospital Dataset/Train/glioma/Tr-gl_1156.jpg",0,glioma,0,glioma,0.9754580259,0.0097442018,0.0081194388,0.0066783964
2508,"/kaggle/input/datasets/arafat221156011/mri-dataset/Epic and CSCR hospital Dataset/Train/glioma/Tr-gl_1163.jpg",0,glioma,0,glioma,0.9781476855,0.0078519490,0.0078552142,0.0061451597
2511,"/kaggle/input/datasets/arafat221156011/mri-dataset/Epic and CSCR hospital Dataset/Train/glioma/Tr-gl_1166.jpg",0,glioma,0,glioma,0.9757788777,0.0093255080,0.0085645514,0.0063311034
2534,"/kaggle/input/datasets/arafat221156011/mri-dataset/Epic and CSCR hospital Dataset/Train/glioma/Tr-gl_1189.jpg",0,glioma,0,glioma,0.9773858786,0.0084639778,0.0078648794,0.0062852362
2538,"/kaggle/input/datasets/arafat221156011/mri-dataset/Epic and CSCR hospital Dataset/Train/glioma/Tr-gl_1203.jpg",0,glioma,0,glioma,0.9774891138,0.0082396008,0.0079932259,0.0062782033
2541,"/kaggle/input/datasets/arafat221156011/mri-dataset/Epic and CSCR hospital Dataset/Train/glioma/Tr-gl_1206.jpg",0,glioma,0,glioma,0.9778376818,0.0081200125,0.0076835975,0.0063587436
2543,"/kaggle/input/datasets/arafat221156011/mri-dataset/Epic and CSCR hospital Dataset/Train/glioma/Tr-gl_1208.jpg",0,glioma,0,glioma,0.9764077067,0.0092923902,0.0079144789,0.0063853310
2547,"/kaggle/input/datasets/arafat221156011/mri-dataset/Epic and CSCR hospital Dataset/Train/glioma/Tr-gl_1212.jpg",0,glioma,0,glioma,0.9632035494,0.0212792940,0.0084795589,0.0070376634
2554,"/kaggle/input/datasets/arafat221156011/mri-dataset/Epic and CSCR hospital Dataset/Train/glioma/Tr-gl_1219.jpg",0,glioma,0,glioma,0.9770994186,0.0086306240,0.0078701070,0.0063998722
2556,"/kaggle/input/datasets/arafat221156011/mri-dataset/Epic and CSCR hospital Dataset/Train/glioma/Tr-gl_1221.jpg",0,glioma,0,glioma,0.9772918820,0.0087777283,0.0076643676,0.0062661036
2568,"/kaggle/input/datasets/arafat221156011/mri-dataset/Epic and CSCR hospital Dataset/Train/glioma/Tr-gl_1233.jpg",0,glioma,0,glioma,0.9777655602,0.0075587640,0.0081674438,0.0065082111
2569,"/kaggle/input/datasets/arafat221156011/mri-dataset/Epic and CSCR hospital Dataset/Train/glioma/Tr-gl_1234.jpg",0,glioma,0,glioma,0.9764882326,0.0089695863,0.0080281319,0.0065140128
2577,"/kaggle/input/datasets/arafat221156011/mri-dataset/Epic and CSCR hospital Dataset/Train/glioma/Tr-gl_1242.jpg",0,glioma,0,glioma,0.9768546820,0.0089148208,0.0078987358,0.0063317632
2578,"/kaggle/input/datasets/arafat221156011/mri-dataset/Epic and CSCR hospital Dataset/Train/glioma/Tr-gl_1259.jpg",0,glioma,0,glioma,0.9770037532,0.0082171531,0.0080381129,0.0067410828
2581,"/kaggle/input/datasets/arafat221156011/mri-dataset/Epic and CSCR hospital Dataset/Train/glioma/Tr-gl_1262.jpg",0,glioma,0,glioma,0.9756185412,0.0095038209,0.0077540139,0.0071235290
2583,"/kaggle/input/datasets/arafat221156011/mri-dataset/Epic and CSCR hospital Dataset/Train/glioma/Tr-gl_1264.jpg",0,glioma,0,glioma,0.9772663116,0.0084146783,0.0074179149,0.0069011441
2584,"/kaggle/input/datasets/arafat221156011/mri-dataset/Epic and CSCR hospital Dataset/Train/glioma/Tr-gl_1265.jpg",0,glioma,0,glioma,0.9762560725,0.0088355755,0.0080845915,0.0068236971
2586,"/kaggle/input/datasets/arafat221156011/mri-dataset/Epic and CSCR hospital Dataset/Train/glioma/Tr-gl_1267.jpg",0,glioma,0,glioma,0.9773153067,0.0084602665,0.0080023734,0.0062220613
2587,"/kaggle/input/datasets/arafat221156011/mri-dataset/Epic and CSCR hospital Dataset/Train/glioma/Tr-gl_1268.jpg",0,glioma,0,glioma,0.9756230116,0.0095087504,0.0082785515,0.0065896087
2592,"/kaggle/input/datasets/arafat221156011/mri-dataset/Epic and CSCR hospital Dataset/Train/glioma/gg (328).jpg",0,glioma,0,glioma,0.9780706167,0.0076398924,0.0079053910,0.0063840346
2597,"/kaggle/input/datasets/arafat221156011/mri-dataset/Epic and CSCR hospital Dataset/Train/glioma/gg (332).jpg",0,glioma,0,glioma,0.9774388075,0.0077177742,0.0086859781,0.0061574634
2599,"/kaggle/input/datasets/arafat221156011/mri-dataset/Epic and CSCR hospital Dataset/Train/glioma/gg (334).jpg",0,glioma,0,glioma,0.9768637419,0.0080571026,0.0089342948,0.0061448463
2605,"/kaggle/input/datasets/arafat221156011/mri-dataset/Epic and CSCR hospital Dataset/Train/glioma/gg (34).jpg",0,glioma,0,glioma,0.9786604047,0.0076611438,0.0079200566,0.0057583181
2607,"/kaggle/input/datasets/arafat221156011/mri-dataset/Epic and CSCR hospital Dataset/Train/glioma/gg (341).jpg",0,glioma,0,glioma,0.9772230983,0.0080335187,0.0083027193,0.0064406693
2608,"/kaggle/input/datasets/arafat221156011/mri-dataset/Epic and CSCR hospital Dataset/Train/glioma/gg (342).jpg",0,glioma,0,glioma,0.9787784815,0.0072731911,0.0079941098,0.0059542796
2610,"/kaggle/input/datasets/arafat221156011/mri-dataset/Epic and CSCR hospital Dataset/Train/glioma/gg (344).jpg",0,glioma,0,glioma,0.9778723717,0.0073872036,0.0086860983,0.0060543166
2615,"/kaggle/input/datasets/arafat221156011/mri-dataset/Epic and CSCR hospital Dataset/Train/glioma/gg (349).jpg",0,glioma,0,glioma,0.9777015448,0.0075532375,0.0086402055,0.0061049559
2618,"/kaggle/input/datasets/arafat221156011/mri-dataset/Epic and CSCR hospital Dataset/Train/glioma/gg (36).jpg",0,glioma,0,glioma,0.9786819220,0.0076055601,0.0081490418,0.0055634254
2625,"/kaggle/input/datasets/arafat221156011/mri-dataset/Epic and CSCR hospital Dataset/Train/glioma/gg (370).jpg",0,glioma,0,glioma,0.9764596224,0.0090083238,0.0079072658,0.0066248113
2627,"/kaggle/input/datasets/arafat221156011/mri-dataset/Epic and CSCR hospital Dataset/Train/glioma/gg (372).jpg",0,glioma,0,glioma,0.9775140882,0.0083397795,0.0079434291,0.0062026228
2632,"/kaggle/input/datasets/arafat221156011/mri-dataset/Epic and CSCR hospital Dataset/Train/glioma/gg (377).jpg",0,glioma,0,glioma,0.9778795242,0.0073099942,0.0086407084,0.0061697671
2635,"/kaggle/input/datasets/arafat221156011/mri-dataset/Epic and CSCR hospital Dataset/Train/glioma/gg (38).jpg",0,glioma,0,glioma,0.9785790443,0.0074915057,0.0075781071,0.0063513247
2640,"/kaggle/input/datasets/arafat221156011/mri-dataset/Epic and CSCR hospital Dataset/Train/glioma/gg (384).jpg",0,glioma,0,glioma,0.9771413803,0.0077121006,0.0086332280,0.0065132752
2647,"/kaggle/input/datasets/arafat221156011/mri-dataset/Epic and CSCR hospital Dataset/Train/glioma/gg (390).jpg",0,glioma,0,glioma,0.9780259132,0.0079937764,0.0079927845,0.0059874533
2652,"/kaggle/input/datasets/arafat221156011/mri-dataset/Epic and CSCR hospital Dataset/Train/glioma/gg (395).jpg",0,glioma,0,glioma,0.9783706665,0.0078284424,0.0079190060,0.0058819545
2655,"/kaggle/input/datasets/arafat221156011/mri-dataset/Epic and CSCR hospital Dataset/Train/glioma/gg (398).jpg",0,glioma,0,glioma,0.9769502878,0.0081959078,0.0085159512,0.0063378685
2661,"/kaggle/input/datasets/arafat221156011/mri-dataset/Epic and CSCR hospital Dataset/Train/glioma/gg (402).jpg",0,glioma,0,glioma,0.9791957736,0.0072027794,0.0074781738,0.0061233426
2663,"/kaggle/input/datasets/arafat221156011/mri-dataset/Epic and CSCR hospital Dataset/Train/glioma/gg (404).jpg",0,glioma,0,glioma,0.9782754779,0.0074800341,0.0083271069,0.0059173992
2664,"/kaggle/input/datasets/arafat221156011/mri-dataset/Epic and CSCR hospital Dataset/Train/glioma/gg (405).jpg",0,glioma,0,glioma,0.9774938822,0.0080939401,0.0083210142,0.0060912087
2665,"/kaggle/input/datasets/arafat221156011/mri-dataset/Epic and CSCR hospital Dataset/Train/glioma/gg (406).jpg",0,glioma,0,glioma,0.9788063169,0.0074387775,0.0078632366,0.0058916910
2666,"/kaggle/input/datasets/arafat221156011/mri-dataset/Epic and CSCR hospital Dataset/Train/glioma/gg (407).jpg",0,glioma,0,glioma,0.9761056900,0.0091230413,0.0083008530,0.0064704469
2669,"/kaggle/input/datasets/arafat221156011/mri-dataset/Epic and CSCR hospital Dataset/Train/glioma/gg (41).jpg",0,glioma,0,glioma,0.9776749611,0.0082107158,0.0075433129,0.0065710796
2673,"/kaggle/input/datasets/arafat221156011/mri-dataset/Epic and CSCR hospital Dataset/Train/glioma/gg (413).jpg",0,glioma,0,glioma,0.9779459238,0.0075816661,0.0081651984,0.0063072136
2675,"/kaggle/input/datasets/arafat221156011/mri-dataset/Epic and CSCR hospital Dataset/Train/glioma/gg (415).jpg",0,glioma,0,glioma,0.9772299528,0.0080168154,0.0083668400,0.0063863755
2676,"/kaggle/input/datasets/arafat221156011/mri-dataset/Epic and CSCR hospital Dataset/Train/glioma/gg (416).jpg",0,glioma,0,glioma,0.9770221710,0.0079023717,0.0086809555,0.0063946322
2677,"/kaggle/input/datasets/arafat221156011/mri-dataset/Epic and CSCR hospital Dataset/Train/glioma/gg (417).jpg",0,glioma,0,glioma,0.9783790708,0.0076912292,0.0080278749,0.0059019784
2680,"/kaggle/input/datasets/arafat221156011/mri-dataset/Epic and CSCR hospital Dataset/Train/glioma/gg (42).jpg",0,glioma,0,glioma,0.9775641561,0.0082742069,0.0075173499,0.0066442364
2683,"/kaggle/input/datasets/arafat221156011/mri-dataset/Epic and CSCR hospital Dataset/Train/glioma/gg (422).jpg",0,glioma,0,glioma,0.9775055647,0.0084947366,0.0077594728,0.0062402496
2701,"/kaggle/input/datasets/arafat221156011/mri-dataset/Epic and CSCR hospital Dataset/Train/glioma/gg (439).jpg",0,glioma,0,glioma,0.9753847122,0.0098625496,0.0081239119,0.0066288277
2703,"/kaggle/input/datasets/arafat221156011/mri-dataset/Epic and CSCR hospital Dataset/Train/glioma/gg (440).jpg",0,glioma,0,glioma,0.9782748222,0.0076746657,0.0079795020,0.0060710171
2706,"/kaggle/input/datasets/arafat221156011/mri-dataset/Epic and CSCR hospital Dataset/Train/glioma/gg (443).jpg",0,glioma,0,glioma,0.9778510928,0.0076822080,0.0074054957,0.0070611848
2709,"/kaggle/input/datasets/arafat221156011/mri-dataset/Epic and CSCR hospital Dataset/Train/glioma/gg (446).jpg",0,glioma,0,glioma,0.9769668579,0.0086671850,0.0077696042,0.0065963427
2725,"/kaggle/input/datasets/arafat221156011/mri-dataset/Epic and CSCR hospital Dataset/Train/glioma/gg (460).jpg",0,glioma,0,glioma,0.9761174321,0.0091498941,0.0077049644,0.0070277490
2726,"/kaggle/input/datasets/arafat221156011/mri-dataset/Epic and CSCR hospital Dataset/Train/glioma/gg (461).jpg",0,glioma,0,glioma,0.9767545462,0.0087525789,0.0076495684,0.0068432288
2732,"/kaggle/input/datasets/arafat221156011/mri-dataset/Epic and CSCR hospital Dataset/Train/glioma/gg (467).jpg",0,glioma,0,glioma,0.9774228930,0.0083133131,0.0081729870,0.0060907984
2735,"/kaggle/input/datasets/arafat221156011/mri-dataset/Epic and CSCR hospital Dataset/Train/glioma/gg (47).jpg",0,glioma,0,glioma,0.9780174494,0.0080941338,0.0081053628,0.0057829991
2736,"/kaggle/input/datasets/arafat221156011/mri-dataset/Epic and CSCR hospital Dataset/Train/glioma/gg (470).jpg",0,glioma,0,glioma,0.9788696170,0.0075424141,0.0075649386,0.0060230838
2738,"/kaggle/input/datasets/arafat221156011/mri-dataset/Epic and CSCR hospital Dataset/Train/glioma/gg (472).jpg",0,glioma,0,glioma,0.9774357677,0.0084768105,0.0077166362,0.0063707479
2753,"/kaggle/input/datasets/arafat221156011/mri-dataset/Epic and CSCR hospital Dataset/Train/glioma/gg (486).jpg",0,glioma,0,glioma,0.9779859781,0.0079151187,0.0077517731,0.0063471356
2754,"/kaggle/input/datasets/arafat221156011/mri-dataset/Epic and CSCR hospital Dataset/Train/glioma/gg (487).jpg",0,glioma,0,glioma,0.9777185321,0.0082778251,0.0075752935,0.0064283074
2757,"/kaggle/input/datasets/arafat221156011/mri-dataset/Epic and CSCR hospital Dataset/Train/glioma/gg (49).jpg",0,glioma,0,glioma,0.9771324992,0.0083799595,0.0083874315,0.0061000944
2760,"/kaggle/input/datasets/arafat221156011/mri-dataset/Epic and CSCR hospital Dataset/Train/glioma/gg (492).jpg",0,glioma,0,glioma,0.9781413078,0.0077607380,0.0076666339,0.0064313784
2763,"/kaggle/input/datasets/arafat221156011/mri-dataset/Epic and CSCR hospital Dataset/Train/glioma/gg (495).jpg",0,glioma,0,glioma,0.9777702093,0.0078721661,0.0080682617,0.0062893420
2765,"/kaggle/input/datasets/arafat221156011/mri-dataset/Epic and CSCR hospital Dataset/Train/glioma/gg (497).jpg",0,glioma,0,glioma,0.9773481488,0.0087925382,0.0078143664,0.0060449340
2769,"/kaggle/input/datasets/arafat221156011/mri-dataset/Epic and CSCR hospital Dataset/Train/glioma/gg (50).jpg",0,glioma,0,glioma,0.9772735834,0.0082702609,0.0082619144,0.0061942181
2772,"/kaggle/input/datasets/arafat221156011/mri-dataset/Epic and CSCR hospital Dataset/Train/glioma/gg (502).jpg",0,glioma,0,glioma,0.9780091047,0.0076983185,0.0081254598,0.0061670942
2781,"/kaggle/input/datasets/arafat221156011/mri-dataset/Epic and CSCR hospital Dataset/Train/glioma/gg (510).jpg",0,glioma,0,glioma,0.9787071943,0.0073741660,0.0077871769,0.0061314767
2794,"/kaggle/input/datasets/arafat221156011/mri-dataset/Epic and CSCR hospital Dataset/Train/glioma/gg (522).jpg",0,glioma,0,glioma,0.9788478613,0.0074460013,0.0075156130,0.0061905524
2803,"/kaggle/input/datasets/arafat221156011/mri-dataset/Epic and CSCR hospital Dataset/Train/glioma/gg (530).jpg",0,glioma,0,glioma,0.9775986671,0.0079328362,0.0077246255,0.0067438344
2807,"/kaggle/input/datasets/arafat221156011/mri-dataset/Epic and CSCR hospital Dataset/Train/glioma/gg (534).jpg",0,glioma,0,glioma,0.9789620638,0.0073397271,0.0075143664,0.0061839651
2808,"/kaggle/input/datasets/arafat221156011/mri-dataset/Epic and CSCR hospital Dataset/Train/glioma/gg (535).jpg",0,glioma,0,glioma,0.9776622653,0.0075900792,0.0085032275,0.0062444168
2810,"/kaggle/input/datasets/arafat221156011/mri-dataset/Epic and CSCR hospital Dataset/Train/glioma/gg (537).jpg",0,glioma,0,glioma,0.9790899158,0.0072999233,0.0077900523,0.0058201826
2828,"/kaggle/input/datasets/arafat221156011/mri-dataset/Epic and CSCR hospital Dataset/Train/glioma/gg (553).jpg",0,glioma,0,glioma,0.9785772562,0.0078393752,0.0074361013,0.0061472910
2830,"/kaggle/input/datasets/arafat221156011/mri-dataset/Epic and CSCR hospital Dataset/Train/glioma/gg (555).jpg",0,glioma,0,glioma,0.9775053263,0.0082747852,0.0079429653,0.0062769623
2833,"/kaggle/input/datasets/arafat221156011/mri-dataset/Epic and CSCR hospital Dataset/Train/glioma/gg (558).jpg",0,glioma,0,glioma,0.9789644480,0.0070596607,0.0080440035,0.0059318319
2834,"/kaggle/input/datasets/arafat221156011/mri-dataset/Epic and CSCR hospital Dataset/Train/glioma/gg (559).jpg",0,glioma,0,glioma,0.9781624675,0.0079205511,0.0080636935,0.0058532399
2837,"/kaggle/input/datasets/arafat221156011/mri-dataset/Epic and CSCR hospital Dataset/Train/glioma/gg (561).jpg",0,glioma,0,glioma,0.9788969159,0.0073461249,0.0080473991,0.0057096365
2840,"/kaggle/input/datasets/arafat221156011/mri-dataset/Epic and CSCR hospital Dataset/Train/glioma/gg (564).jpg",0,glioma,0,glioma,0.9777340889,0.0082032057,0.0078880750,0.0061746822
2843,"/kaggle/input/datasets/arafat221156011/mri-dataset/Epic and CSCR hospital Dataset/Train/glioma/gg (567).jpg",0,glioma,0,glioma,0.9779598117,0.0078454679,0.0080391634,0.0061554960
2846,"/kaggle/input/datasets/arafat221156011/mri-dataset/Epic and CSCR hospital Dataset/Train/glioma/gg (57).jpg",0,glioma,0,glioma,0.9775799513,0.0081596617,0.0083183078,0.0059421482
2849,"/kaggle/input/datasets/arafat221156011/mri-dataset/Epic and CSCR hospital Dataset/Train/glioma/gg (572).jpg",0,glioma,0,glioma,0.9776962996,0.0078504756,0.0082468297,0.0062063364
2852,"/kaggle/input/datasets/arafat221156011/mri-dataset/Epic and CSCR hospital Dataset/Train/glioma/gg (575).jpg",0,glioma,0,glioma,0.9779901505,0.0080429232,0.0078479471,0.0061189989
2853,"/kaggle/input/datasets/arafat221156011/mri-dataset/Epic and CSCR hospital Dataset/Train/glioma/gg (576).jpg",0,glioma,0,glioma,0.9752939343,0.0104160560,0.0081135463,0.0061764298
2861,"/kaggle/input/datasets/arafat221156011/mri-dataset/Epic and CSCR hospital Dataset/Train/glioma/gg (583).jpg",0,glioma,0,glioma,0.9777625203,0.0082069654,0.0079250094,0.0061054835
2866,"/kaggle/input/datasets/arafat221156011/mri-dataset/Epic and CSCR hospital Dataset/Train/glioma/gg (588).jpg",0,glioma,0,glioma,0.9787014723,0.0072399103,0.0083874101,0.0056711696
2871,"/kaggle/input/datasets/arafat221156011/mri-dataset/Epic and CSCR hospital Dataset/Train/glioma/gg (592).jpg",0,glioma,0,glioma,0.9785393476,0.0075087696,0.0078341132,0.0061177341
2873,"/kaggle/input/datasets/arafat221156011/mri-dataset/Epic and CSCR hospital Dataset/Train/glioma/gg (594).jpg",0,glioma,0,glioma,0.9792536497,0.0071743289,0.0077198856,0.0058521731
2879,"/kaggle/input/datasets/arafat221156011/mri-dataset/Epic and CSCR hospital Dataset/Train/glioma/gg (6).jpg",0,glioma,0,glioma,0.9790736437,0.0072964439,0.0070394175,0.0065905517
2884,"/kaggle/input/datasets/arafat221156011/mri-dataset/Epic and CSCR hospital Dataset/Train/glioma/gg (603).jpg",0,glioma,0,glioma,0.9773942828,0.0085813636,0.0077932687,0.0062310491
2887,"/kaggle/input/datasets/arafat221156011/mri-dataset/Epic and CSCR hospital Dataset/Train/glioma/gg (606).jpg",0,glioma,0,glioma,0.9778056145,0.0068125790,0.0095342873,0.0058474736
2891,"/kaggle/input/datasets/arafat221156011/mri-dataset/Epic and CSCR hospital Dataset/Train/glioma/gg (61).jpg",0,glioma,0,glioma,0.9784519076,0.0079096695,0.0076646446,0.0059738015
2892,"/kaggle/input/datasets/arafat221156011/mri-dataset/Epic and CSCR hospital Dataset/Train/glioma/gg (610).jpg",0,glioma,0,glioma,0.9774944186,0.0079259621,0.0075367652,0.0070427870
2893,"/kaggle/input/datasets/arafat221156011/mri-dataset/Epic and CSCR hospital Dataset/Train/glioma/gg (611).jpg",0,glioma,0,glioma,0.9781840444,0.0074953125,0.0073175682,0.0070031574
2894,"/kaggle/input/datasets/arafat221156011/mri-dataset/Epic and CSCR hospital Dataset/Train/glioma/gg (612).jpg",0,glioma,0,glioma,0.9783223867,0.0077509237,0.0071567358,0.0067699067
2903,"/kaggle/input/datasets/arafat221156011/mri-dataset/Epic and CSCR hospital Dataset/Train/glioma/gg (620).jpg",0,glioma,0,glioma,0.9783941507,0.0076111928,0.0080153765,0.0059792679
2904,"/kaggle/input/datasets/arafat221156011/mri-dataset/Epic and CSCR hospital Dataset/Train/glioma/gg (621).jpg",0,glioma,0,glioma,0.9771758914,0.0085019441,0.0080749393,0.0062472038
2912,"/kaggle/input/datasets/arafat221156011/mri-dataset/Epic and CSCR hospital Dataset/Train/glioma/gg (629).jpg",0,glioma,0,glioma,0.9787021875,0.0072466149,0.0073224502,0.0067287968
2913,"/kaggle/input/datasets/arafat221156011/mri-dataset/Epic and CSCR hospital Dataset/Train/glioma/gg (63).jpg",0,glioma,0,glioma,0.9783734083,0.0073354742,0.0080705117,0.0062205633
2915,"/kaggle/input/datasets/arafat221156011/mri-dataset/Epic and CSCR hospital Dataset/Train/glioma/gg (631).jpg",0,glioma,0,glioma,0.9783082008,0.0077609504,0.0079562357,0.0059746052
2922,"/kaggle/input/datasets/arafat221156011/mri-dataset/Epic and CSCR hospital Dataset/Train/glioma/gg (638).jpg",0,glioma,0,glioma,0.9774433970,0.0078327376,0.0085474225,0.0061763674
2923,"/kaggle/input/datasets/arafat221156011/mri-dataset/Epic and CSCR hospital Dataset/Train/glioma/gg (639).jpg",0,glioma,0,glioma,0.9772675633,0.0084452676,0.0082651190,0.0060221013
2935,"/kaggle/input/datasets/arafat221156011/mri-dataset/Epic and CSCR hospital Dataset/Train/glioma/gg (661).jpg",0,glioma,0,glioma,0.9782975912,0.0078155622,0.0079347538,0.0059520295
2937,"/kaggle/input/datasets/arafat221156011/mri-dataset/Epic and CSCR hospital Dataset/Train/glioma/gg (663).jpg",0,glioma,0,glioma,0.9776655436,0.0081498567,0.0079647740,0.0062198304
2945,"/kaggle/input/datasets/arafat221156011/mri-dataset/Epic and CSCR hospital Dataset/Train/glioma/gg (671).jpg",0,glioma,0,glioma,0.9769883156,0.0084119635,0.0085183056,0.0060813623
2946,"/kaggle/input/datasets/arafat221156011/mri-dataset/Epic and CSCR hospital Dataset/Train/glioma/gg (672).jpg",0,glioma,0,glioma,0.9779722095,0.0076723681,0.0084247608,0.0059306575
2950,"/kaggle/input/datasets/arafat221156011/mri-dataset/Epic and CSCR hospital Dataset/Train/glioma/gg (676).jpg",0,glioma,0,glioma,0.9784168005,0.0076952316,0.0079922704,0.0058956225
2952,"/kaggle/input/datasets/arafat221156011/mri-dataset/Epic and CSCR hospital Dataset/Train/glioma/image(1).jpg",0,glioma,0,glioma,0.9725241661,0.0115355309,0.0087959673,0.0071443259
2957,"/kaggle/input/datasets/arafat221156011/mri-dataset/Epic and CSCR hospital Dataset/Train/glioma/image(14).jpg",0,glioma,0,glioma,0.9624947309,0.0197431184,0.0103403144,0.0074217827
2961,"/kaggle/input/datasets/arafat221156011/mri-dataset/Epic and CSCR hospital Dataset/Train/glioma/image(18).jpg",0,glioma,2,notumor,0.0074130944,0.0058743851,0.9798761606,0.0068363533
2985,"/kaggle/input/datasets/arafat221156011/mri-dataset/Epic and CSCR hospital Dataset/Train/glioma/image(56).jpg",0,glioma,2,notumor,0.0060270727,0.0066423477,0.9807251096,0.0066054836
2987,"/kaggle/input/datasets/arafat221156011/mri-dataset/Epic and CSCR hospital Dataset/Train/glioma/image(58).jpg",0,glioma,0,glioma,0.7066981792,0.2118283063,0.0743306652,0.0071428092
2988,"/kaggle/input/datasets/arafat221156011/mri-dataset/Epic and CSCR hospital Dataset/Train/glioma/image(59).jpg",0,glioma,0,glioma,0.9774948359,0.0082165208,0.0075970874,0.0066916235
2991,"/kaggle/input/datasets/arafat221156011/mri-dataset/Epic and CSCR hospital Dataset/Train/glioma/image(62).jpg",0,glioma,0,glioma,0.9765406847,0.0088299764,0.0081925970,0.0064367997
2999,"/kaggle/input/datasets/arafat221156011/mri-dataset/Epic and CSCR hospital Dataset/Train/glioma/image(70).jpg",0,glioma,0,glioma,0.9778681993,0.0082405480,0.0078350483,0.0060561565
3000,"/kaggle/input/datasets/arafat221156011/mri-dataset/Epic and CSCR hospital Dataset/Train/glioma/image(71).jpg",0,glioma,0,glioma,0.9785073996,0.0079667075,0.0076056658,0.0059202174
3003,"/kaggle/input/datasets/arafat221156011/mri-dataset/Epic and CSCR hospital Dataset/Train/glioma/image(74).jpg",0,glioma,0,glioma,0.9770725965,0.0083121825,0.0079673864,0.0066477931
3009,"/kaggle/input/datasets/arafat221156011/mri-dataset/Epic and CSCR hospital Dataset/Train/glioma/image(80).jpg",0,glioma,0,glioma,0.9724097252,0.0112989098,0.0096837673,0.0066075288
3014,"/kaggle/input/datasets/arafat221156011/mri-dataset/Epic and CSCR hospital Dataset/Train/glioma/image(85).jpg",0,glioma,0,glioma,0.9756733179,0.0085622873,0.0095847081,0.0061796852
3016,"/kaggle/input/datasets/arafat221156011/mri-dataset/Epic and CSCR hospital Dataset/Train/glioma/image(87).jpg",0,glioma,0,glioma,0.9723288417,0.0102647934,0.0095430324,0.0078633949
3018,"/kaggle/input/datasets/arafat221156011/mri-dataset/Epic and CSCR hospital Dataset/Train/meningioma/1299.jpg",1,meningioma,1,meningioma,0.0040510027,0.9812528491,0.0070866444,0.0076095387
3020,"/kaggle/input/datasets/arafat221156011/mri-dataset/Epic and CSCR hospital Dataset/Train/meningioma/1302.jpg",1,meningioma,1,meningioma,0.0058798110,0.9780769348,0.0078686541,0.0081745628
3022,"/kaggle/input/datasets/arafat221156011/mri-dataset/Epic and CSCR hospital Dataset/Train/meningioma/1304.jpg",1,meningioma,1,meningioma,0.0046407399,0.9800051451,0.0072078607,0.0081462022
3023,"/kaggle/input/datasets/arafat221156011/mri-dataset/Epic and CSCR hospital Dataset/Train/meningioma/1305.jpg",1,meningioma,1,meningioma,0.0048992643,0.9801701307,0.0073968181,0.0075337426
3025,"/kaggle/input/datasets/arafat221156011/mri-dataset/Epic and CSCR hospital Dataset/Train/meningioma/1307.jpg",1,meningioma,1,meningioma,0.0040224874,0.9810088873,0.0073639564,0.0076046987
3032,"/kaggle/input/datasets/arafat221156011/mri-dataset/Epic and CSCR hospital Dataset/Train/meningioma/1314.jpg",1,meningioma,1,meningioma,0.0053031715,0.9788504839,0.0081075141,0.0077387900
3036,"/kaggle/input/datasets/arafat221156011/mri-dataset/Epic and CSCR hospital Dataset/Train/meningioma/1318.jpg",1,meningioma,1,meningioma,0.0043101306,0.9807199240,0.0071564987,0.0078133624
3037,"/kaggle/input/datasets/arafat221156011/mri-dataset/Epic and CSCR hospital Dataset/Train/meningioma/1319.jpg",1,meningioma,1,meningioma,0.0043343352,0.9806497693,0.0071151331,0.0079008397
3038,"/kaggle/input/datasets/arafat221156011/mri-dataset/Epic and CSCR hospital Dataset/Train/meningioma/1320.jpg",1,meningioma,1,meningioma,0.0039990311,0.9805642962,0.0074884742,0.0079481835
3040,"/kaggle/input/datasets/arafat221156011/mri-dataset/Epic and CSCR hospital Dataset/Train/meningioma/1322.jpg",1,meningioma,1,meningioma,0.0047887960,0.9800259471,0.0074189007,0.0077663749
3041,"/kaggle/input/datasets/arafat221156011/mri-dataset/Epic and CSCR hospital Dataset/Train/meningioma/1323.jpg",1,meningioma,1,meningioma,0.0044442150,0.9803972244,0.0080718258,0.0070867105
3043,"/kaggle/input/datasets/arafat221156011/mri-dataset/Epic and CSCR hospital Dataset/Train/meningioma/1325.jpg",1,meningioma,1,meningioma,0.0046987855,0.9800789952,0.0072857291,0.0079364404
3053,"/kaggle/input/datasets/arafat221156011/mri-dataset/Epic and CSCR hospital Dataset/Train/meningioma/1335.jpg",1,meningioma,1,meningioma,0.0049068346,0.9798078537,0.0077709169,0.0075142989
3056,"/kaggle/input/datasets/arafat221156011/mri-dataset/Epic and CSCR hospital Dataset/Train/meningioma/1338.jpg",1,meningioma,1,meningioma,0.0046592387,0.9780270457,0.0072357478,0.0100780055
3060,"/kaggle/input/datasets/arafat221156011/mri-dataset/Epic and CSCR hospital Dataset/Train/meningioma/1342.jpg",1,meningioma,1,meningioma,0.0051126750,0.9789987803,0.0079393815,0.0079492172
3063,"/kaggle/input/datasets/arafat221156011/mri-dataset/Epic and CSCR hospital Dataset/Train/meningioma/1345.jpg",1,meningioma,1,meningioma,0.0059911916,0.9784576297,0.0075014844,0.0080497609
3066,"/kaggle/input/datasets/arafat221156011/mri-dataset/Epic and CSCR hospital Dataset/Train/meningioma/1348.jpg",1,meningioma,1,meningioma,0.0044535678,0.9802500606,0.0073942929,0.0079021668
3071,"/kaggle/input/datasets/arafat221156011/mri-dataset/Epic and CSCR hospital Dataset/Train/meningioma/1353.jpg",1,meningioma,1,meningioma,0.0046146223,0.9798039198,0.0075872852,0.0079941805
3076,"/kaggle/input/datasets/arafat221156011/mri-dataset/Epic and CSCR hospital Dataset/Train/meningioma/1358.jpg",1,meningioma,1,meningioma,0.0049622944,0.9804560542,0.0077819140,0.0067996695
3078,"/kaggle/input/datasets/arafat221156011/mri-dataset/Epic and CSCR hospital Dataset/Train/meningioma/1360.jpg",1,meningioma,1,meningioma,0.0055016372,0.9790835381,0.0074719004,0.0079428647
3085,"/kaggle/input/datasets/arafat221156011/mri-dataset/Epic and CSCR hospital Dataset/Train/meningioma/1367.jpg",1,meningioma,1,meningioma,0.0040909601,0.9810808301,0.0071596927,0.0076684756
3087,"/kaggle/input/datasets/arafat221156011/mri-dataset/Epic and CSCR hospital Dataset/Train/meningioma/1369.jpg",1,meningioma,1,meningioma,0.0047354801,0.9800218344,0.0071935533,0.0080491100
3091,"/kaggle/input/datasets/arafat221156011/mri-dataset/Epic and CSCR hospital Dataset/Train/meningioma/1373.jpg",1,meningioma,1,meningioma,0.0070817186,0.9763692021,0.0082426146,0.0083064595
3095,"/kaggle/input/datasets/arafat221156011/mri-dataset/Epic and CSCR hospital Dataset/Train/meningioma/1377.jpg",1,meningioma,1,meningioma,0.0054125362,0.9792970419,0.0078069791,0.0074833944
3098,"/kaggle/input/datasets/arafat221156011/mri-dataset/Epic and CSCR hospital Dataset/Train/meningioma/1380.jpg",1,meningioma,1,meningioma,0.0061172815,0.9780918956,0.0079894383,0.0078014038
3099,"/kaggle/input/datasets/arafat221156011/mri-dataset/Epic and CSCR hospital Dataset/Train/meningioma/1381.jpg",1,meningioma,1,meningioma,0.0086337430,0.9750822186,0.0081448946,0.0081392583
3107,"/kaggle/input/datasets/arafat221156011/mri-dataset/Epic and CSCR hospital Dataset/Train/meningioma/1389.jpg",1,meningioma,1,meningioma,0.0097668795,0.9722803831,0.0083421348,0.0096106362
3113,"/kaggle/input/datasets/arafat221156011/mri-dataset/Epic and CSCR hospital Dataset/Train/meningioma/1395.jpg",1,meningioma,1,meningioma,0.0044280761,0.9796274900,0.0072628232,0.0086816112
3115,"/kaggle/input/datasets/arafat221156011/mri-dataset/Epic and CSCR hospital Dataset/Train/meningioma/1397.jpg",1,meningioma,1,meningioma,0.0041236235,0.9805902243,0.0076343110,0.0076517514
3116,"/kaggle/input/datasets/arafat221156011/mri-dataset/Epic and CSCR hospital Dataset/Train/meningioma/1398.jpg",1,meningioma,1,meningioma,0.0047103991,0.9802436829,0.0074115088,0.0076343850
3117,"/kaggle/input/datasets/arafat221156011/mri-dataset/Epic and CSCR hospital Dataset/Train/meningioma/1399.jpg",1,meningioma,1,meningioma,0.0040429989,0.9812414050,0.0073425258,0.0073730536
3140,"/kaggle/input/datasets/arafat221156011/mri-dataset/Epic and CSCR hospital Dataset/Train/meningioma/1422.jpg",1,meningioma,1,meningioma,0.0166277960,0.9648312330,0.0094923945,0.0090484889
3147,"/kaggle/input/datasets/arafat221156011/mri-dataset/Epic and CSCR hospital Dataset/Train/meningioma/1429.jpg",1,meningioma,1,meningioma,0.0053980360,0.9780814052,0.0081437845,0.0083768275
3149,"/kaggle/input/datasets/arafat221156011/mri-dataset/Epic and CSCR hospital Dataset/Train/meningioma/1431.jpg",1,meningioma,1,meningioma,0.0041516302,0.9806375504,0.0070897015,0.0081211310
3156,"/kaggle/input/datasets/arafat221156011/mri-dataset/Epic and CSCR hospital Dataset/Train/meningioma/1438.jpg",1,meningioma,1,meningioma,0.0046817339,0.9799813032,0.0072883843,0.0080486368
3159,"/kaggle/input/datasets/arafat221156011/mri-dataset/Epic and CSCR hospital Dataset/Train/meningioma/1441.jpg",1,meningioma,1,meningioma,0.0044467826,0.9802713394,0.0073176450,0.0079641771
3161,"/kaggle/input/datasets/arafat221156011/mri-dataset/Epic and CSCR hospital Dataset/Train/meningioma/1443.jpg",1,meningioma,1,meningioma,0.0038258792,0.9818241000,0.0072291768,0.0071208766
3177,"/kaggle/input/datasets/arafat221156011/mri-dataset/Epic and CSCR hospital Dataset/Train/meningioma/M_821.jpg",1,meningioma,1,meningioma,0.0048779622,0.9797643423,0.0072596865,0.0080979588
3185,"/kaggle/input/datasets/arafat221156011/mri-dataset/Epic and CSCR hospital Dataset/Train/meningioma/M_822_BR_.jpg",1,meningioma,1,meningioma,0.0070146741,0.9767746925,0.0083050225,0.0079056146
3187,"/kaggle/input/datasets/arafat221156011/mri-dataset/Epic and CSCR hospital Dataset/Train/meningioma/M_822_HF_.jpg",1,meningioma,1,meningioma,0.0106623285,0.9720479846,0.0083060618,0.0089835990
3189,"/kaggle/input/datasets/arafat221156011/mri-dataset/Epic and CSCR hospital Dataset/Train/meningioma/M_822_SP_.jpg",1,meningioma,1,meningioma,0.0062482972,0.9779760242,0.0076660281,0.0081096888
3202,"/kaggle/input/datasets/arafat221156011/mri-dataset/Epic and CSCR hospital Dataset/Train/meningioma/M_824_RO_.jpg",1,meningioma,1,meningioma,0.0048493883,0.9798925519,0.0075680329,0.0076900185
3214,"/kaggle/input/datasets/arafat221156011/mri-dataset/Epic and CSCR hospital Dataset/Train/meningioma/M_826_DA_.jpg",1,meningioma,1,meningioma,0.0046488382,0.9808967710,0.0074819168,0.0069724717
3229,"/kaggle/input/datasets/arafat221156011/mri-dataset/Epic and CSCR hospital Dataset/Train/meningioma/M_828_HF_.jpg",1,meningioma,1,meningioma,0.0046051117,0.9801207781,0.0072181933,0.0080559086
3235,"/kaggle/input/datasets/arafat221156011/mri-dataset/Epic and CSCR hospital Dataset/Train/meningioma/M_829_DA_.jpg",1,meningioma,1,meningioma,0.0045102281,0.9809387326,0.0071944557,0.0073565305
3240,"/kaggle/input/datasets/arafat221156011/mri-dataset/Epic and CSCR hospital Dataset/Train/meningioma/M_830.jpg",1,meningioma,1,meningioma,0.0042631426,0.9803727269,0.0071587237,0.0082054362
3246,"/kaggle/input/datasets/arafat221156011/mri-dataset/Epic and CSCR hospital Dataset/Train/meningioma/M_830_VF_.jpg",1,meningioma,0,glioma,0.5671294928,0.4058178365,0.0089959633,0.0180567317
3250,"/kaggle/input/datasets/arafat221156011/mri-dataset/Epic and CSCR hospital Dataset/Train/meningioma/M_831_HF_.jpg",1,meningioma,1,meningioma,0.0048375977,0.9798377752,0.0072810007,0.0080436338
3254,"/kaggle/input/datasets/arafat221156011/mri-dataset/Epic and CSCR hospital Dataset/Train/meningioma/M_832.jpg",1,meningioma,1,meningioma,0.0068057962,0.9764127731,0.0078502148,0.0089312028
3259,"/kaggle/input/datasets/arafat221156011/mri-dataset/Epic and CSCR hospital Dataset/Train/meningioma/M_832_SP_.jpg",1,meningioma,1,meningioma,0.0075047640,0.9757620096,0.0080931913,0.0086399969
3265,"/kaggle/input/datasets/arafat221156011/mri-dataset/Epic and CSCR hospital Dataset/Train/meningioma/M_833_RO_.jpg",1,meningioma,1,meningioma,0.0038956092,0.9809295535,0.0073758559,0.0077989539
3267,"/kaggle/input/datasets/arafat221156011/mri-dataset/Epic and CSCR hospital Dataset/Train/meningioma/M_833_VF_.jpg",1,meningioma,1,meningioma,0.0037530288,0.9819934964,0.0070657409,0.0071877548
3268,"/kaggle/input/datasets/arafat221156011/mri-dataset/Epic and CSCR hospital Dataset/Train/meningioma/M_834.jpg",1,meningioma,1,meningioma,0.0048503997,0.9803963900,0.0078893276,0.0068639009
3271,"/kaggle/input/datasets/arafat221156011/mri-dataset/Epic and CSCR hospital Dataset/Train/meningioma/M_834_HF_.jpg",1,meningioma,1,meningioma,0.0048400862,0.9804283977,0.0078741061,0.0068574785
3273,"/kaggle/input/datasets/arafat221156011/mri-dataset/Epic and CSCR hospital Dataset/Train/meningioma/M_834_SP_.jpg",1,meningioma,1,meningioma,0.0051256190,0.9798871875,0.0077566965,0.0072305254
3276,"/kaggle/input/datasets/arafat221156011/mri-dataset/Epic and CSCR hospital Dataset/Train/meningioma/M_835_BR_.jpg",1,meningioma,1,meningioma,0.0048642629,0.9792725444,0.0082303761,0.0076328246
3279,"/kaggle/input/datasets/arafat221156011/mri-dataset/Epic and CSCR hospital Dataset/Train/meningioma/M_835_RO_.jpg",1,meningioma,1,meningioma,0.0067379596,0.9757754207,0.0091665257,0.0083201444
3281,"/kaggle/input/datasets/arafat221156011/mri-dataset/Epic and CSCR hospital Dataset/Train/meningioma/M_835_VF_.jpg",1,meningioma,1,meningioma,0.0057208268,0.9773899317,0.0083936760,0.0084956381
3287,"/kaggle/input/datasets/arafat221156011/mri-dataset/Epic and CSCR hospital Dataset/Train/meningioma/M_836_SP_.jpg",1,meningioma,1,meningioma,0.0058185766,0.9783775210,0.0076017072,0.0082021300
3289,"/kaggle/input/datasets/arafat221156011/mri-dataset/Epic and CSCR hospital Dataset/Train/meningioma/M_837.jpg",1,meningioma,1,meningioma,0.0049048029,0.9796925783,0.0073609166,0.0080416137
3291,"/kaggle/input/datasets/arafat221156011/mri-dataset/Epic and CSCR hospital Dataset/Train/meningioma/M_837_DA_.jpg",1,meningioma,1,meningioma,0.0042346409,0.9811595678,0.0077199088,0.0068859011
3300,"/kaggle/input/datasets/arafat221156011/mri-dataset/Epic and CSCR hospital Dataset/Train/meningioma/M_838_RO_.jpg",1,meningioma,1,meningioma,0.0046632951,0.9793604612,0.0076272055,0.0083489791
3303,"/kaggle/input/datasets/arafat221156011/mri-dataset/Epic and CSCR hospital Dataset/Train/meningioma/M_839.jpg",1,meningioma,1,meningioma,0.0049129389,0.9796795845,0.0074649132,0.0079425219
3305,"/kaggle/input/datasets/arafat221156011/mri-dataset/Epic and CSCR hospital Dataset/Train/meningioma/M_839_DA_.jpg",1,meningioma,1,meningioma,0.0040411674,0.9813492894,0.0078381496,0.0067713456
3311,"/kaggle/input/datasets/arafat221156011/mri-dataset/Epic and CSCR hospital Dataset/Train/meningioma/M_840_BR_.jpg",1,meningioma,1,meningioma,0.0043447223,0.9804482460,0.0076273242,0.0075797751
3312,"/kaggle/input/datasets/arafat221156011/mri-dataset/Epic and CSCR hospital Dataset/Train/meningioma/M_840_DA_.jpg",1,meningioma,1,meningioma,0.0039812834,0.9814566374,0.0076457174,0.0069163358
3317,"/kaggle/input/datasets/arafat221156011/mri-dataset/Epic and CSCR hospital Dataset/Train/meningioma/M_841.jpg",1,meningioma,1,meningioma,0.0048870863,0.9795910120,0.0074891103,0.0080328779
3321,"/kaggle/input/datasets/arafat221156011/mri-dataset/Epic and CSCR hospital Dataset/Train/meningioma/M_841_RO_.jpg",1,meningioma,1,meningioma,0.0049863476,0.9772598147,0.0077581867,0.0099956030
3327,"/kaggle/input/datasets/arafat221156011/mri-dataset/Epic and CSCR hospital Dataset/Train/meningioma/M_842_HF_.jpg",1,meningioma,1,meningioma,0.0043217400,0.9809988737,0.0073196171,0.0073597953
3331,"/kaggle/input/datasets/arafat221156011/mri-dataset/Epic and CSCR hospital Dataset/Train/meningioma/M_843.jpg",1,meningioma,1,meningioma,0.0041847769,0.9810979962,0.0072189895,0.0074982741
3337,"/kaggle/input/datasets/arafat221156011/mri-dataset/Epic and CSCR hospital Dataset/Train/meningioma/M_843_VF_.jpg",1,meningioma,1,meningioma,0.0041473755,0.9812188148,0.0072653331,0.0073684948
3340,"/kaggle/input/datasets/arafat221156011/mri-dataset/Epic and CSCR hospital Dataset/Train/meningioma/M_844_DA_.jpg",1,meningioma,1,meningioma,0.0061856052,0.9782747030,0.0077338642,0.0078058043
3343,"/kaggle/input/datasets/arafat221156011/mri-dataset/Epic and CSCR hospital Dataset/Train/meningioma/M_844_SP_.jpg",1,meningioma,1,meningioma,0.0378816053,0.9441803694,0.0091507379,0.0087871887
3353,"/kaggle/input/datasets/arafat221156011/mri-dataset/Epic and CSCR hospital Dataset/Train/meningioma/M_846_BR_.jpg",1,meningioma,1,meningioma,0.0042568618,0.9801334143,0.0084791696,0.0071305325
3356,"/kaggle/input/datasets/arafat221156011/mri-dataset/Epic and CSCR hospital Dataset/Train/meningioma/M_846_RO_.jpg",1,meningioma,1,meningioma,0.0056741396,0.9778999090,0.0077318773,0.0086940769
3363,"/kaggle/input/datasets/arafat221156011/mri-dataset/Epic and CSCR hospital Dataset/Train/meningioma/M_847_RO_.jpg",1,meningioma,1,meningioma,0.0041981698,0.9806960821,0.0074843713,0.0076213912
3364,"/kaggle/input/datasets/arafat221156011/mri-dataset/Epic and CSCR hospital Dataset/Train/meningioma/M_847_SP_.jpg",1,meningioma,1,meningioma,0.0060846852,0.9785030484,0.0076658884,0.0077463761
3365,"/kaggle/input/datasets/arafat221156011/mri-dataset/Epic and CSCR hospital Dataset/Train/meningioma/M_847_VF_.jpg",1,meningioma,1,meningioma,0.0041066948,0.9810619354,0.0072584124,0.0075729662
3377,"/kaggle/input/datasets/arafat221156011/mri-dataset/Epic and CSCR hospital Dataset/Train/meningioma/M_849_RO_.jpg",1,meningioma,1,meningioma,0.0045714569,0.9803002477,0.0077230139,0.0074053043
3389,"/kaggle/input/datasets/arafat221156011/mri-dataset/Epic and CSCR hospital Dataset/Train/meningioma/M_851_DA_.jpg",1,meningioma,1,meningioma,0.0332958177,0.9505201578,0.0088647585,0.0073192841
3392,"/kaggle/input/datasets/arafat221156011/mri-dataset/Epic and CSCR hospital Dataset/Train/meningioma/M_851_SP_.jpg",1,meningioma,1,meningioma,0.0338622332,0.9471594691,0.0100146588,0.0089636613
3396,"/kaggle/input/datasets/arafat221156011/mri-dataset/Epic and CSCR hospital Dataset/Train/meningioma/M_852_DA_.jpg",1,meningioma,1,meningioma,0.0060775722,0.9782273173,0.0077048079,0.0079902550
3399,"/kaggle/input/datasets/arafat221156011/mri-dataset/Epic and CSCR hospital Dataset/Train/meningioma/M_852_SP_.jpg",1,meningioma,1,meningioma,0.0065500336,0.9773367047,0.0077720708,0.0083412584
3401,"/kaggle/input/datasets/arafat221156011/mri-dataset/Epic and CSCR hospital Dataset/Train/meningioma/M_853.jpg",1,meningioma,1,meningioma,0.0077652088,0.9756606221,0.0080424035,0.0085317204
3405,"/kaggle/input/datasets/arafat221156011/mri-dataset/Epic and CSCR hospital Dataset/Train/meningioma/M_853_RO_.jpg",1,meningioma,1,meningioma,0.0050097005,0.9791129827,0.0080741327,0.0078031952
3409,"/kaggle/input/datasets/arafat221156011/mri-dataset/Epic and CSCR hospital Dataset/Train/meningioma/M_854_BR_.jpg",1,meningioma,1,meningioma,0.0051877606,0.9798620343,0.0078307465,0.0071194828
3412,"/kaggle/input/datasets/arafat221156011/mri-dataset/Epic and CSCR hospital Dataset/Train/meningioma/M_854_RO_.jpg",1,meningioma,1,meningioma,0.0051842956,0.9786509275,0.0083155110,0.0078492295
3413,"/kaggle/input/datasets/arafat221156011/mri-dataset/Epic and CSCR hospital Dataset/Train/meningioma/M_854_SP_.jpg",1,meningioma,1,meningioma,0.0056531625,0.9784364700,0.0077048950,0.0082055032
3414,"/kaggle/input/datasets/arafat221156011/mri-dataset/Epic and CSCR hospital Dataset/Train/meningioma/M_854_VF_.jpg",1,meningioma,1,meningioma,0.0135768382,0.9688455462,0.0087353457,0.0088422345
3415,"/kaggle/input/datasets/arafat221156011/mri-dataset/Epic and CSCR hospital Dataset/Train/meningioma/M_855.jpg",1,meningioma,1,meningioma,0.0049248100,0.9796724319,0.0073604649,0.0080423532
3416,"/kaggle/input/datasets/arafat221156011/mri-dataset/Epic and CSCR hospital Dataset/Train/meningioma/M_855_BR_.jpg",1,meningioma,1,meningioma,0.0046678609,0.9804382324,0.0076626590,0.0072312220
3420,"/kaggle/input/datasets/arafat221156011/mri-dataset/Epic and CSCR hospital Dataset/Train/meningioma/M_855_SP_.jpg",1,meningioma,1,meningioma,0.0073025697,0.9747982025,0.0079059405,0.0099932589
3424,"/kaggle/input/datasets/arafat221156011/mri-dataset/Epic and CSCR hospital Dataset/Train/meningioma/M_856_DA_.jpg",1,meningioma,1,meningioma,0.0089441165,0.9739182591,0.0094660474,0.0076716342
3426,"/kaggle/input/datasets/arafat221156011/mri-dataset/Epic and CSCR hospital Dataset/Train/meningioma/M_856_RO_.jpg",1,meningioma,1,meningioma,0.0066137449,0.9757910967,0.0096193021,0.0079758670
3435,"/kaggle/input/datasets/arafat221156011/mri-dataset/Epic and CSCR hospital Dataset/Train/meningioma/M_857_VF_.jpg",1,meningioma,1,meningioma,0.2743782401,0.7030006051,0.0120266173,0.0105945747
3444,"/kaggle/input/datasets/arafat221156011/mri-dataset/Epic and CSCR hospital Dataset/Train/meningioma/M_859_BR_.jpg",1,meningioma,1,meningioma,0.0129808066,0.9693948627,0.0101458095,0.0074785030
3449,"/kaggle/input/datasets/arafat221156011/mri-dataset/Epic and CSCR hospital Dataset/Train/meningioma/M_859_VF_.jpg",1,meningioma,1,meningioma,0.0063090874,0.9784629941,0.0079780053,0.0072499095
3453,"/kaggle/input/datasets/arafat221156011/mri-dataset/Epic and CSCR hospital Dataset/Train/meningioma/M_860_HF_.jpg",1,meningioma,1,meningioma,0.0052660406,0.9788960218,0.0072219907,0.0086158216
3454,"/kaggle/input/datasets/arafat221156011/mri-dataset/Epic and CSCR hospital Dataset/Train/meningioma/M_860_RO_.jpg",1,meningioma,1,meningioma,0.0058121597,0.9773511887,0.0076298257,0.0092068128
3457,"/kaggle/input/datasets/arafat221156011/mri-dataset/Epic and CSCR hospital Dataset/Train/meningioma/M_861.jpg",1,meningioma,1,meningioma,0.0046507670,0.9802793264,0.0071972311,0.0078727128
3463,"/kaggle/input/datasets/arafat221156011/mri-dataset/Epic and CSCR hospital Dataset/Train/meningioma/M_861_VF_.jpg",1,meningioma,1,meningioma,0.0047811950,0.9799083471,0.0076638819,0.0076465504
3464,"/kaggle/input/datasets/arafat221156011/mri-dataset/Epic and CSCR hospital Dataset/Train/meningioma/M_862.jpg",1,meningioma,1,meningioma,0.0047869468,0.9800940752,0.0072743357,0.0078446213
3469,"/kaggle/input/datasets/arafat221156011/mri-dataset/Epic and CSCR hospital Dataset/Train/meningioma/M_862_SP_.jpg",1,meningioma,1,meningioma,0.0051083318,0.9797027707,0.0074613281,0.0077276020
3470,"/kaggle/input/datasets/arafat221156011/mri-dataset/Epic and CSCR hospital Dataset/Train/meningioma/M_862_VF_.jpg",1,meningioma,1,meningioma,0.0069933422,0.9769458771,0.0081888195,0.0078720506
3473,"/kaggle/input/datasets/arafat221156011/mri-dataset/Epic and CSCR hospital Dataset/Train/meningioma/M_863_DA_.jpg",1,meningioma,1,meningioma,0.0040650414,0.9819612503,0.0071378872,0.0068359189
3475,"/kaggle/input/datasets/arafat221156011/mri-dataset/Epic and CSCR hospital Dataset/Train/meningioma/M_863_RO_.jpg",1,meningioma,1,meningioma,0.0043569049,0.9805623889,0.0073050410,0.0077756345
3477,"/kaggle/input/datasets/arafat221156011/mri-dataset/Epic and CSCR hospital Dataset/Train/meningioma/M_863_VF_.jpg",1,meningioma,1,meningioma,0.0072463355,0.9766262770,0.0081009436,0.0080262916
3488,"/kaggle/input/datasets/arafat221156011/mri-dataset/Epic and CSCR hospital Dataset/Train/meningioma/M_865_HF_.jpg",1,meningioma,1,meningioma,0.0053540221,0.9794778824,0.0074368767,0.0077312365
3501,"/kaggle/input/datasets/arafat221156011/mri-dataset/Epic and CSCR hospital Dataset/Train/meningioma/M_867_DA_.jpg",1,meningioma,1,meningioma,0.0044362107,0.9810231328,0.0074759973,0.0070646526
3509,"/kaggle/input/datasets/arafat221156011/mri-dataset/Epic and CSCR hospital Dataset/Train/meningioma/M_868_HF_.jpg",1,meningioma,1,meningioma,0.0045243944,0.9802001715,0.0073074638,0.0079678269
3514,"/kaggle/input/datasets/arafat221156011/mri-dataset/Epic and CSCR hospital Dataset/Train/meningioma/M_869_BR_.jpg",1,meningioma,1,meningioma,0.0049454351,0.9798983335,0.0078379186,0.0073183239
3518,"/kaggle/input/datasets/arafat221156011/mri-dataset/Epic and CSCR hospital Dataset/Train/meningioma/M_869_SP_.jpg",1,meningioma,1,meningioma,0.0073319660,0.9765812755,0.0078626350,0.0082240570
3521,"/kaggle/input/datasets/arafat221156011/mri-dataset/Epic and CSCR hospital Dataset/Train/meningioma/M_870_BR_.jpg",1,meningioma,1,meningioma,0.0056914515,0.9784492254,0.0086527262,0.0072066463
3524,"/kaggle/input/datasets/arafat221156011/mri-dataset/Epic and CSCR hospital Dataset/Train/meningioma/M_870_RO_.jpg",1,meningioma,1,meningioma,0.0049842764,0.9788911939,0.0084592653,0.0076651857
3535,"/kaggle/input/datasets/arafat221156011/mri-dataset/Epic and CSCR hospital Dataset/Train/meningioma/M_872_BR_.jpg",1,meningioma,1,meningioma,0.0047238218,0.9797449112,0.0080905911,0.0074407035
3540,"/kaggle/input/datasets/arafat221156011/mri-dataset/Epic and CSCR hospital Dataset/Train/meningioma/M_872_VF_.jpg",1,meningioma,1,meningioma,0.0044083605,0.9804915190,0.0073366025,0.0077635674
3542,"/kaggle/input/datasets/arafat221156011/mri-dataset/Epic and CSCR hospital Dataset/Train/meningioma/M_873_BR_.jpg",1,meningioma,1,meningioma,0.0049729049,0.9792121649,0.0078017921,0.0080130780
3543,"/kaggle/input/datasets/arafat221156011/mri-dataset/Epic and CSCR hospital Dataset/Train/meningioma/M_873_DA_.jpg",1,meningioma,1,meningioma,0.0041353661,0.9806890488,0.0071924040,0.0079832049
3546,"/kaggle/input/datasets/arafat221156011/mri-dataset/Epic and CSCR hospital Dataset/Train/meningioma/M_873_SP_.jpg",1,meningioma,1,meningioma,0.0058379797,0.9781610370,0.0076248250,0.0083761634
3557,"/kaggle/input/datasets/arafat221156011/mri-dataset/Epic and CSCR hospital Dataset/Train/meningioma/M_875_DA_.jpg",1,meningioma,1,meningioma,0.0037198092,0.9816161394,0.0078491289,0.0068149581
3565,"/kaggle/input/datasets/arafat221156011/mri-dataset/Epic and CSCR hospital Dataset/Train/meningioma/M_876_HF_.jpg",1,meningioma,1,meningioma,0.0044047581,0.9802671671,0.0074619488,0.0078661330
3571,"/kaggle/input/datasets/arafat221156011/mri-dataset/Epic and CSCR hospital Dataset/Train/meningioma/M_877_DA_.jpg",1,meningioma,1,meningioma,0.1054898947,0.8764622808,0.0097358897,0.0083119553
3577,"/kaggle/input/datasets/arafat221156011/mri-dataset/Epic and CSCR hospital Dataset/Train/meningioma/M_878_BR_.jpg",1,meningioma,1,meningioma,0.0063857087,0.9770272374,0.0094388500,0.0071481913
3579,"/kaggle/input/datasets/arafat221156011/mri-dataset/Epic and CSCR hospital Dataset/Train/meningioma/M_878_HF_.jpg",1,meningioma,1,meningioma,0.0057429103,0.9771380424,0.0100865448,0.0070325388
3583,"/kaggle/input/datasets/arafat221156011/mri-dataset/Epic and CSCR hospital Dataset/Train/meningioma/M_879.jpg",1,meningioma,1,meningioma,0.0045357612,0.9801691771,0.0072113886,0.0080836182
3597,"/kaggle/input/datasets/arafat221156011/mri-dataset/Epic and CSCR hospital Dataset/Train/meningioma/M_881.jpg",1,meningioma,1,meningioma,0.0044140415,0.9803673029,0.0073053455,0.0079133334
3599,"/kaggle/input/datasets/arafat221156011/mri-dataset/Epic and CSCR hospital Dataset/Train/meningioma/M_881_DA_.jpg",1,meningioma,1,meningioma,0.0040779719,0.9812313914,0.0074515669,0.0072390772
3603,"/kaggle/input/datasets/arafat221156011/mri-dataset/Epic and CSCR hospital Dataset/Train/meningioma/M_881_VF_.jpg",1,meningioma,1,meningioma,0.0047694566,0.9799598455,0.0075471005,0.0077235317
3604,"/kaggle/input/datasets/arafat221156011/mri-dataset/Epic and CSCR hospital Dataset/Train/meningioma/M_882.jpg",1,meningioma,1,meningioma,0.0046128784,0.9804638624,0.0071309968,0.0077921962
3617,"/kaggle/input/datasets/arafat221156011/mri-dataset/Epic and CSCR hospital Dataset/Train/meningioma/M_883_VF_.jpg",1,meningioma,1,meningioma,0.0039959061,0.9815441966,0.0073466823,0.0071130954
3618,"/kaggle/input/datasets/arafat221156011/mri-dataset/Epic and CSCR hospital Dataset/Train/meningioma/M_884.jpg",1,meningioma,1,meningioma,0.0045644110,0.9804706573,0.0072476165,0.0077172341
3646,"/kaggle/input/datasets/arafat221156011/mri-dataset/Epic and CSCR hospital Dataset/Train/meningioma/M_892_BR_.jpg",1,meningioma,1,meningioma,0.0043282220,0.9804067612,0.0086406460,0.0066243620
3660,"/kaggle/input/datasets/arafat221156011/mri-dataset/Epic and CSCR hospital Dataset/Train/meningioma/Te-me_0075.jpg",1,meningioma,1,meningioma,0.0096437028,0.9725985527,0.0096792439,0.0080784727
3667,"/kaggle/input/datasets/arafat221156011/mri-dataset/Epic and CSCR hospital Dataset/Train/meningioma/Te-me_0082.jpg",1,meningioma,1,meningioma,0.0046874522,0.9800828695,0.0081051309,0.0071244659
3668,"/kaggle/input/datasets/arafat221156011/mri-dataset/Epic and CSCR hospital Dataset/Train/meningioma/Te-me_0083.jpg",1,meningioma,1,meningioma,0.0060876487,0.9768401980,0.0097673144,0.0073048463
3676,"/kaggle/input/datasets/arafat221156011/mri-dataset/Epic and CSCR hospital Dataset/Train/meningioma/Te-me_0091.jpg",1,meningioma,1,meningioma,0.0049513816,0.9800117612,0.0076316791,0.0074052056
3679,"/kaggle/input/datasets/arafat221156011/mri-dataset/Epic and CSCR hospital Dataset/Train/meningioma/Te-me_0094.jpg",1,meningioma,1,meningioma,0.0041736448,0.9806715250,0.0072814347,0.0078733498
3689,"/kaggle/input/datasets/arafat221156011/mri-dataset/Epic and CSCR hospital Dataset/Train/meningioma/Te-me_0115.jpg",1,meningioma,1,meningioma,0.0063851527,0.9757553339,0.0078448597,0.0100145917
3693,"/kaggle/input/datasets/arafat221156011/mri-dataset/Epic and CSCR hospital Dataset/Train/meningioma/Te-me_0119.jpg",1,meningioma,1,meningioma,0.0049956515,0.9795454144,0.0076256664,0.0078332294
3697,"/kaggle/input/datasets/arafat221156011/mri-dataset/Epic and CSCR hospital Dataset/Train/meningioma/Te-me_0123.jpg",1,meningioma,1,meningioma,0.0038303838,0.9815118909,0.0070328945,0.0076247877
3705,"/kaggle/input/datasets/arafat221156011/mri-dataset/Epic and CSCR hospital Dataset/Train/meningioma/Te-me_0131.jpg",1,meningioma,1,meningioma,0.0072941571,0.9767343402,0.0076386645,0.0083329091
3713,"/kaggle/input/datasets/arafat221156011/mri-dataset/Epic and CSCR hospital Dataset/Train/meningioma/Te-me_0139.jpg",1,meningioma,1,meningioma,0.0046269931,0.9800647497,0.0076049939,0.0077032275
3718,"/kaggle/input/datasets/arafat221156011/mri-dataset/Epic and CSCR hospital Dataset/Train/meningioma/Te-me_0144.jpg",1,meningioma,1,meningioma,0.0071767210,0.9771851301,0.0078174938,0.0078206956
3728,"/kaggle/input/datasets/arafat221156011/mri-dataset/Epic and CSCR hospital Dataset/Train/meningioma/Te-me_0154.jpg",1,meningioma,1,meningioma,0.0051333616,0.9789519310,0.0078191524,0.0080955476
3732,"/kaggle/input/datasets/arafat221156011/mri-dataset/Epic and CSCR hospital Dataset/Train/meningioma/Te-me_0158.jpg",1,meningioma,1,meningioma,0.0043748389,0.9808152318,0.0070290840,0.0077808760
3742,"/kaggle/input/datasets/arafat221156011/mri-dataset/Epic and CSCR hospital Dataset/Train/meningioma/Te-me_0168.jpg",1,meningioma,1,meningioma,0.0042301356,0.9801161885,0.0076505593,0.0080032330
3744,"/kaggle/input/datasets/arafat221156011/mri-dataset/Epic and CSCR hospital Dataset/Train/meningioma/Te-me_0170.jpg",1,meningioma,1,meningioma,0.0042585609,0.9790915251,0.0069721760,0.0096777035
3745,"/kaggle/input/datasets/arafat221156011/mri-dataset/Epic and CSCR hospital Dataset/Train/meningioma/Te-me_0171.jpg",1,meningioma,1,meningioma,0.0049576256,0.9797844887,0.0071949810,0.0080629447
3746,"/kaggle/input/datasets/arafat221156011/mri-dataset/Epic and CSCR hospital Dataset/Train/meningioma/Te-me_0172.jpg",1,meningioma,1,meningioma,0.0044475598,0.9802529216,0.0073377811,0.0079617407
3751,"/kaggle/input/datasets/arafat221156011/mri-dataset/Epic and CSCR hospital Dataset/Train/meningioma/Te-me_0177.jpg",1,meningioma,1,meningioma,0.0044407542,0.9805310369,0.0071404153,0.0078878626
3754,"/kaggle/input/datasets/arafat221156011/mri-dataset/Epic and CSCR hospital Dataset/Train/meningioma/Te-me_0180.jpg",1,meningioma,1,meningioma,0.0043913992,0.9804959297,0.0071657882,0.0079468917
3755,"/kaggle/input/datasets/arafat221156011/mri-dataset/Epic and CSCR hospital Dataset/Train/meningioma/Te-me_0181.jpg",1,meningioma,1,meningioma,0.0045283190,0.9801538587,0.0075038015,0.0078140805
3761,"/kaggle/input/datasets/arafat221156011/mri-dataset/Epic and CSCR hospital Dataset/Train/meningioma/Te-me_0187.jpg",1,meningioma,1,meningioma,0.0043816017,0.9807696342,0.0071491487,0.0076996447
3765,"/kaggle/input/datasets/arafat221156011/mri-dataset/Epic and CSCR hospital Dataset/Train/meningioma/Te-me_0191.jpg",1,meningioma,1,meningioma,0.0048719915,0.9795562625,0.0074410876,0.0081305970
3767,"/kaggle/input/datasets/arafat221156011/mri-dataset/Epic and CSCR hospital Dataset/Train/meningioma/Te-me_0193.jpg",1,meningioma,1,meningioma,0.0044084974,0.9800284505,0.0077479379,0.0078150993
3772,"/kaggle/input/datasets/arafat221156011/mri-dataset/Epic and CSCR hospital Dataset/Train/meningioma/Te-me_0198.jpg",1,meningioma,1,meningioma,0.0055552181,0.9786744118,0.0075838380,0.0081864363
3779,"/kaggle/input/datasets/arafat221156011/mri-dataset/Epic and CSCR hospital Dataset/Train/meningioma/Te-me_0205.jpg",1,meningioma,1,meningioma,0.0043724854,0.9802484512,0.0070331963,0.0083458414
3781,"/kaggle/input/datasets/arafat221156011/mri-dataset/Epic and CSCR hospital Dataset/Train/meningioma/Te-me_0207.jpg",1,meningioma,1,meningioma,0.0041349148,0.9806235433,0.0076277792,0.0076138102
3790,"/kaggle/input/datasets/arafat221156011/mri-dataset/Epic and CSCR hospital Dataset/Train/meningioma/Te-me_0216.jpg",1,meningioma,1,meningioma,0.0044776839,0.9803336859,0.0071264366,0.0080622034
3795,"/kaggle/input/datasets/arafat221156011/mri-dataset/Epic and CSCR hospital Dataset/Train/meningioma/Te-me_0221.jpg",1,meningioma,1,meningioma,0.0046851956,0.9800760150,0.0072045811,0.0080341799
3799,"/kaggle/input/datasets/arafat221156011/mri-dataset/Epic and CSCR hospital Dataset/Train/meningioma/Te-me_0225.jpg",1,meningioma,1,meningioma,0.0054688221,0.9788550138,0.0074213007,0.0082548056
3800,"/kaggle/input/datasets/arafat221156011/mri-dataset/Epic and CSCR hospital Dataset/Train/meningioma/Te-me_0226.jpg",1,meningioma,1,meningioma,0.0060609011,0.9781880379,0.0076176315,0.0081333984
3801,"/kaggle/input/datasets/arafat221156011/mri-dataset/Epic and CSCR hospital Dataset/Train/meningioma/Te-me_0227.jpg",1,meningioma,1,meningioma,0.0043897280,0.9805288315,0.0070649227,0.0080164457
3810,"/kaggle/input/datasets/arafat221156011/mri-dataset/Epic and CSCR hospital Dataset/Train/meningioma/Te-me_0236.jpg",1,meningioma,1,meningioma,0.0052566007,0.9795951843,0.0074177855,0.0077305147
3815,"/kaggle/input/datasets/arafat221156011/mri-dataset/Epic and CSCR hospital Dataset/Train/meningioma/Te-me_0241.jpg",1,meningioma,1,meningioma,0.0102831889,0.9731787443,0.0080384575,0.0084996242
3820,"/kaggle/input/datasets/arafat221156011/mri-dataset/Epic and CSCR hospital Dataset/Train/meningioma/Te-me_0246.jpg",1,meningioma,1,meningioma,0.0053821146,0.9788435102,0.0073038144,0.0084706275
3826,"/kaggle/input/datasets/arafat221156011/mri-dataset/Epic and CSCR hospital Dataset/Train/meningioma/Te-me_0252.jpg",1,meningioma,1,meningioma,0.0056056986,0.9787949324,0.0075140870,0.0080852006
3832,"/kaggle/input/datasets/arafat221156011/mri-dataset/Epic and CSCR hospital Dataset/Train/meningioma/Te-me_0258.jpg",1,meningioma,1,meningioma,0.0044215517,0.9808753729,0.0072809868,0.0074220686
3833,"/kaggle/input/datasets/arafat221156011/mri-dataset/Epic and CSCR hospital Dataset/Train/meningioma/Te-me_0259.jpg",1,meningioma,1,meningioma,0.2251158953,0.7544816732,0.0095889410,0.0108135175
3838,"/kaggle/input/datasets/arafat221156011/mri-dataset/Epic and CSCR hospital Dataset/Train/meningioma/Te-me_0264.jpg",1,meningioma,1,meningioma,0.0049180938,0.9791051745,0.0074478858,0.0085288305
3842,"/kaggle/input/datasets/arafat221156011/mri-dataset/Epic and CSCR hospital Dataset/Train/meningioma/Te-me_0268.jpg",1,meningioma,1,meningioma,0.0044533396,0.9805796742,0.0072818049,0.0076851053
3847,"/kaggle/input/datasets/arafat221156011/mri-dataset/Epic and CSCR hospital Dataset/Train/meningioma/Te-me_0284.jpg",1,meningioma,1,meningioma,0.0045003965,0.9804331064,0.0071461857,0.0079202596
3856,"/kaggle/input/datasets/arafat221156011/mri-dataset/Epic and CSCR hospital Dataset/Train/meningioma/Te-me_0293.jpg",1,meningioma,1,meningioma,0.0042320178,0.9804581404,0.0076563796,0.0076534129
3858,"/kaggle/input/datasets/arafat221156011/mri-dataset/Epic and CSCR hospital Dataset/Train/meningioma/Te-me_0295.jpg",1,meningioma,1,meningioma,0.0040837126,0.9810603857,0.0071853339,0.0076705492
3861,"/kaggle/input/datasets/arafat221156011/mri-dataset/Epic and CSCR hospital Dataset/Train/meningioma/Te-me_0298.jpg",1,meningioma,1,meningioma,0.0041055260,0.9813439250,0.0069105513,0.0076399026
3866,"/kaggle/input/datasets/arafat221156011/mri-dataset/Epic and CSCR hospital Dataset/Train/meningioma/Te-me_0303.jpg",1,meningioma,1,meningioma,0.0038252627,0.9817975163,0.0072375173,0.0071397810
3867,"/kaggle/input/datasets/arafat221156011/mri-dataset/Epic and CSCR hospital Dataset/Train/meningioma/Te-me_0304.jpg",1,meningioma,1,meningioma,0.0044326312,0.9781831503,0.0069061383,0.0104780700
3868,"/kaggle/input/datasets/arafat221156011/mri-dataset/Epic and CSCR hospital Dataset/Train/meningioma/Te-me_0305.jpg",1,meningioma,1,meningioma,0.0040343655,0.9810203314,0.0070190066,0.0079263141
3875,"/kaggle/input/datasets/arafat221156011/mri-dataset/Epic and CSCR hospital Dataset/Train/meningioma/Tr-me_0037.jpg",1,meningioma,1,meningioma,0.0037982173,0.9815502167,0.0070873797,0.0075641409
3877,"/kaggle/input/datasets/arafat221156011/mri-dataset/Epic and CSCR hospital Dataset/Train/meningioma/Tr-me_0039.jpg",1,meningioma,0,glioma,0.8046916723,0.1777644455,0.0094743520,0.0080695478
3879,"/kaggle/input/datasets/arafat221156011/mri-dataset/Epic and CSCR hospital Dataset/Train/meningioma/Tr-me_0041.jpg",1,meningioma,1,meningioma,0.0041366024,0.9807230830,0.0075742067,0.0075661005
3904,"/kaggle/input/datasets/arafat221156011/mri-dataset/Epic and CSCR hospital Dataset/Train/meningioma/Tr-me_0096.jpg",1,meningioma,1,meningioma,0.0067973211,0.9769228697,0.0080804117,0.0081994180
3906,"/kaggle/input/datasets/arafat221156011/mri-dataset/Epic and CSCR hospital Dataset/Train/meningioma/Tr-me_0098.jpg",1,meningioma,1,meningioma,0.0045865765,0.9800621271,0.0075236461,0.0078277066
3908,"/kaggle/input/datasets/arafat221156011/mri-dataset/Epic and CSCR hospital Dataset/Train/meningioma/Tr-me_0100.jpg",1,meningioma,1,meningioma,0.0043953480,0.9807119370,0.0070493110,0.0078433361
3913,"/kaggle/input/datasets/arafat221156011/mri-dataset/Epic and CSCR hospital Dataset/Train/meningioma/Tr-me_0105.jpg",1,meningioma,1,meningioma,0.0049631218,0.9785019159,0.0076791034,0.0088558281
3917,"/kaggle/input/datasets/arafat221156011/mri-dataset/Epic and CSCR hospital Dataset/Train/meningioma/Tr-me_0109.jpg",1,meningioma,1,meningioma,0.0825902075,0.8960126042,0.0089905169,0.0124067562
3921,"/kaggle/input/datasets/arafat221156011/mri-dataset/Epic and CSCR hospital Dataset/Train/meningioma/Tr-me_0113.jpg",1,meningioma,1,meningioma,0.0052833045,0.9784362912,0.0073943036,0.0088860653
3929,"/kaggle/input/datasets/arafat221156011/mri-dataset/Epic and CSCR hospital Dataset/Train/meningioma/Tr-me_0123.jpg",1,meningioma,1,meningioma,0.0046202121,0.9803512692,0.0074306680,0.0075978665
3931,"/kaggle/input/datasets/arafat221156011/mri-dataset/Epic and CSCR hospital Dataset/Train/meningioma/Tr-me_0125.jpg",1,meningioma,1,meningioma,0.0046461327,0.9800769091,0.0074194223,0.0078575648
3938,"/kaggle/input/datasets/arafat221156011/mri-dataset/Epic and CSCR hospital Dataset/Train/meningioma/Tr-me_0132.jpg",1,meningioma,1,meningioma,0.0046251076,0.9799456596,0.0074908659,0.0079383273
3939,"/kaggle/input/datasets/arafat221156011/mri-dataset/Epic and CSCR hospital Dataset/Train/meningioma/Tr-me_0133.jpg",1,meningioma,1,meningioma,0.0046583721,0.9798987508,0.0073294444,0.0081134280
3945,"/kaggle/input/datasets/arafat221156011/mri-dataset/Epic and CSCR hospital Dataset/Train/meningioma/Tr-me_0139.jpg",1,meningioma,1,meningioma,0.0043604779,0.9799067378,0.0077762427,0.0079564648
3950,"/kaggle/input/datasets/arafat221156011/mri-dataset/Epic and CSCR hospital Dataset/Train/meningioma/Tr-me_0144.jpg",1,meningioma,1,meningioma,0.0046046423,0.9800537825,0.0072039901,0.0081375530
3953,"/kaggle/input/datasets/arafat221156011/mri-dataset/Epic and CSCR hospital Dataset/Train/meningioma/Tr-me_0147.jpg",1,meningioma,1,meningioma,0.0040042689,0.9807150960,0.0073002442,0.0079803756
3955,"/kaggle/input/datasets/arafat221156011/mri-dataset/Epic and CSCR hospital Dataset/Train/meningioma/Tr-me_0149.jpg",1,meningioma,1,meningioma,0.0055739274,0.9786928296,0.0073553785,0.0083779721
3968,"/kaggle/input/datasets/arafat221156011/mri-dataset/Epic and CSCR hospital Dataset/Train/meningioma/Tr-me_0162.jpg",1,meningioma,1,meningioma,0.0044098292,0.9802535176,0.0075670988,0.0077696322
3969,"/kaggle/input/datasets/arafat221156011/mri-dataset/Epic and CSCR hospital Dataset/Train/meningioma/Tr-me_0163.jpg",1,meningioma,1,meningioma,0.0041575995,0.9808233380,0.0074307346,0.0075884685
3975,"/kaggle/input/datasets/arafat221156011/mri-dataset/Epic and CSCR hospital Dataset/Train/meningioma/Tr-me_0169.jpg",1,meningioma,1,meningioma,0.0040820534,0.9810242653,0.0071851336,0.0077085360
3988,"/kaggle/input/datasets/arafat221156011/mri-dataset/Epic and CSCR hospital Dataset/Train/meningioma/Tr-me_0182.jpg",1,meningioma,1,meningioma,0.0054838047,0.9797093272,0.0077458965,0.0070609637
3995,"/kaggle/input/datasets/arafat221156011/mri-dataset/Epic and CSCR hospital Dataset/Train/meningioma/Tr-me_0189.jpg",1,meningioma,1,meningioma,0.0062394403,0.9768645167,0.0075598448,0.0093362024
3997,"/kaggle/input/datasets/arafat221156011/mri-dataset/Epic and CSCR hospital Dataset/Train/meningioma/Tr-me_0191.jpg",1,meningioma,1,meningioma,0.0047086924,0.9802423716,0.0074107721,0.0076382281
4009,"/kaggle/input/datasets/arafat221156011/mri-dataset/Epic and CSCR hospital Dataset/Train/meningioma/Tr-me_0203.jpg",1,meningioma,1,meningioma,0.0048214477,0.9800831676,0.0077525824,0.0073428103
4012,"/kaggle/input/datasets/arafat221156011/mri-dataset/Epic and CSCR hospital Dataset/Train/meningioma/Tr-me_0206.jpg",1,meningioma,1,meningioma,0.0057997531,0.9779323339,0.0081863515,0.0080814902
4013,"/kaggle/input/datasets/arafat221156011/mri-dataset/Epic and CSCR hospital Dataset/Train/meningioma/Tr-me_0207.jpg",1,meningioma,1,meningioma,0.0040506967,0.9804996252,0.0080105281,0.0074391849
4020,"/kaggle/input/datasets/arafat221156011/mri-dataset/Epic and CSCR hospital Dataset/Train/meningioma/Tr-me_0214.jpg",1,meningioma,1,meningioma,0.0047773747,0.9800351262,0.0080703069,0.0071172649
4026,"/kaggle/input/datasets/arafat221156011/mri-dataset/Epic and CSCR hospital Dataset/Train/meningioma/Tr-me_0220.jpg",1,meningioma,1,meningioma,0.0084196655,0.9749393463,0.0089658108,0.0076752468
4027,"/kaggle/input/datasets/arafat221156011/mri-dataset/Epic and CSCR hospital Dataset/Train/meningioma/Tr-me_0221.jpg",1,meningioma,1,meningioma,0.0052149775,0.9792560339,0.0078052441,0.0077237757
4029,"/kaggle/input/datasets/arafat221156011/mri-dataset/Epic and CSCR hospital Dataset/Train/meningioma/Tr-me_0223.jpg",1,meningioma,1,meningioma,0.0052762586,0.9786990881,0.0083295647,0.0076950626
4033,"/kaggle/input/datasets/arafat221156011/mri-dataset/Epic and CSCR hospital Dataset/Train/meningioma/Tr-me_0227.jpg",1,meningioma,1,meningioma,0.0049533756,0.9794709086,0.0073129931,0.0082627460
4035,"/kaggle/input/datasets/arafat221156011/mri-dataset/Epic and CSCR hospital Dataset/Train/meningioma/Tr-me_0229.jpg",1,meningioma,1,meningioma,0.0043075094,0.9799143672,0.0083345724,0.0074435608
4046,"/kaggle/input/datasets/arafat221156011/mri-dataset/Epic and CSCR hospital Dataset/Train/meningioma/Tr-me_0240.jpg",1,meningioma,1,meningioma,0.0046656411,0.9802190065,0.0078832246,0.0072321841
4048,"/kaggle/input/datasets/arafat221156011/mri-dataset/Epic and CSCR hospital Dataset/Train/meningioma/Tr-me_0242.jpg",1,meningioma,1,meningioma,0.0096435584,0.9716731906,0.0091564618,0.0095267780
4054,"/kaggle/input/datasets/arafat221156011/mri-dataset/Epic and CSCR hospital Dataset/Train/meningioma/Tr-me_0248.jpg",1,meningioma,1,meningioma,0.0042554424,0.9810563922,0.0070480541,0.0076400428
4071,"/kaggle/input/datasets/arafat221156011/mri-dataset/Epic and CSCR hospital Dataset/Train/meningioma/Tr-me_0265.jpg",1,meningioma,1,meningioma,0.0054160100,0.9792806506,0.0078120171,0.0074913660
4073,"/kaggle/input/datasets/arafat221156011/mri-dataset/Epic and CSCR hospital Dataset/Train/meningioma/Tr-me_0267.jpg",1,meningioma,1,meningioma,0.0059704497,0.9788236618,0.0079543050,0.0072515844
4076,"/kaggle/input/datasets/arafat221156011/mri-dataset/Epic and CSCR hospital Dataset/Train/meningioma/Tr-me_0270.jpg",1,meningioma,1,meningioma,0.0058703432,0.9782446027,0.0086435145,0.0072415224
4081,"/kaggle/input/datasets/arafat221156011/mri-dataset/Epic and CSCR hospital Dataset/Train/meningioma/Tr-me_0275.jpg",1,meningioma,1,meningioma,0.0045007076,0.9808642268,0.0076459730,0.0069890814
4084,"/kaggle/input/datasets/arafat221156011/mri-dataset/Epic and CSCR hospital Dataset/Train/meningioma/Tr-me_0278.jpg",1,meningioma,1,meningioma,0.0046883030,0.9801827669,0.0081155766,0.0070134676
4086,"/kaggle/input/datasets/arafat221156011/mri-dataset/Epic and CSCR hospital Dataset/Train/meningioma/Tr-me_0280.jpg",1,meningioma,1,meningioma,0.0060184998,0.9757021666,0.0077031204,0.0105761429
4089,"/kaggle/input/datasets/arafat221156011/mri-dataset/Epic and CSCR hospital Dataset/Train/meningioma/Tr-me_0283.jpg",1,meningioma,1,meningioma,0.0047694426,0.9801568985,0.0080514131,0.0070222551
4094,"/kaggle/input/datasets/arafat221156011/mri-dataset/Epic and CSCR hospital Dataset/Train/meningioma/Tr-me_0288.jpg",1,meningioma,1,meningioma,0.0041047195,0.9814632535,0.0071400926,0.0072919554
4095,"/kaggle/input/datasets/arafat221156011/mri-dataset/Epic and CSCR hospital Dataset/Train/meningioma/Tr-me_0289.jpg",1,meningioma,1,meningioma,0.0044224593,0.9809230566,0.0072039096,0.0074505038
4098,"/kaggle/input/datasets/arafat221156011/mri-dataset/Epic and CSCR hospital Dataset/Train/meningioma/Tr-me_0292.jpg",1,meningioma,1,meningioma,0.0045245001,0.9807203412,0.0078296997,0.0069255531
4112,"/kaggle/input/datasets/arafat221156011/mri-dataset/Epic and CSCR hospital Dataset/Train/meningioma/Tr-me_0306.jpg",1,meningioma,1,meningioma,0.0053572319,0.9777811766,0.0076107145,0.0092508774
4113,"/kaggle/input/datasets/arafat221156011/mri-dataset/Epic and CSCR hospital Dataset/Train/meningioma/Tr-me_0307.jpg",1,meningioma,1,meningioma,0.0063135410,0.9774550200,0.0074504977,0.0087809302
4114,"/kaggle/input/datasets/arafat221156011/mri-dataset/Epic and CSCR hospital Dataset/Train/meningioma/Tr-me_0308.jpg",1,meningioma,1,meningioma,0.0045110206,0.9800087214,0.0077399435,0.0077403886
4116,"/kaggle/input/datasets/arafat221156011/mri-dataset/Epic and CSCR hospital Dataset/Train/meningioma/Tr-me_0310.jpg",1,meningioma,1,meningioma,0.0047368966,0.9799858928,0.0075155073,0.0077618109
4120,"/kaggle/input/datasets/arafat221156011/mri-dataset/Epic and CSCR hospital Dataset/Train/meningioma/Tr-me_0314.jpg",1,meningioma,1,meningioma,0.0044016251,0.9809952974,0.0076830946,0.0069200406
4127,"/kaggle/input/datasets/arafat221156011/mri-dataset/Epic and CSCR hospital Dataset/Train/meningioma/Tr-me_0321.jpg",1,meningioma,1,meningioma,0.0047154697,0.9798886180,0.0073901168,0.0080058062
4139,"/kaggle/input/datasets/arafat221156011/mri-dataset/Epic and CSCR hospital Dataset/Train/meningioma/Tr-me_0333.jpg",1,meningioma,1,meningioma,0.0042369519,0.9807802439,0.0073517701,0.0076310588
4144,"/kaggle/input/datasets/arafat221156011/mri-dataset/Epic and CSCR hospital Dataset/Train/meningioma/Tr-me_0338.jpg",1,meningioma,1,meningioma,0.0046787602,0.9789508581,0.0078241332,0.0085461279
4155,"/kaggle/input/datasets/arafat221156011/mri-dataset/Epic and CSCR hospital Dataset/Train/meningioma/Tr-me_0349.jpg",1,meningioma,1,meningioma,0.0040795528,0.9808543921,0.0077307052,0.0073352763
4159,"/kaggle/input/datasets/arafat221156011/mri-dataset/Epic and CSCR hospital Dataset/Train/meningioma/Tr-me_0353.jpg",1,meningioma,1,meningioma,0.0052832291,0.9790433049,0.0077247098,0.0079488987
4161,"/kaggle/input/datasets/arafat221156011/mri-dataset/Epic and CSCR hospital Dataset/Train/meningioma/Tr-me_0355.jpg",1,meningioma,1,meningioma,0.0039240615,0.9808586836,0.0074862540,0.0077309581
4169,"/kaggle/input/datasets/arafat221156011/mri-dataset/Epic and CSCR hospital Dataset/Train/meningioma/Tr-me_0363.jpg",1,meningioma,1,meningioma,0.0048474027,0.9803899527,0.0078908168,0.0068718093
4177,"/kaggle/input/datasets/arafat221156011/mri-dataset/Epic and CSCR hospital Dataset/Train/meningioma/Tr-me_0371.jpg",1,meningioma,1,meningioma,0.0045546731,0.9802481532,0.0074361423,0.0077609965
4185,"/kaggle/input/datasets/arafat221156011/mri-dataset/Epic and CSCR hospital Dataset/Train/meningioma/Tr-me_0379.jpg",1,meningioma,1,meningioma,0.0154663119,0.9673161507,0.0079403585,0.0092772339
4187,"/kaggle/input/datasets/arafat221156011/mri-dataset/Epic and CSCR hospital Dataset/Train/meningioma/Tr-me_0381.jpg",1,meningioma,1,meningioma,0.0047681923,0.9800460935,0.0071285157,0.0080572385
4194,"/kaggle/input/datasets/arafat221156011/mri-dataset/Epic and CSCR hospital Dataset/Train/meningioma/Tr-me_0388.jpg",1,meningioma,1,meningioma,0.0043654786,0.9796412587,0.0070223296,0.0089709656
4196,"/kaggle/input/datasets/arafat221156011/mri-dataset/Epic and CSCR hospital Dataset/Train/meningioma/Tr-me_0390.jpg",1,meningioma,1,meningioma,0.0042700274,0.9802058339,0.0072034537,0.0083207656
4199,"/kaggle/input/datasets/arafat221156011/mri-dataset/Epic and CSCR hospital Dataset/Train/meningioma/Tr-me_0393.jpg",1,meningioma,1,meningioma,0.0047304882,0.9798437953,0.0072749471,0.0081507638
4201,"/kaggle/input/datasets/arafat221156011/mri-dataset/Epic and CSCR hospital Dataset/Train/meningioma/Tr-me_0395.jpg",1,meningioma,1,meningioma,0.0042504859,0.9809167981,0.0070828171,0.0077498937
4208,"/kaggle/input/datasets/arafat221156011/mri-dataset/Epic and CSCR hospital Dataset/Train/meningioma/Tr-me_0402.jpg",1,meningioma,1,meningioma,0.0044291383,0.9803533554,0.0072603598,0.0079571605
4209,"/kaggle/input/datasets/arafat221156011/mri-dataset/Epic and CSCR hospital Dataset/Train/meningioma/Tr-me_0403.jpg",1,meningioma,1,meningioma,0.0047258101,0.9791178703,0.0073085004,0.0088477861
4227,"/kaggle/input/datasets/arafat221156011/mri-dataset/Epic and CSCR hospital Dataset/Train/meningioma/Tr-me_0421.jpg",1,meningioma,1,meningioma,0.0048252759,0.9780660868,0.0075466484,0.0095620556
4232,"/kaggle/input/datasets/arafat221156011/mri-dataset/Epic and CSCR hospital Dataset/Train/meningioma/Tr-me_0426.jpg",1,meningioma,1,meningioma,0.0052511469,0.9795396924,0.0073011378,0.0079080164
4237,"/kaggle/input/datasets/arafat221156011/mri-dataset/Epic and CSCR hospital Dataset/Train/meningioma/Tr-me_0431.jpg",1,meningioma,1,meningioma,0.0047575273,0.9796644449,0.0073603997,0.0082176086
4244,"/kaggle/input/datasets/arafat221156011/mri-dataset/Epic and CSCR hospital Dataset/Train/meningioma/Tr-me_0438.jpg",1,meningioma,1,meningioma,0.0054576979,0.9785670042,0.0076588197,0.0083164405
4249,"/kaggle/input/datasets/arafat221156011/mri-dataset/Epic and CSCR hospital Dataset/Train/meningioma/Tr-me_0443.jpg",1,meningioma,1,meningioma,0.0057021393,0.9784587622,0.0076315189,0.0082076211
4252,"/kaggle/input/datasets/arafat221156011/mri-dataset/Epic and CSCR hospital Dataset/Train/meningioma/Tr-me_0446.jpg",1,meningioma,1,meningioma,0.0042216154,0.9808000326,0.0070796856,0.0078985170
4264,"/kaggle/input/datasets/arafat221156011/mri-dataset/Epic and CSCR hospital Dataset/Train/meningioma/Tr-me_0458.jpg",1,meningioma,1,meningioma,0.0044993954,0.9800298810,0.0074939569,0.0079767052
4265,"/kaggle/input/datasets/arafat221156011/mri-dataset/Epic and CSCR hospital Dataset/Train/meningioma/Tr-me_0459.jpg",1,meningioma,1,meningioma,0.0047239442,0.9792758226,0.0078427251,0.0081575718
4267,"/kaggle/input/datasets/arafat221156011/mri-dataset/Epic and CSCR hospital Dataset/Train/meningioma/Tr-me_0461.jpg",1,meningioma,1,meningioma,0.0050346293,0.9796385765,0.0070560463,0.0082707377
4270,"/kaggle/input/datasets/arafat221156011/mri-dataset/Epic and CSCR hospital Dataset/Train/meningioma/Tr-me_0464.jpg",1,meningioma,1,meningioma,0.0045657111,0.9802727699,0.0073035918,0.0078579234
4271,"/kaggle/input/datasets/arafat221156011/mri-dataset/Epic and CSCR hospital Dataset/Train/meningioma/Tr-me_0465.jpg",1,meningioma,1,meningioma,0.0041378569,0.9807366133,0.0072920164,0.0078335209
4272,"/kaggle/input/datasets/arafat221156011/mri-dataset/Epic and CSCR hospital Dataset/Train/meningioma/Tr-me_0466.jpg",1,meningioma,1,meningioma,0.0039024681,0.9809402227,0.0073909955,0.0077663986
4274,"/kaggle/input/datasets/arafat221156011/mri-dataset/Epic and CSCR hospital Dataset/Train/meningioma/Tr-me_0468.jpg",1,meningioma,1,meningioma,0.0047861980,0.9796895981,0.0072684614,0.0082557695
4288,"/kaggle/input/datasets/arafat221156011/mri-dataset/Epic and CSCR hospital Dataset/Train/meningioma/Tr-me_0482.jpg",1,meningioma,1,meningioma,0.0045772167,0.9793616533,0.0073657287,0.0086953882
4293,"/kaggle/input/datasets/arafat221156011/mri-dataset/Epic and CSCR hospital Dataset/Train/meningioma/Tr-me_0487.jpg",1,meningioma,1,meningioma,0.0044003101,0.9796506166,0.0080125192,0.0079366099
4297,"/kaggle/input/datasets/arafat221156011/mri-dataset/Epic and CSCR hospital Dataset/Train/meningioma/Tr-me_0491.jpg",1,meningioma,1,meningioma,0.0052540684,0.9777086377,0.0071958019,0.0098415297
4302,"/kaggle/input/datasets/arafat221156011/mri-dataset/Epic and CSCR hospital Dataset/Train/meningioma/Tr-me_0496.jpg",1,meningioma,1,meningioma,0.0051247696,0.9794541597,0.0074173049,0.0080037955
4303,"/kaggle/input/datasets/arafat221156011/mri-dataset/Epic and CSCR hospital Dataset/Train/meningioma/Tr-me_0497.jpg",1,meningioma,1,meningioma,0.0124347424,0.9704839587,0.0083678430,0.0087133367
4309,"/kaggle/input/datasets/arafat221156011/mri-dataset/Epic and CSCR hospital Dataset/Train/meningioma/Tr-me_0503.jpg",1,meningioma,1,meningioma,0.0049877465,0.9800401926,0.0072927512,0.0076793595
4310,"/kaggle/input/datasets/arafat221156011/mri-dataset/Epic and CSCR hospital Dataset/Train/meningioma/Tr-me_0504.jpg",1,meningioma,1,meningioma,0.0046484051,0.9802638292,0.0074066212,0.0076811700
4314,"/kaggle/input/datasets/arafat221156011/mri-dataset/Epic and CSCR hospital Dataset/Train/meningioma/Tr-me_0508.jpg",1,meningioma,1,meningioma,0.0048179929,0.9799005389,0.0072886804,0.0079927482
4325,"/kaggle/input/datasets/arafat221156011/mri-dataset/Epic and CSCR hospital Dataset/Train/meningioma/Tr-me_0519.jpg",1,meningioma,1,meningioma,0.0076729385,0.9765223265,0.0076275580,0.0081772441
4330,"/kaggle/input/datasets/arafat221156011/mri-dataset/Epic and CSCR hospital Dataset/Train/meningioma/Tr-me_0524.jpg",1,meningioma,1,meningioma,0.0046489937,0.9803658724,0.0071709007,0.0078142332
4331,"/kaggle/input/datasets/arafat221156011/mri-dataset/Epic and CSCR hospital Dataset/Train/meningioma/Tr-me_0525.jpg",1,meningioma,1,meningioma,0.0046108728,0.9798785448,0.0075319214,0.0079787532
4333,"/kaggle/input/datasets/arafat221156011/mri-dataset/Epic and CSCR hospital Dataset/Train/meningioma/Tr-me_0527.jpg",1,meningioma,1,meningioma,0.0056137731,0.9784334302,0.0077117942,0.0082410183
4342,"/kaggle/input/datasets/arafat221156011/mri-dataset/Epic and CSCR hospital Dataset/Train/meningioma/Tr-me_0536.jpg",1,meningioma,1,meningioma,0.0041525438,0.9802856445,0.0072831013,0.0082786968
4349,"/kaggle/input/datasets/arafat221156011/mri-dataset/Epic and CSCR hospital Dataset/Train/meningioma/Tr-me_0543.jpg",1,meningioma,1,meningioma,0.0045575127,0.9801638722,0.0072931401,0.0079854466
4352,"/kaggle/input/datasets/arafat221156011/mri-dataset/Epic and CSCR hospital Dataset/Train/meningioma/Tr-me_0546.jpg",1,meningioma,1,meningioma,0.0047133788,0.9794357419,0.0074944096,0.0083564240
4353,"/kaggle/input/datasets/arafat221156011/mri-dataset/Epic and CSCR hospital Dataset/Train/meningioma/Tr-me_0547.jpg",1,meningioma,1,meningioma,0.0052257902,0.9784734845,0.0081510702,0.0081497552
4354,"/kaggle/input/datasets/arafat221156011/mri-dataset/Epic and CSCR hospital Dataset/Train/meningioma/Tr-me_0548.jpg",1,meningioma,1,meningioma,0.0078859832,0.9745674133,0.0085660862,0.0089805368
4356,"/kaggle/input/datasets/arafat221156011/mri-dataset/Epic and CSCR hospital Dataset/Train/meningioma/Tr-me_0550.jpg",1,meningioma,1,meningioma,0.0053248396,0.9788690805,0.0077199573,0.0080861766
4360,"/kaggle/input/datasets/arafat221156011/mri-dataset/Epic and CSCR hospital Dataset/Train/meningioma/Tr-me_0554.jpg",1,meningioma,1,meningioma,0.0043928828,0.9805067778,0.0070866374,0.0080136862
4363,"/kaggle/input/datasets/arafat221156011/mri-dataset/Epic and CSCR hospital Dataset/Train/meningioma/Tr-me_0557.jpg",1,meningioma,1,meningioma,0.0058745411,0.9785764813,0.0075634113,0.0079856534
4365,"/kaggle/input/datasets/arafat221156011/mri-dataset/Epic and CSCR hospital Dataset/Train/meningioma/Tr-me_0559.jpg",1,meningioma,1,meningioma,0.0054814531,0.9790928960,0.0074314950,0.0079941247
4368,"/kaggle/input/datasets/arafat221156011/mri-dataset/Epic and CSCR hospital Dataset/Train/meningioma/Tr-me_0562.jpg",1,meningioma,1,meningioma,0.0059130145,0.9780771136,0.0077117905,0.0082981046
4370,"/kaggle/input/datasets/arafat221156011/mri-dataset/Epic and CSCR hospital Dataset/Train/meningioma/Tr-me_0564.jpg",1,meningioma,1,meningioma,0.0051536402,0.9790336490,0.0076281792,0.0081845010
4372,"/kaggle/input/datasets/arafat221156011/mri-dataset/Epic and CSCR hospital Dataset/Train/meningioma/Tr-me_0566.jpg",1,meningioma,1,meningioma,0.0050726151,0.9792413712,0.0075629926,0.0081230132
4375,"/kaggle/input/datasets/arafat221156011/mri-dataset/Epic and CSCR hospital Dataset/Train/meningioma/Tr-me_0569.jpg",1,meningioma,1,meningioma,0.0048809340,0.9794812202,0.0073635527,0.0082742320
4376,"/kaggle/input/datasets/arafat221156011/mri-dataset/Epic and CSCR hospital Dataset/Train/meningioma/Tr-me_0570.jpg",1,meningioma,1,meningioma,0.0047575892,0.9798460007,0.0073360121,0.0080603752
4381,"/kaggle/input/datasets/arafat221156011/mri-dataset/Epic and CSCR hospital Dataset/Train/meningioma/Tr-me_0575.jpg",1,meningioma,1,meningioma,0.0039548771,0.9811605215,0.0072504366,0.0076341853
4402,"/kaggle/input/datasets/arafat221156011/mri-dataset/Epic and CSCR hospital Dataset/Train/meningioma/Tr-me_0608.jpg",1,meningioma,1,meningioma,0.0044700992,0.9805699587,0.0071038790,0.0078560617
4403,"/kaggle/input/datasets/arafat221156011/mri-dataset/Epic and CSCR hospital Dataset/Train/meningioma/Tr-me_0609.jpg",1,meningioma,1,meningioma,0.0049531041,0.9797837138,0.0073756687,0.0078875897
4405,"/kaggle/input/datasets/arafat221156011/mri-dataset/Epic and CSCR hospital Dataset/Train/meningioma/Tr-me_0611.jpg",1,meningioma,1,meningioma,0.0054368554,0.9794641733,0.0075168111,0.0075822598
4406,"/kaggle/input/datasets/arafat221156011/mri-dataset/Epic and CSCR hospital Dataset/Train/meningioma/Tr-me_0612.jpg",1,meningioma,1,meningioma,0.0047640139,0.9800222516,0.0073211403,0.0078926133
4410,"/kaggle/input/datasets/arafat221156011/mri-dataset/Epic and CSCR hospital Dataset/Train/meningioma/Tr-me_0616.jpg",1,meningioma,1,meningioma,0.0054859230,0.9788951874,0.0075101331,0.0081088021
4413,"/kaggle/input/datasets/arafat221156011/mri-dataset/Epic and CSCR hospital Dataset/Train/meningioma/Tr-me_0619.jpg",1,meningioma,1,meningioma,0.0051187994,0.9794452786,0.0077019273,0.0077339625
4428,"/kaggle/input/datasets/arafat221156011/mri-dataset/Epic and CSCR hospital Dataset/Train/meningioma/Tr-me_0768.jpg",1,meningioma,1,meningioma,0.0046756957,0.9802535772,0.0072912253,0.0077795289
4432,"/kaggle/input/datasets/arafat221156011/mri-dataset/Epic and CSCR hospital Dataset/Train/meningioma/Tr-me_0772.jpg",1,meningioma,1,meningioma,0.0045223255,0.9804582596,0.0071508400,0.0078685489
4433,"/kaggle/input/datasets/arafat221156011/mri-dataset/Epic and CSCR hospital Dataset/Train/meningioma/Tr-me_0773.jpg",1,meningioma,1,meningioma,0.0049974304,0.9796959758,0.0073287180,0.0079778908
4436,"/kaggle/input/datasets/arafat221156011/mri-dataset/Epic and CSCR hospital Dataset/Train/meningioma/Tr-me_0806.jpg",1,meningioma,1,meningioma,0.0042024502,0.9808775187,0.0074381428,0.0074819089
4437,"/kaggle/input/datasets/arafat221156011/mri-dataset/Epic and CSCR hospital Dataset/Train/meningioma/Tr-me_0807.jpg",1,meningioma,1,meningioma,0.0736596659,0.9053392410,0.0089786369,0.0120224422
4438,"/kaggle/input/datasets/arafat221156011/mri-dataset/Epic and CSCR hospital Dataset/Train/meningioma/Tr-me_0808.jpg",1,meningioma,1,meningioma,0.0043498548,0.9804803133,0.0071903616,0.0079794973
4440,"/kaggle/input/datasets/arafat221156011/mri-dataset/Epic and CSCR hospital Dataset/Train/meningioma/Tr-me_0810.jpg",1,meningioma,1,meningioma,0.0042835446,0.9809743762,0.0071680294,0.0075740665
4442,"/kaggle/input/datasets/arafat221156011/mri-dataset/Epic and CSCR hospital Dataset/Train/meningioma/Tr-me_0812.jpg",1,meningioma,1,meningioma,0.0055909259,0.9779799581,0.0075822375,0.0088468147
4445,"/kaggle/input/datasets/arafat221156011/mri-dataset/Epic and CSCR hospital Dataset/Train/meningioma/Tr-me_0815.jpg",1,meningioma,1,meningioma,0.0051059416,0.9778124094,0.0074619590,0.0096195554
4448,"/kaggle/input/datasets/arafat221156011/mri-dataset/Epic and CSCR hospital Dataset/Train/meningioma/Tr-me_0818.jpg",1,meningioma,1,meningioma,0.0707633048,0.9082862735,0.0102790957,0.0106713437
4451,"/kaggle/input/datasets/arafat221156011/mri-dataset/Epic and CSCR hospital Dataset/Train/meningioma/Tr-me_0821.jpg",1,meningioma,1,meningioma,0.0061618248,0.9774317741,0.0079020262,0.0085044065
4455,"/kaggle/input/datasets/arafat221156011/mri-dataset/Epic and CSCR hospital Dataset/Train/meningioma/Tr-me_0825.jpg",1,meningioma,1,meningioma,0.0041469140,0.9807462692,0.0076939301,0.0074128509
4459,"/kaggle/input/datasets/arafat221156011/mri-dataset/Epic and CSCR hospital Dataset/Train/meningioma/Tr-me_0829.jpg",1,meningioma,3,pituitary,0.0057855924,0.0339199305,0.0069138044,0.9533807039
4461,"/kaggle/input/datasets/arafat221156011/mri-dataset/Epic and CSCR hospital Dataset/Train/meningioma/Tr-me_0831.jpg",1,meningioma,3,pituitary,0.0083436873,0.0096243881,0.0076040453,0.9744278789
4470,"/kaggle/input/datasets/arafat221156011/mri-dataset/Epic and CSCR hospital Dataset/Train/meningioma/Tr-me_0840.jpg",1,meningioma,1,meningioma,0.0065152878,0.9757320285,0.0074159624,0.0103366692
4475,"/kaggle/input/datasets/arafat221156011/mri-dataset/Epic and CSCR hospital Dataset/Train/meningioma/Tr-me_0845.jpg",1,meningioma,1,meningioma,0.0049343212,0.9797998667,0.0072481809,0.0080176014
4476,"/kaggle/input/datasets/arafat221156011/mri-dataset/Epic and CSCR hospital Dataset/Train/meningioma/Tr-me_0846.jpg",1,meningioma,1,meningioma,0.0052109025,0.9783788919,0.0075713196,0.0088389236
4481,"/kaggle/input/datasets/arafat221156011/mri-dataset/Epic and CSCR hospital Dataset/Train/meningioma/Tr-me_0851.jpg",1,meningioma,1,meningioma,0.0056423638,0.9786316752,0.0077997721,0.0079261716
4482,"/kaggle/input/datasets/arafat221156011/mri-dataset/Epic and CSCR hospital Dataset/Train/meningioma/Tr-me_0852.jpg",1,meningioma,0,glioma,0.8385968208,0.1438020319,0.0089948410,0.0086063063
4484,"/kaggle/input/datasets/arafat221156011/mri-dataset/Epic and CSCR hospital Dataset/Train/meningioma/Tr-me_0854.jpg",1,meningioma,1,meningioma,0.0050640306,0.9790093303,0.0074795978,0.0084470427
4492,"/kaggle/input/datasets/arafat221156011/mri-dataset/Epic and CSCR hospital Dataset/Train/meningioma/Tr-me_0862.jpg",1,meningioma,1,meningioma,0.0052711042,0.9790102243,0.0076698936,0.0080487458
4511,"/kaggle/input/datasets/arafat221156011/mri-dataset/Epic and CSCR hospital Dataset/Train/meningioma/Tr-me_0881.jpg",1,meningioma,1,meningioma,0.0076589682,0.9758492708,0.0077789216,0.0087129101
4513,"/kaggle/input/datasets/arafat221156011/mri-dataset/Epic and CSCR hospital Dataset/Train/meningioma/Tr-me_0883.jpg",1,meningioma,1,meningioma,0.0085886996,0.9741780162,0.0085117444,0.0087215696
4514,"/kaggle/input/datasets/arafat221156011/mri-dataset/Epic and CSCR hospital Dataset/Train/meningioma/Tr-me_0884.jpg",1,meningioma,1,meningioma,0.0046053492,0.9795325398,0.0073604966,0.0085016666
4516,"/kaggle/input/datasets/arafat221156011/mri-dataset/Epic and CSCR hospital Dataset/Train/meningioma/Tr-me_0886.jpg",1,meningioma,1,meningioma,0.0050016204,0.9793068767,0.0074527236,0.0082387626
4517,"/kaggle/input/datasets/arafat221156011/mri-dataset/Epic and CSCR hospital Dataset/Train/meningioma/Tr-me_0887.jpg",1,meningioma,1,meningioma,0.0037787831,0.9807274938,0.0069943867,0.0084994454
4524,"/kaggle/input/datasets/arafat221156011/mri-dataset/Epic and CSCR hospital Dataset/Train/meningioma/Tr-me_0894.jpg",1,meningioma,1,meningioma,0.0062998435,0.9773960114,0.0077926195,0.0085115936
4525,"/kaggle/input/datasets/arafat221156011/mri-dataset/Epic and CSCR hospital Dataset/Train/meningioma/Tr-me_0895.jpg",1,meningioma,1,meningioma,0.0043953657,0.9803653955,0.0073299250,0.0079093194
4532,"/kaggle/input/datasets/arafat221156011/mri-dataset/Epic and CSCR hospital Dataset/Train/meningioma/Tr-me_0902.jpg",1,meningioma,1,meningioma,0.0066099353,0.9773916006,0.0079563269,0.0080421148
4538,"/kaggle/input/datasets/arafat221156011/mri-dataset/Epic and CSCR hospital Dataset/Train/meningioma/Tr-me_0908.jpg",1,meningioma,1,meningioma,0.0040053832,0.9809476733,0.0072157062,0.0078311833
4542,"/kaggle/input/datasets/arafat221156011/mri-dataset/Epic and CSCR hospital Dataset/Train/meningioma/Tr-me_0912.jpg",1,meningioma,1,meningioma,0.0044272700,0.9803560376,0.0072669587,0.0079497788
4557,"/kaggle/input/datasets/arafat221156011/mri-dataset/Epic and CSCR hospital Dataset/Train/meningioma/Tr-me_0927.jpg",1,meningioma,1,meningioma,0.0057145567,0.9788980484,0.0076439911,0.0077433540
4558,"/kaggle/input/datasets/arafat221156011/mri-dataset/Epic and CSCR hospital Dataset/Train/meningioma/Tr-me_0928.jpg",1,meningioma,1,meningioma,0.0043804725,0.9799661636,0.0070397980,0.0086135529
4562,"/kaggle/input/datasets/arafat221156011/mri-dataset/Epic and CSCR hospital Dataset/Train/meningioma/Tr-me_0932.jpg",1,meningioma,1,meningioma,0.0047032246,0.9799976349,0.0070572374,0.0082418825
4565,"/kaggle/input/datasets/arafat221156011/mri-dataset/Epic and CSCR hospital Dataset/Train/meningioma/Tr-me_0935.jpg",1,meningioma,1,meningioma,0.0060353479,0.9778324366,0.0075582610,0.0085738786
4566,"/kaggle/input/datasets/arafat221156011/mri-dataset/Epic and CSCR hospital Dataset/Train/meningioma/Tr-me_0936.jpg",1,meningioma,1,meningioma,0.0044775358,0.9804916382,0.0070571974,0.0079735713
4572,"/kaggle/input/datasets/arafat221156011/mri-dataset/Epic and CSCR hospital Dataset/Train/meningioma/Tr-me_0942.jpg",1,meningioma,3,pituitary,0.0098494152,0.0082456907,0.0077918083,0.9741131067
4574,"/kaggle/input/datasets/arafat221156011/mri-dataset/Epic and CSCR hospital Dataset/Train/meningioma/Tr-me_0944.jpg",1,meningioma,1,meningioma,0.0074103326,0.9759182930,0.0079421820,0.0087291570
4579,"/kaggle/input/datasets/arafat221156011/mri-dataset/Epic and CSCR hospital Dataset/Train/meningioma/Tr-me_0949.jpg",1,meningioma,1,meningioma,0.0051217712,0.9792820811,0.0074546016,0.0081414869
4581,"/kaggle/input/datasets/arafat221156011/mri-dataset/Epic and CSCR hospital Dataset/Train/meningioma/Tr-me_0951.jpg",1,meningioma,1,meningioma,0.0044478173,0.9807662964,0.0071500191,0.0076357946
4586,"/kaggle/input/datasets/arafat221156011/mri-dataset/Epic and CSCR hospital Dataset/Train/meningioma/Tr-me_0956.jpg",1,meningioma,0,glioma,0.6061707735,0.3739880025,0.0090008043,0.0108404225
4589,"/kaggle/input/datasets/arafat221156011/mri-dataset/Epic and CSCR hospital Dataset/Train/meningioma/Tr-me_0959.jpg",1,meningioma,1,meningioma,0.0056864419,0.9791780710,0.0073241917,0.0078113051
4591,"/kaggle/input/datasets/arafat221156011/mri-dataset/Epic and CSCR hospital Dataset/Train/meningioma/Tr-me_0961.jpg",1,meningioma,1,meningioma,0.0045691794,0.9799957275,0.0072650285,0.0081700468
4593,"/kaggle/input/datasets/arafat221156011/mri-dataset/Epic and CSCR hospital Dataset/Train/meningioma/Tr-me_0963.jpg",1,meningioma,1,meningioma,0.0041659027,0.9806922674,0.0069932728,0.0081485305
4595,"/kaggle/input/datasets/arafat221156011/mri-dataset/Epic and CSCR hospital Dataset/Train/meningioma/Tr-me_0965.jpg",1,meningioma,1,meningioma,0.0044187540,0.9800594449,0.0074947947,0.0080270600
4598,"/kaggle/input/datasets/arafat221156011/mri-dataset/Epic and CSCR hospital Dataset/Train/meningioma/Tr-me_0968.jpg",1,meningioma,1,meningioma,0.0046822648,0.9799531698,0.0076374016,0.0077270702
4599,"/kaggle/input/datasets/arafat221156011/mri-dataset/Epic and CSCR hospital Dataset/Train/meningioma/Tr-me_0969.jpg",1,meningioma,1,meningioma,0.0045525753,0.9801308513,0.0072086295,0.0081079770
4604,"/kaggle/input/datasets/arafat221156011/mri-dataset/Epic and CSCR hospital Dataset/Train/meningioma/Tr-me_0974.jpg",1,meningioma,1,meningioma,0.0044366950,0.9803153872,0.0077246903,0.0075232061
4605,"/kaggle/input/datasets/arafat221156011/mri-dataset/Epic and CSCR hospital Dataset/Train/meningioma/Tr-me_0975.jpg",1,meningioma,1,meningioma,0.0047908118,0.9793122411,0.0079362430,0.0079606231
4610,"/kaggle/input/datasets/arafat221156011/mri-dataset/Epic and CSCR hospital Dataset/Train/meningioma/Tr-me_0980.jpg",1,meningioma,1,meningioma,0.0657266527,0.9141086340,0.0082002599,0.0119643863
4634,"/kaggle/input/datasets/arafat221156011/mri-dataset/Epic and CSCR hospital Dataset/Train/meningioma/Tr-me_1004.jpg",1,meningioma,1,meningioma,0.3107469380,0.6696019769,0.0103606395,0.0092904996
4636,"/kaggle/input/datasets/arafat221156011/mri-dataset/Epic and CSCR hospital Dataset/Train/meningioma/Tr-me_1006.jpg",1,meningioma,1,meningioma,0.0045093601,0.9797690511,0.0076703420,0.0080513014
4640,"/kaggle/input/datasets/arafat221156011/mri-dataset/Epic and CSCR hospital Dataset/Train/meningioma/Tr-me_1010.jpg",1,meningioma,1,meningioma,0.0076596988,0.9751187563,0.0083595077,0.0088620707
4641,"/kaggle/input/datasets/arafat221156011/mri-dataset/Epic and CSCR hospital Dataset/Train/meningioma/Tr-me_1011.jpg",1,meningioma,1,meningioma,0.0050283233,0.9798079729,0.0073433816,0.0078202002
4645,"/kaggle/input/datasets/arafat221156011/mri-dataset/Epic and CSCR hospital Dataset/Train/meningioma/Tr-me_1015.jpg",1,meningioma,1,meningioma,0.0041164728,0.9805618525,0.0071187802,0.0082029421
4649,"/kaggle/input/datasets/arafat221156011/mri-dataset/Epic and CSCR hospital Dataset/Train/meningioma/Tr-me_1019.jpg",1,meningioma,1,meningioma,0.0046625244,0.9793755412,0.0077804746,0.0081814444
4650,"/kaggle/input/datasets/arafat221156011/mri-dataset/Epic and CSCR hospital Dataset/Train/meningioma/Tr-me_1020.jpg",1,meningioma,1,meningioma,0.0051942463,0.9792257547,0.0075689806,0.0080109136
4660,"/kaggle/input/datasets/arafat221156011/mri-dataset/Epic and CSCR hospital Dataset/Train/meningioma/Tr-me_1030.jpg",1,meningioma,1,meningioma,0.0049627423,0.9796738625,0.0073258542,0.0080375280
4670,"/kaggle/input/datasets/arafat221156011/mri-dataset/Epic and CSCR hospital Dataset/Train/meningioma/Tr-me_1040.jpg",1,meningioma,1,meningioma,0.0052859830,0.9794349670,0.0072441907,0.0080349501
4671,"/kaggle/input/datasets/arafat221156011/mri-dataset/Epic and CSCR hospital Dataset/Train/meningioma/Tr-me_1041.jpg",1,meningioma,1,meningioma,0.0055376068,0.9783545732,0.0076038940,0.0085039642
4675,"/kaggle/input/datasets/arafat221156011/mri-dataset/Epic and CSCR hospital Dataset/Train/meningioma/Tr-me_1045.jpg",1,meningioma,1,meningioma,0.0842878744,0.8986336589,0.0084122727,0.0086661018
4693,"/kaggle/input/datasets/arafat221156011/mri-dataset/Epic and CSCR hospital Dataset/Train/meningioma/Tr-me_1063.jpg",1,meningioma,1,meningioma,0.0055587213,0.9789614677,0.0074402331,0.0080395248
4695,"/kaggle/input/datasets/arafat221156011/mri-dataset/Epic and CSCR hospital Dataset/Train/meningioma/Tr-me_1065.jpg",1,meningioma,1,meningioma,0.0058139320,0.9783108830,0.0077223154,0.0081529403
4696,"/kaggle/input/datasets/arafat221156011/mri-dataset/Epic and CSCR hospital Dataset/Train/meningioma/Tr-me_1066.jpg",1,meningioma,1,meningioma,0.0040480322,0.9816997647,0.0071490803,0.0071031572
4703,"/kaggle/input/datasets/arafat221156011/mri-dataset/Epic and CSCR hospital Dataset/Train/meningioma/Tr-me_1073.jpg",1,meningioma,1,meningioma,0.0055121901,0.9785324335,0.0080219535,0.0079334648
4705,"/kaggle/input/datasets/arafat221156011/mri-dataset/Epic and CSCR hospital Dataset/Train/meningioma/Tr-me_1075.jpg",1,meningioma,1,meningioma,0.0068889647,0.9765375257,0.0085044987,0.0080689052
4706,"/kaggle/input/datasets/arafat221156011/mri-dataset/Epic and CSCR hospital Dataset/Train/meningioma/Tr-me_1080.jpg",1,meningioma,1,meningioma,0.0042242007,0.9803588986,0.0073248483,0.0080921547
4711,"/kaggle/input/datasets/arafat221156011/mri-dataset/Epic and CSCR hospital Dataset/Train/meningioma/Tr-me_1085.jpg",1,meningioma,1,meningioma,0.0043928945,0.9803625345,0.0071442216,0.0081003252
4712,"/kaggle/input/datasets/arafat221156011/mri-dataset/Epic and CSCR hospital Dataset/Train/meningioma/Tr-me_1086.jpg",1,meningioma,1,meningioma,0.0742313713,0.9071391821,0.0082829408,0.0103464117
4721,"/kaggle/input/datasets/arafat221156011/mri-dataset/Epic and CSCR hospital Dataset/Train/meningioma/Tr-me_1104.jpg",1,meningioma,1,meningioma,0.0112600354,0.9711357951,0.0089506535,0.0086534647
4742,"/kaggle/input/datasets/arafat221156011/mri-dataset/Epic and CSCR hospital Dataset/Train/meningioma/Tr-me_1125.jpg",1,meningioma,1,meningioma,0.0072451672,0.9771021605,0.0077858269,0.0078667821
4743,"/kaggle/input/datasets/arafat221156011/mri-dataset/Epic and CSCR hospital Dataset/Train/meningioma/Tr-me_1126.jpg",1,meningioma,1,meningioma,0.0055135712,0.9788395762,0.0076249354,0.0080219600
4747,"/kaggle/input/datasets/arafat221156011/mri-dataset/Epic and CSCR hospital Dataset/Train/meningioma/Tr-me_1130.jpg",1,meningioma,1,meningioma,0.4527660012,0.5283089876,0.0092086587,0.0097164158
4751,"/kaggle/input/datasets/arafat221156011/mri-dataset/Epic and CSCR hospital Dataset/Train/meningioma/Tr-me_1134.jpg",1,meningioma,1,meningioma,0.0047450573,0.9800074697,0.0073077059,0.0079397922
4752,"/kaggle/input/datasets/arafat221156011/mri-dataset/Epic and CSCR hospital Dataset/Train/meningioma/Tr-me_1135.jpg",1,meningioma,1,meningioma,0.0065983436,0.9772957563,0.0076281913,0.0084777223
4760,"/kaggle/input/datasets/arafat221156011/mri-dataset/Epic and CSCR hospital Dataset/Train/meningioma/Tr-me_1143.jpg",1,meningioma,1,meningioma,0.0047849938,0.9797533751,0.0071247639,0.0083368551
4761,"/kaggle/input/datasets/arafat221156011/mri-dataset/Epic and CSCR hospital Dataset/Train/meningioma/Tr-me_1144.jpg",1,meningioma,1,meningioma,0.0046150675,0.9796911478,0.0074408678,0.0082529280
4764,"/kaggle/input/datasets/arafat221156011/mri-dataset/Epic and CSCR hospital Dataset/Train/meningioma/Tr-me_1147.jpg",1,meningioma,1,meningioma,0.0042570941,0.9809435010,0.0071730567,0.0076263114
4766,"/kaggle/input/datasets/arafat221156011/mri-dataset/Epic and CSCR hospital Dataset/Train/meningioma/Tr-me_1149.jpg",1,meningioma,1,meningioma,0.0048892349,0.9801786542,0.0073959632,0.0075361454
4787,"/kaggle/input/datasets/arafat221156011/mri-dataset/Epic and CSCR hospital Dataset/Train/meningioma/Tr-me_1170.jpg",1,meningioma,1,meningioma,0.0041308375,0.9806965590,0.0072088316,0.0079637924
4792,"/kaggle/input/datasets/arafat221156011/mri-dataset/Epic and CSCR hospital Dataset/Train/meningioma/Tr-me_1176.jpg",1,meningioma,1,meningioma,0.0053232955,0.9783679843,0.0078944955,0.0084142974
4794,"/kaggle/input/datasets/arafat221156011/mri-dataset/Epic and CSCR hospital Dataset/Train/meningioma/Tr-me_1178.jpg",1,meningioma,1,meningioma,0.0053189211,0.9788898230,0.0081225997,0.0076686265
4801,"/kaggle/input/datasets/arafat221156011/mri-dataset/Epic and CSCR hospital Dataset/Train/meningioma/Tr-me_1185.jpg",1,meningioma,1,meningioma,0.0045559178,0.9804087877,0.0073002474,0.0077350689
4807,"/kaggle/input/datasets/arafat221156011/mri-dataset/Epic and CSCR hospital Dataset/Train/meningioma/Tr-me_1191.jpg",1,meningioma,1,meningioma,0.0048504882,0.9797227979,0.0073171696,0.0081095677
4829,"/kaggle/input/datasets/arafat221156011/mri-dataset/Epic and CSCR hospital Dataset/Train/meningioma/Tr-me_1213.jpg",1,meningioma,1,meningioma,0.0039013387,0.9819780588,0.0070704385,0.0070502060
4833,"/kaggle/input/datasets/arafat221156011/mri-dataset/Epic and CSCR hospital Dataset/Train/meningioma/Tr-me_1217.jpg",1,meningioma,1,meningioma,0.0049632140,0.9794853330,0.0073146997,0.0082368338
4838,"/kaggle/input/datasets/arafat221156011/mri-dataset/Epic and CSCR hospital Dataset/Train/meningioma/Tr-me_1223.jpg",1,meningioma,1,meningioma,0.0069079930,0.9761698842,0.0083713960,0.0085507454
4844,"/kaggle/input/datasets/arafat221156011/mri-dataset/Epic and CSCR hospital Dataset/Train/meningioma/Tr-me_1230.jpg",1,meningioma,1,meningioma,0.0047211004,0.9800063968,0.0072678430,0.0080047213
4846,"/kaggle/input/datasets/arafat221156011/mri-dataset/Epic and CSCR hospital Dataset/Train/meningioma/Tr-me_1233.jpg",1,meningioma,1,meningioma,0.0048973267,0.9799171686,0.0072278185,0.0079577593
4847,"/kaggle/input/datasets/arafat221156011/mri-dataset/Epic and CSCR hospital Dataset/Train/meningioma/Tr-me_1234.jpg",1,meningioma,1,meningioma,0.0048345677,0.9797638655,0.0074032331,0.0079983417
4858,"/kaggle/input/datasets/arafat221156011/mri-dataset/Epic and CSCR hospital Dataset/Train/meningioma/Tr-me_1247.jpg",1,meningioma,1,meningioma,0.0084393714,0.9749193192,0.0082430085,0.0083982749
4863,"/kaggle/input/datasets/arafat221156011/mri-dataset/Epic and CSCR hospital Dataset/Train/meningioma/Tr-me_1253.jpg",1,meningioma,1,meningioma,0.0059062638,0.9782246351,0.0078116758,0.0080573922
4865,"/kaggle/input/datasets/arafat221156011/mri-dataset/Epic and CSCR hospital Dataset/Train/meningioma/Tr-me_1256.jpg",1,meningioma,1,meningioma,0.0039314576,0.9807786942,0.0077409344,0.0075489534
4866,"/kaggle/input/datasets/arafat221156011/mri-dataset/Epic and CSCR hospital Dataset/Train/meningioma/Tr-me_1257.jpg",1,meningioma,1,meningioma,0.0045013363,0.9802899361,0.0074659875,0.0077426853
4871,"/kaggle/input/datasets/arafat221156011/mri-dataset/Epic and CSCR hospital Dataset/Train/meningioma/Tr-me_1262.jpg",1,meningioma,1,meningioma,0.0041270922,0.9810336828,0.0070799468,0.0077592693
4877,"/kaggle/input/datasets/arafat221156011/mri-dataset/Epic and CSCR hospital Dataset/Train/meningioma/Tr-me_1290.jpg",1,meningioma,0,glioma,0.9349707365,0.0493176132,0.0086636115,0.0070479154
4889,"/kaggle/input/datasets/arafat221156011/mri-dataset/Epic and CSCR hospital Dataset/Train/meningioma/Tr-me_1335.jpg",1,meningioma,1,meningioma,0.0186672788,0.9617349505,0.0084900865,0.0111076850
4891,"/kaggle/input/datasets/arafat221156011/mri-dataset/Epic and CSCR hospital Dataset/Train/meningioma/Tr-me_1337.jpg",1,meningioma,1,meningioma,0.0048801452,0.9794602394,0.0074432055,0.0082163718
4904,"/kaggle/input/datasets/arafat221156011/mri-dataset/Epic and CSCR hospital Dataset/Train/meningioma/m1(74).jpg",1,meningioma,1,meningioma,0.0039210347,0.9819935560,0.0070243725,0.0070610791
4920,"/kaggle/input/datasets/arafat221156011/mri-dataset/Epic and CSCR hospital Dataset/Train/meningioma/m1(89).jpg",1,meningioma,1,meningioma,0.0037557553,0.9812247157,0.0075684250,0.0074510993
4924,"/kaggle/input/datasets/arafat221156011/mri-dataset/Epic and CSCR hospital Dataset/Train/meningioma/m1(92).jpg",1,meningioma,1,meningioma,0.0052910652,0.9798924327,0.0078179017,0.0069985399
4925,"/kaggle/input/datasets/arafat221156011/mri-dataset/Epic and CSCR hospital Dataset/Train/meningioma/m1(93).jpg",1,meningioma,1,meningioma,0.0046797171,0.9803720713,0.0078693423,0.0070789931
4934,"/kaggle/input/datasets/arafat221156011/mri-dataset/Epic and CSCR hospital Dataset/Train/meningioma/m2 (100).jpg",1,meningioma,1,meningioma,0.0178339072,0.9642497897,0.0077233776,0.0101929400
4939,"/kaggle/input/datasets/arafat221156011/mri-dataset/Epic and CSCR hospital Dataset/Train/meningioma/m2 (105).jpg",1,meningioma,1,meningioma,0.0043232469,0.9804956317,0.0069873282,0.0081938198
4944,"/kaggle/input/datasets/arafat221156011/mri-dataset/Epic and CSCR hospital Dataset/Train/meningioma/m2 (11).jpg",1,meningioma,1,meningioma,0.0045192880,0.9806954265,0.0069428817,0.0078424700
4949,"/kaggle/input/datasets/arafat221156011/mri-dataset/Epic and CSCR hospital Dataset/Train/meningioma/m2 (114).jpg",1,meningioma,1,meningioma,0.0049449475,0.9798094630,0.0075541749,0.0076914057
4951,"/kaggle/input/datasets/arafat221156011/mri-dataset/Epic and CSCR hospital Dataset/Train/meningioma/m2 (116).jpg",1,meningioma,1,meningioma,0.0057738610,0.9787483215,0.0076609356,0.0078168940
4955,"/kaggle/input/datasets/arafat221156011/mri-dataset/Epic and CSCR hospital Dataset/Train/meningioma/m2 (12).jpg",1,meningioma,1,meningioma,0.0095900148,0.9738219380,0.0082426341,0.0083454177
4960,"/kaggle/input/datasets/arafat221156011/mri-dataset/Epic and CSCR hospital Dataset/Train/meningioma/m2 (124).jpg",1,meningioma,1,meningioma,0.0048105121,0.9801632762,0.0072319210,0.0077943327
4962,"/kaggle/input/datasets/arafat221156011/mri-dataset/Epic and CSCR hospital Dataset/Train/meningioma/m2 (126).jpg",1,meningioma,1,meningioma,0.0048064017,0.9803730249,0.0070602261,0.0077602798
4967,"/kaggle/input/datasets/arafat221156011/mri-dataset/Epic and CSCR hospital Dataset/Train/meningioma/m2 (130).jpg",1,meningioma,1,meningioma,0.0047193235,0.9791764021,0.0072712847,0.0088328589
4968,"/kaggle/input/datasets/arafat221156011/mri-dataset/Epic and CSCR hospital Dataset/Train/meningioma/m2 (131).jpg",1,meningioma,1,meningioma,0.0049036951,0.9794061780,0.0073879557,0.0083021866
4971,"/kaggle/input/datasets/arafat221156011/mri-dataset/Epic and CSCR hospital Dataset/Train/meningioma/m2 (134).jpg",1,meningioma,1,meningioma,0.0062186299,0.9775171280,0.0076932153,0.0085710157
4974,"/kaggle/input/datasets/arafat221156011/mri-dataset/Epic and CSCR hospital Dataset/Train/meningioma/m2 (137).jpg",1,meningioma,1,meningioma,0.0048446725,0.9792958498,0.0075417594,0.0083176997
4976,"/kaggle/input/datasets/arafat221156011/mri-dataset/Epic and CSCR hospital Dataset/Train/meningioma/m2 (139).jpg",1,meningioma,1,meningioma,0.0044218251,0.9801695943,0.0072031454,0.0082054418
4978,"/kaggle/input/datasets/arafat221156011/mri-dataset/Epic and CSCR hospital Dataset/Train/meningioma/m2 (140).jpg",1,meningioma,1,meningioma,0.0044758869,0.9801103473,0.0071237073,0.0082900049
4983,"/kaggle/input/datasets/arafat221156011/mri-dataset/Epic and CSCR hospital Dataset/Train/meningioma/m2 (145).jpg",1,meningioma,1,meningioma,0.0044061393,0.9808595777,0.0070702927,0.0076640905
4988,"/kaggle/input/datasets/arafat221156011/mri-dataset/Epic and CSCR hospital Dataset/Train/meningioma/m2 (15).jpg",1,meningioma,1,meningioma,0.0048978841,0.9797632098,0.0075513264,0.0077876449
4989,"/kaggle/input/datasets/arafat221156011/mri-dataset/Epic and CSCR hospital Dataset/Train/meningioma/m2 (150).jpg",1,meningioma,1,meningioma,0.1567587554,0.8232402802,0.0088274982,0.0111734215
4994,"/kaggle/input/datasets/arafat221156011/mri-dataset/Epic and CSCR hospital Dataset/Train/meningioma/m2 (155).jpg",1,meningioma,1,meningioma,0.0047404878,0.9796766043,0.0072874976,0.0082954196
4996,"/kaggle/input/datasets/arafat221156011/mri-dataset/Epic and CSCR hospital Dataset/Train/meningioma/m2 (157).jpg",1,meningioma,1,meningioma,0.0043804189,0.9800922275,0.0072747581,0.0082525918
5002,"/kaggle/input/datasets/arafat221156011/mri-dataset/Epic and CSCR hospital Dataset/Train/meningioma/m2 (162).jpg",1,meningioma,1,meningioma,0.0054743504,0.9784902334,0.0076927119,0.0083425650
5005,"/kaggle/input/datasets/arafat221156011/mri-dataset/Epic and CSCR hospital Dataset/Train/meningioma/m2 (165).jpg",1,meningioma,1,meningioma,0.0044993600,0.9802781343,0.0072540813,0.0079684062
5010,"/kaggle/input/datasets/arafat221156011/mri-dataset/Epic and CSCR hospital Dataset/Train/meningioma/m2 (17).jpg",1,meningioma,1,meningioma,0.0042215218,0.9807775617,0.0070971018,0.0079037910
5014,"/kaggle/input/datasets/arafat221156011/mri-dataset/Epic and CSCR hospital Dataset/Train/meningioma/m2 (173).jpg",1,meningioma,1,meningioma,0.0044412194,0.9799478650,0.0077872402,0.0078236926
5015,"/kaggle/input/datasets/arafat221156011/mri-dataset/Epic and CSCR hospital Dataset/Train/meningioma/m2 (174).jpg",1,meningioma,1,meningioma,0.0049407189,0.9789274335,0.0077829310,0.0083488729
5058,"/kaggle/input/datasets/arafat221156011/mri-dataset/Epic and CSCR hospital Dataset/Train/meningioma/m2 (53).jpg",1,meningioma,1,meningioma,0.0052001644,0.9796000719,0.0072181793,0.0079816030
5071,"/kaggle/input/datasets/arafat221156011/mri-dataset/Epic and CSCR hospital Dataset/Train/meningioma/m2 (65).jpg",1,meningioma,1,meningioma,0.0050515151,0.9796215296,0.0075293025,0.0077976203
5072,"/kaggle/input/datasets/arafat221156011/mri-dataset/Epic and CSCR hospital Dataset/Train/meningioma/m2 (66).jpg",1,meningioma,1,meningioma,0.0048152255,0.9799122810,0.0072807083,0.0079918699
5073,"/kaggle/input/datasets/arafat221156011/mri-dataset/Epic and CSCR hospital Dataset/Train/meningioma/m2 (67).jpg",1,meningioma,1,meningioma,0.0052409973,0.9792203903,0.0075646527,0.0079740137
5076,"/kaggle/input/datasets/arafat221156011/mri-dataset/Epic and CSCR hospital Dataset/Train/meningioma/m2 (7).jpg",1,meningioma,1,meningioma,0.0049131084,0.9794802666,0.0074688634,0.0081377085
5077,"/kaggle/input/datasets/arafat221156011/mri-dataset/Epic and CSCR hospital Dataset/Train/meningioma/m2 (70).jpg",1,meningioma,1,meningioma,0.0049391035,0.9798327684,0.0074416236,0.0077864947
5078,"/kaggle/input/datasets/arafat221156011/mri-dataset/Epic and CSCR hospital Dataset/Train/meningioma/m2 (71).jpg",1,meningioma,1,meningioma,0.0053225630,0.9793168306,0.0072872066,0.0080734333
5086,"/kaggle/input/datasets/arafat221156011/mri-dataset/Epic and CSCR hospital Dataset/Train/meningioma/m2 (79).jpg",1,meningioma,1,meningioma,0.0042714844,0.9809502363,0.0071912385,0.0075869970
5092,"/kaggle/input/datasets/arafat221156011/mri-dataset/Epic and CSCR hospital Dataset/Train/meningioma/m2 (84).jpg",1,meningioma,1,meningioma,0.0045779943,0.9800266027,0.0074021453,0.0079932213
5099,"/kaggle/input/datasets/arafat221156011/mri-dataset/Epic and CSCR hospital Dataset/Train/meningioma/m2 (90).jpg",1,meningioma,1,meningioma,0.0039344789,0.9806467295,0.0073305145,0.0080883289
5106,"/kaggle/input/datasets/arafat221156011/mri-dataset/Epic and CSCR hospital Dataset/Train/meningioma/m2 (97).jpg",1,meningioma,1,meningioma,0.0043515046,0.9805733562,0.0071376031,0.0079374276
5114,"/kaggle/input/datasets/arafat221156011/mri-dataset/Epic and CSCR hospital Dataset/Train/meningioma/m3 (103).jpg",1,meningioma,1,meningioma,0.0053271120,0.9788661003,0.0077186436,0.0080881398
5118,"/kaggle/input/datasets/arafat221156011/mri-dataset/Epic and CSCR hospital Dataset/Train/meningioma/m3 (107).jpg",1,meningioma,1,meningioma,0.0043902895,0.9805148840,0.0070880018,0.0080066817
5142,"/kaggle/input/datasets/arafat221156011/mri-dataset/Epic and CSCR hospital Dataset/Train/meningioma/m3 (129).jpg",1,meningioma,1,meningioma,0.0061110882,0.9771189690,0.0076666325,0.0091032963
5148,"/kaggle/input/datasets/arafat221156011/mri-dataset/Epic and CSCR hospital Dataset/Train/meningioma/m3 (134).jpg",1,meningioma,0,glioma,0.9747219086,0.0101879118,0.0089327600,0.0061574029
5150,"/kaggle/input/datasets/arafat221156011/mri-dataset/Epic and CSCR hospital Dataset/Train/meningioma/m3 (136).jpg",1,meningioma,0,glioma,0.7983434796,0.1771362722,0.0179193057,0.0066009769
5153,"/kaggle/input/datasets/arafat221156011/mri-dataset/Epic and CSCR hospital Dataset/Train/meningioma/m3 (139).jpg",1,meningioma,1,meningioma,0.0890378579,0.8894218206,0.0120019522,0.0095383888
5156,"/kaggle/input/datasets/arafat221156011/mri-dataset/Epic and CSCR hospital Dataset/Train/meningioma/m3 (141).jpg",1,meningioma,1,meningioma,0.0133479293,0.9699358940,0.0089064362,0.0078098127
5165,"/kaggle/input/datasets/arafat221156011/mri-dataset/Epic and CSCR hospital Dataset/Train/meningioma/m3 (150).jpg",1,meningioma,1,meningioma,0.0046983236,0.9801712036,0.0071915006,0.0079389755
5169,"/kaggle/input/datasets/arafat221156011/mri-dataset/Epic and CSCR hospital Dataset/Train/meningioma/m3 (154).jpg",1,meningioma,1,meningioma,0.0091628414,0.9746397138,0.0079191783,0.0082783094
5187,"/kaggle/input/datasets/arafat221156011/mri-dataset/Epic and CSCR hospital Dataset/Train/meningioma/m3 (174).jpg",1,meningioma,1,meningioma,0.0040388829,0.9816988707,0.0076811118,0.0065810941
5191,"/kaggle/input/datasets/arafat221156011/mri-dataset/Epic and CSCR hospital Dataset/Train/meningioma/m3 (178).jpg",1,meningioma,1,meningioma,0.0067316815,0.9766898155,0.0078417687,0.0087366905
5192,"/kaggle/input/datasets/arafat221156011/mri-dataset/Epic and CSCR hospital Dataset/Train/meningioma/m3 (179).jpg",1,meningioma,1,meningioma,0.0046962081,0.9793506861,0.0078673195,0.0080857687
5197,"/kaggle/input/datasets/arafat221156011/mri-dataset/Epic and CSCR hospital Dataset/Train/meningioma/m3 (184).jpg",1,meningioma,1,meningioma,0.0042797290,0.9800806046,0.0074709267,0.0081687402
5202,"/kaggle/input/datasets/arafat221156011/mri-dataset/Epic and CSCR hospital Dataset/Train/notumor/10 no.jpg",2,notumor,2,notumor,0.0058606775,0.0054788981,0.9807528257,0.0079076784
5204,"/kaggle/input/datasets/arafat221156011/mri-dataset/Epic and CSCR hospital Dataset/Train/notumor/12 no.jpg",2,notumor,2,notumor,0.0060333842,0.0056476812,0.9806163907,0.0077025993
5207,"/kaggle/input/datasets/arafat221156011/mri-dataset/Epic and CSCR hospital Dataset/Train/notumor/15 no.jpg",2,notumor,2,notumor,0.0061910329,0.0057309824,0.9808170199,0.0072608637
5208,"/kaggle/input/datasets/arafat221156011/mri-dataset/Epic and CSCR hospital Dataset/Train/notumor/1587.jpg",2,notumor,2,notumor,0.0071796635,0.0060012424,0.9798455238,0.0069736065
5212,"/kaggle/input/datasets/arafat221156011/mri-dataset/Epic and CSCR hospital Dataset/Train/notumor/1591.jpg",2,notumor,2,notumor,0.0064153569,0.0057694530,0.9803900719,0.0074250847
5219,"/kaggle/input/datasets/arafat221156011/mri-dataset/Epic and CSCR hospital Dataset/Train/notumor/1598.jpg",2,notumor,2,notumor,0.0063348874,0.0055826968,0.9805587530,0.0075235898
5228,"/kaggle/input/datasets/arafat221156011/mri-dataset/Epic and CSCR hospital Dataset/Train/notumor/1607.jpg",2,notumor,2,notumor,0.0062761381,0.0059532737,0.9802521467,0.0075183786
5236,"/kaggle/input/datasets/arafat221156011/mri-dataset/Epic and CSCR hospital Dataset/Train/notumor/1615.jpg",2,notumor,2,notumor,0.0061180708,0.0057337275,0.9807735682,0.0073746676
5245,"/kaggle/input/datasets/arafat221156011/mri-dataset/Epic and CSCR hospital Dataset/Train/notumor/1624.jpg",2,notumor,2,notumor,0.0059878128,0.0063249036,0.9805918932,0.0070955134
5246,"/kaggle/input/datasets/arafat221156011/mri-dataset/Epic and CSCR hospital Dataset/Train/notumor/1625.jpg",2,notumor,2,notumor,0.0066787163,0.0058301217,0.9803603888,0.0071307332
5261,"/kaggle/input/datasets/arafat221156011/mri-dataset/Epic and CSCR hospital Dataset/Train/notumor/1640.jpg",2,notumor,2,notumor,0.0065951408,0.0056665563,0.9805330038,0.0072052134
5268,"/kaggle/input/datasets/arafat221156011/mri-dataset/Epic and CSCR hospital Dataset/Train/notumor/1647.jpg",2,notumor,2,notumor,0.0064246133,0.0057765753,0.9803600311,0.0074386774
5279,"/kaggle/input/datasets/arafat221156011/mri-dataset/Epic and CSCR hospital Dataset/Train/notumor/1658.jpg",2,notumor,2,notumor,0.0068701804,0.0054387301,0.9802576303,0.0074334582
5280,"/kaggle/input/datasets/arafat221156011/mri-dataset/Epic and CSCR hospital Dataset/Train/notumor/1659.jpg",2,notumor,2,notumor,0.0061578541,0.0057198359,0.9807106853,0.0074116043
5285,"/kaggle/input/datasets/arafat221156011/mri-dataset/Epic and CSCR hospital Dataset/Train/notumor/1664.jpg",2,notumor,2,notumor,0.0063839206,0.0058545489,0.9803994894,0.0073619457
5288,"/kaggle/input/datasets/arafat221156011/mri-dataset/Epic and CSCR hospital Dataset/Train/notumor/1667.jpg",2,notumor,2,notumor,0.0062696040,0.0055962098,0.9806605577,0.0074737146
5289,"/kaggle/input/datasets/arafat221156011/mri-dataset/Epic and CSCR hospital Dataset/Train/notumor/1668.jpg",2,notumor,2,notumor,0.0057733869,0.0057725497,0.9806331396,0.0078210179
5301,"/kaggle/input/datasets/arafat221156011/mri-dataset/Epic and CSCR hospital Dataset/Train/notumor/1680.jpg",2,notumor,2,notumor,0.0058891205,0.0056678816,0.9809341431,0.0075087859
5305,"/kaggle/input/datasets/arafat221156011/mri-dataset/Epic and CSCR hospital Dataset/Train/notumor/1684.jpg",2,notumor,2,notumor,0.0060745673,0.0058077849,0.9803889394,0.0077287788
5306,"/kaggle/input/datasets/arafat221156011/mri-dataset/Epic and CSCR hospital Dataset/Train/notumor/1685.jpg",2,notumor,2,notumor,0.0062030125,0.0058697127,0.9806585312,0.0072686812
5312,"/kaggle/input/datasets/arafat221156011/mri-dataset/Epic and CSCR hospital Dataset/Train/notumor/1691.jpg",2,notumor,2,notumor,0.0063691204,0.0055672554,0.9804036021,0.0076600192
5313,"/kaggle/input/datasets/arafat221156011/mri-dataset/Epic and CSCR hospital Dataset/Train/notumor/1692.jpg",2,notumor,2,notumor,0.0064265132,0.0059534977,0.9806197882,0.0070001716
5338,"/kaggle/input/datasets/arafat221156011/mri-dataset/Epic and CSCR hospital Dataset/Train/notumor/1716.jpg",2,notumor,2,notumor,0.0058461530,0.0058445865,0.9808933139,0.0074158930
5340,"/kaggle/input/datasets/arafat221156011/mri-dataset/Epic and CSCR hospital Dataset/Train/notumor/1718.jpg",2,notumor,2,notumor,0.0065392880,0.0057372944,0.9804919958,0.0072313463
5347,"/kaggle/input/datasets/arafat221156011/mri-dataset/Epic and CSCR hospital Dataset/Train/notumor/1725.jpg",2,notumor,2,notumor,0.0063689412,0.0058082985,0.9804102182,0.0074124807
5353,"/kaggle/input/datasets/arafat221156011/mri-dataset/Epic and CSCR hospital Dataset/Train/notumor/1731.jpg",2,notumor,2,notumor,0.0062590190,0.0056090401,0.9805859327,0.0075459769
5359,"/kaggle/input/datasets/arafat221156011/mri-dataset/Epic and CSCR hospital Dataset/Train/notumor/1737.jpg",2,notumor,2,notumor,0.0067795934,0.0056517930,0.9801683426,0.0074001527
5360,"/kaggle/input/datasets/arafat221156011/mri-dataset/Epic and CSCR hospital Dataset/Train/notumor/1738.jpg",2,notumor,2,notumor,0.0066483775,0.0055679111,0.9802311063,0.0075525558
5365,"/kaggle/input/datasets/arafat221156011/mri-dataset/Epic and CSCR hospital Dataset/Train/notumor/1743.jpg",2,notumor,2,notumor,0.0066737235,0.0054160552,0.9804012179,0.0075089745
5366,"/kaggle/input/datasets/arafat221156011/mri-dataset/Epic and CSCR hospital Dataset/Train/notumor/1744.jpg",2,notumor,2,notumor,0.0068153390,0.0054228404,0.9802591205,0.0075026504
5367,"/kaggle/input/datasets/arafat221156011/mri-dataset/Epic and CSCR hospital Dataset/Train/notumor/1745.jpg",2,notumor,2,notumor,0.0061596287,0.0054460480,0.9802373648,0.0081568807
5376,"/kaggle/input/datasets/arafat221156011/mri-dataset/Epic and CSCR hospital Dataset/Train/notumor/1754.jpg",2,notumor,2,notumor,0.0066643944,0.0058575505,0.9801875949,0.0072905370
5379,"/kaggle/input/datasets/arafat221156011/mri-dataset/Epic and CSCR hospital Dataset/Train/notumor/1757.jpg",2,notumor,2,notumor,0.0058096629,0.0057359366,0.9810264707,0.0074279280
5381,"/kaggle/input/datasets/arafat221156011/mri-dataset/Epic and CSCR hospital Dataset/Train/notumor/1759.jpg",2,notumor,2,notumor,0.0062571489,0.0058655450,0.9804586172,0.0074185980
5388,"/kaggle/input/datasets/arafat221156011/mri-dataset/Epic and CSCR hospital Dataset/Train/notumor/1766.jpg",2,notumor,2,notumor,0.0063449731,0.0060201837,0.9805653691,0.0070694638
5402,"/kaggle/input/datasets/arafat221156011/mri-dataset/Epic and CSCR hospital Dataset/Train/notumor/1780.jpg",2,notumor,2,notumor,0.0062011844,0.0054543167,0.9805955887,0.0077489065
5403,"/kaggle/input/datasets/arafat221156011/mri-dataset/Epic and CSCR hospital Dataset/Train/notumor/1781.jpg",2,notumor,2,notumor,0.0066226861,0.0055562509,0.9802974463,0.0075235935
5408,"/kaggle/input/datasets/arafat221156011/mri-dataset/Epic and CSCR hospital Dataset/Train/notumor/1786.jpg",2,notumor,2,notumor,0.0064112125,0.0056729265,0.9804537892,0.0074620559
5409,"/kaggle/input/datasets/arafat221156011/mri-dataset/Epic and CSCR hospital Dataset/Train/notumor/1787.jpg",2,notumor,2,notumor,0.0063833622,0.0058253165,0.9802680016,0.0075233504
5410,"/kaggle/input/datasets/arafat221156011/mri-dataset/Epic and CSCR hospital Dataset/Train/notumor/1788.jpg",2,notumor,2,notumor,0.0061654327,0.0054293317,0.9804397821,0.0079653850
5413,"/kaggle/input/datasets/arafat221156011/mri-dataset/Epic and CSCR hospital Dataset/Train/notumor/1791.jpg",2,notumor,2,notumor,0.0059473151,0.0060477899,0.9809236526,0.0070812651
5414,"/kaggle/input/datasets/arafat221156011/mri-dataset/Epic and CSCR hospital Dataset/Train/notumor/1792.jpg",2,notumor,2,notumor,0.0063717095,0.0055629322,0.9800618291,0.0080034826
5449,"/kaggle/input/datasets/arafat221156011/mri-dataset/Epic and CSCR hospital Dataset/Train/notumor/1826.jpg",2,notumor,2,notumor,0.0058062659,0.0057944767,0.9810264707,0.0073727891
5459,"/kaggle/input/datasets/arafat221156011/mri-dataset/Epic and CSCR hospital Dataset/Train/notumor/1836.jpg",2,notumor,2,notumor,0.0066010254,0.0056877150,0.9802181125,0.0074930876
5464,"/kaggle/input/datasets/arafat221156011/mri-dataset/Epic and CSCR hospital Dataset/Train/notumor/1841.jpg",2,notumor,2,notumor,0.0069559691,0.0056641502,0.9800454974,0.0073344680
5474,"/kaggle/input/datasets/arafat221156011/mri-dataset/Epic and CSCR hospital Dataset/Train/notumor/1851.jpg",2,notumor,2,notumor,0.0057084179,0.0056722136,0.9806277156,0.0079915589
5476,"/kaggle/input/datasets/arafat221156011/mri-dataset/Epic and CSCR hospital Dataset/Train/notumor/1853.jpg",2,notumor,2,notumor,0.0062601282,0.0055745458,0.9805920720,0.0075732814
5478,"/kaggle/input/datasets/arafat221156011/mri-dataset/Epic and CSCR hospital Dataset/Train/notumor/1855.jpg",2,notumor,2,notumor,0.0065606185,0.0059859627,0.9804126620,0.0070408359
5482,"/kaggle/input/datasets/arafat221156011/mri-dataset/Epic and CSCR hospital Dataset/Train/notumor/1859.jpg",2,notumor,2,notumor,0.0068780864,0.0056185159,0.9802891016,0.0072143348
5488,"/kaggle/input/datasets/arafat221156011/mri-dataset/Epic and CSCR hospital Dataset/Train/notumor/1865.jpg",2,notumor,2,notumor,0.0063688420,0.0057566809,0.9804425240,0.0074320175
5498,"/kaggle/input/datasets/arafat221156011/mri-dataset/Epic and CSCR hospital Dataset/Train/notumor/1875.jpg",2,notumor,2,notumor,0.0066013471,0.0058076633,0.9804471135,0.0071439361
5501,"/kaggle/input/datasets/arafat221156011/mri-dataset/Epic and CSCR hospital Dataset/Train/notumor/1878.jpg",2,notumor,2,notumor,0.0054445118,0.0059449733,0.9801992178,0.0084112901
5505,"/kaggle/input/datasets/arafat221156011/mri-dataset/Epic and CSCR hospital Dataset/Train/notumor/1882.jpg",2,notumor,2,notumor,0.0063627129,0.0058024870,0.9804589152,0.0073758387
5510,"/kaggle/input/datasets/arafat221156011/mri-dataset/Epic and CSCR hospital Dataset/Train/notumor/1923.jpg",2,notumor,2,notumor,0.0063891313,0.0055465931,0.9805680513,0.0074961558
5528,"/kaggle/input/datasets/arafat221156011/mri-dataset/Epic and CSCR hospital Dataset/Train/notumor/5 no.jpg",2,notumor,2,notumor,0.0063559613,0.0058158678,0.9802731276,0.0075550647
5529,"/kaggle/input/datasets/arafat221156011/mri-dataset/Epic and CSCR hospital Dataset/Train/notumor/50 no.jpg",2,notumor,2,notumor,0.0068064942,0.0055499622,0.9801944494,0.0074489983
5533,"/kaggle/input/datasets/arafat221156011/mri-dataset/Epic and CSCR hospital Dataset/Train/notumor/9 no.jpg",2,notumor,2,notumor,0.0059342622,0.0056448206,0.9805833697,0.0078374827
5540,"/kaggle/input/datasets/arafat221156011/mri-dataset/Epic and CSCR hospital Dataset/Train/notumor/N2.JPG",2,notumor,2,notumor,0.0066285962,0.0056722029,0.9804126024,0.0072865910
5543,"/kaggle/input/datasets/arafat221156011/mri-dataset/Epic and CSCR hospital Dataset/Train/notumor/N22.JPG",2,notumor,2,notumor,0.0069565289,0.0055959034,0.9801431894,0.0073044738
5544,"/kaggle/input/datasets/arafat221156011/mri-dataset/Epic and CSCR hospital Dataset/Train/notumor/N26.JPG",2,notumor,2,notumor,0.0065634050,0.0059860433,0.9804331660,0.0070173768
5554,"/kaggle/input/datasets/arafat221156011/mri-dataset/Epic and CSCR hospital Dataset/Train/notumor/N_368_VF_.jpg",2,notumor,2,notumor,0.0067683109,0.0056199273,0.9801856279,0.0074261464
5555,"/kaggle/input/datasets/arafat221156011/mri-dataset/Epic and CSCR hospital Dataset/Train/notumor/N_369.jpg",2,notumor,2,notumor,0.0064904704,0.0053440183,0.9801967740,0.0079687145
5560,"/kaggle/input/datasets/arafat221156011/mri-dataset/Epic and CSCR hospital Dataset/Train/notumor/N_369_SP_.jpg",2,notumor,2,notumor,0.0065768249,0.0054633203,0.9794570804,0.0085026938
5562,"/kaggle/input/datasets/arafat221156011/mri-dataset/Epic and CSCR hospital Dataset/Train/notumor/N_36_BR_.jpg",2,notumor,2,notumor,0.0063998722,0.0059000179,0.9806408882,0.0070592836
5564,"/kaggle/input/datasets/arafat221156011/mri-dataset/Epic and CSCR hospital Dataset/Train/notumor/N_36_HF_.jpg",2,notumor,2,notumor,0.0063455924,0.0058511887,0.9804916382,0.0073115723
5565,"/kaggle/input/datasets/arafat221156011/mri-dataset/Epic and CSCR hospital Dataset/Train/notumor/N_36_RO_.jpg",2,notumor,2,notumor,0.0064470000,0.0056785559,0.9804338217,0.0074405959
5584,"/kaggle/input/datasets/arafat221156011/mri-dataset/Epic and CSCR hospital Dataset/Train/notumor/N_372_HF_.jpg",2,notumor,2,notumor,0.0060457345,0.0055364864,0.9807030559,0.0077147009
5591,"/kaggle/input/datasets/arafat221156011/mri-dataset/Epic and CSCR hospital Dataset/Train/notumor/N_373_HF_.jpg",2,notumor,2,notumor,0.0062650917,0.0056231059,0.9805850983,0.0075266212
5595,"/kaggle/input/datasets/arafat221156011/mri-dataset/Epic and CSCR hospital Dataset/Train/notumor/N_374.jpg",2,notumor,2,notumor,0.0061084060,0.0055898535,0.9803937674,0.0079079093
5603,"/kaggle/input/datasets/arafat221156011/mri-dataset/Epic and CSCR hospital Dataset/Train/notumor/N_375_BR_.jpg",2,notumor,2,notumor,0.0064481422,0.0057065887,0.9804883003,0.0073570581
5613,"/kaggle/input/datasets/arafat221156011/mri-dataset/Epic and CSCR hospital Dataset/Train/notumor/N_376_RO_.jpg",2,notumor,2,notumor,0.0067403368,0.0058007622,0.9803432226,0.0071156444
5615,"/kaggle/input/datasets/arafat221156011/mri-dataset/Epic and CSCR hospital Dataset/Train/notumor/N_376_VF_.jpg",2,notumor,2,notumor,0.0052818516,0.0053941752,0.9775687456,0.0117553333
5618,"/kaggle/input/datasets/arafat221156011/mri-dataset/Epic and CSCR hospital Dataset/Train/notumor/N_377_DA_.jpg",2,notumor,2,notumor,0.0069094440,0.0056678429,0.9802376032,0.0071851322
5619,"/kaggle/input/datasets/arafat221156011/mri-dataset/Epic and CSCR hospital Dataset/Train/notumor/N_377_HF_.jpg",2,notumor,2,notumor,0.0065019913,0.0056720390,0.9801185727,0.0077074557
5621,"/kaggle/input/datasets/arafat221156011/mri-dataset/Epic and CSCR hospital Dataset/Train/notumor/N_377_SP_.jpg",2,notumor,2,notumor,0.0067344955,0.0057251761,0.9796600342,0.0078801932
5628,"/kaggle/input/datasets/arafat221156011/mri-dataset/Epic and CSCR hospital Dataset/Train/notumor/N_378_SP_.jpg",2,notumor,2,notumor,0.0066353222,0.0060638422,0.9800599813,0.0072409483
5631,"/kaggle/input/datasets/arafat221156011/mri-dataset/Epic and CSCR hospital Dataset/Train/notumor/N_379_BR_.jpg",2,notumor,2,notumor,0.0064804787,0.0057568308,0.9805189967,0.0072436379
5640,"/kaggle/input/datasets/arafat221156011/mri-dataset/Epic and CSCR hospital Dataset/Train/notumor/N_37_RO_.jpg",2,notumor,2,notumor,0.0065842448,0.0057754847,0.9803983569,0.0072417990
5646,"/kaggle/input/datasets/arafat221156011/mri-dataset/Epic and CSCR hospital Dataset/Train/notumor/N_380_DA_.jpg",2,notumor,2,notumor,0.0066149770,0.0056006401,0.9803686142,0.0074157827
5653,"/kaggle/input/datasets/arafat221156011/mri-dataset/Epic and CSCR hospital Dataset/Train/notumor/N_381_DA_.jpg",2,notumor,2,notumor,0.0068402574,0.0058887959,0.9801742435,0.0070967125
5654,"/kaggle/input/datasets/arafat221156011/mri-dataset/Epic and CSCR hospital Dataset/Train/notumor/N_381_HF_.jpg",2,notumor,2,notumor,0.0062675937,0.0058567100,0.9808067083,0.0070689819
5656,"/kaggle/input/datasets/arafat221156011/mri-dataset/Epic and CSCR hospital Dataset/Train/notumor/N_381_SP_.jpg",2,notumor,2,notumor,0.0063359356,0.0058431234,0.9805113077,0.0073097297
5658,"/kaggle/input/datasets/arafat221156011/mri-dataset/Epic and CSCR hospital Dataset/Train/notumor/N_382.jpg",2,notumor,2,notumor,0.0062766410,0.0058462182,0.9807986021,0.0070784949
5665,"/kaggle/input/datasets/arafat221156011/mri-dataset/Epic and CSCR hospital Dataset/Train/notumor/N_383.jpg",2,notumor,2,notumor,0.0064640120,0.0060072662,0.9805308580,0.0069978572
5670,"/kaggle/input/datasets/arafat221156011/mri-dataset/Epic and CSCR hospital Dataset/Train/notumor/N_383_SP_.jpg",2,notumor,2,notumor,0.0066594905,0.0059586633,0.9802553058,0.0071265162
5680,"/kaggle/input/datasets/arafat221156011/mri-dataset/Epic and CSCR hospital Dataset/Train/notumor/N_385_BR_.jpg",2,notumor,2,notumor,0.0066038831,0.0058720112,0.9805309176,0.0069931694
5685,"/kaggle/input/datasets/arafat221156011/mri-dataset/Epic and CSCR hospital Dataset/Train/notumor/N_385_VF_.jpg",2,notumor,2,notumor,0.0065302076,0.0056592650,0.9806175232,0.0071930448
5687,"/kaggle/input/datasets/arafat221156011/mri-dataset/Epic and CSCR hospital Dataset/Train/notumor/N_386_BR_.jpg",2,notumor,2,notumor,0.0070861951,0.0061311582,0.9799438715,0.0068388581
5700,"/kaggle/input/datasets/arafat221156011/mri-dataset/Epic and CSCR hospital Dataset/Train/notumor/N_388.jpg",2,notumor,2,notumor,0.0064349920,0.0060487078,0.9805210233,0.0069952547
5706,"/kaggle/input/datasets/arafat221156011/mri-dataset/Epic and CSCR hospital Dataset/Train/notumor/N_388_VF_.jpg",2,notumor,2,notumor,0.0061835060,0.0058502513,0.9806727171,0.0072935694
5712,"/kaggle/input/datasets/arafat221156011/mri-dataset/Epic and CSCR hospital Dataset/Train/notumor/N_389_SP_.jpg",2,notumor,2,notumor,0.0064064376,0.0059411377,0.9805358648,0.0071165347
5717,"/kaggle/input/datasets/arafat221156011/mri-dataset/Epic and CSCR hospital Dataset/Train/notumor/N_38_RO_.jpg",2,notumor,2,notumor,0.0071048811,0.0056139217,0.9800268412,0.0072543421
5718,"/kaggle/input/datasets/arafat221156011/mri-dataset/Epic and CSCR hospital Dataset/Train/notumor/N_38_SP_.jpg",2,notumor,2,notumor,0.0067900131,0.0056885364,0.9797939062,0.0077275275
5723,"/kaggle/input/datasets/arafat221156011/mri-dataset/Epic and CSCR hospital Dataset/Train/notumor/N_390_DA_.jpg",2,notumor,2,notumor,0.0065609626,0.0055346037,0.9803572893,0.0075472621
5727,"/kaggle/input/datasets/arafat221156011/mri-dataset/Epic and CSCR hospital Dataset/Train/notumor/N_390_VF_.jpg",2,notumor,2,notumor,0.0064845220,0.0056436672,0.9803758860,0.0074958913
5728,"/kaggle/input/datasets/arafat221156011/mri-dataset/Epic and CSCR hospital Dataset/Train/notumor/N_391.jpg",2,notumor,2,notumor,0.0067323619,0.0058008293,0.9801322818,0.0073345490
5730,"/kaggle/input/datasets/arafat221156011/mri-dataset/Epic and CSCR hospital Dataset/Train/notumor/N_391_DA_.jpg",2,notumor,2,notumor,0.0066126175,0.0054735010,0.9804353714,0.0074784951
5733,"/kaggle/input/datasets/arafat221156011/mri-dataset/Epic and CSCR hospital Dataset/Train/notumor/N_391_SP_.jpg",2,notumor,2,notumor,0.0068668970,0.0059605883,0.9800235629,0.0071488218
5737,"/kaggle/input/datasets/arafat221156011/mri-dataset/Epic and CSCR hospital Dataset/Train/notumor/N_392_DA_.jpg",2,notumor,2,notumor,0.0068373531,0.0059646792,0.9801760912,0.0070218677
5745,"/kaggle/input/datasets/arafat221156011/mri-dataset/Epic and CSCR hospital Dataset/Train/notumor/N_393_HF_.jpg",2,notumor,2,notumor,0.0064124418,0.0055085784,0.9805452228,0.0075337328
5746,"/kaggle/input/datasets/arafat221156011/mri-dataset/Epic and CSCR hospital Dataset/Train/notumor/N_393_RO_.jpg",2,notumor,2,notumor,0.0064833015,0.0055387821,0.9804871678,0.0074907579
5749,"/kaggle/input/datasets/arafat221156011/mri-dataset/Epic and CSCR hospital Dataset/Train/notumor/N_394.jpg",2,notumor,2,notumor,0.0060007419,0.0063351681,0.9805350304,0.0071290880
5750,"/kaggle/input/datasets/arafat221156011/mri-dataset/Epic and CSCR hospital Dataset/Train/notumor/N_394_BR_.jpg",2,notumor,2,notumor,0.0060850871,0.0061454079,0.9805809855,0.0071884273
5754,"/kaggle/input/datasets/arafat221156011/mri-dataset/Epic and CSCR hospital Dataset/Train/notumor/N_394_SP_.jpg",2,notumor,2,notumor,0.0064588627,0.0058542984,0.9792972803,0.0083895791
5755,"/kaggle/input/datasets/arafat221156011/mri-dataset/Epic and CSCR hospital Dataset/Train/notumor/N_394_VF_.jpg",2,notumor,2,notumor,0.0060751787,0.0061117387,0.9802188873,0.0075943158
5757,"/kaggle/input/datasets/arafat221156011/mri-dataset/Epic and CSCR hospital Dataset/Train/notumor/N_395_BR_.jpg",2,notumor,2,notumor,0.0064123324,0.0059135607,0.9805169106,0.0071571926
5759,"/kaggle/input/datasets/arafat221156011/mri-dataset/Epic and CSCR hospital Dataset/Train/notumor/N_395_HF_.jpg",2,notumor,2,notumor,0.0063772895,0.0058252006,0.9806231260,0.0071743345
5760,"/kaggle/input/datasets/arafat221156011/mri-dataset/Epic and CSCR hospital Dataset/Train/notumor/N_395_RO_.jpg",2,notumor,2,notumor,0.0063913399,0.0059327809,0.9805518985,0.0071239164
5761,"/kaggle/input/datasets/arafat221156011/mri-dataset/Epic and CSCR hospital Dataset/Train/notumor/N_395_SP_.jpg",2,notumor,2,notumor,0.0064219087,0.0058544297,0.9802099466,0.0075136954
5765,"/kaggle/input/datasets/arafat221156011/mri-dataset/Epic and CSCR hospital Dataset/Train/notumor/N_396_DA_.jpg",2,notumor,2,notumor,0.0068135881,0.0058656754,0.9801290631,0.0071916692
5770,"/kaggle/input/datasets/arafat221156011/mri-dataset/Epic and CSCR hospital Dataset/Train/notumor/N_397.jpg",2,notumor,2,notumor,0.0066881864,0.0055481810,0.9802528620,0.0075108344
5774,"/kaggle/input/datasets/arafat221156011/mri-dataset/Epic and CSCR hospital Dataset/Train/notumor/N_397_RO_.jpg",2,notumor,2,notumor,0.0066864220,0.0056097498,0.9801845551,0.0075192326
5780,"/kaggle/input/datasets/arafat221156011/mri-dataset/Epic and CSCR hospital Dataset/Train/notumor/N_398_HF_.jpg",2,notumor,2,notumor,0.0064603994,0.0056715840,0.9804531932,0.0074148262
5802,"/kaggle/input/datasets/arafat221156011/mri-dataset/Epic and CSCR hospital Dataset/Train/notumor/N_3_VF_.jpg",2,notumor,2,notumor,0.0060457122,0.0054928563,0.9801783562,0.0082831448
5805,"/kaggle/input/datasets/arafat221156011/mri-dataset/Epic and CSCR hospital Dataset/Train/notumor/N_400.jpg",2,notumor,2,notumor,0.0062576099,0.0059593986,0.9806658030,0.0071171960
5814,"/kaggle/input/datasets/arafat221156011/mri-dataset/Epic and CSCR hospital Dataset/Train/notumor/N_401_DA_.jpg",2,notumor,2,notumor,0.0066712387,0.0054553049,0.9802354574,0.0076379580
5815,"/kaggle/input/datasets/arafat221156011/mri-dataset/Epic and CSCR hospital Dataset/Train/notumor/N_401_HF_.jpg",2,notumor,2,notumor,0.0063141948,0.0057397345,0.9806459546,0.0073001869
5824,"/kaggle/input/datasets/arafat221156011/mri-dataset/Epic and CSCR hospital Dataset/Train/notumor/N_402_SP_.jpg",2,notumor,2,notumor,0.0066268654,0.0056144325,0.9803067446,0.0074519529
5825,"/kaggle/input/datasets/arafat221156011/mri-dataset/Epic and CSCR hospital Dataset/Train/notumor/N_402_VF_.jpg",2,notumor,2,notumor,0.0066086194,0.0056744339,0.9802677035,0.0074491249
5826,"/kaggle/input/datasets/arafat221156011/mri-dataset/Epic and CSCR hospital Dataset/Train/notumor/N_403.jpg",2,notumor,2,notumor,0.0065092305,0.0059384252,0.9805262685,0.0070260204
5833,"/kaggle/input/datasets/arafat221156011/mri-dataset/Epic and CSCR hospital Dataset/Train/notumor/N_404.jpg",2,notumor,2,notumor,0.0067592589,0.0055744620,0.9802061915,0.0074601225
5834,"/kaggle/input/datasets/arafat221156011/mri-dataset/Epic and CSCR hospital Dataset/Train/notumor/N_404_BR_.jpg",2,notumor,2,notumor,0.0061017661,0.0056811604,0.9806506038,0.0075665591
5836,"/kaggle/input/datasets/arafat221156011/mri-dataset/Epic and CSCR hospital Dataset/Train/notumor/N_404_HF_.jpg",2,notumor,2,notumor,0.0067667598,0.0056507308,0.9801388979,0.0074436353
5839,"/kaggle/input/datasets/arafat221156011/mri-dataset/Epic and CSCR hospital Dataset/Train/notumor/N_404_VF_.jpg",2,notumor,2,notumor,0.0067924648,0.0055891098,0.9801632166,0.0074552717
5850,"/kaggle/input/datasets/arafat221156011/mri-dataset/Epic and CSCR hospital Dataset/Train/notumor/N_406_HF_.jpg",2,notumor,2,notumor,0.0063588135,0.0058178823,0.9804755449,0.0073477374
5853,"/kaggle/input/datasets/arafat221156011/mri-dataset/Epic and CSCR hospital Dataset/Train/notumor/N_406_VF_.jpg",2,notumor,2,notumor,0.0062383581,0.0056719407,0.9805580974,0.0075315470
5860,"/kaggle/input/datasets/arafat221156011/mri-dataset/Epic and CSCR hospital Dataset/Train/notumor/N_407_VF_.jpg",2,notumor,2,notumor,0.0065461965,0.0066678883,0.9799027443,0.0068832161
5862,"/kaggle/input/datasets/arafat221156011/mri-dataset/Epic and CSCR hospital Dataset/Train/notumor/N_408_BR_.jpg",2,notumor,2,notumor,0.0062525817,0.0056526517,0.9807907939,0.0073039331
5870,"/kaggle/input/datasets/arafat221156011/mri-dataset/Epic and CSCR hospital Dataset/Train/notumor/N_409_DA_.jpg",2,notumor,2,notumor,0.0067803315,0.0056641409,0.9801826477,0.0073728412
5888,"/kaggle/input/datasets/arafat221156011/mri-dataset/Epic and CSCR hospital Dataset/Train/notumor/N_410_VF_.jpg",2,notumor,2,notumor,0.0058414573,0.0053542624,0.9801281095,0.0086760977
5889,"/kaggle/input/datasets/arafat221156011/mri-dataset/Epic and CSCR hospital Dataset/Train/notumor/N_411.jpg",2,notumor,2,notumor,0.0054947729,0.0059235627,0.9801373482,0.0084442468
5895,"/kaggle/input/datasets/arafat221156011/mri-dataset/Epic and CSCR hospital Dataset/Train/notumor/N_411_VF_.jpg",2,notumor,2,notumor,0.0055789100,0.0058112033,0.9800214767,0.0085883839
5896,"/kaggle/input/datasets/arafat221156011/mri-dataset/Epic and CSCR hospital Dataset/Train/notumor/N_412.jpg",2,notumor,2,notumor,0.0061128191,0.0056162998,0.9804037213,0.0078671174
5897,"/kaggle/input/datasets/arafat221156011/mri-dataset/Epic and CSCR hospital Dataset/Train/notumor/N_412_BR_.jpg",2,notumor,2,notumor,0.0061957007,0.0057856785,0.9805938005,0.0074248062
5905,"/kaggle/input/datasets/arafat221156011/mri-dataset/Epic and CSCR hospital Dataset/Train/notumor/N_413_DA_.jpg",2,notumor,2,notumor,0.0064665750,0.0055713048,0.9805461168,0.0074160146
5908,"/kaggle/input/datasets/arafat221156011/mri-dataset/Epic and CSCR hospital Dataset/Train/notumor/N_413_SP_.jpg",2,notumor,2,notumor,0.0065551726,0.0059421035,0.9801293612,0.0073733577
5913,"/kaggle/input/datasets/arafat221156011/mri-dataset/Epic and CSCR hospital Dataset/Train/notumor/N_414_HF_.jpg",2,notumor,2,notumor,0.0064395568,0.0059239035,0.9806303978,0.0070061833
5921,"/kaggle/input/datasets/arafat221156011/mri-dataset/Epic and CSCR hospital Dataset/Train/notumor/N_415_RO_.jpg",2,notumor,2,notumor,0.0069437311,0.0055771442,0.9800812006,0.0073980158
5926,"/kaggle/input/datasets/arafat221156011/mri-dataset/Epic and CSCR hospital Dataset/Train/notumor/N_416_DA_.jpg",2,notumor,2,notumor,0.0067165419,0.0054163695,0.9803507924,0.0075162812
5927,"/kaggle/input/datasets/arafat221156011/mri-dataset/Epic and CSCR hospital Dataset/Train/notumor/N_416_HF_.jpg",2,notumor,2,notumor,0.0061284816,0.0053885472,0.9807103872,0.0077725938
5932,"/kaggle/input/datasets/arafat221156011/mri-dataset/Epic and CSCR hospital Dataset/Train/notumor/N_417_BR_.jpg",2,notumor,2,notumor,0.0064656301,0.0060263164,0.9806553125,0.0068527916
5936,"/kaggle/input/datasets/arafat221156011/mri-dataset/Epic and CSCR hospital Dataset/Train/notumor/N_417_SP_.jpg",2,notumor,2,notumor,0.0067139445,0.0059386264,0.9802931547,0.0070541883
5938,"/kaggle/input/datasets/arafat221156011/mri-dataset/Epic and CSCR hospital Dataset/Train/notumor/N_418.jpg",2,notumor,2,notumor,0.0069342903,0.0057422584,0.9801634550,0.0071598962
5939,"/kaggle/input/datasets/arafat221156011/mri-dataset/Epic and CSCR hospital Dataset/Train/notumor/N_418_BR_.jpg",2,notumor,2,notumor,0.0061239023,0.0057526804,0.9808681607,0.0072553055
5942,"/kaggle/input/datasets/arafat221156011/mri-dataset/Epic and CSCR hospital Dataset/Train/notumor/N_418_RO_.jpg",2,notumor,2,notumor,0.0070405779,0.0056397645,0.9800302386,0.0072893859
5944,"/kaggle/input/datasets/arafat221156011/mri-dataset/Epic and CSCR hospital Dataset/Train/notumor/N_418_VF_.jpg",2,notumor,2,notumor,0.0069924966,0.0056445324,0.9800350070,0.0073279319
5946,"/kaggle/input/datasets/arafat221156011/mri-dataset/Epic and CSCR hospital Dataset/Train/notumor/N_419_BR_.jpg",2,notumor,2,notumor,0.0060424553,0.0059024706,0.9809501767,0.0071048089
5960,"/kaggle/input/datasets/arafat221156011/mri-dataset/Epic and CSCR hospital Dataset/Train/notumor/N_420_BR_.jpg",2,notumor,2,notumor,0.0063016592,0.0059139379,0.9807113409,0.0070730485
5965,"/kaggle/input/datasets/arafat221156011/mri-dataset/Epic and CSCR hospital Dataset/Train/notumor/N_420_VF_.jpg",2,notumor,2,notumor,0.0063929297,0.0056342175,0.9803149104,0.0076579242
5968,"/kaggle/input/datasets/arafat221156011/mri-dataset/Epic and CSCR hospital Dataset/Train/notumor/N_421_DA_.jpg",2,notumor,2,notumor,0.0064987554,0.0054729544,0.9805698395,0.0074584112
5972,"/kaggle/input/datasets/arafat221156011/mri-dataset/Epic and CSCR hospital Dataset/Train/notumor/N_421_VF_.jpg",2,notumor,2,notumor,0.0059455163,0.0057518212,0.9807538986,0.0075487010
5975,"/kaggle/input/datasets/arafat221156011/mri-dataset/Epic and CSCR hospital Dataset/Train/notumor/N_422_DA_.jpg",2,notumor,2,notumor,0.0073763775,0.0058216760,0.9796382785,0.0071637491
5981,"/kaggle/input/datasets/arafat221156011/mri-dataset/Epic and CSCR hospital Dataset/Train/notumor/N_423_BR_.jpg",2,notumor,2,notumor,0.0065404363,0.0058468739,0.9805907011,0.0070218802
5987,"/kaggle/input/datasets/arafat221156011/mri-dataset/Epic and CSCR hospital Dataset/Train/notumor/N_424.jpg",2,notumor,2,notumor,0.0062518506,0.0059500346,0.9806895256,0.0071085035
6007,"/kaggle/input/datasets/arafat221156011/mri-dataset/Epic and CSCR hospital Dataset/Train/notumor/N_426_VF_.jpg",2,notumor,2,notumor,0.0147023844,0.0050761076,0.9726446271,0.0075768665
6014,"/kaggle/input/datasets/arafat221156011/mri-dataset/Epic and CSCR hospital Dataset/Train/notumor/N_427_VF_.jpg",2,notumor,2,notumor,0.0060517467,0.0054405490,0.9802387357,0.0082690055
6017,"/kaggle/input/datasets/arafat221156011/mri-dataset/Epic and CSCR hospital Dataset/Train/notumor/N_428_DA_.jpg",2,notumor,2,notumor,0.0064582350,0.0058384119,0.9806033969,0.0070999004
6024,"/kaggle/input/datasets/arafat221156011/mri-dataset/Epic and CSCR hospital Dataset/Train/notumor/N_429_DA_.jpg",2,notumor,2,notumor,0.0063507459,0.0055895005,0.9805743098,0.0074854149
6026,"/kaggle/input/datasets/arafat221156011/mri-dataset/Epic and CSCR hospital Dataset/Train/notumor/N_429_RO_.jpg",2,notumor,2,notumor,0.0060911537,0.0057182685,0.9807590246,0.0074315541
6030,"/kaggle/input/datasets/arafat221156011/mri-dataset/Epic and CSCR hospital Dataset/Train/notumor/N_42_DA_.jpg",2,notumor,2,notumor,0.0068271286,0.0056294454,0.9803156853,0.0072277770
6031,"/kaggle/input/datasets/arafat221156011/mri-dataset/Epic and CSCR hospital Dataset/Train/notumor/N_42_HF_.jpg",2,notumor,2,notumor,0.0070000179,0.0056776782,0.9800138474,0.0073084971
6033,"/kaggle/input/datasets/arafat221156011/mri-dataset/Epic and CSCR hospital Dataset/Train/notumor/N_42_SP_.jpg",2,notumor,2,notumor,0.0067349016,0.0060415920,0.9800008535,0.0072225421
6049,"/kaggle/input/datasets/arafat221156011/mri-dataset/Epic and CSCR hospital Dataset/Train/notumor/N_431_VF_.jpg",2,notumor,2,notumor,0.0064751492,0.0055013737,0.9803292155,0.0076941578
6057,"/kaggle/input/datasets/arafat221156011/mri-dataset/Epic and CSCR hospital Dataset/Train/notumor/N_433.jpg",2,notumor,2,notumor,0.0063371039,0.0057774954,0.9804784656,0.0074068471
6064,"/kaggle/input/datasets/arafat221156011/mri-dataset/Epic and CSCR hospital Dataset/Train/notumor/N_434.jpg",2,notumor,2,notumor,0.0058846851,0.0054901480,0.9792009592,0.0094243102
6066,"/kaggle/input/datasets/arafat221156011/mri-dataset/Epic and CSCR hospital Dataset/Train/notumor/N_434_DA_.jpg",2,notumor,2,notumor,0.0055320133,0.0056712227,0.9796571732,0.0091395630
6076,"/kaggle/input/datasets/arafat221156011/mri-dataset/Epic and CSCR hospital Dataset/Train/notumor/N_435_SP_.jpg",2,notumor,2,notumor,0.0066430061,0.0058411541,0.9800163507,0.0074995467
6078,"/kaggle/input/datasets/arafat221156011/mri-dataset/Epic and CSCR hospital Dataset/Train/notumor/N_436.jpg",2,notumor,2,notumor,0.0066786767,0.0056449738,0.9802360535,0.0074403165
6080,"/kaggle/input/datasets/arafat221156011/mri-dataset/Epic and CSCR hospital Dataset/Train/notumor/N_436_DA_.jpg",2,notumor,2,notumor,0.0074814521,0.0055966144,0.9797566533,0.0071652820
6083,"/kaggle/input/datasets/arafat221156011/mri-dataset/Epic and CSCR hospital Dataset/Train/notumor/N_436_SP_.jpg",2,notumor,2,notumor,0.0067273518,0.0055853496,0.9802686572,0.0074185529
6085,"/kaggle/input/datasets/arafat221156011/mri-dataset/Epic and CSCR hospital Dataset/Train/notumor/N_437.jpg",2,notumor,2,notumor,0.0059195538,0.0057466421,0.9808650017,0.0074687852
6087,"/kaggle/input/datasets/arafat221156011/mri-dataset/Epic and CSCR hospital Dataset/Train/notumor/N_437_DA_.jpg",2,notumor,2,notumor,0.0063597756,0.0055589071,0.9803840518,0.0076972703
6088,"/kaggle/input/datasets/arafat221156011/mri-dataset/Epic and CSCR hospital Dataset/Train/notumor/N_437_HF_.jpg",2,notumor,2,notumor,0.0059642983,0.0057863733,0.9807714224,0.0074779345
6089,"/kaggle/input/datasets/arafat221156011/mri-dataset/Epic and CSCR hospital Dataset/Train/notumor/N_437_RO_.jpg",2,notumor,2,notumor,0.0062408950,0.0057860827,0.9806948900,0.0072781472
6092,"/kaggle/input/datasets/arafat221156011/mri-dataset/Epic and CSCR hospital Dataset/Train/notumor/N_438.jpg",2,notumor,2,notumor,0.0062999525,0.0058984142,0.9802549481,0.0075467266
6098,"/kaggle/input/datasets/arafat221156011/mri-dataset/Epic and CSCR hospital Dataset/Train/notumor/N_438_VF_.jpg",2,notumor,2,notumor,0.0075260280,0.0055298400,0.9794201851,0.0075239735
6100,"/kaggle/input/datasets/arafat221156011/mri-dataset/Epic and CSCR hospital Dataset/Train/notumor/N_43_DA_.jpg",2,notumor,2,notumor,0.0065437332,0.0053891847,0.9805285335,0.0075384816
6103,"/kaggle/input/datasets/arafat221156011/mri-dataset/Epic and CSCR hospital Dataset/Train/notumor/N_43_SP_.jpg",2,notumor,2,notumor,0.0065275803,0.0058774720,0.9801347852,0.0074601560
6104,"/kaggle/input/datasets/arafat221156011/mri-dataset/Epic and CSCR hospital Dataset/Train/notumor/N_43_VF_.jpg",2,notumor,2,notumor,0.0063746148,0.0055881087,0.9803892374,0.0076480359
6121,"/kaggle/input/datasets/arafat221156011/mri-dataset/Epic and CSCR hospital Dataset/Train/notumor/N_46_DA_.jpg",2,notumor,2,notumor,0.0064061759,0.0055707106,0.9807091951,0.0073140152
6126,"/kaggle/input/datasets/arafat221156011/mri-dataset/Epic and CSCR hospital Dataset/Train/notumor/N_47.jpg",2,notumor,2,notumor,0.0059687872,0.0060323882,0.9809496999,0.0070490772
6129,"/kaggle/input/datasets/arafat221156011/mri-dataset/Epic and CSCR hospital Dataset/Train/notumor/N_47_HF_.jpg",2,notumor,2,notumor,0.0059742355,0.0061269095,0.9808789492,0.0070198961
6142,"/kaggle/input/datasets/arafat221156011/mri-dataset/Epic and CSCR hospital Dataset/Train/notumor/N_49_DA_.jpg",2,notumor,2,notumor,0.0068655955,0.0058589936,0.9801813960,0.0070939823
6146,"/kaggle/input/datasets/arafat221156011/mri-dataset/Epic and CSCR hospital Dataset/Train/notumor/N_49_VF_.jpg",2,notumor,2,notumor,0.0062076077,0.0058708182,0.9807213545,0.0072002215
6152,"/kaggle/input/datasets/arafat221156011/mri-dataset/Epic and CSCR hospital Dataset/Train/notumor/N_4_VF_.jpg",2,notumor,2,notumor,0.0046237735,0.0054932958,0.9755714536,0.0143115791
6153,"/kaggle/input/datasets/arafat221156011/mri-dataset/Epic and CSCR hospital Dataset/Train/notumor/N_5.jpg",2,notumor,2,notumor,0.0062613636,0.0057760407,0.9804850817,0.0074774930
6155,"/kaggle/input/datasets/arafat221156011/mri-dataset/Epic and CSCR hospital Dataset/Train/notumor/N_50_BR_.jpg",2,notumor,2,notumor,0.0061603449,0.0059305253,0.9808166623,0.0070925332
6156,"/kaggle/input/datasets/arafat221156011/mri-dataset/Epic and CSCR hospital Dataset/Train/notumor/N_50_DA_.jpg",2,notumor,2,notumor,0.0066083162,0.0057256031,0.9803606272,0.0073055057
6157,"/kaggle/input/datasets/arafat221156011/mri-dataset/Epic and CSCR hospital Dataset/Train/notumor/N_50_HF_.jpg",2,notumor,2,notumor,0.0062816972,0.0060977405,0.9806392789,0.0069813370
6162,"/kaggle/input/datasets/arafat221156011/mri-dataset/Epic and CSCR hospital Dataset/Train/notumor/N_51_BR_.jpg",2,notumor,2,notumor,0.0067253537,0.0057409005,0.9804509878,0.0070827035
6178,"/kaggle/input/datasets/arafat221156011/mri-dataset/Epic and CSCR hospital Dataset/Train/notumor/N_57_HF_.jpg",2,notumor,2,notumor,0.0060321316,0.0055619064,0.9805917740,0.0078142220
6185,"/kaggle/input/datasets/arafat221156011/mri-dataset/Epic and CSCR hospital Dataset/Train/notumor/N_58_HF_.jpg",2,notumor,2,notumor,0.0064232596,0.0054654884,0.9805597067,0.0075515164
6197,"/kaggle/input/datasets/arafat221156011/mri-dataset/Epic and CSCR hospital Dataset/Train/notumor/No22.jpg",2,notumor,2,notumor,0.0068444596,0.0056658550,0.9802789688,0.0072106570
6203,"/kaggle/input/datasets/arafat221156011/mri-dataset/Epic and CSCR hospital Dataset/Train/notumor/Te-no_0071.jpg",2,notumor,2,notumor,0.0070558623,0.0057376055,0.9799615741,0.0072448975
6205,"/kaggle/input/datasets/arafat221156011/mri-dataset/Epic and CSCR hospital Dataset/Train/notumor/Te-no_0073.jpg",2,notumor,2,notumor,0.0061092419,0.0057179118,0.9803847075,0.0077881133
6210,"/kaggle/input/datasets/arafat221156011/mri-dataset/Epic and CSCR hospital Dataset/Train/notumor/Te-no_0078.jpg",2,notumor,2,notumor,0.0064982041,0.0058412277,0.9805980921,0.0070625208
6217,"/kaggle/input/datasets/arafat221156011/mri-dataset/Epic and CSCR hospital Dataset/Train/notumor/Te-no_0085.jpg",2,notumor,2,notumor,0.0068700919,0.0060893209,0.9799878001,0.0070527359
6218,"/kaggle/input/datasets/arafat221156011/mri-dataset/Epic and CSCR hospital Dataset/Train/notumor/Te-no_0086.jpg",2,notumor,2,notumor,0.0064104768,0.0059461831,0.9806495905,0.0069937720
6222,"/kaggle/input/datasets/arafat221156011/mri-dataset/Epic and CSCR hospital Dataset/Train/notumor/Te-no_0090.jpg",2,notumor,2,notumor,0.0063631982,0.0060067275,0.9804899096,0.0071401708
6229,"/kaggle/input/datasets/arafat221156011/mri-dataset/Epic and CSCR hospital Dataset/Train/notumor/Te-no_0097.jpg",2,notumor,2,notumor,0.0060814470,0.0060718530,0.9806033969,0.0072432547
6232,"/kaggle/input/datasets/arafat221156011/mri-dataset/Epic and CSCR hospital Dataset/Train/notumor/Te-no_0120.jpg",2,notumor,2,notumor,0.0064348229,0.0054869140,0.9803699255,0.0077083646
6240,"/kaggle/input/datasets/arafat221156011/mri-dataset/Epic and CSCR hospital Dataset/Train/notumor/Te-no_0128.jpg",2,notumor,2,notumor,0.0069081150,0.0055202111,0.9802832603,0.0072883992
6241,"/kaggle/input/datasets/arafat221156011/mri-dataset/Epic and CSCR hospital Dataset/Train/notumor/Te-no_0129.jpg",2,notumor,2,notumor,0.0067091985,0.0058124401,0.9803630710,0.0071152910
6244,"/kaggle/input/datasets/arafat221156011/mri-dataset/Epic and CSCR hospital Dataset/Train/notumor/Te-no_0132.jpg",2,notumor,2,notumor,0.0062411516,0.0057633310,0.9805126190,0.0074828761
6245,"/kaggle/input/datasets/arafat221156011/mri-dataset/Epic and CSCR hospital Dataset/Train/notumor/Te-no_0133.jpg",2,notumor,2,notumor,0.0063656447,0.0057610427,0.9804369807,0.0074362950
6251,"/kaggle/input/datasets/arafat221156011/mri-dataset/Epic and CSCR hospital Dataset/Train/notumor/Te-no_0139.jpg",2,notumor,2,notumor,0.0065428996,0.0054660444,0.9797514677,0.0082395468
6255,"/kaggle/input/datasets/arafat221156011/mri-dataset/Epic and CSCR hospital Dataset/Train/notumor/Te-no_0143.jpg",2,notumor,2,notumor,0.0064224424,0.0057179881,0.9805076718,0.0073519000
6258,"/kaggle/input/datasets/arafat221156011/mri-dataset/Epic and CSCR hospital Dataset/Train/notumor/Te-no_0146.jpg",2,notumor,2,notumor,0.0065366412,0.0058065844,0.9805041552,0.0071526142
6264,"/kaggle/input/datasets/arafat221156011/mri-dataset/Epic and CSCR hospital Dataset/Train/notumor/Te-no_0152.jpg",2,notumor,2,notumor,0.0062814974,0.0058390754,0.9805610776,0.0073183589
6266,"/kaggle/input/datasets/arafat221156011/mri-dataset/Epic and CSCR hospital Dataset/Train/notumor/Te-no_0154.jpg",2,notumor,2,notumor,0.0059693228,0.0057346327,0.9807769656,0.0075190044
6268,"/kaggle/input/datasets/arafat221156011/mri-dataset/Epic and CSCR hospital Dataset/Train/notumor/Te-no_0156.jpg",2,notumor,2,notumor,0.0061759423,0.0061279731,0.9804196358,0.0072764112
6274,"/kaggle/input/datasets/arafat221156011/mri-dataset/Epic and CSCR hospital Dataset/Train/notumor/Te-no_0162.jpg",2,notumor,2,notumor,0.0065958588,0.0057849837,0.9803937078,0.0072253617
6275,"/kaggle/input/datasets/arafat221156011/mri-dataset/Epic and CSCR hospital Dataset/Train/notumor/Te-no_0163.jpg",2,notumor,2,notumor,0.0061817556,0.0056864461,0.9806450009,0.0074867606
6280,"/kaggle/input/datasets/arafat221156011/mri-dataset/Epic and CSCR hospital Dataset/Train/notumor/Te-no_0168.jpg",2,notumor,2,notumor,0.0063547743,0.0058051129,0.9804774523,0.0073625753
6281,"/kaggle/input/datasets/arafat221156011/mri-dataset/Epic and CSCR hospital Dataset/Train/notumor/Te-no_0169.jpg",2,notumor,2,notumor,0.0062232828,0.0057815495,0.9807215929,0.0072736563
6285,"/kaggle/input/datasets/arafat221156011/mri-dataset/Epic and CSCR hospital Dataset/Train/notumor/Te-no_0173.jpg",2,notumor,2,notumor,0.0068124668,0.0054993890,0.9801996946,0.0074884472
6287,"/kaggle/input/datasets/arafat221156011/mri-dataset/Epic and CSCR hospital Dataset/Train/notumor/Te-no_0175.jpg",2,notumor,2,notumor,0.0064948993,0.0057810335,0.9805117846,0.0072123408
6297,"/kaggle/input/datasets/arafat221156011/mri-dataset/Epic and CSCR hospital Dataset/Train/notumor/Te-no_0185.jpg",2,notumor,2,notumor,0.0061761523,0.0054706866,0.9804046750,0.0079484759
6301,"/kaggle/input/datasets/arafat221156011/mri-dataset/Epic and CSCR hospital Dataset/Train/notumor/Te-no_0189.jpg",2,notumor,2,notumor,0.0066423221,0.0057337387,0.9801955223,0.0074283979
6309,"/kaggle/input/datasets/arafat221156011/mri-dataset/Epic and CSCR hospital Dataset/Train/notumor/Te-no_0197.jpg",2,notumor,2,notumor,0.0064896359,0.0058431206,0.9803653955,0.0073018796
6312,"/kaggle/input/datasets/arafat221156011/mri-dataset/Epic and CSCR hospital Dataset/Train/notumor/Te-no_0200.jpg",2,notumor,2,notumor,0.0069400808,0.0055324966,0.9801883698,0.0073391250
6313,"/kaggle/input/datasets/arafat221156011/mri-dataset/Epic and CSCR hospital Dataset/Train/notumor/Te-no_0201.jpg",2,notumor,2,notumor,0.0064236098,0.0055687516,0.9801157713,0.0078918096
6321,"/kaggle/input/datasets/arafat221156011/mri-dataset/Epic and CSCR hospital Dataset/Train/notumor/Te-no_0209.jpg",2,notumor,2,notumor,0.0063256645,0.0055294503,0.9801115990,0.0080333194
6323,"/kaggle/input/datasets/arafat221156011/mri-dataset/Epic and CSCR hospital Dataset/Train/notumor/Te-no_0211.jpg",2,notumor,2,notumor,0.0058253440,0.0058887727,0.9804790616,0.0078068702
6329,"/kaggle/input/datasets/arafat221156011/mri-dataset/Epic and CSCR hospital Dataset/Train/notumor/Te-no_0217.jpg",2,notumor,2,notumor,0.0063231937,0.0058394382,0.9805401564,0.0072972151
6330,"/kaggle/input/datasets/arafat221156011/mri-dataset/Epic and CSCR hospital Dataset/Train/notumor/Te-no_0218.jpg",2,notumor,2,notumor,0.0063767815,0.0057154135,0.9803534746,0.0075543062
6333,"/kaggle/input/datasets/arafat221156011/mri-dataset/Epic and CSCR hospital Dataset/Train/notumor/Te-no_0221.jpg",2,notumor,2,notumor,0.0061082100,0.0056830575,0.9805412292,0.0076675178
6341,"/kaggle/input/datasets/arafat221156011/mri-dataset/Epic and CSCR hospital Dataset/Train/notumor/Te-no_0229.jpg",2,notumor,2,notumor,0.0065648407,0.0056947791,0.9804872274,0.0072531952
6343,"/kaggle/input/datasets/arafat221156011/mri-dataset/Epic and CSCR hospital Dataset/Train/notumor/Te-no_0231.jpg",2,notumor,2,notumor,0.0062262672,0.0056273891,0.9805604219,0.0075860331
6345,"/kaggle/input/datasets/arafat221156011/mri-dataset/Epic and CSCR hospital Dataset/Train/notumor/Te-no_0233.jpg",2,notumor,2,notumor,0.0062597757,0.0055310945,0.9807263613,0.0074829049
6346,"/kaggle/input/datasets/arafat221156011/mri-dataset/Epic and CSCR hospital Dataset/Train/notumor/Te-no_0234.jpg",2,notumor,2,notumor,0.0062597170,0.0057384102,0.9805196524,0.0074821799
6347,"/kaggle/input/datasets/arafat221156011/mri-dataset/Epic and CSCR hospital Dataset/Train/notumor/Te-no_0235.jpg",2,notumor,2,notumor,0.0059657069,0.0055648405,0.9808512926,0.0076182024
6355,"/kaggle/input/datasets/arafat221156011/mri-dataset/Epic and CSCR hospital Dataset/Train/notumor/Te-no_0243.jpg",2,notumor,2,notumor,0.0060526049,0.0057851216,0.9806402326,0.0075220205
6356,"/kaggle/input/datasets/arafat221156011/mri-dataset/Epic and CSCR hospital Dataset/Train/notumor/Te-no_0244.jpg",2,notumor,2,notumor,0.0062820702,0.0057023359,0.9804437757,0.0075717978
6391,"/kaggle/input/datasets/arafat221156011/mri-dataset/Epic and CSCR hospital Dataset/Train/notumor/Te-no_0279.jpg",2,notumor,2,notumor,0.0065966533,0.0056156921,0.9804158211,0.0073718578
6393,"/kaggle/input/datasets/arafat221156011/mri-dataset/Epic and CSCR hospital Dataset/Train/notumor/Te-no_0281.jpg",2,notumor,2,notumor,0.0065594302,0.0057632588,0.9804297686,0.0072475635
6398,"/kaggle/input/datasets/arafat221156011/mri-dataset/Epic and CSCR hospital Dataset/Train/notumor/Te-no_0286.jpg",2,notumor,2,notumor,0.0064444048,0.0059006410,0.9805960655,0.0070589771
6418,"/kaggle/input/datasets/arafat221156011/mri-dataset/Epic and CSCR hospital Dataset/Train/notumor/Te-no_0306.jpg",2,notumor,2,notumor,0.0063882335,0.0055913338,0.9800187349,0.0080017420
6425,"/kaggle/input/datasets/arafat221156011/mri-dataset/Epic and CSCR hospital Dataset/Train/notumor/Te-no_0313.jpg",2,notumor,2,notumor,0.0066165365,0.0055175526,0.9803368449,0.0075290380
6431,"/kaggle/input/datasets/arafat221156011/mri-dataset/Epic and CSCR hospital Dataset/Train/notumor/Te-no_0360.jpg",2,notumor,2,notumor,0.0065255836,0.0056163613,0.9802724719,0.0075856149
6434,"/kaggle/input/datasets/arafat221156011/mri-dataset/Epic and CSCR hospital Dataset/Train/notumor/Te-no_0363.jpg",2,notumor,2,notumor,0.0060165063,0.0056755659,0.9807564616,0.0075514540
6439,"/kaggle/input/datasets/arafat221156011/mri-dataset/Epic and CSCR hospital Dataset/Train/notumor/Te-no_0368.jpg",2,notumor,2,notumor,0.0065581314,0.0056883385,0.9804583788,0.0072951326
6443,"/kaggle/input/datasets/arafat221156011/mri-dataset/Epic and CSCR hospital Dataset/Train/notumor/Tr-no_0023.jpg",2,notumor,2,notumor,0.0054395297,0.0055450462,0.9792193174,0.0097960951
6449,"/kaggle/input/datasets/arafat221156011/mri-dataset/Epic and CSCR hospital Dataset/Train/notumor/Tr-no_0029.jpg",2,notumor,2,notumor,0.0062208357,0.0058059911,0.9805597067,0.0074133775
6452,"/kaggle/input/datasets/arafat221156011/mri-dataset/Epic and CSCR hospital Dataset/Train/notumor/Tr-no_0055.jpg",2,notumor,2,notumor,0.0062638358,0.0058429884,0.9808174372,0.0070757768
6454,"/kaggle/input/datasets/arafat221156011/mri-dataset/Epic and CSCR hospital Dataset/Train/notumor/Tr-no_0057.jpg",2,notumor,2,notumor,0.0063104266,0.0059415558,0.9806674719,0.0070805205
6458,"/kaggle/input/datasets/arafat221156011/mri-dataset/Epic and CSCR hospital Dataset/Train/notumor/Tr-no_0061.jpg",2,notumor,2,notumor,0.0062202341,0.0058445260,0.9803990126,0.0075362353
6464,"/kaggle/input/datasets/arafat221156011/mri-dataset/Epic and CSCR hospital Dataset/Train/notumor/Tr-no_0067.jpg",2,notumor,2,notumor,0.0061926381,0.0056864549,0.9806834459,0.0074374611
6468,"/kaggle/input/datasets/arafat221156011/mri-dataset/Epic and CSCR hospital Dataset/Train/notumor/Tr-no_0071.jpg",2,notumor,2,notumor,0.0071966602,0.0057833288,0.9800758362,0.0069442317
6472,"/kaggle/input/datasets/arafat221156011/mri-dataset/Epic and CSCR hospital Dataset/Train/notumor/Tr-no_0075.jpg",2,notumor,2,notumor,0.0065829335,0.0055196132,0.9797430038,0.0081544556
6477,"/kaggle/input/datasets/arafat221156011/mri-dataset/Epic and CSCR hospital Dataset/Train/notumor/Tr-no_0080.jpg",2,notumor,2,notumor,0.0063243047,0.0059339716,0.9805415273,0.0072002769
6487,"/kaggle/input/datasets/arafat221156011/mri-dataset/Epic and CSCR hospital Dataset/Train/notumor/Tr-no_0090.jpg",2,notumor,2,notumor,0.0066826828,0.0056994269,0.9802732468,0.0073446655
6493,"/kaggle/input/datasets/arafat221156011/mri-dataset/Epic and CSCR hospital Dataset/Train/notumor/Tr-no_0096.jpg",2,notumor,2,notumor,0.0061050830,0.0059955344,0.9807831049,0.0071163415
6501,"/kaggle/input/datasets/arafat221156011/mri-dataset/Epic and CSCR hospital Dataset/Train/notumor/Tr-no_0105.jpg",2,notumor,2,notumor,0.0067847497,0.0056231571,0.9799525142,0.0076395385
6503,"/kaggle/input/datasets/arafat221156011/mri-dataset/Epic and CSCR hospital Dataset/Train/notumor/Tr-no_0107.jpg",2,notumor,2,notumor,0.0080707278,0.0058337781,0.9791005850,0.0069949157
6504,"/kaggle/input/datasets/arafat221156011/mri-dataset/Epic and CSCR hospital Dataset/Train/notumor/Tr-no_0108.jpg",2,notumor,2,notumor,0.0061628004,0.0059734248,0.9798146486,0.0080491258
6506,"/kaggle/input/datasets/arafat221156011/mri-dataset/Epic and CSCR hospital Dataset/Train/notumor/Tr-no_0110.jpg",2,notumor,2,notumor,0.0066802986,0.0058645234,0.9802087545,0.0072463974
6507,"/kaggle/input/datasets/arafat221156011/mri-dataset/Epic and CSCR hospital Dataset/Train/notumor/Tr-no_0111.jpg",2,notumor,2,notumor,0.0066306689,0.0055398368,0.9802041054,0.0076254248
6510,"/kaggle/input/datasets/arafat221156011/mri-dataset/Epic and CSCR hospital Dataset/Train/notumor/Tr-no_0114.jpg",2,notumor,2,notumor,0.0066814115,0.0058123469,0.9803909063,0.0071152910
6517,"/kaggle/input/datasets/arafat221156011/mri-dataset/Epic and CSCR hospital Dataset/Train/notumor/Tr-no_0121.jpg",2,notumor,2,notumor,0.0073389886,0.0056626536,0.9795414209,0.0074568940
6518,"/kaggle/input/datasets/arafat221156011/mri-dataset/Epic and CSCR hospital Dataset/Train/notumor/Tr-no_0122.jpg",2,notumor,2,notumor,0.0071399682,0.0058122845,0.9799030423,0.0071447529
6519,"/kaggle/input/datasets/arafat221156011/mri-dataset/Epic and CSCR hospital Dataset/Train/notumor/Tr-no_0123.jpg",2,notumor,2,notumor,0.0067829378,0.0059364843,0.9798775911,0.0074030580
6523,"/kaggle/input/datasets/arafat221156011/mri-dataset/Epic and CSCR hospital Dataset/Train/notumor/Tr-no_0127.jpg",2,notumor,2,notumor,0.0071282191,0.0057428638,0.9794600606,0.0076688430
6530,"/kaggle/input/datasets/arafat221156011/mri-dataset/Epic and CSCR hospital Dataset/Train/notumor/Tr-no_0134.jpg",2,notumor,2,notumor,0.0075272419,0.0058689630,0.9795660973,0.0070377127
6538,"/kaggle/input/datasets/arafat221156011/mri-dataset/Epic and CSCR hospital Dataset/Train/notumor/Tr-no_0142.jpg",2,notumor,2,notumor,0.0068135238,0.0054354020,0.9802315831,0.0075194873
6549,"/kaggle/input/datasets/arafat221156011/mri-dataset/Epic and CSCR hospital Dataset/Train/notumor/Tr-no_0153.jpg",2,notumor,2,notumor,0.0061252611,0.0055783489,0.9805146456,0.0077816816
6558,"/kaggle/input/datasets/arafat221156011/mri-dataset/Epic and CSCR hospital Dataset/Train/notumor/Tr-no_0162.jpg",2,notumor,2,notumor,0.0064856196,0.0057432782,0.9804289937,0.0073420899
6561,"/kaggle/input/datasets/arafat221156011/mri-dataset/Epic and CSCR hospital Dataset/Train/notumor/Tr-no_0165.jpg",2,notumor,2,notumor,0.0063512237,0.0058656977,0.9803478122,0.0074352920
6564,"/kaggle/input/datasets/arafat221156011/mri-dataset/Epic and CSCR hospital Dataset/Train/notumor/Tr-no_0168.jpg",2,notumor,2,notumor,0.0063297725,0.0061124442,0.9806297421,0.0069280425
6586,"/kaggle/input/datasets/arafat221156011/mri-dataset/Epic and CSCR hospital Dataset/Train/notumor/Tr-no_0190.jpg",2,notumor,2,notumor,0.0061921580,0.0056518177,0.9807242155,0.0074317763
6588,"/kaggle/input/datasets/arafat221156011/mri-dataset/Epic and CSCR hospital Dataset/Train/notumor/Tr-no_0192.jpg",2,notumor,2,notumor,0.0061876639,0.0059606098,0.9804061651,0.0074454756
6589,"/kaggle/input/datasets/arafat221156011/mri-dataset/Epic and CSCR hospital Dataset/Train/notumor/Tr-no_0193.jpg",2,notumor,2,notumor,0.0067300075,0.0054561542,0.9797365069,0.0080772517
6590,"/kaggle/input/datasets/arafat221156011/mri-dataset/Epic and CSCR hospital Dataset/Train/notumor/Tr-no_0194.jpg",2,notumor,2,notumor,0.0057138866,0.0053911493,0.9796729088,0.0092220567
6591,"/kaggle/input/datasets/arafat221156011/mri-dataset/Epic and CSCR hospital Dataset/Train/notumor/Tr-no_0195.jpg",2,notumor,2,notumor,0.0066499403,0.0056496365,0.9802972078,0.0074032894
6594,"/kaggle/input/datasets/arafat221156011/mri-dataset/Epic and CSCR hospital Dataset/Train/notumor/Tr-no_0198.jpg",2,notumor,2,notumor,0.0064159557,0.0046587316,0.9763515592,0.0125737982
6611,"/kaggle/input/datasets/arafat221156011/mri-dataset/Epic and CSCR hospital Dataset/Train/notumor/Tr-no_0215.jpg",2,notumor,2,notumor,0.0062892125,0.0059349635,0.9806908369,0.0070848959
6615,"/kaggle/input/datasets/arafat221156011/mri-dataset/Epic and CSCR hospital Dataset/Train/notumor/Tr-no_0219.jpg",2,notumor,2,notumor,0.0066934898,0.0053711636,0.9798556566,0.0080797840
6632,"/kaggle/input/datasets/arafat221156011/mri-dataset/Epic and CSCR hospital Dataset/Train/notumor/Tr-no_0236.jpg",2,notumor,2,notumor,0.0054963701,0.0061881533,0.9807600975,0.0075553916
6633,"/kaggle/input/datasets/arafat221156011/mri-dataset/Epic and CSCR hospital Dataset/Train/notumor/Tr-no_0237.jpg",2,notumor,2,notumor,0.0065618567,0.0057900175,0.9803199768,0.0073280958
6644,"/kaggle/input/datasets/arafat221156011/mri-dataset/Epic and CSCR hospital Dataset/Train/notumor/Tr-no_0248.jpg",2,notumor,2,notumor,0.0063822744,0.0059764381,0.9805890918,0.0070521357
6650,"/kaggle/input/datasets/arafat221156011/mri-dataset/Epic and CSCR hospital Dataset/Train/notumor/Tr-no_0254.jpg",2,notumor,2,notumor,0.0076209540,0.0059536234,0.9794918895,0.0069334963
6654,"/kaggle/input/datasets/arafat221156011/mri-dataset/Epic and CSCR hospital Dataset/Train/notumor/Tr-no_0258.jpg",2,notumor,2,notumor,0.0065938430,0.0057610441,0.9802483320,0.0073967078
6656,"/kaggle/input/datasets/arafat221156011/mri-dataset/Epic and CSCR hospital Dataset/Train/notumor/Tr-no_0260.jpg",2,notumor,2,notumor,0.0065898607,0.0055633020,0.9803345799,0.0075123222
6660,"/kaggle/input/datasets/arafat221156011/mri-dataset/Epic and CSCR hospital Dataset/Train/notumor/Tr-no_0264.jpg",2,notumor,2,notumor,0.0064167930,0.0057696872,0.9801197052,0.0076938188
6667,"/kaggle/input/datasets/arafat221156011/mri-dataset/Epic and CSCR hospital Dataset/Train/notumor/Tr-no_0271.jpg",2,notumor,2,notumor,0.0066133649,0.0055575287,0.9800850749,0.0077440254
6670,"/kaggle/input/datasets/arafat221156011/mri-dataset/Epic and CSCR hospital Dataset/Train/notumor/Tr-no_0274.jpg",2,notumor,2,notumor,0.0065478524,0.0058364966,0.9801204801,0.0074952347
6677,"/kaggle/input/datasets/arafat221156011/mri-dataset/Epic and CSCR hospital Dataset/Train/notumor/Tr-no_0281.jpg",2,notumor,2,notumor,0.0063284291,0.0056546624,0.9805642962,0.0074526654
6683,"/kaggle/input/datasets/arafat221156011/mri-dataset/Epic and CSCR hospital Dataset/Train/notumor/Tr-no_0287.jpg",2,notumor,2,notumor,0.0064079911,0.0059790267,0.9805148840,0.0070980722
6685,"/kaggle/input/datasets/arafat221156011/mri-dataset/Epic and CSCR hospital Dataset/Train/notumor/Tr-no_0289.jpg",2,notumor,2,notumor,0.0066926465,0.0055785263,0.9802344441,0.0074944110
6690,"/kaggle/input/datasets/arafat221156011/mri-dataset/Epic and CSCR hospital Dataset/Train/notumor/Tr-no_0294.jpg",2,notumor,2,notumor,0.0060964376,0.0056125186,0.9805762172,0.0077148611
6691,"/kaggle/input/datasets/arafat221156011/mri-dataset/Epic and CSCR hospital Dataset/Train/notumor/Tr-no_0295.jpg",2,notumor,2,notumor,0.0059226635,0.0053521888,0.9793634415,0.0093616806
6693,"/kaggle/input/datasets/arafat221156011/mri-dataset/Epic and CSCR hospital Dataset/Train/notumor/Tr-no_0297.jpg",2,notumor,2,notumor,0.0076020667,0.0052188509,0.9785680771,0.0086110299
6698,"/kaggle/input/datasets/arafat221156011/mri-dataset/Epic and CSCR hospital Dataset/Train/notumor/Tr-no_0302.jpg",2,notumor,2,notumor,0.0063349879,0.0059014936,0.9804981947,0.0072652870
6700,"/kaggle/input/datasets/arafat221156011/mri-dataset/Epic and CSCR hospital Dataset/Train/notumor/Tr-no_0304.jpg",2,notumor,2,notumor,0.0061691054,0.0059723919,0.9804394841,0.0074190176
6701,"/kaggle/input/datasets/arafat221156011/mri-dataset/Epic and CSCR hospital Dataset/Train/notumor/Tr-no_0305.jpg",2,notumor,2,notumor,0.0066631124,0.0058245524,0.9799820781,0.0075302720
6708,"/kaggle/input/datasets/arafat221156011/mri-dataset/Epic and CSCR hospital Dataset/Train/notumor/Tr-no_0317.jpg",2,notumor,2,notumor,0.0061192946,0.0058366288,0.9808748364,0.0071692369
6712,"/kaggle/input/datasets/arafat221156011/mri-dataset/Epic and CSCR hospital Dataset/Train/notumor/Tr-no_0321.jpg",2,notumor,2,notumor,0.0056156884,0.0054442207,0.9799335599,0.0090065170
6720,"/kaggle/input/datasets/arafat221156011/mri-dataset/Epic and CSCR hospital Dataset/Train/notumor/Tr-no_0329.jpg",2,notumor,2,notumor,0.0068418025,0.0057253307,0.9800657034,0.0073671429
6726,"/kaggle/input/datasets/arafat221156011/mri-dataset/Epic and CSCR hospital Dataset/Train/notumor/Tr-no_0335.jpg",2,notumor,2,notumor,0.0062491484,0.0055197794,0.9806521535,0.0075789616
6730,"/kaggle/input/datasets/arafat221156011/mri-dataset/Epic and CSCR hospital Dataset/Train/notumor/Tr-no_0339.jpg",2,notumor,2,notumor,0.0061496627,0.0056160348,0.9803819656,0.0078523066
6737,"/kaggle/input/datasets/arafat221156011/mri-dataset/Epic and CSCR hospital Dataset/Train/notumor/Tr-no_0346.jpg",2,notumor,2,notumor,0.0059991912,0.0056190407,0.9804307818,0.0079510612
6747,"/kaggle/input/datasets/arafat221156011/mri-dataset/Epic and CSCR hospital Dataset/Train/notumor/Tr-no_0356.jpg",2,notumor,2,notumor,0.0066482993,0.0059409020,0.9803659320,0.0070448508
6752,"/kaggle/input/datasets/arafat221156011/mri-dataset/Epic and CSCR hospital Dataset/Train/notumor/Tr-no_0361.jpg",2,notumor,2,notumor,0.0072367056,0.0067636939,0.9792847633,0.0067148777
6754,"/kaggle/input/datasets/arafat221156011/mri-dataset/Epic and CSCR hospital Dataset/Train/notumor/Tr-no_0363.jpg",2,notumor,2,notumor,0.0058918088,0.0054926695,0.9800260663,0.0085894447
6756,"/kaggle/input/datasets/arafat221156011/mri-dataset/Epic and CSCR hospital Dataset/Train/notumor/Tr-no_0365.jpg",2,notumor,2,notumor,0.0067930194,0.0057396735,0.9800589681,0.0074082837
6757,"/kaggle/input/datasets/arafat221156011/mri-dataset/Epic and CSCR hospital Dataset/Train/notumor/Tr-no_0366.jpg",2,notumor,2,notumor,0.0061002513,0.0061046365,0.9806036949,0.0071914927
6762,"/kaggle/input/datasets/arafat221156011/mri-dataset/Epic and CSCR hospital Dataset/Train/notumor/Tr-no_0371.jpg",2,notumor,2,notumor,0.0069297226,0.0057123816,0.9800672531,0.0072905226
6765,"/kaggle/input/datasets/arafat221156011/mri-dataset/Epic and CSCR hospital Dataset/Train/notumor/Tr-no_0374.jpg",2,notumor,2,notumor,0.0070769712,0.0058959252,0.9798954725,0.0071315817
6766,"/kaggle/input/datasets/arafat221156011/mri-dataset/Epic and CSCR hospital Dataset/Train/notumor/Tr-no_0375.jpg",2,notumor,2,notumor,0.0067443224,0.0054107867,0.9798930883,0.0079517458
6769,"/kaggle/input/datasets/arafat221156011/mri-dataset/Epic and CSCR hospital Dataset/Train/notumor/Tr-no_0378.jpg",2,notumor,2,notumor,0.0063302619,0.0053367177,0.9792267084,0.0091063194
6777,"/kaggle/input/datasets/arafat221156011/mri-dataset/Epic and CSCR hospital Dataset/Train/notumor/Tr-no_0386.jpg",2,notumor,2,notumor,0.0069450201,0.0057338420,0.9799060822,0.0074150311
6786,"/kaggle/input/datasets/arafat221156011/mri-dataset/Epic and CSCR hospital Dataset/Train/notumor/Tr-no_0395.jpg",2,notumor,2,notumor,0.0063701719,0.0059198635,0.9804406166,0.0072692633
6787,"/kaggle/input/datasets/arafat221156011/mri-dataset/Epic and CSCR hospital Dataset/Train/notumor/Tr-no_0396.jpg",2,notumor,2,notumor,0.0065057762,0.0057021859,0.9805391431,0.0072528594
6788,"/kaggle/input/datasets/arafat221156011/mri-dataset/Epic and CSCR hospital Dataset/Train/notumor/Tr-no_0397.jpg",2,notumor,2,notumor,0.0060603665,0.0058958810,0.9806340337,0.0074098343
6798,"/kaggle/input/datasets/arafat221156011/mri-dataset/Epic and CSCR hospital Dataset/Train/notumor/Tr-no_0407.jpg",2,notumor,2,notumor,0.0061375834,0.0056024813,0.9804869890,0.0077730184
6799,"/kaggle/input/datasets/arafat221156011/mri-dataset/Epic and CSCR hospital Dataset/Train/notumor/Tr-no_0408.jpg",2,notumor,2,notumor,0.0065443008,0.0055970373,0.9803481102,0.0075105005
6804,"/kaggle/input/datasets/arafat221156011/mri-dataset/Epic and CSCR hospital Dataset/Train/notumor/Tr-no_0413.jpg",2,notumor,2,notumor,0.0063322643,0.0054528587,0.9802507162,0.0079641622
6809,"/kaggle/input/datasets/arafat221156011/mri-dataset/Epic and CSCR hospital Dataset/Train/notumor/Tr-no_0418.jpg",2,notumor,2,notumor,0.0062354016,0.0056654862,0.9805595279,0.0075395806
6816,"/kaggle/input/datasets/arafat221156011/mri-dataset/Epic and CSCR hospital Dataset/Train/notumor/Tr-no_0425.jpg",2,notumor,2,notumor,0.0063486905,0.0054882984,0.9801183939,0.0080446601
6820,"/kaggle/input/datasets/arafat221156011/mri-dataset/Epic and CSCR hospital Dataset/Train/notumor/Tr-no_0429.jpg",2,notumor,2,notumor,0.0058648922,0.0056435456,0.9806180000,0.0078735454
6822,"/kaggle/input/datasets/arafat221156011/mri-dataset/Epic and CSCR hospital Dataset/Train/notumor/Tr-no_0431.jpg",2,notumor,2,notumor,0.0061183339,0.0054418202,0.9805038571,0.0079360185
6825,"/kaggle/input/datasets/arafat221156011/mri-dataset/Epic and CSCR hospital Dataset/Train/notumor/Tr-no_0434.jpg",2,notumor,2,notumor,0.0066610486,0.0056490651,0.9802873731,0.0074025132
6827,"/kaggle/input/datasets/arafat221156011/mri-dataset/Epic and CSCR hospital Dataset/Train/notumor/Tr-no_0436.jpg",2,notumor,2,notumor,0.0061436361,0.0057611708,0.9805156589,0.0075794859
6829,"/kaggle/input/datasets/arafat221156011/mri-dataset/Epic and CSCR hospital Dataset/Train/notumor/Tr-no_0438.jpg",2,notumor,2,notumor,0.0062077544,0.0056548468,0.9806085825,0.0075289523
6831,"/kaggle/input/datasets/arafat221156011/mri-dataset/Epic and CSCR hospital Dataset/Train/notumor/Tr-no_0440.jpg",2,notumor,2,notumor,0.0058884462,0.0060259951,0.9806755185,0.0074100508
6836,"/kaggle/input/datasets/arafat221156011/mri-dataset/Epic and CSCR hospital Dataset/Train/notumor/Tr-no_0445.jpg",2,notumor,2,notumor,0.0059997695,0.0055932915,0.9809266925,0.0074802591
6838,"/kaggle/input/datasets/arafat221156011/mri-dataset/Epic and CSCR hospital Dataset/Train/notumor/Tr-no_0447.jpg",2,notumor,2,notumor,0.0061352206,0.0062368088,0.9803249240,0.0073030414
6845,"/kaggle/input/datasets/arafat221156011/mri-dataset/Epic and CSCR hospital Dataset/Train/notumor/Tr-no_0454.jpg",2,notumor,2,notumor,0.0064471858,0.0056859949,0.9805264473,0.0073403185
6847,"/kaggle/input/datasets/arafat221156011/mri-dataset/Epic and CSCR hospital Dataset/Train/notumor/Tr-no_0456.jpg",2,notumor,2,notumor,0.0065273396,0.0055820383,0.9801667929,0.0077237762
6848,"/kaggle/input/datasets/arafat221156011/mri-dataset/Epic and CSCR hospital Dataset/Train/notumor/Tr-no_0457.jpg",2,notumor,2,notumor,0.0065291002,0.0057044956,0.9805086255,0.0072577470
6857,"/kaggle/input/datasets/arafat221156011/mri-dataset/Epic and CSCR hospital Dataset/Train/notumor/Tr-no_0466.jpg",2,notumor,2,notumor,0.0064988164,0.0057725166,0.9806020856,0.0071265316
6863,"/kaggle/input/datasets/arafat221156011/mri-dataset/Epic and CSCR hospital Dataset/Train/notumor/Tr-no_0472.jpg",2,notumor,2,notumor,0.0065997867,0.0058382163,0.9803240895,0.0072378842
6864,"/kaggle/input/datasets/arafat221156011/mri-dataset/Epic and CSCR hospital Dataset/Train/notumor/Tr-no_0473.jpg",2,notumor,2,notumor,0.0064166067,0.0056721391,0.9806509018,0.0072603263
6871,"/kaggle/input/datasets/arafat221156011/mri-dataset/Epic and CSCR hospital Dataset/Train/notumor/Tr-no_0480.jpg",2,notumor,2,notumor,0.0061406107,0.0057377652,0.9804729223,0.0076486855
6873,"/kaggle/input/datasets/arafat221156011/mri-dataset/Epic and CSCR hospital Dataset/Train/notumor/Tr-no_0482.jpg",2,notumor,2,notumor,0.0064591118,0.0056029842,0.9800097346,0.0079281805
6877,"/kaggle/input/datasets/arafat221156011/mri-dataset/Epic and CSCR hospital Dataset/Train/notumor/Tr-no_0486.jpg",2,notumor,2,notumor,0.0065949969,0.0059642834,0.9802831411,0.0071574757
6884,"/kaggle/input/datasets/arafat221156011/mri-dataset/Epic and CSCR hospital Dataset/Train/notumor/Tr-no_0493.jpg",2,notumor,2,notumor,0.0062162713,0.0056804959,0.9805032015,0.0076001100
6886,"/kaggle/input/datasets/arafat221156011/mri-dataset/Epic and CSCR hospital Dataset/Train/notumor/Tr-no_0495.jpg",2,notumor,2,notumor,0.0065703625,0.0061366251,0.9803503752,0.0069426210
6887,"/kaggle/input/datasets/arafat221156011/mri-dataset/Epic and CSCR hospital Dataset/Train/notumor/Tr-no_0496.jpg",2,notumor,2,notumor,0.0064188568,0.0056729866,0.9804173708,0.0074908584
6891,"/kaggle/input/datasets/arafat221156011/mri-dataset/Epic and CSCR hospital Dataset/Train/notumor/Tr-no_0505.jpg",2,notumor,2,notumor,0.0062535359,0.0058437129,0.9807227850,0.0071799308
6901,"/kaggle/input/datasets/arafat221156011/mri-dataset/Epic and CSCR hospital Dataset/Train/notumor/Tr-no_0515.jpg",2,notumor,2,notumor,0.0068471604,0.0055695390,0.9800226092,0.0075605735
6908,"/kaggle/input/datasets/arafat221156011/mri-dataset/Epic and CSCR hospital Dataset/Train/notumor/Tr-no_0522.jpg",2,notumor,2,notumor,0.0068286359,0.0057055196,0.9800316095,0.0074342340
6909,"/kaggle/input/datasets/arafat221156011/mri-dataset/Epic and CSCR hospital Dataset/Train/notumor/Tr-no_0523.jpg",2,notumor,2,notumor,0.0069713527,0.0055556884,0.9801335335,0.0073394189
6911,"/kaggle/input/datasets/arafat221156011/mri-dataset/Epic and CSCR hospital Dataset/Train/notumor/Tr-no_0525.jpg",2,notumor,2,notumor,0.0061313557,0.0053891330,0.9802816510,0.0081978897
6912,"/kaggle/input/datasets/arafat221156011/mri-dataset/Epic and CSCR hospital Dataset/Train/notumor/Tr-no_0526.jpg",2,notumor,2,notumor,0.0062761405,0.0057723662,0.9804645777,0.0074869408
6924,"/kaggle/input/datasets/arafat221156011/mri-dataset/Epic and CSCR hospital Dataset/Train/notumor/Tr-no_0538.jpg",2,notumor,2,notumor,0.0064471485,0.0058259862,0.9801270366,0.0075998693
6930,"/kaggle/input/datasets/arafat221156011/mri-dataset/Epic and CSCR hospital Dataset/Train/notumor/Tr-no_0544.jpg",2,notumor,2,notumor,0.0060192407,0.0056276270,0.9806873202,0.0076657250
6931,"/kaggle/input/datasets/arafat221156011/mri-dataset/Epic and CSCR hospital Dataset/Train/notumor/Tr-no_0545.jpg",2,notumor,2,notumor,0.0061145704,0.0055159135,0.9806196094,0.0077499263
6938,"/kaggle/input/datasets/arafat221156011/mri-dataset/Epic and CSCR hospital Dataset/Train/notumor/Tr-no_0552.jpg",2,notumor,2,notumor,0.0060532009,0.0057557658,0.9805610776,0.0076300479
6942,"/kaggle/input/datasets/arafat221156011/mri-dataset/Epic and CSCR hospital Dataset/Train/notumor/Tr-no_0556.jpg",2,notumor,2,notumor,0.0062131360,0.0054252655,0.9803751707,0.0079864282
6947,"/kaggle/input/datasets/arafat221156011/mri-dataset/Epic and CSCR hospital Dataset/Train/notumor/Tr-no_0561.jpg",2,notumor,2,notumor,0.0060267220,0.0058660544,0.9807088971,0.0073982789
6952,"/kaggle/input/datasets/arafat221156011/mri-dataset/Epic and CSCR hospital Dataset/Train/notumor/Tr-no_0566.jpg",2,notumor,2,notumor,0.0057190866,0.0057118782,0.9805744886,0.0079945968
6957,"/kaggle/input/datasets/arafat221156011/mri-dataset/Epic and CSCR hospital Dataset/Train/notumor/Tr-no_0571.jpg",2,notumor,2,notumor,0.0062505864,0.0055249296,0.9805029631,0.0077214716
6961,"/kaggle/input/datasets/arafat221156011/mri-dataset/Epic and CSCR hospital Dataset/Train/notumor/Tr-no_0575.jpg",2,notumor,2,notumor,0.0062453104,0.0058797393,0.9805776477,0.0072971694
6966,"/kaggle/input/datasets/arafat221156011/mri-dataset/Epic and CSCR hospital Dataset/Train/notumor/Tr-no_0580.jpg",2,notumor,2,notumor,0.0059285024,0.0057473956,0.9808228612,0.0075013065
6970,"/kaggle/input/datasets/arafat221156011/mri-dataset/Epic and CSCR hospital Dataset/Train/notumor/Tr-no_0584.jpg",2,notumor,2,notumor,0.0067123612,0.0057874853,0.9802291989,0.0072710179
6975,"/kaggle/input/datasets/arafat221156011/mri-dataset/Epic and CSCR hospital Dataset/Train/notumor/Tr-no_0589.jpg",2,notumor,2,notumor,0.0067026704,0.0058052386,0.9802724719,0.0072196359
6976,"/kaggle/input/datasets/arafat221156011/mri-dataset/Epic and CSCR hospital Dataset/Train/notumor/Tr-no_0590.jpg",2,notumor,2,notumor,0.0067076758,0.0058819596,0.9803488851,0.0070614866
6990,"/kaggle/input/datasets/arafat221156011/mri-dataset/Epic and CSCR hospital Dataset/Train/notumor/Tr-no_0604.jpg",2,notumor,2,notumor,0.0062883198,0.0056971787,0.9804561734,0.0075583421
6991,"/kaggle/input/datasets/arafat221156011/mri-dataset/Epic and CSCR hospital Dataset/Train/notumor/Tr-no_0605.jpg",2,notumor,2,notumor,0.0062868125,0.0056513930,0.9803892374,0.0076726777
6996,"/kaggle/input/datasets/arafat221156011/mri-dataset/Epic and CSCR hospital Dataset/Train/notumor/Tr-no_0610.jpg",2,notumor,2,notumor,0.0065847635,0.0058070845,0.9802881479,0.0073199854
7000,"/kaggle/input/datasets/arafat221156011/mri-dataset/Epic and CSCR hospital Dataset/Train/notumor/Tr-no_0614.jpg",2,notumor,2,notumor,0.0059830723,0.0060053528,0.9805573225,0.0074543445
7004,"/kaggle/input/datasets/arafat221156011/mri-dataset/Epic and CSCR hospital Dataset/Train/notumor/Tr-no_0618.jpg",2,notumor,2,notumor,0.0060624201,0.0057739890,0.9806257486,0.0075378902
7012,"/kaggle/input/datasets/arafat221156011/mri-dataset/Epic and CSCR hospital Dataset/Train/notumor/Tr-no_0626.jpg",2,notumor,2,notumor,0.0063296733,0.0057095215,0.9807632565,0.0071975836
7021,"/kaggle/input/datasets/arafat221156011/mri-dataset/Epic and CSCR hospital Dataset/Train/notumor/Tr-no_0635.jpg",2,notumor,2,notumor,0.0064355684,0.0058030267,0.9805667996,0.0071945922
7026,"/kaggle/input/datasets/arafat221156011/mri-dataset/Epic and CSCR hospital Dataset/Train/notumor/Tr-no_0640.jpg",2,notumor,2,notumor,0.0066585215,0.0057445420,0.9804612994,0.0071356324
7035,"/kaggle/input/datasets/arafat221156011/mri-dataset/Epic and CSCR hospital Dataset/Train/notumor/Tr-no_0649.jpg",2,notumor,2,notumor,0.0065971250,0.0058804476,0.9804135561,0.0071089016
7036,"/kaggle/input/datasets/arafat221156011/mri-dataset/Epic and CSCR hospital Dataset/Train/notumor/Tr-no_0650.jpg",2,notumor,2,notumor,0.0069742091,0.0059537897,0.9798715711,0.0072004190
7042,"/kaggle/input/datasets/arafat221156011/mri-dataset/Epic and CSCR hospital Dataset/Train/notumor/Tr-no_0671.jpg",2,notumor,2,notumor,0.0067493520,0.0058415066,0.9799119234,0.0074972501
7044,"/kaggle/input/datasets/arafat221156011/mri-dataset/Epic and CSCR hospital Dataset/Train/notumor/Tr-no_0673.jpg",2,notumor,2,notumor,0.0064463862,0.0058177374,0.9804263115,0.0073095062
7046,"/kaggle/input/datasets/arafat221156011/mri-dataset/Epic and CSCR hospital Dataset/Train/notumor/Tr-no_0675.jpg",2,notumor,2,notumor,0.0065545430,0.0056857849,0.9805029035,0.0072567714
7058,"/kaggle/input/datasets/arafat221156011/mri-dataset/Epic and CSCR hospital Dataset/Train/notumor/image(117).jpg",2,notumor,2,notumor,0.0066785179,0.0056065978,0.9803051949,0.0074096927
7060,"/kaggle/input/datasets/arafat221156011/mri-dataset/Epic and CSCR hospital Dataset/Train/notumor/image(13).jpg",2,notumor,2,notumor,0.0064468631,0.0059740255,0.9805038571,0.0070753084
7063,"/kaggle/input/datasets/arafat221156011/mri-dataset/Epic and CSCR hospital Dataset/Train/notumor/image(140).jpg",2,notumor,2,notumor,0.0066427412,0.0056999996,0.9805142283,0.0071430700
7067,"/kaggle/input/datasets/arafat221156011/mri-dataset/Epic and CSCR hospital Dataset/Train/notumor/image(142).jpg",2,notumor,2,notumor,0.0069820238,0.0058392906,0.9799510837,0.0072275898
7069,"/kaggle/input/datasets/arafat221156011/mri-dataset/Epic and CSCR hospital Dataset/Train/notumor/image(143).jpg",2,notumor,2,notumor,0.0060597309,0.0059740888,0.9807559848,0.0072100945
7072,"/kaggle/input/datasets/arafat221156011/mri-dataset/Epic and CSCR hospital Dataset/Train/notumor/image(145) - Copy.jpg",2,notumor,2,notumor,0.0071399473,0.0057808501,0.9799159169,0.0071633281
7075,"/kaggle/input/datasets/arafat221156011/mri-dataset/Epic and CSCR hospital Dataset/Train/notumor/image(146).jpg",2,notumor,2,notumor,0.0068276064,0.0058157812,0.9799703360,0.0073861964
7083,"/kaggle/input/datasets/arafat221156011/mri-dataset/Epic and CSCR hospital Dataset/Train/notumor/image(15).jpg",2,notumor,2,notumor,0.0066308761,0.0058196867,0.9804099202,0.0071395067
7086,"/kaggle/input/datasets/arafat221156011/mri-dataset/Epic and CSCR hospital Dataset/Train/notumor/image(151) - Copy.jpg",2,notumor,2,notumor,0.0077620074,0.0058743632,0.9793657064,0.0069978363
7088,"/kaggle/input/datasets/arafat221156011/mri-dataset/Epic and CSCR hospital Dataset/Train/notumor/image(152) - Copy.jpg",2,notumor,2,notumor,0.0071277423,0.0057456866,0.9794566035,0.0076699900
7089,"/kaggle/input/datasets/arafat221156011/mri-dataset/Epic and CSCR hospital Dataset/Train/notumor/image(152).jpg",2,notumor,2,notumor,0.0070887567,0.0056419475,0.9795848727,0.0076844255
7094,"/kaggle/input/datasets/arafat221156011/mri-dataset/Epic and CSCR hospital Dataset/Train/notumor/image(155) - Copy.jpg",2,notumor,2,notumor,0.0069429083,0.0057077371,0.9800227284,0.0073266989
7101,"/kaggle/input/datasets/arafat221156011/mri-dataset/Epic and CSCR hospital Dataset/Train/notumor/image(158).jpg",2,notumor,2,notumor,0.0075703165,0.0058158152,0.9795686007,0.0070453323
7105,"/kaggle/input/datasets/arafat221156011/mri-dataset/Epic and CSCR hospital Dataset/Train/notumor/image(16).jpg",2,notumor,2,notumor,0.0062139542,0.0059682140,0.9805820584,0.0072358018
7106,"/kaggle/input/datasets/arafat221156011/mri-dataset/Epic and CSCR hospital Dataset/Train/notumor/image(160).jpg",2,notumor,2,notumor,0.0067254365,0.0057790605,0.9799960852,0.0074993717
7111,"/kaggle/input/datasets/arafat221156011/mri-dataset/Epic and CSCR hospital Dataset/Train/notumor/image(165).jpg",2,notumor,2,notumor,0.0063577341,0.0057259062,0.9803355932,0.0075807488
7113,"/kaggle/input/datasets/arafat221156011/mri-dataset/Epic and CSCR hospital Dataset/Train/notumor/image(174).jpg",2,notumor,2,notumor,0.0060944674,0.0054676258,0.9800503850,0.0083876261
7114,"/kaggle/input/datasets/arafat221156011/mri-dataset/Epic and CSCR hospital Dataset/Train/notumor/image(175).jpg",2,notumor,2,notumor,0.0060778460,0.0055644647,0.9804658890,0.0078917937
7115,"/kaggle/input/datasets/arafat221156011/mri-dataset/Epic and CSCR hospital Dataset/Train/notumor/image(176).jpg",2,notumor,2,notumor,0.0061190380,0.0054855668,0.9805729985,0.0078223813
7116,"/kaggle/input/datasets/arafat221156011/mri-dataset/Epic and CSCR hospital Dataset/Train/notumor/image(177).jpg",2,notumor,2,notumor,0.0065760203,0.0058409129,0.9802611470,0.0073219696
7129,"/kaggle/input/datasets/arafat221156011/mri-dataset/Epic and CSCR hospital Dataset/Train/notumor/image(190).jpg",2,notumor,2,notumor,0.0063003832,0.0058755646,0.9804657102,0.0073583247
7130,"/kaggle/input/datasets/arafat221156011/mri-dataset/Epic and CSCR hospital Dataset/Train/notumor/image(191).jpg",2,notumor,2,notumor,0.0061965515,0.0059112241,0.9806338549,0.0072583868
7133,"/kaggle/input/datasets/arafat221156011/mri-dataset/Epic and CSCR hospital Dataset/Train/notumor/image(194).jpg",2,notumor,2,notumor,0.0065421895,0.0056129117,0.9796350598,0.0082098041
7138,"/kaggle/input/datasets/arafat221156011/mri-dataset/Epic and CSCR hospital Dataset/Train/notumor/no 923.jpg",2,notumor,2,notumor,0.0062263766,0.0058318945,0.9806475639,0.0072941929
7144,"/kaggle/input/datasets/arafat221156011/mri-dataset/Epic and CSCR hospital Dataset/Train/notumor/no 99.jpg",2,notumor,2,notumor,0.0066182897,0.0056894347,0.9800612330,0.0076310770
7145,"/kaggle/input/datasets/arafat221156011/mri-dataset/Epic and CSCR hospital Dataset/Train/notumor/no.jpg",2,notumor,2,notumor,0.0061566224,0.0059408480,0.9806004763,0.0073021697
7149,"/kaggle/input/datasets/arafat221156011/mri-dataset/Epic and CSCR hospital Dataset/Train/pituitary/1181.jpg",3,pituitary,3,pituitary,0.0094783921,0.0068376311,0.0083753653,0.9753085971
7157,"/kaggle/input/datasets/arafat221156011/mri-dataset/Epic and CSCR hospital Dataset/Train/pituitary/1189.jpg",3,pituitary,3,pituitary,0.0090696914,0.0077069798,0.0078838086,0.9753395319
7160,"/kaggle/input/datasets/arafat221156011/mri-dataset/Epic and CSCR hospital Dataset/Train/pituitary/1192.jpg",3,pituitary,3,pituitary,0.0101060318,0.0059406152,0.0083838552,0.9755695462
7172,"/kaggle/input/datasets/arafat221156011/mri-dataset/Epic and CSCR hospital Dataset/Train/pituitary/P_705_SP_.jpg",3,pituitary,3,pituitary,0.0104876263,0.0056828340,0.0085940920,0.9752353430
7183,"/kaggle/input/datasets/arafat221156011/mri-dataset/Epic and CSCR hospital Dataset/Train/pituitary/P_70_BR_.jpg",3,pituitary,3,pituitary,0.0090976441,0.0061399951,0.0082090581,0.9765532613
7184,"/kaggle/input/datasets/arafat221156011/mri-dataset/Epic and CSCR hospital Dataset/Train/pituitary/P_70_DA_.jpg",3,pituitary,3,pituitary,0.0096817594,0.0064401524,0.0083639501,0.9755142331
7195,"/kaggle/input/datasets/arafat221156011/mri-dataset/Epic and CSCR hospital Dataset/Train/pituitary/P_710_SP_.jpg",3,pituitary,3,pituitary,0.0101880934,0.0057795318,0.0083753429,0.9756571054
7196,"/kaggle/input/datasets/arafat221156011/mri-dataset/Epic and CSCR hospital Dataset/Train/pituitary/P_710_VF_.jpg",3,pituitary,3,pituitary,0.0099485535,0.0063344250,0.0085342275,0.9751828313
7208,"/kaggle/input/datasets/arafat221156011/mri-dataset/Epic and CSCR hospital Dataset/Train/pituitary/P_712_RO_.jpg",3,pituitary,3,pituitary,0.0101679880,0.0058498434,0.0087008132,0.9752813578
7212,"/kaggle/input/datasets/arafat221156011/mri-dataset/Epic and CSCR hospital Dataset/Train/pituitary/P_713_BR_.jpg",3,pituitary,3,pituitary,0.0099935457,0.0057002092,0.0082550701,0.9760512114
7215,"/kaggle/input/datasets/arafat221156011/mri-dataset/Epic and CSCR hospital Dataset/Train/pituitary/P_713_RO_.jpg",3,pituitary,3,pituitary,0.0107993418,0.0058528269,0.0083537642,0.9749940634
7218,"/kaggle/input/datasets/arafat221156011/mri-dataset/Epic and CSCR hospital Dataset/Train/pituitary/P_714.jpg",3,pituitary,3,pituitary,0.0096199345,0.0065480070,0.0076832823,0.9761487842
7221,"/kaggle/input/datasets/arafat221156011/mri-dataset/Epic and CSCR hospital Dataset/Train/pituitary/P_714_HF_.jpg",3,pituitary,3,pituitary,0.0102766799,0.0065852837,0.0081116846,0.9750263095
7222,"/kaggle/input/datasets/arafat221156011/mri-dataset/Epic and CSCR hospital Dataset/Train/pituitary/P_714_RO_.jpg",3,pituitary,3,pituitary,0.0105574150,0.0061687520,0.0081750145,0.9750987887
7238,"/kaggle/input/datasets/arafat221156011/mri-dataset/Epic and CSCR hospital Dataset/Train/pituitary/P_716_VF_.jpg",3,pituitary,3,pituitary,0.0100261886,0.0063110879,0.0084502883,0.9752125740
7245,"/kaggle/input/datasets/arafat221156011/mri-dataset/Epic and CSCR hospital Dataset/Train/pituitary/P_717_VF_.jpg",3,pituitary,3,pituitary,0.0095961783,0.0062222728,0.0089558037,0.9752256274
7253,"/kaggle/input/datasets/arafat221156011/mri-dataset/Epic and CSCR hospital Dataset/Train/pituitary/P_719.jpg",3,pituitary,3,pituitary,0.0100690676,0.0057530277,0.0089412052,0.9752367139
7255,"/kaggle/input/datasets/arafat221156011/mri-dataset/Epic and CSCR hospital Dataset/Train/pituitary/P_719_DA_.jpg",3,pituitary,3,pituitary,0.0103026740,0.0058443905,0.0089872545,0.9748656154
7260,"/kaggle/input/datasets/arafat221156011/mri-dataset/Epic and CSCR hospital Dataset/Train/pituitary/P_71_BR_.jpg",3,pituitary,3,pituitary,0.0093985964,0.0060665468,0.0081839981,0.9763509035
7263,"/kaggle/input/datasets/arafat221156011/mri-dataset/Epic and CSCR hospital Dataset/Train/pituitary/P_71_RO_.jpg",3,pituitary,3,pituitary,0.0098099336,0.0064564571,0.0081974939,0.9755361676
7265,"/kaggle/input/datasets/arafat221156011/mri-dataset/Epic and CSCR hospital Dataset/Train/pituitary/P_71_VF_.jpg",3,pituitary,3,pituitary,0.0100351330,0.0063886298,0.0080331368,0.9755431414
7273,"/kaggle/input/datasets/arafat221156011/mri-dataset/Epic and CSCR hospital Dataset/Train/pituitary/P_720_VF_.jpg",3,pituitary,3,pituitary,0.0094591454,0.0064540231,0.0084968563,0.9755900502
7282,"/kaggle/input/datasets/arafat221156011/mri-dataset/Epic and CSCR hospital Dataset/Train/pituitary/P_722_BR_.jpg",3,pituitary,3,pituitary,0.0091560064,0.0060001663,0.0086072739,0.9762365222
7287,"/kaggle/input/datasets/arafat221156011/mri-dataset/Epic and CSCR hospital Dataset/Train/pituitary/P_722_VF_.jpg",3,pituitary,3,pituitary,0.0097880140,0.0063844332,0.0084212851,0.9754062891
7291,"/kaggle/input/datasets/arafat221156011/mri-dataset/Epic and CSCR hospital Dataset/Train/pituitary/P_723_HF_.jpg",3,pituitary,3,pituitary,0.0095299883,0.0063501755,0.0086368406,0.9754829407
7294,"/kaggle/input/datasets/arafat221156011/mri-dataset/Epic and CSCR hospital Dataset/Train/pituitary/P_723_VF_.jpg",3,pituitary,3,pituitary,0.0099916887,0.0061988467,0.0084442850,0.9753652811
7299,"/kaggle/input/datasets/arafat221156011/mri-dataset/Epic and CSCR hospital Dataset/Train/pituitary/P_724_RO_.jpg",3,pituitary,3,pituitary,0.0101104286,0.0060699992,0.0083402293,0.9754793048
7303,"/kaggle/input/datasets/arafat221156011/mri-dataset/Epic and CSCR hospital Dataset/Train/pituitary/P_725_BR_.jpg",3,pituitary,3,pituitary,0.0093947556,0.0062587387,0.0079964576,0.9763500094
7308,"/kaggle/input/datasets/arafat221156011/mri-dataset/Epic and CSCR hospital Dataset/Train/pituitary/P_725_VF_.jpg",3,pituitary,3,pituitary,0.0103432005,0.0062082680,0.0081120804,0.9753364325
7316,"/kaggle/input/datasets/arafat221156011/mri-dataset/Epic and CSCR hospital Dataset/Train/pituitary/P_727.jpg",3,pituitary,3,pituitary,0.0100197438,0.0064970879,0.0080808746,0.9754022360
7320,"/kaggle/input/datasets/arafat221156011/mri-dataset/Epic and CSCR hospital Dataset/Train/pituitary/P_727_RO_.jpg",3,pituitary,3,pituitary,0.0096190674,0.0068755290,0.0080411881,0.9754641652
7331,"/kaggle/input/datasets/arafat221156011/mri-dataset/Epic and CSCR hospital Dataset/Train/pituitary/P_729_BR_.jpg",3,pituitary,3,pituitary,0.0096460748,0.0055143344,0.0085745584,0.9762650728
7350,"/kaggle/input/datasets/arafat221156011/mri-dataset/Epic and CSCR hospital Dataset/Train/pituitary/P_730_VF_.jpg",3,pituitary,3,pituitary,0.0095209423,0.0065989261,0.0085086999,0.9753714800
7355,"/kaggle/input/datasets/arafat221156011/mri-dataset/Epic and CSCR hospital Dataset/Train/pituitary/P_731_RO_.jpg",3,pituitary,3,pituitary,0.0094638597,0.0063763447,0.0085623581,0.9755975008
7365,"/kaggle/input/datasets/arafat221156011/mri-dataset/Epic and CSCR hospital Dataset/Train/pituitary/P_733.jpg",3,pituitary,3,pituitary,0.0093493452,0.0064269947,0.0086295167,0.9755941629
7368,"/kaggle/input/datasets/arafat221156011/mri-dataset/Epic and CSCR hospital Dataset/Train/pituitary/P_733_HF_.jpg",3,pituitary,3,pituitary,0.0091948565,0.0066742105,0.0087445099,0.9753864408
7371,"/kaggle/input/datasets/arafat221156011/mri-dataset/Epic and CSCR hospital Dataset/Train/pituitary/P_733_VF_.jpg",3,pituitary,3,pituitary,0.0043153851,0.1494034082,0.0137882829,0.8324929476
7383,"/kaggle/input/datasets/arafat221156011/mri-dataset/Epic and CSCR hospital Dataset/Train/pituitary/P_735_RO_.jpg",3,pituitary,3,pituitary,0.0096948575,0.0070061288,0.0080213901,0.9752777219
7391,"/kaggle/input/datasets/arafat221156011/mri-dataset/Epic and CSCR hospital Dataset/Train/pituitary/P_736_SP_.jpg",3,pituitary,3,pituitary,0.0099255368,0.0062553165,0.0082576480,0.9755614400
7395,"/kaggle/input/datasets/arafat221156011/mri-dataset/Epic and CSCR hospital Dataset/Train/pituitary/P_737_DA_.jpg",3,pituitary,3,pituitary,0.0094385464,0.0063819289,0.0086187329,0.9755606651
7398,"/kaggle/input/datasets/arafat221156011/mri-dataset/Epic and CSCR hospital Dataset/Train/pituitary/P_737_SP_.jpg",3,pituitary,3,pituitary,0.0100145563,0.0061923554,0.0081196111,0.9756734967
7405,"/kaggle/input/datasets/arafat221156011/mri-dataset/Epic and CSCR hospital Dataset/Train/pituitary/P_738_SP_.jpg",3,pituitary,3,pituitary,0.0110289836,0.0059373649,0.0082316454,0.9748020172
7407,"/kaggle/input/datasets/arafat221156011/mri-dataset/Epic and CSCR hospital Dataset/Train/pituitary/P_739.jpg",3,pituitary,3,pituitary,0.0097531332,0.0064471327,0.0084604463,0.9753392935
7413,"/kaggle/input/datasets/arafat221156011/mri-dataset/Epic and CSCR hospital Dataset/Train/pituitary/P_739_VF_.jpg",3,pituitary,3,pituitary,0.0103996452,0.0062964545,0.0084109232,0.9748929739
7417,"/kaggle/input/datasets/arafat221156011/mri-dataset/Epic and CSCR hospital Dataset/Train/pituitary/P_73_RO_.jpg",3,pituitary,3,pituitary,0.0102598453,0.0063524581,0.0081157051,0.9752718806
7428,"/kaggle/input/datasets/arafat221156011/mri-dataset/Epic and CSCR hospital Dataset/Train/pituitary/P_741.jpg",3,pituitary,3,pituitary,0.0096266717,0.0063057365,0.0087934053,0.9752742052
7434,"/kaggle/input/datasets/arafat221156011/mri-dataset/Epic and CSCR hospital Dataset/Train/pituitary/P_741_VF_.jpg",3,pituitary,3,pituitary,0.0097980052,0.0061085806,0.0087654004,0.9753280878
7437,"/kaggle/input/datasets/arafat221156011/mri-dataset/Epic and CSCR hospital Dataset/Train/pituitary/P_742_DA_.jpg",3,pituitary,3,pituitary,0.0107348245,0.0060954215,0.0084192259,0.9747505188
7440,"/kaggle/input/datasets/arafat221156011/mri-dataset/Epic and CSCR hospital Dataset/Train/pituitary/P_742_SP_.jpg",3,pituitary,3,pituitary,0.0103247035,0.0059027011,0.0085404683,0.9752321243
7442,"/kaggle/input/datasets/arafat221156011/mri-dataset/Epic and CSCR hospital Dataset/Train/pituitary/P_743.jpg",3,pituitary,3,pituitary,0.0094461413,0.0063369572,0.0084608439,0.9757559896
7464,"/kaggle/input/datasets/arafat221156011/mri-dataset/Epic and CSCR hospital Dataset/Train/pituitary/P_746_BR_.jpg",3,pituitary,3,pituitary,0.0089692743,0.0060025239,0.0084050922,0.9766231775
7465,"/kaggle/input/datasets/arafat221156011/mri-dataset/Epic and CSCR hospital Dataset/Train/pituitary/P_746_DA_.jpg",3,pituitary,3,pituitary,0.0097048441,0.0063133826,0.0086027514,0.9753789902
7466,"/kaggle/input/datasets/arafat221156011/mri-dataset/Epic and CSCR hospital Dataset/Train/pituitary/P_746_HF_.jpg",3,pituitary,3,pituitary,0.0092003290,0.0070038787,0.0083169322,0.9754788280
7469,"/kaggle/input/datasets/arafat221156011/mri-dataset/Epic and CSCR hospital Dataset/Train/pituitary/P_746_VF_.jpg",3,pituitary,3,pituitary,0.0094407806,0.0068019675,0.0084501822,0.9753071070
7471,"/kaggle/input/datasets/arafat221156011/mri-dataset/Epic and CSCR hospital Dataset/Train/pituitary/P_747_BR_.jpg",3,pituitary,3,pituitary,0.0093078837,0.0061656679,0.0085543646,0.9759720564
7472,"/kaggle/input/datasets/arafat221156011/mri-dataset/Epic and CSCR hospital Dataset/Train/pituitary/P_747_DA_.jpg",3,pituitary,3,pituitary,0.0097564813,0.0062591932,0.0086424099,0.9753419757
7482,"/kaggle/input/datasets/arafat221156011/mri-dataset/Epic and CSCR hospital Dataset/Train/pituitary/P_748_SP_.jpg",3,pituitary,3,pituitary,0.0101722265,0.0062713576,0.0083681820,0.9751882553
7483,"/kaggle/input/datasets/arafat221156011/mri-dataset/Epic and CSCR hospital Dataset/Train/pituitary/P_748_VF_.jpg",3,pituitary,3,pituitary,0.0092521440,0.0073511302,0.0086032022,0.9747935534
7485,"/kaggle/input/datasets/arafat221156011/mri-dataset/Epic and CSCR hospital Dataset/Train/pituitary/P_749_BR_.jpg",3,pituitary,3,pituitary,0.0089782942,0.0060419501,0.0088681085,0.9761117101
7487,"/kaggle/input/datasets/arafat221156011/mri-dataset/Epic and CSCR hospital Dataset/Train/pituitary/P_749_HF_.jpg",3,pituitary,3,pituitary,0.0090806400,0.0066904337,0.0090489434,0.9751799703
7489,"/kaggle/input/datasets/arafat221156011/mri-dataset/Epic and CSCR hospital Dataset/Train/pituitary/P_749_SP_.jpg",3,pituitary,3,pituitary,0.0099047292,0.0059777065,0.0084379371,0.9756796956
7496,"/kaggle/input/datasets/arafat221156011/mri-dataset/Epic and CSCR hospital Dataset/Train/pituitary/P_74_VF_.jpg",3,pituitary,3,pituitary,0.0101316161,0.0065418384,0.0085139275,0.9748126864
7506,"/kaggle/input/datasets/arafat221156011/mri-dataset/Epic and CSCR hospital Dataset/Train/pituitary/P_751_BR_.jpg",3,pituitary,3,pituitary,0.0091347080,0.0055983961,0.0087941121,0.9764728546
7511,"/kaggle/input/datasets/arafat221156011/mri-dataset/Epic and CSCR hospital Dataset/Train/pituitary/P_751_VF_.jpg",3,pituitary,3,pituitary,0.0099212024,0.0056539206,0.0089665689,0.9754582644
7512,"/kaggle/input/datasets/arafat221156011/mri-dataset/Epic and CSCR hospital Dataset/Train/pituitary/P_752.jpg",3,pituitary,3,pituitary,0.0088133067,0.0070919394,0.0085608186,0.9755338430
7519,"/kaggle/input/datasets/arafat221156011/mri-dataset/Epic and CSCR hospital Dataset/Train/pituitary/P_753.jpg",3,pituitary,3,pituitary,0.0090786787,0.0066961264,0.0088233147,0.9754018784
7522,"/kaggle/input/datasets/arafat221156011/mri-dataset/Epic and CSCR hospital Dataset/Train/pituitary/P_753_HF_.jpg",3,pituitary,3,pituitary,0.0087541835,0.0068264254,0.0088808611,0.9755385518
7526,"/kaggle/input/datasets/arafat221156011/mri-dataset/Epic and CSCR hospital Dataset/Train/pituitary/P_754.jpg",3,pituitary,3,pituitary,0.0098565817,0.0062756999,0.0084472466,0.9754203558
7534,"/kaggle/input/datasets/arafat221156011/mri-dataset/Epic and CSCR hospital Dataset/Train/pituitary/P_755_BR_.jpg",3,pituitary,3,pituitary,0.0091184098,0.0060500395,0.0085673723,0.9762641788
7536,"/kaggle/input/datasets/arafat221156011/mri-dataset/Epic and CSCR hospital Dataset/Train/pituitary/P_755_HF_.jpg",3,pituitary,3,pituitary,0.0097100008,0.0064522610,0.0082771806,0.9755605459
7538,"/kaggle/input/datasets/arafat221156011/mri-dataset/Epic and CSCR hospital Dataset/Train/pituitary/P_755_SP_.jpg",3,pituitary,3,pituitary,0.0090227779,0.0051897941,0.0099022454,0.9758852124
7540,"/kaggle/input/datasets/arafat221156011/mri-dataset/Epic and CSCR hospital Dataset/Train/pituitary/P_756.jpg",3,pituitary,3,pituitary,0.0097696306,0.0058756010,0.0087327780,0.9756219983
7546,"/kaggle/input/datasets/arafat221156011/mri-dataset/Epic and CSCR hospital Dataset/Train/pituitary/P_756_VF_.jpg",3,pituitary,3,pituitary,0.0097789783,0.0055187251,0.0093630282,0.9753392935
7549,"/kaggle/input/datasets/arafat221156011/mri-dataset/Epic and CSCR hospital Dataset/Train/pituitary/P_757_DA_.jpg",3,pituitary,3,pituitary,0.0099746268,0.0062008025,0.0086340932,0.9751904607
7563,"/kaggle/input/datasets/arafat221156011/mri-dataset/Epic and CSCR hospital Dataset/Train/pituitary/P_759_DA_.jpg",3,pituitary,3,pituitary,0.0101186084,0.0059154667,0.0088017927,0.9751642346
7567,"/kaggle/input/datasets/arafat221156011/mri-dataset/Epic and CSCR hospital Dataset/Train/pituitary/P_759_VF_.jpg",3,pituitary,3,pituitary,0.0097701605,0.0063967369,0.0082098031,0.9756233096
7580,"/kaggle/input/datasets/arafat221156011/mri-dataset/Epic and CSCR hospital Dataset/Train/pituitary/P_760_SP_.jpg",3,pituitary,3,pituitary,0.0101531390,0.0058843563,0.0083660912,0.9755963087
7583,"/kaggle/input/datasets/arafat221156011/mri-dataset/Epic and CSCR hospital Dataset/Train/pituitary/P_761_BR_.jpg",3,pituitary,3,pituitary,0.0089854887,0.0061670188,0.0085168928,0.9763306379
7585,"/kaggle/input/datasets/arafat221156011/mri-dataset/Epic and CSCR hospital Dataset/Train/pituitary/P_761_HF_.jpg",3,pituitary,3,pituitary,0.0093118548,0.0069085187,0.0083516752,0.9754279256
7604,"/kaggle/input/datasets/arafat221156011/mri-dataset/Epic and CSCR hospital Dataset/Train/pituitary/P_764_BR_.jpg",3,pituitary,3,pituitary,0.0098571228,0.0061742160,0.0079037054,0.9760649800
7608,"/kaggle/input/datasets/arafat221156011/mri-dataset/Epic and CSCR hospital Dataset/Train/pituitary/P_764_SP_.jpg",3,pituitary,3,pituitary,0.0118525950,0.0057805395,0.0081957271,0.9741711617
7609,"/kaggle/input/datasets/arafat221156011/mri-dataset/Epic and CSCR hospital Dataset/Train/pituitary/P_764_VF_.jpg",3,pituitary,3,pituitary,0.0094944630,0.0080188913,0.0079694595,0.9745171666
7611,"/kaggle/input/datasets/arafat221156011/mri-dataset/Epic and CSCR hospital Dataset/Train/pituitary/P_765_BR_.jpg",3,pituitary,3,pituitary,0.0091635892,0.0061897961,0.0084426878,0.9762037992
7613,"/kaggle/input/datasets/arafat221156011/mri-dataset/Epic and CSCR hospital Dataset/Train/pituitary/P_765_HF_.jpg",3,pituitary,3,pituitary,0.0097017484,0.0064939447,0.0081842765,0.9756200910
7616,"/kaggle/input/datasets/arafat221156011/mri-dataset/Epic and CSCR hospital Dataset/Train/pituitary/P_765_VF_.jpg",3,pituitary,3,pituitary,0.0100959148,0.0063247620,0.0083333049,0.9752460718
7626,"/kaggle/input/datasets/arafat221156011/mri-dataset/Epic and CSCR hospital Dataset/Train/pituitary/P_767_DA_.jpg",3,pituitary,3,pituitary,0.0095703648,0.0062632323,0.0087941615,0.9753721952
7628,"/kaggle/input/datasets/arafat221156011/mri-dataset/Epic and CSCR hospital Dataset/Train/pituitary/P_767_RO_.jpg",3,pituitary,3,pituitary,0.0097970907,0.0061912411,0.0085195471,0.9754921198
7632,"/kaggle/input/datasets/arafat221156011/mri-dataset/Epic and CSCR hospital Dataset/Train/pituitary/P_768_BR_.jpg",3,pituitary,3,pituitary,0.0095032295,0.0061075306,0.0082454178,0.9761438370
7643,"/kaggle/input/datasets/arafat221156011/mri-dataset/Epic and CSCR hospital Dataset/Train/pituitary/P_769_SP_.jpg",3,pituitary,3,pituitary,0.0098150242,0.0064320588,0.0082256589,0.9755272865
7645,"/kaggle/input/datasets/arafat221156011/mri-dataset/Epic and CSCR hospital Dataset/Train/pituitary/P_76_BR_.jpg",3,pituitary,3,pituitary,0.0087432992,0.0063597062,0.0082682054,0.9766287804
7652,"/kaggle/input/datasets/arafat221156011/mri-dataset/Epic and CSCR hospital Dataset/Train/pituitary/P_770.jpg",3,pituitary,3,pituitary,0.0095297443,0.0068682432,0.0084856944,0.9751163721
7660,"/kaggle/input/datasets/arafat221156011/mri-dataset/Epic and CSCR hospital Dataset/Train/pituitary/P_771_BR_.jpg",3,pituitary,3,pituitary,0.0092828926,0.0061736326,0.0086080926,0.9759353399
7673,"/kaggle/input/datasets/arafat221156011/mri-dataset/Epic and CSCR hospital Dataset/Train/pituitary/P_773.jpg",3,pituitary,3,pituitary,0.0097605176,0.0061578080,0.0083634052,0.9757183194
7674,"/kaggle/input/datasets/arafat221156011/mri-dataset/Epic and CSCR hospital Dataset/Train/pituitary/P_773_BR_.jpg",3,pituitary,3,pituitary,0.0094638327,0.0058173337,0.0085138343,0.9762050509
7679,"/kaggle/input/datasets/arafat221156011/mri-dataset/Epic and CSCR hospital Dataset/Train/pituitary/P_773_VF_.jpg",3,pituitary,3,pituitary,0.0110657085,0.0055631376,0.0084188031,0.9749523997
7683,"/kaggle/input/datasets/arafat221156011/mri-dataset/Epic and CSCR hospital Dataset/Train/pituitary/P_774_HF_.jpg",3,pituitary,3,pituitary,0.0098784445,0.0063793086,0.0081669521,0.9755752683
7688,"/kaggle/input/datasets/arafat221156011/mri-dataset/Epic and CSCR hospital Dataset/Train/pituitary/P_775_BR_.jpg",3,pituitary,3,pituitary,0.0096477289,0.0059088529,0.0083759725,0.9760674238
7691,"/kaggle/input/datasets/arafat221156011/mri-dataset/Epic and CSCR hospital Dataset/Train/pituitary/P_775_RO_.jpg",3,pituitary,3,pituitary,0.0099279666,0.0062593692,0.0083010672,0.9755116701
7692,"/kaggle/input/datasets/arafat221156011/mri-dataset/Epic and CSCR hospital Dataset/Train/pituitary/P_775_SP_.jpg",3,pituitary,3,pituitary,0.0101806652,0.0058614458,0.0082595935,0.9756982923
7693,"/kaggle/input/datasets/arafat221156011/mri-dataset/Epic and CSCR hospital Dataset/Train/pituitary/P_775_VF_.jpg",3,pituitary,3,pituitary,0.0094132395,0.0073125325,0.0079343189,0.9753398895
7694,"/kaggle/input/datasets/arafat221156011/mri-dataset/Epic and CSCR hospital Dataset/Train/pituitary/P_776.jpg",3,pituitary,3,pituitary,0.0099148573,0.0060906867,0.0082747471,0.9757196307
7700,"/kaggle/input/datasets/arafat221156011/mri-dataset/Epic and CSCR hospital Dataset/Train/pituitary/P_776_VF_.jpg",3,pituitary,3,pituitary,0.0102701280,0.0063173310,0.0080872653,0.9753252268
7702,"/kaggle/input/datasets/arafat221156011/mri-dataset/Epic and CSCR hospital Dataset/Train/pituitary/P_777_BR_.jpg",3,pituitary,3,pituitary,0.0096297394,0.0057486282,0.0084437821,0.9761778116
7703,"/kaggle/input/datasets/arafat221156011/mri-dataset/Epic and CSCR hospital Dataset/Train/pituitary/P_777_DA_.jpg",3,pituitary,3,pituitary,0.0104049090,0.0060421908,0.0084814932,0.9750714302
7704,"/kaggle/input/datasets/arafat221156011/mri-dataset/Epic and CSCR hospital Dataset/Train/pituitary/P_777_HF_.jpg",3,pituitary,3,pituitary,0.0100307669,0.0061929817,0.0083532184,0.9754229784
7713,"/kaggle/input/datasets/arafat221156011/mri-dataset/Epic and CSCR hospital Dataset/Train/pituitary/P_778_SP_.jpg",3,pituitary,3,pituitary,0.0104265762,0.0057006492,0.0083666695,0.9755061269
7715,"/kaggle/input/datasets/arafat221156011/mri-dataset/Epic and CSCR hospital Dataset/Train/pituitary/P_779.jpg",3,pituitary,3,pituitary,0.0100837043,0.0059812563,0.0085752094,0.9753599167
7719,"/kaggle/input/datasets/arafat221156011/mri-dataset/Epic and CSCR hospital Dataset/Train/pituitary/P_779_RO_.jpg",3,pituitary,3,pituitary,0.0100823613,0.0060441680,0.0085120965,0.9753613472
7731,"/kaggle/input/datasets/arafat221156011/mri-dataset/Epic and CSCR hospital Dataset/Train/pituitary/P_780_DA_.jpg",3,pituitary,3,pituitary,0.0099003511,0.0061364053,0.0088301953,0.9751329422
7736,"/kaggle/input/datasets/arafat221156011/mri-dataset/Epic and CSCR hospital Dataset/Train/pituitary/P_781.jpg",3,pituitary,3,pituitary,0.0091365464,0.0068745627,0.0078726728,0.9761161804
7742,"/kaggle/input/datasets/arafat221156011/mri-dataset/Epic and CSCR hospital Dataset/Train/pituitary/P_781_VF_.jpg",3,pituitary,3,pituitary,0.0100829685,0.0060561444,0.0082700346,0.9755908847
7747,"/kaggle/input/datasets/arafat221156011/mri-dataset/Epic and CSCR hospital Dataset/Train/pituitary/P_782_RO_.jpg",3,pituitary,3,pituitary,0.0095742932,0.0063549764,0.0082375715,0.9758332372
7754,"/kaggle/input/datasets/arafat221156011/mri-dataset/Epic and CSCR hospital Dataset/Train/pituitary/P_783_RO_.jpg",3,pituitary,3,pituitary,0.0095022330,0.0063464297,0.0080228513,0.9761284590
7756,"/kaggle/input/datasets/arafat221156011/mri-dataset/Epic and CSCR hospital Dataset/Train/pituitary/P_783_VF_.jpg",3,pituitary,3,pituitary,0.0103610829,0.0061047077,0.0082707610,0.9752632976
7760,"/kaggle/input/datasets/arafat221156011/mri-dataset/Epic and CSCR hospital Dataset/Train/pituitary/P_784_HF_.jpg",3,pituitary,3,pituitary,0.0096038245,0.0066352240,0.0082168495,0.9755440950
7772,"/kaggle/input/datasets/arafat221156011/mri-dataset/Epic and CSCR hospital Dataset/Train/pituitary/P_786_BR_.jpg",3,pituitary,3,pituitary,0.0099704666,0.0057925703,0.0083704460,0.9758664966
7774,"/kaggle/input/datasets/arafat221156011/mri-dataset/Epic and CSCR hospital Dataset/Train/pituitary/P_786_HF_.jpg",3,pituitary,3,pituitary,0.0097827185,0.0063542789,0.0079939514,0.9758690596
7791,"/kaggle/input/datasets/arafat221156011/mri-dataset/Epic and CSCR hospital Dataset/Train/pituitary/P_788_VF_.jpg",3,pituitary,3,pituitary,0.0098823179,0.0061475579,0.0084449565,0.9755252004
7796,"/kaggle/input/datasets/arafat221156011/mri-dataset/Epic and CSCR hospital Dataset/Train/pituitary/P_789_RO_.jpg",3,pituitary,3,pituitary,0.0099678533,0.0059560677,0.0085742082,0.9755018950
7799,"/kaggle/input/datasets/arafat221156011/mri-dataset/Epic and CSCR hospital Dataset/Train/pituitary/P_78_BR_.jpg",3,pituitary,3,pituitary,0.0098598702,0.0058009396,0.0085441712,0.9757950902
7811,"/kaggle/input/datasets/arafat221156011/mri-dataset/Epic and CSCR hospital Dataset/Train/pituitary/P_790_SP_.jpg",3,pituitary,3,pituitary,0.0112042362,0.0060427142,0.0081072655,0.9746457934
7828,"/kaggle/input/datasets/arafat221156011/mri-dataset/Epic and CSCR hospital Dataset/Train/pituitary/P_793_BR_.jpg",3,pituitary,3,pituitary,0.0095297322,0.0056886571,0.0088049406,0.9759767652
7833,"/kaggle/input/datasets/arafat221156011/mri-dataset/Epic and CSCR hospital Dataset/Train/pituitary/P_793_VF_.jpg",3,pituitary,3,pituitary,0.0105891684,0.0055397339,0.0085307257,0.9753403664
7836,"/kaggle/input/datasets/arafat221156011/mri-dataset/Epic and CSCR hospital Dataset/Train/pituitary/P_794_DA_.jpg",3,pituitary,3,pituitary,0.0100339372,0.0058326209,0.0091807880,0.9749525785
7841,"/kaggle/input/datasets/arafat221156011/mri-dataset/Epic and CSCR hospital Dataset/Train/pituitary/P_795.jpg",3,pituitary,3,pituitary,0.0095898658,0.0071419687,0.0082135471,0.9750545621
7844,"/kaggle/input/datasets/arafat221156011/mri-dataset/Epic and CSCR hospital Dataset/Train/pituitary/P_795_HF_.jpg",3,pituitary,3,pituitary,0.0102681834,0.0067485794,0.0081843063,0.9747989774
7849,"/kaggle/input/datasets/arafat221156011/mri-dataset/Epic and CSCR hospital Dataset/Train/pituitary/P_796_BR_.jpg",3,pituitary,3,pituitary,0.0096576735,0.0059425468,0.0084362868,0.9759634733
7852,"/kaggle/input/datasets/arafat221156011/mri-dataset/Epic and CSCR hospital Dataset/Train/pituitary/P_796_RO_.jpg",3,pituitary,3,pituitary,0.0096279997,0.0068629785,0.0085037109,0.9750054479
7858,"/kaggle/input/datasets/arafat221156011/mri-dataset/Epic and CSCR hospital Dataset/Train/pituitary/P_797_HF_.jpg",3,pituitary,3,pituitary,0.0100568384,0.0056966236,0.0082947901,0.9759517908
7875,"/kaggle/input/datasets/arafat221156011/mri-dataset/Epic and CSCR hospital Dataset/Train/pituitary/P_799_VF_.jpg",3,pituitary,3,pituitary,0.0096002277,0.0066932710,0.0083231162,0.9753834009
7881,"/kaggle/input/datasets/arafat221156011/mri-dataset/Epic and CSCR hospital Dataset/Train/pituitary/P_79_VF_.jpg",3,pituitary,3,pituitary,0.0102350991,0.0059550297,0.0085317930,0.9752780795
7882,"/kaggle/input/datasets/arafat221156011/mri-dataset/Epic and CSCR hospital Dataset/Train/pituitary/P_7_BR_.jpg",3,pituitary,3,pituitary,0.0100969728,0.0059528300,0.0084077362,0.9755425453
7886,"/kaggle/input/datasets/arafat221156011/mri-dataset/Epic and CSCR hospital Dataset/Train/pituitary/P_7_SP_.jpg",3,pituitary,3,pituitary,0.0106212804,0.0057636793,0.0083226338,0.9752923846
7891,"/kaggle/input/datasets/arafat221156011/mri-dataset/Epic and CSCR hospital Dataset/Train/pituitary/P_800_BR_.jpg",3,pituitary,3,pituitary,0.0095903091,0.0057766587,0.0083996598,0.9762333632
7895,"/kaggle/input/datasets/arafat221156011/mri-dataset/Epic and CSCR hospital Dataset/Train/pituitary/P_800_SP_.jpg",3,pituitary,3,pituitary,0.0108304406,0.0055992915,0.0083338814,0.9752364159
7896,"/kaggle/input/datasets/arafat221156011/mri-dataset/Epic and CSCR hospital Dataset/Train/pituitary/P_800_VF_.jpg",3,pituitary,3,pituitary,0.0109003242,0.0058823926,0.0083758915,0.9748414755
7898,"/kaggle/input/datasets/arafat221156011/mri-dataset/Epic and CSCR hospital Dataset/Train/pituitary/P_801_BR_.jpg",3,pituitary,3,pituitary,0.0097110700,0.0058646938,0.0081864875,0.9762376547
7901,"/kaggle/input/datasets/arafat221156011/mri-dataset/Epic and CSCR hospital Dataset/Train/pituitary/P_801_RO_.jpg",3,pituitary,3,pituitary,0.0102506494,0.0059105661,0.0083395950,0.9754991531
7910,"/kaggle/input/datasets/arafat221156011/mri-dataset/Epic and CSCR hospital Dataset/Train/pituitary/P_802_VF_.jpg",3,pituitary,3,pituitary,0.0111686941,0.0059068566,0.0081897881,0.9747346044
7914,"/kaggle/input/datasets/arafat221156011/mri-dataset/Epic and CSCR hospital Dataset/Train/pituitary/P_803_HF_.jpg",3,pituitary,3,pituitary,0.0102407113,0.0058313184,0.0083659152,0.9755620956
7921,"/kaggle/input/datasets/arafat221156011/mri-dataset/Epic and CSCR hospital Dataset/Train/pituitary/P_804_HF_.jpg",3,pituitary,3,pituitary,0.0098763760,0.0060952650,0.0082938094,0.9757345319
7934,"/kaggle/input/datasets/arafat221156011/mri-dataset/Epic and CSCR hospital Dataset/Train/pituitary/P_806_DA_.jpg",3,pituitary,3,pituitary,0.0097558592,0.0063975500,0.0086027859,0.9752438664
7935,"/kaggle/input/datasets/arafat221156011/mri-dataset/Epic and CSCR hospital Dataset/Train/pituitary/P_806_HF_.jpg",3,pituitary,3,pituitary,0.0097177625,0.0063961362,0.0082211178,0.9756649733
7940,"/kaggle/input/datasets/arafat221156011/mri-dataset/Epic and CSCR hospital Dataset/Train/pituitary/P_807_BR_.jpg",3,pituitary,3,pituitary,0.0090428554,0.0058741258,0.0085996464,0.9764833450
7947,"/kaggle/input/datasets/arafat221156011/mri-dataset/Epic and CSCR hospital Dataset/Train/pituitary/P_808_BR_.jpg",3,pituitary,3,pituitary,0.0090971440,0.0059761317,0.0083402302,0.9765865207
7949,"/kaggle/input/datasets/arafat221156011/mri-dataset/Epic and CSCR hospital Dataset/Train/pituitary/P_808_HF_.jpg",3,pituitary,3,pituitary,0.0097012185,0.0062460578,0.0081401244,0.9759125710
7952,"/kaggle/input/datasets/arafat221156011/mri-dataset/Epic and CSCR hospital Dataset/Train/pituitary/P_808_VF_.jpg",3,pituitary,3,pituitary,0.0107020847,0.0059560044,0.0082666492,0.9750752449
7955,"/kaggle/input/datasets/arafat221156011/mri-dataset/Epic and CSCR hospital Dataset/Train/pituitary/P_809_DA_.jpg",3,pituitary,3,pituitary,0.0096195200,0.0064812698,0.0087954747,0.9751037359
7964,"/kaggle/input/datasets/arafat221156011/mri-dataset/Epic and CSCR hospital Dataset/Train/pituitary/P_80_SP_.jpg",3,pituitary,3,pituitary,0.0101321321,0.0055231694,0.0080612693,0.9762834311
7969,"/kaggle/input/datasets/arafat221156011/mri-dataset/Epic and CSCR hospital Dataset/Train/pituitary/P_810_DA_.jpg",3,pituitary,3,pituitary,0.0096648568,0.0058521423,0.0085698403,0.9759132266
7974,"/kaggle/input/datasets/arafat221156011/mri-dataset/Epic and CSCR hospital Dataset/Train/pituitary/P_811.jpg",3,pituitary,3,pituitary,0.0108997757,0.0056972834,0.0084358994,0.9749671221
7976,"/kaggle/input/datasets/arafat221156011/mri-dataset/Epic and CSCR hospital Dataset/Train/pituitary/P_811_DA_.jpg",3,pituitary,3,pituitary,0.0103258900,0.0056557572,0.0089664822,0.9750518799
7982,"/kaggle/input/datasets/arafat221156011/mri-dataset/Epic and CSCR hospital Dataset/Train/pituitary/P_812_BR_.jpg",3,pituitary,3,pituitary,0.0088470671,0.0064560911,0.0081775440,0.9765192866
7986,"/kaggle/input/datasets/arafat221156011/mri-dataset/Epic and CSCR hospital Dataset/Train/pituitary/P_812_SP_.jpg",3,pituitary,3,pituitary,0.0092173265,0.0062422971,0.0081608640,0.9763795733
7990,"/kaggle/input/datasets/arafat221156011/mri-dataset/Epic and CSCR hospital Dataset/Train/pituitary/P_813_DA_.jpg",3,pituitary,3,pituitary,0.0094099184,0.0067189732,0.0083359536,0.9755352139
8001,"/kaggle/input/datasets/arafat221156011/mri-dataset/Epic and CSCR hospital Dataset/Train/pituitary/P_814_VF_.jpg",3,pituitary,3,pituitary,0.0083381580,0.0063500246,0.0104269544,0.9748848081
8006,"/kaggle/input/datasets/arafat221156011/mri-dataset/Epic and CSCR hospital Dataset/Train/pituitary/P_815_RO_.jpg",3,pituitary,3,pituitary,0.0107734436,0.0055299094,0.0084502799,0.9752464294
8007,"/kaggle/input/datasets/arafat221156011/mri-dataset/Epic and CSCR hospital Dataset/Train/pituitary/P_815_SP_.jpg",3,pituitary,3,pituitary,0.0102506690,0.0055712750,0.0083464328,0.9758316278
8015,"/kaggle/input/datasets/arafat221156011/mri-dataset/Epic and CSCR hospital Dataset/Train/pituitary/P_816_VF_.jpg",3,pituitary,3,pituitary,0.0095571028,0.0064693624,0.0081387935,0.9758347273
8016,"/kaggle/input/datasets/arafat221156011/mri-dataset/Epic and CSCR hospital Dataset/Train/pituitary/P_817.jpg",3,pituitary,3,pituitary,0.0102285985,0.0057075527,0.0085238609,0.9755400419
8020,"/kaggle/input/datasets/arafat221156011/mri-dataset/Epic and CSCR hospital Dataset/Train/pituitary/P_817_RO_.jpg",3,pituitary,3,pituitary,0.0100733768,0.0059885574,0.0086565260,0.9752815366
8028,"/kaggle/input/datasets/arafat221156011/mri-dataset/Epic and CSCR hospital Dataset/Train/pituitary/P_818_SP_.jpg",3,pituitary,3,pituitary,0.0090777306,0.0062609417,0.0080166264,0.9766446948
8030,"/kaggle/input/datasets/arafat221156011/mri-dataset/Epic and CSCR hospital Dataset/Train/pituitary/P_819.jpg",3,pituitary,3,pituitary,0.0098162685,0.0054294891,0.0090267193,0.9757275581
8037,"/kaggle/input/datasets/arafat221156011/mri-dataset/Epic and CSCR hospital Dataset/Train/pituitary/P_81_BR_.jpg",3,pituitary,3,pituitary,0.0095114475,0.0057070516,0.0082521718,0.9765293002
8041,"/kaggle/input/datasets/arafat221156011/mri-dataset/Epic and CSCR hospital Dataset/Train/pituitary/P_81_SP_.jpg",3,pituitary,3,pituitary,0.0108792176,0.0057069594,0.0081983376,0.9752155542
8049,"/kaggle/input/datasets/arafat221156011/mri-dataset/Epic and CSCR hospital Dataset/Train/pituitary/P_820_SP_.jpg",3,pituitary,3,pituitary,0.0102348942,0.0054849447,0.0085983090,0.9756817818
8051,"/kaggle/input/datasets/arafat221156011/mri-dataset/Epic and CSCR hospital Dataset/Train/pituitary/P_821.jpg",3,pituitary,3,pituitary,0.0100734876,0.0057575088,0.0084865447,0.9756824374
8052,"/kaggle/input/datasets/arafat221156011/mri-dataset/Epic and CSCR hospital Dataset/Train/pituitary/P_821_BR_.jpg",3,pituitary,3,pituitary,0.0092979055,0.0060281665,0.0082512945,0.9764226675
8054,"/kaggle/input/datasets/arafat221156011/mri-dataset/Epic and CSCR hospital Dataset/Train/pituitary/P_821_HF_.jpg",3,pituitary,3,pituitary,0.0099892756,0.0057573542,0.0084212217,0.9758321643
8055,"/kaggle/input/datasets/arafat221156011/mri-dataset/Epic and CSCR hospital Dataset/Train/pituitary/P_821_RO_.jpg",3,pituitary,3,pituitary,0.0101995971,0.0057643014,0.0083790161,0.9756571054
8056,"/kaggle/input/datasets/arafat221156011/mri-dataset/Epic and CSCR hospital Dataset/Train/pituitary/P_821_SP_.jpg",3,pituitary,3,pituitary,0.0104729971,0.0056422930,0.0084326826,0.9754520655
8068,"/kaggle/input/datasets/arafat221156011/mri-dataset/Epic and CSCR hospital Dataset/Train/pituitary/P_823_HF_.jpg",3,pituitary,3,pituitary,0.0100108515,0.0057090772,0.0084023438,0.9758777618
8077,"/kaggle/input/datasets/arafat221156011/mri-dataset/Epic and CSCR hospital Dataset/Train/pituitary/P_824_SP_.jpg",3,pituitary,3,pituitary,0.0105796056,0.0056854654,0.0083098132,0.9754251242
8082,"/kaggle/input/datasets/arafat221156011/mri-dataset/Epic and CSCR hospital Dataset/Train/pituitary/P_825_HF_.jpg",3,pituitary,3,pituitary,0.0100177769,0.0057973037,0.0085608084,0.9756242037
8085,"/kaggle/input/datasets/arafat221156011/mri-dataset/Epic and CSCR hospital Dataset/Train/pituitary/P_825_VF_.jpg",3,pituitary,1,meningioma,0.0068364916,0.7796214819,0.0087131532,0.2048288286
8093,"/kaggle/input/datasets/arafat221156011/mri-dataset/Epic and CSCR hospital Dataset/Train/pituitary/P_827.jpg",3,pituitary,3,pituitary,0.0104134884,0.0055365837,0.0088199582,0.9752300978
8095,"/kaggle/input/datasets/arafat221156011/mri-dataset/Epic and CSCR hospital Dataset/Train/pituitary/P_827_DA_.jpg",3,pituitary,3,pituitary,0.0097915940,0.0056254435,0.0094418358,0.9751411676
8097,"/kaggle/input/datasets/arafat221156011/mri-dataset/Epic and CSCR hospital Dataset/Train/pituitary/P_827_RO_.jpg",3,pituitary,3,pituitary,0.0109843817,0.0055040382,0.0081159370,0.9753955603
8102,"/kaggle/input/datasets/arafat221156011/mri-dataset/Epic and CSCR hospital Dataset/Train/pituitary/P_828_DA_.jpg",3,pituitary,3,pituitary,0.0094628222,0.0065931268,0.0087772068,0.9751669168
8105,"/kaggle/input/datasets/arafat221156011/mri-dataset/Epic and CSCR hospital Dataset/Train/pituitary/P_828_SP_.jpg",3,pituitary,3,pituitary,0.0106692314,0.0054887575,0.0085157668,0.9753261805
8107,"/kaggle/input/datasets/arafat221156011/mri-dataset/Epic and CSCR hospital Dataset/Train/pituitary/P_829.jpg",3,pituitary,3,pituitary,0.0103873760,0.0064319037,0.0081505794,0.9750301242
8112,"/kaggle/input/datasets/arafat221156011/mri-dataset/Epic and CSCR hospital Dataset/Train/pituitary/P_829_SP_.jpg",3,pituitary,3,pituitary,0.0105557051,0.0059559857,0.0079608569,0.9755275846
8113,"/kaggle/input/datasets/arafat221156011/mri-dataset/Epic and CSCR hospital Dataset/Train/pituitary/P_829_VF_.jpg",3,pituitary,3,pituitary,0.0064480393,0.4689551890,0.0069439970,0.5176527500
8119,"/kaggle/input/datasets/arafat221156011/mri-dataset/Epic and CSCR hospital Dataset/Train/pituitary/P_82_VF_.jpg",3,pituitary,3,pituitary,0.0103958156,0.0056110714,0.0085817520,0.9754114151
8122,"/kaggle/input/datasets/arafat221156011/mri-dataset/Epic and CSCR hospital Dataset/Train/pituitary/P_830_BR_.jpg",3,pituitary,3,pituitary,0.0091667902,0.0059633902,0.0084842127,0.9763854742
8128,"/kaggle/input/datasets/arafat221156011/mri-dataset/Epic and CSCR hospital Dataset/Train/pituitary/P_831.jpg",3,pituitary,3,pituitary,0.0103593664,0.0056887302,0.0085429912,0.9754088521
8130,"/kaggle/input/datasets/arafat221156011/mri-dataset/Epic and CSCR hospital Dataset/Train/pituitary/P_831_DA_.jpg",3,pituitary,3,pituitary,0.0100205466,0.0058483039,0.0089976806,0.9751335382
8133,"/kaggle/input/datasets/arafat221156011/mri-dataset/Epic and CSCR hospital Dataset/Train/pituitary/P_831_SP_.jpg",3,pituitary,3,pituitary,0.0103182103,0.0056332438,0.0082455967,0.9758030176
8134,"/kaggle/input/datasets/arafat221156011/mri-dataset/Epic and CSCR hospital Dataset/Train/pituitary/P_831_VF_.jpg",3,pituitary,3,pituitary,0.0103808772,0.0057050399,0.0083495136,0.9755645990
8136,"/kaggle/input/datasets/arafat221156011/mri-dataset/Epic and CSCR hospital Dataset/Train/pituitary/P_832_BR_.jpg",3,pituitary,3,pituitary,0.0084960135,0.0058696959,0.0098832306,0.9757511020
8137,"/kaggle/input/datasets/arafat221156011/mri-dataset/Epic and CSCR hospital Dataset/Train/pituitary/P_832_DA_.jpg",3,pituitary,3,pituitary,0.0118996752,0.0060617281,0.0080173407,0.9740213156
8143,"/kaggle/input/datasets/arafat221156011/mri-dataset/Epic and CSCR hospital Dataset/Train/pituitary/P_833_BR_.jpg",3,pituitary,3,pituitary,0.0086340522,0.0059514022,0.0097941887,0.9756204486
8144,"/kaggle/input/datasets/arafat221156011/mri-dataset/Epic and CSCR hospital Dataset/Train/pituitary/P_833_DA_.jpg",3,pituitary,3,pituitary,0.0108154397,0.0071329577,0.0081366654,0.9739149213
8149,"/kaggle/input/datasets/arafat221156011/mri-dataset/Epic and CSCR hospital Dataset/Train/pituitary/P_834.jpg",3,pituitary,1,meningioma,0.0042854291,0.9764928818,0.0067326864,0.0124890115
8150,"/kaggle/input/datasets/arafat221156011/mri-dataset/Epic and CSCR hospital Dataset/Train/pituitary/P_834_BR_.jpg",3,pituitary,3,pituitary,0.0081540933,0.0118041523,0.0078077815,0.9722339511
8152,"/kaggle/input/datasets/arafat221156011/mri-dataset/Epic and CSCR hospital Dataset/Train/pituitary/P_834_HF_.jpg",3,pituitary,1,meningioma,0.0059736236,0.6819098592,0.0066215158,0.3054950237
8160,"/kaggle/input/datasets/arafat221156011/mri-dataset/Epic and CSCR hospital Dataset/Train/pituitary/P_835_RO_.jpg",3,pituitary,3,pituitary,0.0097432146,0.0067226505,0.0087162759,0.9748178720
8167,"/kaggle/input/datasets/arafat221156011/mri-dataset/Epic and CSCR hospital Dataset/Train/pituitary/P_836_RO_.jpg",3,pituitary,3,pituitary,0.0088028545,0.0095086545,0.0077709220,0.9739176631
8175,"/kaggle/input/datasets/arafat221156011/mri-dataset/Epic and CSCR hospital Dataset/Train/pituitary/P_837_SP_.jpg",3,pituitary,3,pituitary,0.0097020660,0.0065384186,0.0080517353,0.9757077098
8180,"/kaggle/input/datasets/arafat221156011/mri-dataset/Epic and CSCR hospital Dataset/Train/pituitary/P_838_HF_.jpg",3,pituitary,3,pituitary,0.0092509510,0.0062070638,0.0083782058,0.9761637449
8186,"/kaggle/input/datasets/arafat221156011/mri-dataset/Epic and CSCR hospital Dataset/Train/pituitary/P_839_DA_.jpg",3,pituitary,3,pituitary,0.0104458788,0.0059265802,0.0086844536,0.9749430418
8191,"/kaggle/input/datasets/arafat221156011/mri-dataset/Epic and CSCR hospital Dataset/Train/pituitary/P_83_BR_.jpg",3,pituitary,3,pituitary,0.0098015880,0.0057959119,0.0085097179,0.9758927226
8192,"/kaggle/input/datasets/arafat221156011/mri-dataset/Epic and CSCR hospital Dataset/Train/pituitary/P_83_DA_.jpg",3,pituitary,3,pituitary,0.0101998094,0.0058142492,0.0090342350,0.9749516249
8199,"/kaggle/input/datasets/arafat221156011/mri-dataset/Epic and CSCR hospital Dataset/Train/pituitary/P_840_BR_.jpg",3,pituitary,3,pituitary,0.0097520025,0.0058785588,0.0083121387,0.9760572314
8209,"/kaggle/input/datasets/arafat221156011/mri-dataset/Epic and CSCR hospital Dataset/Train/pituitary/P_841_RO_.jpg",3,pituitary,3,pituitary,0.0101550743,0.0057181800,0.0083063720,0.9758204222
8211,"/kaggle/input/datasets/arafat221156011/mri-dataset/Epic and CSCR hospital Dataset/Train/pituitary/P_841_VF_.jpg",3,pituitary,3,pituitary,0.0107715372,0.0057168626,0.0084612966,0.9750502706
8218,"/kaggle/input/datasets/arafat221156011/mri-dataset/Epic and CSCR hospital Dataset/Train/pituitary/P_842_VF_.jpg",3,pituitary,3,pituitary,0.0104130851,0.0054839267,0.0082505271,0.9758524895
8225,"/kaggle/input/datasets/arafat221156011/mri-dataset/Epic and CSCR hospital Dataset/Train/pituitary/P_843_VF_.jpg",3,pituitary,3,pituitary,0.0098538501,0.0076796808,0.0079976907,0.9744687080
8231,"/kaggle/input/datasets/arafat221156011/mri-dataset/Epic and CSCR hospital Dataset/Train/pituitary/P_844_SP_.jpg",3,pituitary,3,pituitary,0.0100762211,0.0068398667,0.0081138238,0.9749700427
8232,"/kaggle/input/datasets/arafat221156011/mri-dataset/Epic and CSCR hospital Dataset/Train/pituitary/P_844_VF_.jpg",3,pituitary,1,meningioma,0.0058375914,0.9728116989,0.0072768675,0.0140739577
8243,"/kaggle/input/datasets/arafat221156011/mri-dataset/Epic and CSCR hospital Dataset/Train/pituitary/Te-pi_0022.jpg",3,pituitary,3,pituitary,0.0097259786,0.0065536788,0.0085541029,0.9751661420
8245,"/kaggle/input/datasets/arafat221156011/mri-dataset/Epic and CSCR hospital Dataset/Train/pituitary/Te-pi_0024.jpg",3,pituitary,3,pituitary,0.0108765168,0.0060108434,0.0082872603,0.9748253822
8254,"/kaggle/input/datasets/arafat221156011/mri-dataset/Epic and CSCR hospital Dataset/Train/pituitary/Te-pi_0033.jpg",3,pituitary,3,pituitary,0.0096171573,0.0058155861,0.0084509319,0.9761163592
8256,"/kaggle/input/datasets/arafat221156011/mri-dataset/Epic and CSCR hospital Dataset/Train/pituitary/Te-pi_0035.jpg",3,pituitary,3,pituitary,0.0093764085,0.0073514893,0.0079774652,0.9752947092
8275,"/kaggle/input/datasets/arafat221156011/mri-dataset/Epic and CSCR hospital Dataset/Train/pituitary/Te-pi_0054.jpg",3,pituitary,3,pituitary,0.0102663096,0.0060442248,0.0082655158,0.9754239917
8283,"/kaggle/input/datasets/arafat221156011/mri-dataset/Epic and CSCR hospital Dataset/Train/pituitary/Te-pi_0072.jpg",3,pituitary,3,pituitary,0.0094642537,0.0068332390,0.0083860680,0.9753164053
8293,"/kaggle/input/datasets/arafat221156011/mri-dataset/Epic and CSCR hospital Dataset/Train/pituitary/Te-pi_0082.jpg",3,pituitary,3,pituitary,0.0100781089,0.0065519670,0.0080263820,0.9753435850
8295,"/kaggle/input/datasets/arafat221156011/mri-dataset/Epic and CSCR hospital Dataset/Train/pituitary/Te-pi_0084.jpg",3,pituitary,3,pituitary,0.0093452148,0.0065963715,0.0082149012,0.9758435488
8306,"/kaggle/input/datasets/arafat221156011/mri-dataset/Epic and CSCR hospital Dataset/Train/pituitary/Te-pi_0095.jpg",3,pituitary,3,pituitary,0.0106168194,0.0059572780,0.0081299208,0.9752959013
8307,"/kaggle/input/datasets/arafat221156011/mri-dataset/Epic and CSCR hospital Dataset/Train/pituitary/Te-pi_0096.jpg",3,pituitary,3,pituitary,0.0097577991,0.0060497564,0.0083948225,0.9757976532
8308,"/kaggle/input/datasets/arafat221156011/mri-dataset/Epic and CSCR hospital Dataset/Train/pituitary/Te-pi_0097.jpg",3,pituitary,3,pituitary,0.0100567313,0.0058221635,0.0083080037,0.9758130908
8315,"/kaggle/input/datasets/arafat221156011/mri-dataset/Epic and CSCR hospital Dataset/Train/pituitary/Te-pi_0104.jpg",3,pituitary,3,pituitary,0.0100885648,0.0059139719,0.0085129840,0.9754845500
8321,"/kaggle/input/datasets/arafat221156011/mri-dataset/Epic and CSCR hospital Dataset/Train/pituitary/Te-pi_0110.jpg",3,pituitary,3,pituitary,0.0099748345,0.0059555322,0.0084118638,0.9756577611
8326,"/kaggle/input/datasets/arafat221156011/mri-dataset/Epic and CSCR hospital Dataset/Train/pituitary/Te-pi_0115.jpg",3,pituitary,3,pituitary,0.0100315064,0.0057615726,0.0083916951,0.9758152962
8328,"/kaggle/input/datasets/arafat221156011/mri-dataset/Epic and CSCR hospital Dataset/Train/pituitary/Te-pi_0117.jpg",3,pituitary,3,pituitary,0.0100757293,0.0059310766,0.0084815500,0.9755116701
8330,"/kaggle/input/datasets/arafat221156011/mri-dataset/Epic and CSCR hospital Dataset/Train/pituitary/Te-pi_0119.jpg",3,pituitary,3,pituitary,0.0099653145,0.0057214843,0.0087830853,0.9755300283
8340,"/kaggle/input/datasets/arafat221156011/mri-dataset/Epic and CSCR hospital Dataset/Train/pituitary/Te-pi_0129.jpg",3,pituitary,3,pituitary,0.0098610427,0.0062455856,0.0084692892,0.9754239917
8346,"/kaggle/input/datasets/arafat221156011/mri-dataset/Epic and CSCR hospital Dataset/Train/pituitary/Te-pi_0135.jpg",3,pituitary,3,pituitary,0.0098237488,0.0062002703,0.0083219018,0.9756541252
8347,"/kaggle/input/datasets/arafat221156011/mri-dataset/Epic and CSCR hospital Dataset/Train/pituitary/Te-pi_0136.jpg",3,pituitary,3,pituitary,0.0092375223,0.0070249895,0.0080674347,0.9756700397
8349,"/kaggle/input/datasets/arafat221156011/mri-dataset/Epic and CSCR hospital Dataset/Train/pituitary/Te-pi_0138.jpg",3,pituitary,3,pituitary,0.0094231637,0.0064423839,0.0083800443,0.9757544398
8353,"/kaggle/input/datasets/arafat221156011/mri-dataset/Epic and CSCR hospital Dataset/Train/pituitary/Te-pi_0142.jpg",3,pituitary,3,pituitary,0.0098013971,0.0066588186,0.0081649926,0.9753748178
8355,"/kaggle/input/datasets/arafat221156011/mri-dataset/Epic and CSCR hospital Dataset/Train/pituitary/Te-pi_0144.jpg",3,pituitary,3,pituitary,0.0093451850,0.0070134001,0.0079685142,0.9756729007
8360,"/kaggle/input/datasets/arafat221156011/mri-dataset/Epic and CSCR hospital Dataset/Train/pituitary/Te-pi_0149.jpg",3,pituitary,3,pituitary,0.0097614508,0.0060822377,0.0085323211,0.9756239653
8361,"/kaggle/input/datasets/arafat221156011/mri-dataset/Epic and CSCR hospital Dataset/Train/pituitary/Te-pi_0150.jpg",3,pituitary,3,pituitary,0.0094306692,0.0069188378,0.0081889825,0.9754614830
8363,"/kaggle/input/datasets/arafat221156011/mri-dataset/Epic and CSCR hospital Dataset/Train/pituitary/Te-pi_0152.jpg",3,pituitary,3,pituitary,0.0093643758,0.0065879510,0.0085928058,0.9754549265
8370,"/kaggle/input/datasets/arafat221156011/mri-dataset/Epic and CSCR hospital Dataset/Train/pituitary/Te-pi_0159.jpg",3,pituitary,3,pituitary,0.0095701935,0.0064091710,0.0084405486,0.9755800366
8379,"/kaggle/input/datasets/arafat221156011/mri-dataset/Epic and CSCR hospital Dataset/Train/pituitary/Te-pi_0177.jpg",3,pituitary,3,pituitary,0.0096530383,0.0057697985,0.0084922025,0.9760848880
8381,"/kaggle/input/datasets/arafat221156011/mri-dataset/Epic and CSCR hospital Dataset/Train/pituitary/Te-pi_0179.jpg",3,pituitary,3,pituitary,0.0092868814,0.0073325066,0.0080605121,0.9753201604
8388,"/kaggle/input/datasets/arafat221156011/mri-dataset/Epic and CSCR hospital Dataset/Train/pituitary/Te-pi_0186.jpg",3,pituitary,3,pituitary,0.0092814965,0.0065942155,0.0084541682,0.9756701589
8391,"/kaggle/input/datasets/arafat221156011/mri-dataset/Epic and CSCR hospital Dataset/Train/pituitary/Te-pi_0189.jpg",3,pituitary,3,pituitary,0.0098619936,0.0063328310,0.0082515730,0.9755536318
8395,"/kaggle/input/datasets/arafat221156011/mri-dataset/Epic and CSCR hospital Dataset/Train/pituitary/Te-pi_0193.jpg",3,pituitary,3,pituitary,0.0101105496,0.0065615894,0.0082619600,0.9750660062
8398,"/kaggle/input/datasets/arafat221156011/mri-dataset/Epic and CSCR hospital Dataset/Train/pituitary/Te-pi_0196.jpg",3,pituitary,3,pituitary,0.0095321462,0.0071338429,0.0077256253,0.9756084681
8402,"/kaggle/input/datasets/arafat221156011/mri-dataset/Epic and CSCR hospital Dataset/Train/pituitary/Te-pi_0200.jpg",3,pituitary,3,pituitary,0.0099979704,0.0059263399,0.0087068398,0.9753688574
8407,"/kaggle/input/datasets/arafat221156011/mri-dataset/Epic and CSCR hospital Dataset/Train/pituitary/Te-pi_0205.jpg",3,pituitary,3,pituitary,0.0098297205,0.0065104724,0.0080391970,0.9756206274
8413,"/kaggle/input/datasets/arafat221156011/mri-dataset/Epic and CSCR hospital Dataset/Train/pituitary/Tr-pi_0049.jpg",3,pituitary,3,pituitary,0.0097007034,0.0062488313,0.0083535705,0.9756969213
8418,"/kaggle/input/datasets/arafat221156011/mri-dataset/Epic and CSCR hospital Dataset/Train/pituitary/Tr-pi_0054.jpg",3,pituitary,3,pituitary,0.0107296500,0.0056264675,0.0084309885,0.9752128720
8421,"/kaggle/input/datasets/arafat221156011/mri-dataset/Epic and CSCR hospital Dataset/Train/pituitary/Tr-pi_0057.jpg",3,pituitary,3,pituitary,0.0105221281,0.0055511724,0.0083555272,0.9755711555
8423,"/kaggle/input/datasets/arafat221156011/mri-dataset/Epic and CSCR hospital Dataset/Train/pituitary/Tr-pi_0081.jpg",3,pituitary,3,pituitary,0.0096404348,0.0061447108,0.0082443040,0.9759705663
8428,"/kaggle/input/datasets/arafat221156011/mri-dataset/Epic and CSCR hospital Dataset/Train/pituitary/Tr-pi_0086.jpg",3,pituitary,3,pituitary,0.0096078450,0.0072856522,0.0081431968,0.9749633074
8437,"/kaggle/input/datasets/arafat221156011/mri-dataset/Epic and CSCR hospital Dataset/Train/pituitary/Tr-pi_0095.jpg",3,pituitary,3,pituitary,0.0099613843,0.0062202001,0.0082202647,0.9755981565
8438,"/kaggle/input/datasets/arafat221156011/mri-dataset/Epic and CSCR hospital Dataset/Train/pituitary/Tr-pi_0096.jpg",3,pituitary,3,pituitary,0.0097587658,0.0063340501,0.0082034934,0.9757035971
8440,"/kaggle/input/datasets/arafat221156011/mri-dataset/Epic and CSCR hospital Dataset/Train/pituitary/Tr-pi_0098.jpg",3,pituitary,3,pituitary,0.0098204352,0.0062050326,0.0082365330,0.9757379293
8441,"/kaggle/input/datasets/arafat221156011/mri-dataset/Epic and CSCR hospital Dataset/Train/pituitary/Tr-pi_0099.jpg",3,pituitary,3,pituitary,0.0097919293,0.0060495120,0.0083469087,0.9758116007
8444,"/kaggle/input/datasets/arafat221156011/mri-dataset/Epic and CSCR hospital Dataset/Train/pituitary/Tr-pi_0102.jpg",3,pituitary,3,pituitary,0.0101226214,0.0058652004,0.0083442796,0.9756678343
8458,"/kaggle/input/datasets/arafat221156011/mri-dataset/Epic and CSCR hospital Dataset/Train/pituitary/Tr-pi_0116.jpg",3,pituitary,3,pituitary,0.0099635366,0.0060176053,0.0084961159,0.9755228162
8462,"/kaggle/input/datasets/arafat221156011/mri-dataset/Epic and CSCR hospital Dataset/Train/pituitary/Tr-pi_0120.jpg",3,pituitary,3,pituitary,0.0101001486,0.0060742381,0.0085397027,0.9752858877
8463,"/kaggle/input/datasets/arafat221156011/mri-dataset/Epic and CSCR hospital Dataset/Train/pituitary/Tr-pi_0121.jpg",3,pituitary,1,meningioma,0.0042619095,0.7127230167,0.0068646781,0.2761504054
8469,"/kaggle/input/datasets/arafat221156011/mri-dataset/Epic and CSCR hospital Dataset/Train/pituitary/Tr-pi_0128.jpg",3,pituitary,3,pituitary,0.0100938687,0.0062664202,0.0082298722,0.9754098654
8470,"/kaggle/input/datasets/arafat221156011/mri-dataset/Epic and CSCR hospital Dataset/Train/pituitary/Tr-pi_0129.jpg",3,pituitary,3,pituitary,0.0108254272,0.0056967731,0.0082548335,0.9752229452
8472,"/kaggle/input/datasets/arafat221156011/mri-dataset/Epic and CSCR hospital Dataset/Train/pituitary/Tr-pi_0131.jpg",3,pituitary,3,pituitary,0.0097650392,0.0062691011,0.0082322806,0.9757335782
8473,"/kaggle/input/datasets/arafat221156011/mri-dataset/Epic and CSCR hospital Dataset/Train/pituitary/Tr-pi_0132.jpg",3,pituitary,3,pituitary,0.0099093840,0.0067261159,0.0081071453,0.9752572775
8481,"/kaggle/input/datasets/arafat221156011/mri-dataset/Epic and CSCR hospital Dataset/Train/pituitary/Tr-pi_0140.jpg",3,pituitary,3,pituitary,0.0095545929,0.0063671498,0.0082394909,0.9758387804
8484,"/kaggle/input/datasets/arafat221156011/mri-dataset/Epic and CSCR hospital Dataset/Train/pituitary/Tr-pi_0143.jpg",3,pituitary,3,pituitary,0.0102011478,0.0060454458,0.0082068322,0.9755466580
8491,"/kaggle/input/datasets/arafat221156011/mri-dataset/Epic and CSCR hospital Dataset/Train/pituitary/Tr-pi_0150.jpg",3,pituitary,3,pituitary,0.0098681366,0.0063090562,0.0081890868,0.9756337404
8492,"/kaggle/input/datasets/arafat221156011/mri-dataset/Epic and CSCR hospital Dataset/Train/pituitary/Tr-pi_0151.jpg",3,pituitary,3,pituitary,0.0097789783,0.0061779004,0.0081702489,0.9758728743
8496,"/kaggle/input/datasets/arafat221156011/mri-dataset/Epic and CSCR hospital Dataset/Train/pituitary/Tr-pi_0155.jpg",3,pituitary,3,pituitary,0.0101665501,0.0059570842,0.0084058968,0.9754703641
8498,"/kaggle/input/datasets/arafat221156011/mri-dataset/Epic and CSCR hospital Dataset/Train/pituitary/Tr-pi_0157.jpg",3,pituitary,3,pituitary,0.0100306934,0.0060958290,0.0084441081,0.9754293561
8499,"/kaggle/input/datasets/arafat221156011/mri-dataset/Epic and CSCR hospital Dataset/Train/pituitary/Tr-pi_0158.jpg",3,pituitary,3,pituitary,0.0093273837,0.0071743401,0.0078573599,0.9756408930
8501,"/kaggle/input/datasets/arafat221156011/mri-dataset/Epic and CSCR hospital Dataset/Train/pituitary/Tr-pi_0160.jpg",3,pituitary,3,pituitary,0.0096625779,0.0067112530,0.0079166722,0.9757095575
8504,"/kaggle/input/datasets/arafat221156011/mri-dataset/Epic and CSCR hospital Dataset/Train/pituitary/Tr-pi_0163.jpg",3,pituitary,3,pituitary,0.0090836436,0.0071763708,0.0078427475,0.9758973122
8509,"/kaggle/input/datasets/arafat221156011/mri-dataset/Epic and CSCR hospital Dataset/Train/pituitary/Tr-pi_0168.jpg",3,pituitary,3,pituitary,0.0102604879,0.0056944587,0.0085227694,0.9755223393
8524,"/kaggle/input/datasets/arafat221156011/mri-dataset/Epic and CSCR hospital Dataset/Train/pituitary/Tr-pi_0183.jpg",3,pituitary,3,pituitary,0.0121929199,0.0058342302,0.0077505074,0.9742223620
8529,"/kaggle/input/datasets/arafat221156011/mri-dataset/Epic and CSCR hospital Dataset/Train/pituitary/Tr-pi_0188.jpg",3,pituitary,3,pituitary,0.0103324382,0.0059047057,0.0080241878,0.9757386446
8533,"/kaggle/input/datasets/arafat221156011/mri-dataset/Epic and CSCR hospital Dataset/Train/pituitary/Tr-pi_0192.jpg",3,pituitary,3,pituitary,0.0097489152,0.0064747101,0.0082605341,0.9755158424
8535,"/kaggle/input/datasets/arafat221156011/mri-dataset/Epic and CSCR hospital Dataset/Train/pituitary/Tr-pi_0194.jpg",3,pituitary,3,pituitary,0.0097469799,0.0062299049,0.0083649922,0.9756580591
8539,"/kaggle/input/datasets/arafat221156011/mri-dataset/Epic and CSCR hospital Dataset/Train/pituitary/Tr-pi_0198.jpg",3,pituitary,3,pituitary,0.0107465191,0.0060693189,0.0080969874,0.9750871658
8540,"/kaggle/input/datasets/arafat221156011/mri-dataset/Epic and CSCR hospital Dataset/Train/pituitary/Tr-pi_0199.jpg",3,pituitary,3,pituitary,0.0177965928,0.0057326942,0.0083257835,0.9681448936
8544,"/kaggle/input/datasets/arafat221156011/mri-dataset/Epic and CSCR hospital Dataset/Train/pituitary/Tr-pi_0203.jpg",3,pituitary,3,pituitary,0.0110334093,0.0060172239,0.0083093243,0.9746400118
8548,"/kaggle/input/datasets/arafat221156011/mri-dataset/Epic and CSCR hospital Dataset/Train/pituitary/Tr-pi_0207.jpg",3,pituitary,3,pituitary,0.0097092008,0.0060341363,0.0082250033,0.9760316610
8551,"/kaggle/input/datasets/arafat221156011/mri-dataset/Epic and CSCR hospital Dataset/Train/pituitary/Tr-pi_0210.jpg",3,pituitary,3,pituitary,0.0098324539,0.0060833180,0.0082830330,0.9758012891
8555,"/kaggle/input/datasets/arafat221156011/mri-dataset/Epic and CSCR hospital Dataset/Train/pituitary/Tr-pi_0214.jpg",3,pituitary,3,pituitary,0.0105257854,0.0060902131,0.0082671382,0.9751169086
8557,"/kaggle/input/datasets/arafat221156011/mri-dataset/Epic and CSCR hospital Dataset/Train/pituitary/Tr-pi_0216.jpg",3,pituitary,3,pituitary,0.0098228659,0.0056990059,0.0087132566,0.9757648706
8560,"/kaggle/input/datasets/arafat221156011/mri-dataset/Epic and CSCR hospital Dataset/Train/pituitary/Tr-pi_0219.jpg",3,pituitary,3,pituitary,0.0098425392,0.0058188294,0.0084077735,0.9759308100
8571,"/kaggle/input/datasets/arafat221156011/mri-dataset/Epic and CSCR hospital Dataset/Train/pituitary/Tr-pi_0230.jpg",3,pituitary,3,pituitary,0.0098852571,0.0062617203,0.0082532596,0.9755997658
8573,"/kaggle/input/datasets/arafat221156011/mri-dataset/Epic and CSCR hospital Dataset/Train/pituitary/Tr-pi_0232.jpg",3,pituitary,3,pituitary,0.0101673678,0.0060415710,0.0083206762,0.9754703641
8578,"/kaggle/input/datasets/arafat221156011/mri-dataset/Epic and CSCR hospital Dataset/Train/pituitary/Tr-pi_0237.jpg",3,pituitary,3,pituitary,0.0097959405,0.0058941767,0.0083736684,0.9759361148
8595,"/kaggle/input/datasets/arafat221156011/mri-dataset/Epic and CSCR hospital Dataset/Train/pituitary/Tr-pi_0254.jpg",3,pituitary,3,pituitary,0.0098827584,0.0062683648,0.0081488099,0.9757000804
8599,"/kaggle/input/datasets/arafat221156011/mri-dataset/Epic and CSCR hospital Dataset/Train/pituitary/Tr-pi_0258.jpg",3,pituitary,3,pituitary,0.0098660942,0.0066776229,0.0079749217,0.9754813313
8600,"/kaggle/input/datasets/arafat221156011/mri-dataset/Epic and CSCR hospital Dataset/Train/pituitary/Tr-pi_0259.jpg",3,pituitary,3,pituitary,0.0095548406,0.0068011857,0.0079474617,0.9756964445
8601,"/kaggle/input/datasets/arafat221156011/mri-dataset/Epic and CSCR hospital Dataset/Train/pituitary/Tr-pi_0260.jpg",3,pituitary,3,pituitary,0.0097838175,0.0066673988,0.0081697097,0.9753791094
8604,"/kaggle/input/datasets/arafat221156011/mri-dataset/Epic and CSCR hospital Dataset/Train/pituitary/Tr-pi_0263.jpg",3,pituitary,3,pituitary,0.0098253135,0.0069712386,0.0078587178,0.9753446579
8610,"/kaggle/input/datasets/arafat221156011/mri-dataset/Epic and CSCR hospital Dataset/Train/pituitary/Tr-pi_0269.jpg",3,pituitary,3,pituitary,0.0099878740,0.0066523640,0.0079864180,0.9753733873
8621,"/kaggle/input/datasets/arafat221156011/mri-dataset/Epic and CSCR hospital Dataset/Train/pituitary/Tr-pi_0280.jpg",3,pituitary,3,pituitary,0.0097830724,0.0065936595,0.0078843348,0.9757388830
8623,"/kaggle/input/datasets/arafat221156011/mri-dataset/Epic and CSCR hospital Dataset/Train/pituitary/Tr-pi_0282.jpg",3,pituitary,3,pituitary,0.0098963492,0.0070185936,0.0075152935,0.9755697250
8631,"/kaggle/input/datasets/arafat221156011/mri-dataset/Epic and CSCR hospital Dataset/Train/pituitary/Tr-pi_0290.jpg",3,pituitary,3,pituitary,0.0105838152,0.0058408156,0.0082215564,0.9753538370
8639,"/kaggle/input/datasets/arafat221156011/mri-dataset/Epic and CSCR hospital Dataset/Train/pituitary/Tr-pi_0298.jpg",3,pituitary,3,pituitary,0.0096009020,0.0067881248,0.0079458505,0.9756652117
8640,"/kaggle/input/datasets/arafat221156011/mri-dataset/Epic and CSCR hospital Dataset/Train/pituitary/Tr-pi_0299.jpg",3,pituitary,3,pituitary,0.0099052666,0.0065120133,0.0081671728,0.9754155278
8644,"/kaggle/input/datasets/arafat221156011/mri-dataset/Epic and CSCR hospital Dataset/Train/pituitary/Tr-pi_0303.jpg",3,pituitary,3,pituitary,0.0095334146,0.0064278478,0.0081226472,0.9759160876
8646,"/kaggle/input/datasets/arafat221156011/mri-dataset/Epic and CSCR hospital Dataset/Train/pituitary/Tr-pi_0305.jpg",3,pituitary,3,pituitary,0.0091171786,0.0074258433,0.0078372899,0.9756196737
8648,"/kaggle/input/datasets/arafat221156011/mri-dataset/Epic and CSCR hospital Dataset/Train/pituitary/Tr-pi_0307.jpg",3,pituitary,3,pituitary,0.0100503983,0.0063693123,0.0081115523,0.9754687548
8650,"/kaggle/input/datasets/arafat221156011/mri-dataset/Epic and CSCR hospital Dataset/Train/pituitary/Tr-pi_0309.jpg",3,pituitary,3,pituitary,0.0097685661,0.0064499965,0.0080288406,0.9757526517
8657,"/kaggle/input/datasets/arafat221156011/mri-dataset/Epic and CSCR hospital Dataset/Train/pituitary/Tr-pi_0316.jpg",3,pituitary,3,pituitary,0.0094857030,0.0065239975,0.0081340075,0.9758563042
8663,"/kaggle/input/datasets/arafat221156011/mri-dataset/Epic and CSCR hospital Dataset/Train/pituitary/Tr-pi_0322.jpg",3,pituitary,3,pituitary,0.0104873497,0.0063689016,0.0081602717,0.9749835134
8669,"/kaggle/input/datasets/arafat221156011/mri-dataset/Epic and CSCR hospital Dataset/Train/pituitary/Tr-pi_0328.jpg",3,pituitary,3,pituitary,0.0096041085,0.0065045059,0.0081896419,0.9757016897
8674,"/kaggle/input/datasets/arafat221156011/mri-dataset/Epic and CSCR hospital Dataset/Train/pituitary/Tr-pi_0333.jpg",3,pituitary,3,pituitary,0.0096404711,0.0064571984,0.0081665386,0.9757358432
8684,"/kaggle/input/datasets/arafat221156011/mri-dataset/Epic and CSCR hospital Dataset/Train/pituitary/Tr-pi_0343.jpg",3,pituitary,3,pituitary,0.0098373173,0.0059751556,0.0083500231,0.9758374095
8685,"/kaggle/input/datasets/arafat221156011/mri-dataset/Epic and CSCR hospital Dataset/Train/pituitary/Tr-pi_0344.jpg",3,pituitary,3,pituitary,0.0100570982,0.0061528324,0.0081443191,0.9756457210
8689,"/kaggle/input/datasets/arafat221156011/mri-dataset/Epic and CSCR hospital Dataset/Train/pituitary/Tr-pi_0348.jpg",3,pituitary,3,pituitary,0.0099515282,0.0061018541,0.0081519503,0.9757946730
8697,"/kaggle/input/datasets/arafat221156011/mri-dataset/Epic and CSCR hospital Dataset/Train/pituitary/Tr-pi_0356.jpg",3,pituitary,3,pituitary,0.0098128933,0.0059640454,0.0081676450,0.9760554433
8700,"/kaggle/input/datasets/arafat221156011/mri-dataset/Epic and CSCR hospital Dataset/Train/pituitary/Tr-pi_0359.jpg",3,pituitary,3,pituitary,0.0096024508,0.0065634116,0.0082633095,0.9755708575
8717,"/kaggle/input/datasets/arafat221156011/mri-dataset/Epic and CSCR hospital Dataset/Train/pituitary/Tr-pi_0376.jpg",3,pituitary,3,pituitary,0.0097536119,0.0057848929,0.0088691274,0.9755924344
8727,"/kaggle/input/datasets/arafat221156011/mri-dataset/Epic and CSCR hospital Dataset/Train/pituitary/Tr-pi_0386.jpg",3,pituitary,3,pituitary,0.0100823762,0.0060501262,0.0083166268,0.9755508304
8739,"/kaggle/input/datasets/arafat221156011/mri-dataset/Epic and CSCR hospital Dataset/Train/pituitary/Tr-pi_0398.jpg",3,pituitary,3,pituitary,0.0095408205,0.0065991008,0.0084509328,0.9754091501
8747,"/kaggle/input/datasets/arafat221156011/mri-dataset/Epic and CSCR hospital Dataset/Train/pituitary/Tr-pi_0406.jpg",3,pituitary,3,pituitary,0.0105778240,0.0057034516,0.0082705244,0.9754482508
8748,"/kaggle/input/datasets/arafat221156011/mri-dataset/Epic and CSCR hospital Dataset/Train/pituitary/Tr-pi_0407.jpg",3,pituitary,3,pituitary,0.0102660935,0.0059349192,0.0083047813,0.9754942060
8749,"/kaggle/input/datasets/arafat221156011/mri-dataset/Epic and CSCR hospital Dataset/Train/pituitary/Tr-pi_0408.jpg",3,pituitary,3,pituitary,0.0101417135,0.0059961225,0.0085537881,0.9753082991
8752,"/kaggle/input/datasets/arafat221156011/mri-dataset/Epic and CSCR hospital Dataset/Train/pituitary/Tr-pi_0411.jpg",3,pituitary,3,pituitary,0.0098529905,0.0061935415,0.0079363445,0.9760171175
8753,"/kaggle/input/datasets/arafat221156011/mri-dataset/Epic and CSCR hospital Dataset/Train/pituitary/Tr-pi_0412.jpg",3,pituitary,3,pituitary,0.0099956440,0.0058736005,0.0082061104,0.9759246111
8761,"/kaggle/input/datasets/arafat221156011/mri-dataset/Epic and CSCR hospital Dataset/Train/pituitary/Tr-pi_0420.jpg",3,pituitary,3,pituitary,0.0102611203,0.0060671950,0.0081246682,0.9755470157
8765,"/kaggle/input/datasets/arafat221156011/mri-dataset/Epic and CSCR hospital Dataset/Train/pituitary/Tr-pi_0424.jpg",3,pituitary,3,pituitary,0.0100530963,0.0066826800,0.0078224614,0.9754417539
8767,"/kaggle/input/datasets/arafat221156011/mri-dataset/Epic and CSCR hospital Dataset/Train/pituitary/Tr-pi_0426.jpg",3,pituitary,3,pituitary,0.0098168887,0.0063787727,0.0080269128,0.9757775068
8770,"/kaggle/input/datasets/arafat221156011/mri-dataset/Epic and CSCR hospital Dataset/Train/pituitary/Tr-pi_0429.jpg",3,pituitary,3,pituitary,0.0098961443,0.0064523267,0.0079828100,0.9756687284
8781,"/kaggle/input/datasets/arafat221156011/mri-dataset/Epic and CSCR hospital Dataset/Train/pituitary/Tr-pi_0440.jpg",3,pituitary,3,pituitary,0.0095201638,0.0066484166,0.0080091553,0.9758223295
8782,"/kaggle/input/datasets/arafat221156011/mri-dataset/Epic and CSCR hospital Dataset/Train/pituitary/Tr-pi_0441.jpg",3,pituitary,3,pituitary,0.0096738134,0.0063318135,0.0082112700,0.9757830501
8787,"/kaggle/input/datasets/arafat221156011/mri-dataset/Epic and CSCR hospital Dataset/Train/pituitary/Tr-pi_0446.jpg",3,pituitary,3,pituitary,0.0100599695,0.0059825042,0.0083650714,0.9755924344
8801,"/kaggle/input/datasets/arafat221156011/mri-dataset/Epic and CSCR hospital Dataset/Train/pituitary/Tr-pi_0460.jpg",3,pituitary,3,pituitary,0.0104382569,0.0058614332,0.0081790593,0.9755212069
8802,"/kaggle/input/datasets/arafat221156011/mri-dataset/Epic and CSCR hospital Dataset/Train/pituitary/Tr-pi_0461.jpg",3,pituitary,3,pituitary,0.0109294215,0.0059097107,0.0078979079,0.9752629399
8806,"/kaggle/input/datasets/arafat221156011/mri-dataset/Epic and CSCR hospital Dataset/Train/pituitary/Tr-pi_0465.jpg",3,pituitary,3,pituitary,0.0100663733,0.0057816887,0.0082514351,0.9759004712
8814,"/kaggle/input/datasets/arafat221156011/mri-dataset/Epic and CSCR hospital Dataset/Train/pituitary/Tr-pi_0473.jpg",3,pituitary,3,pituitary,0.0100194924,0.0064439299,0.0081765745,0.9753600955
8821,"/kaggle/input/datasets/arafat221156011/mri-dataset/Epic and CSCR hospital Dataset/Train/pituitary/Tr-pi_0480.jpg",3,pituitary,3,pituitary,0.0101797963,0.0060619810,0.0081861224,0.9755719900
8837,"/kaggle/input/datasets/arafat221156011/mri-dataset/Epic and CSCR hospital Dataset/Train/pituitary/Tr-pi_0496.jpg",3,pituitary,3,pituitary,0.0106640477,0.0064851716,0.0082717873,0.9745789766
8842,"/kaggle/input/datasets/arafat221156011/mri-dataset/Epic and CSCR hospital Dataset/Train/pituitary/Tr-pi_0501.jpg",3,pituitary,3,pituitary,0.0089008231,0.0077493079,0.0080920747,0.9752578735
8844,"/kaggle/input/datasets/arafat221156011/mri-dataset/Epic and CSCR hospital Dataset/Train/pituitary/Tr-pi_0503.jpg",3,pituitary,3,pituitary,0.0092726480,0.0075316266,0.0079406202,0.9752551317
8864,"/kaggle/input/datasets/arafat221156011/mri-dataset/Epic and CSCR hospital Dataset/Train/pituitary/Tr-pi_0523.jpg",3,pituitary,3,pituitary,0.0101735508,0.0057139276,0.0084497379,0.9756628275
8867,"/kaggle/input/datasets/arafat221156011/mri-dataset/Epic and CSCR hospital Dataset/Train/pituitary/Tr-pi_0526.jpg",3,pituitary,3,pituitary,0.0102327857,0.0056779892,0.0085286191,0.9755606651
8870,"/kaggle/input/datasets/arafat221156011/mri-dataset/Epic and CSCR hospital Dataset/Train/pituitary/Tr-pi_0529.jpg",3,pituitary,3,pituitary,0.0101354355,0.0056626447,0.0084458468,0.9757561684
8878,"/kaggle/input/datasets/arafat221156011/mri-dataset/Epic and CSCR hospital Dataset/Train/pituitary/Tr-pi_0537.jpg",3,pituitary,3,pituitary,0.0104117310,0.0060080523,0.0083563281,0.9752238393
8879,"/kaggle/input/datasets/arafat221156011/mri-dataset/Epic and CSCR hospital Dataset/Train/pituitary/Tr-pi_0538.jpg",3,pituitary,3,pituitary,0.0103843138,0.0059221778,0.0084071336,0.9752863050
8889,"/kaggle/input/datasets/arafat221156011/mri-dataset/Epic and CSCR hospital Dataset/Train/pituitary/Tr-pi_0548.jpg",3,pituitary,3,pituitary,0.0094303964,0.0066213249,0.0081551429,0.9757931828
8892,"/kaggle/input/datasets/arafat221156011/mri-dataset/Epic and CSCR hospital Dataset/Train/pituitary/Tr-pi_0551.jpg",3,pituitary,3,pituitary,0.0093295695,0.0068188854,0.0083428230,0.9755086899
8893,"/kaggle/input/datasets/arafat221156011/mri-dataset/Epic and CSCR hospital Dataset/Train/pituitary/Tr-pi_0552.jpg",3,pituitary,3,pituitary,0.0093102502,0.0066715265,0.0084304446,0.9755877256
8905,"/kaggle/input/datasets/arafat221156011/mri-dataset/Epic and CSCR hospital Dataset/Train/pituitary/Tr-pi_0564.jpg",3,pituitary,3,pituitary,0.0093807988,0.0068005780,0.0082575725,0.9755610228
8912,"/kaggle/input/datasets/arafat221156011/mri-dataset/Epic and CSCR hospital Dataset/Train/pituitary/Tr-pi_0571.jpg",3,pituitary,3,pituitary,0.0097339544,0.0063680969,0.0081640910,0.9757339358
8918,"/kaggle/input/datasets/arafat221156011/mri-dataset/Epic and CSCR hospital Dataset/Train/pituitary/Tr-pi_0577.jpg",3,pituitary,3,pituitary,0.0100505855,0.0060665272,0.0085053025,0.9753776789
8919,"/kaggle/input/datasets/arafat221156011/mri-dataset/Epic and CSCR hospital Dataset/Train/pituitary/Tr-pi_0578.jpg",3,pituitary,3,pituitary,0.0091521461,0.0074268193,0.0081919609,0.9752290845
8921,"/kaggle/input/datasets/arafat221156011/mri-dataset/Epic and CSCR hospital Dataset/Train/pituitary/Tr-pi_0580.jpg",3,pituitary,3,pituitary,0.0097767431,0.0065170079,0.0081129447,0.9755932689
8938,"/kaggle/input/datasets/arafat221156011/mri-dataset/Epic and CSCR hospital Dataset/Train/pituitary/Tr-pi_0597.jpg",3,pituitary,3,pituitary,0.0096555967,0.0072736135,0.0081046354,0.9749662280
8950,"/kaggle/input/datasets/arafat221156011/mri-dataset/Epic and CSCR hospital Dataset/Train/pituitary/Tr-pi_0609.jpg",3,pituitary,3,pituitary,0.0094171986,0.0064811250,0.0085566146,0.9755449295
8953,"/kaggle/input/datasets/arafat221156011/mri-dataset/Epic and CSCR hospital Dataset/Train/pituitary/Tr-pi_0612.jpg",3,pituitary,3,pituitary,0.0085933264,0.0085166907,0.0080708247,0.9748191833
8957,"/kaggle/input/datasets/arafat221156011/mri-dataset/Epic and CSCR hospital Dataset/Train/pituitary/Tr-pi_0616.jpg",3,pituitary,3,pituitary,0.0097020809,0.0070524691,0.0078729624,0.9753724933
8961,"/kaggle/input/datasets/arafat221156011/mri-dataset/Epic and CSCR hospital Dataset/Train/pituitary/Tr-pi_0620.jpg",3,pituitary,3,pituitary,0.0096127614,0.0068713864,0.0084223719,0.9750934839
8969,"/kaggle/input/datasets/arafat221156011/mri-dataset/Epic and CSCR hospital Dataset/Train/pituitary/Tr-pi_0628.jpg",3,pituitary,3,pituitary,0.0100096343,0.0068142465,0.0080300504,0.9751461148
8970,"/kaggle/input/datasets/arafat221156011/mri-dataset/Epic and CSCR hospital Dataset/Train/pituitary/Tr-pi_0629.jpg",3,pituitary,3,pituitary,0.0090155620,0.0075246310,0.0082584713,0.9752012491
8972,"/kaggle/input/datasets/arafat221156011/mri-dataset/Epic and CSCR hospital Dataset/Train/pituitary/Tr-pi_0631.jpg",3,pituitary,3,pituitary,0.0092254356,0.0069701588,0.0080554578,0.9757490158
8973,"/kaggle/input/datasets/arafat221156011/mri-dataset/Epic and CSCR hospital Dataset/Train/pituitary/Tr-pi_0632.jpg",3,pituitary,3,pituitary,0.0107435454,0.0061925771,0.0081020454,0.9749618769
8975,"/kaggle/input/datasets/arafat221156011/mri-dataset/Epic and CSCR hospital Dataset/Train/pituitary/Tr-pi_0634.jpg",3,pituitary,3,pituitary,0.0090414640,0.0070692860,0.0083205700,0.9755686522
8976,"/kaggle/input/datasets/arafat221156011/mri-dataset/Epic and CSCR hospital Dataset/Train/pituitary/Tr-pi_0635.jpg",3,pituitary,3,pituitary,0.0089664338,0.0071033174,0.0085089924,0.9754212499
8988,"/kaggle/input/datasets/arafat221156011/mri-dataset/Epic and CSCR hospital Dataset/Train/pituitary/Tr-pi_0647.jpg",3,pituitary,3,pituitary,0.0100862551,0.0066801896,0.0079758000,0.9752577543
8992,"/kaggle/input/datasets/arafat221156011/mri-dataset/Epic and CSCR hospital Dataset/Train/pituitary/Tr-pi_0651.jpg",3,pituitary,3,pituitary,0.0096031176,0.0079145720,0.0077824695,0.9746997952
8999,"/kaggle/input/datasets/arafat221156011/mri-dataset/Epic and CSCR hospital Dataset/Train/pituitary/Tr-pi_0658.jpg",3,pituitary,3,pituitary,0.0097177550,0.0062766955,0.0084335636,0.9755719900
9008,"/kaggle/input/datasets/arafat221156011/mri-dataset/Epic and CSCR hospital Dataset/Train/pituitary/Tr-pi_0667.jpg",3,pituitary,3,pituitary,0.0094406549,0.0065429835,0.0082013579,0.9758149981
9010,"/kaggle/input/datasets/arafat221156011/mri-dataset/Epic and CSCR hospital Dataset/Train/pituitary/Tr-pi_0669.jpg",3,pituitary,3,pituitary,0.0100553995,0.0064469725,0.0080351215,0.9754624367
9012,"/kaggle/input/datasets/arafat221156011/mri-dataset/Epic and CSCR hospital Dataset/Train/pituitary/Tr-pi_0671.jpg",3,pituitary,3,pituitary,0.0100406166,0.0066809519,0.0081426408,0.9751358032
9013,"/kaggle/input/datasets/arafat221156011/mri-dataset/Epic and CSCR hospital Dataset/Train/pituitary/Tr-pi_0672.jpg",3,pituitary,3,pituitary,0.0095329536,0.0059001832,0.0083935857,0.9761732817
9015,"/kaggle/input/datasets/arafat221156011/mri-dataset/Epic and CSCR hospital Dataset/Train/pituitary/Tr-pi_0674.jpg",3,pituitary,3,pituitary,0.0099382754,0.0059407935,0.0083918273,0.9757291675
9016,"/kaggle/input/datasets/arafat221156011/mri-dataset/Epic and CSCR hospital Dataset/Train/pituitary/Tr-pi_0675.jpg",3,pituitary,3,pituitary,0.0099893454,0.0056637609,0.0083409576,0.9760060310
9018,"/kaggle/input/datasets/arafat221156011/mri-dataset/Epic and CSCR hospital Dataset/Train/pituitary/Tr-pi_0677.jpg",3,pituitary,3,pituitary,0.0095869899,0.0071507199,0.0080140959,0.9752483368
9024,"/kaggle/input/datasets/arafat221156011/mri-dataset/Epic and CSCR hospital Dataset/Train/pituitary/Tr-pi_0683.jpg",3,pituitary,3,pituitary,0.0099775055,0.0060115866,0.0081409123,0.9758700132
9028,"/kaggle/input/datasets/arafat221156011/mri-dataset/Epic and CSCR hospital Dataset/Train/pituitary/Tr-pi_0687.jpg",3,pituitary,3,pituitary,0.0097962897,0.0060466579,0.0084475288,0.9757095575
9032,"/kaggle/input/datasets/arafat221156011/mri-dataset/Epic and CSCR hospital Dataset/Train/pituitary/Tr-pi_0691.jpg",3,pituitary,3,pituitary,0.0096326619,0.0068746200,0.0079277698,0.9755649567
9034,"/kaggle/input/datasets/arafat221156011/mri-dataset/Epic and CSCR hospital Dataset/Train/pituitary/Tr-pi_0693.jpg",3,pituitary,3,pituitary,0.0095194895,0.0065064924,0.0086659640,0.9753081203
9039,"/kaggle/input/datasets/arafat221156011/mri-dataset/Epic and CSCR hospital Dataset/Train/pituitary/Tr-pi_0698.jpg",3,pituitary,3,pituitary,0.0103508551,0.0059176376,0.0085811969,0.9751502872
9051,"/kaggle/input/datasets/arafat221156011/mri-dataset/Epic and CSCR hospital Dataset/Train/pituitary/Tr-pi_0710.jpg",3,pituitary,3,pituitary,0.0099861026,0.0065226643,0.0080014318,0.9754897952
9056,"/kaggle/input/datasets/arafat221156011/mri-dataset/Epic and CSCR hospital Dataset/Train/pituitary/Tr-pi_0715.jpg",3,pituitary,3,pituitary,0.0089719053,0.0074127624,0.0078660538,0.9757493138
9063,"/kaggle/input/datasets/arafat221156011/mri-dataset/Epic and CSCR hospital Dataset/Train/pituitary/Tr-pi_0722.jpg",3,pituitary,3,pituitary,0.0094308024,0.0068463301,0.0081539368,0.9755688906
9072,"/kaggle/input/datasets/arafat221156011/mri-dataset/Epic and CSCR hospital Dataset/Train/pituitary/Tr-pi_0731.jpg",3,pituitary,3,pituitary,0.0097386027,0.0064027607,0.0083425445,0.9755161405
9073,"/kaggle/input/datasets/arafat221156011/mri-dataset/Epic and CSCR hospital Dataset/Train/pituitary/Tr-pi_0732.jpg",3,pituitary,3,pituitary,0.0094018318,0.0061087511,0.0085810740,0.9759083986
9089,"/kaggle/input/datasets/arafat221156011/mri-dataset/Epic and CSCR hospital Dataset/Train/pituitary/Tr-pi_0748.jpg",3,pituitary,3,pituitary,0.0098273177,0.0059612365,0.0083377194,0.9758737683
9091,"/kaggle/input/datasets/arafat221156011/mri-dataset/Epic and CSCR hospital Dataset/Train/pituitary/Tr-pi_0750.jpg",3,pituitary,3,pituitary,0.0093672192,0.0068975338,0.0081145670,0.9756206274
9100,"/kaggle/input/datasets/arafat221156011/mri-dataset/Epic and CSCR hospital Dataset/Train/pituitary/Tr-pi_0759.jpg",3,pituitary,3,pituitary,0.0094070826,0.0070229485,0.0078206277,0.9757493138
9114,"/kaggle/input/datasets/arafat221156011/mri-dataset/Epic and CSCR hospital Dataset/Train/pituitary/Tr-pi_0773.jpg",3,pituitary,3,pituitary,0.0094848182,0.0066305595,0.0082772151,0.9756073952
9120,"/kaggle/input/datasets/arafat221156011/mri-dataset/Epic and CSCR hospital Dataset/Train/pituitary/Tr-pi_0779.jpg",3,pituitary,3,pituitary,0.0099997465,0.0072934171,0.0075564655,0.9751502872
9122,"/kaggle/input/datasets/arafat221156011/mri-dataset/Epic and CSCR hospital Dataset/Train/pituitary/Tr-pi_0781.jpg",3,pituitary,3,pituitary,0.0096371500,0.0068326690,0.0079691848,0.9755609632
9124,"/kaggle/input/datasets/arafat221156011/mri-dataset/Epic and CSCR hospital Dataset/Train/pituitary/Tr-pi_0783.jpg",3,pituitary,3,pituitary,0.0097501818,0.0063407877,0.0079904590,0.9759184718
9132,"/kaggle/input/datasets/arafat221156011/mri-dataset/Epic and CSCR hospital Dataset/Train/pituitary/Tr-pi_0791.jpg",3,pituitary,3,pituitary,0.0098090377,0.0065870048,0.0079759518,0.9756280184
9141,"/kaggle/input/datasets/arafat221156011/mri-dataset/Epic and CSCR hospital Dataset/Train/pituitary/Tr-pi_0800.jpg",3,pituitary,3,pituitary,0.0106721688,0.0061157807,0.0079947738,0.9752172232
9143,"/kaggle/input/datasets/arafat221156011/mri-dataset/Epic and CSCR hospital Dataset/Train/pituitary/Tr-pi_0802.jpg",3,pituitary,3,pituitary,0.0096277241,0.0061551593,0.0082986886,0.9759184122
9145,"/kaggle/input/datasets/arafat221156011/mri-dataset/Epic and CSCR hospital Dataset/Train/pituitary/Tr-pi_0846.jpg",3,pituitary,3,pituitary,0.0101011489,0.0059542572,0.0082798619,0.9756647348
9152,"/kaggle/input/datasets/arafat221156011/mri-dataset/Epic and CSCR hospital Dataset/Train/pituitary/Tr-pi_0946.jpg",3,pituitary,3,pituitary,0.0094101178,0.0059923315,0.0082988078,0.9762986898
9159,"/kaggle/input/datasets/arafat221156011/mri-dataset/Epic and CSCR hospital Dataset/Train/pituitary/Tr-pi_0953.jpg",3,pituitary,3,pituitary,0.0092521766,0.0066122203,0.0089189280,0.9752166867
9162,"/kaggle/input/datasets/arafat221156011/mri-dataset/Epic and CSCR hospital Dataset/Train/pituitary/Tr-pi_0956.jpg",3,pituitary,3,pituitary,0.0979447663,0.0085628573,0.0062965513,0.8871957660
9164,"/kaggle/input/datasets/arafat221156011/mri-dataset/Epic and CSCR hospital Dataset/Train/pituitary/Tr-pi_0958.jpg",3,pituitary,3,pituitary,0.0096609462,0.0069565922,0.0079607992,0.9754217267
9166,"/kaggle/input/datasets/arafat221156011/mri-dataset/Epic and CSCR hospital Dataset/Train/pituitary/Tr-pi_0990.jpg",3,pituitary,3,pituitary,0.0095539521,0.0065751239,0.0082360879,0.9756348729
9173,"/kaggle/input/datasets/arafat221156011/mri-dataset/Epic and CSCR hospital Dataset/Train/pituitary/Tr-pi_0997.jpg",3,pituitary,3,pituitary,0.0118629709,0.0065942258,0.0078020408,0.9737407565
9181,"/kaggle/input/datasets/arafat221156011/mri-dataset/Epic and CSCR hospital Dataset/Train/pituitary/Tr-pi_1005.jpg",3,pituitary,3,pituitary,0.0093185175,0.0069998307,0.0082417354,0.9754398465
9183,"/kaggle/input/datasets/arafat221156011/mri-dataset/Epic and CSCR hospital Dataset/Train/pituitary/Tr-pi_1007.jpg",3,pituitary,3,pituitary,0.0092487233,0.0070118187,0.0082392916,0.9755002260
9187,"/kaggle/input/datasets/arafat221156011/mri-dataset/Epic and CSCR hospital Dataset/Train/pituitary/Tr-pi_1011.jpg",3,pituitary,3,pituitary,0.0097763650,0.0061674616,0.0087042209,0.9753519297
9188,"/kaggle/input/datasets/arafat221156011/mri-dataset/Epic and CSCR hospital Dataset/Train/pituitary/Tr-pi_1012.jpg",3,pituitary,3,pituitary,0.0101903137,0.0061450917,0.0084430650,0.9752215147
9189,"/kaggle/input/datasets/arafat221156011/mri-dataset/Epic and CSCR hospital Dataset/Train/pituitary/Tr-pi_1013.jpg",3,pituitary,3,pituitary,0.0101204319,0.0059933006,0.0087222606,0.9751641154
9202,"/kaggle/input/datasets/arafat221156011/mri-dataset/Epic and CSCR hospital Dataset/Train/pituitary/Tr-pi_1026.jpg",3,pituitary,3,pituitary,0.0093138739,0.0067828684,0.0082113510,0.9756919146
9203,"/kaggle/input/datasets/arafat221156011/mri-dataset/Epic and CSCR hospital Dataset/Train/pituitary/Tr-pi_1027.jpg",3,pituitary,3,pituitary,0.0096204448,0.0062992172,0.0086205518,0.9754597545
9207,"/kaggle/input/datasets/arafat221156011/mri-dataset/Epic and CSCR hospital Dataset/Train/pituitary/Tr-pi_1031.jpg",3,pituitary,3,pituitary,0.0097045247,0.0061583314,0.0083759893,0.9757612348
9212,"/kaggle/input/datasets/arafat221156011/mri-dataset/Epic and CSCR hospital Dataset/Train/pituitary/Tr-pi_1036.jpg",3,pituitary,3,pituitary,0.0095691439,0.0063446225,0.0085653458,0.9755209088
9213,"/kaggle/input/datasets/arafat221156011/mri-dataset/Epic and CSCR hospital Dataset/Train/pituitary/Tr-pi_1037.jpg",3,pituitary,3,pituitary,0.0093787247,0.0064171255,0.0083933705,0.9758107066
9218,"/kaggle/input/datasets/arafat221156011/mri-dataset/Epic and CSCR hospital Dataset/Train/pituitary/Tr-pi_1044.jpg",3,pituitary,3,pituitary,0.0095815258,0.0063934652,0.0083421376,0.9756828547
9227,"/kaggle/input/datasets/arafat221156011/mri-dataset/Epic and CSCR hospital Dataset/Train/pituitary/Tr-pi_1054.jpg",3,pituitary,3,pituitary,0.0096897827,0.0064151525,0.0084103802,0.9754846692
9247,"/kaggle/input/datasets/arafat221156011/mri-dataset/Epic and CSCR hospital Dataset/Train/pituitary/Tr-pi_1074.jpg",3,pituitary,3,pituitary,0.0099754436,0.0068626725,0.0080360547,0.9751257896
9249,"/kaggle/input/datasets/arafat221156011/mri-dataset/Epic and CSCR hospital Dataset/Train/pituitary/Tr-pi_1076.jpg",3,pituitary,3,pituitary,0.0096439915,0.0067705228,0.0083433297,0.9752421379
9251,"/kaggle/input/datasets/arafat221156011/mri-dataset/Epic and CSCR hospital Dataset/Train/pituitary/Tr-pi_1078.jpg",3,pituitary,3,pituitary,0.0115781995,0.0057435096,0.0081050210,0.9745731354
9254,"/kaggle/input/datasets/arafat221156011/mri-dataset/Epic and CSCR hospital Dataset/Train/pituitary/Tr-pi_1081.jpg",3,pituitary,3,pituitary,0.0093107913,0.0072886297,0.0081431549,0.9752573967
9260,"/kaggle/input/datasets/arafat221156011/mri-dataset/Epic and CSCR hospital Dataset/Train/pituitary/Tr-pi_1087.jpg",3,pituitary,3,pituitary,0.0095395837,0.0075463639,0.0076009384,0.9753131866
9265,"/kaggle/input/datasets/arafat221156011/mri-dataset/Epic and CSCR hospital Dataset/Train/pituitary/Tr-pi_1093.jpg",3,pituitary,3,pituitary,0.0101502780,0.0065476606,0.0079106409,0.9753913879
9268,"/kaggle/input/datasets/arafat221156011/mri-dataset/Epic and CSCR hospital Dataset/Train/pituitary/Tr-pi_1096.jpg",3,pituitary,3,pituitary,0.0089419167,0.0071333284,0.0085419621,0.9753828049
9274,"/kaggle/input/datasets/arafat221156011/mri-dataset/Epic and CSCR hospital Dataset/Train/pituitary/Tr-pi_1103.jpg",3,pituitary,3,pituitary,0.0093190055,0.0071243034,0.0080264332,0.9755302668
9276,"/kaggle/input/datasets/arafat221156011/mri-dataset/Epic and CSCR hospital Dataset/Train/pituitary/Tr-pi_1105.jpg",3,pituitary,3,pituitary,0.0096659651,0.0063620443,0.0084059937,0.9755660295
9293,"/kaggle/input/datasets/arafat221156011/mri-dataset/Epic and CSCR hospital Dataset/Train/pituitary/Tr-pi_1126.jpg",3,pituitary,3,pituitary,0.0096775964,0.0070428266,0.0081972871,0.9750822186
9298,"/kaggle/input/datasets/arafat221156011/mri-dataset/Epic and CSCR hospital Dataset/Train/pituitary/Tr-pi_1131.jpg",3,pituitary,3,pituitary,0.0099083306,0.0064624166,0.0081768194,0.9754523039
9302,"/kaggle/input/datasets/arafat221156011/mri-dataset/Epic and CSCR hospital Dataset/Train/pituitary/Tr-pi_1135.jpg",3,pituitary,3,pituitary,0.0098919002,0.0058582160,0.0084648598,0.9757851362
9311,"/kaggle/input/datasets/arafat221156011/mri-dataset/Epic and CSCR hospital Dataset/Train/pituitary/Tr-pi_1144.jpg",3,pituitary,3,pituitary,0.0108459545,0.0059941965,0.0079626823,0.9751971364
9312,"/kaggle/input/datasets/arafat221156011/mri-dataset/Epic and CSCR hospital Dataset/Train/pituitary/Tr-pi_1145.jpg",3,pituitary,3,pituitary,0.0103540365,0.0060608941,0.0080952467,0.9754897952
9318,"/kaggle/input/datasets/arafat221156011/mri-dataset/Epic and CSCR hospital Dataset/Train/pituitary/Tr-pi_1151.jpg",3,pituitary,3,pituitary,0.0101721948,0.0060282252,0.0084660221,0.9753335714
9326,"/kaggle/input/datasets/arafat221156011/mri-dataset/Epic and CSCR hospital Dataset/Train/pituitary/Tr-pi_1159.jpg",3,pituitary,3,pituitary,0.0099177444,0.0060941149,0.0080630500,0.9759251475
9330,"/kaggle/input/datasets/arafat221156011/mri-dataset/Epic and CSCR hospital Dataset/Train/pituitary/Tr-pi_1163.jpg",3,pituitary,3,pituitary,0.0095616551,0.0065461397,0.0079447813,0.9759474993
9336,"/kaggle/input/datasets/arafat221156011/mri-dataset/Epic and CSCR hospital Dataset/Train/pituitary/Tr-pi_1169.jpg",3,pituitary,3,pituitary,0.0097863078,0.0061054914,0.0082035977,0.9759046435
9337,"/kaggle/input/datasets/arafat221156011/mri-dataset/Epic and CSCR hospital Dataset/Train/pituitary/Tr-pi_1170.jpg",3,pituitary,3,pituitary,0.0097992364,0.0061451397,0.0084027285,0.9756529927
9362,"/kaggle/input/datasets/arafat221156011/mri-dataset/Epic and CSCR hospital Dataset/Train/pituitary/Tr-pi_1195.jpg",3,pituitary,3,pituitary,0.0098942025,0.0063028396,0.0082082944,0.9755946398
9364,"/kaggle/input/datasets/arafat221156011/mri-dataset/Epic and CSCR hospital Dataset/Train/pituitary/Tr-pi_1197.jpg",3,pituitary,3,pituitary,0.0098710833,0.0061601447,0.0082271947,0.9757415652
9365,"/kaggle/input/datasets/arafat221156011/mri-dataset/Epic and CSCR hospital Dataset/Train/pituitary/Tr-pi_1198.jpg",3,pituitary,3,pituitary,0.0092525948,0.0076305717,0.0079529900,0.9751637578
9368,"/kaggle/input/datasets/arafat221156011/mri-dataset/Epic and CSCR hospital Dataset/Train/pituitary/Tr-pi_1201.jpg",3,pituitary,3,pituitary,0.0098786326,0.0061234301,0.0080905836,0.9759073257
9370,"/kaggle/input/datasets/arafat221156011/mri-dataset/Epic and CSCR hospital Dataset/Train/pituitary/Tr-pi_1203.jpg",3,pituitary,3,pituitary,0.0119311567,0.0056975568,0.0082830396,0.9740883112
9372,"/kaggle/input/datasets/arafat221156011/mri-dataset/Epic and CSCR hospital Dataset/Train/pituitary/Tr-pi_1205.jpg",3,pituitary,3,pituitary,0.0099024707,0.0069208490,0.0078120818,0.9753645658
9373,"/kaggle/input/datasets/arafat221156011/mri-dataset/Epic and CSCR hospital Dataset/Train/pituitary/Tr-pi_1206.jpg",3,pituitary,3,pituitary,0.0099415695,0.0060263872,0.0083140954,0.9757179022
9374,"/kaggle/input/datasets/arafat221156011/mri-dataset/Epic and CSCR hospital Dataset/Train/pituitary/Tr-pi_1207.jpg",3,pituitary,3,pituitary,0.0097416695,0.0068407296,0.0078424094,0.9755752683
9375,"/kaggle/input/datasets/arafat221156011/mri-dataset/Epic and CSCR hospital Dataset/Train/pituitary/Tr-pi_1208.jpg",3,pituitary,3,pituitary,0.0099335629,0.0065687979,0.0079730470,0.9755245447
9376,"/kaggle/input/datasets/arafat221156011/mri-dataset/Epic and CSCR hospital Dataset/Train/pituitary/Tr-pi_1209.jpg",3,pituitary,3,pituitary,0.0103815319,0.0062764520,0.0080560772,0.9752858877
9388,"/kaggle/input/datasets/arafat221156011/mri-dataset/Epic and CSCR hospital Dataset/Train/pituitary/Tr-pi_1221.jpg",3,pituitary,3,pituitary,0.0090206945,0.0089591686,0.0075575253,0.9744626284
9397,"/kaggle/input/datasets/arafat221156011/mri-dataset/Epic and CSCR hospital Dataset/Train/pituitary/Tr-pi_1230.jpg",3,pituitary,3,pituitary,0.0097032590,0.0065051774,0.0080418810,0.9757496119
9398,"/kaggle/input/datasets/arafat221156011/mri-dataset/Epic and CSCR hospital Dataset/Train/pituitary/Tr-pi_1231.jpg",3,pituitary,3,pituitary,0.0094690379,0.0065415576,0.0080204634,0.9759689569
9404,"/kaggle/input/datasets/arafat221156011/mri-dataset/Epic and CSCR hospital Dataset/Train/pituitary/Tr-pi_1237.jpg",3,pituitary,3,pituitary,0.0102155060,0.0064505017,0.0081129614,0.9752209783
9406,"/kaggle/input/datasets/arafat221156011/mri-dataset/Epic and CSCR hospital Dataset/Train/pituitary/Tr-pi_1239.jpg",3,pituitary,3,pituitary,0.0098986421,0.0063102013,0.0082146693,0.9755764008
9412,"/kaggle/input/datasets/arafat221156011/mri-dataset/Epic and CSCR hospital Dataset/Train/pituitary/Tr-pi_1245.jpg",3,pituitary,3,pituitary,0.0100769969,0.0060975240,0.0083837612,0.9754416347
9415,"/kaggle/input/datasets/arafat221156011/mri-dataset/Epic and CSCR hospital Dataset/Train/pituitary/Tr-pi_1248.jpg",3,pituitary,3,pituitary,0.0101451054,0.0062790611,0.0081724543,0.9754033089
9416,"/kaggle/input/datasets/arafat221156011/mri-dataset/Epic and CSCR hospital Dataset/Train/pituitary/Tr-pi_1249.jpg",3,pituitary,3,pituitary,0.0094185937,0.0071260878,0.0079201758,0.9755352139
9417,"/kaggle/input/datasets/arafat221156011/mri-dataset/Epic and CSCR hospital Dataset/Train/pituitary/Tr-pi_1250.jpg",3,pituitary,3,pituitary,0.0112033486,0.0060244403,0.0077852914,0.9749868512
9443,"/kaggle/input/datasets/arafat221156011/mri-dataset/Epic and CSCR hospital Dataset/Train/pituitary/Tr-pi_1294.jpg",3,pituitary,3,pituitary,0.0100090504,0.0061659943,0.0081594093,0.9756655693
9446,"/kaggle/input/datasets/arafat221156011/mri-dataset/Epic and CSCR hospital Dataset/Train/pituitary/Tr-pi_1297.jpg",3,pituitary,3,pituitary,0.0097767487,0.0062454371,0.0083786221,0.9755991697
9450,"/kaggle/input/datasets/arafat221156011/mri-dataset/Epic and CSCR hospital Dataset/Train/pituitary/Tr-pi_1301.jpg",3,pituitary,3,pituitary,0.0096124280,0.0062852474,0.0087167406,0.9753855467
9452,"/kaggle/input/datasets/arafat221156011/mri-dataset/Epic and CSCR hospital Dataset/Train/pituitary/Tr-pi_1303.jpg",3,pituitary,3,pituitary,0.0095507614,0.0062370542,0.0083709294,0.9758413434
9454,"/kaggle/input/datasets/arafat221156011/mri-dataset/Epic and CSCR hospital Dataset/Train/pituitary/Tr-pi_1305.jpg",3,pituitary,3,pituitary,0.0115121910,0.0057925209,0.0081625637,0.9745327234
9458,"/kaggle/input/datasets/arafat221156011/mri-dataset/Epic and CSCR hospital Dataset/Train/pituitary/Tr-pi_1309.jpg",3,pituitary,3,pituitary,0.0110398773,0.0060500102,0.0083791669,0.9745309949
9463,"/kaggle/input/datasets/arafat221156011/mri-dataset/Epic and CSCR hospital Dataset/Train/pituitary/Tr-pi_1315.jpg",3,pituitary,3,pituitary,0.0094088251,0.0064455210,0.0082022883,0.9759433866
9467,"/kaggle/input/datasets/arafat221156011/mri-dataset/Epic and CSCR hospital Dataset/Train/pituitary/Tr-pi_1322.jpg",3,pituitary,3,pituitary,0.0100418804,0.0056126378,0.0086499546,0.9756954908
9469,"/kaggle/input/datasets/arafat221156011/mri-dataset/Epic and CSCR hospital Dataset/Train/pituitary/Tr-pi_1324.jpg",3,pituitary,3,pituitary,0.0103552863,0.0057491893,0.0085915811,0.9753039479
9475,"/kaggle/input/datasets/arafat221156011/mri-dataset/Epic and CSCR hospital Dataset/Train/pituitary/Tr-pi_1333.jpg",3,pituitary,3,pituitary,0.0103545981,0.0066179014,0.0080549791,0.9749725461
9477,"/kaggle/input/datasets/arafat221156011/mri-dataset/Epic and CSCR hospital Dataset/Train/pituitary/Tr-pi_1336.jpg",3,pituitary,3,pituitary,0.0100752134,0.0059704203,0.0084439265,0.9755104184
9478,"/kaggle/input/datasets/arafat221156011/mri-dataset/Epic and CSCR hospital Dataset/Train/pituitary/Tr-pi_1337.jpg",3,pituitary,3,pituitary,0.0100143859,0.0057382570,0.0084237102,0.9758237004
9489,"/kaggle/input/datasets/arafat221156011/mri-dataset/Epic and CSCR hospital Dataset/Train/pituitary/Tr-pi_1351.jpg",3,pituitary,3,pituitary,0.0097406078,0.0060842931,0.0084231747,0.9757519960
9490,"/kaggle/input/datasets/arafat221156011/mri-dataset/Epic and CSCR hospital Dataset/Train/pituitary/Tr-pi_1353.jpg",3,pituitary,3,pituitary,0.0096334042,0.0064316043,0.0083903689,0.9755446315
9494,"/kaggle/input/datasets/arafat221156011/mri-dataset/Epic and CSCR hospital Dataset/Train/pituitary/Tr-pi_1357.jpg",3,pituitary,3,pituitary,0.0101124402,0.0057249432,0.0083339857,0.9758285284
9496,"/kaggle/input/datasets/arafat221156011/mri-dataset/Epic and CSCR hospital Dataset/Train/pituitary/Tr-pi_1359.jpg",3,pituitary,3,pituitary,0.0103097018,0.0057128170,0.0083360374,0.9756413698
9498,"/kaggle/input/datasets/arafat221156011/mri-dataset/Epic and CSCR hospital Dataset/Train/pituitary/Tr-pi_1361.jpg",3,pituitary,3,pituitary,0.0100286510,0.0059022391,0.0084479097,0.9756212234
9499,"/kaggle/input/datasets/arafat221156011/mri-dataset/Epic and CSCR hospital Dataset/Train/pituitary/Tr-pi_1362.jpg",3,pituitary,3,pituitary,0.0101329368,0.0059556086,0.0084163342,0.9754950404
9507,"/kaggle/input/datasets/arafat221156011/mri-dataset/Epic and CSCR hospital Dataset/Train/pituitary/Tr-pi_1372.jpg",3,pituitary,3,pituitary,0.0112172719,0.0060180281,0.0079349261,0.9748298526
9508,"/kaggle/input/datasets/arafat221156011/mri-dataset/Epic and CSCR hospital Dataset/Train/pituitary/Tr-pi_1373.jpg",3,pituitary,3,pituitary,0.0120466258,0.0058759982,0.0078231236,0.9742542505
9513,"/kaggle/input/datasets/arafat221156011/mri-dataset/Epic and CSCR hospital Dataset/Train/pituitary/Tr-pi_1391.jpg",3,pituitary,3,pituitary,0.0097561646,0.0062660961,0.0083159674,0.9756616354
9525,"/kaggle/input/datasets/arafat221156011/mri-dataset/Epic and CSCR hospital Dataset/Train/pituitary/Tr-pi_1405.jpg",3,pituitary,3,pituitary,0.0096154232,0.0062666410,0.0085795633,0.9755383730
9527,"/kaggle/input/datasets/arafat221156011/mri-dataset/Epic and CSCR hospital Dataset/Train/pituitary/Tr-pi_1447.jpg",3,pituitary,3,pituitary,0.0101436879,0.0060599050,0.0082997233,0.9754966497
9536,"/kaggle/input/datasets/arafat221156011/mri-dataset/Epic and CSCR hospital Dataset/Train/pituitary/p (485).jpg",3,pituitary,3,pituitary,0.0100268023,0.0067920974,0.0078108483,0.9753702879
9540,"/kaggle/input/datasets/arafat221156011/mri-dataset/Epic and CSCR hospital Dataset/Train/pituitary/p (489).jpg",3,pituitary,3,pituitary,0.0102310739,0.0061311587,0.0082648760,0.9753729701
9549,"/kaggle/input/datasets/arafat221156011/mri-dataset/Epic and CSCR hospital Dataset/Train/pituitary/p (498).jpg",3,pituitary,3,pituitary,0.0102429986,0.0059140148,0.0080592856,0.9757836461
9553,"/kaggle/input/datasets/arafat221156011/mri-dataset/Epic and CSCR hospital Dataset/Train/pituitary/p (502).jpg",3,pituitary,3,pituitary,0.0100207012,0.0067790141,0.0077729607,0.9754273295
9555,"/kaggle/input/datasets/arafat221156011/mri-dataset/Epic and CSCR hospital Dataset/Train/pituitary/p (504).jpg",3,pituitary,3,pituitary,0.0098645873,0.0063336268,0.0080829365,0.9757188559
9560,"/kaggle/input/datasets/arafat221156011/mri-dataset/Epic and CSCR hospital Dataset/Train/pituitary/p (509).jpg",3,pituitary,3,pituitary,0.0103254691,0.0062974431,0.0080538942,0.9753230810
9563,"/kaggle/input/datasets/arafat221156011/mri-dataset/Epic and CSCR hospital Dataset/Train/pituitary/p (512).jpg",3,pituitary,3,pituitary,0.0101927919,0.0058335196,0.0081483256,0.9758253098
9565,"/kaggle/input/datasets/arafat221156011/mri-dataset/Epic and CSCR hospital Dataset/Train/pituitary/p (514).jpg",3,pituitary,3,pituitary,0.0111784916,0.0059276009,0.0081106070,0.9747833014
9568,"/kaggle/input/datasets/arafat221156011/mri-dataset/Epic and CSCR hospital Dataset/Train/pituitary/p (517).jpg",3,pituitary,3,pituitary,0.0101491604,0.0058886074,0.0079882033,0.9759739637
9572,"/kaggle/input/datasets/arafat221156011/mri-dataset/Epic and CSCR hospital Dataset/Train/pituitary/p (521).jpg",3,pituitary,3,pituitary,0.0096591879,0.0067311586,0.0079865260,0.9756231308
9575,"/kaggle/input/datasets/arafat221156011/mri-dataset/Epic and CSCR hospital Dataset/Train/pituitary/p (524).jpg",3,pituitary,3,pituitary,0.0104123233,0.0063881343,0.0079700556,0.9752293825
9576,"/kaggle/input/datasets/arafat221156011/mri-dataset/Epic and CSCR hospital Dataset/Train/pituitary/p (525).jpg",3,pituitary,3,pituitary,0.0101374332,0.0064170556,0.0083058700,0.9751396179
9580,"/kaggle/input/datasets/arafat221156011/mri-dataset/Epic and CSCR hospital Dataset/Train/pituitary/p (529).jpg",3,pituitary,3,pituitary,0.0100321267,0.0060412372,0.0081710946,0.9757555723
9583,"/kaggle/input/datasets/arafat221156011/mri-dataset/Epic and CSCR hospital Dataset/Train/pituitary/p (532).jpg",3,pituitary,3,pituitary,0.0094113257,0.0070841447,0.0078379577,0.9756665230
9596,"/kaggle/input/datasets/arafat221156011/mri-dataset/Epic and CSCR hospital Dataset/Train/pituitary/p (545).jpg",3,pituitary,3,pituitary,0.0103730708,0.0071894228,0.0080807675,0.9743566513
9600,"/kaggle/input/datasets/arafat221156011/mri-dataset/Epic and CSCR hospital Dataset/Train/pituitary/p (549).jpg",3,pituitary,3,pituitary,0.0088898148,0.0080385152,0.0079713650,0.9751003385
9607,"/kaggle/input/datasets/arafat221156011/mri-dataset/Epic and CSCR hospital Dataset/Train/pituitary/p (556).jpg",3,pituitary,3,pituitary,0.0094030593,0.0073177083,0.0080202073,0.9752591252
9610,"/kaggle/input/datasets/arafat221156011/mri-dataset/Epic and CSCR hospital Dataset/Train/pituitary/p (559).jpg",3,pituitary,3,pituitary,0.0089384718,0.0138827311,0.0083255293,0.9688533545
9611,"/kaggle/input/datasets/arafat221156011/mri-dataset/Epic and CSCR hospital Dataset/Train/pituitary/p (560).jpg",3,pituitary,3,pituitary,0.0094892513,0.0069984132,0.0081958082,0.9753164053
9615,"/kaggle/input/datasets/arafat221156011/mri-dataset/Epic and CSCR hospital Dataset/Train/pituitary/p (564).jpg",3,pituitary,3,pituitary,0.0100826249,0.0082189534,0.0077227801,0.9739756584
9629,"/kaggle/input/datasets/arafat221156011/mri-dataset/Epic and CSCR hospital Dataset/Train/pituitary/p (578).jpg",3,pituitary,3,pituitary,0.0101743657,0.0056696036,0.0084816981,0.9756743312
9632,"/kaggle/input/datasets/arafat221156011/mri-dataset/Epic and CSCR hospital Dataset/Train/pituitary/p (592).jpg",3,pituitary,3,pituitary,0.0095021743,0.0065182745,0.0082617505,0.9757178426
9633,"/kaggle/input/datasets/arafat221156011/mri-dataset/Epic and CSCR hospital Dataset/Train/pituitary/p (593).jpg",3,pituitary,3,pituitary,0.0097181713,0.0068859635,0.0080691492,0.9753267169
9636,"/kaggle/input/datasets/arafat221156011/mri-dataset/Epic and CSCR hospital Dataset/Train/pituitary/p (596).jpg",3,pituitary,3,pituitary,0.0098136123,0.0062793577,0.0082585402,0.9756485224
9638,"/kaggle/input/datasets/arafat221156011/mri-dataset/Epic and CSCR hospital Dataset/Train/pituitary/p (598).jpg",3,pituitary,3,pituitary,0.0097059440,0.0065283896,0.0085473694,0.9752182961
9640,"/kaggle/input/datasets/arafat221156011/mri-dataset/Epic and CSCR hospital Dataset/Train/pituitary/p (600).jpg",3,pituitary,3,pituitary,0.0096549504,0.0067440979,0.0081131617,0.9754878879
9646,"/kaggle/input/datasets/arafat221156011/mri-dataset/Epic and CSCR hospital Dataset/Train/pituitary/p (606).jpg",3,pituitary,3,pituitary,0.0093492614,0.0068224519,0.0083698360,0.9754584432
9647,"/kaggle/input/datasets/arafat221156011/mri-dataset/Epic and CSCR hospital Dataset/Train/pituitary/p (607).jpg",3,pituitary,3,pituitary,0.0093597677,0.0066626770,0.0084904237,0.9754871130
9649,"/kaggle/input/datasets/arafat221156011/mri-dataset/Epic and CSCR hospital Dataset/Train/pituitary/p (609).jpg",3,pituitary,3,pituitary,0.0111832907,0.0067828014,0.0080070030,0.9740268588
9654,"/kaggle/input/datasets/arafat221156011/mri-dataset/Epic and CSCR hospital Dataset/Test/glioma/1053.jpg",0,glioma,0,glioma,0.9776126742,0.0081145484,0.0082121287,0.0060605323
9669,"/kaggle/input/datasets/arafat221156011/mri-dataset/Epic and CSCR hospital Dataset/Test/glioma/1101.jpg",0,glioma,0,glioma,0.9773742557,0.0081768529,0.0083136773,0.0061352635
9674,"/kaggle/input/datasets/arafat221156011/mri-dataset/Epic and CSCR hospital Dataset/Test/glioma/1106.jpg",0,glioma,0,glioma,0.9776302576,0.0078879660,0.0082094651,0.0062722852
9677,"/kaggle/input/datasets/arafat221156011/mri-dataset/Epic and CSCR hospital Dataset/Test/glioma/1109.jpg",0,glioma,0,glioma,0.9757837057,0.0092670675,0.0078328112,0.0071163536
9679,"/kaggle/input/datasets/arafat221156011/mri-dataset/Epic and CSCR hospital Dataset/Test/glioma/1111.jpg",0,glioma,0,glioma,0.9778878093,0.0077950084,0.0082244361,0.0060927449
9682,"/kaggle/input/datasets/arafat221156011/mri-dataset/Epic and CSCR hospital Dataset/Test/glioma/1114.jpg",0,glioma,0,glioma,0.9786880612,0.0071732760,0.0080738217,0.0060648704
9683,"/kaggle/input/datasets/arafat221156011/mri-dataset/Epic and CSCR hospital Dataset/Test/glioma/1115.jpg",0,glioma,0,glioma,0.9787682295,0.0073676547,0.0080563445,0.0058077360
9689,"/kaggle/input/datasets/arafat221156011/mri-dataset/Epic and CSCR hospital Dataset/Test/glioma/1121.jpg",0,glioma,0,glioma,0.9775737524,0.0081848111,0.0079818275,0.0062596113
9691,"/kaggle/input/datasets/arafat221156011/mri-dataset/Epic and CSCR hospital Dataset/Test/glioma/1123.jpg",0,glioma,0,glioma,0.9776906967,0.0081525557,0.0071937358,0.0069629578
9693,"/kaggle/input/datasets/arafat221156011/mri-dataset/Epic and CSCR hospital Dataset/Test/glioma/1125.jpg",0,glioma,0,glioma,0.9772468805,0.0083475364,0.0081037125,0.0063018701
9709,"/kaggle/input/datasets/arafat221156011/mri-dataset/Epic and CSCR hospital Dataset/Test/glioma/1141.jpg",0,glioma,0,glioma,0.9777933955,0.0073998473,0.0087221842,0.0060845427
9730,"/kaggle/input/datasets/arafat221156011/mri-dataset/Epic and CSCR hospital Dataset/Test/glioma/1162.jpg",0,glioma,0,glioma,0.9774076343,0.0079141427,0.0083165830,0.0063616596
9736,"/kaggle/input/datasets/arafat221156011/mri-dataset/Epic and CSCR hospital Dataset/Test/glioma/1168.jpg",0,glioma,0,glioma,0.9789249301,0.0073621152,0.0077836462,0.0059294277
9738,"/kaggle/input/datasets/arafat221156011/mri-dataset/Epic and CSCR hospital Dataset/Test/glioma/1170.jpg",0,glioma,0,glioma,0.9786111116,0.0076806955,0.0078051426,0.0059030401
9740,"/kaggle/input/datasets/arafat221156011/mri-dataset/Epic and CSCR hospital Dataset/Test/glioma/1172.jpg",0,glioma,0,glioma,0.9755722284,0.0090561230,0.0086226743,0.0067490479
9745,"/kaggle/input/datasets/arafat221156011/mri-dataset/Epic and CSCR hospital Dataset/Test/glioma/1177.jpg",0,glioma,0,glioma,0.9789142609,0.0075161061,0.0077257119,0.0058438880
9749,"/kaggle/input/datasets/arafat221156011/mri-dataset/Epic and CSCR hospital Dataset/Test/glioma/1181.jpg",0,glioma,0,glioma,0.9780087471,0.0078585437,0.0079246089,0.0062081469
9752,"/kaggle/input/datasets/arafat221156011/mri-dataset/Epic and CSCR hospital Dataset/Test/glioma/1184.jpg",0,glioma,0,glioma,0.9764749408,0.0090730581,0.0083025489,0.0061495267
9755,"/kaggle/input/datasets/arafat221156011/mri-dataset/Epic and CSCR hospital Dataset/Test/glioma/1187.jpg",0,glioma,0,glioma,0.9776448011,0.0078383945,0.0082473224,0.0062693665
9758,"/kaggle/input/datasets/arafat221156011/mri-dataset/Epic and CSCR hospital Dataset/Test/glioma/1190.jpg",0,glioma,0,glioma,0.9770185351,0.0082615474,0.0081756441,0.0065442943
9764,"/kaggle/input/datasets/arafat221156011/mri-dataset/Epic and CSCR hospital Dataset/Test/glioma/1196.jpg",0,glioma,0,glioma,0.9777814150,0.0084024984,0.0075249090,0.0062911836
9765,"/kaggle/input/datasets/arafat221156011/mri-dataset/Epic and CSCR hospital Dataset/Test/glioma/1197.jpg",0,glioma,0,glioma,0.9788755178,0.0071721524,0.0080429530,0.0059093176
9771,"/kaggle/input/datasets/arafat221156011/mri-dataset/Epic and CSCR hospital Dataset/Test/glioma/1203.jpg",0,glioma,0,glioma,0.9774700403,0.0081516635,0.0082343491,0.0061439811
9778,"/kaggle/input/datasets/arafat221156011/mri-dataset/Epic and CSCR hospital Dataset/Test/glioma/1210.jpg",0,glioma,0,glioma,0.9779285192,0.0076159351,0.0082541853,0.0062013646
9781,"/kaggle/input/datasets/arafat221156011/mri-dataset/Epic and CSCR hospital Dataset/Test/glioma/1213.jpg",0,glioma,0,glioma,0.9759038091,0.0095863510,0.0076944754,0.0068153716
9792,"/kaggle/input/datasets/arafat221156011/mri-dataset/Epic and CSCR hospital Dataset/Test/glioma/1224.jpg",0,glioma,0,glioma,0.9759510159,0.0090653999,0.0084764063,0.0065071755
9796,"/kaggle/input/datasets/arafat221156011/mri-dataset/Epic and CSCR hospital Dataset/Test/glioma/1228.jpg",0,glioma,0,glioma,0.9770461321,0.0087911971,0.0079421308,0.0062205824
9798,"/kaggle/input/datasets/arafat221156011/mri-dataset/Epic and CSCR hospital Dataset/Test/glioma/1230.jpg",0,glioma,0,glioma,0.9775788188,0.0082938699,0.0080079976,0.0061193462
9802,"/kaggle/input/datasets/arafat221156011/mri-dataset/Epic and CSCR hospital Dataset/Test/glioma/1234.jpg",0,glioma,0,glioma,0.9787678719,0.0073651164,0.0075150961,0.0063519096
9815,"/kaggle/input/datasets/arafat221156011/mri-dataset/Epic and CSCR hospital Dataset/Test/glioma/1247.jpg",0,glioma,0,glioma,0.9772475958,0.0085367924,0.0078180265,0.0063975640
9817,"/kaggle/input/datasets/arafat221156011/mri-dataset/Epic and CSCR hospital Dataset/Test/glioma/1249.jpg",0,glioma,0,glioma,0.9780556560,0.0077468813,0.0081851976,0.0060122614
9818,"/kaggle/input/datasets/arafat221156011/mri-dataset/Epic and CSCR hospital Dataset/Test/glioma/1250.jpg",0,glioma,0,glioma,0.9791458845,0.0068686558,0.0082378732,0.0057475334
9822,"/kaggle/input/datasets/arafat221156011/mri-dataset/Epic and CSCR hospital Dataset/Test/glioma/1254.jpg",0,glioma,0,glioma,0.9778110385,0.0080264453,0.0077978796,0.0063645979
9833,"/kaggle/input/datasets/arafat221156011/mri-dataset/Epic and CSCR hospital Dataset/Test/glioma/1265.jpg",0,glioma,0,glioma,0.9775317907,0.0079775946,0.0077239079,0.0067667114
9834,"/kaggle/input/datasets/arafat221156011/mri-dataset/Epic and CSCR hospital Dataset/Test/glioma/1266.jpg",0,glioma,0,glioma,0.9779065847,0.0079412805,0.0079439115,0.0062081777
9842,"/kaggle/input/datasets/arafat221156011/mri-dataset/Epic and CSCR hospital Dataset/Test/glioma/1274.jpg",0,glioma,0,glioma,0.9787864685,0.0070916871,0.0079431888,0.0061787665
9861,"/kaggle/input/datasets/arafat221156011/mri-dataset/Epic and CSCR hospital Dataset/Test/glioma/1293.jpg",0,glioma,0,glioma,0.9775562286,0.0080384826,0.0080478014,0.0063576028
9863,"/kaggle/input/datasets/arafat221156011/mri-dataset/Epic and CSCR hospital Dataset/Test/glioma/1295.jpg",0,glioma,0,glioma,0.9788662195,0.0074510439,0.0074698203,0.0062129088
9870,"/kaggle/input/datasets/arafat221156011/mri-dataset/Epic and CSCR hospital Dataset/Test/glioma/1302.jpg",0,glioma,0,glioma,0.9766472578,0.0083405776,0.0090760347,0.0059360988
9872,"/kaggle/input/datasets/arafat221156011/mri-dataset/Epic and CSCR hospital Dataset/Test/glioma/1304.jpg",0,glioma,0,glioma,0.9769530296,0.0084301978,0.0080836453,0.0065331473
9895,"/kaggle/input/datasets/arafat221156011/mri-dataset/Epic and CSCR hospital Dataset/Test/glioma/1327.jpg",0,glioma,0,glioma,0.9781424403,0.0079075834,0.0078342222,0.0061157732
9905,"/kaggle/input/datasets/arafat221156011/mri-dataset/Epic and CSCR hospital Dataset/Test/glioma/1337.jpg",0,glioma,0,glioma,0.9778793454,0.0076369583,0.0082049370,0.0062787770
9909,"/kaggle/input/datasets/arafat221156011/mri-dataset/Epic and CSCR hospital Dataset/Test/glioma/1341.jpg",0,glioma,0,glioma,0.9784070849,0.0076629878,0.0078436825,0.0060863136
9915,"/kaggle/input/datasets/arafat221156011/mri-dataset/Epic and CSCR hospital Dataset/Test/glioma/1347.jpg",0,glioma,0,glioma,0.9781877398,0.0078207953,0.0075550927,0.0064364262
9917,"/kaggle/input/datasets/arafat221156011/mri-dataset/Epic and CSCR hospital Dataset/Test/glioma/1349.jpg",0,glioma,0,glioma,0.9775533676,0.0076418919,0.0083853621,0.0064193187
9922,"/kaggle/input/datasets/arafat221156011/mri-dataset/Epic and CSCR hospital Dataset/Test/glioma/1354.jpg",0,glioma,0,glioma,0.9783865213,0.0072675585,0.0082157366,0.0061302460
9937,"/kaggle/input/datasets/arafat221156011/mri-dataset/Epic and CSCR hospital Dataset/Test/glioma/1369.jpg",0,glioma,0,glioma,0.9782393575,0.0077293091,0.0081345746,0.0058966959
9938,"/kaggle/input/datasets/arafat221156011/mri-dataset/Epic and CSCR hospital Dataset/Test/glioma/1370.jpg",0,glioma,0,glioma,0.9767892957,0.0089155678,0.0082948897,0.0060002501
9941,"/kaggle/input/datasets/arafat221156011/mri-dataset/Epic and CSCR hospital Dataset/Test/glioma/1373.jpg",0,glioma,0,glioma,0.9797859192,0.0066930591,0.0067877895,0.0067333402
9952,"/kaggle/input/datasets/arafat221156011/mri-dataset/Epic and CSCR hospital Dataset/Test/glioma/1384.jpg",0,glioma,0,glioma,0.9771803617,0.0085883103,0.0075830715,0.0066482448
9960,"/kaggle/input/datasets/arafat221156011/mri-dataset/Epic and CSCR hospital Dataset/Test/glioma/1392.jpg",0,glioma,0,glioma,0.9775740504,0.0083505344,0.0077855736,0.0062898444
9961,"/kaggle/input/datasets/arafat221156011/mri-dataset/Epic and CSCR hospital Dataset/Test/glioma/1393.jpg",0,glioma,0,glioma,0.9787465334,0.0076389886,0.0077398317,0.0058746571
9962,"/kaggle/input/datasets/arafat221156011/mri-dataset/Epic and CSCR hospital Dataset/Test/glioma/1394.jpg",0,glioma,0,glioma,0.9776387215,0.0083966572,0.0076465076,0.0063182064
9966,"/kaggle/input/datasets/arafat221156011/mri-dataset/Epic and CSCR hospital Dataset/Test/glioma/1398.jpg",0,glioma,0,glioma,0.9788497686,0.0074513918,0.0076449914,0.0060538258
9986,"/kaggle/input/datasets/arafat221156011/mri-dataset/Epic and CSCR hospital Dataset/Test/glioma/1418.jpg",0,glioma,0,glioma,0.9784135818,0.0076453262,0.0079052001,0.0060359198
10004,"/kaggle/input/datasets/arafat221156011/mri-dataset/Epic and CSCR hospital Dataset/Test/glioma/1436.jpg",0,glioma,0,glioma,0.9780092239,0.0080471383,0.0079990588,0.0059445919
10006,"/kaggle/input/datasets/arafat221156011/mri-dataset/Epic and CSCR hospital Dataset/Test/glioma/1438.jpg",0,glioma,0,glioma,0.9771076441,0.0086193560,0.0078987572,0.0063743615
10010,"/kaggle/input/datasets/arafat221156011/mri-dataset/Epic and CSCR hospital Dataset/Test/glioma/1442.jpg",0,glioma,0,glioma,0.9779254794,0.0082315411,0.0078512607,0.0059916656
10011,"/kaggle/input/datasets/arafat221156011/mri-dataset/Epic and CSCR hospital Dataset/Test/glioma/1443.jpg",0,glioma,0,glioma,0.9784898758,0.0075700218,0.0080267331,0.0059133619
10025,"/kaggle/input/datasets/arafat221156011/mri-dataset/Epic and CSCR hospital Dataset/Test/glioma/1457.jpg",0,glioma,0,glioma,0.9770224690,0.0084650796,0.0081809843,0.0063313507
10030,"/kaggle/input/datasets/arafat221156011/mri-dataset/Epic and CSCR hospital Dataset/Test/glioma/1462.jpg",0,glioma,0,glioma,0.9766474962,0.0088507580,0.0080297394,0.0064720646
10032,"/kaggle/input/datasets/arafat221156011/mri-dataset/Epic and CSCR hospital Dataset/Test/glioma/1464.jpg",0,glioma,0,glioma,0.9774481654,0.0085711125,0.0079761809,0.0060045207
10038,"/kaggle/input/datasets/arafat221156011/mri-dataset/Epic and CSCR hospital Dataset/Test/glioma/1470.jpg",0,glioma,0,glioma,0.9766108394,0.0091589354,0.0080456631,0.0061845873
10040,"/kaggle/input/datasets/arafat221156011/mri-dataset/Epic and CSCR hospital Dataset/Test/glioma/1472.jpg",0,glioma,0,glioma,0.9770911932,0.0079845684,0.0089360122,0.0059882449
10041,"/kaggle/input/datasets/arafat221156011/mri-dataset/Epic and CSCR hospital Dataset/Test/glioma/1473.jpg",0,glioma,0,glioma,0.9783987999,0.0077481121,0.0072984695,0.0065545477
10051,"/kaggle/input/datasets/arafat221156011/mri-dataset/Epic and CSCR hospital Dataset/Test/glioma/1483.jpg",0,glioma,0,glioma,0.9771865606,0.0077336342,0.0087967990,0.0062829717
10054,"/kaggle/input/datasets/arafat221156011/mri-dataset/Epic and CSCR hospital Dataset/Test/glioma/1486.jpg",0,glioma,0,glioma,0.9775150418,0.0086139319,0.0075807036,0.0062903538
10056,"/kaggle/input/datasets/arafat221156011/mri-dataset/Epic and CSCR hospital Dataset/Test/glioma/1488.jpg",0,glioma,0,glioma,0.9787644148,0.0076297834,0.0077174641,0.0058883103
10057,"/kaggle/input/datasets/arafat221156011/mri-dataset/Epic and CSCR hospital Dataset/Test/glioma/1489.jpg",0,glioma,0,glioma,0.9771149755,0.0083783213,0.0081616864,0.0063450150
10060,"/kaggle/input/datasets/arafat221156011/mri-dataset/Epic and CSCR hospital Dataset/Test/glioma/1492.jpg",0,glioma,0,glioma,0.9776531458,0.0079692397,0.0082286987,0.0061488990
10062,"/kaggle/input/datasets/arafat221156011/mri-dataset/Epic and CSCR hospital Dataset/Test/glioma/1494.jpg",0,glioma,0,glioma,0.9768424034,0.0087336553,0.0080870464,0.0063369214
10065,"/kaggle/input/datasets/arafat221156011/mri-dataset/Epic and CSCR hospital Dataset/Test/glioma/1497.jpg",0,glioma,0,glioma,0.9776031375,0.0083069662,0.0078400951,0.0062497267
10073,"/kaggle/input/datasets/arafat221156011/mri-dataset/Epic and CSCR hospital Dataset/Test/glioma/1524.jpg",0,glioma,0,glioma,0.9785720706,0.0075543919,0.0076265708,0.0062468806
10079,"/kaggle/input/datasets/arafat221156011/mri-dataset/Epic and CSCR hospital Dataset/Test/glioma/G_675_DA_.jpg",0,glioma,0,glioma,0.9789928198,0.0069929073,0.0074811568,0.0065331021
10081,"/kaggle/input/datasets/arafat221156011/mri-dataset/Epic and CSCR hospital Dataset/Test/glioma/G_675_RO_.jpg",0,glioma,0,glioma,0.9783509374,0.0071060909,0.0077920421,0.0067510107
10084,"/kaggle/input/datasets/arafat221156011/mri-dataset/Epic and CSCR hospital Dataset/Test/glioma/G_676.jpg",0,glioma,0,glioma,0.9778027534,0.0076911775,0.0079067908,0.0065992228
10085,"/kaggle/input/datasets/arafat221156011/mri-dataset/Epic and CSCR hospital Dataset/Test/glioma/G_676_BR_.jpg",0,glioma,0,glioma,0.9780772328,0.0074621402,0.0084362421,0.0060244617
10087,"/kaggle/input/datasets/arafat221156011/mri-dataset/Epic and CSCR hospital Dataset/Test/glioma/G_676_HF_.jpg",0,glioma,0,glioma,0.9787708521,0.0072009279,0.0075648231,0.0064634569
10093,"/kaggle/input/datasets/arafat221156011/mri-dataset/Epic and CSCR hospital Dataset/Test/glioma/G_677_DA_.jpg",0,glioma,0,glioma,0.9779629707,0.0079930555,0.0078909108,0.0061531006
10096,"/kaggle/input/datasets/arafat221156011/mri-dataset/Epic and CSCR hospital Dataset/Test/glioma/G_677_SP_.jpg",0,glioma,0,glioma,0.9730566144,0.0116143087,0.0082885409,0.0070405276
10097,"/kaggle/input/datasets/arafat221156011/mri-dataset/Epic and CSCR hospital Dataset/Test/glioma/G_677_VF_.jpg",0,glioma,0,glioma,0.9778112173,0.0078019113,0.0078263516,0.0065604164
10101,"/kaggle/input/datasets/arafat221156011/mri-dataset/Epic and CSCR hospital Dataset/Test/glioma/G_67_DA_.jpg",0,glioma,0,glioma,0.9770973325,0.0084520578,0.0076883943,0.0067621721
10102,"/kaggle/input/datasets/arafat221156011/mri-dataset/Epic and CSCR hospital Dataset/Test/glioma/G_67_HF_.jpg",0,glioma,0,glioma,0.9780060649,0.0082083959,0.0074500414,0.0063354922
10109,"/kaggle/input/datasets/arafat221156011/mri-dataset/Epic and CSCR hospital Dataset/Test/glioma/G_681_DA_.jpg",0,glioma,0,glioma,0.9787329435,0.0072458661,0.0078340080,0.0061871735
10117,"/kaggle/input/datasets/arafat221156011/mri-dataset/Epic and CSCR hospital Dataset/Test/glioma/G_682_HF_.jpg",0,glioma,0,glioma,0.9785089493,0.0076770200,0.0073167095,0.0064973519
10119,"/kaggle/input/datasets/arafat221156011/mri-dataset/Epic and CSCR hospital Dataset/Test/glioma/G_682_SP_.jpg",0,glioma,0,glioma,0.9786658287,0.0069193579,0.0073004002,0.0071143648
10133,"/kaggle/input/datasets/arafat221156011/mri-dataset/Epic and CSCR hospital Dataset/Test/glioma/G_684_SP_.jpg",0,glioma,0,glioma,0.9761136770,0.0089367274,0.0078339633,0.0071156449
10134,"/kaggle/input/datasets/arafat221156011/mri-dataset/Epic and CSCR hospital Dataset/Test/glioma/G_684_VF_.jpg",0,glioma,0,glioma,0.9642969966,0.0056359177,0.0246275272,0.0054395581
10136,"/kaggle/input/datasets/arafat221156011/mri-dataset/Epic and CSCR hospital Dataset/Test/glioma/G_685_BR_.jpg",0,glioma,0,glioma,0.9748905301,0.0097057251,0.0093990760,0.0060047181
10139,"/kaggle/input/datasets/arafat221156011/mri-dataset/Epic and CSCR hospital Dataset/Test/glioma/G_685_RO_.jpg",0,glioma,0,glioma,0.9741452932,0.0110078985,0.0084284656,0.0064183711
10143,"/kaggle/input/datasets/arafat221156011/mri-dataset/Epic and CSCR hospital Dataset/Test/glioma/G_686_BR_.jpg",0,glioma,0,glioma,0.9765747190,0.0087181097,0.0088514443,0.0058558662
10145,"/kaggle/input/datasets/arafat221156011/mri-dataset/Epic and CSCR hospital Dataset/Test/glioma/G_686_HF_.jpg",0,glioma,0,glioma,0.9759419560,0.0091151297,0.0082976567,0.0066453470
10149,"/kaggle/input/datasets/arafat221156011/mri-dataset/Epic and CSCR hospital Dataset/Test/glioma/G_687.jpg",0,glioma,0,glioma,0.9784148335,0.0075921072,0.0071530687,0.0068399617
10153,"/kaggle/input/datasets/arafat221156011/mri-dataset/Epic and CSCR hospital Dataset/Test/glioma/G_687_RO_.jpg",0,glioma,0,glioma,0.9771887064,0.0059255282,0.0070474804,0.0098383753
10160,"/kaggle/input/datasets/arafat221156011/mri-dataset/Epic and CSCR hospital Dataset/Test/glioma/G_688_RO_.jpg",0,glioma,0,glioma,0.9775887728,0.0065022623,0.0069038407,0.0090051675
10161,"/kaggle/input/datasets/arafat221156011/mri-dataset/Epic and CSCR hospital Dataset/Test/glioma/G_688_SP_.jpg",0,glioma,0,glioma,0.9768425226,0.0082533769,0.0075874315,0.0073166266
10165,"/kaggle/input/datasets/arafat221156011/mri-dataset/Epic and CSCR hospital Dataset/Test/glioma/G_689_DA_.jpg",0,glioma,0,glioma,0.9783889651,0.0075086704,0.0081007490,0.0060016005
10167,"/kaggle/input/datasets/arafat221156011/mri-dataset/Epic and CSCR hospital Dataset/Test/glioma/G_689_RO_.jpg",0,glioma,0,glioma,0.9783104062,0.0073576299,0.0074046403,0.0069274134
10179,"/kaggle/input/datasets/arafat221156011/mri-dataset/Epic and CSCR hospital Dataset/Test/glioma/G_690_DA_.jpg",0,glioma,0,glioma,0.9761015773,0.0093705738,0.0082839057,0.0062439824
10187,"/kaggle/input/datasets/arafat221156011/mri-dataset/Epic and CSCR hospital Dataset/Test/glioma/G_691_HF_.jpg",0,glioma,0,glioma,0.9780691862,0.0081451144,0.0075691752,0.0062164338
10191,"/kaggle/input/datasets/arafat221156011/mri-dataset/Epic and CSCR hospital Dataset/Test/glioma/G_692.jpg",0,glioma,0,glioma,0.9772699475,0.0082174661,0.0078263525,0.0066862376
10192,"/kaggle/input/datasets/arafat221156011/mri-dataset/Epic and CSCR hospital Dataset/Test/glioma/G_692_BR_.jpg",0,glioma,0,glioma,0.9758561254,0.0095070656,0.0084425565,0.0061943233
10193,"/kaggle/input/datasets/arafat221156011/mri-dataset/Epic and CSCR hospital Dataset/Test/glioma/G_692_DA_.jpg",0,glioma,0,glioma,0.9784034491,0.0076305466,0.0080535011,0.0059124716
10197,"/kaggle/input/datasets/arafat221156011/mri-dataset/Epic and CSCR hospital Dataset/Test/glioma/G_692_VF_.jpg",0,glioma,0,glioma,0.9777919054,0.0082336515,0.0075810207,0.0063934787
10202,"/kaggle/input/datasets/arafat221156011/mri-dataset/Epic and CSCR hospital Dataset/Test/glioma/G_693_RO_.jpg",0,glioma,0,glioma,0.9780340195,0.0074503222,0.0076402798,0.0068753632
10206,"/kaggle/input/datasets/arafat221156011/mri-dataset/Epic and CSCR hospital Dataset/Test/glioma/G_694_BR_.jpg",0,glioma,0,glioma,0.9765834808,0.0088462029,0.0084762592,0.0060939728
10209,"/kaggle/input/datasets/arafat221156011/mri-dataset/Epic and CSCR hospital Dataset/Test/glioma/G_694_RO_.jpg",0,glioma,0,glioma,0.9770115614,0.0078585474,0.0086777173,0.0064520808
10215,"/kaggle/input/datasets/arafat221156011/mri-dataset/Epic and CSCR hospital Dataset/Test/glioma/G_695_HF_.jpg",0,glioma,0,glioma,0.9780277014,0.0075586275,0.0080272323,0.0063864128
10220,"/kaggle/input/datasets/arafat221156011/mri-dataset/Epic and CSCR hospital Dataset/Test/glioma/G_696_BR_.jpg",0,glioma,0,glioma,0.9777549505,0.0074005923,0.0089304121,0.0059140343
10221,"/kaggle/input/datasets/arafat221156011/mri-dataset/Epic and CSCR hospital Dataset/Test/glioma/G_696_DA_.jpg",0,glioma,0,glioma,0.9780791998,0.0076639117,0.0082043903,0.0060524764
10230,"/kaggle/input/datasets/arafat221156011/mri-dataset/Epic and CSCR hospital Dataset/Test/glioma/G_697_RO_.jpg",0,glioma,0,glioma,0.9782106280,0.0074790642,0.0075792661,0.0067309611
10245,"/kaggle/input/datasets/arafat221156011/mri-dataset/Epic and CSCR hospital Dataset/Test/glioma/G_699_SP_.jpg",0,glioma,0,glioma,0.9792556763,0.0068839034,0.0077083511,0.0061520822
10247,"/kaggle/input/datasets/arafat221156011/mri-dataset/Epic and CSCR hospital Dataset/Test/glioma/G_69_BR_.jpg",0,glioma,0,glioma,0.9755685925,0.0097932108,0.0085154921,0.0061228001
10249,"/kaggle/input/datasets/arafat221156011/mri-dataset/Epic and CSCR hospital Dataset/Test/glioma/G_69_HF_.jpg",0,glioma,0,glioma,0.9762328863,0.0093859490,0.0078617670,0.0065194182
10251,"/kaggle/input/datasets/arafat221156011/mri-dataset/Epic and CSCR hospital Dataset/Test/glioma/G_69_SP_.jpg",0,glioma,0,glioma,0.9713165164,0.0133548696,0.0083708381,0.0069577955
10258,"/kaggle/input/datasets/arafat221156011/mri-dataset/Epic and CSCR hospital Dataset/Test/glioma/G_6_VF_.jpg",0,glioma,0,glioma,0.9777574539,0.0082797911,0.0080896430,0.0058731460
10260,"/kaggle/input/datasets/arafat221156011/mri-dataset/Epic and CSCR hospital Dataset/Test/glioma/G_70.jpg",0,glioma,0,glioma,0.9770590067,0.0086905109,0.0077809221,0.0064695366
10262,"/kaggle/input/datasets/arafat221156011/mri-dataset/Epic and CSCR hospital Dataset/Test/glioma/G_700_BR_.jpg",0,glioma,0,glioma,0.9770871997,0.0083486419,0.0083046081,0.0062595555
10266,"/kaggle/input/datasets/arafat221156011/mri-dataset/Epic and CSCR hospital Dataset/Test/glioma/G_700_SP_.jpg",0,glioma,0,glioma,0.9779032469,0.0075362064,0.0078826305,0.0066779307
10270,"/kaggle/input/datasets/arafat221156011/mri-dataset/Epic and CSCR hospital Dataset/Test/glioma/G_701_DA_.jpg",0,glioma,0,glioma,0.9764794111,0.0090970974,0.0085262414,0.0058972077
10273,"/kaggle/input/datasets/arafat221156011/mri-dataset/Epic and CSCR hospital Dataset/Test/glioma/G_701_SP_.jpg",0,glioma,0,glioma,0.9730547667,0.0111097703,0.0093255332,0.0065099075
10278,"/kaggle/input/datasets/arafat221156011/mri-dataset/Epic and CSCR hospital Dataset/Test/glioma/G_702_HF_.jpg",0,glioma,0,glioma,0.9782274961,0.0075357640,0.0075363009,0.0067004352
10283,"/kaggle/input/datasets/arafat221156011/mri-dataset/Epic and CSCR hospital Dataset/Test/glioma/G_703_BR_.jpg",0,glioma,0,glioma,0.9777876139,0.0083345249,0.0078318175,0.0060461052
10288,"/kaggle/input/datasets/arafat221156011/mri-dataset/Epic and CSCR hospital Dataset/Test/glioma/G_703_VF_.jpg",0,glioma,0,glioma,0.6678401232,0.3136157393,0.0090220692,0.0095221344
10290,"/kaggle/input/datasets/arafat221156011/mri-dataset/Epic and CSCR hospital Dataset/Test/glioma/G_70_BR_.jpg",0,glioma,0,glioma,0.9763369560,0.0093900356,0.0082891081,0.0059839599
10305,"/kaggle/input/datasets/arafat221156011/mri-dataset/Epic and CSCR hospital Dataset/Test/glioma/G_72_DA_.jpg",0,glioma,0,glioma,0.9787740707,0.0072399480,0.0082181413,0.0057677785
10308,"/kaggle/input/datasets/arafat221156011/mri-dataset/Epic and CSCR hospital Dataset/Test/glioma/G_72_SP_.jpg",0,glioma,0,glioma,0.9774419665,0.0076604323,0.0081560072,0.0067416318
10319,"/kaggle/input/datasets/arafat221156011/mri-dataset/Epic and CSCR hospital Dataset/Test/glioma/G_74_DA_.jpg",0,glioma,0,glioma,0.9757711291,0.0095313704,0.0085405651,0.0061569563
10320,"/kaggle/input/datasets/arafat221156011/mri-dataset/Epic and CSCR hospital Dataset/Test/glioma/G_74_HF_.jpg",0,glioma,0,glioma,0.9746597409,0.0104895243,0.0080777751,0.0067729568
10322,"/kaggle/input/datasets/arafat221156011/mri-dataset/Epic and CSCR hospital Dataset/Test/glioma/G_74_SP_.jpg",0,glioma,0,glioma,0.6859002113,0.2954810858,0.0101188775,0.0084997807
10330,"/kaggle/input/datasets/arafat221156011/mri-dataset/Epic and CSCR hospital Dataset/Test/glioma/G_75_VF_.jpg",0,glioma,0,glioma,0.9779249430,0.0081692860,0.0076640584,0.0062418072
10336,"/kaggle/input/datasets/arafat221156011/mri-dataset/Epic and CSCR hospital Dataset/Test/glioma/G_76_SP_.jpg",0,glioma,0,glioma,0.9772197008,0.0081987642,0.0081818122,0.0063998327
10338,"/kaggle/input/datasets/arafat221156011/mri-dataset/Epic and CSCR hospital Dataset/Test/glioma/G_77.jpg",0,glioma,0,glioma,0.9773389101,0.0083795870,0.0079201730,0.0063613122
10343,"/kaggle/input/datasets/arafat221156011/mri-dataset/Epic and CSCR hospital Dataset/Test/glioma/G_77_SP_.jpg",0,glioma,0,glioma,0.9780390859,0.0077630254,0.0080233291,0.0061746254
10345,"/kaggle/input/datasets/arafat221156011/mri-dataset/Epic and CSCR hospital Dataset/Test/glioma/G_78.jpg",0,glioma,0,glioma,0.9777170420,0.0082397405,0.0077689243,0.0062743044
10349,"/kaggle/input/datasets/arafat221156011/mri-dataset/Epic and CSCR hospital Dataset/Test/glioma/G_78_RO_.jpg",0,glioma,0,glioma,0.9771525264,0.0079757599,0.0084226355,0.0064490857
10353,"/kaggle/input/datasets/arafat221156011/mri-dataset/Epic and CSCR hospital Dataset/Test/glioma/G_79_BR_.jpg",0,glioma,0,glioma,0.9755889177,0.0091002136,0.0093435301,0.0059673735
10359,"/kaggle/input/datasets/arafat221156011/mri-dataset/Epic and CSCR hospital Dataset/Test/glioma/G_7_BR_.jpg",0,glioma,0,glioma,0.9753103256,0.0088532725,0.0096187945,0.0062175915
10363,"/kaggle/input/datasets/arafat221156011/mri-dataset/Epic and CSCR hospital Dataset/Test/glioma/G_7_SP_.jpg",0,glioma,0,glioma,0.9749754667,0.0092353392,0.0088336822,0.0069555244
10381,"/kaggle/input/datasets/arafat221156011/mri-dataset/Epic and CSCR hospital Dataset/Test/glioma/G_82_BR_.jpg",0,glioma,0,glioma,0.9769548178,0.0089450311,0.0082607884,0.0058392528
10385,"/kaggle/input/datasets/arafat221156011/mri-dataset/Epic and CSCR hospital Dataset/Test/glioma/G_82_SP_.jpg",0,glioma,0,glioma,0.9762203097,0.0086374637,0.0082730381,0.0068691941
10391,"/kaggle/input/datasets/arafat221156011/mri-dataset/Epic and CSCR hospital Dataset/Test/glioma/G_83_RO_.jpg",0,glioma,0,glioma,0.9760019183,0.0087977247,0.0085082557,0.0066920565
10396,"/kaggle/input/datasets/arafat221156011/mri-dataset/Epic and CSCR hospital Dataset/Test/glioma/G_84_DA_.jpg",0,glioma,0,glioma,0.9783867598,0.0075332159,0.0076922821,0.0063876496
10397,"/kaggle/input/datasets/arafat221156011/mri-dataset/Epic and CSCR hospital Dataset/Test/glioma/G_84_HF_.jpg",0,glioma,0,glioma,0.9777566195,0.0083872853,0.0076704854,0.0061857263
10409,"/kaggle/input/datasets/arafat221156011/mri-dataset/Epic and CSCR hospital Dataset/Test/meningioma/1267.jpg",1,meningioma,1,meningioma,0.0043134401,0.9802182317,0.0077564418,0.0077118152
10421,"/kaggle/input/datasets/arafat221156011/mri-dataset/Epic and CSCR hospital Dataset/Test/meningioma/1456.jpg",1,meningioma,1,meningioma,0.0040929127,0.9808881879,0.0072505428,0.0077684531
10423,"/kaggle/input/datasets/arafat221156011/mri-dataset/Epic and CSCR hospital Dataset/Test/meningioma/1458.jpg",1,meningioma,1,meningioma,0.0053298054,0.9798120260,0.0078440309,0.0070141270
10424,"/kaggle/input/datasets/arafat221156011/mri-dataset/Epic and CSCR hospital Dataset/Test/meningioma/1459.jpg",1,meningioma,1,meningioma,0.0050029550,0.9794496298,0.0074691460,0.0080782752
10426,"/kaggle/input/datasets/arafat221156011/mri-dataset/Epic and CSCR hospital Dataset/Test/meningioma/1461.jpg",1,meningioma,1,meningioma,0.0048712082,0.9803770781,0.0078891777,0.0068625659
10427,"/kaggle/input/datasets/arafat221156011/mri-dataset/Epic and CSCR hospital Dataset/Test/meningioma/1462.jpg",1,meningioma,1,meningioma,0.0046679135,0.9784666300,0.0093308678,0.0075345524
10432,"/kaggle/input/datasets/arafat221156011/mri-dataset/Epic and CSCR hospital Dataset/Test/meningioma/1467.jpg",1,meningioma,1,meningioma,0.0051146327,0.9789816141,0.0078167776,0.0080869664
10433,"/kaggle/input/datasets/arafat221156011/mri-dataset/Epic and CSCR hospital Dataset/Test/meningioma/1468.jpg",1,meningioma,1,meningioma,0.0069508599,0.9771223068,0.0077039376,0.0082228817
10439,"/kaggle/input/datasets/arafat221156011/mri-dataset/Epic and CSCR hospital Dataset/Test/meningioma/1474.jpg",1,meningioma,1,meningioma,0.0048825769,0.9791644216,0.0074334657,0.0085195107
10441,"/kaggle/input/datasets/arafat221156011/mri-dataset/Epic and CSCR hospital Dataset/Test/meningioma/1476.jpg",1,meningioma,1,meningioma,0.0052075367,0.9792565107,0.0078014075,0.0077344337
10444,"/kaggle/input/datasets/arafat221156011/mri-dataset/Epic and CSCR hospital Dataset/Test/meningioma/1479.jpg",1,meningioma,1,meningioma,0.0045447191,0.9804294705,0.0071893679,0.0078364462
10445,"/kaggle/input/datasets/arafat221156011/mri-dataset/Epic and CSCR hospital Dataset/Test/meningioma/1480.jpg",1,meningioma,1,meningioma,0.0124149574,0.9699584246,0.0089391153,0.0086874645
10450,"/kaggle/input/datasets/arafat221156011/mri-dataset/Epic and CSCR hospital Dataset/Test/meningioma/1485.jpg",1,meningioma,1,meningioma,0.0051894011,0.9792732000,0.0078053684,0.0077319443
10459,"/kaggle/input/datasets/arafat221156011/mri-dataset/Epic and CSCR hospital Dataset/Test/meningioma/1494.jpg",1,meningioma,1,meningioma,0.0046962807,0.9801573753,0.0081201280,0.0070262565
10460,"/kaggle/input/datasets/arafat221156011/mri-dataset/Epic and CSCR hospital Dataset/Test/meningioma/1495.jpg",1,meningioma,1,meningioma,0.0058013299,0.9784432650,0.0076067233,0.0081486497
10467,"/kaggle/input/datasets/arafat221156011/mri-dataset/Epic and CSCR hospital Dataset/Test/meningioma/1502.jpg",1,meningioma,1,meningioma,0.0041003777,0.9790954590,0.0097532850,0.0070509715
10477,"/kaggle/input/datasets/arafat221156011/mri-dataset/Epic and CSCR hospital Dataset/Test/meningioma/1512.jpg",1,meningioma,1,meningioma,0.0047065546,0.9793161154,0.0095724137,0.0064048218
10483,"/kaggle/input/datasets/arafat221156011/mri-dataset/Epic and CSCR hospital Dataset/Test/meningioma/1518.jpg",1,meningioma,1,meningioma,0.0044213692,0.9781973958,0.0069070896,0.0104742218
10488,"/kaggle/input/datasets/arafat221156011/mri-dataset/Epic and CSCR hospital Dataset/Test/meningioma/1532.jpg",1,meningioma,1,meningioma,0.0046670935,0.9784790874,0.0093191331,0.0075346306
10493,"/kaggle/input/datasets/arafat221156011/mri-dataset/Epic and CSCR hospital Dataset/Test/meningioma/1537.jpg",1,meningioma,1,meningioma,0.0042296518,0.9807750583,0.0072895885,0.0077056326
10498,"/kaggle/input/datasets/arafat221156011/mri-dataset/Epic and CSCR hospital Dataset/Test/meningioma/1542.jpg",1,meningioma,1,meningioma,0.0046239574,0.9800419807,0.0076212762,0.0077126967
10500,"/kaggle/input/datasets/arafat221156011/mri-dataset/Epic and CSCR hospital Dataset/Test/meningioma/1544.jpg",1,meningioma,1,meningioma,0.0045804633,0.9795852900,0.0073323743,0.0085018966
10501,"/kaggle/input/datasets/arafat221156011/mri-dataset/Epic and CSCR hospital Dataset/Test/meningioma/1545.jpg",1,meningioma,1,meningioma,0.0053599929,0.9787347913,0.0087917466,0.0071135662
10508,"/kaggle/input/datasets/arafat221156011/mri-dataset/Epic and CSCR hospital Dataset/Test/meningioma/1552.jpg",1,meningioma,1,meningioma,0.0040588863,0.9808112979,0.0072559109,0.0078738965
10524,"/kaggle/input/datasets/arafat221156011/mri-dataset/Epic and CSCR hospital Dataset/Test/meningioma/M_778.jpg",1,meningioma,1,meningioma,0.0047779973,0.9801422954,0.0080608586,0.0070188767
10528,"/kaggle/input/datasets/arafat221156011/mri-dataset/Epic and CSCR hospital Dataset/Test/meningioma/M_778_RO_.jpg",1,meningioma,1,meningioma,0.0048120981,0.9802583456,0.0079672085,0.0069623804
10529,"/kaggle/input/datasets/arafat221156011/mri-dataset/Epic and CSCR hospital Dataset/Test/meningioma/M_778_SP_.jpg",1,meningioma,1,meningioma,0.0047793002,0.9796018600,0.0090112761,0.0066075446
10534,"/kaggle/input/datasets/arafat221156011/mri-dataset/Epic and CSCR hospital Dataset/Test/meningioma/M_779_HF_.jpg",1,meningioma,1,meningioma,0.0061758952,0.9771119356,0.0090378858,0.0076742843
10536,"/kaggle/input/datasets/arafat221156011/mri-dataset/Epic and CSCR hospital Dataset/Test/meningioma/M_779_SP_.jpg",1,meningioma,1,meningioma,0.0079578338,0.9725226164,0.0127009973,0.0068185693
10544,"/kaggle/input/datasets/arafat221156011/mri-dataset/Epic and CSCR hospital Dataset/Test/meningioma/M_780.jpg",1,meningioma,1,meningioma,0.0052606678,0.9793618917,0.0075812615,0.0077961348
10546,"/kaggle/input/datasets/arafat221156011/mri-dataset/Epic and CSCR hospital Dataset/Test/meningioma/M_780_DA_.jpg",1,meningioma,1,meningioma,0.0052724583,0.9797458649,0.0079034772,0.0070782080
10549,"/kaggle/input/datasets/arafat221156011/mri-dataset/Epic and CSCR hospital Dataset/Test/meningioma/M_780_SP_.jpg",1,meningioma,1,meningioma,0.0075691128,0.9759891629,0.0081916694,0.0082500037
10554,"/kaggle/input/datasets/arafat221156011/mri-dataset/Epic and CSCR hospital Dataset/Test/meningioma/M_781_HF_.jpg",1,meningioma,1,meningioma,0.0049964017,0.9800058603,0.0074371137,0.0075606420
10566,"/kaggle/input/datasets/arafat221156011/mri-dataset/Epic and CSCR hospital Dataset/Test/meningioma/M_783_BR_.jpg",1,meningioma,1,meningioma,0.0076561300,0.9761083722,0.0085394019,0.0076961191
10573,"/kaggle/input/datasets/arafat221156011/mri-dataset/Epic and CSCR hospital Dataset/Test/meningioma/M_784_BR_.jpg",1,meningioma,1,meningioma,0.0070899660,0.9767967463,0.0084071951,0.0077060112
10575,"/kaggle/input/datasets/arafat221156011/mri-dataset/Epic and CSCR hospital Dataset/Test/meningioma/M_784_HF_.jpg",1,meningioma,1,meningioma,0.0067576780,0.9770295024,0.0077951341,0.0084176958
10578,"/kaggle/input/datasets/arafat221156011/mri-dataset/Epic and CSCR hospital Dataset/Test/meningioma/M_784_VF_.jpg",1,meningioma,0,glioma,0.9480167627,0.0341680422,0.0080768317,0.0097383568
10584,"/kaggle/input/datasets/arafat221156011/mri-dataset/Epic and CSCR hospital Dataset/Test/meningioma/M_785_SP_.jpg",1,meningioma,1,meningioma,0.0053388691,0.9793823957,0.0076989373,0.0075797797
10586,"/kaggle/input/datasets/arafat221156011/mri-dataset/Epic and CSCR hospital Dataset/Test/meningioma/M_786.jpg",1,meningioma,1,meningioma,0.0050768694,0.9794084430,0.0073210336,0.0081935823
10593,"/kaggle/input/datasets/arafat221156011/mri-dataset/Epic and CSCR hospital Dataset/Test/meningioma/M_787.jpg",1,meningioma,1,meningioma,0.0051085232,0.9796993136,0.0072748451,0.0079173250
10601,"/kaggle/input/datasets/arafat221156011/mri-dataset/Epic and CSCR hospital Dataset/Test/meningioma/M_788_BR_.jpg",1,meningioma,1,meningioma,0.0049220147,0.9794980884,0.0082403077,0.0073396526
10602,"/kaggle/input/datasets/arafat221156011/mri-dataset/Epic and CSCR hospital Dataset/Test/meningioma/M_788_DA_.jpg",1,meningioma,1,meningioma,0.0039278916,0.9816368222,0.0076149078,0.0068203942
10603,"/kaggle/input/datasets/arafat221156011/mri-dataset/Epic and CSCR hospital Dataset/Test/meningioma/M_788_HF_.jpg",1,meningioma,1,meningioma,0.0046892180,0.9800677299,0.0074128816,0.0078301206
10610,"/kaggle/input/datasets/arafat221156011/mri-dataset/Epic and CSCR hospital Dataset/Test/meningioma/M_789_HF_.jpg",1,meningioma,1,meningioma,0.0052885623,0.9790765047,0.0074862363,0.0081487447
10614,"/kaggle/input/datasets/arafat221156011/mri-dataset/Epic and CSCR hospital Dataset/Test/meningioma/M_78_BR_.jpg",1,meningioma,1,meningioma,0.0049304776,0.9798058271,0.0081043253,0.0071593658
10615,"/kaggle/input/datasets/arafat221156011/mri-dataset/Epic and CSCR hospital Dataset/Test/meningioma/M_78_DA_.jpg",1,meningioma,1,meningioma,0.0041355826,0.9810988307,0.0076970225,0.0070685246
10618,"/kaggle/input/datasets/arafat221156011/mri-dataset/Epic and CSCR hospital Dataset/Test/meningioma/M_78_SP_.jpg",1,meningioma,1,meningioma,0.0057814438,0.9782886505,0.0079249032,0.0080049308
10631,"/kaggle/input/datasets/arafat221156011/mri-dataset/Epic and CSCR hospital Dataset/Test/meningioma/M_791_HF_.jpg",1,meningioma,1,meningioma,0.0048702406,0.9796805382,0.0073505202,0.0080987029
10633,"/kaggle/input/datasets/arafat221156011/mri-dataset/Epic and CSCR hospital Dataset/Test/meningioma/M_791_SP_.jpg",1,meningioma,1,meningioma,0.0062872460,0.9775886536,0.0077592619,0.0083649177
10635,"/kaggle/input/datasets/arafat221156011/mri-dataset/Epic and CSCR hospital Dataset/Test/meningioma/M_792.jpg",1,meningioma,1,meningioma,0.0047329743,0.9799860120,0.0074219294,0.0078591555
10639,"/kaggle/input/datasets/arafat221156011/mri-dataset/Epic and CSCR hospital Dataset/Test/meningioma/M_792_RO_.jpg",1,meningioma,1,meningioma,0.0046556587,0.9798275232,0.0075182444,0.0079985699
10640,"/kaggle/input/datasets/arafat221156011/mri-dataset/Epic and CSCR hospital Dataset/Test/meningioma/M_792_SP_.jpg",1,meningioma,1,meningioma,0.0059364899,0.9783791304,0.0075755282,0.0081087984
10657,"/kaggle/input/datasets/arafat221156011/mri-dataset/Epic and CSCR hospital Dataset/Test/meningioma/M_795_BR_.jpg",1,meningioma,1,meningioma,0.0047441875,0.9799488187,0.0080715390,0.0072355331
10658,"/kaggle/input/datasets/arafat221156011/mri-dataset/Epic and CSCR hospital Dataset/Test/meningioma/M_795_DA_.jpg",1,meningioma,1,meningioma,0.0044240756,0.9809678197,0.0076976521,0.0069104307
10665,"/kaggle/input/datasets/arafat221156011/mri-dataset/Epic and CSCR hospital Dataset/Test/meningioma/M_796_DA_.jpg",1,meningioma,1,meningioma,0.0042366441,0.9802780151,0.0077676713,0.0077176513
10672,"/kaggle/input/datasets/arafat221156011/mri-dataset/Epic and CSCR hospital Dataset/Test/meningioma/M_797_DA_.jpg",1,meningioma,1,meningioma,0.0037260819,0.9821001887,0.0068866126,0.0072871642
10678,"/kaggle/input/datasets/arafat221156011/mri-dataset/Epic and CSCR hospital Dataset/Test/meningioma/M_798_BR_.jpg",1,meningioma,1,meningioma,0.0059726359,0.9779814482,0.0082485992,0.0077973129
10679,"/kaggle/input/datasets/arafat221156011/mri-dataset/Epic and CSCR hospital Dataset/Test/meningioma/M_798_DA_.jpg",1,meningioma,1,meningioma,0.0045510065,0.9795435071,0.0078911576,0.0080143288
10694,"/kaggle/input/datasets/arafat221156011/mri-dataset/Epic and CSCR hospital Dataset/Test/meningioma/M_79_RO_.jpg",1,meningioma,1,meningioma,0.0043258378,0.9810739756,0.0076361732,0.0069641499
10703,"/kaggle/input/datasets/arafat221156011/mri-dataset/Epic and CSCR hospital Dataset/Test/meningioma/M_8.jpg",1,meningioma,1,meningioma,0.0044943970,0.9808675051,0.0076436801,0.0069944500
10705,"/kaggle/input/datasets/arafat221156011/mri-dataset/Epic and CSCR hospital Dataset/Test/meningioma/M_800.jpg",1,meningioma,1,meningioma,0.0058798781,0.9782134891,0.0078697698,0.0080368835
10717,"/kaggle/input/datasets/arafat221156011/mri-dataset/Epic and CSCR hospital Dataset/Test/meningioma/M_801_SP_.jpg",1,meningioma,1,meningioma,0.0045555220,0.9793636203,0.0077093355,0.0083714705
10725,"/kaggle/input/datasets/arafat221156011/mri-dataset/Epic and CSCR hospital Dataset/Test/meningioma/M_802_VF_.jpg",1,meningioma,1,meningioma,0.0047193030,0.9790794253,0.0076598772,0.0085412767
10729,"/kaggle/input/datasets/arafat221156011/mri-dataset/Epic and CSCR hospital Dataset/Test/meningioma/M_803_HF_.jpg",1,meningioma,1,meningioma,0.0061373175,0.9779796600,0.0075794556,0.0083035901
10730,"/kaggle/input/datasets/arafat221156011/mri-dataset/Epic and CSCR hospital Dataset/Test/meningioma/M_803_RO_.jpg",1,meningioma,1,meningioma,0.0064187432,0.9771280289,0.0078312159,0.0086220223
10736,"/kaggle/input/datasets/arafat221156011/mri-dataset/Epic and CSCR hospital Dataset/Test/meningioma/M_804_HF_.jpg",1,meningioma,1,meningioma,0.0044127242,0.9803084135,0.0072484338,0.0080304062
10737,"/kaggle/input/datasets/arafat221156011/mri-dataset/Epic and CSCR hospital Dataset/Test/meningioma/M_804_RO_.jpg",1,meningioma,1,meningioma,0.0041358811,0.9801275134,0.0076059876,0.0081306333
10743,"/kaggle/input/datasets/arafat221156011/mri-dataset/Epic and CSCR hospital Dataset/Test/meningioma/M_805_HF_.jpg",1,meningioma,1,meningioma,0.0046743774,0.9801082611,0.0071927249,0.0080246050
10757,"/kaggle/input/datasets/arafat221156011/mri-dataset/Epic and CSCR hospital Dataset/Test/meningioma/M_807_HF_.jpg",1,meningioma,1,meningioma,0.0045232014,0.9797877073,0.0073913387,0.0082978215
10759,"/kaggle/input/datasets/arafat221156011/mri-dataset/Epic and CSCR hospital Dataset/Test/meningioma/M_807_SP_.jpg",1,meningioma,1,meningioma,0.0153444801,0.9664773941,0.0089136846,0.0092645101
10761,"/kaggle/input/datasets/arafat221156011/mri-dataset/Epic and CSCR hospital Dataset/Test/meningioma/M_808.jpg",1,meningioma,1,meningioma,0.0054617194,0.9790495038,0.0074996329,0.0079891840
10764,"/kaggle/input/datasets/arafat221156011/mri-dataset/Epic and CSCR hospital Dataset/Test/meningioma/M_808_HF_.jpg",1,meningioma,1,meningioma,0.0049456493,0.9796247482,0.0074823061,0.0079473043
10773,"/kaggle/input/datasets/arafat221156011/mri-dataset/Epic and CSCR hospital Dataset/Test/meningioma/M_809_SP_.jpg",1,meningioma,1,meningioma,0.0045963139,0.9807050824,0.0075947717,0.0071037496
10782,"/kaggle/input/datasets/arafat221156011/mri-dataset/Epic and CSCR hospital Dataset/Test/meningioma/M_810.jpg",1,meningioma,1,meningioma,0.0052241106,0.9794529080,0.0073919832,0.0079310061
10789,"/kaggle/input/datasets/arafat221156011/mri-dataset/Epic and CSCR hospital Dataset/Test/meningioma/M_811.jpg",1,meningioma,1,meningioma,0.0069196247,0.9768055677,0.0078101656,0.0084646568
10795,"/kaggle/input/datasets/arafat221156011/mri-dataset/Epic and CSCR hospital Dataset/Test/meningioma/M_811_VF_.jpg",1,meningioma,1,meningioma,0.1697580516,0.8100327253,0.0100205690,0.0101885488
10800,"/kaggle/input/datasets/arafat221156011/mri-dataset/Epic and CSCR hospital Dataset/Test/meningioma/M_812_RO_.jpg",1,meningioma,1,meningioma,0.0045682774,0.9806386232,0.0077502117,0.0070428178
10801,"/kaggle/input/datasets/arafat221156011/mri-dataset/Epic and CSCR hospital Dataset/Test/meningioma/M_812_SP_.jpg",1,meningioma,1,meningioma,0.0085603083,0.9749425054,0.0084935687,0.0080037024
10809,"/kaggle/input/datasets/arafat221156011/mri-dataset/Epic and CSCR hospital Dataset/Test/meningioma/M_813_VF_.jpg",1,meningioma,1,meningioma,0.1911553890,0.7887520790,0.0095961988,0.0104963537
10811,"/kaggle/input/datasets/arafat221156011/mri-dataset/Epic and CSCR hospital Dataset/Test/meningioma/M_814_BR_.jpg",1,meningioma,1,meningioma,0.0056424728,0.9788816571,0.0082105640,0.0072653340
10812,"/kaggle/input/datasets/arafat221156011/mri-dataset/Epic and CSCR hospital Dataset/Test/meningioma/M_814_DA_.jpg",1,meningioma,1,meningioma,0.0057943026,0.9788521528,0.0079291360,0.0074243844
10815,"/kaggle/input/datasets/arafat221156011/mri-dataset/Epic and CSCR hospital Dataset/Test/meningioma/M_814_SP_.jpg",1,meningioma,1,meningioma,0.0148792993,0.9668588638,0.0088757472,0.0093861604
10819,"/kaggle/input/datasets/arafat221156011/mri-dataset/Epic and CSCR hospital Dataset/Test/meningioma/M_815_DA_.jpg",1,meningioma,1,meningioma,0.0065852068,0.9777359962,0.0084429160,0.0072358386
10822,"/kaggle/input/datasets/arafat221156011/mri-dataset/Epic and CSCR hospital Dataset/Test/meningioma/M_815_SP_.jpg",1,meningioma,1,meningioma,0.0108418493,0.9712436795,0.0087946905,0.0091198105
10829,"/kaggle/input/datasets/arafat221156011/mri-dataset/Epic and CSCR hospital Dataset/Test/meningioma/M_816_SP_.jpg",1,meningioma,1,meningioma,0.0071863621,0.9761027098,0.0083082188,0.0084026996
10830,"/kaggle/input/datasets/arafat221156011/mri-dataset/Epic and CSCR hospital Dataset/Test/meningioma/M_816_VF_.jpg",1,meningioma,1,meningioma,0.0044511999,0.9805735350,0.0073275319,0.0076476620
10839,"/kaggle/input/datasets/arafat221156011/mri-dataset/Epic and CSCR hospital Dataset/Test/meningioma/M_818_BR_.jpg",1,meningioma,1,meningioma,0.0046315668,0.9806623459,0.0076003955,0.0071055852
10841,"/kaggle/input/datasets/arafat221156011/mri-dataset/Epic and CSCR hospital Dataset/Test/meningioma/M_818_HF_.jpg",1,meningioma,1,meningioma,0.0047126273,0.9800698161,0.0072602094,0.0079572219
10846,"/kaggle/input/datasets/arafat221156011/mri-dataset/Epic and CSCR hospital Dataset/Test/meningioma/M_819_BR_.jpg",1,meningioma,1,meningioma,0.0058135064,0.9772826433,0.0092665209,0.0076374733
10857,"/kaggle/input/datasets/arafat221156011/mri-dataset/Epic and CSCR hospital Dataset/Test/meningioma/M_82_RO_.jpg",1,meningioma,1,meningioma,0.0045726001,0.9793857336,0.0077799084,0.0082616415
10870,"/kaggle/input/datasets/arafat221156011/mri-dataset/Epic and CSCR hospital Dataset/Test/meningioma/M_84_HF_.jpg",1,meningioma,1,meningioma,0.0043573212,0.9802691340,0.0074651698,0.0079083545
10873,"/kaggle/input/datasets/arafat221156011/mri-dataset/Epic and CSCR hospital Dataset/Test/meningioma/M_84_VF_.jpg",1,meningioma,1,meningioma,0.0055455677,0.9779998660,0.0083884317,0.0080662314
10874,"/kaggle/input/datasets/arafat221156011/mri-dataset/Epic and CSCR hospital Dataset/Test/meningioma/M_85.jpg",1,meningioma,1,meningioma,0.0050299829,0.9787889719,0.0072918935,0.0088891042
10875,"/kaggle/input/datasets/arafat221156011/mri-dataset/Epic and CSCR hospital Dataset/Test/meningioma/M_85_BR_.jpg",1,meningioma,1,meningioma,0.0060727177,0.9770943522,0.0083382670,0.0084946062
10885,"/kaggle/input/datasets/arafat221156011/mri-dataset/Epic and CSCR hospital Dataset/Test/meningioma/M_86_RO_.jpg",1,meningioma,1,meningioma,0.0312661305,0.9484912753,0.0091688288,0.0110737076
10886,"/kaggle/input/datasets/arafat221156011/mri-dataset/Epic and CSCR hospital Dataset/Test/meningioma/M_86_SP_.jpg",1,meningioma,1,meningioma,0.0063245893,0.9776895642,0.0078494288,0.0081364680
10888,"/kaggle/input/datasets/arafat221156011/mri-dataset/Epic and CSCR hospital Dataset/Test/meningioma/M_87.jpg",1,meningioma,1,meningioma,0.0039654416,0.9804081917,0.0072146682,0.0084116533
10890,"/kaggle/input/datasets/arafat221156011/mri-dataset/Epic and CSCR hospital Dataset/Test/meningioma/M_87_DA_.jpg",1,meningioma,1,meningioma,0.0038873176,0.9801942706,0.0069936328,0.0089247189
10891,"/kaggle/input/datasets/arafat221156011/mri-dataset/Epic and CSCR hospital Dataset/Test/meningioma/M_87_HF_.jpg",1,meningioma,1,meningioma,0.0039574713,0.9798737764,0.0072566210,0.0089122150
10893,"/kaggle/input/datasets/arafat221156011/mri-dataset/Epic and CSCR hospital Dataset/Test/meningioma/M_87_SP_.jpg",1,meningioma,1,meningioma,0.0063564656,0.9749425650,0.0075823492,0.0111186281
10901,"/kaggle/input/datasets/arafat221156011/mri-dataset/Epic and CSCR hospital Dataset/Test/meningioma/image(107).jpg",1,meningioma,1,meningioma,0.0048542800,0.9799772501,0.0080134664,0.0071550161
10913,"/kaggle/input/datasets/arafat221156011/mri-dataset/Epic and CSCR hospital Dataset/Test/meningioma/image(16).jpg",1,meningioma,1,meningioma,0.0078065777,0.9762327075,0.0080003841,0.0079603391
10919,"/kaggle/input/datasets/arafat221156011/mri-dataset/Epic and CSCR hospital Dataset/Test/meningioma/image(21).jpg",1,meningioma,1,meningioma,0.0060693305,0.9774570465,0.0082952343,0.0081783216
10921,"/kaggle/input/datasets/arafat221156011/mri-dataset/Epic and CSCR hospital Dataset/Test/meningioma/image(23).jpg",1,meningioma,1,meningioma,0.0052707768,0.9792945981,0.0079805059,0.0074541657
10931,"/kaggle/input/datasets/arafat221156011/mri-dataset/Epic and CSCR hospital Dataset/Test/meningioma/image(49).jpg",1,meningioma,1,meningioma,0.0051136157,0.9787662625,0.0078583183,0.0082618166
10951,"/kaggle/input/datasets/arafat221156011/mri-dataset/Epic and CSCR hospital Dataset/Test/notumor/1107.jpg",2,notumor,2,notumor,0.0065449663,0.0056259432,0.9802696109,0.0075595891
10952,"/kaggle/input/datasets/arafat221156011/mri-dataset/Epic and CSCR hospital Dataset/Test/notumor/1108.jpg",2,notumor,2,notumor,0.0065338374,0.0055751665,0.9804878235,0.0074031330
10969,"/kaggle/input/datasets/arafat221156011/mri-dataset/Epic and CSCR hospital Dataset/Test/notumor/1125.jpg",2,notumor,2,notumor,0.0062741130,0.0056078355,0.9804320335,0.0076860213
10974,"/kaggle/input/datasets/arafat221156011/mri-dataset/Epic and CSCR hospital Dataset/Test/notumor/1130.jpg",2,notumor,2,notumor,0.0063601658,0.0054959571,0.9802383184,0.0079055261
10980,"/kaggle/input/datasets/arafat221156011/mri-dataset/Epic and CSCR hospital Dataset/Test/notumor/1136.jpg",2,notumor,2,notumor,0.0061784042,0.0054867147,0.9804360271,0.0078989193
10982,"/kaggle/input/datasets/arafat221156011/mri-dataset/Epic and CSCR hospital Dataset/Test/notumor/1138.jpg",2,notumor,2,notumor,0.0061185500,0.0057642097,0.9807537198,0.0073635555
11001,"/kaggle/input/datasets/arafat221156011/mri-dataset/Epic and CSCR hospital Dataset/Test/notumor/1159.jpg",2,notumor,2,notumor,0.0060387463,0.0053493520,0.9805858731,0.0080259992
11005,"/kaggle/input/datasets/arafat221156011/mri-dataset/Epic and CSCR hospital Dataset/Test/notumor/1163.jpg",2,notumor,2,notumor,0.0062117274,0.0058354419,0.9808071852,0.0071456074
11018,"/kaggle/input/datasets/arafat221156011/mri-dataset/Epic and CSCR hospital Dataset/Test/notumor/1176.jpg",2,notumor,2,notumor,0.0065301335,0.0057049086,0.9804373980,0.0073275678
11022,"/kaggle/input/datasets/arafat221156011/mri-dataset/Epic and CSCR hospital Dataset/Test/notumor/1180.jpg",2,notumor,2,notumor,0.0063365311,0.0058808536,0.9806853533,0.0070972545
11025,"/kaggle/input/datasets/arafat221156011/mri-dataset/Epic and CSCR hospital Dataset/Test/notumor/1183.jpg",2,notumor,2,notumor,0.0062854127,0.0061406596,0.9805785418,0.0069953850
11031,"/kaggle/input/datasets/arafat221156011/mri-dataset/Epic and CSCR hospital Dataset/Test/notumor/1189.jpg",2,notumor,2,notumor,0.0059253210,0.0057164798,0.9807945490,0.0075636967
11033,"/kaggle/input/datasets/arafat221156011/mri-dataset/Epic and CSCR hospital Dataset/Test/notumor/1191.jpg",2,notumor,2,notumor,0.0065320753,0.0059217596,0.9804906845,0.0070554563
11036,"/kaggle/input/datasets/arafat221156011/mri-dataset/Epic and CSCR hospital Dataset/Test/notumor/1194.jpg",2,notumor,2,notumor,0.0056841932,0.0056064101,0.9807680249,0.0079413960
11051,"/kaggle/input/datasets/arafat221156011/mri-dataset/Epic and CSCR hospital Dataset/Test/notumor/1209.jpg",2,notumor,2,notumor,0.0055534625,0.0054552020,0.9798976779,0.0090935268
11054,"/kaggle/input/datasets/arafat221156011/mri-dataset/Epic and CSCR hospital Dataset/Test/notumor/1212.jpg",2,notumor,2,notumor,0.0061185053,0.0058717192,0.9804064035,0.0076034009
11062,"/kaggle/input/datasets/arafat221156011/mri-dataset/Epic and CSCR hospital Dataset/Test/notumor/1220.jpg",2,notumor,2,notumor,0.0064305426,0.0057838140,0.9802009463,0.0075847381
11063,"/kaggle/input/datasets/arafat221156011/mri-dataset/Epic and CSCR hospital Dataset/Test/notumor/1221.jpg",2,notumor,2,notumor,0.0068279216,0.0057246783,0.9800273180,0.0074201291
11068,"/kaggle/input/datasets/arafat221156011/mri-dataset/Epic and CSCR hospital Dataset/Test/notumor/1226.jpg",2,notumor,2,notumor,0.0064495639,0.0056033665,0.9804355502,0.0075115771
11078,"/kaggle/input/datasets/arafat221156011/mri-dataset/Epic and CSCR hospital Dataset/Test/notumor/1236.jpg",2,notumor,2,notumor,0.0061059739,0.0055414168,0.9799982905,0.0083543314
11080,"/kaggle/input/datasets/arafat221156011/mri-dataset/Epic and CSCR hospital Dataset/Test/notumor/1238.jpg",2,notumor,2,notumor,0.0062892251,0.0054679280,0.9802392125,0.0080037368
11091,"/kaggle/input/datasets/arafat221156011/mri-dataset/Epic and CSCR hospital Dataset/Test/notumor/1249.jpg",2,notumor,2,notumor,0.0054145069,0.0059016668,0.9801672101,0.0085167196
11098,"/kaggle/input/datasets/arafat221156011/mri-dataset/Epic and CSCR hospital Dataset/Test/notumor/1256.jpg",2,notumor,2,notumor,0.0065829558,0.0058293613,0.9803244472,0.0072632432
11103,"/kaggle/input/datasets/arafat221156011/mri-dataset/Epic and CSCR hospital Dataset/Test/notumor/1261.jpg",2,notumor,2,notumor,0.0071432209,0.0058243005,0.9798844457,0.0071480973
11107,"/kaggle/input/datasets/arafat221156011/mri-dataset/Epic and CSCR hospital Dataset/Test/notumor/1265.jpg",2,notumor,2,notumor,0.0060712979,0.0055821980,0.9806821942,0.0076643801
11114,"/kaggle/input/datasets/arafat221156011/mri-dataset/Epic and CSCR hospital Dataset/Test/notumor/1272.jpg",2,notumor,2,notumor,0.0060939444,0.0055723982,0.9805458784,0.0077877082
11116,"/kaggle/input/datasets/arafat221156011/mri-dataset/Epic and CSCR hospital Dataset/Test/notumor/1274.jpg",2,notumor,2,notumor,0.0070946254,0.0060786409,0.9795925021,0.0072342777
11121,"/kaggle/input/datasets/arafat221156011/mri-dataset/Epic and CSCR hospital Dataset/Test/notumor/1279.jpg",2,notumor,2,notumor,0.0066880966,0.0057633738,0.9802147150,0.0073338179
11123,"/kaggle/input/datasets/arafat221156011/mri-dataset/Epic and CSCR hospital Dataset/Test/notumor/1281.jpg",2,notumor,2,notumor,0.0063164630,0.0054581417,0.9801789522,0.0080463979
11128,"/kaggle/input/datasets/arafat221156011/mri-dataset/Epic and CSCR hospital Dataset/Test/notumor/1286.jpg",2,notumor,2,notumor,0.0060976753,0.0057817730,0.9804366827,0.0076838369
11131,"/kaggle/input/datasets/arafat221156011/mri-dataset/Epic and CSCR hospital Dataset/Test/notumor/1289.jpg",2,notumor,2,notumor,0.0061163618,0.0054829651,0.9804803133,0.0079203369
11132,"/kaggle/input/datasets/arafat221156011/mri-dataset/Epic and CSCR hospital Dataset/Test/notumor/1290.jpg",2,notumor,2,notumor,0.0064455913,0.0060059191,0.9804378748,0.0071106940
11137,"/kaggle/input/datasets/arafat221156011/mri-dataset/Epic and CSCR hospital Dataset/Test/notumor/1295.jpg",2,notumor,2,notumor,0.0058238846,0.0058939988,0.9809597731,0.0073223836
11142,"/kaggle/input/datasets/arafat221156011/mri-dataset/Epic and CSCR hospital Dataset/Test/notumor/1300.jpg",2,notumor,2,notumor,0.0063557923,0.0057728542,0.9804812670,0.0073901629
11157,"/kaggle/input/datasets/arafat221156011/mri-dataset/Epic and CSCR hospital Dataset/Test/notumor/1315.jpg",2,notumor,2,notumor,0.0063838237,0.0058249831,0.9805948138,0.0071963905
11163,"/kaggle/input/datasets/arafat221156011/mri-dataset/Epic and CSCR hospital Dataset/Test/notumor/1321.jpg",2,notumor,2,notumor,0.0070732199,0.0056528212,0.9798067212,0.0074672326
11164,"/kaggle/input/datasets/arafat221156011/mri-dataset/Epic and CSCR hospital Dataset/Test/notumor/1322.jpg",2,notumor,2,notumor,0.0062748799,0.0058176527,0.9805728793,0.0073346733
11166,"/kaggle/input/datasets/arafat221156011/mri-dataset/Epic and CSCR hospital Dataset/Test/notumor/1324.jpg",2,notumor,2,notumor,0.0065795579,0.0057746498,0.9804992676,0.0071464814
11168,"/kaggle/input/datasets/arafat221156011/mri-dataset/Epic and CSCR hospital Dataset/Test/notumor/1326.jpg",2,notumor,2,notumor,0.0067038224,0.0056675123,0.9799717069,0.0076568783
11170,"/kaggle/input/datasets/arafat221156011/mri-dataset/Epic and CSCR hospital Dataset/Test/notumor/1328.jpg",2,notumor,2,notumor,0.0065540248,0.0057342034,0.9804903865,0.0072213700
11184,"/kaggle/input/datasets/arafat221156011/mri-dataset/Epic and CSCR hospital Dataset/Test/notumor/1342.jpg",2,notumor,2,notumor,0.0064575588,0.0056752414,0.9801843762,0.0076827868
11188,"/kaggle/input/datasets/arafat221156011/mri-dataset/Epic and CSCR hospital Dataset/Test/notumor/1346.jpg",2,notumor,2,notumor,0.0066537159,0.0056128316,0.9802568555,0.0074765729
11192,"/kaggle/input/datasets/arafat221156011/mri-dataset/Epic and CSCR hospital Dataset/Test/notumor/1350.jpg",2,notumor,2,notumor,0.0061206343,0.0054337746,0.9803915024,0.0080540935
11208,"/kaggle/input/datasets/arafat221156011/mri-dataset/Epic and CSCR hospital Dataset/Test/notumor/1366.jpg",2,notumor,2,notumor,0.0064141676,0.0057472517,0.9803814888,0.0074570803
11211,"/kaggle/input/datasets/arafat221156011/mri-dataset/Epic and CSCR hospital Dataset/Test/notumor/1369.jpg",2,notumor,2,notumor,0.0065170908,0.0055760834,0.9801343679,0.0077724406
11213,"/kaggle/input/datasets/arafat221156011/mri-dataset/Epic and CSCR hospital Dataset/Test/notumor/1371.jpg",2,notumor,2,notumor,0.0062550679,0.0056063696,0.9805137515,0.0076248460
11214,"/kaggle/input/datasets/arafat221156011/mri-dataset/Epic and CSCR hospital Dataset/Test/notumor/1372.jpg",2,notumor,2,notumor,0.0061374484,0.0058772569,0.9802934527,0.0076917312
11217,"/kaggle/input/datasets/arafat221156011/mri-dataset/Epic and CSCR hospital Dataset/Test/notumor/1375.jpg",2,notumor,2,notumor,0.0061763595,0.0057084160,0.9806132317,0.0075019440
11228,"/kaggle/input/datasets/arafat221156011/mri-dataset/Epic and CSCR hospital Dataset/Test/notumor/1386.jpg",2,notumor,2,notumor,0.0065071294,0.0057138251,0.9804655313,0.0073135877
11229,"/kaggle/input/datasets/arafat221156011/mri-dataset/Epic and CSCR hospital Dataset/Test/notumor/1387.jpg",2,notumor,2,notumor,0.2304583490,0.0047860676,0.7508814931,0.0138741061
11246,"/kaggle/input/datasets/arafat221156011/mri-dataset/Epic and CSCR hospital Dataset/Test/notumor/1404.jpg",2,notumor,2,notumor,0.0066378973,0.0057094269,0.9802041054,0.0074486369
11254,"/kaggle/input/datasets/arafat221156011/mri-dataset/Epic and CSCR hospital Dataset/Test/notumor/1412.jpg",2,notumor,2,notumor,0.0061454917,0.0055515752,0.9804573059,0.0078456430
11263,"/kaggle/input/datasets/arafat221156011/mri-dataset/Epic and CSCR hospital Dataset/Test/notumor/1421.jpg",2,notumor,2,notumor,0.0067461049,0.0058022114,0.9803492427,0.0071023181
11270,"/kaggle/input/datasets/arafat221156011/mri-dataset/Epic and CSCR hospital Dataset/Test/notumor/1428.jpg",2,notumor,2,notumor,0.0066794544,0.0058072270,0.9803904295,0.0071228617
11275,"/kaggle/input/datasets/arafat221156011/mri-dataset/Epic and CSCR hospital Dataset/Test/notumor/1433.jpg",2,notumor,2,notumor,0.0066493838,0.0058280914,0.9803611040,0.0071614943
11277,"/kaggle/input/datasets/arafat221156011/mri-dataset/Epic and CSCR hospital Dataset/Test/notumor/1435.jpg",2,notumor,2,notumor,0.0066807009,0.0058520627,0.9803069830,0.0071601653
11278,"/kaggle/input/datasets/arafat221156011/mri-dataset/Epic and CSCR hospital Dataset/Test/notumor/1436.jpg",2,notumor,2,notumor,0.0064639538,0.0054809581,0.9803830981,0.0076720254
11282,"/kaggle/input/datasets/arafat221156011/mri-dataset/Epic and CSCR hospital Dataset/Test/notumor/1440.jpg",2,notumor,2,notumor,0.0064136833,0.0056040292,0.9802983403,0.0076840445
11286,"/kaggle/input/datasets/arafat221156011/mri-dataset/Epic and CSCR hospital Dataset/Test/notumor/1444.jpg",2,notumor,2,notumor,0.0062556593,0.0055137724,0.9806491137,0.0075814812
11288,"/kaggle/input/datasets/arafat221156011/mri-dataset/Epic and CSCR hospital Dataset/Test/notumor/1446.jpg",2,notumor,2,notumor,0.0067372383,0.0058477996,0.9802572131,0.0071577816
11290,"/kaggle/input/datasets/arafat221156011/mri-dataset/Epic and CSCR hospital Dataset/Test/notumor/1448.jpg",2,notumor,2,notumor,0.0068072835,0.0055128722,0.9800780416,0.0076018525
11294,"/kaggle/input/datasets/arafat221156011/mri-dataset/Epic and CSCR hospital Dataset/Test/notumor/1452.jpg",2,notumor,2,notumor,0.0061060907,0.0055323942,0.9804674983,0.0078938901
11295,"/kaggle/input/datasets/arafat221156011/mri-dataset/Epic and CSCR hospital Dataset/Test/notumor/1453.jpg",2,notumor,2,notumor,0.0059648985,0.0048330557,0.9747129679,0.0144890891
11296,"/kaggle/input/datasets/arafat221156011/mri-dataset/Epic and CSCR hospital Dataset/Test/notumor/1454.jpg",2,notumor,2,notumor,0.0064671291,0.0056369053,0.9806593060,0.0072366288
11305,"/kaggle/input/datasets/arafat221156011/mri-dataset/Epic and CSCR hospital Dataset/Test/notumor/1463.jpg",2,notumor,2,notumor,0.0064538838,0.0055256863,0.9805518389,0.0074685873
11318,"/kaggle/input/datasets/arafat221156011/mri-dataset/Epic and CSCR hospital Dataset/Test/notumor/1476.jpg",2,notumor,2,notumor,0.0067470968,0.0057256473,0.9801338315,0.0073934980
11319,"/kaggle/input/datasets/arafat221156011/mri-dataset/Epic and CSCR hospital Dataset/Test/notumor/1477.jpg",2,notumor,2,notumor,0.0062604644,0.0061376467,0.9804146886,0.0071872710
11320,"/kaggle/input/datasets/arafat221156011/mri-dataset/Epic and CSCR hospital Dataset/Test/notumor/1478.jpg",2,notumor,2,notumor,0.0075844652,0.0058404435,0.9795314074,0.0070437253
11321,"/kaggle/input/datasets/arafat221156011/mri-dataset/Epic and CSCR hospital Dataset/Test/notumor/1479.jpg",2,notumor,2,notumor,0.0060606943,0.0058778217,0.9805509448,0.0075104982
11323,"/kaggle/input/datasets/arafat221156011/mri-dataset/Epic and CSCR hospital Dataset/Test/notumor/1481.jpg",2,notumor,2,notumor,0.0070046796,0.0057255477,0.9800194502,0.0072502242
11332,"/kaggle/input/datasets/arafat221156011/mri-dataset/Epic and CSCR hospital Dataset/Test/notumor/1490.jpg",2,notumor,2,notumor,0.0060414290,0.0058912961,0.9805834889,0.0074838586
11336,"/kaggle/input/datasets/arafat221156011/mri-dataset/Epic and CSCR hospital Dataset/Test/notumor/1494.jpg",2,notumor,2,notumor,0.0062073879,0.0057021184,0.9806098938,0.0074805184
11338,"/kaggle/input/datasets/arafat221156011/mri-dataset/Epic and CSCR hospital Dataset/Test/notumor/1496.jpg",2,notumor,2,notumor,0.0062793298,0.0057465835,0.9804455042,0.0075286059
11342,"/kaggle/input/datasets/arafat221156011/mri-dataset/Epic and CSCR hospital Dataset/Test/notumor/1500.jpg",2,notumor,2,notumor,0.0063265646,0.0056733415,0.9805599451,0.0074401996
11345,"/kaggle/input/datasets/arafat221156011/mri-dataset/Epic and CSCR hospital Dataset/Test/notumor/1503.jpg",2,notumor,2,notumor,0.0059796972,0.0059851101,0.9806772470,0.0073580504
11350,"/kaggle/input/datasets/arafat221156011/mri-dataset/Epic and CSCR hospital Dataset/Test/notumor/1508.jpg",2,notumor,2,notumor,0.0064110109,0.0056590713,0.9805480838,0.0073817223
11353,"/kaggle/input/datasets/arafat221156011/mri-dataset/Epic and CSCR hospital Dataset/Test/notumor/1511.jpg",2,notumor,2,notumor,0.0061565610,0.0055631227,0.9803763628,0.0079039922
11364,"/kaggle/input/datasets/arafat221156011/mri-dataset/Epic and CSCR hospital Dataset/Test/notumor/1522.jpg",2,notumor,2,notumor,0.0063864789,0.0057989559,0.9806736708,0.0071409056
11365,"/kaggle/input/datasets/arafat221156011/mri-dataset/Epic and CSCR hospital Dataset/Test/notumor/1523.jpg",2,notumor,2,notumor,0.0062322444,0.0055816225,0.9805380106,0.0076481006
11372,"/kaggle/input/datasets/arafat221156011/mri-dataset/Epic and CSCR hospital Dataset/Test/notumor/1530.jpg",2,notumor,2,notumor,0.0065066419,0.0058367951,0.9801911116,0.0074653812
11374,"/kaggle/input/datasets/arafat221156011/mri-dataset/Epic and CSCR hospital Dataset/Test/notumor/1532.jpg",2,notumor,2,notumor,0.0061298050,0.0056389044,0.9806426167,0.0075887418
11382,"/kaggle/input/datasets/arafat221156011/mri-dataset/Epic and CSCR hospital Dataset/Test/notumor/1540.jpg",2,notumor,2,notumor,0.0064070434,0.0058916272,0.9803981781,0.0073031485
11397,"/kaggle/input/datasets/arafat221156011/mri-dataset/Epic and CSCR hospital Dataset/Test/notumor/1555.jpg",2,notumor,2,notumor,0.0063587138,0.0058816141,0.9804865718,0.0072731450
11402,"/kaggle/input/datasets/arafat221156011/mri-dataset/Epic and CSCR hospital Dataset/Test/notumor/1560.jpg",2,notumor,2,notumor,0.0066826763,0.0056829550,0.9801950455,0.0074394206
11408,"/kaggle/input/datasets/arafat221156011/mri-dataset/Epic and CSCR hospital Dataset/Test/notumor/1566.jpg",2,notumor,2,notumor,0.0061893789,0.0057221516,0.9808790088,0.0072094412
11419,"/kaggle/input/datasets/arafat221156011/mri-dataset/Epic and CSCR hospital Dataset/Test/notumor/1577.jpg",2,notumor,2,notumor,0.0067732013,0.0057878629,0.9800812602,0.0073575778
11422,"/kaggle/input/datasets/arafat221156011/mri-dataset/Epic and CSCR hospital Dataset/Test/notumor/1580.jpg",2,notumor,2,notumor,0.0058698356,0.0059759277,0.9806898236,0.0074645071
11423,"/kaggle/input/datasets/arafat221156011/mri-dataset/Epic and CSCR hospital Dataset/Test/notumor/1581.jpg",2,notumor,2,notumor,0.0064259074,0.0055846251,0.9804244041,0.0075650015
11431,"/kaggle/input/datasets/arafat221156011/mri-dataset/Epic and CSCR hospital Dataset/Test/notumor/43 no.jpg",2,notumor,2,notumor,0.0064690979,0.0057516024,0.9801880121,0.0075913938
11434,"/kaggle/input/datasets/arafat221156011/mri-dataset/Epic and CSCR hospital Dataset/Test/notumor/46 no.jpg",2,notumor,2,notumor,0.0062099895,0.0055729980,0.9805742502,0.0076427767
11438,"/kaggle/input/datasets/arafat221156011/mri-dataset/Epic and CSCR hospital Dataset/Test/pituitary/1201.jpg",3,pituitary,3,pituitary,0.0103077507,0.0060601849,0.0080707949,0.9755612612
11439,"/kaggle/input/datasets/arafat221156011/mri-dataset/Epic and CSCR hospital Dataset/Test/pituitary/1202.jpg",3,pituitary,3,pituitary,0.0101679740,0.0062183258,0.0082838647,0.9753298759
11440,"/kaggle/input/datasets/arafat221156011/mri-dataset/Epic and CSCR hospital Dataset/Test/pituitary/1203.jpg",3,pituitary,3,pituitary,0.0099081341,0.0061009051,0.0082602976,0.9757307172
11442,"/kaggle/input/datasets/arafat221156011/mri-dataset/Epic and CSCR hospital Dataset/Test/pituitary/1205.jpg",3,pituitary,3,pituitary,0.0099259662,0.0060467431,0.0080832066,0.9759441614
11443,"/kaggle/input/datasets/arafat221156011/mri-dataset/Epic and CSCR hospital Dataset/Test/pituitary/1206.jpg",3,pituitary,3,pituitary,0.0103261266,0.0060200831,0.0085970629,0.9750567675
11444,"/kaggle/input/datasets/arafat221156011/mri-dataset/Epic and CSCR hospital Dataset/Test/pituitary/1207.jpg",3,pituitary,3,pituitary,0.0096919294,0.0058780275,0.0082872771,0.9761427045
11445,"/kaggle/input/datasets/arafat221156011/mri-dataset/Epic and CSCR hospital Dataset/Test/pituitary/1208.jpg",3,pituitary,3,pituitary,0.0097981710,0.0056461319,0.0085463282,0.9760093689
11452,"/kaggle/input/datasets/arafat221156011/mri-dataset/Epic and CSCR hospital Dataset/Test/pituitary/1222.jpg",3,pituitary,3,pituitary,0.0098126950,0.0056209359,0.0081820032,0.9763844609
11453,"/kaggle/input/datasets/arafat221156011/mri-dataset/Epic and CSCR hospital Dataset/Test/pituitary/1223.jpg",3,pituitary,3,pituitary,0.0099162459,0.0065823034,0.0080261482,0.9754753113
11462,"/kaggle/input/datasets/arafat221156011/mri-dataset/Epic and CSCR hospital Dataset/Test/pituitary/1232.jpg",3,pituitary,3,pituitary,0.0108037619,0.0056786025,0.0083504012,0.9751672745
11466,"/kaggle/input/datasets/arafat221156011/mri-dataset/Epic and CSCR hospital Dataset/Test/pituitary/1236.jpg",3,pituitary,3,pituitary,0.0103600118,0.0063388357,0.0079409480,0.9753600955
11471,"/kaggle/input/datasets/arafat221156011/mri-dataset/Epic and CSCR hospital Dataset/Test/pituitary/1241.jpg",3,pituitary,3,pituitary,0.0101314150,0.0062044184,0.0084088426,0.9752551913
11474,"/kaggle/input/datasets/arafat221156011/mri-dataset/Epic and CSCR hospital Dataset/Test/pituitary/1244.jpg",3,pituitary,3,pituitary,0.0098814042,0.0063314647,0.0082218591,0.9755653143
11487,"/kaggle/input/datasets/arafat221156011/mri-dataset/Epic and CSCR hospital Dataset/Test/pituitary/1257.jpg",3,pituitary,3,pituitary,0.0097525101,0.0063761235,0.0083369091,0.9755343199
11496,"/kaggle/input/datasets/arafat221156011/mri-dataset/Epic and CSCR hospital Dataset/Test/pituitary/1266.jpg",3,pituitary,3,pituitary,0.0098240348,0.0060069542,0.0084680449,0.9757009745
11501,"/kaggle/input/datasets/arafat221156011/mri-dataset/Epic and CSCR hospital Dataset/Test/pituitary/1271.jpg",3,pituitary,3,pituitary,0.0095308563,0.0066838628,0.0079740630,0.9758111835
11503,"/kaggle/input/datasets/arafat221156011/mri-dataset/Epic and CSCR hospital Dataset/Test/pituitary/1273.jpg",3,pituitary,3,pituitary,0.0099670421,0.0057293382,0.0084236469,0.9758799672
11505,"/kaggle/input/datasets/arafat221156011/mri-dataset/Epic and CSCR hospital Dataset/Test/pituitary/1275.jpg",3,pituitary,3,pituitary,0.0097881779,0.0062993183,0.0080505349,0.9758619070
11511,"/kaggle/input/datasets/arafat221156011/mri-dataset/Epic and CSCR hospital Dataset/Test/pituitary/1281.jpg",3,pituitary,3,pituitary,0.0096399523,0.0068289442,0.0078896722,0.9756414294
11514,"/kaggle/input/datasets/arafat221156011/mri-dataset/Epic and CSCR hospital Dataset/Test/pituitary/1284.jpg",3,pituitary,3,pituitary,0.0101568568,0.0061121676,0.0081891250,0.9755417705
11519,"/kaggle/input/datasets/arafat221156011/mri-dataset/Epic and CSCR hospital Dataset/Test/pituitary/1289.jpg",3,pituitary,3,pituitary,0.0103011029,0.0059181787,0.0082070418,0.9755736589
11522,"/kaggle/input/datasets/arafat221156011/mri-dataset/Epic and CSCR hospital Dataset/Test/pituitary/1292.jpg",3,pituitary,3,pituitary,0.0095978165,0.0067291036,0.0080323974,0.9756406546
11535,"/kaggle/input/datasets/arafat221156011/mri-dataset/Epic and CSCR hospital Dataset/Test/pituitary/1305.jpg",3,pituitary,3,pituitary,0.0097063035,0.0059974259,0.0080654426,0.9762308002
11539,"/kaggle/input/datasets/arafat221156011/mri-dataset/Epic and CSCR hospital Dataset/Test/pituitary/1309.jpg",3,pituitary,3,pituitary,0.0102895098,0.0058865245,0.0085414741,0.9752824903
11548,"/kaggle/input/datasets/arafat221156011/mri-dataset/Epic and CSCR hospital Dataset/Test/pituitary/1318.jpg",3,pituitary,3,pituitary,0.0101888925,0.0061873854,0.0081492057,0.9754745364
11551,"/kaggle/input/datasets/arafat221156011/mri-dataset/Epic and CSCR hospital Dataset/Test/pituitary/1321.jpg",3,pituitary,3,pituitary,0.0107741198,0.0058692428,0.0083417678,0.9750148058
11557,"/kaggle/input/datasets/arafat221156011/mri-dataset/Epic and CSCR hospital Dataset/Test/pituitary/1327.jpg",3,pituitary,3,pituitary,0.0088114748,0.0077320784,0.0077549131,0.9757015109
11560,"/kaggle/input/datasets/arafat221156011/mri-dataset/Epic and CSCR hospital Dataset/Test/pituitary/1330.jpg",3,pituitary,3,pituitary,0.0101880757,0.0060310382,0.0084181922,0.9753626585
11562,"/kaggle/input/datasets/arafat221156011/mri-dataset/Epic and CSCR hospital Dataset/Test/pituitary/1332.jpg",3,pituitary,3,pituitary,0.0104416786,0.0057060309,0.0083986670,0.9754536748
11567,"/kaggle/input/datasets/arafat221156011/mri-dataset/Epic and CSCR hospital Dataset/Test/pituitary/1337.jpg",3,pituitary,3,pituitary,0.0095998608,0.0067998939,0.0079717236,0.9756285548
11568,"/kaggle/input/datasets/arafat221156011/mri-dataset/Epic and CSCR hospital Dataset/Test/pituitary/1338.jpg",3,pituitary,3,pituitary,0.0107141118,0.0058420496,0.0083609810,0.9750827551
11577,"/kaggle/input/datasets/arafat221156011/mri-dataset/Epic and CSCR hospital Dataset/Test/pituitary/1347.jpg",3,pituitary,3,pituitary,0.0108069358,0.0065560364,0.0081047900,0.9745323062
11582,"/kaggle/input/datasets/arafat221156011/mri-dataset/Epic and CSCR hospital Dataset/Test/pituitary/1352.jpg",3,pituitary,3,pituitary,0.0093416078,0.0067915297,0.0082339300,0.9756329656
11592,"/kaggle/input/datasets/arafat221156011/mri-dataset/Epic and CSCR hospital Dataset/Test/pituitary/1362.jpg",3,pituitary,3,pituitary,0.0095597897,0.0071034268,0.0081423726,0.9751943350
11598,"/kaggle/input/datasets/arafat221156011/mri-dataset/Epic and CSCR hospital Dataset/Test/pituitary/1368.jpg",3,pituitary,3,pituitary,0.0092050750,0.0073248148,0.0080874134,0.9753828049
11601,"/kaggle/input/datasets/arafat221156011/mri-dataset/Epic and CSCR hospital Dataset/Test/pituitary/1371.jpg",3,pituitary,3,pituitary,0.0096202074,0.0054106722,0.0088897292,0.9760794640
11603,"/kaggle/input/datasets/arafat221156011/mri-dataset/Epic and CSCR hospital Dataset/Test/pituitary/1373.jpg",3,pituitary,3,pituitary,0.0104252435,0.0056186286,0.0085402979,0.9754158258
11604,"/kaggle/input/datasets/arafat221156011/mri-dataset/Epic and CSCR hospital Dataset/Test/pituitary/1374.jpg",3,pituitary,3,pituitary,0.0102102943,0.0064465166,0.0079702381,0.9753729105
11622,"/kaggle/input/datasets/arafat221156011/mri-dataset/Epic and CSCR hospital Dataset/Test/pituitary/1392.jpg",3,pituitary,3,pituitary,0.0102624800,0.0058838520,0.0084996177,0.9753540158
11623,"/kaggle/input/datasets/arafat221156011/mri-dataset/Epic and CSCR hospital Dataset/Test/pituitary/1393.jpg",3,pituitary,3,pituitary,0.0109058199,0.0059853708,0.0080304071,0.9750784039
11628,"/kaggle/input/datasets/arafat221156011/mri-dataset/Epic and CSCR hospital Dataset/Test/pituitary/1398.jpg",3,pituitary,3,pituitary,0.0098883081,0.0062039779,0.0084442198,0.9754635096
11631,"/kaggle/input/datasets/arafat221156011/mri-dataset/Epic and CSCR hospital Dataset/Test/pituitary/1401.jpg",3,pituitary,3,pituitary,0.0094662895,0.0062682116,0.0088297073,0.9754358530
11637,"/kaggle/input/datasets/arafat221156011/mri-dataset/Epic and CSCR hospital Dataset/Test/pituitary/1407.jpg",3,pituitary,3,pituitary,0.0101378364,0.0058817300,0.0084893387,0.9754911661
11641,"/kaggle/input/datasets/arafat221156011/mri-dataset/Epic and CSCR hospital Dataset/Test/pituitary/1411.jpg",3,pituitary,3,pituitary,0.0097495746,0.0068306141,0.0079727247,0.9754470587
11652,"/kaggle/input/datasets/arafat221156011/mri-dataset/Epic and CSCR hospital Dataset/Test/pituitary/1422.jpg",3,pituitary,3,pituitary,0.0096398890,0.0064184768,0.0081848027,0.9757567644
11655,"/kaggle/input/datasets/arafat221156011/mri-dataset/Epic and CSCR hospital Dataset/Test/pituitary/1425.jpg",3,pituitary,3,pituitary,0.0100475792,0.0057433597,0.0082986644,0.9759104848
11657,"/kaggle/input/datasets/arafat221156011/mri-dataset/Epic and CSCR hospital Dataset/Test/pituitary/1427.jpg",3,pituitary,3,pituitary,0.0097367913,0.0063597336,0.0083655994,0.9755378962
11667,"/kaggle/input/datasets/arafat221156011/mri-dataset/Epic and CSCR hospital Dataset/Test/pituitary/1437.jpg",3,pituitary,3,pituitary,0.0103112329,0.0056970790,0.0086068967,0.9753848314
11669,"/kaggle/input/datasets/arafat221156011/mri-dataset/Epic and CSCR hospital Dataset/Test/pituitary/1439.jpg",3,pituitary,3,pituitary,0.0106441574,0.0064662942,0.0079220887,0.9749673605
11670,"/kaggle/input/datasets/arafat221156011/mri-dataset/Epic and CSCR hospital Dataset/Test/pituitary/1440.jpg",3,pituitary,3,pituitary,0.0093332501,0.0072315829,0.0078794621,0.9755557179
11671,"/kaggle/input/datasets/arafat221156011/mri-dataset/Epic and CSCR hospital Dataset/Test/pituitary/1441.jpg",3,pituitary,3,pituitary,0.0099796550,0.0063398145,0.0080681182,0.9756123424
11672,"/kaggle/input/datasets/arafat221156011/mri-dataset/Epic and CSCR hospital Dataset/Test/pituitary/1442.jpg",3,pituitary,3,pituitary,0.0102897221,0.0056510116,0.0084049050,0.9756544232
11673,"/kaggle/input/datasets/arafat221156011/mri-dataset/Epic and CSCR hospital Dataset/Test/pituitary/1443.jpg",3,pituitary,3,pituitary,0.0100890556,0.0056767641,0.0085020037,0.9757321477
11676,"/kaggle/input/datasets/arafat221156011/mri-dataset/Epic and CSCR hospital Dataset/Test/pituitary/1446.jpg",3,pituitary,3,pituitary,0.0107801845,0.0054832133,0.0085915821,0.9751450419
11679,"/kaggle/input/datasets/arafat221156011/mri-dataset/Epic and CSCR hospital Dataset/Test/pituitary/1449.jpg",3,pituitary,3,pituitary,0.0096336072,0.0056955772,0.0088614170,0.9758094549
11681,"/kaggle/input/datasets/arafat221156011/mri-dataset/Epic and CSCR hospital Dataset/Test/pituitary/1451.jpg",3,pituitary,3,pituitary,0.0995581001,0.0084282383,0.0062557654,0.8857579231
11685,"/kaggle/input/datasets/arafat221156011/mri-dataset/Epic and CSCR hospital Dataset/Test/pituitary/1455.jpg",3,pituitary,3,pituitary,0.0100027928,0.0060087824,0.0084655257,0.9755228758
11691,"/kaggle/input/datasets/arafat221156011/mri-dataset/Epic and CSCR hospital Dataset/Test/pituitary/1461.jpg",3,pituitary,3,pituitary,0.0100401975,0.0062678508,0.0079475101,0.9757444263
11692,"/kaggle/input/datasets/arafat221156011/mri-dataset/Epic and CSCR hospital Dataset/Test/pituitary/1462.jpg",3,pituitary,3,pituitary,0.0090296520,0.0077097081,0.0080008414,0.9752597809
11693,"/kaggle/input/datasets/arafat221156011/mri-dataset/Epic and CSCR hospital Dataset/Test/pituitary/1463.jpg",3,pituitary,3,pituitary,0.0094606644,0.0069237612,0.0082170796,0.9753984213
11696,"/kaggle/input/datasets/arafat221156011/mri-dataset/Epic and CSCR hospital Dataset/Test/pituitary/1466.jpg",3,pituitary,3,pituitary,0.0101638548,0.0072403438,0.0077396841,0.9748561978
11705,"/kaggle/input/datasets/arafat221156011/mri-dataset/Epic and CSCR hospital Dataset/Test/pituitary/1475.jpg",3,pituitary,3,pituitary,0.0102492571,0.0064538345,0.0084042614,0.9748926163
11708,"/kaggle/input/datasets/arafat221156011/mri-dataset/Epic and CSCR hospital Dataset/Test/pituitary/1478.jpg",3,pituitary,3,pituitary,0.0106013147,0.0056669279,0.0083515625,0.9753803015
11712,"/kaggle/input/datasets/arafat221156011/mri-dataset/Epic and CSCR hospital Dataset/Test/pituitary/1482.jpg",3,pituitary,3,pituitary,0.0105636511,0.0061167469,0.0081390692,0.9751804471
11713,"/kaggle/input/datasets/arafat221156011/mri-dataset/Epic and CSCR hospital Dataset/Test/pituitary/1483.jpg",3,pituitary,3,pituitary,0.0098766265,0.0066359071,0.0082660327,0.9752215147
11716,"/kaggle/input/datasets/arafat221156011/mri-dataset/Epic and CSCR hospital Dataset/Test/pituitary/1486.jpg",3,pituitary,3,pituitary,0.0103434576,0.0061774347,0.0082663549,0.9752127528
11728,"/kaggle/input/datasets/arafat221156011/mri-dataset/Epic and CSCR hospital Dataset/Test/pituitary/1498.jpg",3,pituitary,3,pituitary,0.0100749619,0.0061532818,0.0081626568,0.9756090045
11741,"/kaggle/input/datasets/arafat221156011/mri-dataset/Epic and CSCR hospital Dataset/Test/pituitary/1511.jpg",3,pituitary,3,pituitary,0.0096801817,0.0058104414,0.0085140066,0.9759953618
11755,"/kaggle/input/datasets/arafat221156011/mri-dataset/Epic and CSCR hospital Dataset/Test/pituitary/1525.jpg",3,pituitary,3,pituitary,0.0104881786,0.0060578031,0.0082203317,0.9752336740
11772,"/kaggle/input/datasets/arafat221156011/mri-dataset/Epic and CSCR hospital Dataset/Test/pituitary/1542.jpg",3,pituitary,3,pituitary,0.0096307090,0.0063529247,0.0083536981,0.9756625891
11781,"/kaggle/input/datasets/arafat221156011/mri-dataset/Epic and CSCR hospital Dataset/Test/pituitary/1551.jpg",3,pituitary,3,pituitary,0.0101076979,0.0063746930,0.0079951603,0.9755223989
11784,"/kaggle/input/datasets/arafat221156011/mri-dataset/Epic and CSCR hospital Dataset/Test/pituitary/1554.jpg",3,pituitary,3,pituitary,0.0099274311,0.0076398491,0.0075778798,0.9748548269
11785,"/kaggle/input/datasets/arafat221156011/mri-dataset/Epic and CSCR hospital Dataset/Test/pituitary/1555.jpg",3,pituitary,3,pituitary,0.0100096557,0.0059197727,0.0083558485,0.9757148027
11787,"/kaggle/input/datasets/arafat221156011/mri-dataset/Epic and CSCR hospital Dataset/Test/pituitary/1557.jpg",3,pituitary,3,pituitary,0.0099595245,0.0061307861,0.0083033703,0.9756062627
11788,"/kaggle/input/datasets/arafat221156011/mri-dataset/Epic and CSCR hospital Dataset/Test/pituitary/1558.jpg",3,pituitary,3,pituitary,0.0098192571,0.0060844631,0.0085744485,0.9755218625
11793,"/kaggle/input/datasets/arafat221156011/mri-dataset/Epic and CSCR hospital Dataset/Test/pituitary/1563.jpg",3,pituitary,3,pituitary,0.0094072055,0.0070207766,0.0080523696,0.9755197763
11795,"/kaggle/input/datasets/arafat221156011/mri-dataset/Epic and CSCR hospital Dataset/Test/pituitary/1565.jpg",3,pituitary,3,pituitary,0.0097796805,0.0057862853,0.0086195730,0.9758144617
11800,"/kaggle/input/datasets/arafat221156011/mri-dataset/Epic and CSCR hospital Dataset/Test/pituitary/1570.jpg",3,pituitary,3,pituitary,0.0098410975,0.0070209480,0.0079611177,0.9751769304
11804,"/kaggle/input/datasets/arafat221156011/mri-dataset/Epic and CSCR hospital Dataset/Test/pituitary/1574.jpg",3,pituitary,3,pituitary,0.0098693660,0.0065245456,0.0081167594,0.9754893184
11806,"/kaggle/input/datasets/arafat221156011/mri-dataset/Epic and CSCR hospital Dataset/Test/pituitary/1576.jpg",3,pituitary,3,pituitary,0.0093838265,0.0066329511,0.0080876220,0.9758955240
11807,"/kaggle/input/datasets/arafat221156011/mri-dataset/Epic and CSCR hospital Dataset/Test/pituitary/1577.jpg",3,pituitary,3,pituitary,0.0092996554,0.0065676137,0.0085238675,0.9756088257
11828,"/kaggle/input/datasets/arafat221156011/mri-dataset/Epic and CSCR hospital Dataset/Test/pituitary/1598.jpg",3,pituitary,3,pituitary,0.0097759245,0.0061831372,0.0080639850,0.9759769440
11832,"/kaggle/input/datasets/arafat221156011/mri-dataset/Epic and CSCR hospital Dataset/Test/pituitary/1602.jpg",3,pituitary,3,pituitary,0.0103130098,0.0061320267,0.0081929201,0.9753620028
11834,"/kaggle/input/datasets/arafat221156011/mri-dataset/Epic and CSCR hospital Dataset/Test/pituitary/1604.jpg",3,pituitary,3,pituitary,0.0100946967,0.0061360919,0.0084834537,0.9752858281
11838,"/kaggle/input/datasets/arafat221156011/mri-dataset/Epic and CSCR hospital Dataset/Test/pituitary/1608.jpg",3,pituitary,3,pituitary,0.0101748649,0.0061754882,0.0081380773,0.9755115509
11845,"/kaggle/input/datasets/arafat221156011/mri-dataset/Epic and CSCR hospital Dataset/Test/pituitary/1615.jpg",3,pituitary,3,pituitary,0.0104230354,0.0058051147,0.0084130047,0.9753588438
11849,"/kaggle/input/datasets/arafat221156011/mri-dataset/Epic and CSCR hospital Dataset/Test/pituitary/1642.jpg",3,pituitary,3,pituitary,0.0093510877,0.0069570146,0.0084878942,0.9752039909
11852,"/kaggle/input/datasets/arafat221156011/mri-dataset/Epic and CSCR hospital Dataset/Test/pituitary/1645.jpg",3,pituitary,3,pituitary,0.0100626694,0.0063838637,0.0084087951,0.9751445651
11856,"/kaggle/input/datasets/arafat221156011/mri-dataset/Epic and CSCR hospital Dataset/Test/pituitary/1649.jpg",3,pituitary,3,pituitary,0.0093516391,0.0066568675,0.0081097689,0.9758816957
11857,"/kaggle/input/datasets/arafat221156011/mri-dataset/Epic and CSCR hospital Dataset/Test/pituitary/1650.jpg",3,pituitary,3,pituitary,0.0099483896,0.0056942077,0.0085030105,0.9758543968
11858,"/kaggle/input/datasets/arafat221156011/mri-dataset/Epic and CSCR hospital Dataset/Test/pituitary/1651.jpg",3,pituitary,3,pituitary,0.0097175892,0.0068737292,0.0081613269,0.9752472639
11859,"/kaggle/input/datasets/arafat221156011/mri-dataset/Epic and CSCR hospital Dataset/Test/pituitary/1652.jpg",3,pituitary,3,pituitary,0.0098716905,0.0061713336,0.0084007625,0.9755562544
11868,"/kaggle/input/datasets/arafat221156011/mri-dataset/Epic and CSCR hospital Dataset/Test/pituitary/image(11).jpg",3,pituitary,3,pituitary,0.0107315807,0.0054503684,0.0083691292,0.9754489064
11896,"/kaggle/input/datasets/arafat221156011/mri-dataset/Epic and CSCR hospital Dataset/Test/pituitary/image(49).jpg",3,pituitary,3,pituitary,0.0121851610,0.0052222344,0.0081269117,0.9744657278
11899,"/kaggle/input/datasets/arafat221156011/mri-dataset/Epic and CSCR hospital Dataset/Test/pituitary/image(52).jpg",3,pituitary,3,pituitary,0.0099524828,0.0057328586,0.0083916122,0.9759230614
11902,"/kaggle/input/datasets/arafat221156011/mri-dataset/Epic and CSCR hospital Dataset/Test/pituitary/image(55).jpg",3,pituitary,3,pituitary,0.0091813412,0.0063544875,0.0082566356,0.9762075543
11912,"/kaggle/input/datasets/arafat221156011/mri-dataset/Epic and CSCR hospital Dataset/Test/pituitary/image(94).jpg",3,pituitary,3,pituitary,0.0105278566,0.0057632020,0.0083280001,0.9753810167
11914,"/kaggle/input/datasets/arafat221156011/mri-dataset/Epic and CSCR hospital Dataset/Test/pituitary/image(96).jpg",3,pituitary,3,pituitary,0.0098294709,0.0058251629,0.0084485617,0.9758968353
11917,"/kaggle/input/datasets/arafat221156011/mri-dataset/Epic and CSCR hospital Dataset/Test/pituitary/image.jpg",3,pituitary,3,pituitary,0.0084842611,0.0093737822,0.0075948364,0.9745470881
11918,"/kaggle/input/datasets/arafat221156011/mri-dataset/Epic and CSCR hospital Dataset/Test/pituitary/p (335).jpg",3,pituitary,3,pituitary,0.0098525621,0.0068536745,0.0080407616,0.9752529860
11927,"/kaggle/input/datasets/arafat221156011/mri-dataset/Epic and CSCR hospital Dataset/Test/pituitary/p (367).jpg",3,pituitary,3,pituitary,0.0100166518,0.0067841485,0.0080883363,0.9751108289
11934,"/kaggle/input/datasets/arafat221156011/mri-dataset/Epic and CSCR hospital Dataset/Test/pituitary/p (373).jpg",3,pituitary,3,pituitary,0.0096604899,0.0062939101,0.0080620274,0.9759836197
11936,"/kaggle/input/datasets/arafat221156011/mri-dataset/Epic and CSCR hospital Dataset/Test/pituitary/p (375).jpg",3,pituitary,3,pituitary,0.0093893576,0.0072545698,0.0079680998,0.9753879309
11938,"/kaggle/input/datasets/arafat221156011/mri-dataset/Epic and CSCR hospital Dataset/Test/pituitary/p (377).jpg",3,pituitary,3,pituitary,0.0102451602,0.0064578368,0.0081022158,0.9751947522
11951,"/kaggle/input/datasets/arafat221156011/mri-dataset/Epic and CSCR hospital Dataset/Test/pituitary/p (389).jpg",3,pituitary,3,pituitary,0.0099995080,0.0067963498,0.0078486232,0.9753554463
11954,"/kaggle/input/datasets/arafat221156011/mri-dataset/Epic and CSCR hospital Dataset/Test/pituitary/p (391).jpg",3,pituitary,3,pituitary,0.0094541069,0.0069369124,0.0079599395,0.9756489992
11957,"/kaggle/input/datasets/arafat221156011/mri-dataset/Epic and CSCR hospital Dataset/Test/pituitary/p (394).jpg",3,pituitary,3,pituitary,0.0096748993,0.0066577294,0.0082045393,0.9754627943
11958,"/kaggle/input/datasets/arafat221156011/mri-dataset/Epic and CSCR hospital Dataset/Test/pituitary/p (395).jpg",3,pituitary,3,pituitary,0.0096334936,0.0064978004,0.0082220295,0.9756466746
11959,"/kaggle/input/datasets/arafat221156011/mri-dataset/Epic and CSCR hospital Dataset/Test/pituitary/p (396).jpg",3,pituitary,3,pituitary,0.0099960295,0.0063846097,0.0081596253,0.9754597545
11961,"/kaggle/input/datasets/arafat221156011/mri-dataset/Epic and CSCR hospital Dataset/Test/pituitary/p (398).jpg",3,pituitary,3,pituitary,0.0100650759,0.0061132126,0.0082959179,0.9755258560
11968,"/kaggle/input/datasets/arafat221156011/mri-dataset/Epic and CSCR hospital Dataset/Test/pituitary/p (403).jpg",3,pituitary,3,pituitary,0.0102786319,0.0059066359,0.0084492136,0.9753654599
11977,"/kaggle/input/datasets/arafat221156011/mri-dataset/Epic and CSCR hospital Dataset/Test/pituitary/p (411).jpg",3,pituitary,3,pituitary,0.0099939322,0.0063336613,0.0082649011,0.9754074812
11989,"/kaggle/input/datasets/arafat221156011/mri-dataset/Epic and CSCR hospital Dataset/Test/pituitary/p (422).jpg",3,pituitary,3,pituitary,0.0097239688,0.0065717017,0.0083870236,0.9753172994
11990,"/kaggle/input/datasets/arafat221156011/mri-dataset/Epic and CSCR hospital Dataset/Test/pituitary/p (423).jpg",3,pituitary,3,pituitary,0.0106947683,0.0062080105,0.0081873108,0.9749099612
11992,"/kaggle/input/datasets/arafat221156011/mri-dataset/Epic and CSCR hospital Dataset/Test/pituitary/p (425).jpg",3,pituitary,3,pituitary,0.0109601794,0.0056694290,0.0084146149,0.9749557376
11993,"/kaggle/input/datasets/arafat221156011/mri-dataset/Epic and CSCR hospital Dataset/Test/pituitary/p (426).jpg",3,pituitary,3,pituitary,0.0105144577,0.0058326498,0.0081837457,0.9754692316
11995,"/kaggle/input/datasets/arafat221156011/mri-dataset/Epic and CSCR hospital Dataset/Test/pituitary/p (428).jpg",3,pituitary,3,pituitary,0.0113742035,0.0056001162,0.0082546677,0.9747711420
12000,"/kaggle/input/datasets/arafat221156011/mri-dataset/Epic and CSCR hospital Dataset/Test/pituitary/p (432).jpg",3,pituitary,3,pituitary,0.0099250767,0.0061328267,0.0081636934,0.9757784009
12007,"/kaggle/input/datasets/arafat221156011/mri-dataset/Epic and CSCR hospital Dataset/Test/pituitary/p (439).jpg",3,pituitary,3,pituitary,0.0095715662,0.0058416077,0.0088681933,0.9757184982
12010,"/kaggle/input/datasets/arafat221156011/mri-dataset/Epic and CSCR hospital Dataset/Test/pituitary/p (441).jpg",3,pituitary,3,pituitary,0.0098552341,0.0059653958,0.0083623426,0.9758170247
12015,"/kaggle/input/datasets/arafat221156011/mri-dataset/Epic and CSCR hospital Dataset/Test/pituitary/p (446).jpg",3,pituitary,3,pituitary,0.0111589991,0.0057601999,0.0080861505,0.9749946594
12018,"/kaggle/input/datasets/arafat221156011/mri-dataset/Epic and CSCR hospital Dataset/Test/pituitary/p (449).jpg",3,pituitary,3,pituitary,0.0103184003,0.0056499294,0.0082810475,0.9757506251
12021,"/kaggle/input/datasets/arafat221156011/mri-dataset/Epic and CSCR hospital Dataset/Test/pituitary/p (451).jpg",3,pituitary,3,pituitary,0.0103993863,0.0061732754,0.0084057450,0.9750215411
12026,"/kaggle/input/datasets/arafat221156011/mri-dataset/Epic and CSCR hospital Dataset/Test/pituitary/p (456).jpg",3,pituitary,3,pituitary,0.0103688380,0.0061146952,0.0081878714,0.9753285646
12027,"/kaggle/input/datasets/arafat221156011/mri-dataset/Epic and CSCR hospital Dataset/Test/pituitary/p (457).jpg",3,pituitary,3,pituitary,0.0097166253,0.0067286110,0.0083858389,0.9751690030
12028,"/kaggle/input/datasets/arafat221156011/mri-dataset/Epic and CSCR hospital Dataset/Test/pituitary/p (458).jpg",3,pituitary,3,pituitary,0.0093720909,0.0065886467,0.0082812253,0.9757579565
12034,"/kaggle/input/datasets/arafat221156011/mri-dataset/Epic and CSCR hospital Dataset/Test/pituitary/p (463).jpg",3,pituitary,3,pituitary,0.0092338314,0.0070995009,0.0082274918,0.9754391909
12037,"/kaggle/input/datasets/arafat221156011/mri-dataset/Epic and CSCR hospital Dataset/Test/pituitary/p (466).jpg",3,pituitary,3,pituitary,0.0103736669,0.0059469943,0.0084048714,0.9752745628
12055,"/kaggle/input/datasets/arafat221156011/mri-dataset/Epic and CSCR hospital Dataset/Test/pituitary/p (5).jpg",3,pituitary,3,pituitary,0.0097267814,0.0061694523,0.0082764197,0.9758273363
12062,"/kaggle/input/datasets/arafat221156011/mri-dataset/Epic and CSCR hospital Dataset/Test/pituitary/p (56).jpg",3,pituitary,3,pituitary,0.0099338414,0.0062684687,0.0079304110,0.9758672714
