sample_index,path,true_index,true_class,pred_index,pred_class,prob_glioma,prob_meningioma,prob_notumor,prob_pituitary,w_graph,w_image,u_graph,u_image,group
14,"/kaggle/input/datasets/arafatrahmann/my-data221/Epic and CSCR hospital Dataset/Train/glioma/G_706.jpg",0,glioma,0,glioma,0.9783708453,0.0055753179,0.0073439204,0.0087099653,0.10436488,0.89563512,0.00008105,0.00000566,3
15,"/kaggle/input/datasets/arafatrahmann/my-data221/Epic and CSCR hospital Dataset/Train/glioma/G_706_BR_.jpg",0,glioma,0,glioma,0.9777833819,0.0053053880,0.0069607669,0.0099505531,0.09541251,0.90458748,0.00010701,0.00000634,3
16,"/kaggle/input/datasets/arafatrahmann/my-data221/Epic and CSCR hospital Dataset/Train/glioma/G_706_DA_.jpg",0,glioma,0,glioma,0.9784806967,0.0062522977,0.0068036825,0.0084634041,0.09514262,0.90485739,0.00008151,0.00000497,3
17,"/kaggle/input/datasets/arafatrahmann/my-data221/Epic and CSCR hospital Dataset/Train/glioma/G_706_HF_.jpg",0,glioma,0,glioma,0.9781354070,0.0054137595,0.0077141463,0.0087366235,0.11924846,0.88075156,0.00007610,0.00000600,3
18,"/kaggle/input/datasets/arafatrahmann/my-data221/Epic and CSCR hospital Dataset/Train/glioma/G_706_RO_.jpg",0,glioma,0,glioma,0.9780653119,0.0055563604,0.0074752187,0.0089031942,0.09747462,0.90252538,0.00007065,0.00000390,3
19,"/kaggle/input/datasets/arafatrahmann/my-data221/Epic and CSCR hospital Dataset/Train/glioma/G_706_SP_.jpg",0,glioma,0,glioma,0.9700551033,0.0039387741,0.0077241226,0.0182820242,0.10050256,0.89949746,0.00025849,0.00001122,3
20,"/kaggle/input/datasets/arafatrahmann/my-data221/Epic and CSCR hospital Dataset/Train/glioma/G_706_VF_.jpg",0,glioma,0,glioma,0.9778470993,0.0051458008,0.0074078208,0.0095992144,0.12076676,0.87923324,0.00005419,0.00000561,3
63,"/kaggle/input/datasets/arafatrahmann/my-data221/Epic and CSCR hospital Dataset/Train/glioma/G_713.jpg",0,glioma,0,glioma,0.9784456491,0.0057552499,0.0073213922,0.0084777921,0.10921537,0.89078465,0.00006803,0.00000470,8
64,"/kaggle/input/datasets/arafatrahmann/my-data221/Epic and CSCR hospital Dataset/Train/glioma/G_713_BR_.jpg",0,glioma,0,glioma,0.9777514338,0.0055953832,0.0081988629,0.0084543014,0.08789371,0.91210629,0.00010050,0.00000368,8
65,"/kaggle/input/datasets/arafatrahmann/my-data221/Epic and CSCR hospital Dataset/Train/glioma/G_713_DA_.jpg",0,glioma,0,glioma,0.9790167809,0.0051328689,0.0076194047,0.0082308874,0.11827549,0.88172449,0.00005577,0.00000568,8
66,"/kaggle/input/datasets/arafatrahmann/my-data221/Epic and CSCR hospital Dataset/Train/glioma/G_713_HF_.jpg",0,glioma,0,glioma,0.9785340428,0.0054469970,0.0079187211,0.0081003495,0.13760829,0.86239171,0.00006263,0.00000592,8
67,"/kaggle/input/datasets/arafatrahmann/my-data221/Epic and CSCR hospital Dataset/Train/glioma/G_713_RO_.jpg",0,glioma,0,glioma,0.9785083532,0.0055836164,0.0070187412,0.0088893007,0.10640170,0.89359829,0.00005639,0.00000495,8
68,"/kaggle/input/datasets/arafatrahmann/my-data221/Epic and CSCR hospital Dataset/Train/glioma/G_713_SP_.jpg",0,glioma,0,glioma,0.9171978831,0.0067677880,0.0687940270,0.0072403224,0.10984776,0.89015224,0.00061391,0.00016875,8
69,"/kaggle/input/datasets/arafatrahmann/my-data221/Epic and CSCR hospital Dataset/Train/glioma/G_713_VF_.jpg",0,glioma,0,glioma,0.9784409404,0.0056658215,0.0068601617,0.0090330560,0.11528825,0.88471174,0.00007744,0.00000548,8
91,"/kaggle/input/datasets/arafatrahmann/my-data221/Epic and CSCR hospital Dataset/Train/glioma/G_717.jpg",0,glioma,0,glioma,0.9789034128,0.0048291283,0.0082018785,0.0080655599,0.10052337,0.89947661,0.00008617,0.00000585,12
92,"/kaggle/input/datasets/arafatrahmann/my-data221/Epic and CSCR hospital Dataset/Train/glioma/G_717_BR_.jpg",0,glioma,0,glioma,0.9765160680,0.0041688853,0.0110186152,0.0082963277,0.08971991,0.91028008,0.00012137,0.00000627,12
93,"/kaggle/input/datasets/arafatrahmann/my-data221/Epic and CSCR hospital Dataset/Train/glioma/G_717_DA_.jpg",0,glioma,0,glioma,0.9762668610,0.0042505004,0.0123875048,0.0070950971,0.10165256,0.89834744,0.00007203,0.00000550,12
94,"/kaggle/input/datasets/arafatrahmann/my-data221/Epic and CSCR hospital Dataset/Train/glioma/G_717_HF_.jpg",0,glioma,0,glioma,0.9773865938,0.0043176892,0.0107749207,0.0075207963,0.12264826,0.87735174,0.00008079,0.00000748,12
95,"/kaggle/input/datasets/arafatrahmann/my-data221/Epic and CSCR hospital Dataset/Train/glioma/G_717_RO_.jpg",0,glioma,0,glioma,0.9788721204,0.0047705034,0.0084691253,0.0078882594,0.10676240,0.89323759,0.00009299,0.00000629,12
96,"/kaggle/input/datasets/arafatrahmann/my-data221/Epic and CSCR hospital Dataset/Train/glioma/G_717_SP_.jpg",0,glioma,0,glioma,0.8911272287,0.0040820213,0.0973309427,0.0074597439,0.11175403,0.88824596,0.00120771,0.00016387,12
97,"/kaggle/input/datasets/arafatrahmann/my-data221/Epic and CSCR hospital Dataset/Train/glioma/G_717_VF_.jpg",0,glioma,0,glioma,0.9746185541,0.0039069867,0.0142987343,0.0071757166,0.11040097,0.88959903,0.00008187,0.00000736,12
112,"/kaggle/input/datasets/arafatrahmann/my-data221/Epic and CSCR hospital Dataset/Train/glioma/G_720.jpg",0,glioma,0,glioma,0.9788662791,0.0047971369,0.0082338285,0.0081027281,0.10885358,0.89114644,0.00005814,0.00000416,14
113,"/kaggle/input/datasets/arafatrahmann/my-data221/Epic and CSCR hospital Dataset/Train/glioma/G_720_BR_.jpg",0,glioma,0,glioma,0.9765377045,0.0040775626,0.0105637722,0.0088208970,0.10054661,0.89945340,0.00009490,0.00000587,14
114,"/kaggle/input/datasets/arafatrahmann/my-data221/Epic and CSCR hospital Dataset/Train/glioma/G_720_DA_.jpg",0,glioma,0,glioma,0.9121874571,0.0040737782,0.0767036527,0.0070351185,0.11529410,0.88470588,0.00043531,0.00014122,14
115,"/kaggle/input/datasets/arafatrahmann/my-data221/Epic and CSCR hospital Dataset/Train/glioma/G_720_HF_.jpg",0,glioma,0,glioma,0.9788826108,0.0048301797,0.0081674224,0.0081198122,0.11144336,0.88855665,0.00006603,0.00000660,14
116,"/kaggle/input/datasets/arafatrahmann/my-data221/Epic and CSCR hospital Dataset/Train/glioma/G_720_RO_.jpg",0,glioma,0,glioma,0.9787136912,0.0047349422,0.0085418541,0.0080095148,0.09374534,0.90625466,0.00007043,0.00000429,14
117,"/kaggle/input/datasets/arafatrahmann/my-data221/Epic and CSCR hospital Dataset/Train/glioma/G_720_SP_.jpg",0,glioma,2,notumor,0.1076054424,0.0043760506,0.8808336258,0.0071849199,0.14184965,0.85815035,0.00063376,0.00020275,14
118,"/kaggle/input/datasets/arafatrahmann/my-data221/Epic and CSCR hospital Dataset/Train/glioma/G_720_VF_.jpg",0,glioma,0,glioma,0.9706989527,0.0040604686,0.0175403208,0.0077003250,0.10381686,0.89618313,0.00015133,0.00001272,14
119,"/kaggle/input/datasets/arafatrahmann/my-data221/Epic and CSCR hospital Dataset/Train/glioma/G_721.jpg",0,glioma,0,glioma,0.9792178273,0.0049826535,0.0076361322,0.0081633795,0.13219860,0.86780139,0.00004847,0.00000481,14
120,"/kaggle/input/datasets/arafatrahmann/my-data221/Epic and CSCR hospital Dataset/Train/glioma/G_721_BR_.jpg",0,glioma,0,glioma,0.9771491289,0.0043409378,0.0097588692,0.0087510962,0.09218151,0.90781850,0.00010073,0.00000573,14
121,"/kaggle/input/datasets/arafatrahmann/my-data221/Epic and CSCR hospital Dataset/Train/glioma/G_721_DA_.jpg",0,glioma,0,glioma,0.9791265726,0.0047656945,0.0080284821,0.0080793146,0.10674856,0.89325143,0.00006444,0.00000537,14
122,"/kaggle/input/datasets/arafatrahmann/my-data221/Epic and CSCR hospital Dataset/Train/glioma/G_721_HF_.jpg",0,glioma,0,glioma,0.9790397882,0.0050701494,0.0075601852,0.0083299521,0.10835299,0.89164701,0.00005985,0.00000524,14
123,"/kaggle/input/datasets/arafatrahmann/my-data221/Epic and CSCR hospital Dataset/Train/glioma/G_721_RO_.jpg",0,glioma,0,glioma,0.9787791967,0.0047859093,0.0085326005,0.0079021957,0.09991793,0.90008208,0.00012335,0.00000588,14
124,"/kaggle/input/datasets/arafatrahmann/my-data221/Epic and CSCR hospital Dataset/Train/glioma/G_721_SP_.jpg",0,glioma,2,notumor,0.0150005370,0.0038766116,0.9713355899,0.0097872308,0.12234120,0.87765878,0.00012909,0.00002241,14
125,"/kaggle/input/datasets/arafatrahmann/my-data221/Epic and CSCR hospital Dataset/Train/glioma/G_721_VF_.jpg",0,glioma,0,glioma,0.9788209200,0.0047203456,0.0085404320,0.0079183644,0.13790174,0.86209825,0.00007699,0.00000576,14
126,"/kaggle/input/datasets/arafatrahmann/my-data221/Epic and CSCR hospital Dataset/Train/glioma/G_722.jpg",0,glioma,0,glioma,0.9793184996,0.0058630235,0.0065576225,0.0082606981,0.11024089,0.88975910,0.00006026,0.00000464,14
127,"/kaggle/input/datasets/arafatrahmann/my-data221/Epic and CSCR hospital Dataset/Train/glioma/G_722_BR_.jpg",0,glioma,0,glioma,0.9786057472,0.0052693291,0.0080166142,0.0081083449,0.10722256,0.89277743,0.00005655,0.00000437,14
128,"/kaggle/input/datasets/arafatrahmann/my-data221/Epic and CSCR hospital Dataset/Train/glioma/G_722_DA_.jpg",0,glioma,0,glioma,0.9793649912,0.0053844759,0.0069682463,0.0082823457,0.10588359,0.89411642,0.00007946,0.00000530,14
129,"/kaggle/input/datasets/arafatrahmann/my-data221/Epic and CSCR hospital Dataset/Train/glioma/G_722_HF_.jpg",0,glioma,0,glioma,0.9789899588,0.0058795400,0.0066941315,0.0084363092,0.09891183,0.90108817,0.00008309,0.00000532,14
130,"/kaggle/input/datasets/arafatrahmann/my-data221/Epic and CSCR hospital Dataset/Train/glioma/G_722_RO_.jpg",0,glioma,0,glioma,0.9792904854,0.0054804482,0.0068742754,0.0083547598,0.10991631,0.89008370,0.00009766,0.00000441,14
131,"/kaggle/input/datasets/arafatrahmann/my-data221/Epic and CSCR hospital Dataset/Train/glioma/G_722_SP_.jpg",0,glioma,0,glioma,0.9155176282,0.0051711295,0.0714952201,0.0078160483,0.10801122,0.89198879,0.00051079,0.00009997,14
132,"/kaggle/input/datasets/arafatrahmann/my-data221/Epic and CSCR hospital Dataset/Train/glioma/G_722_VF_.jpg",0,glioma,0,glioma,0.9789592624,0.0056062941,0.0068517039,0.0085826796,0.08492497,0.91507503,0.00012162,0.00000469,14
196,"/kaggle/input/datasets/arafatrahmann/my-data221/Epic and CSCR hospital Dataset/Train/glioma/G_732.jpg",0,glioma,0,glioma,0.9788824916,0.0065714577,0.0070089228,0.0075371386,0.09880025,0.90119975,0.00009454,0.00000541,22
197,"/kaggle/input/datasets/arafatrahmann/my-data221/Epic and CSCR hospital Dataset/Train/glioma/G_732_BR_.jpg",0,glioma,0,glioma,0.9787909389,0.0062455526,0.0063880533,0.0085754823,0.09879676,0.90120323,0.00008604,0.00000481,22
198,"/kaggle/input/datasets/arafatrahmann/my-data221/Epic and CSCR hospital Dataset/Train/glioma/G_732_DA_.jpg",0,glioma,0,glioma,0.9792160988,0.0061457031,0.0065366463,0.0081015201,0.09810381,0.90189618,0.00007182,0.00000435,22
199,"/kaggle/input/datasets/arafatrahmann/my-data221/Epic and CSCR hospital Dataset/Train/glioma/G_732_HF_.jpg",0,glioma,0,glioma,0.9789701700,0.0064819371,0.0070767812,0.0074712061,0.10858478,0.89141523,0.00007814,0.00000509,22
200,"/kaggle/input/datasets/arafatrahmann/my-data221/Epic and CSCR hospital Dataset/Train/glioma/G_732_RO_.jpg",0,glioma,0,glioma,0.9790880084,0.0057310150,0.0071693761,0.0080115777,0.09637521,0.90362477,0.00007300,0.00000426,22
201,"/kaggle/input/datasets/arafatrahmann/my-data221/Epic and CSCR hospital Dataset/Train/glioma/G_732_SP_.jpg",0,glioma,0,glioma,0.9768584967,0.0049975808,0.0099067017,0.0082372054,0.10095572,0.89904429,0.00007357,0.00000550,22
202,"/kaggle/input/datasets/arafatrahmann/my-data221/Epic and CSCR hospital Dataset/Train/glioma/G_732_VF_.jpg",0,glioma,0,glioma,0.9789447784,0.0063103335,0.0070614060,0.0076834671,0.10835107,0.89164894,0.00007252,0.00000473,22
217,"/kaggle/input/datasets/arafatrahmann/my-data221/Epic and CSCR hospital Dataset/Train/glioma/G_735.jpg",0,glioma,0,glioma,0.9793821573,0.0056625977,0.0068876618,0.0080676591,0.10096810,0.89903189,0.00007456,0.00000512,24
218,"/kaggle/input/datasets/arafatrahmann/my-data221/Epic and CSCR hospital Dataset/Train/glioma/G_735_BR_.jpg",0,glioma,0,glioma,0.9785955548,0.0050894916,0.0080825677,0.0082324753,0.09991101,0.90008898,0.00008321,0.00000566,24
219,"/kaggle/input/datasets/arafatrahmann/my-data221/Epic and CSCR hospital Dataset/Train/glioma/G_735_DA_.jpg",0,glioma,0,glioma,0.9794476628,0.0050729392,0.0072630779,0.0082163429,0.11488472,0.88511529,0.00005272,0.00000483,24
220,"/kaggle/input/datasets/arafatrahmann/my-data221/Epic and CSCR hospital Dataset/Train/glioma/G_735_HF_.jpg",0,glioma,0,glioma,0.9794749022,0.0054428629,0.0070334165,0.0080487877,0.11739972,0.88260028,0.00007318,0.00000540,24
221,"/kaggle/input/datasets/arafatrahmann/my-data221/Epic and CSCR hospital Dataset/Train/glioma/G_735_RO_.jpg",0,glioma,0,glioma,0.9793375731,0.0059421593,0.0066953003,0.0080249067,0.10116403,0.89883597,0.00008503,0.00000507,24
222,"/kaggle/input/datasets/arafatrahmann/my-data221/Epic and CSCR hospital Dataset/Train/glioma/G_735_SP_.jpg",0,glioma,0,glioma,0.9776768684,0.0054318327,0.0091413949,0.0077497764,0.08886656,0.91113347,0.00012030,0.00000447,24
223,"/kaggle/input/datasets/arafatrahmann/my-data221/Epic and CSCR hospital Dataset/Train/glioma/G_735_VF_.jpg",0,glioma,0,glioma,0.9791668653,0.0051258141,0.0075724972,0.0081348540,0.09550143,0.90449857,0.00007828,0.00000433,24
224,"/kaggle/input/datasets/arafatrahmann/my-data221/Epic and CSCR hospital Dataset/Train/glioma/G_736.jpg",0,glioma,0,glioma,0.9791463614,0.0055878330,0.0068313270,0.0084344028,0.09893577,0.90106425,0.00008970,0.00000528,24
225,"/kaggle/input/datasets/arafatrahmann/my-data221/Epic and CSCR hospital Dataset/Train/glioma/G_736_BR_.jpg",0,glioma,0,glioma,0.9782271385,0.0054004062,0.0082679968,0.0081044687,0.09306458,0.90693540,0.00008919,0.00000505,24
226,"/kaggle/input/datasets/arafatrahmann/my-data221/Epic and CSCR hospital Dataset/Train/glioma/G_736_DA_.jpg",0,glioma,0,glioma,0.9791628122,0.0052857595,0.0073153451,0.0082361931,0.12262276,0.87737725,0.00007154,0.00000561,24
227,"/kaggle/input/datasets/arafatrahmann/my-data221/Epic and CSCR hospital Dataset/Train/glioma/G_736_HF_.jpg",0,glioma,0,glioma,0.9791019559,0.0057763509,0.0067951893,0.0083264420,0.11013158,0.88986844,0.00009670,0.00000547,24
228,"/kaggle/input/datasets/arafatrahmann/my-data221/Epic and CSCR hospital Dataset/Train/glioma/G_736_RO_.jpg",0,glioma,0,glioma,0.9793410301,0.0056465571,0.0067006806,0.0083117280,0.10424795,0.89575204,0.00006703,0.00000588,24
229,"/kaggle/input/datasets/arafatrahmann/my-data221/Epic and CSCR hospital Dataset/Train/glioma/G_736_SP_.jpg",0,glioma,0,glioma,0.9784406424,0.0054541258,0.0083280811,0.0077771218,0.10874348,0.89125652,0.00008295,0.00000447,24
230,"/kaggle/input/datasets/arafatrahmann/my-data221/Epic and CSCR hospital Dataset/Train/glioma/G_736_VF_.jpg",0,glioma,0,glioma,0.9792665243,0.0051448531,0.0076690936,0.0079194047,0.12435051,0.87564948,0.00006523,0.00000743,24
231,"/kaggle/input/datasets/arafatrahmann/my-data221/Epic and CSCR hospital Dataset/Train/glioma/G_737.jpg",0,glioma,0,glioma,0.9794133306,0.0055967541,0.0069152405,0.0080747772,0.11377447,0.88622552,0.00006414,0.00000442,24
232,"/kaggle/input/datasets/arafatrahmann/my-data221/Epic and CSCR hospital Dataset/Train/glioma/G_737_BR_.jpg",0,glioma,0,glioma,0.9784994125,0.0051456578,0.0081962496,0.0081586847,0.09989257,0.90010744,0.00007772,0.00000495,24
233,"/kaggle/input/datasets/arafatrahmann/my-data221/Epic and CSCR hospital Dataset/Train/glioma/G_737_DA_.jpg",0,glioma,0,glioma,0.9792631865,0.0053004604,0.0070001082,0.0084362831,0.09987526,0.90012473,0.00007074,0.00000545,24
234,"/kaggle/input/datasets/arafatrahmann/my-data221/Epic and CSCR hospital Dataset/Train/glioma/G_737_HF_.jpg",0,glioma,0,glioma,0.9790692329,0.0055791489,0.0069985003,0.0083530089,0.08774168,0.91225830,0.00011129,0.00000440,24
235,"/kaggle/input/datasets/arafatrahmann/my-data221/Epic and CSCR hospital Dataset/Train/glioma/G_737_RO_.jpg",0,glioma,0,glioma,0.9793189764,0.0058764494,0.0066457912,0.0081588104,0.09606609,0.90393390,0.00006706,0.00000460,24
236,"/kaggle/input/datasets/arafatrahmann/my-data221/Epic and CSCR hospital Dataset/Train/glioma/G_737_SP_.jpg",0,glioma,0,glioma,0.9783672094,0.0052420907,0.0085262107,0.0078644855,0.10590620,0.89409380,0.00006236,0.00000559,24
237,"/kaggle/input/datasets/arafatrahmann/my-data221/Epic and CSCR hospital Dataset/Train/glioma/G_737_VF_.jpg",0,glioma,0,glioma,0.9791643023,0.0052289837,0.0074755214,0.0081311306,0.09239206,0.90760795,0.00009806,0.00000515,24
238,"/kaggle/input/datasets/arafatrahmann/my-data221/Epic and CSCR hospital Dataset/Train/glioma/G_738.jpg",0,glioma,0,glioma,0.9793395996,0.0052304277,0.0073318547,0.0080981497,0.09738765,0.90261235,0.00008261,0.00000459,24
239,"/kaggle/input/datasets/arafatrahmann/my-data221/Epic and CSCR hospital Dataset/Train/glioma/G_738_BR_.jpg",0,glioma,0,glioma,0.9780344963,0.0048676827,0.0095009850,0.0075968630,0.10123975,0.89876024,0.00007581,0.00000511,24
240,"/kaggle/input/datasets/arafatrahmann/my-data221/Epic and CSCR hospital Dataset/Train/glioma/G_738_DA_.jpg",0,glioma,0,glioma,0.9794596434,0.0051288800,0.0070263809,0.0083851572,0.10106233,0.89893768,0.00007691,0.00000507,24
241,"/kaggle/input/datasets/arafatrahmann/my-data221/Epic and CSCR hospital Dataset/Train/glioma/G_738_HF_.jpg",0,glioma,0,glioma,0.9792187810,0.0052843764,0.0072438680,0.0082528982,0.08841369,0.91158632,0.00008205,0.00000409,24
242,"/kaggle/input/datasets/arafatrahmann/my-data221/Epic and CSCR hospital Dataset/Train/glioma/G_738_RO_.jpg",0,glioma,0,glioma,0.9794548750,0.0057149772,0.0066401199,0.0081899855,0.09904606,0.90095392,0.00007452,0.00000413,24
243,"/kaggle/input/datasets/arafatrahmann/my-data221/Epic and CSCR hospital Dataset/Train/glioma/G_738_SP_.jpg",0,glioma,0,glioma,0.9770876765,0.0047721844,0.0111037251,0.0070363865,0.10634861,0.89365138,0.00005787,0.00000563,24
244,"/kaggle/input/datasets/arafatrahmann/my-data221/Epic and CSCR hospital Dataset/Train/glioma/G_738_VF_.jpg",0,glioma,0,glioma,0.9792261124,0.0051236008,0.0076532750,0.0079969894,0.09596203,0.90403795,0.00007572,0.00000493,24
245,"/kaggle/input/datasets/arafatrahmann/my-data221/Epic and CSCR hospital Dataset/Train/glioma/G_739.jpg",0,glioma,0,glioma,0.9791051745,0.0050697066,0.0074415477,0.0083834883,0.09445419,0.90554580,0.00007649,0.00000398,25
246,"/kaggle/input/datasets/arafatrahmann/my-data221/Epic and CSCR hospital Dataset/Train/glioma/G_739_BR_.jpg",0,glioma,0,glioma,0.9783070683,0.0047101835,0.0081839310,0.0087988358,0.11591071,0.88408930,0.00007415,0.00000790,25
247,"/kaggle/input/datasets/arafatrahmann/my-data221/Epic and CSCR hospital Dataset/Train/glioma/G_739_DA_.jpg",0,glioma,0,glioma,0.9024012685,0.0043337028,0.0862234980,0.0070415190,0.11860807,0.88139194,0.00045178,0.00014063,25
248,"/kaggle/input/datasets/arafatrahmann/my-data221/Epic and CSCR hospital Dataset/Train/glioma/G_739_HF_.jpg",0,glioma,0,glioma,0.9790678024,0.0047898856,0.0079354746,0.0082068024,0.12213529,0.87786469,0.00005507,0.00000558,25
249,"/kaggle/input/datasets/arafatrahmann/my-data221/Epic and CSCR hospital Dataset/Train/glioma/G_739_RO_.jpg",0,glioma,0,glioma,0.9791336060,0.0047872770,0.0079197586,0.0081593664,0.11297026,0.88702974,0.00006518,0.00000532,25
250,"/kaggle/input/datasets/arafatrahmann/my-data221/Epic and CSCR hospital Dataset/Train/glioma/G_739_SP_.jpg",0,glioma,2,notumor,0.1979995966,0.0041915728,0.7916865945,0.0061222464,0.10672077,0.89327920,0.00028795,0.00001150,25
251,"/kaggle/input/datasets/arafatrahmann/my-data221/Epic and CSCR hospital Dataset/Train/glioma/G_739_VF_.jpg",0,glioma,0,glioma,0.9787777066,0.0047629150,0.0084141418,0.0080452431,0.10097717,0.89902282,0.00008581,0.00000584,25
294,"/kaggle/input/datasets/arafatrahmann/my-data221/Epic and CSCR hospital Dataset/Train/glioma/G_746.jpg",0,glioma,0,glioma,0.9789517522,0.0060181231,0.0071785860,0.0078514665,0.10095932,0.89904067,0.00006221,0.00000438,22
295,"/kaggle/input/datasets/arafatrahmann/my-data221/Epic and CSCR hospital Dataset/Train/glioma/G_746_BR_.jpg",0,glioma,0,glioma,0.9787518382,0.0059535978,0.0065175584,0.0087768780,0.09893466,0.90106535,0.00008887,0.00000537,22
296,"/kaggle/input/datasets/arafatrahmann/my-data221/Epic and CSCR hospital Dataset/Train/glioma/G_746_DA_.jpg",0,glioma,0,glioma,0.9786931872,0.0051201168,0.0081677604,0.0080189137,0.09611426,0.90388575,0.00008340,0.00000475,22
297,"/kaggle/input/datasets/arafatrahmann/my-data221/Epic and CSCR hospital Dataset/Train/glioma/G_746_HF_.jpg",0,glioma,0,glioma,0.9789093733,0.0060804440,0.0071564494,0.0078537380,0.09912757,0.90087243,0.00006515,0.00000471,22
298,"/kaggle/input/datasets/arafatrahmann/my-data221/Epic and CSCR hospital Dataset/Train/glioma/G_746_RO_.jpg",0,glioma,0,glioma,0.9792922139,0.0057585347,0.0070623131,0.0078869555,0.11527436,0.88472564,0.00005352,0.00000489,22
299,"/kaggle/input/datasets/arafatrahmann/my-data221/Epic and CSCR hospital Dataset/Train/glioma/G_746_SP_.jpg",0,glioma,0,glioma,0.9002839327,0.0042108553,0.0874039978,0.0081012314,0.11069707,0.88930294,0.00057254,0.00016868,22
300,"/kaggle/input/datasets/arafatrahmann/my-data221/Epic and CSCR hospital Dataset/Train/glioma/G_746_VF_.jpg",0,glioma,0,glioma,0.9789150357,0.0060610725,0.0071144043,0.0079095755,0.10795379,0.89204621,0.00008394,0.00000562,22
350,"/kaggle/input/datasets/arafatrahmann/my-data221/Epic and CSCR hospital Dataset/Train/glioma/G_754.jpg",0,glioma,0,glioma,0.9782965779,0.0068337293,0.0065015093,0.0083681261,0.09593019,0.90406983,0.00016730,0.00000536,33
351,"/kaggle/input/datasets/arafatrahmann/my-data221/Epic and CSCR hospital Dataset/Train/glioma/G_754_BR_.jpg",0,glioma,0,glioma,0.9785504341,0.0060970476,0.0067592547,0.0085932808,0.09197040,0.90802961,0.00013712,0.00000510,33
352,"/kaggle/input/datasets/arafatrahmann/my-data221/Epic and CSCR hospital Dataset/Train/glioma/G_754_DA_.jpg",0,glioma,0,glioma,0.9787100554,0.0054867384,0.0071855197,0.0086176489,0.10435178,0.89564822,0.00007397,0.00000584,33
353,"/kaggle/input/datasets/arafatrahmann/my-data221/Epic and CSCR hospital Dataset/Train/glioma/G_754_HF_.jpg",0,glioma,0,glioma,0.9781176448,0.0064078951,0.0066725598,0.0088018449,0.09242926,0.90757076,0.00008801,0.00000483,33
354,"/kaggle/input/datasets/arafatrahmann/my-data221/Epic and CSCR hospital Dataset/Train/glioma/G_754_RO_.jpg",0,glioma,0,glioma,0.9785822630,0.0058302768,0.0066710501,0.0089163464,0.10004829,0.89995174,0.00007533,0.00000506,33
355,"/kaggle/input/datasets/arafatrahmann/my-data221/Epic and CSCR hospital Dataset/Train/glioma/G_754_SP_.jpg",0,glioma,0,glioma,0.9775444865,0.0061679976,0.0069172396,0.0093702609,0.09177403,0.90822598,0.00009178,0.00000461,33
356,"/kaggle/input/datasets/arafatrahmann/my-data221/Epic and CSCR hospital Dataset/Train/glioma/G_754_VF_.jpg",0,glioma,0,glioma,0.9772046208,0.0062782159,0.0068711578,0.0096459668,0.10849265,0.89150736,0.00007782,0.00000499,33
385,"/kaggle/input/datasets/arafatrahmann/my-data221/Epic and CSCR hospital Dataset/Train/glioma/G_759.jpg",0,glioma,0,glioma,0.9789658785,0.0062005455,0.0070657460,0.0077677369,0.10983003,0.89016994,0.00005024,0.00000469,22
386,"/kaggle/input/datasets/arafatrahmann/my-data221/Epic and CSCR hospital Dataset/Train/glioma/G_759_BR_.jpg",0,glioma,0,glioma,0.9788206816,0.0057969512,0.0065563619,0.0088260174,0.11253739,0.88746262,0.00006985,0.00000628,22
387,"/kaggle/input/datasets/arafatrahmann/my-data221/Epic and CSCR hospital Dataset/Train/glioma/G_759_DA_.jpg",0,glioma,0,glioma,0.9792075157,0.0057110637,0.0068630241,0.0082183909,0.10839598,0.89160403,0.00005244,0.00000508,22
388,"/kaggle/input/datasets/arafatrahmann/my-data221/Epic and CSCR hospital Dataset/Train/glioma/G_759_HF_.jpg",0,glioma,0,glioma,0.9788923264,0.0061543100,0.0071136951,0.0078397635,0.10331943,0.89668056,0.00007069,0.00000455,22
389,"/kaggle/input/datasets/arafatrahmann/my-data221/Epic and CSCR hospital Dataset/Train/glioma/G_759_RO_.jpg",0,glioma,0,glioma,0.9791973233,0.0056639449,0.0071144453,0.0080243703,0.11797806,0.88202194,0.00006153,0.00000597,22
390,"/kaggle/input/datasets/arafatrahmann/my-data221/Epic and CSCR hospital Dataset/Train/glioma/G_759_SP_.jpg",0,glioma,0,glioma,0.9774463773,0.0048410371,0.0087361392,0.0089763775,0.09546951,0.90453050,0.00009293,0.00000490,22
391,"/kaggle/input/datasets/arafatrahmann/my-data221/Epic and CSCR hospital Dataset/Train/glioma/G_759_VF_.jpg",0,glioma,0,glioma,0.9787961841,0.0057921521,0.0072726854,0.0081390860,0.10549017,0.89450983,0.00006713,0.00000557,22
406,"/kaggle/input/datasets/arafatrahmann/my-data221/Epic and CSCR hospital Dataset/Train/glioma/G_762.jpg",0,glioma,0,glioma,0.9787616730,0.0056119733,0.0068188407,0.0088074822,0.10191380,0.89808619,0.00007842,0.00000493,38
407,"/kaggle/input/datasets/arafatrahmann/my-data221/Epic and CSCR hospital Dataset/Train/glioma/G_762_BR_.jpg",0,glioma,0,glioma,0.9781843424,0.0051005380,0.0076574334,0.0090577099,0.09594130,0.90405871,0.00009743,0.00000595,38
408,"/kaggle/input/datasets/arafatrahmann/my-data221/Epic and CSCR hospital Dataset/Train/glioma/G_762_DA_.jpg",0,glioma,0,glioma,0.9789214134,0.0047530355,0.0079648513,0.0083606187,0.10900120,0.89099880,0.00006859,0.00000515,38
409,"/kaggle/input/datasets/arafatrahmann/my-data221/Epic and CSCR hospital Dataset/Train/glioma/G_762_HF_.jpg",0,glioma,0,glioma,0.9787021875,0.0053980844,0.0072435783,0.0086562634,0.10253431,0.89746567,0.00006951,0.00000569,38
410,"/kaggle/input/datasets/arafatrahmann/my-data221/Epic and CSCR hospital Dataset/Train/glioma/G_762_RO_.jpg",0,glioma,0,glioma,0.9788002968,0.0053287544,0.0071808472,0.0086900722,0.09574739,0.90425260,0.00009476,0.00000489,38
411,"/kaggle/input/datasets/arafatrahmann/my-data221/Epic and CSCR hospital Dataset/Train/glioma/G_762_SP_.jpg",0,glioma,0,glioma,0.9760543704,0.0051414808,0.0084008016,0.0104033854,0.09052262,0.90947739,0.00016099,0.00000576,38
412,"/kaggle/input/datasets/arafatrahmann/my-data221/Epic and CSCR hospital Dataset/Train/glioma/G_762_VF_.jpg",0,glioma,0,glioma,0.9786564112,0.0054357364,0.0067620976,0.0091457171,0.09651426,0.90348575,0.00008486,0.00000494,38
427,"/kaggle/input/datasets/arafatrahmann/my-data221/Epic and CSCR hospital Dataset/Train/glioma/G_765.jpg",0,glioma,0,glioma,0.9782325029,0.0058345823,0.0076455623,0.0082873618,0.10236674,0.89763326,0.00007992,0.00000588,41
428,"/kaggle/input/datasets/arafatrahmann/my-data221/Epic and CSCR hospital Dataset/Train/glioma/G_765_BR_.jpg",0,glioma,0,glioma,0.9782404900,0.0053857975,0.0072271889,0.0091465656,0.12312823,0.87687176,0.00006584,0.00000526,41
429,"/kaggle/input/datasets/arafatrahmann/my-data221/Epic and CSCR hospital Dataset/Train/glioma/G_765_DA_.jpg",0,glioma,0,glioma,0.9779356718,0.0049477546,0.0089067128,0.0082098367,0.09231350,0.90768650,0.00007317,0.00000393,41
430,"/kaggle/input/datasets/arafatrahmann/my-data221/Epic and CSCR hospital Dataset/Train/glioma/G_765_HF_.jpg",0,glioma,0,glioma,0.9778688550,0.0055799475,0.0082901064,0.0082610501,0.10175046,0.89824953,0.00008439,0.00000469,41
431,"/kaggle/input/datasets/arafatrahmann/my-data221/Epic and CSCR hospital Dataset/Train/glioma/G_765_RO_.jpg",0,glioma,0,glioma,0.9779771566,0.0051782997,0.0079595419,0.0088849887,0.09149735,0.90850263,0.00009926,0.00000499,41
432,"/kaggle/input/datasets/arafatrahmann/my-data221/Epic and CSCR hospital Dataset/Train/glioma/G_765_SP_.jpg",0,glioma,0,glioma,0.9760526419,0.0052886992,0.0091668582,0.0094918814,0.10127868,0.89872131,0.00009245,0.00000534,41
433,"/kaggle/input/datasets/arafatrahmann/my-data221/Epic and CSCR hospital Dataset/Train/glioma/G_765_VF_.jpg",0,glioma,0,glioma,0.9777151942,0.0054438366,0.0079039736,0.0089370068,0.10345273,0.89654726,0.00007299,0.00000518,41
469,"/kaggle/input/datasets/arafatrahmann/my-data221/Epic and CSCR hospital Dataset/Train/glioma/G_771.jpg",0,glioma,0,glioma,0.9789341688,0.0059592300,0.0072319023,0.0078747161,0.11555701,0.88444300,0.00005020,0.00000448,22
470,"/kaggle/input/datasets/arafatrahmann/my-data221/Epic and CSCR hospital Dataset/Train/glioma/G_771_BR_.jpg",0,glioma,0,glioma,0.9783067703,0.0054043708,0.0069242520,0.0093645491,0.10040099,0.89959900,0.00007345,0.00000515,22
471,"/kaggle/input/datasets/arafatrahmann/my-data221/Epic and CSCR hospital Dataset/Train/glioma/G_771_DA_.jpg",0,glioma,0,glioma,0.9787486792,0.0057861698,0.0071154521,0.0083495397,0.09037447,0.90962552,0.00010773,0.00000491,22
472,"/kaggle/input/datasets/arafatrahmann/my-data221/Epic and CSCR hospital Dataset/Train/glioma/G_771_HF_.jpg",0,glioma,0,glioma,0.9787964821,0.0060516158,0.0072165490,0.0079353908,0.10009290,0.89990709,0.00008356,0.00000524,22
473,"/kaggle/input/datasets/arafatrahmann/my-data221/Epic and CSCR hospital Dataset/Train/glioma/G_771_RO_.jpg",0,glioma,0,glioma,0.9787308574,0.0051531768,0.0075583784,0.0085575460,0.11431438,0.88568562,0.00005808,0.00000521,22
474,"/kaggle/input/datasets/arafatrahmann/my-data221/Epic and CSCR hospital Dataset/Train/glioma/G_771_SP_.jpg",0,glioma,0,glioma,0.9778469205,0.0052204756,0.0084314812,0.0085010864,0.11169278,0.88830721,0.00006077,0.00000530,22
475,"/kaggle/input/datasets/arafatrahmann/my-data221/Epic and CSCR hospital Dataset/Train/glioma/G_771_VF_.jpg",0,glioma,0,glioma,0.9782632589,0.0056355675,0.0075042173,0.0085969223,0.10405856,0.89594146,0.00006042,0.00000491,22
497,"/kaggle/input/datasets/arafatrahmann/my-data221/Epic and CSCR hospital Dataset/Train/glioma/G_775.jpg",0,glioma,0,glioma,0.9785684347,0.0061447155,0.0068986742,0.0083882092,0.09910294,0.90089704,0.00008369,0.00000601,47
498,"/kaggle/input/datasets/arafatrahmann/my-data221/Epic and CSCR hospital Dataset/Train/glioma/G_775_BR_.jpg",0,glioma,0,glioma,0.9782096148,0.0057381890,0.0072268471,0.0088254940,0.10205008,0.89794992,0.00006761,0.00000471,47
499,"/kaggle/input/datasets/arafatrahmann/my-data221/Epic and CSCR hospital Dataset/Train/glioma/G_775_DA_.jpg",0,glioma,0,glioma,0.9789600372,0.0055484478,0.0072829733,0.0082084909,0.10980134,0.89019865,0.00008219,0.00000433,47
500,"/kaggle/input/datasets/arafatrahmann/my-data221/Epic and CSCR hospital Dataset/Train/glioma/G_775_HF_.jpg",0,glioma,0,glioma,0.9784832001,0.0059880363,0.0071054101,0.0084234485,0.09488545,0.90511453,0.00009751,0.00000527,47
501,"/kaggle/input/datasets/arafatrahmann/my-data221/Epic and CSCR hospital Dataset/Train/glioma/G_775_RO_.jpg",0,glioma,0,glioma,0.9788403511,0.0054195258,0.0073076831,0.0084323958,0.10859832,0.89140166,0.00006348,0.00000500,47
502,"/kaggle/input/datasets/arafatrahmann/my-data221/Epic and CSCR hospital Dataset/Train/glioma/G_775_SP_.jpg",0,glioma,0,glioma,0.9781902432,0.0057561961,0.0075297346,0.0085237864,0.10408764,0.89591236,0.00006790,0.00000464,47
503,"/kaggle/input/datasets/arafatrahmann/my-data221/Epic and CSCR hospital Dataset/Train/glioma/G_775_VF_.jpg",0,glioma,0,glioma,0.9789710045,0.0058403923,0.0068110451,0.0083775539,0.11062042,0.88937959,0.00007130,0.00000521,47
504,"/kaggle/input/datasets/arafatrahmann/my-data221/Epic and CSCR hospital Dataset/Train/glioma/G_776.jpg",0,glioma,0,glioma,0.9788406491,0.0062544802,0.0065086866,0.0083962623,0.11217091,0.88782908,0.00005916,0.00000494,47
505,"/kaggle/input/datasets/arafatrahmann/my-data221/Epic and CSCR hospital Dataset/Train/glioma/G_776_BR_.jpg",0,glioma,0,glioma,0.9784218073,0.0061591817,0.0070719132,0.0083471378,0.10479517,0.89520482,0.00008993,0.00000492,47
506,"/kaggle/input/datasets/arafatrahmann/my-data221/Epic and CSCR hospital Dataset/Train/glioma/G_776_DA_.jpg",0,glioma,0,glioma,0.9790732265,0.0055562668,0.0071133352,0.0082571860,0.10977815,0.89022185,0.00006283,0.00000493,47
507,"/kaggle/input/datasets/arafatrahmann/my-data221/Epic and CSCR hospital Dataset/Train/glioma/G_776_HF_.jpg",0,glioma,0,glioma,0.9786661267,0.0062105344,0.0066304505,0.0084929420,0.10907919,0.89092081,0.00009085,0.00000583,47
508,"/kaggle/input/datasets/arafatrahmann/my-data221/Epic and CSCR hospital Dataset/Train/glioma/G_776_RO_.jpg",0,glioma,0,glioma,0.9787864685,0.0056754751,0.0067832517,0.0087548522,0.09703013,0.90296986,0.00009579,0.00000541,47
509,"/kaggle/input/datasets/arafatrahmann/my-data221/Epic and CSCR hospital Dataset/Train/glioma/G_776_SP_.jpg",0,glioma,0,glioma,0.9781253934,0.0060769524,0.0073145665,0.0084831761,0.10264980,0.89735020,0.00008978,0.00000548,47
510,"/kaggle/input/datasets/arafatrahmann/my-data221/Epic and CSCR hospital Dataset/Train/glioma/G_776_VF_.jpg",0,glioma,0,glioma,0.9787658453,0.0059956475,0.0065294644,0.0087090796,0.10275908,0.89724093,0.00007828,0.00000595,47
525,"/kaggle/input/datasets/arafatrahmann/my-data221/Epic and CSCR hospital Dataset/Train/glioma/G_779.jpg",0,glioma,0,glioma,0.9659295082,0.0039477912,0.0217859931,0.0083366903,0.09172014,0.90827986,0.00029248,0.00001279,50
526,"/kaggle/input/datasets/arafatrahmann/my-data221/Epic and CSCR hospital Dataset/Train/glioma/G_779_BR_.jpg",0,glioma,0,glioma,0.9667788744,0.0041810167,0.0210856665,0.0079545509,0.09840400,0.90159599,0.00028543,0.00000680,50
527,"/kaggle/input/datasets/arafatrahmann/my-data221/Epic and CSCR hospital Dataset/Train/glioma/G_779_DA_.jpg",0,glioma,0,glioma,0.7544403076,0.0038441834,0.2336848229,0.0080306921,0.12039548,0.87960455,0.00157533,0.00028112,50
528,"/kaggle/input/datasets/arafatrahmann/my-data221/Epic and CSCR hospital Dataset/Train/glioma/G_779_HF_.jpg",0,glioma,0,glioma,0.9758079648,0.0042488193,0.0118391253,0.0081041036,0.09670291,0.90329707,0.00007200,0.00000439,50
529,"/kaggle/input/datasets/arafatrahmann/my-data221/Epic and CSCR hospital Dataset/Train/glioma/G_779_RO_.jpg",0,glioma,0,glioma,0.9761042595,0.0043851817,0.0109738531,0.0085367979,0.09563003,0.90436996,0.00010787,0.00000530,50
530,"/kaggle/input/datasets/arafatrahmann/my-data221/Epic and CSCR hospital Dataset/Train/glioma/G_779_SP_.jpg",0,glioma,0,glioma,0.9730523229,0.0040589045,0.0142598990,0.0086288359,0.09492046,0.90507953,0.00013391,0.00000648,50
531,"/kaggle/input/datasets/arafatrahmann/my-data221/Epic and CSCR hospital Dataset/Train/glioma/G_779_VF_.jpg",0,glioma,2,notumor,0.2114387304,0.0041780816,0.7784949541,0.0058881519,0.13624949,0.86375049,0.00009680,0.00001523,50
567,"/kaggle/input/datasets/arafatrahmann/my-data221/Epic and CSCR hospital Dataset/Train/glioma/G_785.jpg",0,glioma,0,glioma,0.9786548615,0.0058045904,0.0075971745,0.0079432111,0.11046872,0.88953129,0.00006175,0.00000524,22
568,"/kaggle/input/datasets/arafatrahmann/my-data221/Epic and CSCR hospital Dataset/Train/glioma/G_785_BR_.jpg",0,glioma,0,glioma,0.9784734845,0.0055141351,0.0069135698,0.0090987841,0.08780685,0.91219314,0.00011870,0.00000413,22
569,"/kaggle/input/datasets/arafatrahmann/my-data221/Epic and CSCR hospital Dataset/Train/glioma/G_785_DA_.jpg",0,glioma,0,glioma,0.9786397815,0.0050776573,0.0079799769,0.0083026048,0.10195775,0.89804226,0.00005853,0.00000385,22
570,"/kaggle/input/datasets/arafatrahmann/my-data221/Epic and CSCR hospital Dataset/Train/glioma/G_785_HF_.jpg",0,glioma,0,glioma,0.9783953428,0.0056917435,0.0078572100,0.0080556786,0.10360945,0.89639057,0.00007540,0.00000562,22
571,"/kaggle/input/datasets/arafatrahmann/my-data221/Epic and CSCR hospital Dataset/Train/glioma/G_785_RO_.jpg",0,glioma,0,glioma,0.9782482386,0.0049502072,0.0082323747,0.0085692815,0.09485217,0.90514783,0.00009237,0.00000466,22
572,"/kaggle/input/datasets/arafatrahmann/my-data221/Epic and CSCR hospital Dataset/Train/glioma/G_785_SP_.jpg",0,glioma,0,glioma,0.9774197340,0.0049846051,0.0086444207,0.0089511629,0.10094119,0.89905879,0.00008587,0.00000645,22
573,"/kaggle/input/datasets/arafatrahmann/my-data221/Epic and CSCR hospital Dataset/Train/glioma/G_785_VF_.jpg",0,glioma,0,glioma,0.9776030779,0.0052788821,0.0076723644,0.0094457502,0.11904599,0.88095401,0.00006958,0.00000732,22
658,"/kaggle/input/datasets/arafatrahmann/my-data221/Epic and CSCR hospital Dataset/Train/glioma/G_798.jpg",0,glioma,0,glioma,0.9788942337,0.0064616203,0.0070002349,0.0076440508,0.10270177,0.89729823,0.00007248,0.00000505,59
659,"/kaggle/input/datasets/arafatrahmann/my-data221/Epic and CSCR hospital Dataset/Train/glioma/G_798_BR_.jpg",0,glioma,0,glioma,0.9785438776,0.0062453141,0.0063492805,0.0088615250,0.10402256,0.89597744,0.00009967,0.00000518,59
660,"/kaggle/input/datasets/arafatrahmann/my-data221/Epic and CSCR hospital Dataset/Train/glioma/G_798_DA_.jpg",0,glioma,0,glioma,0.9792372584,0.0060970532,0.0066120615,0.0080536446,0.10761979,0.89238021,0.00006655,0.00000487,59
661,"/kaggle/input/datasets/arafatrahmann/my-data221/Epic and CSCR hospital Dataset/Train/glioma/G_798_HF_.jpg",0,glioma,0,glioma,0.9787912369,0.0065969168,0.0069806972,0.0076311729,0.10266307,0.89733692,0.00005992,0.00000451,59
662,"/kaggle/input/datasets/arafatrahmann/my-data221/Epic and CSCR hospital Dataset/Train/glioma/G_798_RO_.jpg",0,glioma,0,glioma,0.9790176153,0.0059885699,0.0070286863,0.0079651121,0.11355135,0.88644864,0.00008268,0.00000519,59
663,"/kaggle/input/datasets/arafatrahmann/my-data221/Epic and CSCR hospital Dataset/Train/glioma/G_798_SP_.jpg",0,glioma,0,glioma,0.9770663977,0.0053917496,0.0094729364,0.0080689434,0.10447051,0.89552949,0.00009098,0.00000581,59
664,"/kaggle/input/datasets/arafatrahmann/my-data221/Epic and CSCR hospital Dataset/Train/glioma/G_798_VF_.jpg",0,glioma,0,glioma,0.9784890413,0.0065515586,0.0070003471,0.0079591218,0.10164541,0.89835458,0.00007580,0.00000442,59
728,"/kaggle/input/datasets/arafatrahmann/my-data221/Epic and CSCR hospital Dataset/Train/glioma/G_808.jpg",0,glioma,0,glioma,0.9790185094,0.0054175104,0.0077057639,0.0078581395,0.12017550,0.87982451,0.00007696,0.00000535,65
729,"/kaggle/input/datasets/arafatrahmann/my-data221/Epic and CSCR hospital Dataset/Train/glioma/G_808_BR_.jpg",0,glioma,0,glioma,0.9783043861,0.0050105839,0.0080205426,0.0086644795,0.10576297,0.89423704,0.00009188,0.00000614,65
730,"/kaggle/input/datasets/arafatrahmann/my-data221/Epic and CSCR hospital Dataset/Train/glioma/G_808_DA_.jpg",0,glioma,0,glioma,0.9788908958,0.0048366394,0.0083941147,0.0078783976,0.11012227,0.88987773,0.00008597,0.00000541,65
731,"/kaggle/input/datasets/arafatrahmann/my-data221/Epic and CSCR hospital Dataset/Train/glioma/G_808_HF_.jpg",0,glioma,0,glioma,0.9788301587,0.0055075628,0.0075884997,0.0080737974,0.11809276,0.88190725,0.00007757,0.00000557,65
732,"/kaggle/input/datasets/arafatrahmann/my-data221/Epic and CSCR hospital Dataset/Train/glioma/G_808_RO_.jpg",0,glioma,0,glioma,0.9788037539,0.0052559758,0.0077162185,0.0082240980,0.10342428,0.89657574,0.00009493,0.00000595,65
733,"/kaggle/input/datasets/arafatrahmann/my-data221/Epic and CSCR hospital Dataset/Train/glioma/G_808_SP_.jpg",0,glioma,0,glioma,0.9107719660,0.0043356530,0.0777693465,0.0071230815,0.09725596,0.90274404,0.00116592,0.00010581,65
734,"/kaggle/input/datasets/arafatrahmann/my-data221/Epic and CSCR hospital Dataset/Train/glioma/G_808_VF_.jpg",0,glioma,0,glioma,0.9785269499,0.0056575658,0.0070580132,0.0087574953,0.09520048,0.90479953,0.00008940,0.00000458,65
763,"/kaggle/input/datasets/arafatrahmann/my-data221/Epic and CSCR hospital Dataset/Train/glioma/G_813.jpg",0,glioma,0,glioma,0.9790776372,0.0060149813,0.0071333707,0.0077739223,0.12596201,0.87403799,0.00005827,0.00000611,69
764,"/kaggle/input/datasets/arafatrahmann/my-data221/Epic and CSCR hospital Dataset/Train/glioma/G_813_BR_.jpg",0,glioma,0,glioma,0.9787052870,0.0055794930,0.0067236088,0.0089915060,0.10044099,0.89955901,0.00008750,0.00000535,69
765,"/kaggle/input/datasets/arafatrahmann/my-data221/Epic and CSCR hospital Dataset/Train/glioma/G_813_DA_.jpg",0,glioma,0,glioma,0.9794162512,0.0057094586,0.0068423101,0.0080319988,0.12962280,0.87037719,0.00004731,0.00000536,69
766,"/kaggle/input/datasets/arafatrahmann/my-data221/Epic and CSCR hospital Dataset/Train/glioma/G_813_HF_.jpg",0,glioma,0,glioma,0.9789751768,0.0060524968,0.0071340986,0.0078381281,0.11998199,0.88001800,0.00007006,0.00000540,69
767,"/kaggle/input/datasets/arafatrahmann/my-data221/Epic and CSCR hospital Dataset/Train/glioma/G_813_RO_.jpg",0,glioma,0,glioma,0.9791626930,0.0057516554,0.0070248903,0.0080606770,0.12340769,0.87659231,0.00007504,0.00000619,69
768,"/kaggle/input/datasets/arafatrahmann/my-data221/Epic and CSCR hospital Dataset/Train/glioma/G_813_SP_.jpg",0,glioma,0,glioma,0.9777123332,0.0049114418,0.0078931302,0.0094830040,0.10438483,0.89561518,0.00007506,0.00000608,69
769,"/kaggle/input/datasets/arafatrahmann/my-data221/Epic and CSCR hospital Dataset/Train/glioma/G_813_VF_.jpg",0,glioma,0,glioma,0.9785519838,0.0055151163,0.0073140874,0.0086188149,0.10846723,0.89153278,0.00007088,0.00000536,69
847,"/kaggle/input/datasets/arafatrahmann/my-data221/Epic and CSCR hospital Dataset/Train/glioma/G_825.jpg",0,glioma,0,glioma,0.9782603383,0.0049852696,0.0086329971,0.0081214886,0.09145026,0.90854973,0.00013389,0.00000566,65
848,"/kaggle/input/datasets/arafatrahmann/my-data221/Epic and CSCR hospital Dataset/Train/glioma/G_825_BR_.jpg",0,glioma,0,glioma,0.9778162837,0.0047862516,0.0089138309,0.0084836446,0.10376584,0.89623417,0.00011178,0.00000552,65
849,"/kaggle/input/datasets/arafatrahmann/my-data221/Epic and CSCR hospital Dataset/Train/glioma/G_825_DA_.jpg",0,glioma,0,glioma,0.9734396935,0.0043160357,0.0148972329,0.0073470934,0.09529852,0.90470145,0.00015237,0.00000741,65
850,"/kaggle/input/datasets/arafatrahmann/my-data221/Epic and CSCR hospital Dataset/Train/glioma/G_825_HF_.jpg",0,glioma,0,glioma,0.9784507751,0.0051167961,0.0084410859,0.0079913624,0.10897776,0.89102225,0.00007382,0.00000524,65
851,"/kaggle/input/datasets/arafatrahmann/my-data221/Epic and CSCR hospital Dataset/Train/glioma/G_825_RO_.jpg",0,glioma,0,glioma,0.9786564708,0.0049925279,0.0078518307,0.0084991390,0.10140141,0.89859858,0.00008809,0.00000573,65
852,"/kaggle/input/datasets/arafatrahmann/my-data221/Epic and CSCR hospital Dataset/Train/glioma/G_825_SP_.jpg",0,glioma,0,glioma,0.6892210245,0.0040713106,0.2984953523,0.0082123755,0.16226713,0.83773287,0.00145887,0.00037195,65
853,"/kaggle/input/datasets/arafatrahmann/my-data221/Epic and CSCR hospital Dataset/Train/glioma/G_825_VF_.jpg",0,glioma,0,glioma,0.9782034755,0.0051777815,0.0077199065,0.0088988496,0.09083672,0.90916327,0.00010518,0.00000554,65
868,"/kaggle/input/datasets/arafatrahmann/my-data221/Epic and CSCR hospital Dataset/Train/glioma/G_828.jpg",0,glioma,0,glioma,0.9780994654,0.0047696726,0.0092169810,0.0079139769,0.09866989,0.90133012,0.00008953,0.00000582,65
869,"/kaggle/input/datasets/arafatrahmann/my-data221/Epic and CSCR hospital Dataset/Train/glioma/G_828_BR_.jpg",0,glioma,0,glioma,0.9661027789,0.0042076581,0.0216238685,0.0080656800,0.08657208,0.91342790,0.00047367,0.00001531,65
870,"/kaggle/input/datasets/arafatrahmann/my-data221/Epic and CSCR hospital Dataset/Train/glioma/G_828_DA_.jpg",0,glioma,0,glioma,0.7971008420,0.0041210069,0.1920398176,0.0067382893,0.11064670,0.88935330,0.00024551,0.00003314,65
871,"/kaggle/input/datasets/arafatrahmann/my-data221/Epic and CSCR hospital Dataset/Train/glioma/G_828_HF_.jpg",0,glioma,0,glioma,0.9781442881,0.0050508161,0.0088624805,0.0079424586,0.09602494,0.90397507,0.00008314,0.00000490,65
872,"/kaggle/input/datasets/arafatrahmann/my-data221/Epic and CSCR hospital Dataset/Train/glioma/G_828_RO_.jpg",0,glioma,0,glioma,0.9785968065,0.0047972696,0.0084012542,0.0082046958,0.11224288,0.88775711,0.00006241,0.00000597,65
873,"/kaggle/input/datasets/arafatrahmann/my-data221/Epic and CSCR hospital Dataset/Train/glioma/G_828_SP_.jpg",0,glioma,0,glioma,0.9207143784,0.0042695818,0.0667960867,0.0082199797,0.10947162,0.89052837,0.00051331,0.00013570,65
874,"/kaggle/input/datasets/arafatrahmann/my-data221/Epic and CSCR hospital Dataset/Train/glioma/G_828_VF_.jpg",0,glioma,0,glioma,0.9773928523,0.0050013969,0.0085835820,0.0090222443,0.09102918,0.90897080,0.00013874,0.00000488,65
875,"/kaggle/input/datasets/arafatrahmann/my-data221/Epic and CSCR hospital Dataset/Train/glioma/G_829.jpg",0,glioma,0,glioma,0.9783815145,0.0049097682,0.0082476754,0.0084610377,0.10378413,0.89621586,0.00007752,0.00000518,65
876,"/kaggle/input/datasets/arafatrahmann/my-data221/Epic and CSCR hospital Dataset/Train/glioma/G_829_BR_.jpg",0,glioma,0,glioma,0.9772483706,0.0044714743,0.0096923802,0.0085876901,0.10440411,0.89559591,0.00008378,0.00000523,65
877,"/kaggle/input/datasets/arafatrahmann/my-data221/Epic and CSCR hospital Dataset/Train/glioma/G_829_DA_.jpg",0,glioma,0,glioma,0.9578652382,0.0042126528,0.0303615928,0.0075605661,0.10319604,0.89680396,0.00028595,0.00002569,65
878,"/kaggle/input/datasets/arafatrahmann/my-data221/Epic and CSCR hospital Dataset/Train/glioma/G_829_HF_.jpg",0,glioma,0,glioma,0.9783617854,0.0049043922,0.0086367140,0.0080971373,0.13107984,0.86892015,0.00006387,0.00000531,65
879,"/kaggle/input/datasets/arafatrahmann/my-data221/Epic and CSCR hospital Dataset/Train/glioma/G_829_RO_.jpg",0,glioma,0,glioma,0.9784702063,0.0047891894,0.0079239234,0.0088165822,0.11125884,0.88874117,0.00007380,0.00000564,65
880,"/kaggle/input/datasets/arafatrahmann/my-data221/Epic and CSCR hospital Dataset/Train/glioma/G_829_SP_.jpg",0,glioma,0,glioma,0.8702875376,0.0032877524,0.1146926433,0.0117320772,0.09387365,0.90612635,0.00014872,0.00000893,65
881,"/kaggle/input/datasets/arafatrahmann/my-data221/Epic and CSCR hospital Dataset/Train/glioma/G_829_VF_.jpg",0,glioma,0,glioma,0.9774964452,0.0045554386,0.0079956390,0.0099524241,0.10120274,0.89879727,0.00008486,0.00000639,65
882,"/kaggle/input/datasets/arafatrahmann/my-data221/Epic and CSCR hospital Dataset/Train/glioma/G_830.jpg",0,glioma,0,glioma,0.9762583971,0.0040004659,0.0104341041,0.0093070334,0.10461165,0.89538835,0.00011700,0.00000778,65
883,"/kaggle/input/datasets/arafatrahmann/my-data221/Epic and CSCR hospital Dataset/Train/glioma/G_830_BR_.jpg",0,glioma,0,glioma,0.9043031931,0.0037854847,0.0788425431,0.0130688874,0.11627204,0.88372796,0.00036792,0.00013288,65
884,"/kaggle/input/datasets/arafatrahmann/my-data221/Epic and CSCR hospital Dataset/Train/glioma/G_830_DA_.jpg",0,glioma,0,glioma,0.8542098999,0.0034912031,0.1349357963,0.0073630959,0.08781276,0.91218725,0.00051999,0.00002338,65
885,"/kaggle/input/datasets/arafatrahmann/my-data221/Epic and CSCR hospital Dataset/Train/glioma/G_830_HF_.jpg",0,glioma,0,glioma,0.9757461548,0.0042404463,0.0112262536,0.0087872017,0.12217610,0.87782391,0.00007771,0.00000957,65
886,"/kaggle/input/datasets/arafatrahmann/my-data221/Epic and CSCR hospital Dataset/Train/glioma/G_830_RO_.jpg",0,glioma,0,glioma,0.9784469604,0.0046539330,0.0082103228,0.0086888131,0.11118797,0.88881203,0.00006830,0.00000544,65
887,"/kaggle/input/datasets/arafatrahmann/my-data221/Epic and CSCR hospital Dataset/Train/glioma/G_830_SP_.jpg",0,glioma,2,notumor,0.2093990743,0.0039455881,0.7045487761,0.0821065381,0.09887242,0.90112762,0.00146017,0.00011318,65
888,"/kaggle/input/datasets/arafatrahmann/my-data221/Epic and CSCR hospital Dataset/Train/glioma/G_830_VF_.jpg",0,glioma,0,glioma,0.7022606134,0.0035339161,0.0120308828,0.2821746469,0.31247983,0.68752016,0.00120975,0.00078398,65
889,"/kaggle/input/datasets/arafatrahmann/my-data221/Epic and CSCR hospital Dataset/Train/glioma/G_831.jpg",0,glioma,0,glioma,0.9788286090,0.0054202247,0.0074365735,0.0083144791,0.10910355,0.89089645,0.00008556,0.00000494,74
890,"/kaggle/input/datasets/arafatrahmann/my-data221/Epic and CSCR hospital Dataset/Train/glioma/G_831_BR_.jpg",0,glioma,0,glioma,0.9777757525,0.0047673495,0.0086363051,0.0088206921,0.10011428,0.89988572,0.00007458,0.00000501,74
891,"/kaggle/input/datasets/arafatrahmann/my-data221/Epic and CSCR hospital Dataset/Train/glioma/G_831_DA_.jpg",0,glioma,0,glioma,0.9790862799,0.0050913254,0.0073577845,0.0084646065,0.13001972,0.86998028,0.00004901,0.00000482,74
892,"/kaggle/input/datasets/arafatrahmann/my-data221/Epic and CSCR hospital Dataset/Train/glioma/G_831_HF_.jpg",0,glioma,0,glioma,0.9787383080,0.0051988987,0.0075832829,0.0084795617,0.10645258,0.89354743,0.00005864,0.00000485,74
893,"/kaggle/input/datasets/arafatrahmann/my-data221/Epic and CSCR hospital Dataset/Train/glioma/G_831_RO_.jpg",0,glioma,0,glioma,0.9786691666,0.0051234877,0.0073999492,0.0088073434,0.10414725,0.89585275,0.00008147,0.00000590,74
894,"/kaggle/input/datasets/arafatrahmann/my-data221/Epic and CSCR hospital Dataset/Train/glioma/G_831_SP_.jpg",0,glioma,0,glioma,0.9770447016,0.0051347562,0.0095403865,0.0082802335,0.10172815,0.89827186,0.00009761,0.00000448,74
895,"/kaggle/input/datasets/arafatrahmann/my-data221/Epic and CSCR hospital Dataset/Train/glioma/G_831_VF_.jpg",0,glioma,0,glioma,0.9790040851,0.0058019506,0.0066980668,0.0084958514,0.11858441,0.88141560,0.00007335,0.00000580,74
1036,"/kaggle/input/datasets/arafatrahmann/my-data221/Epic and CSCR hospital Dataset/Train/glioma/G_852.jpg",0,glioma,0,glioma,0.9784361124,0.0066855461,0.0066671073,0.0082112076,0.10417840,0.89582161,0.00006802,0.00000479,86
1037,"/kaggle/input/datasets/arafatrahmann/my-data221/Epic and CSCR hospital Dataset/Train/glioma/G_852_BR_.jpg",0,glioma,0,glioma,0.9786812067,0.0060855560,0.0067921011,0.0084411958,0.09012449,0.90987550,0.00010614,0.00000513,86
1038,"/kaggle/input/datasets/arafatrahmann/my-data221/Epic and CSCR hospital Dataset/Train/glioma/G_852_DA_.jpg",0,glioma,0,glioma,0.9789250493,0.0057762507,0.0070219128,0.0082767718,0.09622650,0.90377350,0.00007616,0.00000473,86
1039,"/kaggle/input/datasets/arafatrahmann/my-data221/Epic and CSCR hospital Dataset/Train/glioma/G_852_HF_.jpg",0,glioma,0,glioma,0.9784986377,0.0067312019,0.0066879457,0.0080822911,0.11983019,0.88016981,0.00005895,0.00000507,86
1040,"/kaggle/input/datasets/arafatrahmann/my-data221/Epic and CSCR hospital Dataset/Train/glioma/G_852_RO_.jpg",0,glioma,0,glioma,0.9782255888,0.0060401135,0.0067264386,0.0090078404,0.10249873,0.89750128,0.00006823,0.00000561,86
1041,"/kaggle/input/datasets/arafatrahmann/my-data221/Epic and CSCR hospital Dataset/Train/glioma/G_852_SP_.jpg",0,glioma,0,glioma,0.9780048132,0.0059627066,0.0071657188,0.0088667823,0.10917342,0.89082656,0.00006064,0.00000534,86
1042,"/kaggle/input/datasets/arafatrahmann/my-data221/Epic and CSCR hospital Dataset/Train/glioma/G_852_VF_.jpg",0,glioma,0,glioma,0.9780504107,0.0065594064,0.0068089897,0.0085812854,0.10458986,0.89541013,0.00010025,0.00000606,86
1096,"/kaggle/input/datasets/arafatrahmann/my-data221/Epic and CSCR hospital Dataset/Train/glioma/G_860.jpg",0,glioma,0,glioma,0.9783976674,0.0060946709,0.0074473582,0.0080602793,0.09614826,0.90385174,0.00007553,0.00000435,94
1097,"/kaggle/input/datasets/arafatrahmann/my-data221/Epic and CSCR hospital Dataset/Train/glioma/G_860_BR_.jpg",0,glioma,0,glioma,0.9785643816,0.0053976206,0.0071557737,0.0088823149,0.10915745,0.89084256,0.00006668,0.00000534,94
1098,"/kaggle/input/datasets/arafatrahmann/my-data221/Epic and CSCR hospital Dataset/Train/glioma/G_860_DA_.jpg",0,glioma,0,glioma,0.9789745212,0.0053571286,0.0073098755,0.0083585018,0.11322721,0.88677278,0.00006577,0.00000503,94
1099,"/kaggle/input/datasets/arafatrahmann/my-data221/Epic and CSCR hospital Dataset/Train/glioma/G_860_HF_.jpg",0,glioma,0,glioma,0.9781926274,0.0059894496,0.0076830140,0.0081349816,0.09642794,0.90357206,0.00009125,0.00000504,94
1100,"/kaggle/input/datasets/arafatrahmann/my-data221/Epic and CSCR hospital Dataset/Train/glioma/G_860_RO_.jpg",0,glioma,0,glioma,0.9785777926,0.0057634190,0.0071970373,0.0084616896,0.08493330,0.91506669,0.00010161,0.00000396,94
1101,"/kaggle/input/datasets/arafatrahmann/my-data221/Epic and CSCR hospital Dataset/Train/glioma/G_860_SP_.jpg",0,glioma,0,glioma,0.9776085615,0.0052756756,0.0081116948,0.0090040285,0.10100415,0.89899585,0.00006721,0.00000504,94
1102,"/kaggle/input/datasets/arafatrahmann/my-data221/Epic and CSCR hospital Dataset/Train/glioma/G_860_VF_.jpg",0,glioma,0,glioma,0.9781507254,0.0057791159,0.0074120434,0.0086580832,0.11120676,0.88879323,0.00007335,0.00000577,94
1131,"/kaggle/input/datasets/arafatrahmann/my-data221/Epic and CSCR hospital Dataset/Train/glioma/G_865.jpg",0,glioma,0,glioma,0.9769366384,0.0051614856,0.0066363430,0.0112655852,0.09112516,0.90887483,0.00012395,0.00000537,99
1132,"/kaggle/input/datasets/arafatrahmann/my-data221/Epic and CSCR hospital Dataset/Train/glioma/G_865_BR_.jpg",0,glioma,0,glioma,0.9773949385,0.0050954358,0.0071436153,0.0103660170,0.10328604,0.89671398,0.00010661,0.00000614,99
1133,"/kaggle/input/datasets/arafatrahmann/my-data221/Epic and CSCR hospital Dataset/Train/glioma/G_865_DA_.jpg",0,glioma,0,glioma,0.9782123566,0.0054139388,0.0075836093,0.0087901102,0.09645153,0.90354847,0.00007626,0.00000510,99
1134,"/kaggle/input/datasets/arafatrahmann/my-data221/Epic and CSCR hospital Dataset/Train/glioma/G_865_HF_.jpg",0,glioma,0,glioma,0.9765421748,0.0049118479,0.0067780404,0.0117680021,0.08963549,0.91036451,0.00012827,0.00000605,99
1135,"/kaggle/input/datasets/arafatrahmann/my-data221/Epic and CSCR hospital Dataset/Train/glioma/G_865_RO_.jpg",0,glioma,0,glioma,0.9774593115,0.0051004635,0.0068080435,0.0106321555,0.09657102,0.90342900,0.00008957,0.00000576,99
1136,"/kaggle/input/datasets/arafatrahmann/my-data221/Epic and CSCR hospital Dataset/Train/glioma/G_865_SP_.jpg",0,glioma,0,glioma,0.9755772352,0.0051870407,0.0068978630,0.0123377908,0.11084314,0.88915687,0.00011027,0.00000531,99
1137,"/kaggle/input/datasets/arafatrahmann/my-data221/Epic and CSCR hospital Dataset/Train/glioma/G_865_VF_.jpg",0,glioma,0,glioma,0.9762762785,0.0052089337,0.0065227253,0.0119920066,0.08940294,0.91059706,0.00013267,0.00000615,99
1159,"/kaggle/input/datasets/arafatrahmann/my-data221/Epic and CSCR hospital Dataset/Train/glioma/G_869.jpg",0,glioma,0,glioma,0.9774574041,0.0054349052,0.0070701279,0.0100375386,0.09577060,0.90422940,0.00008998,0.00000552,103
1160,"/kaggle/input/datasets/arafatrahmann/my-data221/Epic and CSCR hospital Dataset/Train/glioma/G_869_BR_.jpg",0,glioma,0,glioma,0.9776188135,0.0061147641,0.0072164699,0.0090499865,0.09174441,0.90825558,0.00009428,0.00000497,103
1161,"/kaggle/input/datasets/arafatrahmann/my-data221/Epic and CSCR hospital Dataset/Train/glioma/G_869_DA_.jpg",0,glioma,0,glioma,0.9780933261,0.0050891349,0.0079462938,0.0088710738,0.09321105,0.90678894,0.00008361,0.00000532,103
1162,"/kaggle/input/datasets/arafatrahmann/my-data221/Epic and CSCR hospital Dataset/Train/glioma/G_869_HF_.jpg",0,glioma,0,glioma,0.9776815176,0.0057585402,0.0069043403,0.0096556237,0.10079211,0.89920788,0.00010034,0.00000626,103
1163,"/kaggle/input/datasets/arafatrahmann/my-data221/Epic and CSCR hospital Dataset/Train/glioma/G_869_RO_.jpg",0,glioma,0,glioma,0.9775096774,0.0053728260,0.0070392578,0.0100781778,0.08652495,0.91347505,0.00015100,0.00000537,103
1164,"/kaggle/input/datasets/arafatrahmann/my-data221/Epic and CSCR hospital Dataset/Train/glioma/G_869_SP_.jpg",0,glioma,0,glioma,0.8745673299,0.1029353291,0.0078488160,0.0146485586,0.09746636,0.90253364,0.00024365,0.00001283,103
1165,"/kaggle/input/datasets/arafatrahmann/my-data221/Epic and CSCR hospital Dataset/Train/glioma/G_869_VF_.jpg",0,glioma,0,glioma,0.9753553271,0.0081533138,0.0061029932,0.0103882803,0.08910174,0.91089823,0.00011616,0.00000595,103
1173,"/kaggle/input/datasets/arafatrahmann/my-data221/Epic and CSCR hospital Dataset/Train/glioma/G_870.jpg",0,glioma,0,glioma,0.9760767817,0.0078087477,0.0079345088,0.0081799757,0.09170163,0.90829839,0.00009607,0.00000513,105
1174,"/kaggle/input/datasets/arafatrahmann/my-data221/Epic and CSCR hospital Dataset/Train/glioma/G_870_BR_.jpg",0,glioma,0,glioma,0.9751822352,0.0087172622,0.0075366483,0.0085637402,0.08961038,0.91038965,0.00010952,0.00000589,105
1175,"/kaggle/input/datasets/arafatrahmann/my-data221/Epic and CSCR hospital Dataset/Train/glioma/G_870_DA_.jpg",0,glioma,0,glioma,0.9780923128,0.0059003825,0.0074991793,0.0085082063,0.12259635,0.87740365,0.00005783,0.00000583,105
1176,"/kaggle/input/datasets/arafatrahmann/my-data221/Epic and CSCR hospital Dataset/Train/glioma/G_870_HF_.jpg",0,glioma,0,glioma,0.9759429097,0.0074171028,0.0081178751,0.0085220663,0.10162311,0.89837689,0.00009153,0.00000547,105
1177,"/kaggle/input/datasets/arafatrahmann/my-data221/Epic and CSCR hospital Dataset/Train/glioma/G_870_RO_.jpg",0,glioma,0,glioma,0.9765210152,0.0083565358,0.0068916008,0.0082308799,0.09294711,0.90705288,0.00008299,0.00000461,105
1178,"/kaggle/input/datasets/arafatrahmann/my-data221/Epic and CSCR hospital Dataset/Train/glioma/G_870_SP_.jpg",0,glioma,0,glioma,0.6695021391,0.0252463557,0.2974101901,0.0078413049,0.09840757,0.90159242,0.00022486,0.00002091,105
1179,"/kaggle/input/datasets/arafatrahmann/my-data221/Epic and CSCR hospital Dataset/Train/glioma/G_870_VF_.jpg",0,glioma,0,glioma,0.8701329231,0.1150228158,0.0065144724,0.0083297705,0.09646650,0.90353350,0.00030628,0.00003483,105
1215,"/kaggle/input/datasets/arafatrahmann/my-data221/Epic and CSCR hospital Dataset/Train/glioma/G_876.jpg",0,glioma,0,glioma,0.9782293439,0.0059835506,0.0069337348,0.0088534039,0.10401381,0.89598619,0.00008156,0.00000497,109
1216,"/kaggle/input/datasets/arafatrahmann/my-data221/Epic and CSCR hospital Dataset/Train/glioma/G_876_BR_.jpg",0,glioma,0,glioma,0.9783750772,0.0054720831,0.0072739325,0.0088788327,0.09508011,0.90491990,0.00008875,0.00000530,109
1217,"/kaggle/input/datasets/arafatrahmann/my-data221/Epic and CSCR hospital Dataset/Train/glioma/G_876_DA_.jpg",0,glioma,0,glioma,0.9788023233,0.0051322547,0.0076946216,0.0083709257,0.09364767,0.90635231,0.00007759,0.00000436,109
1218,"/kaggle/input/datasets/arafatrahmann/my-data221/Epic and CSCR hospital Dataset/Train/glioma/G_876_HF_.jpg",0,glioma,0,glioma,0.9781424403,0.0060360674,0.0070523596,0.0087690931,0.10224790,0.89775209,0.00008513,0.00000584,109
1219,"/kaggle/input/datasets/arafatrahmann/my-data221/Epic and CSCR hospital Dataset/Train/glioma/G_876_RO_.jpg",0,glioma,0,glioma,0.9780061841,0.0052365409,0.0077809794,0.0089762872,0.08866380,0.91133621,0.00010143,0.00000461,109
1220,"/kaggle/input/datasets/arafatrahmann/my-data221/Epic and CSCR hospital Dataset/Train/glioma/G_876_SP_.jpg",0,glioma,0,glioma,0.8269141316,0.0060162628,0.0458608270,0.1212088242,0.17500589,0.82499412,0.00113429,0.00015926,109
1221,"/kaggle/input/datasets/arafatrahmann/my-data221/Epic and CSCR hospital Dataset/Train/glioma/G_876_VF_.jpg",0,glioma,0,glioma,0.9775272608,0.0065469863,0.0070748730,0.0088509610,0.10067004,0.89932995,0.00007326,0.00000488,109
1222,"/kaggle/input/datasets/arafatrahmann/my-data221/Epic and CSCR hospital Dataset/Train/glioma/G_877.jpg",0,glioma,0,glioma,0.9783689380,0.0061375722,0.0068900911,0.0086033186,0.09477207,0.90522795,0.00012905,0.00000515,109
1223,"/kaggle/input/datasets/arafatrahmann/my-data221/Epic and CSCR hospital Dataset/Train/glioma/G_877_BR_.jpg",0,glioma,0,glioma,0.9784501791,0.0053681387,0.0078595057,0.0083222073,0.11480040,0.88519959,0.00006742,0.00000635,109
1224,"/kaggle/input/datasets/arafatrahmann/my-data221/Epic and CSCR hospital Dataset/Train/glioma/G_877_DA_.jpg",0,glioma,0,glioma,0.9788622856,0.0050318833,0.0078358101,0.0082700029,0.10718862,0.89281136,0.00006910,0.00000455,109
1225,"/kaggle/input/datasets/arafatrahmann/my-data221/Epic and CSCR hospital Dataset/Train/glioma/G_877_HF_.jpg",0,glioma,0,glioma,0.9783326983,0.0059340559,0.0071995901,0.0085336715,0.10406568,0.89593431,0.00005227,0.00000418,109
1226,"/kaggle/input/datasets/arafatrahmann/my-data221/Epic and CSCR hospital Dataset/Train/glioma/G_877_RO_.jpg",0,glioma,0,glioma,0.9784952402,0.0056616217,0.0071714022,0.0086716712,0.10655435,0.89344566,0.00006956,0.00000522,109
1227,"/kaggle/input/datasets/arafatrahmann/my-data221/Epic and CSCR hospital Dataset/Train/glioma/G_877_SP_.jpg",0,glioma,0,glioma,0.9771922231,0.0051036021,0.0082725184,0.0094317114,0.10420400,0.89579601,0.00008006,0.00000563,109
1228,"/kaggle/input/datasets/arafatrahmann/my-data221/Epic and CSCR hospital Dataset/Train/glioma/G_877_VF_.jpg",0,glioma,0,glioma,0.9774020314,0.0057677440,0.0078343013,0.0089959465,0.09946378,0.90053622,0.00011256,0.00000572,109
1249,"/kaggle/input/datasets/arafatrahmann/my-data221/Epic and CSCR hospital Dataset/Train/glioma/G_88.jpg",0,glioma,0,glioma,0.9789432287,0.0055893571,0.0071839439,0.0082834540,0.09534840,0.90465162,0.00009193,0.00000517,110
1285,"/kaggle/input/datasets/arafatrahmann/my-data221/Epic and CSCR hospital Dataset/Train/glioma/G_885.jpg",0,glioma,0,glioma,0.9790231586,0.0060665607,0.0068332488,0.0080770869,0.10146251,0.89853750,0.00007316,0.00000534,115
1286,"/kaggle/input/datasets/arafatrahmann/my-data221/Epic and CSCR hospital Dataset/Train/glioma/G_885_BR_.jpg",0,glioma,0,glioma,0.9786523581,0.0056321500,0.0075660748,0.0081494842,0.10531550,0.89468451,0.00007638,0.00000499,115
1287,"/kaggle/input/datasets/arafatrahmann/my-data221/Epic and CSCR hospital Dataset/Train/glioma/G_885_DA_.jpg",0,glioma,0,glioma,0.9790564775,0.0051612384,0.0072839074,0.0084984479,0.10537356,0.89462646,0.00006642,0.00000480,115
1288,"/kaggle/input/datasets/arafatrahmann/my-data221/Epic and CSCR hospital Dataset/Train/glioma/G_885_HF_.jpg",0,glioma,0,glioma,0.9788628817,0.0059104008,0.0071006073,0.0081260940,0.10664368,0.89335633,0.00006368,0.00000522,115
1289,"/kaggle/input/datasets/arafatrahmann/my-data221/Epic and CSCR hospital Dataset/Train/glioma/G_885_RO_.jpg",0,glioma,0,glioma,0.9789173007,0.0055187671,0.0074163182,0.0081475917,0.12242792,0.87757207,0.00007492,0.00000531,115
1290,"/kaggle/input/datasets/arafatrahmann/my-data221/Epic and CSCR hospital Dataset/Train/glioma/G_885_SP_.jpg",0,glioma,0,glioma,0.9779079556,0.0056938184,0.0080973487,0.0083008446,0.09246991,0.90753009,0.00010109,0.00000516,115
1291,"/kaggle/input/datasets/arafatrahmann/my-data221/Epic and CSCR hospital Dataset/Train/glioma/G_885_VF_.jpg",0,glioma,0,glioma,0.9785458446,0.0062461672,0.0070516160,0.0081563080,0.10325900,0.89674100,0.00010744,0.00000488,115
1292,"/kaggle/input/datasets/arafatrahmann/my-data221/Epic and CSCR hospital Dataset/Train/glioma/G_886.jpg",0,glioma,0,glioma,0.9790779948,0.0061031948,0.0070658498,0.0077529005,0.10867132,0.89132869,0.00007051,0.00000496,116
1293,"/kaggle/input/datasets/arafatrahmann/my-data221/Epic and CSCR hospital Dataset/Train/glioma/G_886_BR_.jpg",0,glioma,0,glioma,0.9786165357,0.0053861509,0.0080909338,0.0079064732,0.10761516,0.89238482,0.00007778,0.00000480,116
1294,"/kaggle/input/datasets/arafatrahmann/my-data221/Epic and CSCR hospital Dataset/Train/glioma/G_886_DA_.jpg",0,glioma,0,glioma,0.9792444110,0.0050652265,0.0073103257,0.0083800023,0.11232039,0.88767961,0.00006993,0.00000575,116
1295,"/kaggle/input/datasets/arafatrahmann/my-data221/Epic and CSCR hospital Dataset/Train/glioma/G_886_HF_.jpg",0,glioma,0,glioma,0.9789487123,0.0057489919,0.0074582025,0.0078440281,0.09979460,0.90020540,0.00008626,0.00000462,116
1296,"/kaggle/input/datasets/arafatrahmann/my-data221/Epic and CSCR hospital Dataset/Train/glioma/G_886_RO_.jpg",0,glioma,0,glioma,0.9788110852,0.0052444795,0.0083941277,0.0075503164,0.11239617,0.88760383,0.00005783,0.00000565,116
1297,"/kaggle/input/datasets/arafatrahmann/my-data221/Epic and CSCR hospital Dataset/Train/glioma/G_886_SP_.jpg",0,glioma,0,glioma,0.9776595831,0.0057651466,0.0085869115,0.0079883523,0.09695761,0.90304238,0.00007932,0.00000526,116
1298,"/kaggle/input/datasets/arafatrahmann/my-data221/Epic and CSCR hospital Dataset/Train/glioma/G_886_VF_.jpg",0,glioma,0,glioma,0.9789641500,0.0057589198,0.0076052817,0.0076717241,0.10119260,0.89880739,0.00009004,0.00000438,116
1320,"/kaggle/input/datasets/arafatrahmann/my-data221/Epic and CSCR hospital Dataset/Train/glioma/G_88_BR_.jpg",0,glioma,0,glioma,0.9784900546,0.0054319119,0.0074947169,0.0085833063,0.09046119,0.90953882,0.00010370,0.00000489,110
1321,"/kaggle/input/datasets/arafatrahmann/my-data221/Epic and CSCR hospital Dataset/Train/glioma/G_88_DA_.jpg",0,glioma,0,glioma,0.9790695310,0.0049711755,0.0075387312,0.0084206183,0.11256635,0.88743364,0.00006298,0.00000508,110
1322,"/kaggle/input/datasets/arafatrahmann/my-data221/Epic and CSCR hospital Dataset/Train/glioma/G_88_HF_.jpg",0,glioma,0,glioma,0.9790078998,0.0056587285,0.0072032297,0.0081301946,0.10832031,0.89167969,0.00007752,0.00000562,110
1323,"/kaggle/input/datasets/arafatrahmann/my-data221/Epic and CSCR hospital Dataset/Train/glioma/G_88_RO_.jpg",0,glioma,0,glioma,0.9792650938,0.0057670684,0.0067751454,0.0081927143,0.10328658,0.89671343,0.00007142,0.00000523,110
1324,"/kaggle/input/datasets/arafatrahmann/my-data221/Epic and CSCR hospital Dataset/Train/glioma/G_88_SP_.jpg",0,glioma,0,glioma,0.9776587486,0.0053077363,0.0086258855,0.0084077083,0.09587332,0.90412669,0.00010969,0.00000540,110
1325,"/kaggle/input/datasets/arafatrahmann/my-data221/Epic and CSCR hospital Dataset/Train/glioma/G_88_VF_.jpg",0,glioma,0,glioma,0.9787372351,0.0053349505,0.0076886071,0.0082390839,0.09732028,0.90267970,0.00006695,0.00000445,110
1349,"/kaggle/input/datasets/arafatrahmann/my-data221/Epic and CSCR hospital Dataset/Train/glioma/Te-gl_0060.jpg",0,glioma,0,glioma,0.9786257744,0.0061387345,0.0068909912,0.0083444808,0.10452656,0.89547345,0.00007307,0.00000560,47
1355,"/kaggle/input/datasets/arafatrahmann/my-data221/Epic and CSCR hospital Dataset/Train/glioma/Te-gl_0066.jpg",0,glioma,0,glioma,0.9787567854,0.0054302597,0.0077330070,0.0080799283,0.09238344,0.90761655,0.00009017,0.00000527,65
1358,"/kaggle/input/datasets/arafatrahmann/my-data221/Epic and CSCR hospital Dataset/Train/glioma/Te-gl_0069.jpg",0,glioma,0,glioma,0.9783773422,0.0049686627,0.0086103939,0.0080435695,0.10167184,0.89832814,0.00010463,0.00000643,65
1359,"/kaggle/input/datasets/arafatrahmann/my-data221/Epic and CSCR hospital Dataset/Train/glioma/Te-gl_0070.jpg",0,glioma,0,glioma,0.9790110588,0.0053980919,0.0074045793,0.0081862481,0.12611017,0.87388984,0.00006865,0.00000596,74
1366,"/kaggle/input/datasets/arafatrahmann/my-data221/Epic and CSCR hospital Dataset/Train/glioma/Te-gl_0077.jpg",0,glioma,0,glioma,0.9791339636,0.0051695504,0.0079703107,0.0077261054,0.09638493,0.90361508,0.00008181,0.00000480,125
1371,"/kaggle/input/datasets/arafatrahmann/my-data221/Epic and CSCR hospital Dataset/Train/glioma/Te-gl_0082.jpg",0,glioma,0,glioma,0.9794112444,0.0057477104,0.0069553428,0.0078858063,0.12496828,0.87503173,0.00007550,0.00000625,129
1373,"/kaggle/input/datasets/arafatrahmann/my-data221/Epic and CSCR hospital Dataset/Train/glioma/Te-gl_0084.jpg",0,glioma,0,glioma,0.9791234732,0.0057560448,0.0069717420,0.0081487643,0.10607498,0.89392502,0.00008251,0.00000540,131
1375,"/kaggle/input/datasets/arafatrahmann/my-data221/Epic and CSCR hospital Dataset/Train/glioma/Te-gl_0086.jpg",0,glioma,0,glioma,0.9793896675,0.0057812319,0.0068308488,0.0079982355,0.10566052,0.89433946,0.00007577,0.00000489,133
1378,"/kaggle/input/datasets/arafatrahmann/my-data221/Epic and CSCR hospital Dataset/Train/glioma/Te-gl_0089.jpg",0,glioma,0,glioma,0.9788014293,0.0058723255,0.0071961069,0.0081300344,0.09417129,0.90582872,0.00007857,0.00000468,136
1388,"/kaggle/input/datasets/arafatrahmann/my-data221/Epic and CSCR hospital Dataset/Train/glioma/Te-gl_0099.jpg",0,glioma,0,glioma,0.9786289334,0.0055293227,0.0068919687,0.0089498265,0.10678149,0.89321850,0.00007129,0.00000556,146
1405,"/kaggle/input/datasets/arafatrahmann/my-data221/Epic and CSCR hospital Dataset/Train/glioma/Te-gl_0117.jpg",0,glioma,0,glioma,0.9790461659,0.0048782183,0.0078747552,0.0082009071,0.10939028,0.89060974,0.00006150,0.00000600,14
1415,"/kaggle/input/datasets/arafatrahmann/my-data221/Epic and CSCR hospital Dataset/Train/glioma/Te-gl_0127.jpg",0,glioma,0,glioma,0.9787791371,0.0052818079,0.0071780579,0.0087610390,0.10012780,0.89987218,0.00010155,0.00000656,38
1422,"/kaggle/input/datasets/arafatrahmann/my-data221/Epic and CSCR hospital Dataset/Train/glioma/Te-gl_0134.jpg",0,glioma,0,glioma,0.9793031812,0.0059249755,0.0068418891,0.0079300869,0.10722548,0.89277452,0.00006364,0.00000503,161
1425,"/kaggle/input/datasets/arafatrahmann/my-data221/Epic and CSCR hospital Dataset/Train/glioma/Te-gl_0137.jpg",0,glioma,0,glioma,0.9785819054,0.0051288661,0.0076997615,0.0085894214,0.10792923,0.89207075,0.00008547,0.00000546,163
1430,"/kaggle/input/datasets/arafatrahmann/my-data221/Epic and CSCR hospital Dataset/Train/glioma/Te-gl_0142.jpg",0,glioma,0,glioma,0.9789787531,0.0061267060,0.0068417229,0.0080528622,0.10786639,0.89213362,0.00007586,0.00000602,168
1433,"/kaggle/input/datasets/arafatrahmann/my-data221/Epic and CSCR hospital Dataset/Train/glioma/Te-gl_0145.jpg",0,glioma,0,glioma,0.9785732031,0.0060446942,0.0066616191,0.0087204371,0.10180150,0.89819850,0.00007463,0.00000503,171
1435,"/kaggle/input/datasets/arafatrahmann/my-data221/Epic and CSCR hospital Dataset/Train/glioma/Te-gl_0147.jpg",0,glioma,0,glioma,0.9788233638,0.0057508596,0.0066365441,0.0087891705,0.10993602,0.89006400,0.00007938,0.00000486,173
1449,"/kaggle/input/datasets/arafatrahmann/my-data221/Epic and CSCR hospital Dataset/Train/glioma/Te-gl_0161.jpg",0,glioma,0,glioma,0.9784221649,0.0061998307,0.0071113980,0.0082665021,0.10079741,0.89920256,0.00007373,0.00000513,187
1450,"/kaggle/input/datasets/arafatrahmann/my-data221/Epic and CSCR hospital Dataset/Train/glioma/Te-gl_0162.jpg",0,glioma,0,glioma,0.9784475565,0.0062609436,0.0072834482,0.0080081429,0.09624190,0.90375811,0.00008246,0.00000497,188
1458,"/kaggle/input/datasets/arafatrahmann/my-data221/Epic and CSCR hospital Dataset/Train/glioma/Te-gl_0170.jpg",0,glioma,0,glioma,0.9778607488,0.0056744935,0.0075903079,0.0088744368,0.10086498,0.89913502,0.00009853,0.00000539,3
1463,"/kaggle/input/datasets/arafatrahmann/my-data221/Epic and CSCR hospital Dataset/Train/glioma/Te-gl_0175.jpg",0,glioma,0,glioma,0.9791496396,0.0059476132,0.0067116865,0.0081910156,0.10804728,0.89195271,0.00010312,0.00000543,198
1465,"/kaggle/input/datasets/arafatrahmann/my-data221/Epic and CSCR hospital Dataset/Train/glioma/Te-gl_0177.jpg",0,glioma,0,glioma,0.9774454832,0.0067421524,0.0068433369,0.0089689903,0.09533186,0.90466815,0.00008202,0.00000437,200
1471,"/kaggle/input/datasets/arafatrahmann/my-data221/Epic and CSCR hospital Dataset/Train/glioma/Te-gl_0183.jpg",0,glioma,0,glioma,0.9781652689,0.0063055493,0.0066257031,0.0089034969,0.11495050,0.88504952,0.00005800,0.00000443,204
1479,"/kaggle/input/datasets/arafatrahmann/my-data221/Epic and CSCR hospital Dataset/Train/glioma/Te-gl_0191.jpg",0,glioma,0,glioma,0.9787387848,0.0060158921,0.0077324151,0.0075129219,0.09653226,0.90346775,0.00007185,0.00000505,212
1483,"/kaggle/input/datasets/arafatrahmann/my-data221/Epic and CSCR hospital Dataset/Train/glioma/Te-gl_0195.jpg",0,glioma,0,glioma,0.9776237607,0.0064423173,0.0084865130,0.0074473647,0.09130584,0.90869413,0.00011685,0.00000511,216
1486,"/kaggle/input/datasets/arafatrahmann/my-data221/Epic and CSCR hospital Dataset/Train/glioma/Te-gl_0198.jpg",0,glioma,0,glioma,0.9776991010,0.0060195462,0.0079849092,0.0082965177,0.10376599,0.89623401,0.00009169,0.00000489,219
1487,"/kaggle/input/datasets/arafatrahmann/my-data221/Epic and CSCR hospital Dataset/Train/glioma/Te-gl_0199.jpg",0,glioma,0,glioma,0.9778428078,0.0054890187,0.0074388832,0.0092293834,0.10283224,0.89716776,0.00007433,0.00000526,220
1488,"/kaggle/input/datasets/arafatrahmann/my-data221/Epic and CSCR hospital Dataset/Train/glioma/Te-gl_0200.jpg",0,glioma,0,glioma,0.9782469869,0.0066517415,0.0070995791,0.0080017420,0.09715102,0.90284898,0.00008692,0.00000513,221
1489,"/kaggle/input/datasets/arafatrahmann/my-data221/Epic and CSCR hospital Dataset/Train/glioma/Te-gl_0201.jpg",0,glioma,0,glioma,0.9780791998,0.0064455019,0.0073897457,0.0080854800,0.09389771,0.90610229,0.00007271,0.00000450,222
1496,"/kaggle/input/datasets/arafatrahmann/my-data221/Epic and CSCR hospital Dataset/Train/glioma/Te-gl_0208.jpg",0,glioma,0,glioma,0.9779573679,0.0070441617,0.0069810702,0.0080173537,0.11255364,0.88744637,0.00006828,0.00000667,229
1497,"/kaggle/input/datasets/arafatrahmann/my-data221/Epic and CSCR hospital Dataset/Train/glioma/Te-gl_0209.jpg",0,glioma,0,glioma,0.9784204364,0.0055361255,0.0068119764,0.0092314016,0.09765660,0.90234341,0.00007840,0.00000507,230
1502,"/kaggle/input/datasets/arafatrahmann/my-data221/Epic and CSCR hospital Dataset/Train/glioma/Te-gl_0214.jpg",0,glioma,0,glioma,0.9790279269,0.0061073601,0.0071575493,0.0077071758,0.11393168,0.88606833,0.00005370,0.00000495,22
1503,"/kaggle/input/datasets/arafatrahmann/my-data221/Epic and CSCR hospital Dataset/Train/glioma/Te-gl_0215.jpg",0,glioma,0,glioma,0.9787691832,0.0063734567,0.0070837350,0.0077736946,0.10497579,0.89502421,0.00006701,0.00000463,22
1509,"/kaggle/input/datasets/arafatrahmann/my-data221/Epic and CSCR hospital Dataset/Train/glioma/Te-gl_0221.jpg",0,glioma,0,glioma,0.9767118692,0.0049022539,0.0066672028,0.0117187696,0.10433304,0.89566694,0.00012032,0.00000754,99
1510,"/kaggle/input/datasets/arafatrahmann/my-data221/Epic and CSCR hospital Dataset/Train/glioma/Te-gl_0222.jpg",0,glioma,0,glioma,0.9776500463,0.0053620478,0.0072278655,0.0097600752,0.10760059,0.89239941,0.00008104,0.00000597,103
1516,"/kaggle/input/datasets/arafatrahmann/my-data221/Epic and CSCR hospital Dataset/Train/glioma/Te-gl_0228.jpg",0,glioma,0,glioma,0.9786758423,0.0058722710,0.0073676147,0.0080843251,0.12616004,0.87383996,0.00004591,0.00000443,237
1522,"/kaggle/input/datasets/arafatrahmann/my-data221/Epic and CSCR hospital Dataset/Train/glioma/Te-gl_0234.jpg",0,glioma,0,glioma,0.9779058695,0.0067271539,0.0069736145,0.0083932979,0.10272510,0.89727490,0.00008769,0.00000552,243
1533,"/kaggle/input/datasets/arafatrahmann/my-data221/Epic and CSCR hospital Dataset/Train/glioma/Te-gl_0245.jpg",0,glioma,0,glioma,0.9782950282,0.0058079450,0.0072137252,0.0086832447,0.09130268,0.90869732,0.00009499,0.00000399,251
1538,"/kaggle/input/datasets/arafatrahmann/my-data221/Epic and CSCR hospital Dataset/Train/glioma/Te-gl_0250.jpg",0,glioma,0,glioma,0.9780350924,0.0051852516,0.0075729145,0.0092068389,0.10770045,0.89229956,0.00011377,0.00000515,256
1541,"/kaggle/input/datasets/arafatrahmann/my-data221/Epic and CSCR hospital Dataset/Train/glioma/Te-gl_0253.jpg",0,glioma,0,glioma,0.9781376719,0.0068599507,0.0068753837,0.0081270207,0.10805930,0.89194072,0.00009501,0.00000546,259
1546,"/kaggle/input/datasets/arafatrahmann/my-data221/Epic and CSCR hospital Dataset/Train/glioma/Te-gl_0258.jpg",0,glioma,0,glioma,0.9785026312,0.0056280410,0.0074680625,0.0084012859,0.13372060,0.86627939,0.00007431,0.00000550,264
1550,"/kaggle/input/datasets/arafatrahmann/my-data221/Epic and CSCR hospital Dataset/Train/glioma/Te-gl_0284.jpg",0,glioma,0,glioma,0.9778642654,0.0065019242,0.0079704067,0.0076634577,0.09506987,0.90493013,0.00008621,0.00000447,267
1551,"/kaggle/input/datasets/arafatrahmann/my-data221/Epic and CSCR hospital Dataset/Train/glioma/Te-gl_0285.jpg",0,glioma,0,glioma,0.9778933525,0.0059343362,0.0069188909,0.0092533994,0.10577725,0.89422274,0.00008350,0.00000661,268
1562,"/kaggle/input/datasets/arafatrahmann/my-data221/Epic and CSCR hospital Dataset/Train/glioma/Te-gl_0296.jpg",0,glioma,0,glioma,0.9792677164,0.0054164710,0.0069944747,0.0083212759,0.09652446,0.90347555,0.00008881,0.00000436,278
1565,"/kaggle/input/datasets/arafatrahmann/my-data221/Epic and CSCR hospital Dataset/Train/glioma/Te-gl_0299.jpg",0,glioma,0,glioma,0.9785000086,0.0055549466,0.0074722162,0.0084728375,0.09771912,0.90228088,0.00010520,0.00000494,281
1572,"/kaggle/input/datasets/arafatrahmann/my-data221/Epic and CSCR hospital Dataset/Train/glioma/Tr-gl_0034.jpg",0,glioma,0,glioma,0.9792219996,0.0058052205,0.0068526068,0.0081202490,0.11070133,0.88929867,0.00006107,0.00000556,288
1574,"/kaggle/input/datasets/arafatrahmann/my-data221/Epic and CSCR hospital Dataset/Train/glioma/Tr-gl_0036.jpg",0,glioma,0,glioma,0.9785367250,0.0054092081,0.0080069834,0.0080470396,0.10187506,0.89812493,0.00005761,0.00000456,290
1579,"/kaggle/input/datasets/arafatrahmann/my-data221/Epic and CSCR hospital Dataset/Train/glioma/Tr-gl_0065.jpg",0,glioma,0,glioma,0.9788676500,0.0061707678,0.0071126036,0.0078489874,0.12198918,0.87801082,0.00005905,0.00000580,295
1582,"/kaggle/input/datasets/arafatrahmann/my-data221/Epic and CSCR hospital Dataset/Train/glioma/Tr-gl_0068.jpg",0,glioma,0,glioma,0.9785758257,0.0051215962,0.0082655139,0.0080370083,0.10149076,0.89850925,0.00005959,0.00000469,298
1591,"/kaggle/input/datasets/arafatrahmann/my-data221/Epic and CSCR hospital Dataset/Train/glioma/Tr-gl_0077.jpg",0,glioma,0,glioma,0.9790356755,0.0049961251,0.0074803769,0.0084878718,0.10335876,0.89664125,0.00007087,0.00000504,307
1593,"/kaggle/input/datasets/arafatrahmann/my-data221/Epic and CSCR hospital Dataset/Train/glioma/Tr-gl_0079.jpg",0,glioma,0,glioma,0.9778246880,0.0044811526,0.0101909321,0.0075031621,0.10842404,0.89157596,0.00007851,0.00000584,309
1595,"/kaggle/input/datasets/arafatrahmann/my-data221/Epic and CSCR hospital Dataset/Train/glioma/Tr-gl_0081.jpg",0,glioma,0,glioma,0.9790230989,0.0057901056,0.0068575731,0.0083292406,0.09288651,0.90711350,0.00007503,0.00000487,311
1604,"/kaggle/input/datasets/arafatrahmann/my-data221/Epic and CSCR hospital Dataset/Train/glioma/Tr-gl_0090.jpg",0,glioma,0,glioma,0.9793237448,0.0055711488,0.0071048387,0.0080002937,0.10087742,0.89912258,0.00006350,0.00000474,320
1612,"/kaggle/input/datasets/arafatrahmann/my-data221/Epic and CSCR hospital Dataset/Train/glioma/Tr-gl_0098.jpg",0,glioma,0,glioma,0.9770317078,0.0064935698,0.0066158129,0.0098588970,0.08739405,0.91260594,0.00010881,0.00000368,22
1613,"/kaggle/input/datasets/arafatrahmann/my-data221/Epic and CSCR hospital Dataset/Train/glioma/Tr-gl_0099.jpg",0,glioma,0,glioma,0.8919884562,0.0944111720,0.0057909987,0.0078093596,0.10740419,0.89259582,0.00112861,0.00021329,327
1616,"/kaggle/input/datasets/arafatrahmann/my-data221/Epic and CSCR hospital Dataset/Train/glioma/Tr-gl_0117.jpg",0,glioma,0,glioma,0.9780909419,0.0047720275,0.0092225187,0.0079144724,0.09962513,0.90037489,0.00008552,0.00000489,65
1620,"/kaggle/input/datasets/arafatrahmann/my-data221/Epic and CSCR hospital Dataset/Train/glioma/Tr-gl_0121.jpg",0,glioma,0,glioma,0.9789234400,0.0053687482,0.0074869059,0.0082209632,0.11700229,0.88299772,0.00007133,0.00000582,328
1627,"/kaggle/input/datasets/arafatrahmann/my-data221/Epic and CSCR hospital Dataset/Train/glioma/Tr-gl_0128.jpg",0,glioma,0,glioma,0.9788495898,0.0050715143,0.0076277838,0.0084511545,0.09556180,0.90443820,0.00009468,0.00000573,333
1639,"/kaggle/input/datasets/arafatrahmann/my-data221/Epic and CSCR hospital Dataset/Train/glioma/Tr-gl_0140.jpg",0,glioma,0,glioma,0.9773305058,0.0053283595,0.0073766871,0.0099643888,0.10241084,0.89758916,0.00013759,0.00000579,338
1645,"/kaggle/input/datasets/arafatrahmann/my-data221/Epic and CSCR hospital Dataset/Train/glioma/Tr-gl_0146.jpg",0,glioma,0,glioma,0.9791563749,0.0053848526,0.0070597427,0.0083989976,0.10447573,0.89552426,0.00007859,0.00000550,342
1646,"/kaggle/input/datasets/arafatrahmann/my-data221/Epic and CSCR hospital Dataset/Train/glioma/Tr-gl_0147.jpg",0,glioma,0,glioma,0.9781481028,0.0043160762,0.0085100625,0.0090258326,0.10923061,0.89076939,0.00007341,0.00000568,342
1657,"/kaggle/input/datasets/arafatrahmann/my-data221/Epic and CSCR hospital Dataset/Train/glioma/Tr-gl_0158.jpg",0,glioma,0,glioma,0.9792231321,0.0053006811,0.0076212436,0.0078548724,0.10094933,0.89905065,0.00007686,0.00000544,346
1674,"/kaggle/input/datasets/arafatrahmann/my-data221/Epic and CSCR hospital Dataset/Train/glioma/Tr-gl_0175.jpg",0,glioma,0,glioma,0.9793920517,0.0058718254,0.0067914091,0.0079447683,0.10895859,0.89104140,0.00005210,0.00000427,129
1676,"/kaggle/input/datasets/arafatrahmann/my-data221/Epic and CSCR hospital Dataset/Train/glioma/Tr-gl_0177.jpg",0,glioma,0,glioma,0.9785560369,0.0052783010,0.0076954998,0.0084701870,0.10068471,0.89931529,0.00008434,0.00000534,356
1677,"/kaggle/input/datasets/arafatrahmann/my-data221/Epic and CSCR hospital Dataset/Train/glioma/Tr-gl_0178.jpg",0,glioma,0,glioma,0.9789561033,0.0055793971,0.0070827296,0.0083817933,0.11007348,0.88992652,0.00006332,0.00000480,356
1678,"/kaggle/input/datasets/arafatrahmann/my-data221/Epic and CSCR hospital Dataset/Train/glioma/Tr-gl_0179.jpg",0,glioma,0,glioma,0.9786257744,0.0055666752,0.0075593749,0.0082481662,0.10129587,0.89870414,0.00006347,0.00000496,356
1679,"/kaggle/input/datasets/arafatrahmann/my-data221/Epic and CSCR hospital Dataset/Train/glioma/Tr-gl_0180.jpg",0,glioma,0,glioma,0.9788470268,0.0054883184,0.0072620152,0.0084026698,0.10230694,0.89769307,0.00006601,0.00000509,356
1685,"/kaggle/input/datasets/arafatrahmann/my-data221/Epic and CSCR hospital Dataset/Train/glioma/Tr-gl_0186.jpg",0,glioma,0,glioma,0.9790223241,0.0060752830,0.0068372665,0.0080650933,0.10156079,0.89843922,0.00008697,0.00000489,361
1690,"/kaggle/input/datasets/arafatrahmann/my-data221/Epic and CSCR hospital Dataset/Train/glioma/Tr-gl_0191.jpg",0,glioma,0,glioma,0.9788756371,0.0056279190,0.0065836646,0.0089128166,0.09169291,0.90830708,0.00010361,0.00000489,366
1693,"/kaggle/input/datasets/arafatrahmann/my-data221/Epic and CSCR hospital Dataset/Train/glioma/Tr-gl_0194.jpg",0,glioma,0,glioma,0.9783953428,0.0043687085,0.0090305004,0.0082053607,0.09599901,0.90400097,0.00009740,0.00000610,368
1705,"/kaggle/input/datasets/arafatrahmann/my-data221/Epic and CSCR hospital Dataset/Train/glioma/Tr-gl_0206.jpg",0,glioma,0,glioma,0.9795975685,0.0055048866,0.0070135454,0.0078840265,0.11773465,0.88226536,0.00006620,0.00000557,375
1706,"/kaggle/input/datasets/arafatrahmann/my-data221/Epic and CSCR hospital Dataset/Train/glioma/Tr-gl_0207.jpg",0,glioma,0,glioma,0.9795662165,0.0056604585,0.0068600774,0.0079133576,0.12232292,0.87767708,0.00006901,0.00000618,376
1713,"/kaggle/input/datasets/arafatrahmann/my-data221/Epic and CSCR hospital Dataset/Train/glioma/Tr-gl_0214.jpg",0,glioma,0,glioma,0.9791086316,0.0052259238,0.0075910524,0.0080743078,0.09292590,0.90707411,0.00009901,0.00000438,383
1714,"/kaggle/input/datasets/arafatrahmann/my-data221/Epic and CSCR hospital Dataset/Train/glioma/Tr-gl_0215.jpg",0,glioma,0,glioma,0.9793168902,0.0055015455,0.0070119225,0.0081696948,0.10872838,0.89127162,0.00006563,0.00000440,383
1715,"/kaggle/input/datasets/arafatrahmann/my-data221/Epic and CSCR hospital Dataset/Train/glioma/Tr-gl_0216.jpg",0,glioma,0,glioma,0.9793383479,0.0054312898,0.0070428215,0.0081875408,0.11102787,0.88897213,0.00006090,0.00000486,383
1716,"/kaggle/input/datasets/arafatrahmann/my-data221/Epic and CSCR hospital Dataset/Train/glioma/Tr-gl_0217.jpg",0,glioma,0,glioma,0.9794580340,0.0059130467,0.0066268877,0.0080020260,0.10920445,0.89079555,0.00005099,0.00000456,383
1717,"/kaggle/input/datasets/arafatrahmann/my-data221/Epic and CSCR hospital Dataset/Train/glioma/Tr-gl_0218.jpg",0,glioma,0,glioma,0.9794839025,0.0057627503,0.0067598587,0.0079935044,0.11946093,0.88053909,0.00005595,0.00000501,383
1718,"/kaggle/input/datasets/arafatrahmann/my-data221/Epic and CSCR hospital Dataset/Train/glioma/Tr-gl_0219.jpg",0,glioma,0,glioma,0.9791623354,0.0056666061,0.0069567775,0.0082142903,0.09401934,0.90598067,0.00010020,0.00000465,384
1723,"/kaggle/input/datasets/arafatrahmann/my-data221/Epic and CSCR hospital Dataset/Train/glioma/Tr-gl_0224.jpg",0,glioma,0,glioma,0.9788564444,0.0055231629,0.0066184746,0.0090018949,0.10003664,0.89996336,0.00009132,0.00000541,387
1725,"/kaggle/input/datasets/arafatrahmann/my-data221/Epic and CSCR hospital Dataset/Train/glioma/Tr-gl_0226.jpg",0,glioma,0,glioma,0.9789098501,0.0061390954,0.0064618601,0.0084891859,0.09757063,0.90242937,0.00010868,0.00000634,389
1727,"/kaggle/input/datasets/arafatrahmann/my-data221/Epic and CSCR hospital Dataset/Train/glioma/Tr-gl_0228.jpg",0,glioma,0,glioma,0.9791321754,0.0053242845,0.0077428981,0.0078007109,0.10835963,0.89164037,0.00006658,0.00000496,391
1729,"/kaggle/input/datasets/arafatrahmann/my-data221/Epic and CSCR hospital Dataset/Train/glioma/Tr-gl_0230.jpg",0,glioma,0,glioma,0.9770681262,0.0043286774,0.0086423280,0.0099608647,0.08470627,0.91529374,0.00013258,0.00000505,393
1734,"/kaggle/input/datasets/arafatrahmann/my-data221/Epic and CSCR hospital Dataset/Train/glioma/Tr-gl_0235.jpg",0,glioma,0,glioma,0.9787605405,0.0054531423,0.0064612157,0.0093250647,0.09524904,0.90475097,0.00008501,0.00000508,387
1735,"/kaggle/input/datasets/arafatrahmann/my-data221/Epic and CSCR hospital Dataset/Train/glioma/Tr-gl_0236.jpg",0,glioma,0,glioma,0.9789659381,0.0057377080,0.0063483394,0.0089480756,0.10556958,0.89443040,0.00008062,0.00000560,387
1736,"/kaggle/input/datasets/arafatrahmann/my-data221/Epic and CSCR hospital Dataset/Train/glioma/Tr-gl_0237.jpg",0,glioma,0,glioma,0.9787325859,0.0049826587,0.0075698034,0.0087149134,0.10904664,0.89095335,0.00005988,0.00000547,398
1742,"/kaggle/input/datasets/arafatrahmann/my-data221/Epic and CSCR hospital Dataset/Train/glioma/Tr-gl_0243.jpg",0,glioma,0,glioma,0.9793917537,0.0062379478,0.0066456618,0.0077247075,0.11551752,0.88448249,0.00007394,0.00000603,278
1743,"/kaggle/input/datasets/arafatrahmann/my-data221/Epic and CSCR hospital Dataset/Train/glioma/Tr-gl_0244.jpg",0,glioma,0,glioma,0.9792701602,0.0058669373,0.0068698972,0.0079929736,0.10360836,0.89639165,0.00005974,0.00000494,278
1744,"/kaggle/input/datasets/arafatrahmann/my-data221/Epic and CSCR hospital Dataset/Train/glioma/Tr-gl_0245.jpg",0,glioma,0,glioma,0.9793645144,0.0061621140,0.0065375133,0.0079358499,0.10578169,0.89421831,0.00004975,0.00000461,278
1748,"/kaggle/input/datasets/arafatrahmann/my-data221/Epic and CSCR hospital Dataset/Train/glioma/Tr-gl_0249.jpg",0,glioma,0,glioma,0.9789888263,0.0056680692,0.0077424929,0.0076006106,0.09573762,0.90426236,0.00007849,0.00000460,404
1766,"/kaggle/input/datasets/arafatrahmann/my-data221/Epic and CSCR hospital Dataset/Train/glioma/Tr-gl_0267.jpg",0,glioma,0,glioma,0.9795275927,0.0058642933,0.0067047961,0.0079033300,0.11477347,0.88522652,0.00006541,0.00000518,414
1779,"/kaggle/input/datasets/arafatrahmann/my-data221/Epic and CSCR hospital Dataset/Train/glioma/Tr-gl_0280.jpg",0,glioma,0,glioma,0.9792900085,0.0056764940,0.0068331631,0.0082003642,0.09760797,0.90239203,0.00008464,0.00000524,422
1785,"/kaggle/input/datasets/arafatrahmann/my-data221/Epic and CSCR hospital Dataset/Train/glioma/Tr-gl_0286.jpg",0,glioma,0,glioma,0.9790812731,0.0048424834,0.0078326240,0.0082436716,0.12798520,0.87201480,0.00005997,0.00000574,426
1786,"/kaggle/input/datasets/arafatrahmann/my-data221/Epic and CSCR hospital Dataset/Train/glioma/Tr-gl_0287.jpg",0,glioma,0,glioma,0.9787992239,0.0048957979,0.0079682004,0.0083366949,0.10040085,0.89959913,0.00007793,0.00000470,427
1797,"/kaggle/input/datasets/arafatrahmann/my-data221/Epic and CSCR hospital Dataset/Train/glioma/Tr-gl_0298.jpg",0,glioma,0,glioma,0.9773797989,0.0045235222,0.0077015348,0.0103952046,0.09366770,0.90633230,0.00011104,0.00000526,432
1817,"/kaggle/input/datasets/arafatrahmann/my-data221/Epic and CSCR hospital Dataset/Train/glioma/Tr-gl_0318.jpg",0,glioma,0,glioma,0.9787896872,0.0046036108,0.0085746851,0.0080319736,0.10881102,0.89118899,0.00005783,0.00000539,447
1818,"/kaggle/input/datasets/arafatrahmann/my-data221/Epic and CSCR hospital Dataset/Train/glioma/Tr-gl_0319.jpg",0,glioma,0,glioma,0.9791158438,0.0049218191,0.0077083297,0.0082539786,0.11175251,0.88824749,0.00007038,0.00000527,447
1819,"/kaggle/input/datasets/arafatrahmann/my-data221/Epic and CSCR hospital Dataset/Train/glioma/Tr-gl_0320.jpg",0,glioma,0,glioma,0.9794172049,0.0055651409,0.0069723525,0.0080452738,0.10610231,0.89389768,0.00007610,0.00000544,447
1820,"/kaggle/input/datasets/arafatrahmann/my-data221/Epic and CSCR hospital Dataset/Train/glioma/Tr-gl_0321.jpg",0,glioma,0,glioma,0.9795823097,0.0054751225,0.0069798781,0.0079626283,0.12952734,0.87047265,0.00004762,0.00000556,447
1826,"/kaggle/input/datasets/arafatrahmann/my-data221/Epic and CSCR hospital Dataset/Train/glioma/Tr-gl_0327.jpg",0,glioma,0,glioma,0.9790942073,0.0060045570,0.0065944493,0.0083067762,0.09777711,0.90222291,0.00005704,0.00000395,450
1828,"/kaggle/input/datasets/arafatrahmann/my-data221/Epic and CSCR hospital Dataset/Train/glioma/Tr-gl_0329.jpg",0,glioma,0,glioma,0.9790076017,0.0048784642,0.0076019401,0.0085120890,0.11471800,0.88528200,0.00006157,0.00000471,452
1829,"/kaggle/input/datasets/arafatrahmann/my-data221/Epic and CSCR hospital Dataset/Train/glioma/Tr-gl_0330.jpg",0,glioma,0,glioma,0.9791452289,0.0051441826,0.0072760135,0.0084345210,0.10862176,0.89137825,0.00007781,0.00000427,452
1836,"/kaggle/input/datasets/arafatrahmann/my-data221/Epic and CSCR hospital Dataset/Train/glioma/Tr-gl_0337.jpg",0,glioma,0,glioma,0.9787120819,0.0051613799,0.0086826989,0.0074438988,0.09919044,0.90080954,0.00008017,0.00000444,459
1845,"/kaggle/input/datasets/arafatrahmann/my-data221/Epic and CSCR hospital Dataset/Train/glioma/Tr-gl_0346.jpg",0,glioma,0,glioma,0.9786483049,0.0049778391,0.0081939306,0.0081798974,0.09609660,0.90390342,0.00008892,0.00000437,467
1851,"/kaggle/input/datasets/arafatrahmann/my-data221/Epic and CSCR hospital Dataset/Train/glioma/Tr-gl_0352.jpg",0,glioma,0,glioma,0.9792159796,0.0055315075,0.0067539439,0.0084985774,0.09028502,0.90971499,0.00010163,0.00000577,472
1853,"/kaggle/input/datasets/arafatrahmann/my-data221/Epic and CSCR hospital Dataset/Train/glioma/Tr-gl_0354.jpg",0,glioma,0,glioma,0.9775517583,0.0043351622,0.0102646351,0.0078484667,0.09952084,0.90047914,0.00008384,0.00000499,473
1864,"/kaggle/input/datasets/arafatrahmann/my-data221/Epic and CSCR hospital Dataset/Train/glioma/Tr-gl_0365.jpg",0,glioma,0,glioma,0.9788827896,0.0050352393,0.0078071258,0.0082748402,0.09554184,0.90445813,0.00008067,0.00000509,480
1865,"/kaggle/input/datasets/arafatrahmann/my-data221/Epic and CSCR hospital Dataset/Train/glioma/Tr-gl_0366.jpg",0,glioma,0,glioma,0.9793591499,0.0054253712,0.0070771822,0.0081382897,0.10723702,0.89276297,0.00006748,0.00000484,480
1871,"/kaggle/input/datasets/arafatrahmann/my-data221/Epic and CSCR hospital Dataset/Train/glioma/Tr-gl_0372.jpg",0,glioma,0,glioma,0.9789827466,0.0058164545,0.0067593530,0.0084416308,0.08998806,0.91001194,0.00008043,0.00000411,484
1873,"/kaggle/input/datasets/arafatrahmann/my-data221/Epic and CSCR hospital Dataset/Train/glioma/Tr-gl_0374.jpg",0,glioma,0,glioma,0.9794719815,0.0055558821,0.0068950951,0.0080769900,0.11254464,0.88745536,0.00006877,0.00000616,486
1875,"/kaggle/input/datasets/arafatrahmann/my-data221/Epic and CSCR hospital Dataset/Train/glioma/Tr-gl_0376.jpg",0,glioma,0,glioma,0.9791940451,0.0066206395,0.0062287776,0.0079565849,0.10158763,0.89841238,0.00006495,0.00000498,488
1880,"/kaggle/input/datasets/arafatrahmann/my-data221/Epic and CSCR hospital Dataset/Train/glioma/Tr-gl_0381.jpg",0,glioma,0,glioma,0.9789304733,0.0046625594,0.0083269998,0.0080799581,0.11381392,0.88618609,0.00005951,0.00000550,12
1881,"/kaggle/input/datasets/arafatrahmann/my-data221/Epic and CSCR hospital Dataset/Train/glioma/Tr-gl_0382.jpg",0,glioma,0,glioma,0.9792062640,0.0051426445,0.0074534626,0.0081975814,0.12318343,0.87681658,0.00009148,0.00000549,14
1882,"/kaggle/input/datasets/arafatrahmann/my-data221/Epic and CSCR hospital Dataset/Train/glioma/Tr-gl_0383.jpg",0,glioma,0,glioma,0.9788973927,0.0061219884,0.0066027613,0.0083779208,0.09132284,0.90867715,0.00007788,0.00000376,14
1893,"/kaggle/input/datasets/arafatrahmann/my-data221/Epic and CSCR hospital Dataset/Train/glioma/Tr-gl_0394.jpg",0,glioma,0,glioma,0.9793661237,0.0056361416,0.0069294004,0.0080684843,0.10658228,0.89341772,0.00007454,0.00000469,493
1899,"/kaggle/input/datasets/arafatrahmann/my-data221/Epic and CSCR hospital Dataset/Train/glioma/Tr-gl_0400.jpg",0,glioma,0,glioma,0.9794753790,0.0055419998,0.0069427588,0.0080398899,0.11288935,0.88711064,0.00005955,0.00000519,24
1900,"/kaggle/input/datasets/arafatrahmann/my-data221/Epic and CSCR hospital Dataset/Train/glioma/Tr-gl_0401.jpg",0,glioma,0,glioma,0.9791390300,0.0057890965,0.0067735435,0.0082982816,0.10277909,0.89722091,0.00008233,0.00000488,24
1901,"/kaggle/input/datasets/arafatrahmann/my-data221/Epic and CSCR hospital Dataset/Train/glioma/Tr-gl_0402.jpg",0,glioma,0,glioma,0.9794896245,0.0055976403,0.0069527910,0.0079599321,0.13364024,0.86635978,0.00006077,0.00000598,24
1902,"/kaggle/input/datasets/arafatrahmann/my-data221/Epic and CSCR hospital Dataset/Train/glioma/Tr-gl_0403.jpg",0,glioma,0,glioma,0.9794681668,0.0052997568,0.0072139106,0.0080182282,0.11250157,0.88749841,0.00006073,0.00000467,24
1903,"/kaggle/input/datasets/arafatrahmann/my-data221/Epic and CSCR hospital Dataset/Train/glioma/Tr-gl_0404.jpg",0,glioma,0,glioma,0.9793170094,0.0056125647,0.0070581818,0.0080122072,0.10241638,0.89758362,0.00008273,0.00000498,494
1904,"/kaggle/input/datasets/arafatrahmann/my-data221/Epic and CSCR hospital Dataset/Train/glioma/Tr-gl_0405.jpg",0,glioma,0,glioma,0.9790089726,0.0054688761,0.0075318282,0.0079903509,0.09476943,0.90523056,0.00009750,0.00000498,495
1906,"/kaggle/input/datasets/arafatrahmann/my-data221/Epic and CSCR hospital Dataset/Train/glioma/Tr-gl_0407.jpg",0,glioma,0,glioma,0.9792375565,0.0050787926,0.0073506222,0.0083330711,0.10779398,0.89220599,0.00007048,0.00000581,25
1920,"/kaggle/input/datasets/arafatrahmann/my-data221/Epic and CSCR hospital Dataset/Train/glioma/Tr-gl_0421.jpg",0,glioma,0,glioma,0.9786092639,0.0055120480,0.0070520579,0.0088266125,0.09583609,0.90416391,0.00010417,0.00000538,38
1929,"/kaggle/input/datasets/arafatrahmann/my-data221/Epic and CSCR hospital Dataset/Train/glioma/Tr-gl_0430.jpg",0,glioma,0,glioma,0.9785302877,0.0060236850,0.0071142637,0.0083317179,0.10259217,0.89740784,0.00007488,0.00000517,47
1930,"/kaggle/input/datasets/arafatrahmann/my-data221/Epic and CSCR hospital Dataset/Train/glioma/Tr-gl_0431.jpg",0,glioma,0,glioma,0.9785677195,0.0062489966,0.0066095241,0.0085737389,0.09148192,0.90851807,0.00007989,0.00000379,47
1953,"/kaggle/input/datasets/arafatrahmann/my-data221/Epic and CSCR hospital Dataset/Train/glioma/Tr-gl_0454.jpg",0,glioma,0,glioma,0.9787341952,0.0059218635,0.0075582541,0.0077856621,0.10030836,0.89969164,0.00008764,0.00000462,509
1966,"/kaggle/input/datasets/arafatrahmann/my-data221/Epic and CSCR hospital Dataset/Train/glioma/Tr-gl_0467.jpg",0,glioma,0,glioma,0.9786127806,0.0052308654,0.0079414826,0.0082148351,0.09341305,0.90658695,0.00007072,0.00000441,65
1981,"/kaggle/input/datasets/arafatrahmann/my-data221/Epic and CSCR hospital Dataset/Train/glioma/Tr-gl_0482.jpg",0,glioma,0,glioma,0.9789758921,0.0055826129,0.0072651105,0.0081764665,0.08854831,0.91145169,0.00011645,0.00000442,519
1982,"/kaggle/input/datasets/arafatrahmann/my-data221/Epic and CSCR hospital Dataset/Train/glioma/Tr-gl_0483.jpg",0,glioma,0,glioma,0.9784830809,0.0050752931,0.0084008481,0.0080406619,0.10127066,0.89872934,0.00008395,0.00000536,65
1983,"/kaggle/input/datasets/arafatrahmann/my-data221/Epic and CSCR hospital Dataset/Train/glioma/Tr-gl_0484.jpg",0,glioma,0,glioma,0.9782210588,0.0049446546,0.0087767988,0.0080574816,0.09705717,0.90294284,0.00008513,0.00000532,65
1984,"/kaggle/input/datasets/arafatrahmann/my-data221/Epic and CSCR hospital Dataset/Train/glioma/Tr-gl_0485.jpg",0,glioma,0,glioma,0.9781489372,0.0048502069,0.0085044038,0.0084964847,0.09164127,0.90835874,0.00008690,0.00000466,65
1985,"/kaggle/input/datasets/arafatrahmann/my-data221/Epic and CSCR hospital Dataset/Train/glioma/Tr-gl_0486.jpg",0,glioma,0,glioma,0.9746847153,0.0041671717,0.0096388292,0.0115092471,0.11583471,0.88416529,0.00014967,0.00001053,65
1986,"/kaggle/input/datasets/arafatrahmann/my-data221/Epic and CSCR hospital Dataset/Train/glioma/Tr-gl_0487.jpg",0,glioma,0,glioma,0.9786580801,0.0050226361,0.0078322375,0.0084869778,0.09957537,0.90042464,0.00010497,0.00000524,65
1987,"/kaggle/input/datasets/arafatrahmann/my-data221/Epic and CSCR hospital Dataset/Train/glioma/Tr-gl_0488.jpg",0,glioma,0,glioma,0.9784713984,0.0052921204,0.0080401190,0.0081963902,0.09123606,0.90876395,0.00008740,0.00000485,520
1990,"/kaggle/input/datasets/arafatrahmann/my-data221/Epic and CSCR hospital Dataset/Train/glioma/Tr-gl_0491.jpg",0,glioma,0,glioma,0.9790866971,0.0057198494,0.0072952784,0.0078981938,0.10051335,0.89948669,0.00006312,0.00000428,523
1992,"/kaggle/input/datasets/arafatrahmann/my-data221/Epic and CSCR hospital Dataset/Train/glioma/Tr-gl_0493.jpg",0,glioma,0,glioma,0.9785639048,0.0052417121,0.0075892159,0.0086052446,0.09381344,0.90618656,0.00010041,0.00000502,74
2019,"/kaggle/input/datasets/arafatrahmann/my-data221/Epic and CSCR hospital Dataset/Train/glioma/Tr-gl_0520.jpg",0,glioma,0,glioma,0.9794157743,0.0053429683,0.0072186105,0.0080226194,0.11590721,0.88409278,0.00006803,0.00000533,535
2020,"/kaggle/input/datasets/arafatrahmann/my-data221/Epic and CSCR hospital Dataset/Train/glioma/Tr-gl_0521.jpg",0,glioma,0,glioma,0.9793134928,0.0058168001,0.0068036728,0.0080660265,0.09471089,0.90528910,0.00007493,0.00000448,535
2021,"/kaggle/input/datasets/arafatrahmann/my-data221/Epic and CSCR hospital Dataset/Train/glioma/Tr-gl_0522.jpg",0,glioma,0,glioma,0.9793552160,0.0053049163,0.0072551197,0.0080846651,0.10533117,0.89466884,0.00008307,0.00000555,133
2025,"/kaggle/input/datasets/arafatrahmann/my-data221/Epic and CSCR hospital Dataset/Train/glioma/Tr-gl_0526.jpg",0,glioma,0,glioma,0.9789954424,0.0053875730,0.0077499622,0.0078670485,0.10195424,0.89804577,0.00005898,0.00000512,538
2026,"/kaggle/input/datasets/arafatrahmann/my-data221/Epic and CSCR hospital Dataset/Train/glioma/Tr-gl_0527.jpg",0,glioma,0,glioma,0.9789403677,0.0050082440,0.0072862483,0.0087650958,0.10517801,0.89482201,0.00011584,0.00000522,539
2033,"/kaggle/input/datasets/arafatrahmann/my-data221/Epic and CSCR hospital Dataset/Train/glioma/Tr-gl_0534.jpg",0,glioma,0,glioma,0.9793599844,0.0056103058,0.0068531977,0.0081764720,0.10728430,0.89271572,0.00006677,0.00000496,546
2040,"/kaggle/input/datasets/arafatrahmann/my-data221/Epic and CSCR hospital Dataset/Train/glioma/Tr-gl_0541.jpg",0,glioma,0,glioma,0.9793078303,0.0053966511,0.0070056147,0.0082899043,0.09367983,0.90632018,0.00010571,0.00000420,553
2045,"/kaggle/input/datasets/arafatrahmann/my-data221/Epic and CSCR hospital Dataset/Train/glioma/Tr-gl_0546.jpg",0,glioma,0,glioma,0.9791697264,0.0053743394,0.0071497774,0.0083060740,0.11114539,0.88885460,0.00006470,0.00000694,556
2052,"/kaggle/input/datasets/arafatrahmann/my-data221/Epic and CSCR hospital Dataset/Train/glioma/Tr-gl_0553.jpg",0,glioma,0,glioma,0.9791556597,0.0054434948,0.0074001150,0.0080008134,0.10778445,0.89221556,0.00007281,0.00000565,562
2067,"/kaggle/input/datasets/arafatrahmann/my-data221/Epic and CSCR hospital Dataset/Train/glioma/Tr-gl_0568.jpg",0,glioma,0,glioma,0.9789261818,0.0055031246,0.0076006339,0.0079700351,0.11683194,0.88316806,0.00005482,0.00000485,571
2074,"/kaggle/input/datasets/arafatrahmann/my-data221/Epic and CSCR hospital Dataset/Train/glioma/Tr-gl_0575.jpg",0,glioma,0,glioma,0.9789221883,0.0053642998,0.0074112415,0.0083023086,0.11088479,0.88911521,0.00006953,0.00000591,578
2080,"/kaggle/input/datasets/arafatrahmann/my-data221/Epic and CSCR hospital Dataset/Train/glioma/Tr-gl_0581.jpg",0,glioma,0,glioma,0.9793608785,0.0062332815,0.0065683052,0.0078374911,0.11730252,0.88269747,0.00007861,0.00000429,583
2081,"/kaggle/input/datasets/arafatrahmann/my-data221/Epic and CSCR hospital Dataset/Train/glioma/Tr-gl_0582.jpg",0,glioma,0,glioma,0.9793069959,0.0061468203,0.0066458322,0.0079004560,0.11191417,0.88808582,0.00006184,0.00000564,584
2085,"/kaggle/input/datasets/arafatrahmann/my-data221/Epic and CSCR hospital Dataset/Train/glioma/Tr-gl_0586.jpg",0,glioma,0,glioma,0.9790030718,0.0059658471,0.0069912085,0.0080399569,0.10765226,0.89234777,0.00007032,0.00000640,588
2086,"/kaggle/input/datasets/arafatrahmann/my-data221/Epic and CSCR hospital Dataset/Train/glioma/Tr-gl_0587.jpg",0,glioma,0,glioma,0.9789525867,0.0054124324,0.0075638839,0.0080710975,0.10154028,0.89845972,0.00006652,0.00000437,588
2094,"/kaggle/input/datasets/arafatrahmann/my-data221/Epic and CSCR hospital Dataset/Train/glioma/Tr-gl_0595.jpg",0,glioma,0,glioma,0.9788014293,0.0059622163,0.0067316331,0.0085046934,0.12210292,0.87789707,0.00006200,0.00000485,595
2098,"/kaggle/input/datasets/arafatrahmann/my-data221/Epic and CSCR hospital Dataset/Train/glioma/Tr-gl_0599.jpg",0,glioma,0,glioma,0.9786790013,0.0060335496,0.0070021646,0.0082852943,0.10202113,0.89797885,0.00006086,0.00000479,599
2103,"/kaggle/input/datasets/arafatrahmann/my-data221/Epic and CSCR hospital Dataset/Train/glioma/Tr-gl_0604.jpg",0,glioma,0,glioma,0.9788085818,0.0060109235,0.0068933046,0.0082871746,0.10068199,0.89931800,0.00006715,0.00000489,604
2106,"/kaggle/input/datasets/arafatrahmann/my-data221/Epic and CSCR hospital Dataset/Train/glioma/Tr-gl_0607.jpg",0,glioma,0,glioma,0.9788667560,0.0063347453,0.0065778950,0.0082206680,0.09634776,0.90365224,0.00007481,0.00000493,607
2108,"/kaggle/input/datasets/arafatrahmann/my-data221/Epic and CSCR hospital Dataset/Train/glioma/Tr-gl_0609.jpg",0,glioma,0,glioma,0.9784881473,0.0061111683,0.0066633360,0.0087373592,0.09676428,0.90323572,0.00011509,0.00000504,171
2109,"/kaggle/input/datasets/arafatrahmann/my-data221/Epic and CSCR hospital Dataset/Train/glioma/Tr-gl_0610.jpg",0,glioma,0,glioma,0.9787867665,0.0062450236,0.0064565381,0.0085117416,0.09583496,0.90416502,0.00009117,0.00000471,171
2112,"/kaggle/input/datasets/arafatrahmann/my-data221/Epic and CSCR hospital Dataset/Train/glioma/Tr-gl_0613.jpg",0,glioma,0,glioma,0.9785726666,0.0060174642,0.0067008352,0.0087090498,0.09493090,0.90506909,0.00010037,0.00000453,611
2125,"/kaggle/input/datasets/arafatrahmann/my-data221/Epic and CSCR hospital Dataset/Train/glioma/Tr-gl_0626.jpg",0,glioma,0,glioma,0.9782086611,0.0061825877,0.0075542466,0.0080544949,0.09245969,0.90754032,0.00008608,0.00000423,624
2128,"/kaggle/input/datasets/arafatrahmann/my-data221/Epic and CSCR hospital Dataset/Train/glioma/Tr-gl_0629.jpg",0,glioma,0,glioma,0.9787232280,0.0060343090,0.0074085044,0.0078339772,0.09232241,0.90767760,0.00008579,0.00000515,627
2130,"/kaggle/input/datasets/arafatrahmann/my-data221/Epic and CSCR hospital Dataset/Train/glioma/Tr-gl_0631.jpg",0,glioma,0,glioma,0.9783480763,0.0061695306,0.0070556938,0.0084267063,0.10441824,0.89558179,0.00007079,0.00000527,629
2133,"/kaggle/input/datasets/arafatrahmann/my-data221/Epic and CSCR hospital Dataset/Train/glioma/Tr-gl_0634.jpg",0,glioma,0,glioma,0.9789174199,0.0063917069,0.0067408932,0.0079500284,0.09269652,0.90730348,0.00009511,0.00000482,632
2137,"/kaggle/input/datasets/arafatrahmann/my-data221/Epic and CSCR hospital Dataset/Train/glioma/Tr-gl_0638.jpg",0,glioma,0,glioma,0.9794314504,0.0056042071,0.0068057850,0.0081585171,0.12639181,0.87360819,0.00006950,0.00000705,635
2140,"/kaggle/input/datasets/arafatrahmann/my-data221/Epic and CSCR hospital Dataset/Train/glioma/Tr-gl_0682.jpg",0,glioma,0,glioma,0.9789028168,0.0060318597,0.0066564828,0.0084089143,0.10662479,0.89337523,0.00008652,0.00000569,638
2142,"/kaggle/input/datasets/arafatrahmann/my-data221/Epic and CSCR hospital Dataset/Train/glioma/Tr-gl_0684.jpg",0,glioma,0,glioma,0.9791629910,0.0057285302,0.0070942552,0.0080142748,0.11561771,0.88438229,0.00006396,0.00000528,110
2146,"/kaggle/input/datasets/arafatrahmann/my-data221/Epic and CSCR hospital Dataset/Train/glioma/Tr-gl_0688.jpg",0,glioma,0,glioma,0.9785607457,0.0060714264,0.0074773217,0.0078905504,0.10185195,0.89814805,0.00007777,0.00000456,643
2147,"/kaggle/input/datasets/arafatrahmann/my-data221/Epic and CSCR hospital Dataset/Train/glioma/Tr-gl_0689.jpg",0,glioma,0,glioma,0.9787281156,0.0064467802,0.0070391432,0.0077859671,0.10796634,0.89203366,0.00007279,0.00000559,643
2149,"/kaggle/input/datasets/arafatrahmann/my-data221/Epic and CSCR hospital Dataset/Train/glioma/Tr-gl_0792.jpg",0,glioma,0,glioma,0.9792121053,0.0058712014,0.0068107760,0.0081059467,0.10627903,0.89372097,0.00007506,0.00000448,645
2153,"/kaggle/input/datasets/arafatrahmann/my-data221/Epic and CSCR hospital Dataset/Train/glioma/Tr-gl_0796.jpg",0,glioma,0,glioma,0.9790312052,0.0056634443,0.0072114244,0.0080939401,0.10408788,0.89591213,0.00009086,0.00000552,647
2157,"/kaggle/input/datasets/arafatrahmann/my-data221/Epic and CSCR hospital Dataset/Train/glioma/Tr-gl_0800.jpg",0,glioma,0,glioma,0.9793835878,0.0054842741,0.0072944909,0.0078377109,0.12239386,0.87760615,0.00006891,0.00000498,651
2174,"/kaggle/input/datasets/arafatrahmann/my-data221/Epic and CSCR hospital Dataset/Train/glioma/Tr-gl_0817.jpg",0,glioma,0,glioma,0.9787467718,0.0050420077,0.0079122065,0.0082990229,0.09735845,0.90264155,0.00008305,0.00000554,667
2175,"/kaggle/input/datasets/arafatrahmann/my-data221/Epic and CSCR hospital Dataset/Train/glioma/Tr-gl_0818.jpg",0,glioma,0,glioma,0.9788662791,0.0050544431,0.0080115180,0.0080676777,0.11450775,0.88549225,0.00005755,0.00000476,668
2184,"/kaggle/input/datasets/arafatrahmann/my-data221/Epic and CSCR hospital Dataset/Train/glioma/Tr-gl_0827.jpg",0,glioma,0,glioma,0.9787784815,0.0049524913,0.0078060525,0.0084629282,0.10008008,0.89991994,0.00009002,0.00000469,675
2193,"/kaggle/input/datasets/arafatrahmann/my-data221/Epic and CSCR hospital Dataset/Train/glioma/Tr-gl_0848.jpg",0,glioma,0,glioma,0.9779409170,0.0056840931,0.0080727730,0.0083022239,0.10374294,0.89625707,0.00008136,0.00000500,683
2194,"/kaggle/input/datasets/arafatrahmann/my-data221/Epic and CSCR hospital Dataset/Train/glioma/Tr-gl_0849.jpg",0,glioma,0,glioma,0.9783416986,0.0048951944,0.0086285407,0.0081345756,0.08907417,0.91092582,0.00009704,0.00000446,684
2198,"/kaggle/input/datasets/arafatrahmann/my-data221/Epic and CSCR hospital Dataset/Train/glioma/Tr-gl_0853.jpg",0,glioma,0,glioma,0.9788862467,0.0055676964,0.0074550249,0.0080910502,0.12926136,0.87073863,0.00005227,0.00000546,688
2199,"/kaggle/input/datasets/arafatrahmann/my-data221/Epic and CSCR hospital Dataset/Train/glioma/Tr-gl_0854.jpg",0,glioma,0,glioma,0.9786737561,0.0062938272,0.0070059947,0.0080264015,0.09693837,0.90306163,0.00007968,0.00000470,689
2214,"/kaggle/input/datasets/arafatrahmann/my-data221/Epic and CSCR hospital Dataset/Train/glioma/Tr-gl_0869.jpg",0,glioma,0,glioma,0.9786432385,0.0052919644,0.0080753053,0.0079894606,0.12300224,0.87699775,0.00006344,0.00000600,702
2219,"/kaggle/input/datasets/arafatrahmann/my-data221/Epic and CSCR hospital Dataset/Train/glioma/Tr-gl_0874.jpg",0,glioma,0,glioma,0.9779950380,0.0064183674,0.0069902996,0.0085962387,0.09767721,0.90232279,0.00007311,0.00000464,706
2220,"/kaggle/input/datasets/arafatrahmann/my-data221/Epic and CSCR hospital Dataset/Train/glioma/Tr-gl_0875.jpg",0,glioma,0,glioma,0.9782198071,0.0067203813,0.0067306487,0.0083291857,0.09743960,0.90256042,0.00006636,0.00000447,707
2226,"/kaggle/input/datasets/arafatrahmann/my-data221/Epic and CSCR hospital Dataset/Train/glioma/Tr-gl_0881.jpg",0,glioma,0,glioma,0.9786874056,0.0063435920,0.0068221027,0.0081469985,0.09821115,0.90178886,0.00007999,0.00000546,38
2227,"/kaggle/input/datasets/arafatrahmann/my-data221/Epic and CSCR hospital Dataset/Train/glioma/Tr-gl_0882.jpg",0,glioma,0,glioma,0.9786842465,0.0057586599,0.0073229419,0.0082342606,0.11552566,0.88447434,0.00008666,0.00000492,38
2230,"/kaggle/input/datasets/arafatrahmann/my-data221/Epic and CSCR hospital Dataset/Train/glioma/Tr-gl_0885.jpg",0,glioma,0,glioma,0.9779666662,0.0058322647,0.0077449335,0.0084560392,0.09881343,0.90118657,0.00007854,0.00000519,714
2240,"/kaggle/input/datasets/arafatrahmann/my-data221/Epic and CSCR hospital Dataset/Train/glioma/Tr-gl_0895.jpg",0,glioma,0,glioma,0.9784258008,0.0063648620,0.0071383701,0.0080709960,0.09960421,0.90039577,0.00006036,0.00000401,722
2243,"/kaggle/input/datasets/arafatrahmann/my-data221/Epic and CSCR hospital Dataset/Train/glioma/Tr-gl_0898.jpg",0,glioma,0,glioma,0.9785853624,0.0059517799,0.0077013224,0.0077615222,0.08984796,0.91015204,0.00012765,0.00000415,725
2249,"/kaggle/input/datasets/arafatrahmann/my-data221/Epic and CSCR hospital Dataset/Train/glioma/Tr-gl_0904.jpg",0,glioma,0,glioma,0.9768303037,0.0069837077,0.0067602866,0.0094256792,0.08911546,0.91088455,0.00010919,0.00000453,3
2251,"/kaggle/input/datasets/arafatrahmann/my-data221/Epic and CSCR hospital Dataset/Train/glioma/Tr-gl_0906.jpg",0,glioma,0,glioma,0.9785811305,0.0059569762,0.0071988394,0.0082629761,0.09865666,0.90134335,0.00007880,0.00000537,731
2252,"/kaggle/input/datasets/arafatrahmann/my-data221/Epic and CSCR hospital Dataset/Train/glioma/Tr-gl_0907.jpg",0,glioma,0,glioma,0.9782946706,0.0060997223,0.0072273957,0.0083782822,0.10897420,0.89102579,0.00005669,0.00000450,731
2253,"/kaggle/input/datasets/arafatrahmann/my-data221/Epic and CSCR hospital Dataset/Train/glioma/Tr-gl_0908.jpg",0,glioma,0,glioma,0.9782718420,0.0065051066,0.0066214069,0.0086016599,0.10186807,0.89813195,0.00009418,0.00000541,33
2254,"/kaggle/input/datasets/arafatrahmann/my-data221/Epic and CSCR hospital Dataset/Train/glioma/Tr-gl_0909.jpg",0,glioma,0,glioma,0.9781175852,0.0056074685,0.0080574388,0.0082175285,0.11166813,0.88833187,0.00007807,0.00000578,41
2260,"/kaggle/input/datasets/arafatrahmann/my-data221/Epic and CSCR hospital Dataset/Train/glioma/Tr-gl_0915.jpg",0,glioma,0,glioma,0.9783708453,0.0066940067,0.0066711539,0.0082639940,0.10293261,0.89706737,0.00007929,0.00000520,86
2267,"/kaggle/input/datasets/arafatrahmann/my-data221/Epic and CSCR hospital Dataset/Train/glioma/Tr-gl_0922.jpg",0,glioma,0,glioma,0.9779659510,0.0060845502,0.0071088956,0.0088406084,0.09171730,0.90828269,0.00009133,0.00000510,109
2268,"/kaggle/input/datasets/arafatrahmann/my-data221/Epic and CSCR hospital Dataset/Train/glioma/Tr-gl_0923.jpg",0,glioma,0,glioma,0.9785761833,0.0060534156,0.0069836052,0.0083868029,0.11444705,0.88555295,0.00005358,0.00000518,109
2269,"/kaggle/input/datasets/arafatrahmann/my-data221/Epic and CSCR hospital Dataset/Train/glioma/Tr-gl_0924.jpg",0,glioma,0,glioma,0.9777715802,0.0055158241,0.0082444111,0.0084681744,0.10246204,0.89753797,0.00008175,0.00000493,733
2277,"/kaggle/input/datasets/arafatrahmann/my-data221/Epic and CSCR hospital Dataset/Train/glioma/Tr-gl_0932.jpg",0,glioma,0,glioma,0.9788487554,0.0060767620,0.0068817986,0.0081926482,0.09142233,0.90857768,0.00009101,0.00000509,115
2278,"/kaggle/input/datasets/arafatrahmann/my-data221/Epic and CSCR hospital Dataset/Train/glioma/Tr-gl_0933.jpg",0,glioma,0,glioma,0.9791249037,0.0059201615,0.0071822321,0.0077726394,0.12109611,0.87890390,0.00009065,0.00000587,116
2286,"/kaggle/input/datasets/arafatrahmann/my-data221/Epic and CSCR hospital Dataset/Train/glioma/Tr-gl_0941.jpg",0,glioma,0,glioma,0.9781845808,0.0061473567,0.0075900233,0.0080780946,0.10037939,0.89962062,0.00008541,0.00000505,737
2291,"/kaggle/input/datasets/arafatrahmann/my-data221/Epic and CSCR hospital Dataset/Train/glioma/Tr-gl_0946.jpg",0,glioma,0,glioma,0.9782692790,0.0060245139,0.0075675123,0.0081386613,0.10372819,0.89627182,0.00007778,0.00000484,742
2297,"/kaggle/input/datasets/arafatrahmann/my-data221/Epic and CSCR hospital Dataset/Train/glioma/Tr-gl_0952.jpg",0,glioma,0,glioma,0.9786001444,0.0059509939,0.0078218030,0.0076270094,0.10140520,0.89859480,0.00007683,0.00000466,747
2300,"/kaggle/input/datasets/arafatrahmann/my-data221/Epic and CSCR hospital Dataset/Train/glioma/Tr-gl_0955.jpg",0,glioma,0,glioma,0.9782966375,0.0052671349,0.0079862624,0.0084499381,0.09962635,0.90037364,0.00007292,0.00000480,706
2306,"/kaggle/input/datasets/arafatrahmann/my-data221/Epic and CSCR hospital Dataset/Train/glioma/Tr-gl_0961.jpg",0,glioma,0,glioma,0.9784970284,0.0070877583,0.0067851124,0.0076300809,0.10641132,0.89358869,0.00007673,0.00000514,754
2307,"/kaggle/input/datasets/arafatrahmann/my-data221/Epic and CSCR hospital Dataset/Train/glioma/Tr-gl_0962.jpg",0,glioma,0,glioma,0.9784587622,0.0054744659,0.0080287736,0.0080380039,0.12044713,0.87955289,0.00006040,0.00000463,198
2308,"/kaggle/input/datasets/arafatrahmann/my-data221/Epic and CSCR hospital Dataset/Train/glioma/Tr-gl_0963.jpg",0,glioma,0,glioma,0.9787923694,0.0064786701,0.0067580016,0.0079709459,0.10198339,0.89801661,0.00008735,0.00000529,755
2311,"/kaggle/input/datasets/arafatrahmann/my-data221/Epic and CSCR hospital Dataset/Train/glioma/Tr-gl_0966.jpg",0,glioma,0,glioma,0.9783251882,0.0063826465,0.0072835595,0.0080086486,0.10240302,0.89759698,0.00009607,0.00000429,200
2312,"/kaggle/input/datasets/arafatrahmann/my-data221/Epic and CSCR hospital Dataset/Train/glioma/Tr-gl_0967.jpg",0,glioma,0,glioma,0.9778379202,0.0064505981,0.0075784894,0.0081329122,0.09433151,0.90566848,0.00010659,0.00000420,200
2313,"/kaggle/input/datasets/arafatrahmann/my-data221/Epic and CSCR hospital Dataset/Train/glioma/Tr-gl_0968.jpg",0,glioma,0,glioma,0.9775426984,0.0070394068,0.0069425022,0.0084754620,0.10268681,0.89731318,0.00009532,0.00000474,200
2318,"/kaggle/input/datasets/arafatrahmann/my-data221/Epic and CSCR hospital Dataset/Train/glioma/Tr-gl_0973.jpg",0,glioma,0,glioma,0.9783943892,0.0058850008,0.0069293170,0.0087912139,0.09684522,0.90315475,0.00006190,0.00000419,762
2326,"/kaggle/input/datasets/arafatrahmann/my-data221/Epic and CSCR hospital Dataset/Train/glioma/Tr-gl_0981.jpg",0,glioma,0,glioma,0.9784036875,0.0054003112,0.0080846157,0.0081113782,0.10374852,0.89625149,0.00008229,0.00000452,769
2330,"/kaggle/input/datasets/arafatrahmann/my-data221/Epic and CSCR hospital Dataset/Train/glioma/Tr-gl_0985.jpg",0,glioma,0,glioma,0.9788563848,0.0058756662,0.0065518273,0.0087160850,0.12853808,0.87146193,0.00004983,0.00000548,773
2341,"/kaggle/input/datasets/arafatrahmann/my-data221/Epic and CSCR hospital Dataset/Train/glioma/Tr-gl_0996.jpg",0,glioma,0,glioma,0.9787141681,0.0063820272,0.0070990720,0.0078047798,0.10457667,0.89542332,0.00005722,0.00000456,783
2345,"/kaggle/input/datasets/arafatrahmann/my-data221/Epic and CSCR hospital Dataset/Train/glioma/Tr-gl_1000.jpg",0,glioma,0,glioma,0.9788573384,0.0057793786,0.0072055459,0.0081577571,0.11139224,0.88860778,0.00006101,0.00000462,38
2349,"/kaggle/input/datasets/arafatrahmann/my-data221/Epic and CSCR hospital Dataset/Train/glioma/Tr-gl_1004.jpg",0,glioma,0,glioma,0.9778097272,0.0065781041,0.0065796995,0.0090324599,0.10493261,0.89506740,0.00007725,0.00000516,790
2354,"/kaggle/input/datasets/arafatrahmann/my-data221/Epic and CSCR hospital Dataset/Train/glioma/Tr-gl_1009.jpg",0,glioma,0,glioma,0.9789662361,0.0061807707,0.0074415142,0.0074115298,0.11213951,0.88786048,0.00006591,0.00000553,794
2355,"/kaggle/input/datasets/arafatrahmann/my-data221/Epic and CSCR hospital Dataset/Train/glioma/Tr-gl_1010.jpg",0,glioma,0,glioma,0.9786089063,0.0058360109,0.0079323668,0.0076227798,0.10739621,0.89260380,0.00007479,0.00000537,795
2358,"/kaggle/input/datasets/arafatrahmann/my-data221/Epic and CSCR hospital Dataset/Train/glioma/Tr-gl_1013.jpg",0,glioma,0,glioma,0.9784585238,0.0053269817,0.0078870114,0.0083275074,0.10209591,0.89790407,0.00007367,0.00000500,798
2376,"/kaggle/input/datasets/arafatrahmann/my-data221/Epic and CSCR hospital Dataset/Train/glioma/Tr-gl_1031.jpg",0,glioma,0,glioma,0.9784857631,0.0059866337,0.0066433786,0.0088842725,0.09745997,0.90254004,0.00009052,0.00000471,811
2378,"/kaggle/input/datasets/arafatrahmann/my-data221/Epic and CSCR hospital Dataset/Train/glioma/Tr-gl_1033.jpg",0,glioma,0,glioma,0.9783452153,0.0063836873,0.0070193605,0.0082518039,0.11598511,0.88401488,0.00006435,0.00000457,221
2379,"/kaggle/input/datasets/arafatrahmann/my-data221/Epic and CSCR hospital Dataset/Train/glioma/Tr-gl_1034.jpg",0,glioma,0,glioma,0.9785836935,0.0071768733,0.0066762650,0.0075631752,0.11851442,0.88148556,0.00006895,0.00000600,813
2380,"/kaggle/input/datasets/arafatrahmann/my-data221/Epic and CSCR hospital Dataset/Train/glioma/Tr-gl_1035.jpg",0,glioma,0,glioma,0.9781385660,0.0065991594,0.0069444189,0.0083178747,0.09782469,0.90217533,0.00007921,0.00000563,222
2383,"/kaggle/input/datasets/arafatrahmann/my-data221/Epic and CSCR hospital Dataset/Train/glioma/Tr-gl_1038.jpg",0,glioma,0,glioma,0.9786561131,0.0060989344,0.0076262644,0.0076186238,0.10540654,0.89459346,0.00009731,0.00000530,816
2390,"/kaggle/input/datasets/arafatrahmann/my-data221/Epic and CSCR hospital Dataset/Train/glioma/Tr-gl_1045.jpg",0,glioma,0,glioma,0.9773540497,0.0070726499,0.0067663477,0.0088069709,0.09918402,0.90081597,0.00009517,0.00000541,823
2391,"/kaggle/input/datasets/arafatrahmann/my-data221/Epic and CSCR hospital Dataset/Train/glioma/Tr-gl_1046.jpg",0,glioma,0,glioma,0.9769344330,0.0078040063,0.0065438016,0.0087177819,0.09527807,0.90472192,0.00007483,0.00000475,823
2394,"/kaggle/input/datasets/arafatrahmann/my-data221/Epic and CSCR hospital Dataset/Train/glioma/Tr-gl_1049.jpg",0,glioma,0,glioma,0.9785731435,0.0057344171,0.0065331711,0.0091593508,0.09775263,0.90224736,0.00008324,0.00000523,825
2404,"/kaggle/input/datasets/arafatrahmann/my-data221/Epic and CSCR hospital Dataset/Train/glioma/Tr-gl_1059.jpg",0,glioma,0,glioma,0.9772135019,0.0054699909,0.0073506488,0.0099659069,0.11534148,0.88465851,0.00007568,0.00000591,833
2405,"/kaggle/input/datasets/arafatrahmann/my-data221/Epic and CSCR hospital Dataset/Train/glioma/Tr-gl_1060.jpg",0,glioma,0,glioma,0.9790083766,0.0065495200,0.0070256568,0.0074164392,0.11193733,0.88806267,0.00005184,0.00000496,22
2406,"/kaggle/input/datasets/arafatrahmann/my-data221/Epic and CSCR hospital Dataset/Train/glioma/Tr-gl_1061.jpg",0,glioma,0,glioma,0.9790443182,0.0063092248,0.0070908098,0.0075556561,0.13445938,0.86554062,0.00006189,0.00000555,22
2407,"/kaggle/input/datasets/arafatrahmann/my-data221/Epic and CSCR hospital Dataset/Train/glioma/Tr-gl_1062.jpg",0,glioma,0,glioma,0.9785960317,0.0057557453,0.0076653073,0.0079830308,0.11241859,0.88758142,0.00004133,0.00000427,22
2408,"/kaggle/input/datasets/arafatrahmann/my-data221/Epic and CSCR hospital Dataset/Train/glioma/Tr-gl_1063.jpg",0,glioma,0,glioma,0.9789632559,0.0058621489,0.0073945546,0.0077800178,0.12310674,0.87689326,0.00005742,0.00000494,22
2409,"/kaggle/input/datasets/arafatrahmann/my-data221/Epic and CSCR hospital Dataset/Train/glioma/Tr-gl_1064.jpg",0,glioma,0,glioma,0.9788535833,0.0065249256,0.0069401590,0.0076813707,0.09843639,0.90156361,0.00007645,0.00000436,59
2410,"/kaggle/input/datasets/arafatrahmann/my-data221/Epic and CSCR hospital Dataset/Train/glioma/Tr-gl_1065.jpg",0,glioma,0,glioma,0.9790107012,0.0060580825,0.0070612780,0.0078699086,0.11072209,0.88927791,0.00008101,0.00000474,69
2420,"/kaggle/input/datasets/arafatrahmann/my-data221/Epic and CSCR hospital Dataset/Train/glioma/Tr-gl_1075.jpg",0,glioma,0,glioma,0.9785103798,0.0060495520,0.0074682189,0.0079719517,0.10815091,0.89184908,0.00007150,0.00000493,94
2424,"/kaggle/input/datasets/arafatrahmann/my-data221/Epic and CSCR hospital Dataset/Train/glioma/Tr-gl_1079.jpg",0,glioma,0,glioma,0.9785081148,0.0058574965,0.0080070067,0.0076274602,0.09959223,0.90040777,0.00008327,0.00000618,836
2431,"/kaggle/input/datasets/arafatrahmann/my-data221/Epic and CSCR hospital Dataset/Train/glioma/Tr-gl_1086.jpg",0,glioma,0,glioma,0.9750339389,0.0045352532,0.0107904123,0.0096403547,0.10339834,0.89660166,0.00007191,0.00000547,841
2432,"/kaggle/input/datasets/arafatrahmann/my-data221/Epic and CSCR hospital Dataset/Train/glioma/Tr-gl_1087.jpg",0,glioma,0,glioma,0.9757264256,0.0075360425,0.0081314165,0.0086061414,0.09078308,0.90921690,0.00010019,0.00000496,105
2438,"/kaggle/input/datasets/arafatrahmann/my-data221/Epic and CSCR hospital Dataset/Train/glioma/Tr-gl_1093.jpg",0,glioma,0,glioma,0.9751566052,0.0101821991,0.0061043319,0.0085569043,0.09416642,0.90583358,0.00008895,0.00000518,846
2445,"/kaggle/input/datasets/arafatrahmann/my-data221/Epic and CSCR hospital Dataset/Train/glioma/Tr-gl_1100.jpg",0,glioma,0,glioma,0.9782565832,0.0053455862,0.0067769536,0.0096208937,0.10161717,0.89838282,0.00006350,0.00000465,850
2452,"/kaggle/input/datasets/arafatrahmann/my-data221/Epic and CSCR hospital Dataset/Train/glioma/Tr-gl_1107.jpg",0,glioma,0,glioma,0.9776786566,0.0051215291,0.0067830263,0.0104167843,0.10143214,0.89856787,0.00012302,0.00000532,857
2453,"/kaggle/input/datasets/arafatrahmann/my-data221/Epic and CSCR hospital Dataset/Train/glioma/Tr-gl_1108.jpg",0,glioma,0,glioma,0.9782581329,0.0055231713,0.0082018562,0.0080168815,0.09877702,0.90122298,0.00006645,0.00000492,38
2459,"/kaggle/input/datasets/arafatrahmann/my-data221/Epic and CSCR hospital Dataset/Train/glioma/Tr-gl_1114.jpg",0,glioma,0,glioma,0.9704948664,0.0046144915,0.0183836538,0.0065070479,0.08560012,0.91439987,0.00022893,0.00000783,862
2472,"/kaggle/input/datasets/arafatrahmann/my-data221/Epic and CSCR hospital Dataset/Train/glioma/Tr-gl_1127.jpg",0,glioma,0,glioma,0.9788180590,0.0053037470,0.0072895838,0.0085886149,0.10167079,0.89832922,0.00007390,0.00000500,872
2478,"/kaggle/input/datasets/arafatrahmann/my-data221/Epic and CSCR hospital Dataset/Train/glioma/Tr-gl_1133.jpg",0,glioma,0,glioma,0.9781032801,0.0051601646,0.0075684441,0.0091681927,0.09420994,0.90579007,0.00007486,0.00000474,878
2484,"/kaggle/input/datasets/arafatrahmann/my-data221/Epic and CSCR hospital Dataset/Train/glioma/Tr-gl_1139.jpg",0,glioma,0,glioma,0.9769524336,0.0048841932,0.0072012665,0.0109620960,0.10532079,0.89467921,0.00010209,0.00000619,881
2501,"/kaggle/input/datasets/arafatrahmann/my-data221/Epic and CSCR hospital Dataset/Train/glioma/Tr-gl_1156.jpg",0,glioma,0,glioma,0.9786051512,0.0052216002,0.0074761859,0.0086970869,0.08965743,0.91034256,0.00009712,0.00000457,891
2506,"/kaggle/input/datasets/arafatrahmann/my-data221/Epic and CSCR hospital Dataset/Train/glioma/Tr-gl_1161.jpg",0,glioma,0,glioma,0.9787416458,0.0063597709,0.0065354360,0.0083631696,0.11861539,0.88138459,0.00007172,0.00000523,896
2514,"/kaggle/input/datasets/arafatrahmann/my-data221/Epic and CSCR hospital Dataset/Train/glioma/Tr-gl_1169.jpg",0,glioma,0,glioma,0.9776425362,0.0059950454,0.0068106391,0.0095518380,0.11345403,0.88654597,0.00005402,0.00000548,22
2517,"/kaggle/input/datasets/arafatrahmann/my-data221/Epic and CSCR hospital Dataset/Train/glioma/Tr-gl_1172.jpg",0,glioma,0,glioma,0.9045948982,0.0825426728,0.0052037942,0.0076588034,0.09593031,0.90406970,0.00197937,0.00017931,327
2518,"/kaggle/input/datasets/arafatrahmann/my-data221/Epic and CSCR hospital Dataset/Train/glioma/Tr-gl_1173.jpg",0,glioma,0,glioma,0.6724129915,0.3147764504,0.0056299614,0.0071806223,0.12148320,0.87851678,0.00227047,0.00036924,327
2528,"/kaggle/input/datasets/arafatrahmann/my-data221/Epic and CSCR hospital Dataset/Train/glioma/Tr-gl_1183.jpg",0,glioma,0,glioma,0.9788814783,0.0058871126,0.0070356792,0.0081958249,0.10984547,0.89015452,0.00008832,0.00000543,904
2529,"/kaggle/input/datasets/arafatrahmann/my-data221/Epic and CSCR hospital Dataset/Train/glioma/Tr-gl_1184.jpg",0,glioma,0,glioma,0.9787234068,0.0058077537,0.0072366348,0.0082321465,0.10802295,0.89197704,0.00005735,0.00000553,904
2532,"/kaggle/input/datasets/arafatrahmann/my-data221/Epic and CSCR hospital Dataset/Train/glioma/Tr-gl_1187.jpg",0,glioma,0,glioma,0.9783779383,0.0058844425,0.0072372206,0.0085004270,0.10859184,0.89140816,0.00010100,0.00000578,8
2536,"/kaggle/input/datasets/arafatrahmann/my-data221/Epic and CSCR hospital Dataset/Train/glioma/Tr-gl_1191.jpg",0,glioma,0,glioma,0.9787069559,0.0058283480,0.0068237623,0.0086409301,0.11569763,0.88430237,0.00006028,0.00000546,908
2537,"/kaggle/input/datasets/arafatrahmann/my-data221/Epic and CSCR hospital Dataset/Train/glioma/Tr-gl_1192.jpg",0,glioma,0,glioma,0.9790416956,0.0057955934,0.0067120912,0.0084506329,0.12736596,0.87263404,0.00005699,0.00000615,909
2540,"/kaggle/input/datasets/arafatrahmann/my-data221/Epic and CSCR hospital Dataset/Train/glioma/Tr-gl_1205.jpg",0,glioma,0,glioma,0.9786454439,0.0067058415,0.0066801654,0.0079685962,0.11676767,0.88323232,0.00007227,0.00000465,911
2542,"/kaggle/input/datasets/arafatrahmann/my-data221/Epic and CSCR hospital Dataset/Train/glioma/Tr-gl_1207.jpg",0,glioma,0,glioma,0.9775034189,0.0066240742,0.0070669414,0.0088055339,0.11842615,0.88157385,0.00006842,0.00000549,912
2549,"/kaggle/input/datasets/arafatrahmann/my-data221/Epic and CSCR hospital Dataset/Train/glioma/Tr-gl_1214.jpg",0,glioma,0,glioma,0.9782560468,0.0068442575,0.0070006987,0.0078989286,0.11203059,0.88796942,0.00006651,0.00000606,918
2560,"/kaggle/input/datasets/arafatrahmann/my-data221/Epic and CSCR hospital Dataset/Train/glioma/Tr-gl_1225.jpg",0,glioma,0,glioma,0.9779713750,0.0061871358,0.0078296410,0.0080118431,0.10630279,0.89369721,0.00006944,0.00000478,927
2562,"/kaggle/input/datasets/arafatrahmann/my-data221/Epic and CSCR hospital Dataset/Train/glioma/Tr-gl_1227.jpg",0,glioma,0,glioma,0.9778397679,0.0072519653,0.0068147108,0.0080935359,0.10046452,0.89953548,0.00006925,0.00000485,929
2570,"/kaggle/input/datasets/arafatrahmann/my-data221/Epic and CSCR hospital Dataset/Train/glioma/Tr-gl_1235.jpg",0,glioma,0,glioma,0.9765235782,0.0082909996,0.0065010106,0.0086844480,0.10832799,0.89167202,0.00007616,0.00000480,935
2571,"/kaggle/input/datasets/arafatrahmann/my-data221/Epic and CSCR hospital Dataset/Train/glioma/Tr-gl_1236.jpg",0,glioma,0,glioma,0.9298634529,0.0552515686,0.0064261369,0.0084588798,0.13370239,0.86629763,0.00034987,0.00021194,935
2574,"/kaggle/input/datasets/arafatrahmann/my-data221/Epic and CSCR hospital Dataset/Train/glioma/Tr-gl_1239.jpg",0,glioma,0,glioma,0.9780031443,0.0053867041,0.0081081875,0.0085019674,0.09856728,0.90143273,0.00008369,0.00000489,937
2583,"/kaggle/input/datasets/arafatrahmann/my-data221/Epic and CSCR hospital Dataset/Train/glioma/Tr-gl_1264.jpg",0,glioma,0,glioma,0.9782722592,0.0057616727,0.0068752440,0.0090908902,0.10483040,0.89516959,0.00007043,0.00000545,945
2592,"/kaggle/input/datasets/arafatrahmann/my-data221/Epic and CSCR hospital Dataset/Train/glioma/gg (328).jpg",0,glioma,0,glioma,0.9784091711,0.0054305037,0.0071535595,0.0090067619,0.09507567,0.90492434,0.00007013,0.00000410,953
2595,"/kaggle/input/datasets/arafatrahmann/my-data221/Epic and CSCR hospital Dataset/Train/glioma/gg (330).jpg",0,glioma,0,glioma,0.9676191211,0.0038993831,0.0214566998,0.0070247324,0.11636124,0.88363876,0.00017871,0.00001198,956
2596,"/kaggle/input/datasets/arafatrahmann/my-data221/Epic and CSCR hospital Dataset/Train/glioma/gg (331).jpg",0,glioma,0,glioma,0.9787300229,0.0049907253,0.0082581136,0.0080211144,0.11389977,0.88610024,0.00004558,0.00000492,957
2607,"/kaggle/input/datasets/arafatrahmann/my-data221/Epic and CSCR hospital Dataset/Train/glioma/gg (341).jpg",0,glioma,0,glioma,0.9777916074,0.0052896836,0.0084594525,0.0084592672,0.10436019,0.89563982,0.00006472,0.00000445,966
2609,"/kaggle/input/datasets/arafatrahmann/my-data221/Epic and CSCR hospital Dataset/Train/glioma/gg (343).jpg",0,glioma,0,glioma,0.9789481163,0.0055553531,0.0073521384,0.0081444578,0.10626175,0.89373825,0.00006711,0.00000389,968
2622,"/kaggle/input/datasets/arafatrahmann/my-data221/Epic and CSCR hospital Dataset/Train/glioma/gg (368).jpg",0,glioma,0,glioma,0.9780470133,0.0066443370,0.0072152792,0.0080933422,0.10142186,0.89857816,0.00009877,0.00000475,978
2628,"/kaggle/input/datasets/arafatrahmann/my-data221/Epic and CSCR hospital Dataset/Train/glioma/gg (373).jpg",0,glioma,0,glioma,0.9788656235,0.0060197725,0.0068110912,0.0083035324,0.10588097,0.89411902,0.00008351,0.00000464,984
2632,"/kaggle/input/datasets/arafatrahmann/my-data221/Epic and CSCR hospital Dataset/Train/glioma/gg (377).jpg",0,glioma,0,glioma,0.9791127443,0.0063438648,0.0067366809,0.0078067519,0.13541742,0.86458257,0.00006123,0.00000596,988
2634,"/kaggle/input/datasets/arafatrahmann/my-data221/Epic and CSCR hospital Dataset/Train/glioma/gg (379).jpg",0,glioma,0,glioma,0.9784053564,0.0052796383,0.0076413876,0.0086735208,0.09235624,0.90764376,0.00008463,0.00000499,990
2637,"/kaggle/input/datasets/arafatrahmann/my-data221/Epic and CSCR hospital Dataset/Train/glioma/gg (381).jpg",0,glioma,0,glioma,0.9787285924,0.0062132762,0.0064776121,0.0085805189,0.11587465,0.88412533,0.00006149,0.00000507,993
2638,"/kaggle/input/datasets/arafatrahmann/my-data221/Epic and CSCR hospital Dataset/Train/glioma/gg (382).jpg",0,glioma,0,glioma,0.9785354733,0.0058964388,0.0067923241,0.0087757669,0.10592653,0.89407347,0.00008562,0.00000577,993
2639,"/kaggle/input/datasets/arafatrahmann/my-data221/Epic and CSCR hospital Dataset/Train/glioma/gg (383).jpg",0,glioma,0,glioma,0.9787853360,0.0061647869,0.0064713084,0.0085785938,0.10575579,0.89424423,0.00007076,0.00000466,993
2650,"/kaggle/input/datasets/arafatrahmann/my-data221/Epic and CSCR hospital Dataset/Train/glioma/gg (393).jpg",0,glioma,0,glioma,0.9787912369,0.0061340719,0.0069521694,0.0081225242,0.11374262,0.88625737,0.00006275,0.00000554,1001
2656,"/kaggle/input/datasets/arafatrahmann/my-data221/Epic and CSCR hospital Dataset/Train/glioma/gg (399).jpg",0,glioma,0,glioma,0.9783430099,0.0056021684,0.0066989213,0.0093559604,0.10009053,0.89990947,0.00007074,0.00000481,1006
2667,"/kaggle/input/datasets/arafatrahmann/my-data221/Epic and CSCR hospital Dataset/Train/glioma/gg (408).jpg",0,glioma,0,glioma,0.9791064262,0.0057977387,0.0068792799,0.0082165543,0.10244507,0.89755492,0.00007912,0.00000528,288
2675,"/kaggle/input/datasets/arafatrahmann/my-data221/Epic and CSCR hospital Dataset/Train/glioma/gg (415).jpg",0,glioma,0,glioma,0.9786615372,0.0056526205,0.0073659471,0.0083199162,0.10118457,0.89881543,0.00008473,0.00000483,1021
2676,"/kaggle/input/datasets/arafatrahmann/my-data221/Epic and CSCR hospital Dataset/Train/glioma/gg (416).jpg",0,glioma,0,glioma,0.9784421921,0.0054130186,0.0080201253,0.0081246635,0.09539742,0.90460259,0.00009474,0.00000501,290
2677,"/kaggle/input/datasets/arafatrahmann/my-data221/Epic and CSCR hospital Dataset/Train/glioma/gg (417).jpg",0,glioma,0,glioma,0.9783797264,0.0052002044,0.0077953702,0.0086247344,0.10284578,0.89715422,0.00008229,0.00000466,1022
2678,"/kaggle/input/datasets/arafatrahmann/my-data221/Epic and CSCR hospital Dataset/Train/glioma/gg (418).jpg",0,glioma,0,glioma,0.9786604643,0.0053884583,0.0073797004,0.0085713416,0.10304253,0.89695747,0.00006447,0.00000513,1022
2680,"/kaggle/input/datasets/arafatrahmann/my-data221/Epic and CSCR hospital Dataset/Train/glioma/gg (42).jpg",0,glioma,0,glioma,0.9782201648,0.0061610867,0.0064674779,0.0091511635,0.09036505,0.90963497,0.00008527,0.00000483,1024
2686,"/kaggle/input/datasets/arafatrahmann/my-data221/Epic and CSCR hospital Dataset/Train/glioma/gg (425).jpg",0,glioma,0,glioma,0.9782742262,0.0057335100,0.0072331205,0.0087590571,0.10062300,0.89937701,0.00007348,0.00000456,1028
2703,"/kaggle/input/datasets/arafatrahmann/my-data221/Epic and CSCR hospital Dataset/Train/glioma/gg (440).jpg",0,glioma,0,glioma,0.9782101512,0.0046961703,0.0095754843,0.0075182198,0.11038229,0.88961772,0.00006943,0.00000481,1041
2707,"/kaggle/input/datasets/arafatrahmann/my-data221/Epic and CSCR hospital Dataset/Train/glioma/gg (444).jpg",0,glioma,0,glioma,0.9780985713,0.0068428428,0.0065976428,0.0084610051,0.10474764,0.89525237,0.00008415,0.00000492,1045
2709,"/kaggle/input/datasets/arafatrahmann/my-data221/Epic and CSCR hospital Dataset/Train/glioma/gg (446).jpg",0,glioma,0,glioma,0.9778450727,0.0068962025,0.0067145005,0.0085440855,0.09891364,0.90108635,0.00005738,0.00000433,1047
2711,"/kaggle/input/datasets/arafatrahmann/my-data221/Epic and CSCR hospital Dataset/Train/glioma/gg (448).jpg",0,glioma,0,glioma,0.9785295725,0.0066493205,0.0065161013,0.0083049331,0.08653675,0.91346323,0.00012181,0.00000409,1049
2712,"/kaggle/input/datasets/arafatrahmann/my-data221/Epic and CSCR hospital Dataset/Train/glioma/gg (449).jpg",0,glioma,0,glioma,0.9785242081,0.0065324381,0.0069289245,0.0080144117,0.10054598,0.89945401,0.00010871,0.00000516,1049
2714,"/kaggle/input/datasets/arafatrahmann/my-data221/Epic and CSCR hospital Dataset/Train/glioma/gg (450).jpg",0,glioma,0,glioma,0.9780346155,0.0061262008,0.0073941625,0.0084450999,0.08358399,0.91641598,0.00013882,0.00000394,1051
2719,"/kaggle/input/datasets/arafatrahmann/my-data221/Epic and CSCR hospital Dataset/Train/glioma/gg (455).jpg",0,glioma,0,glioma,0.9763923883,0.0058195195,0.0069602216,0.0108279297,0.10351357,0.89648644,0.00008568,0.00000564,1056
2728,"/kaggle/input/datasets/arafatrahmann/my-data221/Epic and CSCR hospital Dataset/Train/glioma/gg (463).jpg",0,glioma,0,glioma,0.9783174396,0.0055150785,0.0078236600,0.0083438177,0.10284052,0.89715946,0.00008712,0.00000571,1064
2740,"/kaggle/input/datasets/arafatrahmann/my-data221/Epic and CSCR hospital Dataset/Train/glioma/gg (474).jpg",0,glioma,0,glioma,0.9787200093,0.0047052479,0.0080977771,0.0084770229,0.10705849,0.89294153,0.00007110,0.00000520,1075
2741,"/kaggle/input/datasets/arafatrahmann/my-data221/Epic and CSCR hospital Dataset/Train/glioma/gg (475).jpg",0,glioma,0,glioma,0.9789195061,0.0049264976,0.0078529958,0.0083010271,0.11193283,0.88806718,0.00007351,0.00000454,1075
2742,"/kaggle/input/datasets/arafatrahmann/my-data221/Epic and CSCR hospital Dataset/Train/glioma/gg (476).jpg",0,glioma,0,glioma,0.9791620970,0.0052623190,0.0072081648,0.0083673839,0.10095945,0.89904054,0.00007046,0.00000444,1075
2745,"/kaggle/input/datasets/arafatrahmann/my-data221/Epic and CSCR hospital Dataset/Train/glioma/gg (479).jpg",0,glioma,0,glioma,0.9773647189,0.0078992909,0.0070756390,0.0076602525,0.10721204,0.89278795,0.00008185,0.00000662,1078
2747,"/kaggle/input/datasets/arafatrahmann/my-data221/Epic and CSCR hospital Dataset/Train/glioma/gg (480).jpg",0,glioma,0,glioma,0.9791126251,0.0057356106,0.0072188401,0.0079328660,0.11904374,0.88095626,0.00008268,0.00000467,1080
2761,"/kaggle/input/datasets/arafatrahmann/my-data221/Epic and CSCR hospital Dataset/Train/glioma/gg (493).jpg",0,glioma,0,glioma,0.9790029526,0.0058040004,0.0064427541,0.0087503912,0.10729758,0.89270242,0.00007500,0.00000534,1092
2762,"/kaggle/input/datasets/arafatrahmann/my-data221/Epic and CSCR hospital Dataset/Train/glioma/gg (494).jpg",0,glioma,0,glioma,0.9791373014,0.0056916345,0.0066453083,0.0085258065,0.11180215,0.88819786,0.00006020,0.00000564,1093
2763,"/kaggle/input/datasets/arafatrahmann/my-data221/Epic and CSCR hospital Dataset/Train/glioma/gg (495).jpg",0,glioma,0,glioma,0.9787937999,0.0054255323,0.0073294998,0.0084511228,0.11168430,0.88831571,0.00009781,0.00000625,1093
2767,"/kaggle/input/datasets/arafatrahmann/my-data221/Epic and CSCR hospital Dataset/Train/glioma/gg (499).jpg",0,glioma,0,glioma,0.9790307879,0.0051632961,0.0067222873,0.0090835541,0.09523883,0.90476117,0.00008114,0.00000548,1097
2771,"/kaggle/input/datasets/arafatrahmann/my-data221/Epic and CSCR hospital Dataset/Train/glioma/gg (501).jpg",0,glioma,0,glioma,0.9762231708,0.0082502300,0.0084163900,0.0071101738,0.09303067,0.90696933,0.00012840,0.00000522,1100
2774,"/kaggle/input/datasets/arafatrahmann/my-data221/Epic and CSCR hospital Dataset/Train/glioma/gg (504).jpg",0,glioma,0,glioma,0.9793148041,0.0053760237,0.0069981338,0.0083110305,0.10650875,0.89349124,0.00006303,0.00000433,1103
2775,"/kaggle/input/datasets/arafatrahmann/my-data221/Epic and CSCR hospital Dataset/Train/glioma/gg (505).jpg",0,glioma,0,glioma,0.9792478681,0.0051214737,0.0074215927,0.0082090590,0.14315294,0.85684705,0.00005770,0.00000591,1103
2776,"/kaggle/input/datasets/arafatrahmann/my-data221/Epic and CSCR hospital Dataset/Train/glioma/gg (506).jpg",0,glioma,0,glioma,0.9795415998,0.0055858223,0.0068515702,0.0080210036,0.12549354,0.87450647,0.00006052,0.00000584,1103
2784,"/kaggle/input/datasets/arafatrahmann/my-data221/Epic and CSCR hospital Dataset/Train/glioma/gg (513).jpg",0,glioma,0,glioma,0.9789382815,0.0052110497,0.0074622743,0.0083884578,0.10023451,0.89976549,0.00010874,0.00000570,1110
2787,"/kaggle/input/datasets/arafatrahmann/my-data221/Epic and CSCR hospital Dataset/Train/glioma/gg (516).jpg",0,glioma,0,glioma,0.9792492986,0.0054585314,0.0070455908,0.0082466044,0.10423574,0.89576426,0.00006536,0.00000585,24
2791,"/kaggle/input/datasets/arafatrahmann/my-data221/Epic and CSCR hospital Dataset/Train/glioma/gg (52).jpg",0,glioma,0,glioma,0.9776270986,0.0063434280,0.0073781544,0.0086514018,0.08959271,0.91040728,0.00011768,0.00000553,1115
2793,"/kaggle/input/datasets/arafatrahmann/my-data221/Epic and CSCR hospital Dataset/Train/glioma/gg (521).jpg",0,glioma,0,glioma,0.9743453264,0.0052458942,0.0075563090,0.0128525253,0.08510209,0.91489790,0.00027008,0.00000697,1117
2795,"/kaggle/input/datasets/arafatrahmann/my-data221/Epic and CSCR hospital Dataset/Train/glioma/gg (523).jpg",0,glioma,0,glioma,0.9794752002,0.0050771134,0.0070843259,0.0083633475,0.14217162,0.85782838,0.00004501,0.00000600,1119
2805,"/kaggle/input/datasets/arafatrahmann/my-data221/Epic and CSCR hospital Dataset/Train/glioma/gg (532).jpg",0,glioma,0,glioma,0.9787406921,0.0061983145,0.0071464283,0.0079145366,0.11537697,0.88462306,0.00006854,0.00000496,295
2809,"/kaggle/input/datasets/arafatrahmann/my-data221/Epic and CSCR hospital Dataset/Train/glioma/gg (536).jpg",0,glioma,0,glioma,0.9787565470,0.0051833610,0.0082331868,0.0078269485,0.10574530,0.89425470,0.00008629,0.00000503,1128
2818,"/kaggle/input/datasets/arafatrahmann/my-data221/Epic and CSCR hospital Dataset/Train/glioma/gg (544).jpg",0,glioma,0,glioma,0.9786982536,0.0065247379,0.0067583472,0.0080186529,0.10164885,0.89835115,0.00009591,0.00000447,1133
2822,"/kaggle/input/datasets/arafatrahmann/my-data221/Epic and CSCR hospital Dataset/Train/glioma/gg (548).jpg",0,glioma,0,glioma,0.9786037207,0.0051169414,0.0082632359,0.0080159791,0.10423742,0.89576257,0.00009014,0.00000492,298
2833,"/kaggle/input/datasets/arafatrahmann/my-data221/Epic and CSCR hospital Dataset/Train/glioma/gg (558).jpg",0,glioma,0,glioma,0.9793406725,0.0055762115,0.0072453185,0.0078378301,0.12595174,0.87404826,0.00004985,0.00000572,1142
2853,"/kaggle/input/datasets/arafatrahmann/my-data221/Epic and CSCR hospital Dataset/Train/glioma/gg (576).jpg",0,glioma,0,glioma,0.9788290262,0.0051751314,0.0072514238,0.0087443627,0.11658116,0.88341884,0.00006967,0.00000539,1151
2863,"/kaggle/input/datasets/arafatrahmann/my-data221/Epic and CSCR hospital Dataset/Train/glioma/gg (585).jpg",0,glioma,0,glioma,0.9788087606,0.0049688849,0.0087704789,0.0074517592,0.11324050,0.88675950,0.00007174,0.00000520,1159
2874,"/kaggle/input/datasets/arafatrahmann/my-data221/Epic and CSCR hospital Dataset/Train/glioma/gg (595).jpg",0,glioma,0,glioma,0.9787902832,0.0047198320,0.0078847604,0.0086051403,0.12017166,0.87982836,0.00007143,0.00000691,307
2875,"/kaggle/input/datasets/arafatrahmann/my-data221/Epic and CSCR hospital Dataset/Train/glioma/gg (596).jpg",0,glioma,0,glioma,0.9791069031,0.0049871746,0.0074848146,0.0084210876,0.11540544,0.88459455,0.00007704,0.00000551,307
2876,"/kaggle/input/datasets/arafatrahmann/my-data221/Epic and CSCR hospital Dataset/Train/glioma/gg (597).jpg",0,glioma,0,glioma,0.9794049263,0.0052820733,0.0072509088,0.0080620414,0.11426430,0.88573571,0.00005667,0.00000518,1165
2877,"/kaggle/input/datasets/arafatrahmann/my-data221/Epic and CSCR hospital Dataset/Train/glioma/gg (598).jpg",0,glioma,0,glioma,0.9792423248,0.0054096039,0.0072263861,0.0081216311,0.10140526,0.89859474,0.00008493,0.00000515,1166
2878,"/kaggle/input/datasets/arafatrahmann/my-data221/Epic and CSCR hospital Dataset/Train/glioma/gg (599).jpg",0,glioma,0,glioma,0.9794446826,0.0057991119,0.0068499530,0.0079062534,0.10782305,0.89217696,0.00005792,0.00000457,1167
2887,"/kaggle/input/datasets/arafatrahmann/my-data221/Epic and CSCR hospital Dataset/Train/glioma/gg (606).jpg",0,glioma,0,glioma,0.9780109525,0.0044255843,0.0099427719,0.0076206466,0.09645223,0.90354779,0.00008226,0.00000458,309
2888,"/kaggle/input/datasets/arafatrahmann/my-data221/Epic and CSCR hospital Dataset/Train/glioma/gg (607).jpg",0,glioma,0,glioma,0.9777904749,0.0044847848,0.0101969000,0.0075278231,0.10530506,0.89469495,0.00006896,0.00000570,309
2889,"/kaggle/input/datasets/arafatrahmann/my-data221/Epic and CSCR hospital Dataset/Train/glioma/gg (608).jpg",0,glioma,0,glioma,0.9788764119,0.0056814132,0.0071753100,0.0082668569,0.12549478,0.87450520,0.00005236,0.00000578,1175
2899,"/kaggle/input/datasets/arafatrahmann/my-data221/Epic and CSCR hospital Dataset/Train/glioma/gg (617).jpg",0,glioma,0,glioma,0.9791846275,0.0050570490,0.0073875561,0.0083707571,0.10469126,0.89530872,0.00009574,0.00000504,1181
2900,"/kaggle/input/datasets/arafatrahmann/my-data221/Epic and CSCR hospital Dataset/Train/glioma/gg (618).jpg",0,glioma,0,glioma,0.9791947603,0.0057894243,0.0068918699,0.0081239371,0.12962991,0.87037010,0.00007639,0.00000585,311
2908,"/kaggle/input/datasets/arafatrahmann/my-data221/Epic and CSCR hospital Dataset/Train/glioma/gg (625).jpg",0,glioma,0,glioma,0.9790649414,0.0054945191,0.0067940354,0.0086464612,0.11148935,0.88851066,0.00007000,0.00000561,1188
2910,"/kaggle/input/datasets/arafatrahmann/my-data221/Epic and CSCR hospital Dataset/Train/glioma/gg (627).jpg",0,glioma,0,glioma,0.9786947966,0.0051560733,0.0075407908,0.0086082928,0.09445279,0.90554721,0.00010340,0.00000507,1190
2916,"/kaggle/input/datasets/arafatrahmann/my-data221/Epic and CSCR hospital Dataset/Train/glioma/gg (632).jpg",0,glioma,0,glioma,0.9791649580,0.0052520535,0.0071706674,0.0084122373,0.11254268,0.88745732,0.00006339,0.00000494,1195
2920,"/kaggle/input/datasets/arafatrahmann/my-data221/Epic and CSCR hospital Dataset/Train/glioma/gg (636).jpg",0,glioma,0,glioma,0.9792848825,0.0051462557,0.0072849342,0.0082839839,0.11165719,0.88834279,0.00007442,0.00000628,1195
2921,"/kaggle/input/datasets/arafatrahmann/my-data221/Epic and CSCR hospital Dataset/Train/glioma/gg (637).jpg",0,glioma,0,glioma,0.9793232083,0.0053026844,0.0072472380,0.0081267469,0.10438113,0.89561887,0.00007771,0.00000562,1195
2922,"/kaggle/input/datasets/arafatrahmann/my-data221/Epic and CSCR hospital Dataset/Train/glioma/gg (638).jpg",0,glioma,0,glioma,0.9792118073,0.0050893119,0.0074464278,0.0082524633,0.10885672,0.89114328,0.00011214,0.00000605,1195
2926,"/kaggle/input/datasets/arafatrahmann/my-data221/Epic and CSCR hospital Dataset/Train/glioma/gg (641).jpg",0,glioma,0,glioma,0.9792556763,0.0059801578,0.0068031005,0.0079611260,0.09848646,0.90151353,0.00006041,0.00000424,1199
2930,"/kaggle/input/datasets/arafatrahmann/my-data221/Epic and CSCR hospital Dataset/Train/glioma/gg (645).jpg",0,glioma,0,glioma,0.9785220027,0.0053466437,0.0079189502,0.0082124006,0.09770790,0.90229212,0.00007852,0.00000473,1201
2931,"/kaggle/input/datasets/arafatrahmann/my-data221/Epic and CSCR hospital Dataset/Train/glioma/gg (646).jpg",0,glioma,0,glioma,0.9787659645,0.0052094012,0.0076728268,0.0083518876,0.10493151,0.89506848,0.00007195,0.00000464,1201
2939,"/kaggle/input/datasets/arafatrahmann/my-data221/Epic and CSCR hospital Dataset/Train/glioma/gg (665).jpg",0,glioma,0,glioma,0.9790924788,0.0052188961,0.0076567503,0.0080318879,0.11091268,0.88908731,0.00005180,0.00000457,320
2940,"/kaggle/input/datasets/arafatrahmann/my-data221/Epic and CSCR hospital Dataset/Train/glioma/gg (666).jpg",0,glioma,0,glioma,0.9793923497,0.0055637299,0.0071029970,0.0079410616,0.10890401,0.89109599,0.00006178,0.00000509,320
2956,"/kaggle/input/datasets/arafatrahmann/my-data221/Epic and CSCR hospital Dataset/Train/glioma/image(13).jpg",0,glioma,0,glioma,0.6064451933,0.1416456997,0.0058317338,0.2460773885,0.34015020,0.65984978,0.00063462,0.00040386,1215
2958,"/kaggle/input/datasets/arafatrahmann/my-data221/Epic and CSCR hospital Dataset/Train/glioma/image(15).jpg",0,glioma,2,notumor,0.0053086034,0.0063727559,0.9801416397,0.0081770029,0.09769312,0.90230689,0.00006414,0.00000433,1217
2959,"/kaggle/input/datasets/arafatrahmann/my-data221/Epic and CSCR hospital Dataset/Train/glioma/image(16).jpg",0,glioma,1,meningioma,0.0091486648,0.9751352072,0.0090689845,0.0066471309,0.26491797,0.73508202,0.00004735,0.00001339,1218
2965,"/kaggle/input/datasets/arafatrahmann/my-data221/Epic and CSCR hospital Dataset/Train/glioma/image(21).jpg",0,glioma,0,glioma,0.9659138918,0.0039479239,0.0217874013,0.0083507868,0.08980942,0.91019059,0.00035833,0.00001417,50
2972,"/kaggle/input/datasets/arafatrahmann/my-data221/Epic and CSCR hospital Dataset/Train/glioma/image(28).jpg",0,glioma,0,glioma,0.9048461914,0.0808614641,0.0063039707,0.0079884175,0.10062268,0.89937733,0.00054215,0.00014606,1226
2973,"/kaggle/input/datasets/arafatrahmann/my-data221/Epic and CSCR hospital Dataset/Train/glioma/image(29).jpg",0,glioma,0,glioma,0.8997513056,0.0858213753,0.0064833937,0.0079439133,0.12573861,0.87426139,0.00031816,0.00019947,1226
2982,"/kaggle/input/datasets/arafatrahmann/my-data221/Epic and CSCR hospital Dataset/Train/glioma/image(53).jpg",0,glioma,2,notumor,0.0053099771,0.0057900576,0.9795100093,0.0093899267,0.10061806,0.89938195,0.00006108,0.00000455,1234
2983,"/kaggle/input/datasets/arafatrahmann/my-data221/Epic and CSCR hospital Dataset/Train/glioma/image(54).jpg",0,glioma,1,meningioma,0.0065320483,0.9771560431,0.0090745492,0.0072373748,0.16291907,0.83708094,0.00006435,0.00001332,1235
2988,"/kaggle/input/datasets/arafatrahmann/my-data221/Epic and CSCR hospital Dataset/Train/glioma/image(59).jpg",0,glioma,0,glioma,0.9780391455,0.0068403445,0.0066081821,0.0085122762,0.09945014,0.90054985,0.00008206,0.00000572,1045
2990,"/kaggle/input/datasets/arafatrahmann/my-data221/Epic and CSCR hospital Dataset/Train/glioma/image(61).jpg",0,glioma,0,glioma,0.9785405993,0.0060297460,0.0071744295,0.0082552116,0.09847614,0.90152386,0.00006628,0.00000435,1049
2998,"/kaggle/input/datasets/arafatrahmann/my-data221/Epic and CSCR hospital Dataset/Train/glioma/image(69).jpg",0,glioma,0,glioma,0.9787578583,0.0062624603,0.0065263184,0.0084533179,0.10545429,0.89454571,0.00008423,0.00000614,47
3001,"/kaggle/input/datasets/arafatrahmann/my-data221/Epic and CSCR hospital Dataset/Train/glioma/image(72).jpg",0,glioma,0,glioma,0.9789503813,0.0054146945,0.0077108843,0.0079240315,0.11218491,0.88781508,0.00008283,0.00000681,65
3003,"/kaggle/input/datasets/arafatrahmann/my-data221/Epic and CSCR hospital Dataset/Train/glioma/image(74).jpg",0,glioma,0,glioma,0.9784101248,0.0054625580,0.0071771555,0.0089500640,0.09386173,0.90613828,0.00009338,0.00000509,878
3007,"/kaggle/input/datasets/arafatrahmann/my-data221/Epic and CSCR hospital Dataset/Train/glioma/image(78).jpg",0,glioma,0,glioma,0.9770165682,0.0052241259,0.0082299765,0.0095292944,0.09616081,0.90383918,0.00010319,0.00000493,1243
3008,"/kaggle/input/datasets/arafatrahmann/my-data221/Epic and CSCR hospital Dataset/Train/glioma/image(79).jpg",0,glioma,0,glioma,0.9043745995,0.0813707262,0.0063119396,0.0079426859,0.10584564,0.89415434,0.00042075,0.00013048,1226
3017,"/kaggle/input/datasets/arafatrahmann/my-data221/Epic and CSCR hospital Dataset/Train/glioma/image(88).jpg",0,glioma,2,notumor,0.0051906635,0.0069240583,0.9799759984,0.0079093073,0.10192943,0.89807056,0.00008799,0.00000502,1250
3021,"/kaggle/input/datasets/arafatrahmann/my-data221/Epic and CSCR hospital Dataset/Train/meningioma/1303.jpg",1,meningioma,1,meningioma,0.0069799260,0.9773372412,0.0081723556,0.0075104712,0.18224558,0.81775444,0.00005888,0.00001191,1254
3025,"/kaggle/input/datasets/arafatrahmann/my-data221/Epic and CSCR hospital Dataset/Train/meningioma/1307.jpg",1,meningioma,1,meningioma,0.0053950259,0.9782572985,0.0078510987,0.0084965862,0.19703957,0.80296043,0.00004331,0.00001120,1258
3029,"/kaggle/input/datasets/arafatrahmann/my-data221/Epic and CSCR hospital Dataset/Train/meningioma/1311.jpg",1,meningioma,1,meningioma,0.0057596448,0.9769949913,0.0082020434,0.0090432791,0.13653618,0.86346380,0.00008219,0.00000935,1262
3030,"/kaggle/input/datasets/arafatrahmann/my-data221/Epic and CSCR hospital Dataset/Train/meningioma/1312.jpg",1,meningioma,1,meningioma,0.0067520104,0.9783436656,0.0074707656,0.0074334652,0.16869735,0.83130265,0.00004231,0.00000853,1263
3043,"/kaggle/input/datasets/arafatrahmann/my-data221/Epic and CSCR hospital Dataset/Train/meningioma/1325.jpg",1,meningioma,1,meningioma,0.0056640627,0.9787034988,0.0077955695,0.0078369165,0.17750278,0.82249721,0.00004387,0.00001021,1276
3046,"/kaggle/input/datasets/arafatrahmann/my-data221/Epic and CSCR hospital Dataset/Train/meningioma/1328.jpg",1,meningioma,1,meningioma,0.0160363019,0.5465258360,0.0286919717,0.4087459147,0.62286275,0.37713726,0.00075728,0.00111394,1279
3049,"/kaggle/input/datasets/arafatrahmann/my-data221/Epic and CSCR hospital Dataset/Train/meningioma/1331.jpg",1,meningioma,1,meningioma,0.0070059188,0.9754352570,0.0107352398,0.0068236031,0.17700989,0.82299010,0.00008992,0.00001566,1282
3057,"/kaggle/input/datasets/arafatrahmann/my-data221/Epic and CSCR hospital Dataset/Train/meningioma/1339.jpg",1,meningioma,1,meningioma,0.0060498808,0.9782060385,0.0078559155,0.0078882016,0.15385171,0.84614829,0.00005487,0.00000950,1290
3062,"/kaggle/input/datasets/arafatrahmann/my-data221/Epic and CSCR hospital Dataset/Train/meningioma/1344.jpg",1,meningioma,1,meningioma,0.0067083053,0.9769033194,0.0078432932,0.0085450914,0.14587813,0.85412186,0.00007613,0.00001110,1295
3065,"/kaggle/input/datasets/arafatrahmann/my-data221/Epic and CSCR hospital Dataset/Train/meningioma/1347.jpg",1,meningioma,1,meningioma,0.0079293903,0.9769298434,0.0077571520,0.0073835999,0.17761398,0.82238602,0.00007673,0.00001271,1298
3068,"/kaggle/input/datasets/arafatrahmann/my-data221/Epic and CSCR hospital Dataset/Train/meningioma/1350.jpg",1,meningioma,0,glioma,0.9754841924,0.0050183670,0.0068875104,0.0126098637,0.08638234,0.91361766,0.00015548,0.00000569,1301
3073,"/kaggle/input/datasets/arafatrahmann/my-data221/Epic and CSCR hospital Dataset/Train/meningioma/1355.jpg",1,meningioma,1,meningioma,0.0050292388,0.9795712233,0.0081901569,0.0072093001,0.14175649,0.85824353,0.00005389,0.00000898,1306
3086,"/kaggle/input/datasets/arafatrahmann/my-data221/Epic and CSCR hospital Dataset/Train/meningioma/1368.jpg",1,meningioma,1,meningioma,0.0073173591,0.9754894972,0.0106121916,0.0065809106,0.23993338,0.76006660,0.00007294,0.00001947,1282
3089,"/kaggle/input/datasets/arafatrahmann/my-data221/Epic and CSCR hospital Dataset/Train/meningioma/1371.jpg",1,meningioma,1,meningioma,0.0053137122,0.9780257344,0.0079056360,0.0087549025,0.20115460,0.79884539,0.00004451,0.00001109,1320
3091,"/kaggle/input/datasets/arafatrahmann/my-data221/Epic and CSCR hospital Dataset/Train/meningioma/1373.jpg",1,meningioma,2,notumor,0.1238734722,0.0037046105,0.8093852997,0.0630366281,0.20184124,0.79815875,0.00057906,0.00019764,1322
3097,"/kaggle/input/datasets/arafatrahmann/my-data221/Epic and CSCR hospital Dataset/Train/meningioma/1379.jpg",1,meningioma,1,meningioma,0.0060098367,0.9784154892,0.0081651947,0.0074095139,0.14137530,0.85862468,0.00008599,0.00001003,1328
3102,"/kaggle/input/datasets/arafatrahmann/my-data221/Epic and CSCR hospital Dataset/Train/meningioma/1384.jpg",1,meningioma,1,meningioma,0.0074164635,0.9763782620,0.0073484206,0.0088568386,0.17537306,0.82462692,0.00005496,0.00000960,1332
3103,"/kaggle/input/datasets/arafatrahmann/my-data221/Epic and CSCR hospital Dataset/Train/meningioma/1385.jpg",1,meningioma,1,meningioma,0.0089875003,0.9735744596,0.0087751653,0.0086627919,0.29552040,0.70447962,0.00004630,0.00001551,1333
3104,"/kaggle/input/datasets/arafatrahmann/my-data221/Epic and CSCR hospital Dataset/Train/meningioma/1386.jpg",1,meningioma,1,meningioma,0.0050855344,0.9782837033,0.0081426911,0.0084881047,0.13309731,0.86690269,0.00007038,0.00000951,1334
3113,"/kaggle/input/datasets/arafatrahmann/my-data221/Epic and CSCR hospital Dataset/Train/meningioma/1395.jpg",1,meningioma,1,meningioma,0.0058524534,0.9770377278,0.0081932768,0.0089165149,0.19824731,0.80175268,0.00008552,0.00001334,1343
3117,"/kaggle/input/datasets/arafatrahmann/my-data221/Epic and CSCR hospital Dataset/Train/meningioma/1399.jpg",1,meningioma,1,meningioma,0.0055211307,0.9786652327,0.0078457762,0.0079678074,0.20950503,0.79049495,0.00003904,0.00001014,1347
3123,"/kaggle/input/datasets/arafatrahmann/my-data221/Epic and CSCR hospital Dataset/Train/meningioma/1405.jpg",1,meningioma,1,meningioma,0.0062387688,0.9778143764,0.0075375168,0.0084093409,0.20507712,0.79492288,0.00003942,0.00001079,1353
3139,"/kaggle/input/datasets/arafatrahmann/my-data221/Epic and CSCR hospital Dataset/Train/meningioma/1421.jpg",1,meningioma,1,meningioma,0.0059836679,0.9779011011,0.0078328298,0.0082824202,0.18087933,0.81912066,0.00004996,0.00001167,1366
3146,"/kaggle/input/datasets/arafatrahmann/my-data221/Epic and CSCR hospital Dataset/Train/meningioma/1428.jpg",1,meningioma,1,meningioma,0.0055775745,0.9776549339,0.0074336594,0.0093337735,0.19090150,0.80909850,0.00004481,0.00000899,1372
3148,"/kaggle/input/datasets/arafatrahmann/my-data221/Epic and CSCR hospital Dataset/Train/meningioma/1430.jpg",1,meningioma,1,meningioma,0.0052965754,0.9785906672,0.0080215503,0.0080912644,0.15815186,0.84184815,0.00006723,0.00001056,1374
3155,"/kaggle/input/datasets/arafatrahmann/my-data221/Epic and CSCR hospital Dataset/Train/meningioma/1437.jpg",1,meningioma,1,meningioma,0.0052430127,0.9782861471,0.0082073407,0.0082634669,0.14083431,0.85916569,0.00006116,0.00000995,1380
3158,"/kaggle/input/datasets/arafatrahmann/my-data221/Epic and CSCR hospital Dataset/Train/meningioma/1440.jpg",1,meningioma,1,meningioma,0.0061492836,0.9769528508,0.0086036753,0.0082941409,0.25541783,0.74458216,0.00003621,0.00001252,1383
3161,"/kaggle/input/datasets/arafatrahmann/my-data221/Epic and CSCR hospital Dataset/Train/meningioma/1443.jpg",1,meningioma,1,meningioma,0.0052661402,0.9797021151,0.0081124650,0.0069193244,0.15949801,0.84050199,0.00005610,0.00001074,1306
3205,"/kaggle/input/datasets/arafatrahmann/my-data221/Epic and CSCR hospital Dataset/Train/meningioma/M_825.jpg",1,meningioma,1,meningioma,0.0060713557,0.9780700803,0.0083891731,0.0074694427,0.16770508,0.83229493,0.00005672,0.00000986,1391
3206,"/kaggle/input/datasets/arafatrahmann/my-data221/Epic and CSCR hospital Dataset/Train/meningioma/M_825_BR_.jpg",1,meningioma,1,meningioma,0.0056257900,0.9788500667,0.0078957863,0.0076283575,0.15821125,0.84178875,0.00006434,0.00000958,1391
3207,"/kaggle/input/datasets/arafatrahmann/my-data221/Epic and CSCR hospital Dataset/Train/meningioma/M_825_DA_.jpg",1,meningioma,1,meningioma,0.0052529341,0.9793052673,0.0082873572,0.0071545383,0.19016599,0.80983399,0.00005764,0.00001062,1391
3208,"/kaggle/input/datasets/arafatrahmann/my-data221/Epic and CSCR hospital Dataset/Train/meningioma/M_825_HF_.jpg",1,meningioma,1,meningioma,0.0062444913,0.9777865410,0.0085123647,0.0074565737,0.19152246,0.80847754,0.00007645,0.00001290,1391
3209,"/kaggle/input/datasets/arafatrahmann/my-data221/Epic and CSCR hospital Dataset/Train/meningioma/M_825_RO_.jpg",1,meningioma,1,meningioma,0.0068070712,0.9775587320,0.0083458349,0.0072883004,0.17748765,0.82251236,0.00004762,0.00001136,1391
3210,"/kaggle/input/datasets/arafatrahmann/my-data221/Epic and CSCR hospital Dataset/Train/meningioma/M_825_SP_.jpg",1,meningioma,1,meningioma,0.0056220568,0.9780982137,0.0083628250,0.0079169497,0.18674030,0.81325967,0.00005174,0.00001374,1391
3211,"/kaggle/input/datasets/arafatrahmann/my-data221/Epic and CSCR hospital Dataset/Train/meningioma/M_825_VF_.jpg",1,meningioma,1,meningioma,0.0052411766,0.9769350886,0.0082663428,0.0095573170,0.19530481,0.80469519,0.00005910,0.00001234,1391
3261,"/kaggle/input/datasets/arafatrahmann/my-data221/Epic and CSCR hospital Dataset/Train/meningioma/M_833.jpg",1,meningioma,1,meningioma,0.0054943482,0.9794643521,0.0081245732,0.0069168312,0.21411103,0.78588897,0.00005491,0.00001182,1306
3262,"/kaggle/input/datasets/arafatrahmann/my-data221/Epic and CSCR hospital Dataset/Train/meningioma/M_833_BR_.jpg",1,meningioma,1,meningioma,0.0053905412,0.9788896441,0.0081664193,0.0075533995,0.15485537,0.84514464,0.00006544,0.00001030,1306
3263,"/kaggle/input/datasets/arafatrahmann/my-data221/Epic and CSCR hospital Dataset/Train/meningioma/M_833_DA_.jpg",1,meningioma,1,meningioma,0.0055139279,0.9793168306,0.0076832147,0.0074861259,0.20196786,0.79803216,0.00004700,0.00000914,1306
3264,"/kaggle/input/datasets/arafatrahmann/my-data221/Epic and CSCR hospital Dataset/Train/meningioma/M_833_HF_.jpg",1,meningioma,1,meningioma,0.0052141990,0.9796406031,0.0081690960,0.0069761635,0.14482300,0.85517700,0.00006027,0.00000917,1306
3265,"/kaggle/input/datasets/arafatrahmann/my-data221/Epic and CSCR hospital Dataset/Train/meningioma/M_833_RO_.jpg",1,meningioma,1,meningioma,0.0050653508,0.9793054461,0.0082579516,0.0073712617,0.18762875,0.81237126,0.00005044,0.00001101,1306
3266,"/kaggle/input/datasets/arafatrahmann/my-data221/Epic and CSCR hospital Dataset/Train/meningioma/M_833_SP_.jpg",1,meningioma,1,meningioma,0.0053715538,0.9783096313,0.0087615177,0.0075573302,0.24135245,0.75864755,0.00004620,0.00001463,1306
3267,"/kaggle/input/datasets/arafatrahmann/my-data221/Epic and CSCR hospital Dataset/Train/meningioma/M_833_VF_.jpg",1,meningioma,1,meningioma,0.0052794814,0.9789274335,0.0080979820,0.0076951175,0.14712694,0.85287308,0.00006225,0.00000856,1306
3282,"/kaggle/input/datasets/arafatrahmann/my-data221/Epic and CSCR hospital Dataset/Train/meningioma/M_836.jpg",1,meningioma,1,meningioma,0.0060840608,0.9767270088,0.0074992022,0.0096896784,0.22988194,0.77011805,0.00004667,0.00001037,1395
3283,"/kaggle/input/datasets/arafatrahmann/my-data221/Epic and CSCR hospital Dataset/Train/meningioma/M_836_BR_.jpg",1,meningioma,1,meningioma,0.0055919765,0.9767581820,0.0082491171,0.0094006686,0.15781308,0.84218692,0.00009118,0.00001217,1395
3284,"/kaggle/input/datasets/arafatrahmann/my-data221/Epic and CSCR hospital Dataset/Train/meningioma/M_836_DA_.jpg",1,meningioma,1,meningioma,0.0051154257,0.9773790240,0.0087100314,0.0087955818,0.24014089,0.75985910,0.00004665,0.00001309,1395
3285,"/kaggle/input/datasets/arafatrahmann/my-data221/Epic and CSCR hospital Dataset/Train/meningioma/M_836_HF_.jpg",1,meningioma,1,meningioma,0.0057566734,0.9759742618,0.0076216259,0.0106473695,0.19784755,0.80215246,0.00004351,0.00001225,1395
3286,"/kaggle/input/datasets/arafatrahmann/my-data221/Epic and CSCR hospital Dataset/Train/meningioma/M_836_RO_.jpg",1,meningioma,1,meningioma,0.0060941302,0.9768574834,0.0076613249,0.0093870573,0.17928105,0.82071894,0.00004871,0.00000898,1395
3287,"/kaggle/input/datasets/arafatrahmann/my-data221/Epic and CSCR hospital Dataset/Train/meningioma/M_836_SP_.jpg",1,meningioma,1,meningioma,0.0057993121,0.9775760770,0.0078849699,0.0087396363,0.13930321,0.86069678,0.00005240,0.00000797,1395
3288,"/kaggle/input/datasets/arafatrahmann/my-data221/Epic and CSCR hospital Dataset/Train/meningioma/M_836_VF_.jpg",1,meningioma,1,meningioma,0.0053583453,0.9773893356,0.0074006030,0.0098517211,0.16514543,0.83485458,0.00005156,0.00000995,1395
3296,"/kaggle/input/datasets/arafatrahmann/my-data221/Epic and CSCR hospital Dataset/Train/meningioma/M_838.jpg",1,meningioma,1,meningioma,0.0059716306,0.9784427881,0.0073267249,0.0082589518,0.14418072,0.85581927,0.00007308,0.00000931,1397
3297,"/kaggle/input/datasets/arafatrahmann/my-data221/Epic and CSCR hospital Dataset/Train/meningioma/M_838_BR_.jpg",1,meningioma,1,meningioma,0.0055576977,0.9789894819,0.0080300365,0.0074227611,0.12586385,0.87413616,0.00007576,0.00000890,1397
3298,"/kaggle/input/datasets/arafatrahmann/my-data221/Epic and CSCR hospital Dataset/Train/meningioma/M_838_DA_.jpg",1,meningioma,1,meningioma,0.0056930538,0.9791981578,0.0086670751,0.0064417347,0.24724067,0.75275933,0.00005041,0.00001385,1397
3299,"/kaggle/input/datasets/arafatrahmann/my-data221/Epic and CSCR hospital Dataset/Train/meningioma/M_838_HF_.jpg",1,meningioma,1,meningioma,0.0060373736,0.9784385562,0.0072720475,0.0082520954,0.20611023,0.79388978,0.00004575,0.00000999,1397
3300,"/kaggle/input/datasets/arafatrahmann/my-data221/Epic and CSCR hospital Dataset/Train/meningioma/M_838_RO_.jpg",1,meningioma,1,meningioma,0.0061964951,0.9782733917,0.0071878843,0.0083422372,0.25896718,0.74103281,0.00003621,0.00001176,1397
3301,"/kaggle/input/datasets/arafatrahmann/my-data221/Epic and CSCR hospital Dataset/Train/meningioma/M_838_SP_.jpg",1,meningioma,1,meningioma,0.0060861623,0.9788880348,0.0074478984,0.0075778859,0.14224989,0.85775011,0.00006125,0.00000991,1397
3302,"/kaggle/input/datasets/arafatrahmann/my-data221/Epic and CSCR hospital Dataset/Train/meningioma/M_838_VF_.jpg",1,meningioma,1,meningioma,0.0055671590,0.9782849550,0.0072327019,0.0089152399,0.13498889,0.86501111,0.00005253,0.00000629,1397
3352,"/kaggle/input/datasets/arafatrahmann/my-data221/Epic and CSCR hospital Dataset/Train/meningioma/M_846.jpg",1,meningioma,1,meningioma,0.0056099258,0.9790138006,0.0080553330,0.0073208944,0.16689255,0.83310744,0.00005975,0.00001309,1306
3353,"/kaggle/input/datasets/arafatrahmann/my-data221/Epic and CSCR hospital Dataset/Train/meningioma/M_846_BR_.jpg",1,meningioma,1,meningioma,0.0065736859,0.9768835306,0.0080814194,0.0084613832,0.14769336,0.85230662,0.00007852,0.00001173,1306
3354,"/kaggle/input/datasets/arafatrahmann/my-data221/Epic and CSCR hospital Dataset/Train/meningioma/M_846_DA_.jpg",1,meningioma,1,meningioma,0.0057294993,0.9787335396,0.0077753128,0.0077616572,0.10681721,0.89318278,0.00009224,0.00000701,1306
3355,"/kaggle/input/datasets/arafatrahmann/my-data221/Epic and CSCR hospital Dataset/Train/meningioma/M_846_HF_.jpg",1,meningioma,1,meningioma,0.0060366937,0.9783031344,0.0080461167,0.0076140268,0.20184301,0.79815698,0.00003934,0.00001069,1306
3356,"/kaggle/input/datasets/arafatrahmann/my-data221/Epic and CSCR hospital Dataset/Train/meningioma/M_846_RO_.jpg",1,meningioma,1,meningioma,0.0061443271,0.9748492241,0.0095926495,0.0094137611,0.23885671,0.76114327,0.00005919,0.00001709,1306
3357,"/kaggle/input/datasets/arafatrahmann/my-data221/Epic and CSCR hospital Dataset/Train/meningioma/M_846_SP_.jpg",1,meningioma,1,meningioma,0.0056431508,0.9787608981,0.0086665992,0.0069294423,0.23531874,0.76468126,0.00003539,0.00001154,1306
3358,"/kaggle/input/datasets/arafatrahmann/my-data221/Epic and CSCR hospital Dataset/Train/meningioma/M_846_VF_.jpg",1,meningioma,1,meningioma,0.0057940325,0.9787665606,0.0081044333,0.0073348815,0.17587127,0.82412875,0.00006246,0.00000977,1306
3359,"/kaggle/input/datasets/arafatrahmann/my-data221/Epic and CSCR hospital Dataset/Train/meningioma/M_847.jpg",1,meningioma,1,meningioma,0.0055525922,0.9783294797,0.0080221435,0.0080958102,0.14767011,0.85232989,0.00007902,0.00000888,1405
3360,"/kaggle/input/datasets/arafatrahmann/my-data221/Epic and CSCR hospital Dataset/Train/meningioma/M_847_BR_.jpg",1,meningioma,1,meningioma,0.0052214256,0.9791444540,0.0084742941,0.0071597002,0.12507466,0.87492533,0.00007993,0.00001015,1405
3361,"/kaggle/input/datasets/arafatrahmann/my-data221/Epic and CSCR hospital Dataset/Train/meningioma/M_847_DA_.jpg",1,meningioma,1,meningioma,0.0054566246,0.9799338579,0.0077922819,0.0068173259,0.18579227,0.81420774,0.00005544,0.00000966,1405
3362,"/kaggle/input/datasets/arafatrahmann/my-data221/Epic and CSCR hospital Dataset/Train/meningioma/M_847_HF_.jpg",1,meningioma,1,meningioma,0.0055202893,0.9783436656,0.0080305394,0.0081055025,0.15381164,0.84618837,0.00006373,0.00001014,1405
3363,"/kaggle/input/datasets/arafatrahmann/my-data221/Epic and CSCR hospital Dataset/Train/meningioma/M_847_RO_.jpg",1,meningioma,1,meningioma,0.0057152240,0.9783763885,0.0079401163,0.0079682972,0.22017109,0.77982890,0.00004674,0.00001061,1405
3364,"/kaggle/input/datasets/arafatrahmann/my-data221/Epic and CSCR hospital Dataset/Train/meningioma/M_847_SP_.jpg",1,meningioma,1,meningioma,0.0059882523,0.9787480235,0.0084312027,0.0068325289,0.20003676,0.79996325,0.00003906,0.00001090,1405
3365,"/kaggle/input/datasets/arafatrahmann/my-data221/Epic and CSCR hospital Dataset/Train/meningioma/M_847_VF_.jpg",1,meningioma,1,meningioma,0.0058436068,0.9787936211,0.0077806497,0.0075820843,0.14136047,0.85863954,0.00008772,0.00000891,1405
3366,"/kaggle/input/datasets/arafatrahmann/my-data221/Epic and CSCR hospital Dataset/Train/meningioma/M_848.jpg",1,meningioma,1,meningioma,0.0059780781,0.9782736897,0.0079678372,0.0077803633,0.20171189,0.79828812,0.00006565,0.00001402,1406
3367,"/kaggle/input/datasets/arafatrahmann/my-data221/Epic and CSCR hospital Dataset/Train/meningioma/M_848_BR_.jpg",1,meningioma,1,meningioma,0.0054271156,0.9793840647,0.0083501190,0.0068387762,0.15165269,0.84834731,0.00007197,0.00001007,1406
3368,"/kaggle/input/datasets/arafatrahmann/my-data221/Epic and CSCR hospital Dataset/Train/meningioma/M_848_DA_.jpg",1,meningioma,1,meningioma,0.0053358274,0.9799423218,0.0079199923,0.0068017915,0.13264916,0.86735085,0.00006751,0.00000884,1406
3369,"/kaggle/input/datasets/arafatrahmann/my-data221/Epic and CSCR hospital Dataset/Train/meningioma/M_848_HF_.jpg",1,meningioma,1,meningioma,0.0057826475,0.9784286618,0.0079240147,0.0078646727,0.17554896,0.82445105,0.00004675,0.00000999,1406
3370,"/kaggle/input/datasets/arafatrahmann/my-data221/Epic and CSCR hospital Dataset/Train/meningioma/M_848_RO_.jpg",1,meningioma,1,meningioma,0.0057333815,0.9785553813,0.0078834202,0.0078278640,0.16774510,0.83225491,0.00006442,0.00001098,1406
3371,"/kaggle/input/datasets/arafatrahmann/my-data221/Epic and CSCR hospital Dataset/Train/meningioma/M_848_SP_.jpg",1,meningioma,1,meningioma,0.0064756139,0.9779770970,0.0085896039,0.0069576437,0.21525862,0.78474140,0.00006561,0.00001619,1406
3372,"/kaggle/input/datasets/arafatrahmann/my-data221/Epic and CSCR hospital Dataset/Train/meningioma/M_848_VF_.jpg",1,meningioma,1,meningioma,0.0060299882,0.9790034294,0.0077095502,0.0072569810,0.19849897,0.80150101,0.00004619,0.00001069,1406
3373,"/kaggle/input/datasets/arafatrahmann/my-data221/Epic and CSCR hospital Dataset/Train/meningioma/M_849.jpg",1,meningioma,1,meningioma,0.0063895001,0.9782797098,0.0081459014,0.0071849944,0.21195374,0.78804626,0.00004927,0.00001043,1254
3374,"/kaggle/input/datasets/arafatrahmann/my-data221/Epic and CSCR hospital Dataset/Train/meningioma/M_849_BR_.jpg",1,meningioma,1,meningioma,0.0061053196,0.9792515635,0.0081209261,0.0065221637,0.21725554,0.78274447,0.00004784,0.00001196,1254
3375,"/kaggle/input/datasets/arafatrahmann/my-data221/Epic and CSCR hospital Dataset/Train/meningioma/M_849_DA_.jpg",1,meningioma,1,meningioma,0.0056524784,0.9798636436,0.0079304520,0.0065534390,0.13797821,0.86202180,0.00007532,0.00000837,1254
3376,"/kaggle/input/datasets/arafatrahmann/my-data221/Epic and CSCR hospital Dataset/Train/meningioma/M_849_HF_.jpg",1,meningioma,1,meningioma,0.0060685300,0.9783972502,0.0082216347,0.0073126266,0.16927978,0.83072022,0.00004681,0.00001008,1254
3377,"/kaggle/input/datasets/arafatrahmann/my-data221/Epic and CSCR hospital Dataset/Train/meningioma/M_849_RO_.jpg",1,meningioma,1,meningioma,0.0059180618,0.9786037207,0.0081618968,0.0073162699,0.17362602,0.82637398,0.00005672,0.00001007,1254
3378,"/kaggle/input/datasets/arafatrahmann/my-data221/Epic and CSCR hospital Dataset/Train/meningioma/M_849_SP_.jpg",1,meningioma,1,meningioma,0.0066666044,0.9780510068,0.0086716497,0.0066108108,0.25487674,0.74512328,0.00005553,0.00001305,1254
3379,"/kaggle/input/datasets/arafatrahmann/my-data221/Epic and CSCR hospital Dataset/Train/meningioma/M_849_VF_.jpg",1,meningioma,1,meningioma,0.0060529429,0.9788798094,0.0082495874,0.0068177013,0.17334741,0.82665260,0.00005938,0.00001109,1254
3380,"/kaggle/input/datasets/arafatrahmann/my-data221/Epic and CSCR hospital Dataset/Train/meningioma/M_850.jpg",1,meningioma,1,meningioma,0.0062170308,0.9784581065,0.0082777431,0.0070470520,0.22414206,0.77585795,0.00004481,0.00001290,1254
3381,"/kaggle/input/datasets/arafatrahmann/my-data221/Epic and CSCR hospital Dataset/Train/meningioma/M_850_BR_.jpg",1,meningioma,1,meningioma,0.0056531960,0.9793723822,0.0081219729,0.0068525015,0.14635988,0.85364013,0.00006150,0.00000891,1254
3382,"/kaggle/input/datasets/arafatrahmann/my-data221/Epic and CSCR hospital Dataset/Train/meningioma/M_850_DA_.jpg",1,meningioma,1,meningioma,0.0059152879,0.9796469808,0.0079068383,0.0065309294,0.20020440,0.79979558,0.00005051,0.00001022,1254
3383,"/kaggle/input/datasets/arafatrahmann/my-data221/Epic and CSCR hospital Dataset/Train/meningioma/M_850_HF_.jpg",1,meningioma,1,meningioma,0.0061630858,0.9783972502,0.0083713615,0.0070682825,0.21697222,0.78302777,0.00005240,0.00001374,1254
3384,"/kaggle/input/datasets/arafatrahmann/my-data221/Epic and CSCR hospital Dataset/Train/meningioma/M_850_RO_.jpg",1,meningioma,1,meningioma,0.0058485991,0.9785839915,0.0083034737,0.0072639436,0.16494321,0.83505679,0.00005332,0.00000948,1254
3385,"/kaggle/input/datasets/arafatrahmann/my-data221/Epic and CSCR hospital Dataset/Train/meningioma/M_850_SP_.jpg",1,meningioma,1,meningioma,0.0059849522,0.9786552191,0.0087971389,0.0065627173,0.17807724,0.82192277,0.00006205,0.00001147,1254
3386,"/kaggle/input/datasets/arafatrahmann/my-data221/Epic and CSCR hospital Dataset/Train/meningioma/M_850_VF_.jpg",1,meningioma,1,meningioma,0.0060298024,0.9787767529,0.0083181355,0.0068753385,0.16474501,0.83525499,0.00005603,0.00001216,1254
3387,"/kaggle/input/datasets/arafatrahmann/my-data221/Epic and CSCR hospital Dataset/Train/meningioma/M_851.jpg",1,meningioma,1,meningioma,0.0077855871,0.9764129519,0.0080452794,0.0077562025,0.13962039,0.86037962,0.00007935,0.00001093,1254
3388,"/kaggle/input/datasets/arafatrahmann/my-data221/Epic and CSCR hospital Dataset/Train/meningioma/M_851_BR_.jpg",1,meningioma,1,meningioma,0.0143761542,0.9712889791,0.0075211478,0.0068137860,0.16183344,0.83816654,0.00012395,0.00002036,1254
3389,"/kaggle/input/datasets/arafatrahmann/my-data221/Epic and CSCR hospital Dataset/Train/meningioma/M_851_DA_.jpg",1,meningioma,1,meningioma,0.0070568854,0.9783446193,0.0078898361,0.0067085540,0.15577539,0.84422463,0.00006001,0.00001120,1254
3390,"/kaggle/input/datasets/arafatrahmann/my-data221/Epic and CSCR hospital Dataset/Train/meningioma/M_851_HF_.jpg",1,meningioma,1,meningioma,0.0070270598,0.9774319530,0.0080952309,0.0074457834,0.16255688,0.83744313,0.00007112,0.00001163,1254
3391,"/kaggle/input/datasets/arafatrahmann/my-data221/Epic and CSCR hospital Dataset/Train/meningioma/M_851_RO_.jpg",1,meningioma,1,meningioma,0.0064859921,0.9771130681,0.0084123593,0.0079884799,0.15035628,0.84964373,0.00006827,0.00001084,1254
3392,"/kaggle/input/datasets/arafatrahmann/my-data221/Epic and CSCR hospital Dataset/Train/meningioma/M_851_SP_.jpg",1,meningioma,1,meningioma,0.0070725055,0.9775822759,0.0086801033,0.0066651739,0.24472371,0.75527626,0.00005615,0.00001331,1254
3393,"/kaggle/input/datasets/arafatrahmann/my-data221/Epic and CSCR hospital Dataset/Train/meningioma/M_851_VF_.jpg",1,meningioma,1,meningioma,0.0058893678,0.9787462354,0.0082254019,0.0071390755,0.18621581,0.81378419,0.00004763,0.00000997,1254
3422,"/kaggle/input/datasets/arafatrahmann/my-data221/Epic and CSCR hospital Dataset/Train/meningioma/M_856.jpg",1,meningioma,1,meningioma,0.0082313996,0.9742747545,0.0101151867,0.0073787766,0.17654344,0.82345655,0.00008771,0.00001749,1409
3423,"/kaggle/input/datasets/arafatrahmann/my-data221/Epic and CSCR hospital Dataset/Train/meningioma/M_856_BR_.jpg",1,meningioma,1,meningioma,0.0135345068,0.9704505801,0.0088135730,0.0072012953,0.20090947,0.79909053,0.00009314,0.00001920,1409
3424,"/kaggle/input/datasets/arafatrahmann/my-data221/Epic and CSCR hospital Dataset/Train/meningioma/M_856_DA_.jpg",1,meningioma,1,meningioma,0.0062811971,0.9749963880,0.0114690308,0.0072534373,0.31439185,0.68560815,0.00005511,0.00002502,1409
3425,"/kaggle/input/datasets/arafatrahmann/my-data221/Epic and CSCR hospital Dataset/Train/meningioma/M_856_HF_.jpg",1,meningioma,1,meningioma,0.0084024649,0.9733455777,0.0104622636,0.0077897273,0.22936611,0.77063391,0.00009965,0.00002388,1409
3426,"/kaggle/input/datasets/arafatrahmann/my-data221/Epic and CSCR hospital Dataset/Train/meningioma/M_856_RO_.jpg",1,meningioma,1,meningioma,0.0260099769,0.9529916048,0.0161483921,0.0048500844,0.31135598,0.68864401,0.00032194,0.00035277,1409
3427,"/kaggle/input/datasets/arafatrahmann/my-data221/Epic and CSCR hospital Dataset/Train/meningioma/M_856_SP_.jpg",1,meningioma,1,meningioma,0.0079329582,0.9728351831,0.0102772852,0.0089545967,0.21648906,0.78351092,0.00007610,0.00002457,1409
3428,"/kaggle/input/datasets/arafatrahmann/my-data221/Epic and CSCR hospital Dataset/Train/meningioma/M_856_VF_.jpg",1,meningioma,1,meningioma,0.0078063658,0.9730226398,0.0099852905,0.0091857286,0.19495639,0.80504361,0.00007376,0.00002024,1409
3436,"/kaggle/input/datasets/arafatrahmann/my-data221/Epic and CSCR hospital Dataset/Train/meningioma/M_858.jpg",1,meningioma,1,meningioma,0.0062239887,0.9773071408,0.0080222012,0.0084467148,0.18931266,0.81068735,0.00004813,0.00001006,1411
3437,"/kaggle/input/datasets/arafatrahmann/my-data221/Epic and CSCR hospital Dataset/Train/meningioma/M_858_BR_.jpg",1,meningioma,1,meningioma,0.0635089055,0.9228326082,0.0080860127,0.0055724960,0.13804780,0.86195219,0.00058695,0.00012817,1411
3438,"/kaggle/input/datasets/arafatrahmann/my-data221/Epic and CSCR hospital Dataset/Train/meningioma/M_858_DA_.jpg",1,meningioma,1,meningioma,0.0080275889,0.9770161510,0.0081325257,0.0068236301,0.14326383,0.85673620,0.00008800,0.00001150,1411
3439,"/kaggle/input/datasets/arafatrahmann/my-data221/Epic and CSCR hospital Dataset/Train/meningioma/M_858_HF_.jpg",1,meningioma,1,meningioma,0.0093017565,0.9748805165,0.0080672298,0.0077504180,0.24502035,0.75497966,0.00005742,0.00001624,1411
3440,"/kaggle/input/datasets/arafatrahmann/my-data221/Epic and CSCR hospital Dataset/Train/meningioma/M_858_RO_.jpg",1,meningioma,1,meningioma,0.0070807189,0.9769198298,0.0087096440,0.0072898315,0.23710543,0.76289456,0.00005651,0.00001471,1411
3441,"/kaggle/input/datasets/arafatrahmann/my-data221/Epic and CSCR hospital Dataset/Train/meningioma/M_858_SP_.jpg",1,meningioma,1,meningioma,0.1097378284,0.8715766072,0.0136464061,0.0050392402,0.12962459,0.87037542,0.00024825,0.00002971,1411
3442,"/kaggle/input/datasets/arafatrahmann/my-data221/Epic and CSCR hospital Dataset/Train/meningioma/M_858_VF_.jpg",1,meningioma,1,meningioma,0.0066441284,0.9767910838,0.0089669842,0.0075977007,0.26109710,0.73890291,0.00003021,0.00001346,1411
3443,"/kaggle/input/datasets/arafatrahmann/my-data221/Epic and CSCR hospital Dataset/Train/meningioma/M_859.jpg",1,meningioma,1,meningioma,0.0066761584,0.9783188105,0.0074920305,0.0075130975,0.13504097,0.86495901,0.00006083,0.00000753,1263
3444,"/kaggle/input/datasets/arafatrahmann/my-data221/Epic and CSCR hospital Dataset/Train/meningioma/M_859_BR_.jpg",1,meningioma,1,meningioma,0.0100143561,0.9761229753,0.0078954976,0.0059672748,0.12820805,0.87179195,0.00009495,0.00001152,1263
3445,"/kaggle/input/datasets/arafatrahmann/my-data221/Epic and CSCR hospital Dataset/Train/meningioma/M_859_DA_.jpg",1,meningioma,1,meningioma,0.0079775788,0.9782174230,0.0074833902,0.0063215652,0.15727164,0.84272835,0.00007178,0.00000998,1263
3446,"/kaggle/input/datasets/arafatrahmann/my-data221/Epic and CSCR hospital Dataset/Train/meningioma/M_859_HF_.jpg",1,meningioma,1,meningioma,0.0085886065,0.9770196676,0.0073399441,0.0070517855,0.18220149,0.81779851,0.00003844,0.00000761,1263
3447,"/kaggle/input/datasets/arafatrahmann/my-data221/Epic and CSCR hospital Dataset/Train/meningioma/M_859_RO_.jpg",1,meningioma,1,meningioma,0.0085773431,0.9769889712,0.0073040882,0.0071295640,0.14033323,0.85966676,0.00005969,0.00000776,1263
3448,"/kaggle/input/datasets/arafatrahmann/my-data221/Epic and CSCR hospital Dataset/Train/meningioma/M_859_SP_.jpg",1,meningioma,1,meningioma,0.0070402706,0.9778626561,0.0087365275,0.0063605709,0.15632684,0.84367315,0.00006602,0.00001086,1263
3449,"/kaggle/input/datasets/arafatrahmann/my-data221/Epic and CSCR hospital Dataset/Train/meningioma/M_859_VF_.jpg",1,meningioma,1,meningioma,0.0074158781,0.9775570035,0.0075424970,0.0074846195,0.15648242,0.84351758,0.00004746,0.00000902,1263
3527,"/kaggle/input/datasets/arafatrahmann/my-data221/Epic and CSCR hospital Dataset/Train/meningioma/M_871.jpg",1,meningioma,1,meningioma,0.0083661880,0.9765231013,0.0073552290,0.0077554500,0.16283294,0.83716705,0.00006419,0.00000944,1263
3528,"/kaggle/input/datasets/arafatrahmann/my-data221/Epic and CSCR hospital Dataset/Train/meningioma/M_871_BR_.jpg",1,meningioma,1,meningioma,0.1174506992,0.8698765039,0.0070138886,0.0056589209,0.13108638,0.86891361,0.00027322,0.00003095,1263
3529,"/kaggle/input/datasets/arafatrahmann/my-data221/Epic and CSCR hospital Dataset/Train/meningioma/M_871_DA_.jpg",1,meningioma,1,meningioma,0.1726177037,0.8154749870,0.0061986623,0.0057086530,0.09161243,0.90838757,0.00158937,0.00014149,1263
3530,"/kaggle/input/datasets/arafatrahmann/my-data221/Epic and CSCR hospital Dataset/Train/meningioma/M_871_HF_.jpg",1,meningioma,1,meningioma,0.0105363308,0.9749056697,0.0072045326,0.0073533989,0.16465247,0.83534752,0.00005912,0.00001135,1263
3531,"/kaggle/input/datasets/arafatrahmann/my-data221/Epic and CSCR hospital Dataset/Train/meningioma/M_871_RO_.jpg",1,meningioma,1,meningioma,0.0127305556,0.9731029272,0.0071175462,0.0070490427,0.20596835,0.79403166,0.00005216,0.00001216,1263
3532,"/kaggle/input/datasets/arafatrahmann/my-data221/Epic and CSCR hospital Dataset/Train/meningioma/M_871_SP_.jpg",1,meningioma,1,meningioma,0.0068678097,0.9780777097,0.0087043028,0.0063501582,0.19519137,0.80480860,0.00004973,0.00001172,1263
3533,"/kaggle/input/datasets/arafatrahmann/my-data221/Epic and CSCR hospital Dataset/Train/meningioma/M_871_VF_.jpg",1,meningioma,1,meningioma,0.0467811786,0.9400326014,0.0065298602,0.0066563762,0.13063315,0.86936685,0.00066227,0.00008386,1263
3597,"/kaggle/input/datasets/arafatrahmann/my-data221/Epic and CSCR hospital Dataset/Train/meningioma/M_881.jpg",1,meningioma,1,meningioma,0.0050768186,0.9788160324,0.0080437986,0.0080633434,0.16502371,0.83497630,0.00004212,0.00000854,1421
3598,"/kaggle/input/datasets/arafatrahmann/my-data221/Epic and CSCR hospital Dataset/Train/meningioma/M_881_BR_.jpg",1,meningioma,1,meningioma,0.0053991238,0.9791702032,0.0082730753,0.0071575781,0.19274805,0.80725195,0.00005325,0.00001178,1421
3599,"/kaggle/input/datasets/arafatrahmann/my-data221/Epic and CSCR hospital Dataset/Train/meningioma/M_881_DA_.jpg",1,meningioma,1,meningioma,0.0049711405,0.9799895287,0.0082471874,0.0067921453,0.14303392,0.85696609,0.00006553,0.00000991,1421
3600,"/kaggle/input/datasets/arafatrahmann/my-data221/Epic and CSCR hospital Dataset/Train/meningioma/M_881_HF_.jpg",1,meningioma,1,meningioma,0.0051752543,0.9789828062,0.0079883542,0.0078536104,0.18145835,0.81854163,0.00004882,0.00001076,1421
3601,"/kaggle/input/datasets/arafatrahmann/my-data221/Epic and CSCR hospital Dataset/Train/meningioma/M_881_RO_.jpg",1,meningioma,1,meningioma,0.0053049712,0.9789009094,0.0078738565,0.0079202428,0.20540525,0.79459475,0.00005080,0.00001262,1421
3602,"/kaggle/input/datasets/arafatrahmann/my-data221/Epic and CSCR hospital Dataset/Train/meningioma/M_881_SP_.jpg",1,meningioma,1,meningioma,0.0057563125,0.9790792465,0.0080686817,0.0070958072,0.19081403,0.80918598,0.00005981,0.00001140,1421
3603,"/kaggle/input/datasets/arafatrahmann/my-data221/Epic and CSCR hospital Dataset/Train/meningioma/M_881_VF_.jpg",1,meningioma,1,meningioma,0.0055079251,0.9792494774,0.0076835663,0.0075589828,0.16240279,0.83759722,0.00004631,0.00000763,1421
3611,"/kaggle/input/datasets/arafatrahmann/my-data221/Epic and CSCR hospital Dataset/Train/meningioma/M_883.jpg",1,meningioma,1,meningioma,0.0060827793,0.9785503149,0.0075745294,0.0077924235,0.16598005,0.83401996,0.00003963,0.00000872,1263
3612,"/kaggle/input/datasets/arafatrahmann/my-data221/Epic and CSCR hospital Dataset/Train/meningioma/M_883_BR_.jpg",1,meningioma,1,meningioma,0.0061954414,0.9785755277,0.0087090880,0.0065199868,0.16082855,0.83917146,0.00007785,0.00001114,1263
3613,"/kaggle/input/datasets/arafatrahmann/my-data221/Epic and CSCR hospital Dataset/Train/meningioma/M_883_DA_.jpg",1,meningioma,1,meningioma,0.0074196877,0.9781492949,0.0075632543,0.0068676919,0.15906915,0.84093084,0.00006878,0.00000976,1263
3614,"/kaggle/input/datasets/arafatrahmann/my-data221/Epic and CSCR hospital Dataset/Train/meningioma/M_883_HF_.jpg",1,meningioma,1,meningioma,0.0062660351,0.9783164263,0.0076667196,0.0077508218,0.21082127,0.78917873,0.00004881,0.00001134,1263
3615,"/kaggle/input/datasets/arafatrahmann/my-data221/Epic and CSCR hospital Dataset/Train/meningioma/M_883_RO_.jpg",1,meningioma,1,meningioma,0.0060990108,0.9786522985,0.0076437979,0.0076048365,0.19655777,0.80344223,0.00004254,0.00000989,1263
3616,"/kaggle/input/datasets/arafatrahmann/my-data221/Epic and CSCR hospital Dataset/Train/meningioma/M_883_SP_.jpg",1,meningioma,1,meningioma,0.0063484227,0.9786642194,0.0086008068,0.0063865581,0.18346840,0.81653158,0.00004742,0.00001122,1263
3617,"/kaggle/input/datasets/arafatrahmann/my-data221/Epic and CSCR hospital Dataset/Train/meningioma/M_883_VF_.jpg",1,meningioma,1,meningioma,0.0067430302,0.9781338573,0.0075794617,0.0075436151,0.18625482,0.81374519,0.00006444,0.00000923,1263
3632,"/kaggle/input/datasets/arafatrahmann/my-data221/Epic and CSCR hospital Dataset/Train/meningioma/M_886.jpg",1,meningioma,1,meningioma,0.0065771425,0.9781362414,0.0076172994,0.0076692915,0.19611346,0.80388653,0.00003264,0.00000834,1263
3633,"/kaggle/input/datasets/arafatrahmann/my-data221/Epic and CSCR hospital Dataset/Train/meningioma/M_886_BR_.jpg",1,meningioma,1,meningioma,0.0067448253,0.9779527783,0.0086175483,0.0066848658,0.16364193,0.83635806,0.00010831,0.00001451,1263
3634,"/kaggle/input/datasets/arafatrahmann/my-data221/Epic and CSCR hospital Dataset/Train/meningioma/M_886_DA_.jpg",1,meningioma,1,meningioma,0.0091473693,0.9767470360,0.0074793147,0.0066263275,0.13003229,0.86996771,0.00009154,0.00001090,1263
3635,"/kaggle/input/datasets/arafatrahmann/my-data221/Epic and CSCR hospital Dataset/Train/meningioma/M_886_HF_.jpg",1,meningioma,1,meningioma,0.0065376759,0.9782133102,0.0077085481,0.0075404802,0.23771569,0.76228432,0.00004443,0.00001151,1263
3636,"/kaggle/input/datasets/arafatrahmann/my-data221/Epic and CSCR hospital Dataset/Train/meningioma/M_886_RO_.jpg",1,meningioma,1,meningioma,0.0065355571,0.9783847928,0.0076192282,0.0074603758,0.17584870,0.82415132,0.00005282,0.00000981,1263
3637,"/kaggle/input/datasets/arafatrahmann/my-data221/Epic and CSCR hospital Dataset/Train/meningioma/M_886_SP_.jpg",1,meningioma,1,meningioma,0.0062425761,0.9785911441,0.0087263528,0.0064399475,0.17267061,0.82732940,0.00006110,0.00001164,1263
3638,"/kaggle/input/datasets/arafatrahmann/my-data221/Epic and CSCR hospital Dataset/Train/meningioma/M_886_VF_.jpg",1,meningioma,1,meningioma,0.0071084350,0.9777990580,0.0076359333,0.0074565904,0.20672034,0.79327965,0.00003412,0.00000956,1263
3652,"/kaggle/input/datasets/arafatrahmann/my-data221/Epic and CSCR hospital Dataset/Train/meningioma/Te-me_0067.jpg",1,meningioma,1,meningioma,0.0076243477,0.9761111140,0.0080462908,0.0082182148,0.20420522,0.79579480,0.00003590,0.00001023,1429
3653,"/kaggle/input/datasets/arafatrahmann/my-data221/Epic and CSCR hospital Dataset/Train/meningioma/Te-me_0068.jpg",1,meningioma,1,meningioma,0.0060486142,0.9778721929,0.0078199441,0.0082593104,0.19228611,0.80771388,0.00005262,0.00001072,1366
3657,"/kaggle/input/datasets/arafatrahmann/my-data221/Epic and CSCR hospital Dataset/Train/meningioma/Te-me_0072.jpg",1,meningioma,2,notumor,0.1257807910,0.0035278942,0.7777262926,0.0929649919,0.27258396,0.72741603,0.00044806,0.00036703,1322
3660,"/kaggle/input/datasets/arafatrahmann/my-data221/Epic and CSCR hospital Dataset/Train/meningioma/Te-me_0075.jpg",1,meningioma,1,meningioma,0.0065376172,0.9782798886,0.0071911104,0.0079914229,0.20718523,0.79281477,0.00003662,0.00000828,1431
3662,"/kaggle/input/datasets/arafatrahmann/my-data221/Epic and CSCR hospital Dataset/Train/meningioma/Te-me_0077.jpg",1,meningioma,1,meningioma,0.0055751903,0.9787022471,0.0075505897,0.0081719067,0.20394459,0.79605542,0.00004326,0.00001045,1432
3666,"/kaggle/input/datasets/arafatrahmann/my-data221/Epic and CSCR hospital Dataset/Train/meningioma/Te-me_0081.jpg",1,meningioma,1,meningioma,0.0085452059,0.9742504954,0.0100767016,0.0071275919,0.23290785,0.76709216,0.00008811,0.00002625,1409
3672,"/kaggle/input/datasets/arafatrahmann/my-data221/Epic and CSCR hospital Dataset/Train/meningioma/Te-me_0087.jpg",1,meningioma,1,meningioma,0.0061212964,0.9769865870,0.0085959993,0.0082961386,0.25381858,0.74618141,0.00005154,0.00001593,1383
3675,"/kaggle/input/datasets/arafatrahmann/my-data221/Epic and CSCR hospital Dataset/Train/meningioma/Te-me_0090.jpg",1,meningioma,1,meningioma,0.0078001530,0.9769139290,0.0077652382,0.0075206966,0.14130768,0.85869232,0.00006281,0.00000982,1298
3680,"/kaggle/input/datasets/arafatrahmann/my-data221/Epic and CSCR hospital Dataset/Train/meningioma/Te-me_0095.jpg",1,meningioma,1,meningioma,0.0058687273,0.9779017568,0.0078542223,0.0083753001,0.17298319,0.82701682,0.00005330,0.00001024,1366
3686,"/kaggle/input/datasets/arafatrahmann/my-data221/Epic and CSCR hospital Dataset/Train/meningioma/Te-me_0101.jpg",1,meningioma,1,meningioma,0.0058109257,0.9788161516,0.0088565033,0.0065164655,0.19049089,0.80950912,0.00004893,0.00001000,1441
3687,"/kaggle/input/datasets/arafatrahmann/my-data221/Epic and CSCR hospital Dataset/Train/meningioma/Te-me_0102.jpg",1,meningioma,1,meningioma,0.0056292610,0.9788034558,0.0078874612,0.0076796981,0.15549186,0.84450816,0.00006878,0.00000915,1442
3688,"/kaggle/input/datasets/arafatrahmann/my-data221/Epic and CSCR hospital Dataset/Train/meningioma/Te-me_0103.jpg",1,meningioma,3,pituitary,0.0431229696,0.0057509639,0.1241985410,0.8269274831,0.70276868,0.29723132,0.00125130,0.00198886,1443
3691,"/kaggle/input/datasets/arafatrahmann/my-data221/Epic and CSCR hospital Dataset/Train/meningioma/Te-me_0117.jpg",1,meningioma,1,meningioma,0.0057017663,0.9785688519,0.0078467168,0.0078827171,0.25254368,0.74745634,0.00003761,0.00001161,1347
3697,"/kaggle/input/datasets/arafatrahmann/my-data221/Epic and CSCR hospital Dataset/Train/meningioma/Te-me_0123.jpg",1,meningioma,1,meningioma,0.0051727658,0.9780548215,0.0079357317,0.0088366624,0.16513911,0.83486088,0.00006000,0.00001226,1320
3702,"/kaggle/input/datasets/arafatrahmann/my-data221/Epic and CSCR hospital Dataset/Train/meningioma/Te-me_0128.jpg",1,meningioma,1,meningioma,0.0057558897,0.9773610830,0.0080916220,0.0087913768,0.20499822,0.79500175,0.00004318,0.00001087,1343
3706,"/kaggle/input/datasets/arafatrahmann/my-data221/Epic and CSCR hospital Dataset/Train/meningioma/Te-me_0132.jpg",1,meningioma,1,meningioma,0.0051924177,0.9797165990,0.0081347795,0.0069561810,0.13754303,0.86245697,0.00005370,0.00000773,1306
3707,"/kaggle/input/datasets/arafatrahmann/my-data221/Epic and CSCR hospital Dataset/Train/meningioma/Te-me_0133.jpg",1,meningioma,1,meningioma,0.0062256395,0.9784536362,0.0075840401,0.0077367499,0.19980073,0.80019928,0.00004002,0.00000815,1263
3709,"/kaggle/input/datasets/arafatrahmann/my-data221/Epic and CSCR hospital Dataset/Train/meningioma/Te-me_0135.jpg",1,meningioma,1,meningioma,0.0054495009,0.9781874418,0.0079551060,0.0084078787,0.22927682,0.77072317,0.00004505,0.00001251,1457
3713,"/kaggle/input/datasets/arafatrahmann/my-data221/Epic and CSCR hospital Dataset/Train/meningioma/Te-me_0139.jpg",1,meningioma,1,meningioma,0.0057771103,0.9777753949,0.0082129147,0.0082346229,0.28459790,0.71540208,0.00003639,0.00001318,1460
3715,"/kaggle/input/datasets/arafatrahmann/my-data221/Epic and CSCR hospital Dataset/Train/meningioma/Te-me_0141.jpg",1,meningioma,1,meningioma,0.1026903838,0.8777524829,0.0089877574,0.0105693834,0.23834229,0.76165769,0.00010111,0.00002431,1462
3722,"/kaggle/input/datasets/arafatrahmann/my-data221/Epic and CSCR hospital Dataset/Train/meningioma/Te-me_0148.jpg",1,meningioma,1,meningioma,0.0062456885,0.9780848622,0.0078328922,0.0078366175,0.19319766,0.80680234,0.00004364,0.00000959,1290
3725,"/kaggle/input/datasets/arafatrahmann/my-data221/Epic and CSCR hospital Dataset/Train/meningioma/Te-me_0151.jpg",1,meningioma,1,meningioma,0.0061868951,0.9789118767,0.0078931721,0.0070079961,0.15494968,0.84505033,0.00006295,0.00000893,1468
3726,"/kaggle/input/datasets/arafatrahmann/my-data221/Epic and CSCR hospital Dataset/Train/meningioma/Te-me_0152.jpg",1,meningioma,1,meningioma,0.0058536562,0.9785314798,0.0076889498,0.0079260124,0.15286030,0.84713969,0.00005177,0.00000909,1469
3735,"/kaggle/input/datasets/arafatrahmann/my-data221/Epic and CSCR hospital Dataset/Train/meningioma/Te-me_0161.jpg",1,meningioma,1,meningioma,0.0061059757,0.9778512716,0.0075674145,0.0084754359,0.17989817,0.82010182,0.00003460,0.00000800,1353
3737,"/kaggle/input/datasets/arafatrahmann/my-data221/Epic and CSCR hospital Dataset/Train/meningioma/Te-me_0163.jpg",1,meningioma,1,meningioma,0.0074314862,0.9767801166,0.0075665019,0.0082218479,0.22466731,0.77533270,0.00003345,0.00001014,1476
3742,"/kaggle/input/datasets/arafatrahmann/my-data221/Epic and CSCR hospital Dataset/Train/meningioma/Te-me_0168.jpg",1,meningioma,1,meningioma,0.0053642336,0.9786588550,0.0076306178,0.0083463294,0.17822793,0.82177206,0.00004745,0.00000860,1479
3748,"/kaggle/input/datasets/arafatrahmann/my-data221/Epic and CSCR hospital Dataset/Train/meningioma/Te-me_0174.jpg",1,meningioma,1,meningioma,0.0054770205,0.9785897136,0.0079816179,0.0079516303,0.20744141,0.79255859,0.00004511,0.00001141,1374
3757,"/kaggle/input/datasets/arafatrahmann/my-data221/Epic and CSCR hospital Dataset/Train/meningioma/Te-me_0183.jpg",1,meningioma,1,meningioma,0.0059984997,0.9781864882,0.0076415567,0.0081734657,0.14819483,0.85180518,0.00007965,0.00000965,1488
3759,"/kaggle/input/datasets/arafatrahmann/my-data221/Epic and CSCR hospital Dataset/Train/meningioma/Te-me_0185.jpg",1,meningioma,1,meningioma,0.0056288065,0.9782735705,0.0079438929,0.0081537422,0.23243590,0.76756413,0.00003620,0.00001041,1490
3763,"/kaggle/input/datasets/arafatrahmann/my-data221/Epic and CSCR hospital Dataset/Train/meningioma/Te-me_0189.jpg",1,meningioma,1,meningioma,0.0058826427,0.9777685404,0.0075653410,0.0087833572,0.17575755,0.82424245,0.00005093,0.00001010,1494
3782,"/kaggle/input/datasets/arafatrahmann/my-data221/Epic and CSCR hospital Dataset/Train/meningioma/Te-me_0208.jpg",1,meningioma,1,meningioma,0.0056119114,0.9782518148,0.0081371823,0.0079990597,0.23900334,0.76099667,0.00006195,0.00001045,1503
3789,"/kaggle/input/datasets/arafatrahmann/my-data221/Epic and CSCR hospital Dataset/Train/meningioma/Te-me_0215.jpg",1,meningioma,1,meningioma,0.0060801529,0.9775927663,0.0075619705,0.0087651033,0.16525878,0.83474121,0.00005133,0.00000973,1509
3796,"/kaggle/input/datasets/arafatrahmann/my-data221/Epic and CSCR hospital Dataset/Train/meningioma/Te-me_0222.jpg",1,meningioma,1,meningioma,0.0087097222,0.9738792181,0.0087969219,0.0086142616,0.25418281,0.74581718,0.00006248,0.00001799,1333
3798,"/kaggle/input/datasets/arafatrahmann/my-data221/Epic and CSCR hospital Dataset/Train/meningioma/Te-me_0224.jpg",1,meningioma,1,meningioma,0.0059791873,0.9773737192,0.0077517359,0.0088954363,0.22511072,0.77488928,0.00004023,0.00001193,1514
3800,"/kaggle/input/datasets/arafatrahmann/my-data221/Epic and CSCR hospital Dataset/Train/meningioma/Te-me_0226.jpg",1,meningioma,1,meningioma,0.0056245872,0.9777224660,0.0078526065,0.0088003017,0.25206170,0.74793830,0.00003291,0.00001054,1516
3814,"/kaggle/input/datasets/arafatrahmann/my-data221/Epic and CSCR hospital Dataset/Train/meningioma/Te-me_0240.jpg",1,meningioma,1,meningioma,0.0055191526,0.9785488248,0.0074861860,0.0084458962,0.22020425,0.77979573,0.00003153,0.00000961,1525
3816,"/kaggle/input/datasets/arafatrahmann/my-data221/Epic and CSCR hospital Dataset/Train/meningioma/Te-me_0242.jpg",1,meningioma,1,meningioma,0.0061575659,0.9785348177,0.0078024180,0.0075051687,0.17384631,0.82615367,0.00006401,0.00000836,1527
3820,"/kaggle/input/datasets/arafatrahmann/my-data221/Epic and CSCR hospital Dataset/Train/meningioma/Te-me_0246.jpg",1,meningioma,1,meningioma,0.0054093977,0.9782540202,0.0081708850,0.0081656100,0.18806043,0.81193958,0.00005262,0.00001103,1380
3826,"/kaggle/input/datasets/arafatrahmann/my-data221/Epic and CSCR hospital Dataset/Train/meningioma/Te-me_0252.jpg",1,meningioma,1,meningioma,0.0055945064,0.9778801203,0.0078581125,0.0086672707,0.17904591,0.82095408,0.00003736,0.00000877,1531
3835,"/kaggle/input/datasets/arafatrahmann/my-data221/Epic and CSCR hospital Dataset/Train/meningioma/Te-me_0261.jpg",1,meningioma,1,meningioma,0.0060400246,0.9783328176,0.0082809366,0.0073463097,0.19400267,0.80599732,0.00006172,0.00001384,1537
3839,"/kaggle/input/datasets/arafatrahmann/my-data221/Epic and CSCR hospital Dataset/Train/meningioma/Te-me_0265.jpg",1,meningioma,1,meningioma,0.0061811656,0.9776013494,0.0078272680,0.0083903242,0.13518566,0.86481434,0.00007898,0.00001012,1541
3852,"/kaggle/input/datasets/arafatrahmann/my-data221/Epic and CSCR hospital Dataset/Train/meningioma/Te-me_0289.jpg",1,meningioma,1,meningioma,0.0051624821,0.9783604741,0.0081059076,0.0083711492,0.16037754,0.83962247,0.00005033,0.00000795,1334
3859,"/kaggle/input/datasets/arafatrahmann/my-data221/Epic and CSCR hospital Dataset/Train/meningioma/Te-me_0296.jpg",1,meningioma,1,meningioma,0.0065741232,0.9781715274,0.0079809232,0.0072733923,0.21821366,0.78178633,0.00004861,0.00001340,1550
3860,"/kaggle/input/datasets/arafatrahmann/my-data221/Epic and CSCR hospital Dataset/Train/meningioma/Te-me_0297.jpg",1,meningioma,3,pituitary,0.0044702380,0.0795329437,0.1067164317,0.8092802763,0.80198179,0.19801821,0.00037778,0.00099295,1551
3862,"/kaggle/input/datasets/arafatrahmann/my-data221/Epic and CSCR hospital Dataset/Train/meningioma/Te-me_0299.jpg",1,meningioma,1,meningioma,0.0051247394,0.9795284271,0.0081717903,0.0071750530,0.16896226,0.83103777,0.00007744,0.00001326,1306
3868,"/kaggle/input/datasets/arafatrahmann/my-data221/Epic and CSCR hospital Dataset/Train/meningioma/Te-me_0305.jpg",1,meningioma,1,meningioma,0.0056749526,0.9783704877,0.0076632751,0.0082913619,0.18146977,0.81853023,0.00004718,0.00001015,1554
3872,"/kaggle/input/datasets/arafatrahmann/my-data221/Epic and CSCR hospital Dataset/Train/meningioma/Tr-me_0034.jpg",1,meningioma,1,meningioma,0.0064478768,0.9780197144,0.0075872941,0.0079451334,0.18324032,0.81675966,0.00004643,0.00000998,1558
3882,"/kaggle/input/datasets/arafatrahmann/my-data221/Epic and CSCR hospital Dataset/Train/meningioma/Tr-me_0074.jpg",1,meningioma,1,meningioma,0.0060472391,0.9771283269,0.0077860318,0.0090383496,0.16766752,0.83233250,0.00005639,0.00000883,1564
3884,"/kaggle/input/datasets/arafatrahmann/my-data221/Epic and CSCR hospital Dataset/Train/meningioma/Tr-me_0076.jpg",1,meningioma,1,meningioma,0.0057536541,0.9781811833,0.0077307923,0.0083343955,0.17312726,0.82687274,0.00006960,0.00001406,1566
3894,"/kaggle/input/datasets/arafatrahmann/my-data221/Epic and CSCR hospital Dataset/Train/meningioma/Tr-me_0086.jpg",1,meningioma,1,meningioma,0.0056247236,0.9782141447,0.0080081876,0.0081528369,0.17525042,0.82474960,0.00006754,0.00000853,1575
3908,"/kaggle/input/datasets/arafatrahmann/my-data221/Epic and CSCR hospital Dataset/Train/meningioma/Tr-me_0100.jpg",1,meningioma,1,meningioma,0.0058807232,0.9784480929,0.0078830793,0.0077881077,0.15878248,0.84121752,0.00005611,0.00000850,1586
3911,"/kaggle/input/datasets/arafatrahmann/my-data221/Epic and CSCR hospital Dataset/Train/meningioma/Tr-me_0103.jpg",1,meningioma,1,meningioma,0.0048758648,0.9746056795,0.0101468032,0.0103716459,0.22930906,0.77069094,0.00006448,0.00001704,1589
3914,"/kaggle/input/datasets/arafatrahmann/my-data221/Epic and CSCR hospital Dataset/Train/meningioma/Tr-me_0106.jpg",1,meningioma,1,meningioma,0.0060672169,0.9781376123,0.0075955093,0.0081998389,0.22405373,0.77594627,0.00003592,0.00000985,1592
3927,"/kaggle/input/datasets/arafatrahmann/my-data221/Epic and CSCR hospital Dataset/Train/meningioma/Tr-me_0121.jpg",1,meningioma,1,meningioma,0.0066586556,0.9758861661,0.0074286023,0.0100265853,0.19453497,0.80546502,0.00004000,0.00000860,1602
3928,"/kaggle/input/datasets/arafatrahmann/my-data221/Epic and CSCR hospital Dataset/Train/meningioma/Tr-me_0122.jpg",1,meningioma,1,meningioma,0.0061238105,0.9770580530,0.0075147687,0.0093033295,0.17717056,0.82282945,0.00004605,0.00000955,1603
3929,"/kaggle/input/datasets/arafatrahmann/my-data221/Epic and CSCR hospital Dataset/Train/meningioma/Tr-me_0123.jpg",1,meningioma,1,meningioma,0.0061248313,0.9780586958,0.0077768029,0.0080396626,0.21114088,0.78885913,0.00005565,0.00001169,1604
3933,"/kaggle/input/datasets/arafatrahmann/my-data221/Epic and CSCR hospital Dataset/Train/meningioma/Tr-me_0127.jpg",1,meningioma,1,meningioma,0.0082914550,0.9758057594,0.0077229566,0.0081798667,0.17380481,0.82619521,0.00006153,0.00001072,1608
3935,"/kaggle/input/datasets/arafatrahmann/my-data221/Epic and CSCR hospital Dataset/Train/meningioma/Tr-me_0129.jpg",1,meningioma,1,meningioma,0.0065110140,0.9774414301,0.0077971010,0.0082504964,0.18867371,0.81132630,0.00004977,0.00001031,1609
3936,"/kaggle/input/datasets/arafatrahmann/my-data221/Epic and CSCR hospital Dataset/Train/meningioma/Tr-me_0130.jpg",1,meningioma,1,meningioma,0.0060238610,0.9783150554,0.0078629004,0.0077982261,0.15400134,0.84599868,0.00003910,0.00000718,1609
3949,"/kaggle/input/datasets/arafatrahmann/my-data221/Epic and CSCR hospital Dataset/Train/meningioma/Tr-me_0143.jpg",1,meningioma,1,meningioma,0.0055158301,0.9789382815,0.0078097866,0.0077360524,0.14510330,0.85489671,0.00004955,0.00000811,1615
3957,"/kaggle/input/datasets/arafatrahmann/my-data221/Epic and CSCR hospital Dataset/Train/meningioma/Tr-me_0151.jpg",1,meningioma,1,meningioma,0.0057162005,0.9789276123,0.0075943731,0.0077617592,0.17938741,0.82061257,0.00008544,0.00001321,1621
3959,"/kaggle/input/datasets/arafatrahmann/my-data221/Epic and CSCR hospital Dataset/Train/meningioma/Tr-me_0153.jpg",1,meningioma,1,meningioma,0.0054765679,0.9772456288,0.0078194914,0.0094582755,0.21684967,0.78315033,0.00004782,0.00001079,1623
3965,"/kaggle/input/datasets/arafatrahmann/my-data221/Epic and CSCR hospital Dataset/Train/meningioma/Tr-me_0159.jpg",1,meningioma,1,meningioma,0.0056356997,0.9761773348,0.0082612354,0.0099257957,0.18859624,0.81140376,0.00006980,0.00001152,1629
3980,"/kaggle/input/datasets/arafatrahmann/my-data221/Epic and CSCR hospital Dataset/Train/meningioma/Tr-me_0174.jpg",1,meningioma,2,notumor,0.0169187281,0.3859967291,0.5872436762,0.0098408060,0.29408063,0.70591938,0.00096567,0.00032375,1641
3981,"/kaggle/input/datasets/arafatrahmann/my-data221/Epic and CSCR hospital Dataset/Train/meningioma/Tr-me_0175.jpg",1,meningioma,1,meningioma,0.0070731724,0.9772919416,0.0073465509,0.0082883323,0.14845991,0.85154009,0.00007887,0.00001122,1332
3986,"/kaggle/input/datasets/arafatrahmann/my-data221/Epic and CSCR hospital Dataset/Train/meningioma/Tr-me_0180.jpg",1,meningioma,1,meningioma,0.0071962588,0.9777620435,0.0077304244,0.0073112757,0.13722337,0.86277664,0.00006268,0.00000855,1643
3993,"/kaggle/input/datasets/arafatrahmann/my-data221/Epic and CSCR hospital Dataset/Train/meningioma/Tr-me_0187.jpg",1,meningioma,1,meningioma,0.0060664625,0.9779732823,0.0077988082,0.0081614591,0.21206474,0.78793527,0.00004207,0.00001131,1366
3998,"/kaggle/input/datasets/arafatrahmann/my-data221/Epic and CSCR hospital Dataset/Train/meningioma/Tr-me_0192.jpg",1,meningioma,1,meningioma,0.0083486903,0.9741802216,0.0101576876,0.0073133977,0.19320329,0.80679671,0.00009358,0.00002026,1409
4000,"/kaggle/input/datasets/arafatrahmann/my-data221/Epic and CSCR hospital Dataset/Train/meningioma/Tr-me_0194.jpg",1,meningioma,3,pituitary,0.0383138582,0.0056010680,0.0969799832,0.8591051102,0.75992723,0.24007279,0.00087535,0.00161848,1443
4002,"/kaggle/input/datasets/arafatrahmann/my-data221/Epic and CSCR hospital Dataset/Train/meningioma/Tr-me_0196.jpg",1,meningioma,0,glioma,0.9769808650,0.0053251991,0.0070328573,0.0106611270,0.09183750,0.90816251,0.00010578,0.00000519,1652
4003,"/kaggle/input/datasets/arafatrahmann/my-data221/Epic and CSCR hospital Dataset/Train/meningioma/Tr-me_0197.jpg",1,meningioma,0,glioma,0.9754352570,0.0050135008,0.0069152461,0.0126360310,0.08333772,0.91666228,0.00014086,0.00000526,1301
4007,"/kaggle/input/datasets/arafatrahmann/my-data221/Epic and CSCR hospital Dataset/Train/meningioma/Tr-me_0201.jpg",1,meningioma,1,meningioma,0.0094551416,0.9762808681,0.0071326508,0.0071312836,0.12986709,0.87013290,0.00006656,0.00000984,1654
4011,"/kaggle/input/datasets/arafatrahmann/my-data221/Epic and CSCR hospital Dataset/Train/meningioma/Tr-me_0205.jpg",1,meningioma,1,meningioma,0.0076525137,0.9766157866,0.0072511928,0.0084804166,0.26623772,0.73376229,0.00004829,0.00001380,1332
4013,"/kaggle/input/datasets/arafatrahmann/my-data221/Epic and CSCR hospital Dataset/Train/meningioma/Tr-me_0207.jpg",1,meningioma,1,meningioma,0.0053688064,0.9786438942,0.0076519237,0.0083353231,0.19738348,0.80261652,0.00004179,0.00000953,1657
4022,"/kaggle/input/datasets/arafatrahmann/my-data221/Epic and CSCR hospital Dataset/Train/meningioma/Tr-me_0216.jpg",1,meningioma,1,meningioma,0.0071039512,0.9753731489,0.0108643482,0.0066585699,0.20954192,0.79045810,0.00008540,0.00002325,1282
4024,"/kaggle/input/datasets/arafatrahmann/my-data221/Epic and CSCR hospital Dataset/Train/meningioma/Tr-me_0218.jpg",1,meningioma,1,meningioma,0.0066774711,0.9768494368,0.0078575630,0.0086155981,0.12875454,0.87124544,0.00009094,0.00001016,1295
4034,"/kaggle/input/datasets/arafatrahmann/my-data221/Epic and CSCR hospital Dataset/Train/meningioma/Tr-me_0228.jpg",1,meningioma,1,meningioma,0.0058000255,0.9783905149,0.0078865467,0.0079228757,0.16214254,0.83785746,0.00004930,0.00000849,1666
4036,"/kaggle/input/datasets/arafatrahmann/my-data221/Epic and CSCR hospital Dataset/Train/meningioma/Tr-me_0230.jpg",1,meningioma,1,meningioma,0.0060229744,0.9768401980,0.0097704120,0.0073663974,0.29326246,0.70673755,0.00003635,0.00001422,1667
4037,"/kaggle/input/datasets/arafatrahmann/my-data221/Epic and CSCR hospital Dataset/Train/meningioma/Tr-me_0231.jpg",1,meningioma,1,meningioma,0.0056795264,0.9776204228,0.0073964158,0.0093036722,0.21513851,0.78486148,0.00004180,0.00001125,1372
4046,"/kaggle/input/datasets/arafatrahmann/my-data221/Epic and CSCR hospital Dataset/Train/meningioma/Tr-me_0240.jpg",1,meningioma,1,meningioma,0.0056997193,0.9786658287,0.0079489443,0.0076855058,0.13939653,0.86060346,0.00007745,0.00001072,1672
4051,"/kaggle/input/datasets/arafatrahmann/my-data221/Epic and CSCR hospital Dataset/Train/meningioma/Tr-me_0245.jpg",1,meningioma,1,meningioma,0.0076518483,0.9760774374,0.0080524031,0.0082181692,0.20606027,0.79393971,0.00004577,0.00001107,1429
4052,"/kaggle/input/datasets/arafatrahmann/my-data221/Epic and CSCR hospital Dataset/Train/meningioma/Tr-me_0246.jpg",1,meningioma,1,meningioma,0.0061257756,0.9778841734,0.0078101093,0.0081799654,0.21219083,0.78780918,0.00006528,0.00001137,1366
4056,"/kaggle/input/datasets/arafatrahmann/my-data221/Epic and CSCR hospital Dataset/Train/meningioma/Tr-me_0250.jpg",1,meningioma,2,notumor,0.1271264851,0.0036333161,0.7869199514,0.0823202506,0.21377053,0.78622946,0.00060537,0.00028077,1322
4059,"/kaggle/input/datasets/arafatrahmann/my-data221/Epic and CSCR hospital Dataset/Train/meningioma/Tr-me_0253.jpg",1,meningioma,1,meningioma,0.0063939528,0.9782703519,0.0072421199,0.0080935257,0.16337104,0.83662898,0.00004229,0.00000746,1431
4061,"/kaggle/input/datasets/arafatrahmann/my-data221/Epic and CSCR hospital Dataset/Train/meningioma/Tr-me_0255.jpg",1,meningioma,1,meningioma,0.0054848758,0.9785630107,0.0076296357,0.0083224569,0.15783368,0.84216631,0.00004116,0.00000820,1432
4070,"/kaggle/input/datasets/arafatrahmann/my-data221/Epic and CSCR hospital Dataset/Train/meningioma/Tr-me_0264.jpg",1,meningioma,1,meningioma,0.0058567231,0.9770099521,0.0086864922,0.0084467763,0.18455959,0.81544042,0.00004634,0.00001037,1383
4073,"/kaggle/input/datasets/arafatrahmann/my-data221/Epic and CSCR hospital Dataset/Train/meningioma/Tr-me_0267.jpg",1,meningioma,1,meningioma,0.0080022980,0.9768495560,0.0077942284,0.0073539056,0.20752171,0.79247828,0.00007629,0.00001293,1298
4078,"/kaggle/input/datasets/arafatrahmann/my-data221/Epic and CSCR hospital Dataset/Train/meningioma/Tr-me_0272.jpg",1,meningioma,1,meningioma,0.0060341470,0.9780995250,0.0077705085,0.0080957580,0.23915201,0.76084798,0.00003378,0.00001186,1366
4084,"/kaggle/input/datasets/arafatrahmann/my-data221/Epic and CSCR hospital Dataset/Train/meningioma/Tr-me_0278.jpg",1,meningioma,1,meningioma,0.0056573185,0.9788544774,0.0088558923,0.0066323378,0.15819852,0.84180148,0.00005754,0.00001011,1441
4085,"/kaggle/input/datasets/arafatrahmann/my-data221/Epic and CSCR hospital Dataset/Train/meningioma/Tr-me_0279.jpg",1,meningioma,1,meningioma,0.0059182388,0.9784610868,0.0079595894,0.0076610059,0.24447143,0.75552858,0.00003755,0.00001115,1442
4087,"/kaggle/input/datasets/arafatrahmann/my-data221/Epic and CSCR hospital Dataset/Train/meningioma/Tr-me_0281.jpg",1,meningioma,1,meningioma,0.0071392418,0.9773877859,0.0072996644,0.0081733754,0.17506664,0.82493334,0.00004488,0.00000999,1332
4095,"/kaggle/input/datasets/arafatrahmann/my-data221/Epic and CSCR hospital Dataset/Train/meningioma/Tr-me_0289.jpg",1,meningioma,1,meningioma,0.0055173417,0.9785617590,0.0079318387,0.0079890285,0.14689800,0.85310198,0.00008581,0.00001014,1677
4103,"/kaggle/input/datasets/arafatrahmann/my-data221/Epic and CSCR hospital Dataset/Train/meningioma/Tr-me_0297.jpg",1,meningioma,1,meningioma,0.0061527751,0.9783369899,0.0077192569,0.0077910060,0.16800614,0.83199387,0.00007961,0.00001043,1681
4106,"/kaggle/input/datasets/arafatrahmann/my-data221/Epic and CSCR hospital Dataset/Train/meningioma/Tr-me_0300.jpg",1,meningioma,1,meningioma,0.0060974732,0.9763947725,0.0082873795,0.0092204446,0.22578904,0.77421097,0.00004721,0.00001295,1684
4123,"/kaggle/input/datasets/arafatrahmann/my-data221/Epic and CSCR hospital Dataset/Train/meningioma/Tr-me_0317.jpg",1,meningioma,1,meningioma,0.0059735267,0.9783924222,0.0075207436,0.0081133191,0.19392061,0.80607939,0.00003740,0.00000989,1695
4126,"/kaggle/input/datasets/arafatrahmann/my-data221/Epic and CSCR hospital Dataset/Train/meningioma/Tr-me_0320.jpg",1,meningioma,1,meningioma,0.0056592664,0.9780991673,0.0078754090,0.0083660884,0.25721387,0.74278613,0.00004701,0.00001147,1258
4127,"/kaggle/input/datasets/arafatrahmann/my-data221/Epic and CSCR hospital Dataset/Train/meningioma/Tr-me_0321.jpg",1,meningioma,1,meningioma,0.0053708153,0.9784396887,0.0078341076,0.0083553847,0.19128171,0.80871828,0.00005240,0.00001213,1258
4131,"/kaggle/input/datasets/arafatrahmann/my-data221/Epic and CSCR hospital Dataset/Train/meningioma/Tr-me_0325.jpg",1,meningioma,1,meningioma,0.0053258450,0.9785180092,0.0079021342,0.0082539823,0.26008615,0.73991384,0.00003015,0.00000873,1700
4132,"/kaggle/input/datasets/arafatrahmann/my-data221/Epic and CSCR hospital Dataset/Train/meningioma/Tr-me_0326.jpg",1,meningioma,1,meningioma,0.0998975188,0.8837839365,0.0076079471,0.0087106768,0.15858287,0.84141713,0.00015411,0.00001129,1700
4133,"/kaggle/input/datasets/arafatrahmann/my-data221/Epic and CSCR hospital Dataset/Train/meningioma/Tr-me_0327.jpg",1,meningioma,1,meningioma,0.0053948136,0.9780664444,0.0079549663,0.0085837403,0.27389331,0.72610668,0.00004036,0.00001427,1700
4135,"/kaggle/input/datasets/arafatrahmann/my-data221/Epic and CSCR hospital Dataset/Train/meningioma/Tr-me_0329.jpg",1,meningioma,1,meningioma,0.0052314037,0.9780246019,0.0081235431,0.0086205434,0.14426558,0.85573441,0.00010183,0.00001011,1702
4144,"/kaggle/input/datasets/arafatrahmann/my-data221/Epic and CSCR hospital Dataset/Train/meningioma/Tr-me_0338.jpg",1,meningioma,1,meningioma,0.0053832205,0.9778079987,0.0077788779,0.0090298969,0.21826957,0.78173042,0.00004322,0.00000970,1710
4150,"/kaggle/input/datasets/arafatrahmann/my-data221/Epic and CSCR hospital Dataset/Train/meningioma/Tr-me_0344.jpg",1,meningioma,1,meningioma,0.0052619968,0.9778631926,0.0081225950,0.0087521467,0.23295795,0.76704206,0.00004689,0.00001177,1700
4151,"/kaggle/input/datasets/arafatrahmann/my-data221/Epic and CSCR hospital Dataset/Train/meningioma/Tr-me_0345.jpg",1,meningioma,1,meningioma,0.0050167502,0.9777941704,0.0081020724,0.0090870112,0.16375267,0.83624735,0.00005756,0.00001022,1700
4153,"/kaggle/input/datasets/arafatrahmann/my-data221/Epic and CSCR hospital Dataset/Train/meningioma/Tr-me_0347.jpg",1,meningioma,1,meningioma,0.0170859732,0.9632142186,0.0072176321,0.0124822166,0.19792716,0.80207285,0.00006850,0.00001702,1713
4160,"/kaggle/input/datasets/arafatrahmann/my-data221/Epic and CSCR hospital Dataset/Train/meningioma/Tr-me_0354.jpg",1,meningioma,1,meningioma,0.0053519756,0.9783425331,0.0077996426,0.0085058045,0.15433954,0.84566047,0.00005521,0.00001066,1720
4176,"/kaggle/input/datasets/arafatrahmann/my-data221/Epic and CSCR hospital Dataset/Train/meningioma/Tr-me_0370.jpg",1,meningioma,1,meningioma,0.0059359614,0.9770162702,0.0079705892,0.0090771271,0.18170734,0.81829267,0.00006386,0.00001341,1727
4180,"/kaggle/input/datasets/arafatrahmann/my-data221/Epic and CSCR hospital Dataset/Train/meningioma/Tr-me_0374.jpg",1,meningioma,1,meningioma,0.0090443809,0.9746941328,0.0075527886,0.0087086875,0.18684161,0.81315839,0.00005952,0.00001210,1731
4182,"/kaggle/input/datasets/arafatrahmann/my-data221/Epic and CSCR hospital Dataset/Train/meningioma/Tr-me_0376.jpg",1,meningioma,1,meningioma,0.0054540751,0.9772308469,0.0077900486,0.0095249834,0.17798040,0.82201961,0.00005692,0.00001107,1733
4188,"/kaggle/input/datasets/arafatrahmann/my-data221/Epic and CSCR hospital Dataset/Train/meningioma/Tr-me_0382.jpg",1,meningioma,1,meningioma,0.0059293467,0.9781290293,0.0076081911,0.0083334334,0.16629564,0.83370436,0.00005105,0.00000931,1738
4189,"/kaggle/input/datasets/arafatrahmann/my-data221/Epic and CSCR hospital Dataset/Train/meningioma/Tr-me_0383.jpg",1,meningioma,1,meningioma,0.0058556641,0.9786624908,0.0075830282,0.0078987209,0.21595745,0.78404254,0.00003504,0.00001083,1739
4193,"/kaggle/input/datasets/arafatrahmann/my-data221/Epic and CSCR hospital Dataset/Train/meningioma/Tr-me_0387.jpg",1,meningioma,1,meningioma,0.0050530238,0.9784206152,0.0080951946,0.0084311990,0.15158697,0.84841304,0.00006427,0.00000943,1743
4196,"/kaggle/input/datasets/arafatrahmann/my-data221/Epic and CSCR hospital Dataset/Train/meningioma/Tr-me_0390.jpg",1,meningioma,1,meningioma,0.0050796350,0.9778194427,0.0079420675,0.0091588590,0.19708894,0.80291104,0.00004402,0.00000989,1746
4206,"/kaggle/input/datasets/arafatrahmann/my-data221/Epic and CSCR hospital Dataset/Train/meningioma/Tr-me_0400.jpg",1,meningioma,1,meningioma,0.0057931156,0.9780040979,0.0077903150,0.0084124655,0.15666248,0.84333751,0.00006126,0.00000989,1754
4219,"/kaggle/input/datasets/arafatrahmann/my-data221/Epic and CSCR hospital Dataset/Train/meningioma/Tr-me_0413.jpg",1,meningioma,1,meningioma,0.0053049689,0.9782578349,0.0079415338,0.0084955590,0.17648553,0.82351447,0.00005267,0.00001088,1765
4225,"/kaggle/input/datasets/arafatrahmann/my-data221/Epic and CSCR hospital Dataset/Train/meningioma/Tr-me_0419.jpg",1,meningioma,1,meningioma,0.0052868994,0.9788321257,0.0077233119,0.0081577469,0.15370367,0.84629633,0.00005848,0.00000951,1771
4227,"/kaggle/input/datasets/arafatrahmann/my-data221/Epic and CSCR hospital Dataset/Train/meningioma/Tr-me_0421.jpg",1,meningioma,1,meningioma,0.0086178081,0.9747269750,0.0076089865,0.0090462230,0.15881130,0.84118870,0.00006281,0.00001216,1773
4231,"/kaggle/input/datasets/arafatrahmann/my-data221/Epic and CSCR hospital Dataset/Train/meningioma/Tr-me_0425.jpg",1,meningioma,1,meningioma,0.0069512799,0.9767077565,0.0076603992,0.0086805578,0.20657897,0.79342104,0.00004592,0.00001064,1777
4232,"/kaggle/input/datasets/arafatrahmann/my-data221/Epic and CSCR hospital Dataset/Train/meningioma/Tr-me_0426.jpg",1,meningioma,1,meningioma,0.0065365061,0.9779421687,0.0079237446,0.0075976229,0.19934774,0.80065224,0.00005752,0.00001181,1778
4242,"/kaggle/input/datasets/arafatrahmann/my-data221/Epic and CSCR hospital Dataset/Train/meningioma/Tr-me_0436.jpg",1,meningioma,1,meningioma,0.0058576404,0.9784250259,0.0076280981,0.0080892984,0.21831441,0.78168559,0.00004493,0.00001108,1787
4244,"/kaggle/input/datasets/arafatrahmann/my-data221/Epic and CSCR hospital Dataset/Train/meningioma/Tr-me_0438.jpg",1,meningioma,1,meningioma,0.0064483760,0.9784193039,0.0075028380,0.0076294602,0.19410527,0.80589473,0.00004066,0.00000818,1789
4246,"/kaggle/input/datasets/arafatrahmann/my-data221/Epic and CSCR hospital Dataset/Train/meningioma/Tr-me_0440.jpg",1,meningioma,1,meningioma,0.0057523185,0.9780890346,0.0077568525,0.0084017357,0.19747032,0.80252966,0.00004799,0.00001154,1791
4251,"/kaggle/input/datasets/arafatrahmann/my-data221/Epic and CSCR hospital Dataset/Train/meningioma/Tr-me_0445.jpg",1,meningioma,1,meningioma,0.0073147835,0.9764679670,0.0076760552,0.0085411314,0.24071776,0.75928225,0.00003969,0.00001292,1796
4258,"/kaggle/input/datasets/arafatrahmann/my-data221/Epic and CSCR hospital Dataset/Train/meningioma/Tr-me_0452.jpg",1,meningioma,1,meningioma,0.0052179801,0.9777768850,0.0084568020,0.0085482514,0.16369210,0.83630791,0.00006569,0.00001102,1803
4259,"/kaggle/input/datasets/arafatrahmann/my-data221/Epic and CSCR hospital Dataset/Train/meningioma/Tr-me_0453.jpg",1,meningioma,1,meningioma,0.0055885138,0.9786828160,0.0077981628,0.0079304883,0.15610047,0.84389954,0.00006930,0.00001025,1803
4266,"/kaggle/input/datasets/arafatrahmann/my-data221/Epic and CSCR hospital Dataset/Train/meningioma/Tr-me_0460.jpg",1,meningioma,1,meningioma,0.0057697031,0.9774640203,0.0078555178,0.0089108068,0.17184636,0.82815363,0.00004753,0.00000911,1807
4273,"/kaggle/input/datasets/arafatrahmann/my-data221/Epic and CSCR hospital Dataset/Train/meningioma/Tr-me_0467.jpg",1,meningioma,1,meningioma,0.0054229563,0.9782769084,0.0081985435,0.0081015732,0.21505136,0.78494865,0.00005712,0.00001008,1812
4280,"/kaggle/input/datasets/arafatrahmann/my-data221/Epic and CSCR hospital Dataset/Train/meningioma/Tr-me_0474.jpg",1,meningioma,1,meningioma,0.0055778604,0.9776546359,0.0076765628,0.0090909237,0.19130450,0.80869550,0.00004468,0.00000981,1817
4284,"/kaggle/input/datasets/arafatrahmann/my-data221/Epic and CSCR hospital Dataset/Train/meningioma/Tr-me_0478.jpg",1,meningioma,1,meningioma,0.0060191900,0.9769234657,0.0081647057,0.0088926889,0.19704105,0.80295897,0.00005599,0.00001204,1262
4285,"/kaggle/input/datasets/arafatrahmann/my-data221/Epic and CSCR hospital Dataset/Train/meningioma/Tr-me_0479.jpg",1,meningioma,1,meningioma,0.0057001496,0.9781523943,0.0074350527,0.0087124752,0.17212314,0.82787687,0.00004296,0.00000861,1821
4286,"/kaggle/input/datasets/arafatrahmann/my-data221/Epic and CSCR hospital Dataset/Train/meningioma/Tr-me_0480.jpg",1,meningioma,1,meningioma,0.0056434316,0.9786618948,0.0078134742,0.0078810826,0.15109652,0.84890347,0.00004776,0.00000748,1262
4287,"/kaggle/input/datasets/arafatrahmann/my-data221/Epic and CSCR hospital Dataset/Train/meningioma/Tr-me_0481.jpg",1,meningioma,1,meningioma,0.0059561180,0.9785379171,0.0077481358,0.0077578141,0.16541369,0.83458630,0.00005000,0.00000808,1262
4289,"/kaggle/input/datasets/arafatrahmann/my-data221/Epic and CSCR hospital Dataset/Train/meningioma/Tr-me_0483.jpg",1,meningioma,1,meningioma,0.0056931339,0.9781135321,0.0075805029,0.0086126644,0.17255736,0.82744264,0.00005308,0.00001004,1823
4298,"/kaggle/input/datasets/arafatrahmann/my-data221/Epic and CSCR hospital Dataset/Train/meningioma/Tr-me_0492.jpg",1,meningioma,1,meningioma,0.0063373717,0.9776021838,0.0079321358,0.0081283990,0.17908494,0.82091507,0.00004578,0.00000920,1832
4308,"/kaggle/input/datasets/arafatrahmann/my-data221/Epic and CSCR hospital Dataset/Train/meningioma/Tr-me_0502.jpg",1,meningioma,1,meningioma,0.0126267718,0.9721102715,0.0069262334,0.0083366400,0.17489329,0.82510673,0.00005854,0.00001314,1840
4318,"/kaggle/input/datasets/arafatrahmann/my-data221/Epic and CSCR hospital Dataset/Train/meningioma/Tr-me_0512.jpg",1,meningioma,1,meningioma,0.0062479610,0.9781091809,0.0076892213,0.0079536391,0.13438776,0.86561223,0.00008019,0.00000966,1845
4320,"/kaggle/input/datasets/arafatrahmann/my-data221/Epic and CSCR hospital Dataset/Train/meningioma/Tr-me_0514.jpg",1,meningioma,1,meningioma,0.0081366124,0.9766108394,0.0074134967,0.0078390883,0.13052620,0.86947379,0.00007421,0.00001032,1846
4321,"/kaggle/input/datasets/arafatrahmann/my-data221/Epic and CSCR hospital Dataset/Train/meningioma/Tr-me_0515.jpg",1,meningioma,1,meningioma,0.0089297378,0.9753524065,0.0077392561,0.0079785874,0.16017999,0.83982001,0.00006755,0.00001048,1847
4327,"/kaggle/input/datasets/arafatrahmann/my-data221/Epic and CSCR hospital Dataset/Train/meningioma/Tr-me_0521.jpg",1,meningioma,1,meningioma,0.0062806727,0.9776859283,0.0074775890,0.0085558500,0.20027071,0.79972929,0.00004311,0.00000982,1852
4336,"/kaggle/input/datasets/arafatrahmann/my-data221/Epic and CSCR hospital Dataset/Train/meningioma/Tr-me_0530.jpg",1,meningioma,1,meningioma,0.0055451556,0.9780871272,0.0078899283,0.0084777987,0.14453724,0.85546276,0.00005791,0.00001002,1861
4339,"/kaggle/input/datasets/arafatrahmann/my-data221/Epic and CSCR hospital Dataset/Train/meningioma/Tr-me_0533.jpg",1,meningioma,1,meningioma,0.0057685673,0.9780969620,0.0078108557,0.0083236154,0.20745989,0.79254009,0.00004512,0.00000958,1863
4341,"/kaggle/input/datasets/arafatrahmann/my-data221/Epic and CSCR hospital Dataset/Train/meningioma/Tr-me_0535.jpg",1,meningioma,1,meningioma,0.0057514426,0.9776870608,0.0077379206,0.0088234693,0.17973503,0.82026497,0.00006406,0.00001113,1863
4347,"/kaggle/input/datasets/arafatrahmann/my-data221/Epic and CSCR hospital Dataset/Train/meningioma/Tr-me_0541.jpg",1,meningioma,1,meningioma,0.0058327569,0.9784141779,0.0078655276,0.0078875143,0.15056331,0.84943671,0.00006510,0.00000892,1869
4351,"/kaggle/input/datasets/arafatrahmann/my-data221/Epic and CSCR hospital Dataset/Train/meningioma/Tr-me_0545.jpg",1,meningioma,1,meningioma,0.0077878558,0.9746056795,0.0080272276,0.0095792981,0.22485158,0.77514841,0.00005716,0.00001628,1873
4353,"/kaggle/input/datasets/arafatrahmann/my-data221/Epic and CSCR hospital Dataset/Train/meningioma/Tr-me_0547.jpg",1,meningioma,1,meningioma,0.0052400264,0.9783126116,0.0076700277,0.0087773185,0.18827948,0.81172055,0.00004450,0.00001013,1874
4363,"/kaggle/input/datasets/arafatrahmann/my-data221/Epic and CSCR hospital Dataset/Train/meningioma/Tr-me_0557.jpg",1,meningioma,1,meningioma,0.0062138392,0.9777714610,0.0076645939,0.0083500156,0.19845448,0.80154552,0.00004549,0.00001109,1884
4366,"/kaggle/input/datasets/arafatrahmann/my-data221/Epic and CSCR hospital Dataset/Train/meningioma/Tr-me_0560.jpg",1,meningioma,1,meningioma,0.0059533333,0.9784374237,0.0079863891,0.0076229414,0.16055477,0.83944522,0.00005941,0.00001043,1887
4369,"/kaggle/input/datasets/arafatrahmann/my-data221/Epic and CSCR hospital Dataset/Train/meningioma/Tr-me_0563.jpg",1,meningioma,1,meningioma,0.0064019426,0.9778876305,0.0080864038,0.0076240092,0.17947145,0.82052856,0.00005869,0.00001215,1889
4370,"/kaggle/input/datasets/arafatrahmann/my-data221/Epic and CSCR hospital Dataset/Train/meningioma/Tr-me_0564.jpg",1,meningioma,1,meningioma,0.0063018925,0.9773634672,0.0076330779,0.0087015405,0.17765832,0.82234166,0.00004607,0.00000979,1890
4382,"/kaggle/input/datasets/arafatrahmann/my-data221/Epic and CSCR hospital Dataset/Train/meningioma/Tr-me_0576.jpg",1,meningioma,1,meningioma,0.0062803715,0.9784176946,0.0080982354,0.0072037140,0.19716935,0.80283067,0.00006251,0.00001319,1900
4391,"/kaggle/input/datasets/arafatrahmann/my-data221/Epic and CSCR hospital Dataset/Train/meningioma/Tr-me_0597.jpg",1,meningioma,1,meningioma,0.0062844530,0.9770461321,0.0077970452,0.0088723674,0.23254044,0.76745955,0.00003417,0.00001123,1840
4394,"/kaggle/input/datasets/arafatrahmann/my-data221/Epic and CSCR hospital Dataset/Train/meningioma/Tr-me_0600.jpg",1,meningioma,1,meningioma,0.0058355583,0.9785873294,0.0078434041,0.0077337124,0.19457998,0.80542004,0.00006526,0.00000992,1909
4401,"/kaggle/input/datasets/arafatrahmann/my-data221/Epic and CSCR hospital Dataset/Train/meningioma/Tr-me_0607.jpg",1,meningioma,1,meningioma,0.0054724338,0.9780335426,0.0076417685,0.0088522444,0.14282918,0.85717080,0.00006240,0.00000768,1914
4403,"/kaggle/input/datasets/arafatrahmann/my-data221/Epic and CSCR hospital Dataset/Train/meningioma/Tr-me_0609.jpg",1,meningioma,1,meningioma,0.0058509582,0.9785629511,0.0076398491,0.0079462668,0.23594472,0.76405529,0.00004638,0.00001295,1916
4408,"/kaggle/input/datasets/arafatrahmann/my-data221/Epic and CSCR hospital Dataset/Train/meningioma/Tr-me_0614.jpg",1,meningioma,1,meningioma,0.0065021152,0.9768794775,0.0081056003,0.0085128052,0.17167164,0.82832836,0.00005284,0.00001039,1921
4419,"/kaggle/input/datasets/arafatrahmann/my-data221/Epic and CSCR hospital Dataset/Train/meningioma/Tr-me_0759.jpg",1,meningioma,1,meningioma,0.0060540782,0.9779859781,0.0080310376,0.0079290345,0.24631596,0.75368404,0.00003742,0.00001259,1405
4420,"/kaggle/input/datasets/arafatrahmann/my-data221/Epic and CSCR hospital Dataset/Train/meningioma/Tr-me_0760.jpg",1,meningioma,1,meningioma,0.0061087739,0.9781833887,0.0079841958,0.0077237054,0.22547415,0.77452585,0.00005815,0.00001366,1406
4421,"/kaggle/input/datasets/arafatrahmann/my-data221/Epic and CSCR hospital Dataset/Train/meningioma/Tr-me_0761.jpg",1,meningioma,1,meningioma,0.0061641224,0.9782999158,0.0081869429,0.0073490823,0.15999092,0.84000908,0.00006639,0.00000934,1254
4422,"/kaggle/input/datasets/arafatrahmann/my-data221/Epic and CSCR hospital Dataset/Train/meningioma/Tr-me_0762.jpg",1,meningioma,1,meningioma,0.0060002371,0.9786399603,0.0082622888,0.0070975595,0.18167205,0.81832793,0.00004570,0.00001008,1254
4423,"/kaggle/input/datasets/arafatrahmann/my-data221/Epic and CSCR hospital Dataset/Train/meningioma/Tr-me_0763.jpg",1,meningioma,1,meningioma,0.0080922414,0.9762462378,0.0080413278,0.0076201968,0.18821347,0.81178651,0.00005979,0.00001230,1254
4436,"/kaggle/input/datasets/arafatrahmann/my-data221/Epic and CSCR hospital Dataset/Train/meningioma/Tr-me_0806.jpg",1,meningioma,1,meningioma,0.0057306834,0.9773677588,0.0083448384,0.0085566938,0.24115491,0.75884510,0.00005332,0.00001527,1932
4442,"/kaggle/input/datasets/arafatrahmann/my-data221/Epic and CSCR hospital Dataset/Train/meningioma/Tr-me_0812.jpg",1,meningioma,1,meningioma,0.0061228517,0.9771569967,0.0080184536,0.0087016253,0.14958267,0.85041733,0.00006848,0.00001204,1935
4443,"/kaggle/input/datasets/arafatrahmann/my-data221/Epic and CSCR hospital Dataset/Train/meningioma/Tr-me_0813.jpg",1,meningioma,1,meningioma,0.0075676828,0.9751356840,0.0082698772,0.0090267528,0.16117082,0.83882920,0.00007331,0.00001433,1935
4450,"/kaggle/input/datasets/arafatrahmann/my-data221/Epic and CSCR hospital Dataset/Train/meningioma/Tr-me_0820.jpg",1,meningioma,1,meningioma,0.0071998411,0.9777039289,0.0076303072,0.0074658981,0.22587012,0.77412987,0.00005204,0.00001165,1468
4451,"/kaggle/input/datasets/arafatrahmann/my-data221/Epic and CSCR hospital Dataset/Train/meningioma/Tr-me_0821.jpg",1,meningioma,1,meningioma,0.0070513217,0.9763474464,0.0077194609,0.0088817971,0.18424270,0.81575729,0.00005294,0.00001127,1940
4456,"/kaggle/input/datasets/arafatrahmann/my-data221/Epic and CSCR hospital Dataset/Train/meningioma/Tr-me_0826.jpg",1,meningioma,1,meningioma,0.0056339069,0.9692680240,0.0083257938,0.0167722069,0.20236175,0.79763823,0.00011679,0.00001464,1944
4457,"/kaggle/input/datasets/arafatrahmann/my-data221/Epic and CSCR hospital Dataset/Train/meningioma/Tr-me_0827.jpg",1,meningioma,1,meningioma,0.0056534028,0.9785068631,0.0080415700,0.0077982200,0.16436125,0.83563876,0.00008103,0.00000977,1945
4460,"/kaggle/input/datasets/arafatrahmann/my-data221/Epic and CSCR hospital Dataset/Train/meningioma/Tr-me_0830.jpg",1,meningioma,1,meningioma,0.0064476291,0.9775977135,0.0079496196,0.0080050733,0.14712024,0.85287977,0.00007673,0.00001076,1468
4464,"/kaggle/input/datasets/arafatrahmann/my-data221/Epic and CSCR hospital Dataset/Train/meningioma/Tr-me_0834.jpg",1,meningioma,1,meningioma,0.0080001969,0.9763031006,0.0077872216,0.0079095978,0.17274902,0.82725099,0.00006046,0.00001263,953
4465,"/kaggle/input/datasets/arafatrahmann/my-data221/Epic and CSCR hospital Dataset/Train/meningioma/Tr-me_0835.jpg",1,meningioma,1,meningioma,0.0074250372,0.9772278666,0.0077396706,0.0076073250,0.13474740,0.86525261,0.00009269,0.00001062,953
4470,"/kaggle/input/datasets/arafatrahmann/my-data221/Epic and CSCR hospital Dataset/Train/meningioma/Tr-me_0840.jpg",1,meningioma,1,meningioma,0.0061399625,0.9770103693,0.0078685144,0.0089812074,0.19223347,0.80776653,0.00005359,0.00001322,1955
4471,"/kaggle/input/datasets/arafatrahmann/my-data221/Epic and CSCR hospital Dataset/Train/meningioma/Tr-me_0841.jpg",1,meningioma,1,meningioma,0.0054688663,0.9776894450,0.0079483679,0.0088932626,0.16366087,0.83633913,0.00004483,0.00000813,1955
4476,"/kaggle/input/datasets/arafatrahmann/my-data221/Epic and CSCR hospital Dataset/Train/meningioma/Tr-me_0846.jpg",1,meningioma,1,meningioma,0.0061557153,0.9761456251,0.0078569036,0.0098418333,0.19414080,0.80585919,0.00004142,0.00000994,1960
4484,"/kaggle/input/datasets/arafatrahmann/my-data221/Epic and CSCR hospital Dataset/Train/meningioma/Tr-me_0854.jpg",1,meningioma,1,meningioma,0.0069951327,0.9758987427,0.0074089556,0.0096971011,0.20999114,0.79000885,0.00004483,0.00001030,1967
4485,"/kaggle/input/datasets/arafatrahmann/my-data221/Epic and CSCR hospital Dataset/Train/meningioma/Tr-me_0855.jpg",1,meningioma,1,meningioma,0.0060086539,0.9772888422,0.0075349407,0.0091675827,0.17761962,0.82238038,0.00004993,0.00001078,1967
4489,"/kaggle/input/datasets/arafatrahmann/my-data221/Epic and CSCR hospital Dataset/Train/meningioma/Tr-me_0859.jpg",1,meningioma,1,meningioma,0.0054074423,0.8418658972,0.0084457677,0.1442809403,0.24185167,0.75814834,0.00038628,0.00020565,1971
4492,"/kaggle/input/datasets/arafatrahmann/my-data221/Epic and CSCR hospital Dataset/Train/meningioma/Tr-me_0862.jpg",1,meningioma,1,meningioma,0.0068679536,0.9769394994,0.0078645339,0.0083280299,0.19407827,0.80592171,0.00005463,0.00001090,1609
4493,"/kaggle/input/datasets/arafatrahmann/my-data221/Epic and CSCR hospital Dataset/Train/meningioma/Tr-me_0863.jpg",1,meningioma,1,meningioma,0.0060731592,0.9781821370,0.0078954576,0.0078492332,0.14753077,0.85246924,0.00007938,0.00001094,1609
4499,"/kaggle/input/datasets/arafatrahmann/my-data221/Epic and CSCR hospital Dataset/Train/meningioma/Tr-me_0869.jpg",1,meningioma,1,meningioma,0.0056941626,0.9784584045,0.0075369850,0.0083103636,0.20656775,0.79343226,0.00003967,0.00001010,1479
4504,"/kaggle/input/datasets/arafatrahmann/my-data221/Epic and CSCR hospital Dataset/Train/meningioma/Tr-me_0874.jpg",1,meningioma,1,meningioma,0.0058665602,0.9783223271,0.0076781572,0.0081329765,0.15747745,0.84252253,0.00005376,0.00000757,1975
4508,"/kaggle/input/datasets/arafatrahmann/my-data221/Epic and CSCR hospital Dataset/Train/meningioma/Tr-me_0878.jpg",1,meningioma,1,meningioma,0.0051602875,0.9782809019,0.0078308564,0.0087279212,0.14180317,0.85819684,0.00006469,0.00001112,1978
4509,"/kaggle/input/datasets/arafatrahmann/my-data221/Epic and CSCR hospital Dataset/Train/meningioma/Tr-me_0879.jpg",1,meningioma,1,meningioma,0.0055884020,0.9778704643,0.0077579753,0.0087831877,0.20613054,0.79386945,0.00003452,0.00000821,1979
4524,"/kaggle/input/datasets/arafatrahmann/my-data221/Epic and CSCR hospital Dataset/Train/meningioma/Tr-me_0894.jpg",1,meningioma,1,meningioma,0.0056439894,0.9778081775,0.0080868322,0.0084609846,0.20517819,0.79482182,0.00005385,0.00001367,1992
4525,"/kaggle/input/datasets/arafatrahmann/my-data221/Epic and CSCR hospital Dataset/Train/meningioma/Tr-me_0895.jpg",1,meningioma,1,meningioma,0.0055273939,0.9779965281,0.0078787813,0.0085972631,0.15688919,0.84311082,0.00006957,0.00000708,1993
4535,"/kaggle/input/datasets/arafatrahmann/my-data221/Epic and CSCR hospital Dataset/Train/meningioma/Tr-me_0905.jpg",1,meningioma,1,meningioma,0.0061008558,0.9770752192,0.0076709255,0.0091530476,0.18516621,0.81483381,0.00005231,0.00001056,2000
4549,"/kaggle/input/datasets/arafatrahmann/my-data221/Epic and CSCR hospital Dataset/Train/meningioma/Tr-me_0919.jpg",1,meningioma,1,meningioma,0.0053455331,0.9777818918,0.0077550798,0.0091175046,0.13163038,0.86836962,0.00006914,0.00000789,2011
4550,"/kaggle/input/datasets/arafatrahmann/my-data221/Epic and CSCR hospital Dataset/Train/meningioma/Tr-me_0920.jpg",1,meningioma,1,meningioma,0.0059388382,0.9783145189,0.0077496604,0.0079970658,0.14926378,0.85073621,0.00007343,0.00000870,1488
4551,"/kaggle/input/datasets/arafatrahmann/my-data221/Epic and CSCR hospital Dataset/Train/meningioma/Tr-me_0921.jpg",1,meningioma,1,meningioma,0.0080919098,0.9765389562,0.0073907226,0.0079784300,0.22482537,0.77517462,0.00003620,0.00001037,2012
4556,"/kaggle/input/datasets/arafatrahmann/my-data221/Epic and CSCR hospital Dataset/Train/meningioma/Tr-me_0926.jpg",1,meningioma,1,meningioma,0.0054920549,0.9783867002,0.0078058681,0.0083153443,0.16250103,0.83749897,0.00005919,0.00001261,2015
4564,"/kaggle/input/datasets/arafatrahmann/my-data221/Epic and CSCR hospital Dataset/Train/meningioma/Tr-me_0934.jpg",1,meningioma,1,meningioma,0.0066179810,0.9680231214,0.0175403021,0.0078185815,0.35075651,0.64924350,0.00010998,0.00014011,2023
4567,"/kaggle/input/datasets/arafatrahmann/my-data221/Epic and CSCR hospital Dataset/Train/meningioma/Tr-me_0937.jpg",1,meningioma,1,meningioma,0.0058465800,0.9781374931,0.0077384063,0.0082775317,0.18020700,0.81979300,0.00004546,0.00001088,2026
4578,"/kaggle/input/datasets/arafatrahmann/my-data221/Epic and CSCR hospital Dataset/Train/meningioma/Tr-me_0948.jpg",1,meningioma,1,meningioma,0.0058266893,0.9773014188,0.0080635352,0.0088084470,0.14677547,0.85322455,0.00005483,0.00000977,2034
4581,"/kaggle/input/datasets/arafatrahmann/my-data221/Epic and CSCR hospital Dataset/Train/meningioma/Tr-me_0951.jpg",1,meningioma,1,meningioma,0.0053037768,0.9789124727,0.0077231815,0.0080605978,0.16165375,0.83834624,0.00005113,0.00001015,2036
4584,"/kaggle/input/datasets/arafatrahmann/my-data221/Epic and CSCR hospital Dataset/Train/meningioma/Tr-me_0954.jpg",1,meningioma,1,meningioma,0.0059492029,0.9781446457,0.0077090734,0.0081970552,0.15843287,0.84156713,0.00006816,0.00000949,2038
4585,"/kaggle/input/datasets/arafatrahmann/my-data221/Epic and CSCR hospital Dataset/Train/meningioma/Tr-me_0955.jpg",1,meningioma,1,meningioma,0.0065836832,0.9776700735,0.0077891471,0.0079570701,0.17911483,0.82088517,0.00005124,0.00001144,2039
4587,"/kaggle/input/datasets/arafatrahmann/my-data221/Epic and CSCR hospital Dataset/Train/meningioma/Tr-me_0957.jpg",1,meningioma,1,meningioma,0.0059268088,0.9783473015,0.0079965163,0.0077293478,0.15605608,0.84394393,0.00007291,0.00001043,2041
4606,"/kaggle/input/datasets/arafatrahmann/my-data221/Epic and CSCR hospital Dataset/Train/meningioma/Tr-me_0976.jpg",1,meningioma,1,meningioma,0.0061238594,0.9781471491,0.0079064220,0.0078226309,0.18255662,0.81744340,0.00004002,0.00000894,2059
4614,"/kaggle/input/datasets/arafatrahmann/my-data221/Epic and CSCR hospital Dataset/Train/meningioma/Tr-me_0984.jpg",1,meningioma,1,meningioma,0.0061821630,0.9783712626,0.0077241370,0.0077224909,0.16935582,0.83064418,0.00005379,0.00000943,2066
4623,"/kaggle/input/datasets/arafatrahmann/my-data221/Epic and CSCR hospital Dataset/Train/meningioma/Tr-me_0993.jpg",1,meningioma,1,meningioma,0.0057022013,0.9788468480,0.0077826106,0.0076683736,0.19119190,0.80880809,0.00005429,0.00001094,2071
4627,"/kaggle/input/datasets/arafatrahmann/my-data221/Epic and CSCR hospital Dataset/Train/meningioma/Tr-me_0997.jpg",1,meningioma,1,meningioma,0.0059322906,0.9775739908,0.0078275912,0.0086661009,0.18893613,0.81106385,0.00005141,0.00001054,2074
4628,"/kaggle/input/datasets/arafatrahmann/my-data221/Epic and CSCR hospital Dataset/Train/meningioma/Tr-me_0998.jpg",1,meningioma,1,meningioma,0.0058277864,0.9780220985,0.0078373142,0.0083128167,0.16971606,0.83028395,0.00005799,0.00001009,2074
4632,"/kaggle/input/datasets/arafatrahmann/my-data221/Epic and CSCR hospital Dataset/Train/meningioma/Tr-me_1002.jpg",1,meningioma,1,meningioma,0.0062991693,0.9775921702,0.0080832485,0.0080254395,0.18054423,0.81945577,0.00005622,0.00001091,2077
4645,"/kaggle/input/datasets/arafatrahmann/my-data221/Epic and CSCR hospital Dataset/Train/meningioma/Tr-me_1015.jpg",1,meningioma,1,meningioma,0.0060686665,0.9778312445,0.0075490423,0.0085510164,0.21538825,0.78461173,0.00004529,0.00001159,2086
4654,"/kaggle/input/datasets/arafatrahmann/my-data221/Epic and CSCR hospital Dataset/Train/meningioma/Tr-me_1024.jpg",1,meningioma,1,meningioma,0.0060978518,0.9781352878,0.0076651224,0.0081017045,0.15418841,0.84581159,0.00004911,0.00000924,2093
4660,"/kaggle/input/datasets/arafatrahmann/my-data221/Epic and CSCR hospital Dataset/Train/meningioma/Tr-me_1030.jpg",1,meningioma,1,meningioma,0.0218146034,0.9635272026,0.0065042535,0.0081540011,0.20575738,0.79424263,0.00008705,0.00003196,1514
4666,"/kaggle/input/datasets/arafatrahmann/my-data221/Epic and CSCR hospital Dataset/Train/meningioma/Tr-me_1036.jpg",1,meningioma,1,meningioma,0.0080208015,0.9505910873,0.0140959565,0.0272921175,0.55167104,0.44832897,0.00017196,0.00011122,1333
4667,"/kaggle/input/datasets/arafatrahmann/my-data221/Epic and CSCR hospital Dataset/Train/meningioma/Tr-me_1037.jpg",1,meningioma,1,meningioma,0.0062431297,0.7683652043,0.0126808537,0.2127108574,0.57468828,0.42531173,0.00012480,0.00025544,1333
4668,"/kaggle/input/datasets/arafatrahmann/my-data221/Epic and CSCR hospital Dataset/Train/meningioma/Tr-me_1038.jpg",1,meningioma,1,meningioma,0.0066123428,0.9735113382,0.0101011861,0.0097751254,0.29446701,0.70553300,0.00006331,0.00002419,1333
4670,"/kaggle/input/datasets/arafatrahmann/my-data221/Epic and CSCR hospital Dataset/Train/meningioma/Tr-me_1040.jpg",1,meningioma,1,meningioma,0.0072982972,0.9772220850,0.0075018541,0.0079777557,0.20319577,0.79680424,0.00004572,0.00000920,2100
4671,"/kaggle/input/datasets/arafatrahmann/my-data221/Epic and CSCR hospital Dataset/Train/meningioma/Tr-me_1041.jpg",1,meningioma,1,meningioma,0.0120274564,0.9719597101,0.0076707094,0.0083421813,0.21063069,0.78936930,0.00006954,0.00001554,2100
4672,"/kaggle/input/datasets/arafatrahmann/my-data221/Epic and CSCR hospital Dataset/Train/meningioma/Tr-me_1042.jpg",1,meningioma,1,meningioma,0.0066070063,0.9777927399,0.0084818602,0.0071183420,0.22030101,0.77969899,0.00005359,0.00001180,2101
4676,"/kaggle/input/datasets/arafatrahmann/my-data221/Epic and CSCR hospital Dataset/Train/meningioma/Tr-me_1046.jpg",1,meningioma,1,meningioma,0.0065583335,0.9761182666,0.0081221806,0.0092013134,0.24433677,0.75566324,0.00004829,0.00001174,1514
4677,"/kaggle/input/datasets/arafatrahmann/my-data221/Epic and CSCR hospital Dataset/Train/meningioma/Tr-me_1047.jpg",1,meningioma,1,meningioma,0.0064363843,0.9764441252,0.0076551773,0.0094642919,0.28880492,0.71119509,0.00004068,0.00001594,1514
4678,"/kaggle/input/datasets/arafatrahmann/my-data221/Epic and CSCR hospital Dataset/Train/meningioma/Tr-me_1048.jpg",1,meningioma,1,meningioma,0.0068204389,0.9769123793,0.0077850469,0.0084820474,0.17888430,0.82111570,0.00005154,0.00001165,2104
4681,"/kaggle/input/datasets/arafatrahmann/my-data221/Epic and CSCR hospital Dataset/Train/meningioma/Tr-me_1051.jpg",1,meningioma,1,meningioma,0.0051707113,0.9769306183,0.0082636457,0.0096350219,0.23584620,0.76415380,0.00003801,0.00001219,2106
4692,"/kaggle/input/datasets/arafatrahmann/my-data221/Epic and CSCR hospital Dataset/Train/meningioma/Tr-me_1062.jpg",1,meningioma,1,meningioma,0.0059248996,0.9676537514,0.0120617859,0.0143596651,0.37243740,0.62756263,0.00008776,0.00009088,2115
4700,"/kaggle/input/datasets/arafatrahmann/my-data221/Epic and CSCR hospital Dataset/Train/meningioma/Tr-me_1070.jpg",1,meningioma,1,meningioma,0.0056111282,0.9790503383,0.0076118312,0.0077266572,0.17702407,0.82297593,0.00004597,0.00000715,2122
4705,"/kaggle/input/datasets/arafatrahmann/my-data221/Epic and CSCR hospital Dataset/Train/meningioma/Tr-me_1075.jpg",1,meningioma,1,meningioma,0.0053122477,0.9779053926,0.0082858196,0.0084965955,0.21738409,0.78261591,0.00004239,0.00001307,2127
4709,"/kaggle/input/datasets/arafatrahmann/my-data221/Epic and CSCR hospital Dataset/Train/meningioma/Tr-me_1083.jpg",1,meningioma,1,meningioma,0.0062002600,0.9782794714,0.0084325960,0.0070876344,0.19607506,0.80392494,0.00006787,0.00001397,2131
4711,"/kaggle/input/datasets/arafatrahmann/my-data221/Epic and CSCR hospital Dataset/Train/meningioma/Tr-me_1085.jpg",1,meningioma,1,meningioma,0.0051956000,0.9781776667,0.0081827845,0.0084439572,0.21481976,0.78518024,0.00004244,0.00001102,2133
4712,"/kaggle/input/datasets/arafatrahmann/my-data221/Epic and CSCR hospital Dataset/Train/meningioma/Tr-me_1086.jpg",1,meningioma,1,meningioma,0.0078373719,0.9753368497,0.0075353011,0.0092905648,0.15257199,0.84742802,0.00005507,0.00001019,2134
4719,"/kaggle/input/datasets/arafatrahmann/my-data221/Epic and CSCR hospital Dataset/Train/meningioma/Tr-me_1102.jpg",1,meningioma,1,meningioma,0.0065114922,0.9771013260,0.0078813499,0.0085057504,0.21290043,0.78709958,0.00004322,0.00001317,2141
4720,"/kaggle/input/datasets/arafatrahmann/my-data221/Epic and CSCR hospital Dataset/Train/meningioma/Tr-me_1103.jpg",1,meningioma,1,meningioma,0.0060117180,0.9780591726,0.0079981629,0.0079308776,0.21619368,0.78380631,0.00004542,0.00001404,2142
4726,"/kaggle/input/datasets/arafatrahmann/my-data221/Epic and CSCR hospital Dataset/Train/meningioma/Tr-me_1109.jpg",1,meningioma,1,meningioma,0.0055380082,0.9783752561,0.0080078039,0.0080789514,0.12946898,0.87053102,0.00007756,0.00001023,2147
4730,"/kaggle/input/datasets/arafatrahmann/my-data221/Epic and CSCR hospital Dataset/Train/meningioma/Tr-me_1113.jpg",1,meningioma,1,meningioma,0.0058946982,0.9774943590,0.0073605208,0.0092504416,0.13743117,0.86256884,0.00005633,0.00000772,2150
4736,"/kaggle/input/datasets/arafatrahmann/my-data221/Epic and CSCR hospital Dataset/Train/meningioma/Tr-me_1119.jpg",1,meningioma,1,meningioma,0.0153284129,0.5260332227,0.0343169831,0.4243214130,0.56538561,0.43461439,0.00088259,0.00106210,1279
4742,"/kaggle/input/datasets/arafatrahmann/my-data221/Epic and CSCR hospital Dataset/Train/meningioma/Tr-me_1125.jpg",1,meningioma,1,meningioma,0.0057644523,0.9778512716,0.0080367532,0.0083475448,0.22279883,0.77720116,0.00004365,0.00001146,2160
4746,"/kaggle/input/datasets/arafatrahmann/my-data221/Epic and CSCR hospital Dataset/Train/meningioma/Tr-me_1129.jpg",1,meningioma,1,meningioma,0.0056699091,0.9749301672,0.0089848246,0.0104150195,0.21847573,0.78152427,0.00004666,0.00001581,2164
4755,"/kaggle/input/datasets/arafatrahmann/my-data221/Epic and CSCR hospital Dataset/Train/meningioma/Tr-me_1138.jpg",1,meningioma,1,meningioma,0.0052076597,0.9786931872,0.0080580628,0.0080411537,0.18209192,0.81790807,0.00004612,0.00000941,2171
4756,"/kaggle/input/datasets/arafatrahmann/my-data221/Epic and CSCR hospital Dataset/Train/meningioma/Tr-me_1139.jpg",1,meningioma,1,meningioma,0.0060964986,0.9779855013,0.0077436892,0.0081742974,0.23911071,0.76088929,0.00003253,0.00000878,1276
4757,"/kaggle/input/datasets/arafatrahmann/my-data221/Epic and CSCR hospital Dataset/Train/meningioma/Tr-me_1140.jpg",1,meningioma,1,meningioma,0.0058905203,0.9787335396,0.0077246511,0.0076513132,0.23792807,0.76207194,0.00003623,0.00001025,1276
4759,"/kaggle/input/datasets/arafatrahmann/my-data221/Epic and CSCR hospital Dataset/Train/meningioma/Tr-me_1142.jpg",1,meningioma,1,meningioma,0.0061153555,0.9769145250,0.0082865972,0.0086835492,0.20006314,0.79993688,0.00005753,0.00001426,2172
4767,"/kaggle/input/datasets/arafatrahmann/my-data221/Epic and CSCR hospital Dataset/Train/meningioma/Tr-me_1150.jpg",1,meningioma,1,meningioma,0.0102436775,0.9721338153,0.0076853954,0.0099371485,0.19503604,0.80496397,0.00005084,0.00001367,2178
4779,"/kaggle/input/datasets/arafatrahmann/my-data221/Epic and CSCR hospital Dataset/Train/meningioma/Tr-me_1162.jpg",1,meningioma,1,meningioma,0.0052830582,0.9781902432,0.0080494974,0.0084771216,0.19096546,0.80903454,0.00004123,0.00000896,2186
4787,"/kaggle/input/datasets/arafatrahmann/my-data221/Epic and CSCR hospital Dataset/Train/meningioma/Tr-me_1170.jpg",1,meningioma,1,meningioma,0.0068955943,0.9765262604,0.0081420820,0.0084360326,0.21265670,0.78734328,0.00004999,0.00001210,2191
4788,"/kaggle/input/datasets/arafatrahmann/my-data221/Epic and CSCR hospital Dataset/Train/meningioma/Tr-me_1171.jpg",1,meningioma,1,meningioma,0.0056132833,0.9780728221,0.0081259487,0.0081879245,0.17027032,0.82972968,0.00006018,0.00001175,2191
4798,"/kaggle/input/datasets/arafatrahmann/my-data221/Epic and CSCR hospital Dataset/Train/meningioma/Tr-me_1182.jpg",1,meningioma,1,meningioma,0.0064130560,0.9780139923,0.0083749080,0.0071979957,0.19894692,0.80105307,0.00006656,0.00001396,1391
4803,"/kaggle/input/datasets/arafatrahmann/my-data221/Epic and CSCR hospital Dataset/Train/meningioma/Tr-me_1187.jpg",1,meningioma,1,meningioma,0.0053279148,0.9777873755,0.0077065192,0.0091781886,0.13840330,0.86159670,0.00006868,0.00000973,2196
4805,"/kaggle/input/datasets/arafatrahmann/my-data221/Epic and CSCR hospital Dataset/Train/meningioma/Tr-me_1189.jpg",1,meningioma,1,meningioma,0.0056419531,0.9769330025,0.0076207654,0.0098042432,0.19547617,0.80452385,0.00003853,0.00000690,1395
4807,"/kaggle/input/datasets/arafatrahmann/my-data221/Epic and CSCR hospital Dataset/Train/meningioma/Tr-me_1191.jpg",1,meningioma,1,meningioma,0.0059345695,0.9784609079,0.0072865896,0.0083178561,0.16081905,0.83918095,0.00004861,0.00000883,1397
4812,"/kaggle/input/datasets/arafatrahmann/my-data221/Epic and CSCR hospital Dataset/Train/meningioma/Tr-me_1196.jpg",1,meningioma,1,meningioma,0.0056226025,0.9783857465,0.0080332952,0.0079583656,0.20406091,0.79593910,0.00005347,0.00001353,1405
4813,"/kaggle/input/datasets/arafatrahmann/my-data221/Epic and CSCR hospital Dataset/Train/meningioma/Tr-me_1197.jpg",1,meningioma,1,meningioma,0.0055890209,0.9783352613,0.0081283972,0.0079473136,0.18917612,0.81082388,0.00005051,0.00001177,1406
4814,"/kaggle/input/datasets/arafatrahmann/my-data221/Epic and CSCR hospital Dataset/Train/meningioma/Tr-me_1198.jpg",1,meningioma,1,meningioma,0.0057418095,0.9785753489,0.0083762547,0.0073066102,0.14667810,0.85332190,0.00005788,0.00000964,1254
4815,"/kaggle/input/datasets/arafatrahmann/my-data221/Epic and CSCR hospital Dataset/Train/meningioma/Tr-me_1199.jpg",1,meningioma,1,meningioma,0.0069165691,0.9773643613,0.0081825554,0.0075366264,0.17354112,0.82645887,0.00005035,0.00001069,1254
4835,"/kaggle/input/datasets/arafatrahmann/my-data221/Epic and CSCR hospital Dataset/Train/meningioma/Tr-me_1219.jpg",1,meningioma,1,meningioma,0.0051128780,0.9789841771,0.0079834685,0.0079194838,0.17658339,0.82341660,0.00004570,0.00001006,1421
4838,"/kaggle/input/datasets/arafatrahmann/my-data221/Epic and CSCR hospital Dataset/Train/meningioma/Tr-me_1223.jpg",1,meningioma,1,meningioma,0.0056219995,0.9776934385,0.0074377856,0.0092467656,0.17757316,0.82242685,0.00003829,0.00000690,2200
4840,"/kaggle/input/datasets/arafatrahmann/my-data221/Epic and CSCR hospital Dataset/Train/meningioma/Tr-me_1225.jpg",1,meningioma,1,meningioma,0.0060261707,0.9774340391,0.0072850608,0.0092546707,0.20734902,0.79265099,0.00004551,0.00000921,2202
4845,"/kaggle/input/datasets/arafatrahmann/my-data221/Epic and CSCR hospital Dataset/Train/meningioma/Tr-me_1231.jpg",1,meningioma,1,meningioma,0.0070187314,0.9769357443,0.0078180535,0.0082274368,0.17276790,0.82723210,0.00004385,0.00000924,2207
4849,"/kaggle/input/datasets/arafatrahmann/my-data221/Epic and CSCR hospital Dataset/Train/meningioma/Tr-me_1236.jpg",1,meningioma,1,meningioma,0.0064702071,0.9774669409,0.0076549412,0.0084079001,0.22398074,0.77601926,0.00008005,0.00001132,2210
4850,"/kaggle/input/datasets/arafatrahmann/my-data221/Epic and CSCR hospital Dataset/Train/meningioma/Tr-me_1237.jpg",1,meningioma,1,meningioma,0.0060573407,0.9774253964,0.0076906225,0.0088266628,0.16211504,0.83788497,0.00004404,0.00000817,2210
4853,"/kaggle/input/datasets/arafatrahmann/my-data221/Epic and CSCR hospital Dataset/Train/meningioma/Tr-me_1241.jpg",1,meningioma,1,meningioma,0.0053253770,0.9786695242,0.0080559039,0.0079491455,0.17671154,0.82328848,0.00004371,0.00001003,2212
4859,"/kaggle/input/datasets/arafatrahmann/my-data221/Epic and CSCR hospital Dataset/Train/meningioma/Tr-me_1248.jpg",1,meningioma,1,meningioma,0.0055514323,0.9786764383,0.0077349907,0.0080372039,0.15257133,0.84742868,0.00007881,0.00001023,2217
4877,"/kaggle/input/datasets/arafatrahmann/my-data221/Epic and CSCR hospital Dataset/Train/meningioma/Tr-me_1290.jpg",1,meningioma,1,meningioma,0.0056205029,0.9782575369,0.0079020709,0.0082198931,0.18412231,0.81587770,0.00006009,0.00001019,2226
4878,"/kaggle/input/datasets/arafatrahmann/my-data221/Epic and CSCR hospital Dataset/Train/meningioma/Tr-me_1291.jpg",1,meningioma,1,meningioma,0.0070751458,0.9768986702,0.0078431955,0.0081829512,0.20711604,0.79288395,0.00006271,0.00001488,1411
4890,"/kaggle/input/datasets/arafatrahmann/my-data221/Epic and CSCR hospital Dataset/Train/meningioma/Tr-me_1336.jpg",1,meningioma,3,pituitary,0.0078744125,0.0153230652,0.0075443760,0.9692581296,0.91398058,0.08601941,0.00000550,0.00012174,2233
4902,"/kaggle/input/datasets/arafatrahmann/my-data221/Epic and CSCR hospital Dataset/Train/meningioma/m1(72).jpg",1,meningioma,1,meningioma,0.0051869364,0.9778144956,0.0078365821,0.0091619389,0.15764585,0.84235416,0.00005892,0.00000849,1710
4908,"/kaggle/input/datasets/arafatrahmann/my-data221/Epic and CSCR hospital Dataset/Train/meningioma/m1(78).jpg",1,meningioma,1,meningioma,0.0050519649,0.9777665138,0.0082039926,0.0089775668,0.16613734,0.83386266,0.00005725,0.00001103,1700
4909,"/kaggle/input/datasets/arafatrahmann/my-data221/Epic and CSCR hospital Dataset/Train/meningioma/m1(79).jpg",1,meningioma,1,meningioma,0.0050223288,0.9777487516,0.0081147989,0.0091141332,0.16186412,0.83813587,0.00006138,0.00000920,1700
4911,"/kaggle/input/datasets/arafatrahmann/my-data221/Epic and CSCR hospital Dataset/Train/meningioma/m1(80).jpg",1,meningioma,1,meningioma,0.0173100792,0.9631667137,0.0072210329,0.0123021919,0.23224302,0.76775699,0.00006613,0.00002154,1713
4918,"/kaggle/input/datasets/arafatrahmann/my-data221/Epic and CSCR hospital Dataset/Train/meningioma/m1(87).jpg",1,meningioma,1,meningioma,0.0055527254,0.9783335924,0.0077525093,0.0083611701,0.20611751,0.79388250,0.00005145,0.00001003,1720
4934,"/kaggle/input/datasets/arafatrahmann/my-data221/Epic and CSCR hospital Dataset/Train/meningioma/m2 (100).jpg",1,meningioma,1,meningioma,0.0058787963,0.9769676924,0.0080014495,0.0091520417,0.16552848,0.83447152,0.00005619,0.00001041,1727
4938,"/kaggle/input/datasets/arafatrahmann/my-data221/Epic and CSCR hospital Dataset/Train/meningioma/m2 (104).jpg",1,meningioma,1,meningioma,0.0091104405,0.9746476412,0.0075575626,0.0086844191,0.19056040,0.80943958,0.00004126,0.00001061,1731
4940,"/kaggle/input/datasets/arafatrahmann/my-data221/Epic and CSCR hospital Dataset/Train/meningioma/m2 (106).jpg",1,meningioma,1,meningioma,0.0056572710,0.9772710800,0.0077067399,0.0093649551,0.23858038,0.76141962,0.00003798,0.00001018,1733
4946,"/kaggle/input/datasets/arafatrahmann/my-data221/Epic and CSCR hospital Dataset/Train/meningioma/m2 (111).jpg",1,meningioma,1,meningioma,0.0058659757,0.9781144261,0.0076331282,0.0083865169,0.14845134,0.85154867,0.00006728,0.00000890,1738
4947,"/kaggle/input/datasets/arafatrahmann/my-data221/Epic and CSCR hospital Dataset/Train/meningioma/m2 (112).jpg",1,meningioma,1,meningioma,0.0059114890,0.9785855412,0.0075967633,0.0079061780,0.22690939,0.77309059,0.00004037,0.00001125,1739
4951,"/kaggle/input/datasets/arafatrahmann/my-data221/Epic and CSCR hospital Dataset/Train/meningioma/m2 (116).jpg",1,meningioma,1,meningioma,0.0052708043,0.9783757925,0.0080656605,0.0082877530,0.20506936,0.79493064,0.00004899,0.00001137,1743
4954,"/kaggle/input/datasets/arafatrahmann/my-data221/Epic and CSCR hospital Dataset/Train/meningioma/m2 (119).jpg",1,meningioma,1,meningioma,0.0049009989,0.9777613878,0.0080299256,0.0093076807,0.13725228,0.86274772,0.00006023,0.00000828,1746
4964,"/kaggle/input/datasets/arafatrahmann/my-data221/Epic and CSCR hospital Dataset/Train/meningioma/m2 (128).jpg",1,meningioma,1,meningioma,0.0057814112,0.9779608846,0.0078097680,0.0084479731,0.14973669,0.85026330,0.00006331,0.00000979,1754
4977,"/kaggle/input/datasets/arafatrahmann/my-data221/Epic and CSCR hospital Dataset/Train/meningioma/m2 (14).jpg",1,meningioma,1,meningioma,0.0052407077,0.9782391787,0.0079671508,0.0085530672,0.15675831,0.84324169,0.00006508,0.00001160,1765
4983,"/kaggle/input/datasets/arafatrahmann/my-data221/Epic and CSCR hospital Dataset/Train/meningioma/m2 (145).jpg",1,meningioma,1,meningioma,0.0053699776,0.9788817167,0.0076737502,0.0080744578,0.18128262,0.81871737,0.00003810,0.00000974,1771
4985,"/kaggle/input/datasets/arafatrahmann/my-data221/Epic and CSCR hospital Dataset/Train/meningioma/m2 (147).jpg",1,meningioma,1,meningioma,0.0086179357,0.9746835828,0.0076328134,0.0090656672,0.15408955,0.84591044,0.00007621,0.00001315,1773
4989,"/kaggle/input/datasets/arafatrahmann/my-data221/Epic and CSCR hospital Dataset/Train/meningioma/m2 (150).jpg",1,meningioma,1,meningioma,0.0067281416,0.9767980576,0.0076859584,0.0087878611,0.16104039,0.83895960,0.00004702,0.00000995,1777
4990,"/kaggle/input/datasets/arafatrahmann/my-data221/Epic and CSCR hospital Dataset/Train/meningioma/m2 (151).jpg",1,meningioma,1,meningioma,0.0063415570,0.9781211615,0.0079112686,0.0076260641,0.16297722,0.83702278,0.00006477,0.00001319,1778
5000,"/kaggle/input/datasets/arafatrahmann/my-data221/Epic and CSCR hospital Dataset/Train/meningioma/m2 (160).jpg",1,meningioma,1,meningioma,0.0056341002,0.9785831571,0.0076433709,0.0081393896,0.16921856,0.83078143,0.00004638,0.00001008,1787
5002,"/kaggle/input/datasets/arafatrahmann/my-data221/Epic and CSCR hospital Dataset/Train/meningioma/m2 (162).jpg",1,meningioma,1,meningioma,0.0063443854,0.9784516096,0.0075340644,0.0076699466,0.16826367,0.83173635,0.00004911,0.00000905,1789
5004,"/kaggle/input/datasets/arafatrahmann/my-data221/Epic and CSCR hospital Dataset/Train/meningioma/m2 (164).jpg",1,meningioma,1,meningioma,0.0057986835,0.9780097008,0.0077829720,0.0084086964,0.20082865,0.79917135,0.00004708,0.00000992,1791
5009,"/kaggle/input/datasets/arafatrahmann/my-data221/Epic and CSCR hospital Dataset/Train/meningioma/m2 (169).jpg",1,meningioma,1,meningioma,0.0073740981,0.9764341116,0.0076673753,0.0085244533,0.25268095,0.74731905,0.00003842,0.00001399,1796
5016,"/kaggle/input/datasets/arafatrahmann/my-data221/Epic and CSCR hospital Dataset/Train/meningioma/m2 (175).jpg",1,meningioma,1,meningioma,0.0057494398,0.9774998426,0.0083938241,0.0083568953,0.27488171,0.72511828,0.00004617,0.00001281,1803
5017,"/kaggle/input/datasets/arafatrahmann/my-data221/Epic and CSCR hospital Dataset/Train/meningioma/m2 (176).jpg",1,meningioma,1,meningioma,0.0055167233,0.9786731601,0.0078314412,0.0079786638,0.13569435,0.86430566,0.00008621,0.00000894,1803
5024,"/kaggle/input/datasets/arafatrahmann/my-data221/Epic and CSCR hospital Dataset/Train/meningioma/m2 (22).jpg",1,meningioma,1,meningioma,0.0057354625,0.9774487615,0.0078750672,0.0089407619,0.16006774,0.83993227,0.00008204,0.00001228,1807
5031,"/kaggle/input/datasets/arafatrahmann/my-data221/Epic and CSCR hospital Dataset/Train/meningioma/m2 (29).jpg",1,meningioma,1,meningioma,0.0053858692,0.9784284830,0.0081437044,0.0080421073,0.22159925,0.77840074,0.00003768,0.00001067,1812
5038,"/kaggle/input/datasets/arafatrahmann/my-data221/Epic and CSCR hospital Dataset/Train/meningioma/m2 (35).jpg",1,meningioma,1,meningioma,0.0054007471,0.9775707126,0.0077614635,0.0092670927,0.13921514,0.86078485,0.00005344,0.00000796,1817
5042,"/kaggle/input/datasets/arafatrahmann/my-data221/Epic and CSCR hospital Dataset/Train/meningioma/m2 (39).jpg",1,meningioma,1,meningioma,0.0059379917,0.9769512415,0.0081716236,0.0089392019,0.18200691,0.81799309,0.00006615,0.00001380,1262
5043,"/kaggle/input/datasets/arafatrahmann/my-data221/Epic and CSCR hospital Dataset/Train/meningioma/m2 (4).jpg",1,meningioma,1,meningioma,0.0057626562,0.9781557918,0.0074110813,0.0086704185,0.18879065,0.81120937,0.00004592,0.00000972,1821
5044,"/kaggle/input/datasets/arafatrahmann/my-data221/Epic and CSCR hospital Dataset/Train/meningioma/m2 (40).jpg",1,meningioma,1,meningioma,0.0060061337,0.9784525037,0.0077749416,0.0077664703,0.22396114,0.77603885,0.00004201,0.00000985,1262
5045,"/kaggle/input/datasets/arafatrahmann/my-data221/Epic and CSCR hospital Dataset/Train/meningioma/m2 (41).jpg",1,meningioma,1,meningioma,0.0061239437,0.9785147905,0.0076997774,0.0076614716,0.20724730,0.79275271,0.00004082,0.00001029,1262
5047,"/kaggle/input/datasets/arafatrahmann/my-data221/Epic and CSCR hospital Dataset/Train/meningioma/m2 (43).jpg",1,meningioma,1,meningioma,0.0059841261,0.9780352712,0.0075162984,0.0084643941,0.24039090,0.75960910,0.00003512,0.00001226,1823
5056,"/kaggle/input/datasets/arafatrahmann/my-data221/Epic and CSCR hospital Dataset/Train/meningioma/m2 (51).jpg",1,meningioma,1,meningioma,0.0062734382,0.9776199460,0.0079373922,0.0081692357,0.16703747,0.83296254,0.00004441,0.00000900,1832
5066,"/kaggle/input/datasets/arafatrahmann/my-data221/Epic and CSCR hospital Dataset/Train/meningioma/m2 (60).jpg",1,meningioma,1,meningioma,0.0125704259,0.9722181559,0.0069025708,0.0083088446,0.17687142,0.82312857,0.00006933,0.00001280,1840
5076,"/kaggle/input/datasets/arafatrahmann/my-data221/Epic and CSCR hospital Dataset/Train/meningioma/m2 (7).jpg",1,meningioma,1,meningioma,0.0062624714,0.9781079292,0.0076852068,0.0079444842,0.13895854,0.86104146,0.00006625,0.00000968,1845
5078,"/kaggle/input/datasets/arafatrahmann/my-data221/Epic and CSCR hospital Dataset/Train/meningioma/m2 (71).jpg",1,meningioma,1,meningioma,0.0082227290,0.9765504599,0.0074094022,0.0078174649,0.14247263,0.85752737,0.00006393,0.00001036,1846
5079,"/kaggle/input/datasets/arafatrahmann/my-data221/Epic and CSCR hospital Dataset/Train/meningioma/m2 (72).jpg",1,meningioma,1,meningioma,0.0091201086,0.9752131701,0.0077364929,0.0079302434,0.18078264,0.81921736,0.00005517,0.00001184,1847
5085,"/kaggle/input/datasets/arafatrahmann/my-data221/Epic and CSCR hospital Dataset/Train/meningioma/m2 (78).jpg",1,meningioma,1,meningioma,0.0061826222,0.9776376486,0.0075411648,0.0086385505,0.16457280,0.83542719,0.00006480,0.00001038,1852
5094,"/kaggle/input/datasets/arafatrahmann/my-data221/Epic and CSCR hospital Dataset/Train/meningioma/m2 (86).jpg",1,meningioma,1,meningioma,0.0057538333,0.9781316519,0.0078239515,0.0082904818,0.20276228,0.79723772,0.00004158,0.00000872,1861
5097,"/kaggle/input/datasets/arafatrahmann/my-data221/Epic and CSCR hospital Dataset/Train/meningioma/m2 (89).jpg",1,meningioma,1,meningioma,0.0054440573,0.9781854749,0.0078797545,0.0084907617,0.13128286,0.86871714,0.00006387,0.00000914,1863
5099,"/kaggle/input/datasets/arafatrahmann/my-data221/Epic and CSCR hospital Dataset/Train/meningioma/m2 (90).jpg",1,meningioma,1,meningioma,0.0058486434,0.9776891470,0.0077059278,0.0087561943,0.20494273,0.79505726,0.00004954,0.00001119,1863
5105,"/kaggle/input/datasets/arafatrahmann/my-data221/Epic and CSCR hospital Dataset/Train/meningioma/m2 (96).jpg",1,meningioma,1,meningioma,0.0063333749,0.9780925512,0.0078293905,0.0077446573,0.24883179,0.75116822,0.00003707,0.00001010,1869
5109,"/kaggle/input/datasets/arafatrahmann/my-data221/Epic and CSCR hospital Dataset/Train/meningioma/m3 (1).jpg",1,meningioma,1,meningioma,0.0074385195,0.9748075604,0.0080340514,0.0097198691,0.17032892,0.82967110,0.00006261,0.00001145,1873
5111,"/kaggle/input/datasets/arafatrahmann/my-data221/Epic and CSCR hospital Dataset/Train/meningioma/m3 (100).jpg",1,meningioma,1,meningioma,0.0051123663,0.9780993462,0.0077661658,0.0090220291,0.13683555,0.86316445,0.00005405,0.00000683,1874
5121,"/kaggle/input/datasets/arafatrahmann/my-data221/Epic and CSCR hospital Dataset/Train/meningioma/m3 (11).jpg",1,meningioma,1,meningioma,0.0060993852,0.9778121710,0.0076924092,0.0083959335,0.17067349,0.82932651,0.00003613,0.00000810,1884
5124,"/kaggle/input/datasets/arafatrahmann/my-data221/Epic and CSCR hospital Dataset/Train/meningioma/m3 (112).jpg",1,meningioma,1,meningioma,0.0065627685,0.9780917168,0.0079413224,0.0074042403,0.27102993,0.72897007,0.00003664,0.00001189,1887
5127,"/kaggle/input/datasets/arafatrahmann/my-data221/Epic and CSCR hospital Dataset/Train/meningioma/m3 (115).jpg",1,meningioma,1,meningioma,0.0065438086,0.9778560400,0.0080527430,0.0075473124,0.20815882,0.79184119,0.00004220,0.00001153,1889
5128,"/kaggle/input/datasets/arafatrahmann/my-data221/Epic and CSCR hospital Dataset/Train/meningioma/m3 (116).jpg",1,meningioma,1,meningioma,0.0065048463,0.9771494865,0.0076482235,0.0086974436,0.20277621,0.79722379,0.00005577,0.00000991,1890
5140,"/kaggle/input/datasets/arafatrahmann/my-data221/Epic and CSCR hospital Dataset/Train/meningioma/m3 (127).jpg",1,meningioma,1,meningioma,0.0060718437,0.9785571098,0.0081096329,0.0072615035,0.16225472,0.83774528,0.00006097,0.00001254,1900
5145,"/kaggle/input/datasets/arafatrahmann/my-data221/Epic and CSCR hospital Dataset/Train/meningioma/m3 (131).jpg",1,meningioma,1,meningioma,0.0085490048,0.9766832590,0.0081352359,0.0066325688,0.22115471,0.77884529,0.00004188,0.00000934,2237
5148,"/kaggle/input/datasets/arafatrahmann/my-data221/Epic and CSCR hospital Dataset/Train/meningioma/m3 (134).jpg",1,meningioma,0,glioma,0.9779074788,0.0055477284,0.0075879856,0.0089568105,0.09145971,0.90854027,0.00008498,0.00000450,2240
5150,"/kaggle/input/datasets/arafatrahmann/my-data221/Epic and CSCR hospital Dataset/Train/meningioma/m3 (136).jpg",1,meningioma,0,glioma,0.5832031965,0.4049916267,0.0058672102,0.0059379912,0.12965270,0.87034731,0.00407916,0.00065157,2242
5161,"/kaggle/input/datasets/arafatrahmann/my-data221/Epic and CSCR hospital Dataset/Train/meningioma/m3 (147).jpg",1,meningioma,1,meningioma,0.0061016879,0.9770743251,0.0078458348,0.0089781974,0.19302093,0.80697907,0.00003623,0.00000906,1840
5164,"/kaggle/input/datasets/arafatrahmann/my-data221/Epic and CSCR hospital Dataset/Train/meningioma/m3 (15).jpg",1,meningioma,1,meningioma,0.0058749658,0.9785665274,0.0078336447,0.0077248118,0.20129350,0.79870649,0.00004655,0.00000977,1909
5171,"/kaggle/input/datasets/arafatrahmann/my-data221/Epic and CSCR hospital Dataset/Train/meningioma/m3 (156).jpg",1,meningioma,1,meningioma,0.0059681647,0.9778842926,0.0075470833,0.0086004939,0.26381561,0.73618441,0.00003825,0.00001098,1914
5173,"/kaggle/input/datasets/arafatrahmann/my-data221/Epic and CSCR hospital Dataset/Train/meningioma/m3 (158).jpg",1,meningioma,1,meningioma,0.0055984212,0.9785086513,0.0077449540,0.0081479233,0.16336404,0.83663595,0.00005040,0.00000860,1916
5188,"/kaggle/input/datasets/arafatrahmann/my-data221/Epic and CSCR hospital Dataset/Train/meningioma/m3 (175).jpg",1,meningioma,1,meningioma,0.0055667260,0.9780213237,0.0084205028,0.0079913978,0.19296872,0.80703126,0.00004862,0.00001189,2250
5197,"/kaggle/input/datasets/arafatrahmann/my-data221/Epic and CSCR hospital Dataset/Train/meningioma/m3 (184).jpg",1,meningioma,1,meningioma,0.0051793340,0.9782652855,0.0081843231,0.0083710961,0.18961103,0.81038899,0.00004662,0.00001126,2256
5206,"/kaggle/input/datasets/arafatrahmann/my-data221/Epic and CSCR hospital Dataset/Train/notumor/14 no.jpg",2,notumor,2,notumor,0.0050562238,0.0067394385,0.9800540209,0.0081502702,0.11486284,0.88513716,0.00006806,0.00000463,2265
5208,"/kaggle/input/datasets/arafatrahmann/my-data221/Epic and CSCR hospital Dataset/Train/notumor/1587.jpg",2,notumor,2,notumor,0.0050505381,0.0065478445,0.9798128009,0.0085887937,0.10469198,0.89530802,0.00007713,0.00000479,2267
5223,"/kaggle/input/datasets/arafatrahmann/my-data221/Epic and CSCR hospital Dataset/Train/notumor/1602.jpg",2,notumor,2,notumor,0.0054089879,0.0063055260,0.9804118276,0.0078737084,0.11002613,0.88997387,0.00006419,0.00000492,2282
5225,"/kaggle/input/datasets/arafatrahmann/my-data221/Epic and CSCR hospital Dataset/Train/notumor/1604.jpg",2,notumor,2,notumor,0.0048710718,0.0065908148,0.9805167913,0.0080212168,0.15108341,0.84891658,0.00005512,0.00000627,2284
5230,"/kaggle/input/datasets/arafatrahmann/my-data221/Epic and CSCR hospital Dataset/Train/notumor/1609.jpg",2,notumor,2,notumor,0.0054783244,0.0057923226,0.9804279208,0.0083014518,0.11563629,0.88436370,0.00005713,0.00000487,2282
5232,"/kaggle/input/datasets/arafatrahmann/my-data221/Epic and CSCR hospital Dataset/Train/notumor/1611.jpg",2,notumor,2,notumor,0.0054292246,0.0066838884,0.9802265167,0.0076604364,0.10759522,0.89240476,0.00005981,0.00000492,2289
5233,"/kaggle/input/datasets/arafatrahmann/my-data221/Epic and CSCR hospital Dataset/Train/notumor/1612.jpg",2,notumor,2,notumor,0.0052174996,0.0061842925,0.9801230431,0.0084751323,0.10710790,0.89289209,0.00006690,0.00000501,2290
5242,"/kaggle/input/datasets/arafatrahmann/my-data221/Epic and CSCR hospital Dataset/Train/notumor/1621.jpg",2,notumor,2,notumor,0.0055660484,0.0057030716,0.9807699919,0.0079608792,0.13390423,0.86609576,0.00004906,0.00000574,2299
5247,"/kaggle/input/datasets/arafatrahmann/my-data221/Epic and CSCR hospital Dataset/Train/notumor/1626.jpg",2,notumor,2,notumor,0.0051416797,0.0065888232,0.9799707532,0.0082987882,0.09786161,0.90213838,0.00007809,0.00000515,2303
5252,"/kaggle/input/datasets/arafatrahmann/my-data221/Epic and CSCR hospital Dataset/Train/notumor/1631.jpg",2,notumor,2,notumor,0.0053374823,0.0061913063,0.9804342389,0.0080369655,0.11285680,0.88714319,0.00005386,0.00000505,2307
5256,"/kaggle/input/datasets/arafatrahmann/my-data221/Epic and CSCR hospital Dataset/Train/notumor/1635.jpg",2,notumor,2,notumor,0.0049958057,0.0068365978,0.9798966646,0.0082709305,0.11061106,0.88938894,0.00006191,0.00000542,2310
5258,"/kaggle/input/datasets/arafatrahmann/my-data221/Epic and CSCR hospital Dataset/Train/notumor/1637.jpg",2,notumor,2,notumor,0.0049571064,0.0067978478,0.9801141024,0.0081310077,0.11679677,0.88320324,0.00005331,0.00000508,2311
5274,"/kaggle/input/datasets/arafatrahmann/my-data221/Epic and CSCR hospital Dataset/Train/notumor/1653.jpg",2,notumor,2,notumor,0.0056765592,0.0066063949,0.9804285169,0.0072885454,0.10834457,0.89165542,0.00007762,0.00000527,2321
5277,"/kaggle/input/datasets/arafatrahmann/my-data221/Epic and CSCR hospital Dataset/Train/notumor/1656.jpg",2,notumor,2,notumor,0.0054929112,0.0067294515,0.9801113009,0.0076662851,0.09490359,0.90509642,0.00007398,0.00000463,2323
5279,"/kaggle/input/datasets/arafatrahmann/my-data221/Epic and CSCR hospital Dataset/Train/notumor/1658.jpg",2,notumor,2,notumor,0.0054930719,0.0065332362,0.9802563787,0.0077173626,0.09673672,0.90326328,0.00007111,0.00000474,2311
5283,"/kaggle/input/datasets/arafatrahmann/my-data221/Epic and CSCR hospital Dataset/Train/notumor/1662.jpg",2,notumor,2,notumor,0.0052320566,0.0060476195,0.9802507162,0.0084696440,0.10343582,0.89656416,0.00007055,0.00000371,2326
5284,"/kaggle/input/datasets/arafatrahmann/my-data221/Epic and CSCR hospital Dataset/Train/notumor/1663.jpg",2,notumor,2,notumor,0.0052498248,0.0061063664,0.9802042246,0.0084396731,0.10902054,0.89097946,0.00007561,0.00000454,2327
5286,"/kaggle/input/datasets/arafatrahmann/my-data221/Epic and CSCR hospital Dataset/Train/notumor/1665.jpg",2,notumor,2,notumor,0.0050735851,0.0065484541,0.9799636006,0.0084144864,0.10732597,0.89267402,0.00007063,0.00000483,2289
5291,"/kaggle/input/datasets/arafatrahmann/my-data221/Epic and CSCR hospital Dataset/Train/notumor/1670.jpg",2,notumor,2,notumor,0.0054070158,0.0061442968,0.9801862836,0.0082623865,0.10629131,0.89370869,0.00007336,0.00000480,2332
5306,"/kaggle/input/datasets/arafatrahmann/my-data221/Epic and CSCR hospital Dataset/Train/notumor/1685.jpg",2,notumor,2,notumor,0.0050213709,0.0064832838,0.9801961780,0.0082990536,0.11587040,0.88412960,0.00006583,0.00000581,2344
5310,"/kaggle/input/datasets/arafatrahmann/my-data221/Epic and CSCR hospital Dataset/Train/notumor/1689.jpg",2,notumor,2,notumor,0.0051401178,0.0065452745,0.9801471829,0.0081673833,0.11214818,0.88785183,0.00005358,0.00000500,2345
5321,"/kaggle/input/datasets/arafatrahmann/my-data221/Epic and CSCR hospital Dataset/Train/notumor/17 no.jpg",2,notumor,2,notumor,0.0050894478,0.0061280341,0.9807100296,0.0080725141,0.13567246,0.86432753,0.00004897,0.00000450,2355
5322,"/kaggle/input/datasets/arafatrahmann/my-data221/Epic and CSCR hospital Dataset/Train/notumor/1700.jpg",2,notumor,2,notumor,0.0057184785,0.0065907426,0.9802689552,0.0074218260,0.09365712,0.90634289,0.00008697,0.00000451,2356
5324,"/kaggle/input/datasets/arafatrahmann/my-data221/Epic and CSCR hospital Dataset/Train/notumor/1702.jpg",2,notumor,2,notumor,0.0061841854,0.0057624988,0.9803888202,0.0076644802,0.09327230,0.90672771,0.00006957,0.00000406,2357
5329,"/kaggle/input/datasets/arafatrahmann/my-data221/Epic and CSCR hospital Dataset/Train/notumor/1707.jpg",2,notumor,2,notumor,0.0050232313,0.0066116601,0.9796978235,0.0086672958,0.09401979,0.90598021,0.00010004,0.00000410,2289
5332,"/kaggle/input/datasets/arafatrahmann/my-data221/Epic and CSCR hospital Dataset/Train/notumor/1710.jpg",2,notumor,2,notumor,0.0050401143,0.0067714890,0.9798420072,0.0083463890,0.09726897,0.90273103,0.00008918,0.00000473,2311
5335,"/kaggle/input/datasets/arafatrahmann/my-data221/Epic and CSCR hospital Dataset/Train/notumor/1713.jpg",2,notumor,2,notumor,0.0051889508,0.0066141291,0.9801304936,0.0080664400,0.10868503,0.89131498,0.00007433,0.00000579,2362
5340,"/kaggle/input/datasets/arafatrahmann/my-data221/Epic and CSCR hospital Dataset/Train/notumor/1718.jpg",2,notumor,2,notumor,0.0050899941,0.0067142202,0.9800949097,0.0081008514,0.10740216,0.89259784,0.00005573,0.00000482,2365
5346,"/kaggle/input/datasets/arafatrahmann/my-data221/Epic and CSCR hospital Dataset/Train/notumor/1724.jpg",2,notumor,2,notumor,0.0055540940,0.0066883126,0.9801833034,0.0075743208,0.10190826,0.89809175,0.00008534,0.00000591,2332
5347,"/kaggle/input/datasets/arafatrahmann/my-data221/Epic and CSCR hospital Dataset/Train/notumor/1725.jpg",2,notumor,2,notumor,0.0051420373,0.0065723853,0.9800740480,0.0082115028,0.10894269,0.89105732,0.00007208,0.00000559,2345
5357,"/kaggle/input/datasets/arafatrahmann/my-data221/Epic and CSCR hospital Dataset/Train/notumor/1735.jpg",2,notumor,2,notumor,0.0053256550,0.0061161355,0.9799894094,0.0085687535,0.09325794,0.90674205,0.00009684,0.00000411,2327
5361,"/kaggle/input/datasets/arafatrahmann/my-data221/Epic and CSCR hospital Dataset/Train/notumor/1739.jpg",2,notumor,2,notumor,0.0053348476,0.0062259929,0.9802513123,0.0081879217,0.10641022,0.89358976,0.00005766,0.00000457,2378
5374,"/kaggle/input/datasets/arafatrahmann/my-data221/Epic and CSCR hospital Dataset/Train/notumor/1752.jpg",2,notumor,2,notumor,0.0056634615,0.0058155521,0.9808133841,0.0077075241,0.12902952,0.87097046,0.00005214,0.00000546,2389
5386,"/kaggle/input/datasets/arafatrahmann/my-data221/Epic and CSCR hospital Dataset/Train/notumor/1764.jpg",2,notumor,2,notumor,0.0055173174,0.0061425404,0.9808460474,0.0074941674,0.14274898,0.85725101,0.00003835,0.00000497,2396
5391,"/kaggle/input/datasets/arafatrahmann/my-data221/Epic and CSCR hospital Dataset/Train/notumor/1769.jpg",2,notumor,2,notumor,0.0050696610,0.0065903226,0.9798480868,0.0084919306,0.09799696,0.90200303,0.00007473,0.00000406,2289
5394,"/kaggle/input/datasets/arafatrahmann/my-data221/Epic and CSCR hospital Dataset/Train/notumor/1772.jpg",2,notumor,2,notumor,0.0054331068,0.0057441713,0.9806853533,0.0081373733,0.13530983,0.86469016,0.00004311,0.00000413,2282
5399,"/kaggle/input/datasets/arafatrahmann/my-data221/Epic and CSCR hospital Dataset/Train/notumor/1777.jpg",2,notumor,2,notumor,0.0050229500,0.0070828213,0.9798625708,0.0080316383,0.09677023,0.90322976,0.00010102,0.00000448,2402
5401,"/kaggle/input/datasets/arafatrahmann/my-data221/Epic and CSCR hospital Dataset/Train/notumor/1779.jpg",2,notumor,2,notumor,0.0054047625,0.0059696943,0.9807345271,0.0078910170,0.12531133,0.87468867,0.00005847,0.00000606,2282
5405,"/kaggle/input/datasets/arafatrahmann/my-data221/Epic and CSCR hospital Dataset/Train/notumor/1783.jpg",2,notumor,2,notumor,0.0052973558,0.0060285912,0.9803274274,0.0083466265,0.11309374,0.88690627,0.00005585,0.00000518,2327
5412,"/kaggle/input/datasets/arafatrahmann/my-data221/Epic and CSCR hospital Dataset/Train/notumor/1790.jpg",2,notumor,2,notumor,0.0056989305,0.0057661287,0.9807245135,0.0078104176,0.12234518,0.87765482,0.00006193,0.00000576,2389
5415,"/kaggle/input/datasets/arafatrahmann/my-data221/Epic and CSCR hospital Dataset/Train/notumor/1793.jpg",2,notumor,2,notumor,0.0052354024,0.0062859058,0.9803315997,0.0081471261,0.12214150,0.87785851,0.00005918,0.00000599,2405
5421,"/kaggle/input/datasets/arafatrahmann/my-data221/Epic and CSCR hospital Dataset/Train/notumor/1799.jpg",2,notumor,2,notumor,0.0050023841,0.0065860637,0.9800162315,0.0083952267,0.10141730,0.89858271,0.00008309,0.00000450,2410
5427,"/kaggle/input/datasets/arafatrahmann/my-data221/Epic and CSCR hospital Dataset/Train/notumor/1804.jpg",2,notumor,2,notumor,0.0055233925,0.0059101707,0.9804039001,0.0081624622,0.11796403,0.88203595,0.00004937,0.00000524,2415
5428,"/kaggle/input/datasets/arafatrahmann/my-data221/Epic and CSCR hospital Dataset/Train/notumor/1805.jpg",2,notumor,2,notumor,0.0055280314,0.0061613205,0.9804439545,0.0078666406,0.10762536,0.89237465,0.00006423,0.00000490,2282
5433,"/kaggle/input/datasets/arafatrahmann/my-data221/Epic and CSCR hospital Dataset/Train/notumor/1810.jpg",2,notumor,2,notumor,0.0053178519,0.0068542571,0.9801100492,0.0077178157,0.09953632,0.90046365,0.00010102,0.00000472,2310
5435,"/kaggle/input/datasets/arafatrahmann/my-data221/Epic and CSCR hospital Dataset/Train/notumor/1812.jpg",2,notumor,2,notumor,0.0060962373,0.0056179017,0.9807928801,0.0074929320,0.12988385,0.87011616,0.00004967,0.00000560,2417
5445,"/kaggle/input/datasets/arafatrahmann/my-data221/Epic and CSCR hospital Dataset/Train/notumor/1822.jpg",2,notumor,2,notumor,0.0052459021,0.0061126230,0.9802615047,0.0083799670,0.10193432,0.89806565,0.00005964,0.00000463,2423
5452,"/kaggle/input/datasets/arafatrahmann/my-data221/Epic and CSCR hospital Dataset/Train/notumor/1829.jpg",2,notumor,2,notumor,0.0056361211,0.0066000028,0.9802074432,0.0075564766,0.09847893,0.90152110,0.00007741,0.00000465,2405
5457,"/kaggle/input/datasets/arafatrahmann/my-data221/Epic and CSCR hospital Dataset/Train/notumor/1834.jpg",2,notumor,2,notumor,0.0053681778,0.0063809468,0.9801991582,0.0080516990,0.10469834,0.89530167,0.00007203,0.00000476,2362
5465,"/kaggle/input/datasets/arafatrahmann/my-data221/Epic and CSCR hospital Dataset/Train/notumor/1842.jpg",2,notumor,2,notumor,0.0050302939,0.0067133023,0.9801918864,0.0080645103,0.12172921,0.87827080,0.00005564,0.00000497,2265
5467,"/kaggle/input/datasets/arafatrahmann/my-data221/Epic and CSCR hospital Dataset/Train/notumor/1844.jpg",2,notumor,2,notumor,0.0052283900,0.0063315136,0.9802960157,0.0081440154,0.11250684,0.88749315,0.00006426,0.00000515,2434
5475,"/kaggle/input/datasets/arafatrahmann/my-data221/Epic and CSCR hospital Dataset/Train/notumor/1852.jpg",2,notumor,2,notumor,0.0056502884,0.0065477365,0.9803821445,0.0074198744,0.11080796,0.88919204,0.00006683,0.00000530,2405
5481,"/kaggle/input/datasets/arafatrahmann/my-data221/Epic and CSCR hospital Dataset/Train/notumor/1858.jpg",2,notumor,2,notumor,0.0050360532,0.0066618710,0.9801293612,0.0081727579,0.11923873,0.88076126,0.00006487,0.00000574,2442
5483,"/kaggle/input/datasets/arafatrahmann/my-data221/Epic and CSCR hospital Dataset/Train/notumor/1860.jpg",2,notumor,2,notumor,0.0049904212,0.0071081715,0.9799598455,0.0079414742,0.10674040,0.89325960,0.00009103,0.00000577,2402
5492,"/kaggle/input/datasets/arafatrahmann/my-data221/Epic and CSCR hospital Dataset/Train/notumor/1869.jpg",2,notumor,2,notumor,0.0050285561,0.0066086734,0.9796396494,0.0087232022,0.09102465,0.90897534,0.00011301,0.00000450,2323
5497,"/kaggle/input/datasets/arafatrahmann/my-data221/Epic and CSCR hospital Dataset/Train/notumor/1874.jpg",2,notumor,2,notumor,0.0051323795,0.0067118062,0.9800425768,0.0081132706,0.09969128,0.90030872,0.00006240,0.00000448,2448
5502,"/kaggle/input/datasets/arafatrahmann/my-data221/Epic and CSCR hospital Dataset/Train/notumor/1879.jpg",2,notumor,2,notumor,0.0055282637,0.0058888765,0.9802150726,0.0083678067,0.09502340,0.90497660,0.00007975,0.00000485,2450
5514,"/kaggle/input/datasets/arafatrahmann/my-data221/Epic and CSCR hospital Dataset/Train/notumor/2 no.jpeg",2,notumor,2,notumor,0.0054739951,0.0066744811,0.9800655246,0.0077859564,0.09229728,0.90770272,0.00011148,0.00000531,2289
5515,"/kaggle/input/datasets/arafatrahmann/my-data221/Epic and CSCR hospital Dataset/Train/notumor/20 no.jpg",2,notumor,2,notumor,0.0052624689,0.0061987913,0.9804769754,0.0080618495,0.12109016,0.87890984,0.00004179,0.00000468,2378
5518,"/kaggle/input/datasets/arafatrahmann/my-data221/Epic and CSCR hospital Dataset/Train/notumor/3 no.jpg",2,notumor,2,notumor,0.0054219128,0.0062703504,0.9800008535,0.0083069615,0.09558565,0.90441438,0.00006583,0.00000411,2459
5519,"/kaggle/input/datasets/arafatrahmann/my-data221/Epic and CSCR hospital Dataset/Train/notumor/33 no.jpg",2,notumor,2,notumor,0.0053762300,0.0060366704,0.9800937772,0.0084933527,0.09435451,0.90564551,0.00008478,0.00000471,2460
5535,"/kaggle/input/datasets/arafatrahmann/my-data221/Epic and CSCR hospital Dataset/Train/notumor/N11.jpg",2,notumor,2,notumor,0.0144123677,0.0053963503,0.9740043879,0.0061869361,0.13289386,0.86710615,0.00012429,0.00001466,2466
5537,"/kaggle/input/datasets/arafatrahmann/my-data221/Epic and CSCR hospital Dataset/Train/notumor/N16.jpg",2,notumor,2,notumor,0.0045410059,0.0071646110,0.9753786325,0.0129156802,0.11618309,0.88381690,0.00011977,0.00000614,2468
5538,"/kaggle/input/datasets/arafatrahmann/my-data221/Epic and CSCR hospital Dataset/Train/notumor/N17.jpg",2,notumor,2,notumor,0.0044572828,0.0090165250,0.9712665677,0.0152596878,0.10079135,0.89920865,0.00011210,0.00000679,2468
5540,"/kaggle/input/datasets/arafatrahmann/my-data221/Epic and CSCR hospital Dataset/Train/notumor/N2.JPG",2,notumor,2,notumor,0.0050770976,0.0066957823,0.9801903963,0.0080367932,0.11427845,0.88572156,0.00008823,0.00000522,2470
5574,"/kaggle/input/datasets/arafatrahmann/my-data221/Epic and CSCR hospital Dataset/Train/notumor/N_371.jpg",2,notumor,2,notumor,0.0056510828,0.0058093672,0.9804378748,0.0081016235,0.11606133,0.88393868,0.00004836,0.00000517,2415
5575,"/kaggle/input/datasets/arafatrahmann/my-data221/Epic and CSCR hospital Dataset/Train/notumor/N_371_BR_.jpg",2,notumor,2,notumor,0.0061131585,0.0055790110,0.9803800583,0.0079277065,0.10449916,0.89550082,0.00005978,0.00000461,2415
5576,"/kaggle/input/datasets/arafatrahmann/my-data221/Epic and CSCR hospital Dataset/Train/notumor/N_371_DA_.jpg",2,notumor,2,notumor,0.0058027077,0.0059395232,0.9804149866,0.0078428434,0.10615210,0.89384791,0.00004588,0.00000389,2415
5577,"/kaggle/input/datasets/arafatrahmann/my-data221/Epic and CSCR hospital Dataset/Train/notumor/N_371_HF_.jpg",2,notumor,2,notumor,0.0057624290,0.0058141267,0.9802490473,0.0081743877,0.10170793,0.89829206,0.00007002,0.00000547,2415
5578,"/kaggle/input/datasets/arafatrahmann/my-data221/Epic and CSCR hospital Dataset/Train/notumor/N_371_RO_.jpg",2,notumor,2,notumor,0.0055222847,0.0059061833,0.9805642962,0.0080072088,0.13029268,0.86970732,0.00005898,0.00000508,2415
5579,"/kaggle/input/datasets/arafatrahmann/my-data221/Epic and CSCR hospital Dataset/Train/notumor/N_371_SP_.jpg",2,notumor,2,notumor,0.0054617794,0.0058706570,0.9801656008,0.0085019721,0.10797988,0.89202014,0.00008100,0.00000485,2415
5580,"/kaggle/input/datasets/arafatrahmann/my-data221/Epic and CSCR hospital Dataset/Train/notumor/N_371_VF_.jpg",2,notumor,2,notumor,0.0055959425,0.0057510990,0.9805759192,0.0080770943,0.13611747,0.86388254,0.00006992,0.00000600,2415
5588,"/kaggle/input/datasets/arafatrahmann/my-data221/Epic and CSCR hospital Dataset/Train/notumor/N_373.jpg",2,notumor,2,notumor,0.0050191297,0.0065401318,0.9801253080,0.0083153527,0.10705359,0.89294641,0.00005200,0.00000428,2284
5589,"/kaggle/input/datasets/arafatrahmann/my-data221/Epic and CSCR hospital Dataset/Train/notumor/N_373_BR_.jpg",2,notumor,2,notumor,0.0049294163,0.0068702972,0.9800818563,0.0081184283,0.12396812,0.87603186,0.00007568,0.00000449,2284
5590,"/kaggle/input/datasets/arafatrahmann/my-data221/Epic and CSCR hospital Dataset/Train/notumor/N_373_DA_.jpg",2,notumor,2,notumor,0.0056749061,0.0061468715,0.9806507826,0.0075273914,0.12310219,0.87689782,0.00005063,0.00000515,2284
5591,"/kaggle/input/datasets/arafatrahmann/my-data221/Epic and CSCR hospital Dataset/Train/notumor/N_373_HF_.jpg",2,notumor,2,notumor,0.0049904161,0.0065538390,0.9802656174,0.0081900638,0.11643752,0.88356246,0.00005260,0.00000522,2284
5592,"/kaggle/input/datasets/arafatrahmann/my-data221/Epic and CSCR hospital Dataset/Train/notumor/N_373_RO_.jpg",2,notumor,2,notumor,0.0050680996,0.0065203621,0.9804953337,0.0079161460,0.12418612,0.87581388,0.00004275,0.00000514,2284
5593,"/kaggle/input/datasets/arafatrahmann/my-data221/Epic and CSCR hospital Dataset/Train/notumor/N_373_SP_.jpg",2,notumor,2,notumor,0.0054976465,0.0059711300,0.9799146652,0.0086166104,0.09148034,0.90851967,0.00008903,0.00000464,2284
5594,"/kaggle/input/datasets/arafatrahmann/my-data221/Epic and CSCR hospital Dataset/Train/notumor/N_373_VF_.jpg",2,notumor,2,notumor,0.0049893972,0.0064540617,0.9804430008,0.0081135398,0.12914442,0.87085559,0.00004481,0.00000525,2284
5609,"/kaggle/input/datasets/arafatrahmann/my-data221/Epic and CSCR hospital Dataset/Train/notumor/N_376.jpg",2,notumor,2,notumor,0.0052249939,0.0062490189,0.9799013138,0.0086246775,0.10136412,0.89863588,0.00007851,0.00000398,2479
5610,"/kaggle/input/datasets/arafatrahmann/my-data221/Epic and CSCR hospital Dataset/Train/notumor/N_376_BR_.jpg",2,notumor,2,notumor,0.0051848991,0.0060636243,0.9802148938,0.0085366080,0.12403807,0.87596195,0.00007104,0.00000543,2479
5611,"/kaggle/input/datasets/arafatrahmann/my-data221/Epic and CSCR hospital Dataset/Train/notumor/N_376_DA_.jpg",2,notumor,2,notumor,0.0050736978,0.0066753728,0.9796081781,0.0086427787,0.09313483,0.90686517,0.00008205,0.00000429,2479
5612,"/kaggle/input/datasets/arafatrahmann/my-data221/Epic and CSCR hospital Dataset/Train/notumor/N_376_HF_.jpg",2,notumor,2,notumor,0.0052184481,0.0061088782,0.9801080823,0.0085645970,0.12073742,0.87926258,0.00005910,0.00000535,2479
5613,"/kaggle/input/datasets/arafatrahmann/my-data221/Epic and CSCR hospital Dataset/Train/notumor/N_376_RO_.jpg",2,notumor,2,notumor,0.0053084940,0.0062296917,0.9801168442,0.0083449641,0.10532803,0.89467199,0.00006473,0.00000428,2479
5614,"/kaggle/input/datasets/arafatrahmann/my-data221/Epic and CSCR hospital Dataset/Train/notumor/N_376_SP_.jpg",2,notumor,2,notumor,0.0051880423,0.0063316161,0.9799841642,0.0084961187,0.10243486,0.89756515,0.00007063,0.00000510,2479
5615,"/kaggle/input/datasets/arafatrahmann/my-data221/Epic and CSCR hospital Dataset/Train/notumor/N_376_VF_.jpg",2,notumor,2,notumor,0.0061257021,0.0044940305,0.9777401686,0.0116400700,0.14474786,0.85525215,0.00005512,0.00000734,2479
5797,"/kaggle/input/datasets/arafatrahmann/my-data221/Epic and CSCR hospital Dataset/Train/notumor/N_3_BR_.jpg",2,notumor,2,notumor,0.0051574432,0.0064454242,0.9801033139,0.0082937321,0.10692840,0.89307160,0.00007022,0.00000426,2484
5798,"/kaggle/input/datasets/arafatrahmann/my-data221/Epic and CSCR hospital Dataset/Train/notumor/N_3_DA_.jpg",2,notumor,2,notumor,0.0056614419,0.0057474514,0.9803208113,0.0082702441,0.10442474,0.89557526,0.00007127,0.00000452,2484
5799,"/kaggle/input/datasets/arafatrahmann/my-data221/Epic and CSCR hospital Dataset/Train/notumor/N_3_HF_.jpg",2,notumor,2,notumor,0.0051639252,0.0058361399,0.9801173210,0.0088826139,0.10576914,0.89423087,0.00007910,0.00000473,2484
5800,"/kaggle/input/datasets/arafatrahmann/my-data221/Epic and CSCR hospital Dataset/Train/notumor/N_3_RO_.jpg",2,notumor,2,notumor,0.0054938272,0.0055096732,0.9805511236,0.0084454287,0.11763817,0.88236184,0.00003762,0.00000397,2484
5801,"/kaggle/input/datasets/arafatrahmann/my-data221/Epic and CSCR hospital Dataset/Train/notumor/N_3_SP_.jpg",2,notumor,2,notumor,0.0051992349,0.0055177649,0.9809029698,0.0083800033,0.15658717,0.84341283,0.00003747,0.00000583,2484
5802,"/kaggle/input/datasets/arafatrahmann/my-data221/Epic and CSCR hospital Dataset/Train/notumor/N_3_VF_.jpg",2,notumor,2,notumor,0.0050397562,0.0057670614,0.9804096222,0.0087835966,0.12795921,0.87204080,0.00004778,0.00000499,2484
6036,"/kaggle/input/datasets/arafatrahmann/my-data221/Epic and CSCR hospital Dataset/Train/notumor/N_430.jpg",2,notumor,2,notumor,0.0059884312,0.0058147199,0.9805622101,0.0076346686,0.11090022,0.88909978,0.00006691,0.00000482,2357
6037,"/kaggle/input/datasets/arafatrahmann/my-data221/Epic and CSCR hospital Dataset/Train/notumor/N_430_BR_.jpg",2,notumor,2,notumor,0.0090614082,0.0052249604,0.9793040156,0.0064096302,0.12481672,0.87518330,0.00006948,0.00000690,2357
6038,"/kaggle/input/datasets/arafatrahmann/my-data221/Epic and CSCR hospital Dataset/Train/notumor/N_430_DA_.jpg",2,notumor,2,notumor,0.0054615932,0.0060386611,0.9803463221,0.0081535503,0.10716590,0.89283412,0.00006803,0.00000409,2357
6039,"/kaggle/input/datasets/arafatrahmann/my-data221/Epic and CSCR hospital Dataset/Train/notumor/N_430_HF_.jpg",2,notumor,2,notumor,0.0054873461,0.0061335666,0.9803379178,0.0080411369,0.10434780,0.89565222,0.00006946,0.00000481,2357
6040,"/kaggle/input/datasets/arafatrahmann/my-data221/Epic and CSCR hospital Dataset/Train/notumor/N_430_RO_.jpg",2,notumor,2,notumor,0.0095831919,0.0050371732,0.9795295596,0.0058500357,0.13748901,0.86251101,0.00005631,0.00000815,2357
6041,"/kaggle/input/datasets/arafatrahmann/my-data221/Epic and CSCR hospital Dataset/Train/notumor/N_430_SP_.jpg",2,notumor,2,notumor,0.0055775815,0.0060553113,0.9803725481,0.0079945670,0.11271802,0.88728197,0.00007229,0.00000521,2357
6042,"/kaggle/input/datasets/arafatrahmann/my-data221/Epic and CSCR hospital Dataset/Train/notumor/N_430_VF_.jpg",2,notumor,2,notumor,0.0054357499,0.0061217304,0.9802266955,0.0082158092,0.09865979,0.90134022,0.00006574,0.00000460,2357
6057,"/kaggle/input/datasets/arafatrahmann/my-data221/Epic and CSCR hospital Dataset/Train/notumor/N_433.jpg",2,notumor,2,notumor,0.0059932512,0.0055314507,0.9811137915,0.0073614949,0.15110005,0.84889994,0.00003081,0.00000464,2417
6058,"/kaggle/input/datasets/arafatrahmann/my-data221/Epic and CSCR hospital Dataset/Train/notumor/N_433_BR_.jpg",2,notumor,2,notumor,0.0055701463,0.0057815327,0.9805568457,0.0080915019,0.12586562,0.87413439,0.00005545,0.00000513,2417
6059,"/kaggle/input/datasets/arafatrahmann/my-data221/Epic and CSCR hospital Dataset/Train/notumor/N_433_DA_.jpg",2,notumor,2,notumor,0.0062782443,0.0055471333,0.9805814028,0.0075932378,0.11000767,0.88999233,0.00004987,0.00000481,2417
6060,"/kaggle/input/datasets/arafatrahmann/my-data221/Epic and CSCR hospital Dataset/Train/notumor/N_433_HF_.jpg",2,notumor,2,notumor,0.0061665853,0.0055844351,0.9808319211,0.0074171922,0.13088750,0.86911249,0.00005500,0.00000474,2417
6061,"/kaggle/input/datasets/arafatrahmann/my-data221/Epic and CSCR hospital Dataset/Train/notumor/N_433_RO_.jpg",2,notumor,2,notumor,0.0086692646,0.0049743121,0.9799873233,0.0063691079,0.13239181,0.86760820,0.00006733,0.00000638,2417
6062,"/kaggle/input/datasets/arafatrahmann/my-data221/Epic and CSCR hospital Dataset/Train/notumor/N_433_SP_.jpg",2,notumor,2,notumor,0.0052831350,0.0058929296,0.9802609682,0.0085629988,0.12057261,0.87942741,0.00005393,0.00000517,2417
6063,"/kaggle/input/datasets/arafatrahmann/my-data221/Epic and CSCR hospital Dataset/Train/notumor/N_433_VF_.jpg",2,notumor,2,notumor,0.0059693740,0.0056180749,0.9809125066,0.0075000832,0.13399542,0.86600459,0.00004610,0.00000532,2417
6193,"/kaggle/input/datasets/arafatrahmann/my-data221/Epic and CSCR hospital Dataset/Train/notumor/No18.jpg",2,notumor,2,notumor,0.0050042965,0.0065646470,0.9800408483,0.0083903307,0.10265848,0.89734153,0.00008085,0.00000459,2496
6194,"/kaggle/input/datasets/arafatrahmann/my-data221/Epic and CSCR hospital Dataset/Train/notumor/No19.jpg",2,notumor,2,notumor,0.0051951050,0.0062071597,0.9801135063,0.0084842425,0.10796745,0.89203255,0.00008129,0.00000512,2290
6224,"/kaggle/input/datasets/arafatrahmann/my-data221/Epic and CSCR hospital Dataset/Train/notumor/Te-no_0092.jpg",2,notumor,2,notumor,0.0060169250,0.0057264911,0.9807941318,0.0074623907,0.12240837,0.87759164,0.00005246,0.00000563,2357
6227,"/kaggle/input/datasets/arafatrahmann/my-data221/Epic and CSCR hospital Dataset/Train/notumor/Te-no_0095.jpg",2,notumor,2,notumor,0.0061659953,0.0056075910,0.9806812406,0.0075452300,0.11518286,0.88481713,0.00004761,0.00000393,2417
6236,"/kaggle/input/datasets/arafatrahmann/my-data221/Epic and CSCR hospital Dataset/Train/notumor/Te-no_0124.jpg",2,notumor,2,notumor,0.0054088011,0.0067052566,0.9804655910,0.0074203587,0.12523208,0.87476792,0.00008733,0.00000680,2323
6242,"/kaggle/input/datasets/arafatrahmann/my-data221/Epic and CSCR hospital Dataset/Train/notumor/Te-no_0130.jpg",2,notumor,2,notumor,0.0054679527,0.0065210005,0.9803624153,0.0076486259,0.10569849,0.89430151,0.00006062,0.00000467,2311
6246,"/kaggle/input/datasets/arafatrahmann/my-data221/Epic and CSCR hospital Dataset/Train/notumor/Te-no_0134.jpg",2,notumor,2,notumor,0.0056516551,0.0065949983,0.9801348448,0.0076184869,0.09190176,0.90809826,0.00010218,0.00000503,2405
6250,"/kaggle/input/datasets/arafatrahmann/my-data221/Epic and CSCR hospital Dataset/Train/notumor/Te-no_0138.jpg",2,notumor,2,notumor,0.0049857022,0.0065687904,0.9800844193,0.0083609764,0.10445650,0.89554349,0.00008486,0.00000548,2410
6257,"/kaggle/input/datasets/arafatrahmann/my-data221/Epic and CSCR hospital Dataset/Train/notumor/Te-no_0145.jpg",2,notumor,2,notumor,0.0050200904,0.0066101989,0.9796773791,0.0086923158,0.09368536,0.90631463,0.00007012,0.00000395,2323
6258,"/kaggle/input/datasets/arafatrahmann/my-data221/Epic and CSCR hospital Dataset/Train/notumor/Te-no_0146.jpg",2,notumor,2,notumor,0.0050986516,0.0065738671,0.9801220894,0.0082054604,0.10859122,0.89140880,0.00005813,0.00000539,2303
6261,"/kaggle/input/datasets/arafatrahmann/my-data221/Epic and CSCR hospital Dataset/Train/notumor/Te-no_0149.jpg",2,notumor,2,notumor,0.0052113133,0.0060748099,0.9803705215,0.0083432784,0.11866377,0.88133625,0.00005383,0.00000507,2327
6263,"/kaggle/input/datasets/arafatrahmann/my-data221/Epic and CSCR hospital Dataset/Train/notumor/Te-no_0151.jpg",2,notumor,2,notumor,0.0050087660,0.0067728804,0.9799451828,0.0082731582,0.10535866,0.89464134,0.00008132,0.00000532,2311
6269,"/kaggle/input/datasets/arafatrahmann/my-data221/Epic and CSCR hospital Dataset/Train/notumor/Te-no_0157.jpg",2,notumor,2,notumor,0.0057188850,0.0057715951,0.9806742668,0.0078352820,0.12081156,0.87918846,0.00006031,0.00000536,2389
6270,"/kaggle/input/datasets/arafatrahmann/my-data221/Epic and CSCR hospital Dataset/Train/notumor/Te-no_0158.jpg",2,notumor,2,notumor,0.0052559786,0.0063013146,0.9802435040,0.0081992373,0.11703482,0.88296518,0.00006928,0.00000603,2405
6275,"/kaggle/input/datasets/arafatrahmann/my-data221/Epic and CSCR hospital Dataset/Train/notumor/Te-no_0163.jpg",2,notumor,2,notumor,0.0050663850,0.0065859496,0.9798586965,0.0084889624,0.09794391,0.90205608,0.00009850,0.00000499,2289
6283,"/kaggle/input/datasets/arafatrahmann/my-data221/Epic and CSCR hospital Dataset/Train/notumor/Te-no_0171.jpg",2,notumor,2,notumor,0.0050215493,0.0066489093,0.9801989794,0.0081306556,0.12336914,0.87663086,0.00005499,0.00000491,2442
6284,"/kaggle/input/datasets/arafatrahmann/my-data221/Epic and CSCR hospital Dataset/Train/notumor/Te-no_0172.jpg",2,notumor,2,notumor,0.0051162248,0.0065160445,0.9799944162,0.0083733443,0.10390719,0.89609283,0.00005988,0.00000448,2503
6285,"/kaggle/input/datasets/arafatrahmann/my-data221/Epic and CSCR hospital Dataset/Train/notumor/Te-no_0173.jpg",2,notumor,2,notumor,0.0054869778,0.0057913261,0.9805105329,0.0082111033,0.11965264,0.88034737,0.00003590,0.00000383,2282
6287,"/kaggle/input/datasets/arafatrahmann/my-data221/Epic and CSCR hospital Dataset/Train/notumor/Te-no_0175.jpg",2,notumor,2,notumor,0.0050332383,0.0066182548,0.9802070856,0.0081414785,0.11846003,0.88153996,0.00006060,0.00000631,2496
6289,"/kaggle/input/datasets/arafatrahmann/my-data221/Epic and CSCR hospital Dataset/Train/notumor/Te-no_0177.jpg",2,notumor,2,notumor,0.0050218352,0.0066457922,0.9801762700,0.0081561413,0.11685453,0.88314548,0.00006648,0.00000551,2505
6290,"/kaggle/input/datasets/arafatrahmann/my-data221/Epic and CSCR hospital Dataset/Train/notumor/Te-no_0178.jpg",2,notumor,2,notumor,0.0056905388,0.0065900981,0.9803745151,0.0073448317,0.10253148,0.89746853,0.00007535,0.00000482,2356
6308,"/kaggle/input/datasets/arafatrahmann/my-data221/Epic and CSCR hospital Dataset/Train/notumor/Te-no_0196.jpg",2,notumor,2,notumor,0.0051994352,0.0060207220,0.9806230664,0.0081568295,0.14266262,0.85733737,0.00005633,0.00000606,2327
6311,"/kaggle/input/datasets/arafatrahmann/my-data221/Epic and CSCR hospital Dataset/Train/notumor/Te-no_0199.jpg",2,notumor,2,notumor,0.0054555451,0.0057911100,0.9804779291,0.0082754595,0.12175239,0.87824762,0.00004189,0.00000420,2282
6315,"/kaggle/input/datasets/arafatrahmann/my-data221/Epic and CSCR hospital Dataset/Train/notumor/Te-no_0203.jpg",2,notumor,2,notumor,0.0054403911,0.0066965693,0.9801766276,0.0076862937,0.10514023,0.89485976,0.00007361,0.00000458,2289
6316,"/kaggle/input/datasets/arafatrahmann/my-data221/Epic and CSCR hospital Dataset/Train/notumor/Te-no_0204.jpg",2,notumor,2,notumor,0.0052787317,0.0063353428,0.9801455736,0.0082403915,0.10196606,0.89803396,0.00007491,0.00000504,2434
6317,"/kaggle/input/datasets/arafatrahmann/my-data221/Epic and CSCR hospital Dataset/Train/notumor/Te-no_0205.jpg",2,notumor,2,notumor,0.0051481687,0.0065686777,0.9800662994,0.0082168803,0.10763977,0.89236022,0.00005595,0.00000439,2345
6319,"/kaggle/input/datasets/arafatrahmann/my-data221/Epic and CSCR hospital Dataset/Train/notumor/Te-no_0207.jpg",2,notumor,2,notumor,0.0054035331,0.0062857592,0.9803619385,0.0079486892,0.10535130,0.89464869,0.00006644,0.00000491,2282
6320,"/kaggle/input/datasets/arafatrahmann/my-data221/Epic and CSCR hospital Dataset/Train/notumor/Te-no_0208.jpg",2,notumor,2,notumor,0.0055477219,0.0059103058,0.9801041484,0.0084378179,0.08956149,0.91043849,0.00012728,0.00000486,2450
6324,"/kaggle/input/datasets/arafatrahmann/my-data221/Epic and CSCR hospital Dataset/Train/notumor/Te-no_0212.jpg",2,notumor,2,notumor,0.0054979860,0.0061414996,0.9805570841,0.0078034597,0.11387239,0.88612761,0.00004424,0.00000457,2282
6325,"/kaggle/input/datasets/arafatrahmann/my-data221/Epic and CSCR hospital Dataset/Train/notumor/Te-no_0213.jpg",2,notumor,2,notumor,0.0055111116,0.0067272647,0.9801011086,0.0076604793,0.09232920,0.90767080,0.00008156,0.00000452,2289
6329,"/kaggle/input/datasets/arafatrahmann/my-data221/Epic and CSCR hospital Dataset/Train/notumor/Te-no_0217.jpg",2,notumor,2,notumor,0.0050986437,0.0065491945,0.9798744321,0.0084778275,0.09963039,0.90036963,0.00006437,0.00000462,2289
6330,"/kaggle/input/datasets/arafatrahmann/my-data221/Epic and CSCR hospital Dataset/Train/notumor/Te-no_0218.jpg",2,notumor,2,notumor,0.0053089578,0.0068598152,0.9801480174,0.0076831975,0.10250917,0.89749082,0.00007729,0.00000536,2310
6337,"/kaggle/input/datasets/arafatrahmann/my-data221/Epic and CSCR hospital Dataset/Train/notumor/Te-no_0225.jpg",2,notumor,2,notumor,0.0052401302,0.0061997450,0.9800345302,0.0085255913,0.10265119,0.89734882,0.00009404,0.00000542,2290
6340,"/kaggle/input/datasets/arafatrahmann/my-data221/Epic and CSCR hospital Dataset/Train/notumor/Te-no_0228.jpg",2,notumor,2,notumor,0.0044913022,0.0061658858,0.9734691381,0.0158736203,0.09152079,0.90847921,0.00013190,0.00000718,2511
6341,"/kaggle/input/datasets/arafatrahmann/my-data221/Epic and CSCR hospital Dataset/Train/notumor/Te-no_0229.jpg",2,notumor,2,notumor,0.0051316954,0.0067027309,0.9800529480,0.0081126094,0.10003581,0.89996419,0.00006087,0.00000445,2448
6343,"/kaggle/input/datasets/arafatrahmann/my-data221/Epic and CSCR hospital Dataset/Train/notumor/Te-no_0231.jpg",2,notumor,2,notumor,0.0051788101,0.0063741594,0.9802962542,0.0081508504,0.10733265,0.89266734,0.00007360,0.00000495,2512
6346,"/kaggle/input/datasets/arafatrahmann/my-data221/Epic and CSCR hospital Dataset/Train/notumor/Te-no_0234.jpg",2,notumor,2,notumor,0.0055127353,0.0062700189,0.9808905721,0.0073267245,0.14630370,0.85369630,0.00003420,0.00000476,2362
6349,"/kaggle/input/datasets/arafatrahmann/my-data221/Epic and CSCR hospital Dataset/Train/notumor/Te-no_0237.jpg",2,notumor,0,glioma,0.9760891795,0.0045782090,0.0108029563,0.0085296622,0.09086556,0.90913444,0.00014002,0.00000578,2513
6357,"/kaggle/input/datasets/arafatrahmann/my-data221/Epic and CSCR hospital Dataset/Train/notumor/Te-no_0245.jpg",2,notumor,2,notumor,0.0050366772,0.0064971461,0.9801322818,0.0083339140,0.11334746,0.88665255,0.00007902,0.00000499,2344
6359,"/kaggle/input/datasets/arafatrahmann/my-data221/Epic and CSCR hospital Dataset/Train/notumor/Te-no_0247.jpg",2,notumor,2,notumor,0.0049579008,0.0066989325,0.9800982475,0.0082449419,0.10787924,0.89212075,0.00006857,0.00000530,2365
6364,"/kaggle/input/datasets/arafatrahmann/my-data221/Epic and CSCR hospital Dataset/Train/notumor/Te-no_0252.jpg",2,notumor,2,notumor,0.0054742871,0.0061680363,0.9801471829,0.0082105631,0.09238245,0.90761756,0.00008588,0.00000494,2307
6380,"/kaggle/input/datasets/arafatrahmann/my-data221/Epic and CSCR hospital Dataset/Train/notumor/Te-no_0268.jpg",2,notumor,2,notumor,0.0050920499,0.0067200228,0.9800847769,0.0081031704,0.10727626,0.89272375,0.00005952,0.00000515,2365
6381,"/kaggle/input/datasets/arafatrahmann/my-data221/Epic and CSCR hospital Dataset/Train/notumor/Te-no_0269.jpg",2,notumor,2,notumor,0.0050037657,0.0066095106,0.9797728658,0.0086138481,0.09894441,0.90105560,0.00008944,0.00000507,2289
6387,"/kaggle/input/datasets/arafatrahmann/my-data221/Epic and CSCR hospital Dataset/Train/notumor/Te-no_0275.jpg",2,notumor,2,notumor,0.0054167947,0.0063016536,0.9803872108,0.0078944182,0.10649248,0.89350753,0.00006760,0.00000492,2282
6393,"/kaggle/input/datasets/arafatrahmann/my-data221/Epic and CSCR hospital Dataset/Train/notumor/Te-no_0281.jpg",2,notumor,2,notumor,0.0057093240,0.0058144135,0.9806915522,0.0077846819,0.11834217,0.88165781,0.00005195,0.00000486,2389
6395,"/kaggle/input/datasets/arafatrahmann/my-data221/Epic and CSCR hospital Dataset/Train/notumor/Te-no_0283.jpg",2,notumor,2,notumor,0.0051303306,0.0066129677,0.9803148508,0.0079418048,0.12340474,0.87659526,0.00005131,0.00000637,2362
6396,"/kaggle/input/datasets/arafatrahmann/my-data221/Epic and CSCR hospital Dataset/Train/notumor/Te-no_0284.jpg",2,notumor,2,notumor,0.0055085174,0.0060204822,0.9804278612,0.0080432091,0.10257126,0.89742874,0.00006110,0.00000392,2282
6399,"/kaggle/input/datasets/arafatrahmann/my-data221/Epic and CSCR hospital Dataset/Train/notumor/Te-no_0287.jpg",2,notumor,2,notumor,0.0050998782,0.0066354265,0.9798868895,0.0083776629,0.09624753,0.90375248,0.00007398,0.00000385,2505
6402,"/kaggle/input/datasets/arafatrahmann/my-data221/Epic and CSCR hospital Dataset/Train/notumor/Te-no_0290.jpg",2,notumor,2,notumor,0.0053776531,0.0063675018,0.9802048802,0.0080500599,0.10525612,0.89474387,0.00006424,0.00000454,2362
6408,"/kaggle/input/datasets/arafatrahmann/my-data221/Epic and CSCR hospital Dataset/Train/notumor/Te-no_0296.jpg",2,notumor,2,notumor,0.0050405995,0.0068315030,0.9797356725,0.0083922688,0.09892004,0.90107998,0.00009069,0.00000482,2310
6411,"/kaggle/input/datasets/arafatrahmann/my-data221/Epic and CSCR hospital Dataset/Train/notumor/Te-no_0299.jpg",2,notumor,2,notumor,0.0051147863,0.0067316527,0.9798981547,0.0082553793,0.09840258,0.90159743,0.00009794,0.00000532,2265
6412,"/kaggle/input/datasets/arafatrahmann/my-data221/Epic and CSCR hospital Dataset/Train/notumor/Te-no_0300.jpg",2,notumor,2,notumor,0.0053751655,0.0062360317,0.9801160097,0.0082728667,0.09651363,0.90348637,0.00006826,0.00000423,2378
6414,"/kaggle/input/datasets/arafatrahmann/my-data221/Epic and CSCR hospital Dataset/Train/notumor/Te-no_0302.jpg",2,notumor,2,notumor,0.0051154867,0.0065498711,0.9802170992,0.0081175938,0.11820183,0.88179816,0.00005762,0.00000545,2345
6417,"/kaggle/input/datasets/arafatrahmann/my-data221/Epic and CSCR hospital Dataset/Train/notumor/Te-no_0305.jpg",2,notumor,2,notumor,0.0053478046,0.0058552134,0.9806572795,0.0081397109,0.12650802,0.87349198,0.00005367,0.00000517,2450
6428,"/kaggle/input/datasets/arafatrahmann/my-data221/Epic and CSCR hospital Dataset/Train/notumor/Te-no_0316.jpg",2,notumor,2,notumor,0.0051849694,0.0060157487,0.9803889990,0.0084103178,0.11192466,0.88807535,0.00006587,0.00000505,2326
6433,"/kaggle/input/datasets/arafatrahmann/my-data221/Epic and CSCR hospital Dataset/Train/notumor/Te-no_0362.jpg",2,notumor,2,notumor,0.0055171070,0.0060978304,0.9801585078,0.0082264859,0.10314991,0.89685009,0.00008019,0.00000604,2522
6434,"/kaggle/input/datasets/arafatrahmann/my-data221/Epic and CSCR hospital Dataset/Train/notumor/Te-no_0363.jpg",2,notumor,2,notumor,0.0050345226,0.0066197114,0.9796550870,0.0086906720,0.09147595,0.90852405,0.00007441,0.00000354,2289
6439,"/kaggle/input/datasets/arafatrahmann/my-data221/Epic and CSCR hospital Dataset/Train/notumor/Te-no_0368.jpg",2,notumor,2,notumor,0.0052956296,0.0062051527,0.9805399776,0.0079593118,0.12497951,0.87502048,0.00005850,0.00000570,2307
6441,"/kaggle/input/datasets/arafatrahmann/my-data221/Epic and CSCR hospital Dataset/Train/notumor/Tr-no_0021.jpg",2,notumor,2,notumor,0.0051577459,0.0061787581,0.9798680544,0.0087955790,0.10755775,0.89244224,0.00005648,0.00000426,2523
6457,"/kaggle/input/datasets/arafatrahmann/my-data221/Epic and CSCR hospital Dataset/Train/notumor/Tr-no_0060.jpg",2,notumor,2,notumor,0.0050373753,0.0053460854,0.9664579630,0.0231585316,0.12344695,0.87655305,0.00021211,0.00001215,2527
6465,"/kaggle/input/datasets/arafatrahmann/my-data221/Epic and CSCR hospital Dataset/Train/notumor/Tr-no_0068.jpg",2,notumor,2,notumor,0.0050554215,0.0067788749,0.9797148705,0.0084507745,0.09636804,0.90363196,0.00006328,0.00000422,2529
6470,"/kaggle/input/datasets/arafatrahmann/my-data221/Epic and CSCR hospital Dataset/Train/notumor/Tr-no_0073.jpg",2,notumor,3,pituitary,0.0058589196,0.0066156210,0.0092102941,0.9783151746,0.89801897,0.10198103,0.00000550,0.00009921,2532
6475,"/kaggle/input/datasets/arafatrahmann/my-data221/Epic and CSCR hospital Dataset/Train/notumor/Tr-no_0078.jpg",2,notumor,3,pituitary,0.0057757357,0.0067524165,0.0094568785,0.9780149460,0.85841647,0.14158354,0.00000695,0.00007889,2532
6480,"/kaggle/input/datasets/arafatrahmann/my-data221/Epic and CSCR hospital Dataset/Train/notumor/Tr-no_0083.jpg",2,notumor,2,notumor,0.0051664189,0.0061319061,0.9796612859,0.0090404050,0.09422867,0.90577132,0.00008088,0.00000464,2536
6490,"/kaggle/input/datasets/arafatrahmann/my-data221/Epic and CSCR hospital Dataset/Train/notumor/Tr-no_0093.jpg",2,notumor,3,pituitary,0.0041659204,0.0055668717,0.2639130056,0.7263542414,0.64264574,0.35735427,0.00117590,0.00195078,2545
6501,"/kaggle/input/datasets/arafatrahmann/my-data221/Epic and CSCR hospital Dataset/Train/notumor/Tr-no_0105.jpg",2,notumor,2,notumor,0.0050457781,0.0068398318,0.9796003103,0.0085140057,0.09011301,0.90988699,0.00009669,0.00000453,2554
6507,"/kaggle/input/datasets/arafatrahmann/my-data221/Epic and CSCR hospital Dataset/Train/notumor/Tr-no_0111.jpg",2,notumor,2,notumor,0.0052029062,0.0069103232,0.9798563719,0.0080303866,0.09361758,0.90638242,0.00009882,0.00000428,2559
6508,"/kaggle/input/datasets/arafatrahmann/my-data221/Epic and CSCR hospital Dataset/Train/notumor/Tr-no_0112.jpg",2,notumor,2,notumor,0.0051316665,0.0067274473,0.9800953865,0.0080454648,0.10252863,0.89747137,0.00005578,0.00000394,2470
6516,"/kaggle/input/datasets/arafatrahmann/my-data221/Epic and CSCR hospital Dataset/Train/notumor/Tr-no_0120.jpg",2,notumor,2,notumor,0.0051152268,0.0066189878,0.9800831079,0.0081827249,0.10133949,0.89866050,0.00008286,0.00000539,2566
6521,"/kaggle/input/datasets/arafatrahmann/my-data221/Epic and CSCR hospital Dataset/Train/notumor/Tr-no_0125.jpg",2,notumor,2,notumor,0.0050972183,0.0066109719,0.9801371694,0.0081546772,0.10519059,0.89480940,0.00005437,0.00000399,2566
6522,"/kaggle/input/datasets/arafatrahmann/my-data221/Epic and CSCR hospital Dataset/Train/notumor/Tr-no_0126.jpg",2,notumor,2,notumor,0.0051248949,0.0059980443,0.9796627760,0.0092142653,0.11764305,0.88235695,0.00006129,0.00000499,2568
6529,"/kaggle/input/datasets/arafatrahmann/my-data221/Epic and CSCR hospital Dataset/Train/notumor/Tr-no_0133.jpg",2,notumor,2,notumor,0.0071843131,0.0061322665,0.9785223007,0.0081610344,0.10103121,0.89896877,0.00007908,0.00000718,2572
6535,"/kaggle/input/datasets/arafatrahmann/my-data221/Epic and CSCR hospital Dataset/Train/notumor/Tr-no_0139.jpg",2,notumor,2,notumor,0.0054034935,0.0063157068,0.9799982309,0.0082825227,0.09661817,0.90338183,0.00006489,0.00000385,2459
6537,"/kaggle/input/datasets/arafatrahmann/my-data221/Epic and CSCR hospital Dataset/Train/notumor/Tr-no_0141.jpg",2,notumor,2,notumor,0.0052543799,0.0060724914,0.9800509214,0.0086221499,0.10059451,0.89940549,0.00005817,0.00000414,2575
6548,"/kaggle/input/datasets/arafatrahmann/my-data221/Epic and CSCR hospital Dataset/Train/notumor/Tr-no_0152.jpg",2,notumor,2,notumor,0.0051102457,0.0061437418,0.9806477427,0.0080982652,0.13335480,0.86664519,0.00004437,0.00000437,2355
6555,"/kaggle/input/datasets/arafatrahmann/my-data221/Epic and CSCR hospital Dataset/Train/notumor/Tr-no_0159.jpg",2,notumor,2,notumor,0.0051669991,0.0069121993,0.9799917936,0.0079289544,0.10481188,0.89518811,0.00007243,0.00000436,2559
6557,"/kaggle/input/datasets/arafatrahmann/my-data221/Epic and CSCR hospital Dataset/Train/notumor/Tr-no_0161.jpg",2,notumor,2,notumor,0.0051161000,0.0069245296,0.9797832370,0.0081761722,0.09189506,0.90810494,0.00008030,0.00000448,2580
6561,"/kaggle/input/datasets/arafatrahmann/my-data221/Epic and CSCR hospital Dataset/Train/notumor/Tr-no_0165.jpg",2,notumor,2,notumor,0.0052049160,0.0065153241,0.9800450206,0.0082347896,0.10284375,0.89715625,0.00006867,0.00000499,2345
6584,"/kaggle/input/datasets/arafatrahmann/my-data221/Epic and CSCR hospital Dataset/Train/notumor/Tr-no_0188.jpg",2,notumor,2,notumor,0.0049559614,0.0062735863,0.9802254438,0.0085450690,0.12014978,0.87985021,0.00003732,0.00000430,2593
6589,"/kaggle/input/datasets/arafatrahmann/my-data221/Epic and CSCR hospital Dataset/Train/notumor/Tr-no_0193.jpg",2,notumor,2,notumor,0.0050700954,0.0063212747,0.9798132777,0.0087953974,0.10369908,0.89630092,0.00007165,0.00000506,2596
6591,"/kaggle/input/datasets/arafatrahmann/my-data221/Epic and CSCR hospital Dataset/Train/notumor/Tr-no_0195.jpg",2,notumor,2,notumor,0.0054701958,0.0067338110,0.9802089930,0.0075870245,0.10466879,0.89533120,0.00008370,0.00000507,2289
6592,"/kaggle/input/datasets/arafatrahmann/my-data221/Epic and CSCR hospital Dataset/Train/notumor/Tr-no_0196.jpg",2,notumor,2,notumor,0.0051164082,0.0066983378,0.9798580408,0.0083272886,0.10112264,0.89887736,0.00007408,0.00000413,2529
6597,"/kaggle/input/datasets/arafatrahmann/my-data221/Epic and CSCR hospital Dataset/Train/notumor/Tr-no_0201.jpg",2,notumor,2,notumor,0.0060371966,0.0056768339,0.9804657698,0.0078201480,0.11706641,0.88293360,0.00005228,0.00000481,2599
6601,"/kaggle/input/datasets/arafatrahmann/my-data221/Epic and CSCR hospital Dataset/Train/notumor/Tr-no_0205.jpg",2,notumor,2,notumor,0.0050152279,0.0063188509,0.9803164601,0.0083494680,0.11818397,0.88181600,0.00006280,0.00000521,2601
6605,"/kaggle/input/datasets/arafatrahmann/my-data221/Epic and CSCR hospital Dataset/Train/notumor/Tr-no_0209.jpg",2,notumor,2,notumor,0.0091564981,0.0051873517,0.9790058136,0.0066503831,0.10200166,0.89799835,0.00007548,0.00000513,2605
6613,"/kaggle/input/datasets/arafatrahmann/my-data221/Epic and CSCR hospital Dataset/Train/notumor/Tr-no_0217.jpg",2,notumor,2,notumor,0.0055244593,0.0059301951,0.9806378484,0.0079075638,0.11615014,0.88384985,0.00005355,0.00000516,2612
6615,"/kaggle/input/datasets/arafatrahmann/my-data221/Epic and CSCR hospital Dataset/Train/notumor/Tr-no_0219.jpg",2,notumor,2,notumor,0.0050917286,0.0063277632,0.9797336459,0.0088468818,0.09804579,0.90195422,0.00007513,0.00000453,2596
6617,"/kaggle/input/datasets/arafatrahmann/my-data221/Epic and CSCR hospital Dataset/Train/notumor/Tr-no_0221.jpg",2,notumor,2,notumor,0.0050812112,0.0066846311,0.9801861644,0.0080480622,0.11076632,0.88923368,0.00005008,0.00000451,2470
6624,"/kaggle/input/datasets/arafatrahmann/my-data221/Epic and CSCR hospital Dataset/Train/notumor/Tr-no_0228.jpg",2,notumor,2,notumor,0.0054324544,0.0060582296,0.9801588058,0.0083504785,0.09957068,0.90042931,0.00006546,0.00000459,2615
6625,"/kaggle/input/datasets/arafatrahmann/my-data221/Epic and CSCR hospital Dataset/Train/notumor/Tr-no_0229.jpg",2,notumor,2,notumor,0.0054882015,0.0067254244,0.9801226854,0.0076636402,0.09438846,0.90561153,0.00007454,0.00000447,2289
6632,"/kaggle/input/datasets/arafatrahmann/my-data221/Epic and CSCR hospital Dataset/Train/notumor/Tr-no_0236.jpg",2,notumor,2,notumor,0.0049641309,0.0065357969,0.9799875021,0.0085124988,0.11164290,0.88835711,0.00007597,0.00000414,2618
6636,"/kaggle/input/datasets/arafatrahmann/my-data221/Epic and CSCR hospital Dataset/Train/notumor/Tr-no_0240.jpg",2,notumor,3,pituitary,0.0045765345,0.0065511251,0.0175038762,0.9713684320,0.85805706,0.14194294,0.00007762,0.00039212,2619
6641,"/kaggle/input/datasets/arafatrahmann/my-data221/Epic and CSCR hospital Dataset/Train/notumor/Tr-no_0245.jpg",2,notumor,2,notumor,0.0052141375,0.0063418029,0.9803251028,0.0081190187,0.11769236,0.88230764,0.00006275,0.00000483,2622
6649,"/kaggle/input/datasets/arafatrahmann/my-data221/Epic and CSCR hospital Dataset/Train/notumor/Tr-no_0253.jpg",2,notumor,2,notumor,0.0050245719,0.0065830350,0.9800411463,0.0083512533,0.10043534,0.89956468,0.00006927,0.00000482,2284
6661,"/kaggle/input/datasets/arafatrahmann/my-data221/Epic and CSCR hospital Dataset/Train/notumor/Tr-no_0265.jpg",2,notumor,2,notumor,0.0057970798,0.0054750619,0.9795934558,0.0091344612,0.09633079,0.90366919,0.00011325,0.00000497,2635
6667,"/kaggle/input/datasets/arafatrahmann/my-data221/Epic and CSCR hospital Dataset/Train/notumor/Tr-no_0271.jpg",2,notumor,2,notumor,0.0052730823,0.0057381894,0.9794742465,0.0095144510,0.09840805,0.90159195,0.00009506,0.00000534,2638
6671,"/kaggle/input/datasets/arafatrahmann/my-data221/Epic and CSCR hospital Dataset/Train/notumor/Tr-no_0275.jpg",2,notumor,2,notumor,0.0052758963,0.0057415664,0.9801040888,0.0088785412,0.11241239,0.88758759,0.00006978,0.00000547,2642
6676,"/kaggle/input/datasets/arafatrahmann/my-data221/Epic and CSCR hospital Dataset/Train/notumor/Tr-no_0280.jpg",2,notumor,2,notumor,0.0053025251,0.0068603186,0.9801942110,0.0076429001,0.10945363,0.89054638,0.00007933,0.00000624,2310
6683,"/kaggle/input/datasets/arafatrahmann/my-data221/Epic and CSCR hospital Dataset/Train/notumor/Tr-no_0287.jpg",2,notumor,2,notumor,0.0052778730,0.0063400045,0.9804854393,0.0078966022,0.12237272,0.87762727,0.00005605,0.00000479,2649
6684,"/kaggle/input/datasets/arafatrahmann/my-data221/Epic and CSCR hospital Dataset/Train/notumor/Tr-no_0288.jpg",2,notumor,2,notumor,0.0053402949,0.0066824839,0.9798842669,0.0080930069,0.08971598,0.91028403,0.00008690,0.00000466,2650
6692,"/kaggle/input/datasets/arafatrahmann/my-data221/Epic and CSCR hospital Dataset/Train/notumor/Tr-no_0296.jpg",2,notumor,2,notumor,0.0050630379,0.0062589152,0.9796069264,0.0090711992,0.09675285,0.90324715,0.00008469,0.00000466,2536
6697,"/kaggle/input/datasets/arafatrahmann/my-data221/Epic and CSCR hospital Dataset/Train/notumor/Tr-no_0301.jpg",2,notumor,2,notumor,0.0051994459,0.0063764900,0.9798914194,0.0085327495,0.10655286,0.89344712,0.00008118,0.00000457,2657
6702,"/kaggle/input/datasets/arafatrahmann/my-data221/Epic and CSCR hospital Dataset/Train/notumor/Tr-no_0306.jpg",2,notumor,2,notumor,0.0049262173,0.0056956760,0.9787073135,0.0106708650,0.12165674,0.87834327,0.00006233,0.00000521,2660
6703,"/kaggle/input/datasets/arafatrahmann/my-data221/Epic and CSCR hospital Dataset/Train/notumor/Tr-no_0312.jpg",2,notumor,2,notumor,0.0054660849,0.0059415298,0.9806808233,0.0079115275,0.13125457,0.86874542,0.00004678,0.00000581,2661
6720,"/kaggle/input/datasets/arafatrahmann/my-data221/Epic and CSCR hospital Dataset/Train/notumor/Tr-no_0329.jpg",2,notumor,2,notumor,0.0050528450,0.0063490197,0.9802845716,0.0083135739,0.13160989,0.86839011,0.00005246,0.00000612,2479
6747,"/kaggle/input/datasets/arafatrahmann/my-data221/Epic and CSCR hospital Dataset/Train/notumor/Tr-no_0356.jpg",2,notumor,2,notumor,0.0061371922,0.0057616360,0.9804670215,0.0076341862,0.09913101,0.90086898,0.00007919,0.00000433,2357
6749,"/kaggle/input/datasets/arafatrahmann/my-data221/Epic and CSCR hospital Dataset/Train/notumor/Tr-no_0358.jpg",2,notumor,2,notumor,0.0059806122,0.0055438844,0.9813036919,0.0071717552,0.18029353,0.81970648,0.00003094,0.00000506,2417
6756,"/kaggle/input/datasets/arafatrahmann/my-data221/Epic and CSCR hospital Dataset/Train/notumor/Tr-no_0365.jpg",2,notumor,2,notumor,0.0051028798,0.0066141477,0.9801200628,0.0081628431,0.10397863,0.89602137,0.00005320,0.00000391,2566
6759,"/kaggle/input/datasets/arafatrahmann/my-data221/Epic and CSCR hospital Dataset/Train/notumor/Tr-no_0368.jpg",2,notumor,2,notumor,0.0050311703,0.0066194064,0.9803193808,0.0080300104,0.12151479,0.87848520,0.00007875,0.00000580,2566
6761,"/kaggle/input/datasets/arafatrahmann/my-data221/Epic and CSCR hospital Dataset/Train/notumor/Tr-no_0370.jpg",2,notumor,2,notumor,0.0071518631,0.0061369454,0.9785410762,0.0081701986,0.10061101,0.89938901,0.00007718,0.00000679,2572
6766,"/kaggle/input/datasets/arafatrahmann/my-data221/Epic and CSCR hospital Dataset/Train/notumor/Tr-no_0375.jpg",2,notumor,2,notumor,0.0049945535,0.0062353583,0.9802650213,0.0085050259,0.13348371,0.86651630,0.00004338,0.00000515,2596
6768,"/kaggle/input/datasets/arafatrahmann/my-data221/Epic and CSCR hospital Dataset/Train/notumor/Tr-no_0377.jpg",2,notumor,2,notumor,0.0048629190,0.0059031295,0.9796584845,0.0095753986,0.11680470,0.88319531,0.00006437,0.00000501,2669
6769,"/kaggle/input/datasets/arafatrahmann/my-data221/Epic and CSCR hospital Dataset/Train/notumor/Tr-no_0378.jpg",2,notumor,2,notumor,0.0050274776,0.0053130677,0.9778233767,0.0118361358,0.11222727,0.88777273,0.00007281,0.00000561,2670
6777,"/kaggle/input/datasets/arafatrahmann/my-data221/Epic and CSCR hospital Dataset/Train/notumor/Tr-no_0386.jpg",2,notumor,2,notumor,0.0052326256,0.0061182757,0.9797844887,0.0088645723,0.09863037,0.90136962,0.00008880,0.00000376,2677
6786,"/kaggle/input/datasets/arafatrahmann/my-data221/Epic and CSCR hospital Dataset/Train/notumor/Tr-no_0395.jpg",2,notumor,2,notumor,0.0051204185,0.0065555787,0.9797951579,0.0085287411,0.09402157,0.90597841,0.00007731,0.00000462,2289
6799,"/kaggle/input/datasets/arafatrahmann/my-data221/Epic and CSCR hospital Dataset/Train/notumor/Tr-no_0408.jpg",2,notumor,2,notumor,0.0054760347,0.0066787200,0.9800904393,0.0077547887,0.09503649,0.90496351,0.00006266,0.00000383,2323
6803,"/kaggle/input/datasets/arafatrahmann/my-data221/Epic and CSCR hospital Dataset/Train/notumor/Tr-no_0412.jpg",2,notumor,2,notumor,0.0053073391,0.0062921294,0.9802118540,0.0081887413,0.10366078,0.89633921,0.00005473,0.00000414,2688
6806,"/kaggle/input/datasets/arafatrahmann/my-data221/Epic and CSCR hospital Dataset/Train/notumor/Tr-no_0415.jpg",2,notumor,2,notumor,0.0054349401,0.0067375628,0.9802249670,0.0076024635,0.11830869,0.88169131,0.00007407,0.00000516,2289
6810,"/kaggle/input/datasets/arafatrahmann/my-data221/Epic and CSCR hospital Dataset/Train/notumor/Tr-no_0419.jpg",2,notumor,2,notumor,0.0051826788,0.0058392650,0.9798267484,0.0091512818,0.09515359,0.90484642,0.00008316,0.00000409,2307
6813,"/kaggle/input/datasets/arafatrahmann/my-data221/Epic and CSCR hospital Dataset/Train/notumor/Tr-no_0422.jpg",2,notumor,2,notumor,0.0054800059,0.0061776401,0.9804208875,0.0079214824,0.10562528,0.89437471,0.00005195,0.00000437,2326
6816,"/kaggle/input/datasets/arafatrahmann/my-data221/Epic and CSCR hospital Dataset/Train/notumor/Tr-no_0425.jpg",2,notumor,2,notumor,0.0052892691,0.0054329648,0.9806038141,0.0086740013,0.13795314,0.86204684,0.00004732,0.00000539,2389
6817,"/kaggle/input/datasets/arafatrahmann/my-data221/Epic and CSCR hospital Dataset/Train/notumor/Tr-no_0426.jpg",2,notumor,2,notumor,0.0050583752,0.0060384287,0.9804829359,0.0084202364,0.13475658,0.86524342,0.00003746,0.00000453,2303
6822,"/kaggle/input/datasets/arafatrahmann/my-data221/Epic and CSCR hospital Dataset/Train/notumor/Tr-no_0431.jpg",2,notumor,2,notumor,0.0051856437,0.0061256019,0.9804029465,0.0082858298,0.11171486,0.88828515,0.00006718,0.00000426,2423
6843,"/kaggle/input/datasets/arafatrahmann/my-data221/Epic and CSCR hospital Dataset/Train/notumor/Tr-no_0452.jpg",2,notumor,2,notumor,0.0050564259,0.0068737539,0.9798798561,0.0081899427,0.09882763,0.90117236,0.00007860,0.00000522,2698
6848,"/kaggle/input/datasets/arafatrahmann/my-data221/Epic and CSCR hospital Dataset/Train/notumor/Tr-no_0457.jpg",2,notumor,2,notumor,0.0053526829,0.0061697685,0.9804832339,0.0079942392,0.11551540,0.88448461,0.00004849,0.00000469,2307
6849,"/kaggle/input/datasets/arafatrahmann/my-data221/Epic and CSCR hospital Dataset/Train/notumor/Tr-no_0458.jpg",2,notumor,2,notumor,0.0050687506,0.0066379281,0.9797242284,0.0085691875,0.09135678,0.90864323,0.00010004,0.00000443,2323
6853,"/kaggle/input/datasets/arafatrahmann/my-data221/Epic and CSCR hospital Dataset/Train/notumor/Tr-no_0462.jpg",2,notumor,2,notumor,0.0054091243,0.0057577514,0.9803673029,0.0084659308,0.11878538,0.88121461,0.00005040,0.00000518,2700
6857,"/kaggle/input/datasets/arafatrahmann/my-data221/Epic and CSCR hospital Dataset/Train/notumor/Tr-no_0466.jpg",2,notumor,2,notumor,0.0051270118,0.0065029832,0.9801702499,0.0081997979,0.10911340,0.89088661,0.00006185,0.00000555,2423
6860,"/kaggle/input/datasets/arafatrahmann/my-data221/Epic and CSCR hospital Dataset/Train/notumor/Tr-no_0469.jpg",2,notumor,2,notumor,0.0053880159,0.0062676156,0.9800369143,0.0083074132,0.09876941,0.90123061,0.00009114,0.00000445,2405
6864,"/kaggle/input/datasets/arafatrahmann/my-data221/Epic and CSCR hospital Dataset/Train/notumor/Tr-no_0473.jpg",2,notumor,2,notumor,0.0049545220,0.0067485226,0.9803277850,0.0079691363,0.14580361,0.85419638,0.00006651,0.00000480,2410
6870,"/kaggle/input/datasets/arafatrahmann/my-data221/Epic and CSCR hospital Dataset/Train/notumor/Tr-no_0479.jpg",2,notumor,2,notumor,0.0054143951,0.0061126305,0.9803633690,0.0081097241,0.10170630,0.89829369,0.00006685,0.00000427,2282
6873,"/kaggle/input/datasets/arafatrahmann/my-data221/Epic and CSCR hospital Dataset/Train/notumor/Tr-no_0482.jpg",2,notumor,2,notumor,0.0051348675,0.0064539416,0.9800788760,0.0083322423,0.10698155,0.89301845,0.00005558,0.00000460,2327
6874,"/kaggle/input/datasets/arafatrahmann/my-data221/Epic and CSCR hospital Dataset/Train/notumor/Tr-no_0483.jpg",2,notumor,2,notumor,0.0049508759,0.0065940521,0.9799565077,0.0084984982,0.11441464,0.88558535,0.00006810,0.00000488,2289
6875,"/kaggle/input/datasets/arafatrahmann/my-data221/Epic and CSCR hospital Dataset/Train/notumor/Tr-no_0484.jpg",2,notumor,2,notumor,0.0052585537,0.0064202398,0.9801948667,0.0081264107,0.10572901,0.89427100,0.00005794,0.00000485,2355
6880,"/kaggle/input/datasets/arafatrahmann/my-data221/Epic and CSCR hospital Dataset/Train/notumor/Tr-no_0489.jpg",2,notumor,2,notumor,0.0055482020,0.0061193677,0.9805499315,0.0077824974,0.11193664,0.88806335,0.00005079,0.00000505,2282
6884,"/kaggle/input/datasets/arafatrahmann/my-data221/Epic and CSCR hospital Dataset/Train/notumor/Tr-no_0493.jpg",2,notumor,2,notumor,0.0050037345,0.0068674833,0.9799038172,0.0082250079,0.11019175,0.88980822,0.00006472,0.00000484,2310
6886,"/kaggle/input/datasets/arafatrahmann/my-data221/Epic and CSCR hospital Dataset/Train/notumor/Tr-no_0495.jpg",2,notumor,2,notumor,0.0052812197,0.0062327287,0.9803609848,0.0081251245,0.11562249,0.88437752,0.00005586,0.00000473,2378
6893,"/kaggle/input/datasets/arafatrahmann/my-data221/Epic and CSCR hospital Dataset/Train/notumor/Tr-no_0507.jpg",2,notumor,2,notumor,0.0058665159,0.0058112242,0.9803705215,0.0079517793,0.09751019,0.90248982,0.00007227,0.00000451,2389
6894,"/kaggle/input/datasets/arafatrahmann/my-data221/Epic and CSCR hospital Dataset/Train/notumor/Tr-no_0508.jpg",2,notumor,2,notumor,0.0050763106,0.0064708232,0.9803681374,0.0080846520,0.12286777,0.87713225,0.00004068,0.00000514,2512
6897,"/kaggle/input/datasets/arafatrahmann/my-data221/Epic and CSCR hospital Dataset/Train/notumor/Tr-no_0511.jpg",2,notumor,2,notumor,0.0053793527,0.0064097084,0.9801231623,0.0080878874,0.09993918,0.90006081,0.00007584,0.00000489,2362
6901,"/kaggle/input/datasets/arafatrahmann/my-data221/Epic and CSCR hospital Dataset/Train/notumor/Tr-no_0515.jpg",2,notumor,2,notumor,0.0056095570,0.0056253914,0.9804304242,0.0083346376,0.11518573,0.88481430,0.00004378,0.00000441,2282
6903,"/kaggle/input/datasets/arafatrahmann/my-data221/Epic and CSCR hospital Dataset/Train/notumor/Tr-no_0517.jpg",2,notumor,2,notumor,0.0050725183,0.0067721494,0.9798836708,0.0082716439,0.09911585,0.90088415,0.00005952,0.00000452,2707
6911,"/kaggle/input/datasets/arafatrahmann/my-data221/Epic and CSCR hospital Dataset/Train/notumor/Tr-no_0525.jpg",2,notumor,2,notumor,0.0052300701,0.0060424386,0.9803020358,0.0084254518,0.10555458,0.89444543,0.00006316,0.00000504,2326
6918,"/kaggle/input/datasets/arafatrahmann/my-data221/Epic and CSCR hospital Dataset/Train/notumor/Tr-no_0532.jpg",2,notumor,2,notumor,0.0055068582,0.0054064910,0.9803298712,0.0087568518,0.11316291,0.88683708,0.00005296,0.00000471,2389
6919,"/kaggle/input/datasets/arafatrahmann/my-data221/Epic and CSCR hospital Dataset/Train/notumor/Tr-no_0533.jpg",2,notumor,2,notumor,0.0055775386,0.0066439351,0.9801973104,0.0075813038,0.09696900,0.90303097,0.00008490,0.00000514,2405
6921,"/kaggle/input/datasets/arafatrahmann/my-data221/Epic and CSCR hospital Dataset/Train/notumor/Tr-no_0535.jpg",2,notumor,2,notumor,0.0055730147,0.0063216188,0.9804548025,0.0076505565,0.10817551,0.89182451,0.00005697,0.00000467,2362
6922,"/kaggle/input/datasets/arafatrahmann/my-data221/Epic and CSCR hospital Dataset/Train/notumor/Tr-no_0536.jpg",2,notumor,2,notumor,0.0052530756,0.0058673071,0.9801638722,0.0087156724,0.11576291,0.88423710,0.00003741,0.00000378,2282
6927,"/kaggle/input/datasets/arafatrahmann/my-data221/Epic and CSCR hospital Dataset/Train/notumor/Tr-no_0541.jpg",2,notumor,2,notumor,0.0055010337,0.0056169229,0.9806294441,0.0082526263,0.13671950,0.86328049,0.00005503,0.00000489,2282
6932,"/kaggle/input/datasets/arafatrahmann/my-data221/Epic and CSCR hospital Dataset/Train/notumor/Tr-no_0546.jpg",2,notumor,2,notumor,0.0052350005,0.0062287888,0.9804952741,0.0080409665,0.12436882,0.87563121,0.00004708,0.00000539,2378
6937,"/kaggle/input/datasets/arafatrahmann/my-data221/Epic and CSCR hospital Dataset/Train/notumor/Tr-no_0551.jpg",2,notumor,2,notumor,0.0051228050,0.0061903629,0.9805536270,0.0081331264,0.12063124,0.87936879,0.00004491,0.00000582,2355
6939,"/kaggle/input/datasets/arafatrahmann/my-data221/Epic and CSCR hospital Dataset/Train/notumor/Tr-no_0553.jpg",2,notumor,2,notumor,0.0054171560,0.0061616702,0.9802541733,0.0081669558,0.11250513,0.88749489,0.00005835,0.00000494,2459
6941,"/kaggle/input/datasets/arafatrahmann/my-data221/Epic and CSCR hospital Dataset/Train/notumor/Tr-no_0555.jpg",2,notumor,2,notumor,0.0054157274,0.0059505445,0.9803451300,0.0082885455,0.10572736,0.89427264,0.00006628,0.00000421,2460
6966,"/kaggle/input/datasets/arafatrahmann/my-data221/Epic and CSCR hospital Dataset/Train/notumor/Tr-no_0580.jpg",2,notumor,2,notumor,0.0049676080,0.0065450654,0.9802089930,0.0082784258,0.11448621,0.88551380,0.00007823,0.00000596,2496
6968,"/kaggle/input/datasets/arafatrahmann/my-data221/Epic and CSCR hospital Dataset/Train/notumor/Tr-no_0582.jpg",2,notumor,2,notumor,0.0050615687,0.0065831579,0.9800269008,0.0083284350,0.11075077,0.88924921,0.00006015,0.00000437,2289
6970,"/kaggle/input/datasets/arafatrahmann/my-data221/Epic and CSCR hospital Dataset/Train/notumor/Tr-no_0584.jpg",2,notumor,2,notumor,0.0045534768,0.0062029222,0.9768036604,0.0124398973,0.09916084,0.90083916,0.00008055,0.00000508,2511
6971,"/kaggle/input/datasets/arafatrahmann/my-data221/Epic and CSCR hospital Dataset/Train/notumor/Tr-no_0585.jpg",2,notumor,0,glioma,0.9762903452,0.0046354868,0.0105362944,0.0085379258,0.10047375,0.89952624,0.00008713,0.00000463,2719
6973,"/kaggle/input/datasets/arafatrahmann/my-data221/Epic and CSCR hospital Dataset/Train/notumor/Tr-no_0587.jpg",2,notumor,2,notumor,0.0051477379,0.0064081312,0.9798998833,0.0085442606,0.09730511,0.90269490,0.00007017,0.00000436,2505
6986,"/kaggle/input/datasets/arafatrahmann/my-data221/Epic and CSCR hospital Dataset/Train/notumor/Tr-no_0600.jpg",2,notumor,2,notumor,0.0051127723,0.0060648071,0.9805146456,0.0083077429,0.12496319,0.87503683,0.00004530,0.00000429,2720
6989,"/kaggle/input/datasets/arafatrahmann/my-data221/Epic and CSCR hospital Dataset/Train/notumor/Tr-no_0603.jpg",2,notumor,2,notumor,0.0055331546,0.0061095343,0.9801131487,0.0082441876,0.09485130,0.90514870,0.00007601,0.00000450,2434
6995,"/kaggle/input/datasets/arafatrahmann/my-data221/Epic and CSCR hospital Dataset/Train/notumor/Tr-no_0609.jpg",2,notumor,2,notumor,0.0053162500,0.0056047961,0.9798477888,0.0092311073,0.10448934,0.89551066,0.00008002,0.00000533,2299
6996,"/kaggle/input/datasets/arafatrahmann/my-data221/Epic and CSCR hospital Dataset/Train/notumor/Tr-no_0610.jpg",2,notumor,2,notumor,0.0052510696,0.0062231971,0.9804086685,0.0081171673,0.12344358,0.87655642,0.00005499,0.00000529,2345
7001,"/kaggle/input/datasets/arafatrahmann/my-data221/Epic and CSCR hospital Dataset/Train/notumor/Tr-no_0615.jpg",2,notumor,2,notumor,0.0055367248,0.0060829781,0.9800227284,0.0083576571,0.09651196,0.90348804,0.00007214,0.00000453,2728
7002,"/kaggle/input/datasets/arafatrahmann/my-data221/Epic and CSCR hospital Dataset/Train/notumor/Tr-no_0616.jpg",2,notumor,2,notumor,0.0050090249,0.0067885332,0.9799178839,0.0082846303,0.10099711,0.89900290,0.00007101,0.00000539,2311
7003,"/kaggle/input/datasets/arafatrahmann/my-data221/Epic and CSCR hospital Dataset/Train/notumor/Tr-no_0617.jpg",2,notumor,2,notumor,0.0052521913,0.0064158165,0.9801498652,0.0081821717,0.10387805,0.89612195,0.00007064,0.00000457,2355
7004,"/kaggle/input/datasets/arafatrahmann/my-data221/Epic and CSCR hospital Dataset/Train/notumor/Tr-no_0618.jpg",2,notumor,2,notumor,0.0049651363,0.0066136187,0.9798902273,0.0085309586,0.10734680,0.89265319,0.00006016,0.00000512,2323
7008,"/kaggle/input/datasets/arafatrahmann/my-data221/Epic and CSCR hospital Dataset/Train/notumor/Tr-no_0622.jpg",2,notumor,2,notumor,0.0050051715,0.0068002278,0.9800690413,0.0081255510,0.11185536,0.88814462,0.00011239,0.00000587,2311
7009,"/kaggle/input/datasets/arafatrahmann/my-data221/Epic and CSCR hospital Dataset/Train/notumor/Tr-no_0623.jpg",2,notumor,2,notumor,0.0051325387,0.0065623662,0.9800068140,0.0082982285,0.10062685,0.89937314,0.00006423,0.00000476,2303
7018,"/kaggle/input/datasets/arafatrahmann/my-data221/Epic and CSCR hospital Dataset/Train/notumor/Tr-no_0632.jpg",2,notumor,2,notumor,0.0050411918,0.0069102920,0.9797994494,0.0082490146,0.09516391,0.90483608,0.00011647,0.00000428,2698
7021,"/kaggle/input/datasets/arafatrahmann/my-data221/Epic and CSCR hospital Dataset/Train/notumor/Tr-no_0635.jpg",2,notumor,0,glioma,0.9748945236,0.0056965756,0.0123627139,0.0070461659,0.09179619,0.90820382,0.00016643,0.00000570,2513
7023,"/kaggle/input/datasets/arafatrahmann/my-data221/Epic and CSCR hospital Dataset/Train/notumor/Tr-no_0637.jpg",2,notumor,2,notumor,0.0054996074,0.0059350836,0.9804579616,0.0081072655,0.11257958,0.88742039,0.00005055,0.00000475,2450
7027,"/kaggle/input/datasets/arafatrahmann/my-data221/Epic and CSCR hospital Dataset/Train/notumor/Tr-no_0641.jpg",2,notumor,2,notumor,0.0051283273,0.0065918751,0.9801197052,0.0081600426,0.10729831,0.89270167,0.00006606,0.00000429,2733
7028,"/kaggle/input/datasets/arafatrahmann/my-data221/Epic and CSCR hospital Dataset/Train/notumor/Tr-no_0642.jpg",2,notumor,2,notumor,0.0055454616,0.0058392100,0.9804992676,0.0081160050,0.11690597,0.88309402,0.00005454,0.00000455,2299
7032,"/kaggle/input/datasets/arafatrahmann/my-data221/Epic and CSCR hospital Dataset/Train/notumor/Tr-no_0646.jpg",2,notumor,2,notumor,0.0051697334,0.0063018538,0.9800543785,0.0084740371,0.10616798,0.89383203,0.00006271,0.00000420,2728
7039,"/kaggle/input/datasets/arafatrahmann/my-data221/Epic and CSCR hospital Dataset/Train/notumor/Tr-no_0668.jpg",2,notumor,2,notumor,0.0052474970,0.0062019462,0.9805690050,0.0079814512,0.14092051,0.85907948,0.00005559,0.00000653,2405
7040,"/kaggle/input/datasets/arafatrahmann/my-data221/Epic and CSCR hospital Dataset/Train/notumor/Tr-no_0669.jpg",2,notumor,2,notumor,0.0052715079,0.0061649224,0.9803086519,0.0082548875,0.12237998,0.87762002,0.00005168,0.00000520,2735
7043,"/kaggle/input/datasets/arafatrahmann/my-data221/Epic and CSCR hospital Dataset/Train/notumor/Tr-no_0672.jpg",2,notumor,2,notumor,0.0055362377,0.0059337779,0.9804120064,0.0081179645,0.10196452,0.89803547,0.00005159,0.00000433,2282
7052,"/kaggle/input/datasets/arafatrahmann/my-data221/Epic and CSCR hospital Dataset/Train/notumor/Tr-no_0692.jpg",2,notumor,2,notumor,0.0050367704,0.0066397004,0.9801570177,0.0081665497,0.11586365,0.88413635,0.00004456,0.00000525,2442
7074,"/kaggle/input/datasets/arafatrahmann/my-data221/Epic and CSCR hospital Dataset/Train/notumor/image(146) - Copy.jpg",2,notumor,2,notumor,0.0051206104,0.0066202120,0.9800671339,0.0081920382,0.09970595,0.90029405,0.00006195,0.00000477,2566
7075,"/kaggle/input/datasets/arafatrahmann/my-data221/Epic and CSCR hospital Dataset/Train/notumor/image(146).jpg",2,notumor,2,notumor,0.0051388303,0.0066308081,0.9800151587,0.0082151443,0.09703788,0.90296212,0.00007821,0.00000423,2566
7084,"/kaggle/input/datasets/arafatrahmann/my-data221/Epic and CSCR hospital Dataset/Train/notumor/image(150) - Copy.jpg",2,notumor,2,notumor,0.0049638748,0.0066019008,0.9805033803,0.0079308655,0.13636378,0.86363623,0.00005362,0.00000565,2566
7085,"/kaggle/input/datasets/arafatrahmann/my-data221/Epic and CSCR hospital Dataset/Train/notumor/image(150).jpg",2,notumor,2,notumor,0.0050514154,0.0066112876,0.9802612066,0.0080760438,0.11644728,0.88355272,0.00007355,0.00000522,2566
7086,"/kaggle/input/datasets/arafatrahmann/my-data221/Epic and CSCR hospital Dataset/Train/notumor/image(151) - Copy.jpg",2,notumor,2,notumor,0.0052190060,0.0060616843,0.9793232083,0.0093960315,0.09377535,0.90622464,0.00011187,0.00000498,2568
7087,"/kaggle/input/datasets/arafatrahmann/my-data221/Epic and CSCR hospital Dataset/Train/notumor/image(151).jpg",2,notumor,2,notumor,0.0050669247,0.0060301973,0.9797725677,0.0091303792,0.15307426,0.84692573,0.00004267,0.00000482,2568
7100,"/kaggle/input/datasets/arafatrahmann/my-data221/Epic and CSCR hospital Dataset/Train/notumor/image(158) - Copy.jpg",2,notumor,2,notumor,0.0068915943,0.0061592734,0.9788748622,0.0080743069,0.12221132,0.87778868,0.00007072,0.00000704,2572
7101,"/kaggle/input/datasets/arafatrahmann/my-data221/Epic and CSCR hospital Dataset/Train/notumor/image(158).jpg",2,notumor,2,notumor,0.0071894587,0.0061199600,0.9785989523,0.0080916369,0.10946128,0.89053872,0.00007697,0.00000575,2572
7109,"/kaggle/input/datasets/arafatrahmann/my-data221/Epic and CSCR hospital Dataset/Train/notumor/image(163).jpg",2,notumor,2,notumor,0.0053932359,0.0063089291,0.9800391197,0.0082587432,0.09884775,0.90115226,0.00006442,0.00000422,2459
7111,"/kaggle/input/datasets/arafatrahmann/my-data221/Epic and CSCR hospital Dataset/Train/notumor/image(165).jpg",2,notumor,2,notumor,0.0051812539,0.0060262862,0.9802795649,0.0085128956,0.11792002,0.88207997,0.00005723,0.00000488,2575
7114,"/kaggle/input/datasets/arafatrahmann/my-data221/Epic and CSCR hospital Dataset/Train/notumor/image(175).jpg",2,notumor,2,notumor,0.0051312326,0.0061433925,0.9806040525,0.0081213098,0.12561683,0.87438317,0.00005238,0.00000527,2355
7120,"/kaggle/input/datasets/arafatrahmann/my-data221/Epic and CSCR hospital Dataset/Train/notumor/image(181).jpg",2,notumor,2,notumor,0.0051982957,0.0068978718,0.9798838496,0.0080198590,0.09479279,0.90520722,0.00008641,0.00000459,2559
7122,"/kaggle/input/datasets/arafatrahmann/my-data221/Epic and CSCR hospital Dataset/Train/notumor/image(183).jpg",2,notumor,2,notumor,0.0051210942,0.0069257556,0.9797564745,0.0081967078,0.08989246,0.91010754,0.00012013,0.00000486,2580
7126,"/kaggle/input/datasets/arafatrahmann/my-data221/Epic and CSCR hospital Dataset/Train/notumor/image(187).jpg",2,notumor,2,notumor,0.0052441866,0.0065163202,0.9799333811,0.0083061224,0.09490158,0.90509843,0.00007088,0.00000470,2345
7136,"/kaggle/input/datasets/arafatrahmann/my-data221/Epic and CSCR hospital Dataset/Train/notumor/no 91.jpeg",2,notumor,2,notumor,0.0050082165,0.0066011911,0.9799696207,0.0084210392,0.10142937,0.89857063,0.00007356,0.00000517,2442
7148,"/kaggle/input/datasets/arafatrahmann/my-data221/Epic and CSCR hospital Dataset/Train/pituitary/1180.jpg",3,pituitary,3,pituitary,0.0057324148,0.0086210947,0.0081301564,0.9775163531,0.90285456,0.09714542,0.00000437,0.00008108,2740
7156,"/kaggle/input/datasets/arafatrahmann/my-data221/Epic and CSCR hospital Dataset/Train/pituitary/1188.jpg",3,pituitary,3,pituitary,0.0062918672,0.0085589942,0.0077584698,0.9773905873,0.90134480,0.09865520,0.00000530,0.00011187,2748
7162,"/kaggle/input/datasets/arafatrahmann/my-data221/Epic and CSCR hospital Dataset/Train/pituitary/1194.jpg",3,pituitary,3,pituitary,0.0060570212,0.0078580501,0.0072540552,0.9788308144,0.90176263,0.09823736,0.00000423,0.00006771,2754
7163,"/kaggle/input/datasets/arafatrahmann/my-data221/Epic and CSCR hospital Dataset/Train/pituitary/1195.jpg",3,pituitary,3,pituitary,0.0058488515,0.0082833441,0.0068963221,0.9789714813,0.90439121,0.09560880,0.00000419,0.00007153,2755
7168,"/kaggle/input/datasets/arafatrahmann/my-data221/Epic and CSCR hospital Dataset/Train/pituitary/1200.jpg",3,pituitary,3,pituitary,0.0060281218,0.0067619435,0.0074776560,0.9797322154,0.88824486,0.11175514,0.00000637,0.00007945,2760
7218,"/kaggle/input/datasets/arafatrahmann/my-data221/Epic and CSCR hospital Dataset/Train/pituitary/P_714.jpg",3,pituitary,3,pituitary,0.0057991822,0.0085738944,0.0070838421,0.9785431027,0.89904460,0.10095538,0.00000426,0.00005631,2767
7219,"/kaggle/input/datasets/arafatrahmann/my-data221/Epic and CSCR hospital Dataset/Train/pituitary/P_714_BR_.jpg",3,pituitary,3,pituitary,0.0054026721,0.0089500230,0.0072900304,0.9783573151,0.87306806,0.12693196,0.00000601,0.00007248,2767
7220,"/kaggle/input/datasets/arafatrahmann/my-data221/Epic and CSCR hospital Dataset/Train/pituitary/P_714_DA_.jpg",3,pituitary,3,pituitary,0.0059800809,0.0083779665,0.0073645650,0.9782773852,0.88767490,0.11232509,0.00000506,0.00008322,2767
7221,"/kaggle/input/datasets/arafatrahmann/my-data221/Epic and CSCR hospital Dataset/Train/pituitary/P_714_HF_.jpg",3,pituitary,3,pituitary,0.0057890969,0.0087041166,0.0069522015,0.9785545468,0.89677398,0.10322601,0.00000539,0.00007405,2767
7222,"/kaggle/input/datasets/arafatrahmann/my-data221/Epic and CSCR hospital Dataset/Train/pituitary/P_714_RO_.jpg",3,pituitary,3,pituitary,0.0059309816,0.0077533508,0.0076189004,0.9786966443,0.90342991,0.09657010,0.00000475,0.00008021,2767
7223,"/kaggle/input/datasets/arafatrahmann/my-data221/Epic and CSCR hospital Dataset/Train/pituitary/P_714_SP_.jpg",3,pituitary,3,pituitary,0.0056456164,0.0084004123,0.0082097007,0.9777442813,0.90492204,0.09507796,0.00000500,0.00009762,2767
7224,"/kaggle/input/datasets/arafatrahmann/my-data221/Epic and CSCR hospital Dataset/Train/pituitary/P_714_VF_.jpg",3,pituitary,3,pituitary,0.0058978489,0.0071699484,0.0072781593,0.9796541333,0.89496223,0.10503776,0.00000500,0.00008425,2767
7302,"/kaggle/input/datasets/arafatrahmann/my-data221/Epic and CSCR hospital Dataset/Train/pituitary/P_725.jpg",3,pituitary,3,pituitary,0.0058199568,0.0092433468,0.0069987597,0.9779378772,0.89761579,0.10238419,0.00000530,0.00010627,2767
7303,"/kaggle/input/datasets/arafatrahmann/my-data221/Epic and CSCR hospital Dataset/Train/pituitary/P_725_BR_.jpg",3,pituitary,3,pituitary,0.0052944073,0.0099098580,0.0073035732,0.9774921536,0.87868823,0.12131179,0.00000607,0.00008385,2767
7304,"/kaggle/input/datasets/arafatrahmann/my-data221/Epic and CSCR hospital Dataset/Train/pituitary/P_725_DA_.jpg",3,pituitary,3,pituitary,0.0057819914,0.0085104778,0.0076695918,0.9780379534,0.88397138,0.11602863,0.00000801,0.00009915,2767
7305,"/kaggle/input/datasets/arafatrahmann/my-data221/Epic and CSCR hospital Dataset/Train/pituitary/P_725_HF_.jpg",3,pituitary,3,pituitary,0.0058313408,0.0092698289,0.0069271303,0.9779716730,0.90896180,0.09103821,0.00000377,0.00012210,2767
7306,"/kaggle/input/datasets/arafatrahmann/my-data221/Epic and CSCR hospital Dataset/Train/pituitary/P_725_RO_.jpg",3,pituitary,3,pituitary,0.0059361439,0.0084073385,0.0072133220,0.9784432650,0.90265628,0.09734373,0.00000437,0.00007750,2767
7307,"/kaggle/input/datasets/arafatrahmann/my-data221/Epic and CSCR hospital Dataset/Train/pituitary/P_725_SP_.jpg",3,pituitary,3,pituitary,0.0056704003,0.0094296411,0.0083896024,0.9765104055,0.90811632,0.09188367,0.00000457,0.00009529,2767
7308,"/kaggle/input/datasets/arafatrahmann/my-data221/Epic and CSCR hospital Dataset/Train/pituitary/P_725_VF_.jpg",3,pituitary,3,pituitary,0.0060038781,0.0075321035,0.0073969373,0.9790670276,0.91326501,0.08673497,0.00000534,0.00011516,2767
7400,"/kaggle/input/datasets/arafatrahmann/my-data221/Epic and CSCR hospital Dataset/Train/pituitary/P_738.jpg",3,pituitary,3,pituitary,0.0058384817,0.0085978759,0.0068909354,0.9786726832,0.90171670,0.09828332,0.00000421,0.00006120,2767
7401,"/kaggle/input/datasets/arafatrahmann/my-data221/Epic and CSCR hospital Dataset/Train/pituitary/P_738_BR_.jpg",3,pituitary,3,pituitary,0.0052406718,0.0094167246,0.0071926052,0.9781500101,0.90013452,0.09986548,0.00000752,0.00009305,2767
7402,"/kaggle/input/datasets/arafatrahmann/my-data221/Epic and CSCR hospital Dataset/Train/pituitary/P_738_DA_.jpg",3,pituitary,3,pituitary,0.0057224813,0.0080454610,0.0072992379,0.9789328575,0.89564351,0.10435649,0.00000576,0.00009453,2767
7403,"/kaggle/input/datasets/arafatrahmann/my-data221/Epic and CSCR hospital Dataset/Train/pituitary/P_738_HF_.jpg",3,pituitary,3,pituitary,0.0058144270,0.0090243174,0.0067820684,0.9783791304,0.91031281,0.08968720,0.00000448,0.00010175,2767
7404,"/kaggle/input/datasets/arafatrahmann/my-data221/Epic and CSCR hospital Dataset/Train/pituitary/P_738_RO_.jpg",3,pituitary,3,pituitary,0.0060213581,0.0078124842,0.0071888440,0.9789773226,0.90563595,0.09436403,0.00000498,0.00010175,2767
7405,"/kaggle/input/datasets/arafatrahmann/my-data221/Epic and CSCR hospital Dataset/Train/pituitary/P_738_SP_.jpg",3,pituitary,3,pituitary,0.0058654756,0.0087035513,0.0079303384,0.9775005579,0.90412874,0.09587126,0.00000693,0.00012814,2767
7406,"/kaggle/input/datasets/arafatrahmann/my-data221/Epic and CSCR hospital Dataset/Train/pituitary/P_738_VF_.jpg",3,pituitary,3,pituitary,0.0060475999,0.0072633228,0.0069929166,0.9796961546,0.89760608,0.10239391,0.00000582,0.00007817,2767
7421,"/kaggle/input/datasets/arafatrahmann/my-data221/Epic and CSCR hospital Dataset/Train/pituitary/P_740.jpg",3,pituitary,3,pituitary,0.0057435501,0.0069021746,0.0083785746,0.9789756536,0.88831410,0.11168591,0.00000663,0.00007476,2778
7422,"/kaggle/input/datasets/arafatrahmann/my-data221/Epic and CSCR hospital Dataset/Train/pituitary/P_740_BR_.jpg",3,pituitary,3,pituitary,0.0056375223,0.0067628669,0.0086410176,0.9789586067,0.87692660,0.12307339,0.00000792,0.00010362,2778
7423,"/kaggle/input/datasets/arafatrahmann/my-data221/Epic and CSCR hospital Dataset/Train/pituitary/P_740_DA_.jpg",3,pituitary,3,pituitary,0.0068392777,0.0064504542,0.0106156254,0.9760947227,0.88180006,0.11819996,0.00001093,0.00010575,2778
7424,"/kaggle/input/datasets/arafatrahmann/my-data221/Epic and CSCR hospital Dataset/Train/pituitary/P_740_HF_.jpg",3,pituitary,3,pituitary,0.0058440468,0.0068977205,0.0081113223,0.9791469574,0.90807402,0.09192598,0.00000523,0.00010304,2778
7425,"/kaggle/input/datasets/arafatrahmann/my-data221/Epic and CSCR hospital Dataset/Train/pituitary/P_740_RO_.jpg",3,pituitary,3,pituitary,0.0058298642,0.0063109612,0.0085116420,0.9793475270,0.90531538,0.09468463,0.00000545,0.00010009,2778
7426,"/kaggle/input/datasets/arafatrahmann/my-data221/Epic and CSCR hospital Dataset/Train/pituitary/P_740_SP_.jpg",3,pituitary,3,pituitary,0.0054516601,0.0066356501,0.0092342608,0.9786785245,0.89994261,0.10005739,0.00000745,0.00011084,2778
7427,"/kaggle/input/datasets/arafatrahmann/my-data221/Epic and CSCR hospital Dataset/Train/pituitary/P_740_VF_.jpg",3,pituitary,3,pituitary,0.0057548899,0.0067279325,0.0077604405,0.9797567129,0.90186309,0.09813692,0.00000426,0.00006653,2778
7498,"/kaggle/input/datasets/arafatrahmann/my-data221/Epic and CSCR hospital Dataset/Train/pituitary/P_750.jpg",3,pituitary,3,pituitary,0.0058550811,0.0082754781,0.0068930411,0.9789764285,0.91011531,0.08988470,0.00000456,0.00010362,2755
7499,"/kaggle/input/datasets/arafatrahmann/my-data221/Epic and CSCR hospital Dataset/Train/pituitary/P_750_BR_.jpg",3,pituitary,3,pituitary,0.0051415889,0.0093018729,0.0073583140,0.9781982303,0.87768488,0.12231513,0.00000714,0.00006867,2755
7500,"/kaggle/input/datasets/arafatrahmann/my-data221/Epic and CSCR hospital Dataset/Train/pituitary/P_750_DA_.jpg",3,pituitary,3,pituitary,0.0056356611,0.0074546961,0.0076834457,0.9792261124,0.88519596,0.11480404,0.00000500,0.00005620,2755
7501,"/kaggle/input/datasets/arafatrahmann/my-data221/Epic and CSCR hospital Dataset/Train/pituitary/P_750_HF_.jpg",3,pituitary,3,pituitary,0.0058600111,0.0082254512,0.0069772527,0.9789372683,0.90518493,0.09481507,0.00000477,0.00009192,2755
7502,"/kaggle/input/datasets/arafatrahmann/my-data221/Epic and CSCR hospital Dataset/Train/pituitary/P_750_RO_.jpg",3,pituitary,3,pituitary,0.0059505897,0.0078541683,0.0074810153,0.9787141681,0.89177606,0.10822394,0.00000572,0.00009821,2755
7503,"/kaggle/input/datasets/arafatrahmann/my-data221/Epic and CSCR hospital Dataset/Train/pituitary/P_750_SP_.jpg",3,pituitary,3,pituitary,0.0056971642,0.0077869059,0.0084869210,0.9780289531,0.90382819,0.09617180,0.00000528,0.00012907,2755
7504,"/kaggle/input/datasets/arafatrahmann/my-data221/Epic and CSCR hospital Dataset/Train/pituitary/P_750_VF_.jpg",3,pituitary,3,pituitary,0.0060065491,0.0075341342,0.0068760654,0.9795832634,0.89091340,0.10908662,0.00000462,0.00006013,2755
7526,"/kaggle/input/datasets/arafatrahmann/my-data221/Epic and CSCR hospital Dataset/Train/pituitary/P_754.jpg",3,pituitary,3,pituitary,0.0057458356,0.0064891437,0.0070884437,0.9806766510,0.87924282,0.12075720,0.00000491,0.00004590,2783
7527,"/kaggle/input/datasets/arafatrahmann/my-data221/Epic and CSCR hospital Dataset/Train/pituitary/P_754_BR_.jpg",3,pituitary,3,pituitary,0.0060803397,0.0066582011,0.0069616647,0.9802998304,0.87664105,0.12335895,0.00000783,0.00007216,2783
7528,"/kaggle/input/datasets/arafatrahmann/my-data221/Epic and CSCR hospital Dataset/Train/pituitary/P_754_DA_.jpg",3,pituitary,3,pituitary,0.0067475378,0.0066711106,0.0070408308,0.9795406461,0.87642068,0.12357931,0.00000705,0.00007840,2783
7529,"/kaggle/input/datasets/arafatrahmann/my-data221/Epic and CSCR hospital Dataset/Train/pituitary/P_754_HF_.jpg",3,pituitary,3,pituitary,0.0057407878,0.0065157050,0.0070414664,0.9807020426,0.89738687,0.10261312,0.00000507,0.00005893,2783
7530,"/kaggle/input/datasets/arafatrahmann/my-data221/Epic and CSCR hospital Dataset/Train/pituitary/P_754_RO_.jpg",3,pituitary,3,pituitary,0.0057581533,0.0068750577,0.0072852531,0.9800814390,0.90096719,0.09903280,0.00000570,0.00008637,2783
7531,"/kaggle/input/datasets/arafatrahmann/my-data221/Epic and CSCR hospital Dataset/Train/pituitary/P_754_SP_.jpg",3,pituitary,3,pituitary,0.0045274924,0.0056937966,0.0144199980,0.9753586650,0.81998015,0.18001986,0.00002623,0.00011498,2783
7532,"/kaggle/input/datasets/arafatrahmann/my-data221/Epic and CSCR hospital Dataset/Train/pituitary/P_754_VF_.jpg",3,pituitary,3,pituitary,0.0055016554,0.0075967000,0.0070874556,0.9798142314,0.89863309,0.10136691,0.00000493,0.00010267,2783
7554,"/kaggle/input/datasets/arafatrahmann/my-data221/Epic and CSCR hospital Dataset/Train/pituitary/P_758.jpg",3,pituitary,3,pituitary,0.0060846098,0.0067722849,0.0075333654,0.9796097875,0.89207851,0.10792148,0.00000501,0.00008928,2786
7555,"/kaggle/input/datasets/arafatrahmann/my-data221/Epic and CSCR hospital Dataset/Train/pituitary/P_758_BR_.jpg",3,pituitary,3,pituitary,0.0055908239,0.0067239092,0.0079835262,0.9797016978,0.86410345,0.13589654,0.00000762,0.00008483,2786
7556,"/kaggle/input/datasets/arafatrahmann/my-data221/Epic and CSCR hospital Dataset/Train/pituitary/P_758_DA_.jpg",3,pituitary,3,pituitary,0.0061865863,0.0062475698,0.0083489642,0.9792169333,0.88218213,0.11781786,0.00000614,0.00005556,2786
7557,"/kaggle/input/datasets/arafatrahmann/my-data221/Epic and CSCR hospital Dataset/Train/pituitary/P_758_HF_.jpg",3,pituitary,3,pituitary,0.0061081960,0.0067528831,0.0077808127,0.9793580770,0.90583268,0.09416731,0.00000515,0.00011266,2786
7558,"/kaggle/input/datasets/arafatrahmann/my-data221/Epic and CSCR hospital Dataset/Train/pituitary/P_758_RO_.jpg",3,pituitary,3,pituitary,0.0057122656,0.0068044374,0.0086385095,0.9788447618,0.85751079,0.14248919,0.00000764,0.00005208,2786
7559,"/kaggle/input/datasets/arafatrahmann/my-data221/Epic and CSCR hospital Dataset/Train/pituitary/P_758_SP_.jpg",3,pituitary,3,pituitary,0.0060278708,0.0063111163,0.0072998228,0.9803612828,0.88649157,0.11350843,0.00000501,0.00007076,2786
7560,"/kaggle/input/datasets/arafatrahmann/my-data221/Epic and CSCR hospital Dataset/Train/pituitary/P_758_VF_.jpg",3,pituitary,3,pituitary,0.0060128672,0.0074750036,0.0072923824,0.9792197347,0.89531927,0.10468073,0.00000516,0.00008672,2786
7561,"/kaggle/input/datasets/arafatrahmann/my-data221/Epic and CSCR hospital Dataset/Train/pituitary/P_759.jpg",3,pituitary,3,pituitary,0.0060638445,0.0072187842,0.0074441717,0.9792731404,0.86087176,0.13912824,0.00000614,0.00005830,2786
7562,"/kaggle/input/datasets/arafatrahmann/my-data221/Epic and CSCR hospital Dataset/Train/pituitary/P_759_BR_.jpg",3,pituitary,3,pituitary,0.0056681260,0.0068889922,0.0076072500,0.9798356295,0.86879588,0.13120413,0.00000651,0.00004849,2786
7563,"/kaggle/input/datasets/arafatrahmann/my-data221/Epic and CSCR hospital Dataset/Train/pituitary/P_759_DA_.jpg",3,pituitary,3,pituitary,0.0064008473,0.0069226110,0.0077979947,0.9788786173,0.87282206,0.12717793,0.00000773,0.00010066,2786
7564,"/kaggle/input/datasets/arafatrahmann/my-data221/Epic and CSCR hospital Dataset/Train/pituitary/P_759_HF_.jpg",3,pituitary,3,pituitary,0.0061134798,0.0071375994,0.0074460357,0.9793027639,0.87706390,0.12293608,0.00000528,0.00007848,2786
7565,"/kaggle/input/datasets/arafatrahmann/my-data221/Epic and CSCR hospital Dataset/Train/pituitary/P_759_RO_.jpg",3,pituitary,3,pituitary,0.0059509962,0.0068892241,0.0087265549,0.9784332514,0.89559831,0.10440171,0.00000632,0.00007870,2786
7566,"/kaggle/input/datasets/arafatrahmann/my-data221/Epic and CSCR hospital Dataset/Train/pituitary/P_759_SP_.jpg",3,pituitary,3,pituitary,0.0059988322,0.0063181361,0.0076414077,0.9800416231,0.90255901,0.09744100,0.00000511,0.00008851,2786
7567,"/kaggle/input/datasets/arafatrahmann/my-data221/Epic and CSCR hospital Dataset/Train/pituitary/P_759_VF_.jpg",3,pituitary,3,pituitary,0.0062888516,0.0075714132,0.0076113092,0.9785283804,0.90216321,0.09783678,0.00000480,0.00008054,2786
7575,"/kaggle/input/datasets/arafatrahmann/my-data221/Epic and CSCR hospital Dataset/Train/pituitary/P_760.jpg",3,pituitary,3,pituitary,0.0059620002,0.0069541545,0.0086593796,0.9784245491,0.90704166,0.09295834,0.00000680,0.00013970,2786
7576,"/kaggle/input/datasets/arafatrahmann/my-data221/Epic and CSCR hospital Dataset/Train/pituitary/P_760_BR_.jpg",3,pituitary,3,pituitary,0.0052826283,0.0069693653,0.0095729940,0.9781750441,0.83673419,0.16326579,0.00001107,0.00006156,2786
7577,"/kaggle/input/datasets/arafatrahmann/my-data221/Epic and CSCR hospital Dataset/Train/pituitary/P_760_DA_.jpg",3,pituitary,3,pituitary,0.0055590654,0.0056401961,0.0145667363,0.9742341042,0.89455875,0.10544125,0.00002769,0.00033437,2786
7578,"/kaggle/input/datasets/arafatrahmann/my-data221/Epic and CSCR hospital Dataset/Train/pituitary/P_760_HF_.jpg",3,pituitary,3,pituitary,0.0059081241,0.0069725821,0.0089978911,0.9781213999,0.90475172,0.09524827,0.00000642,0.00009768,2786
7579,"/kaggle/input/datasets/arafatrahmann/my-data221/Epic and CSCR hospital Dataset/Train/pituitary/P_760_RO_.jpg",3,pituitary,3,pituitary,0.0057585454,0.0067176609,0.0103690000,0.9771547318,0.89007626,0.10992372,0.00000859,0.00009577,2786
7580,"/kaggle/input/datasets/arafatrahmann/my-data221/Epic and CSCR hospital Dataset/Train/pituitary/P_760_SP_.jpg",3,pituitary,3,pituitary,0.0045868205,0.0060814661,0.2692170739,0.7201147079,0.61537481,0.38462519,0.00104501,0.00151626,2786
7581,"/kaggle/input/datasets/arafatrahmann/my-data221/Epic and CSCR hospital Dataset/Train/pituitary/P_760_VF_.jpg",3,pituitary,3,pituitary,0.0043152166,0.0085274139,0.0892733857,0.8978840113,0.79700424,0.20299578,0.00056777,0.00101165,2786
7728,"/kaggle/input/datasets/arafatrahmann/my-data221/Epic and CSCR hospital Dataset/Train/pituitary/P_78.jpg",3,pituitary,3,pituitary,0.0060369084,0.0072124018,0.0071018487,0.9796487689,0.89623882,0.10376119,0.00000639,0.00009274,2794
7729,"/kaggle/input/datasets/arafatrahmann/my-data221/Epic and CSCR hospital Dataset/Train/pituitary/P_780.jpg",3,pituitary,3,pituitary,0.0059071975,0.0072374917,0.0074094413,0.9794458151,0.90424651,0.09575350,0.00000482,0.00008738,2795
7730,"/kaggle/input/datasets/arafatrahmann/my-data221/Epic and CSCR hospital Dataset/Train/pituitary/P_780_BR_.jpg",3,pituitary,3,pituitary,0.0055969711,0.0068347515,0.0078698713,0.9796983600,0.88780918,0.11219083,0.00000661,0.00007593,2795
7731,"/kaggle/input/datasets/arafatrahmann/my-data221/Epic and CSCR hospital Dataset/Train/pituitary/P_780_DA_.jpg",3,pituitary,3,pituitary,0.0061352700,0.0062615452,0.0081716152,0.9794316292,0.89648649,0.10351351,0.00000595,0.00010700,2795
7732,"/kaggle/input/datasets/arafatrahmann/my-data221/Epic and CSCR hospital Dataset/Train/pituitary/P_780_HF_.jpg",3,pituitary,3,pituitary,0.0058590965,0.0069527305,0.0076610493,0.9795271158,0.90614153,0.09385845,0.00000377,0.00006163,2795
7733,"/kaggle/input/datasets/arafatrahmann/my-data221/Epic and CSCR hospital Dataset/Train/pituitary/P_780_RO_.jpg",3,pituitary,3,pituitary,0.0058474815,0.0069792443,0.0076016048,0.9795717001,0.90841706,0.09158294,0.00000543,0.00010302,2795
7734,"/kaggle/input/datasets/arafatrahmann/my-data221/Epic and CSCR hospital Dataset/Train/pituitary/P_780_SP_.jpg",3,pituitary,3,pituitary,0.0058273897,0.0063431538,0.0075440668,0.9802853465,0.89635206,0.10364793,0.00000480,0.00010020,2795
7735,"/kaggle/input/datasets/arafatrahmann/my-data221/Epic and CSCR hospital Dataset/Train/pituitary/P_780_VF_.jpg",3,pituitary,3,pituitary,0.0058400603,0.0077883229,0.0073421611,0.9790294766,0.89317392,0.10682607,0.00000473,0.00008993,2795
7792,"/kaggle/input/datasets/arafatrahmann/my-data221/Epic and CSCR hospital Dataset/Train/pituitary/P_789.jpg",3,pituitary,3,pituitary,0.0058722310,0.0081044985,0.0073857391,0.9786375165,0.89647565,0.10352435,0.00000587,0.00009199,2799
7793,"/kaggle/input/datasets/arafatrahmann/my-data221/Epic and CSCR hospital Dataset/Train/pituitary/P_789_BR_.jpg",3,pituitary,3,pituitary,0.0054807113,0.0080943862,0.0077816816,0.9786432385,0.88970743,0.11029256,0.00000627,0.00009295,2799
7794,"/kaggle/input/datasets/arafatrahmann/my-data221/Epic and CSCR hospital Dataset/Train/pituitary/P_789_DA_.jpg",3,pituitary,3,pituitary,0.0057927016,0.0074773952,0.0087376405,0.9779922366,0.89997745,0.10002255,0.00000623,0.00010181,2799
7795,"/kaggle/input/datasets/arafatrahmann/my-data221/Epic and CSCR hospital Dataset/Train/pituitary/P_789_HF_.jpg",3,pituitary,3,pituitary,0.0059192805,0.0077717714,0.0072196922,0.9790893793,0.88363842,0.11636159,0.00000566,0.00007217,2799
7796,"/kaggle/input/datasets/arafatrahmann/my-data221/Epic and CSCR hospital Dataset/Train/pituitary/P_789_RO_.jpg",3,pituitary,3,pituitary,0.0059449775,0.0076203281,0.0082843378,0.9781503677,0.89917979,0.10082021,0.00000540,0.00008358,2799
7797,"/kaggle/input/datasets/arafatrahmann/my-data221/Epic and CSCR hospital Dataset/Train/pituitary/P_789_SP_.jpg",3,pituitary,3,pituitary,0.0050230278,0.0083117560,0.0149081144,0.9717571139,0.89401467,0.10598531,0.00007567,0.00044933,2799
7798,"/kaggle/input/datasets/arafatrahmann/my-data221/Epic and CSCR hospital Dataset/Train/pituitary/P_789_VF_.jpg",3,pituitary,3,pituitary,0.0059385183,0.0070371283,0.0071428819,0.9798814654,0.89721470,0.10278530,0.00000469,0.00006810,2799
7799,"/kaggle/input/datasets/arafatrahmann/my-data221/Epic and CSCR hospital Dataset/Train/pituitary/P_78_BR_.jpg",3,pituitary,3,pituitary,0.0059901355,0.0068912618,0.0071171373,0.9800015688,0.87327251,0.12672749,0.00000724,0.00007141,2794
7800,"/kaggle/input/datasets/arafatrahmann/my-data221/Epic and CSCR hospital Dataset/Train/pituitary/P_78_DA_.jpg",3,pituitary,3,pituitary,0.0057408949,0.0069004907,0.0070612030,0.9802974463,0.88448902,0.11551098,0.00000651,0.00007082,2794
7801,"/kaggle/input/datasets/arafatrahmann/my-data221/Epic and CSCR hospital Dataset/Train/pituitary/P_78_HF_.jpg",3,pituitary,3,pituitary,0.0060236803,0.0071734837,0.0071260631,0.9796768427,0.90659460,0.09340539,0.00000448,0.00008286,2794
7802,"/kaggle/input/datasets/arafatrahmann/my-data221/Epic and CSCR hospital Dataset/Train/pituitary/P_78_RO_.jpg",3,pituitary,3,pituitary,0.0060826261,0.0071160658,0.0074682324,0.9793330431,0.90101728,0.09898272,0.00000525,0.00008284,2794
7803,"/kaggle/input/datasets/arafatrahmann/my-data221/Epic and CSCR hospital Dataset/Train/pituitary/P_78_SP_.jpg",3,pituitary,3,pituitary,0.0061202301,0.0078327218,0.0072965873,0.9787504077,0.90306455,0.09693547,0.00000506,0.00009867,2794
7804,"/kaggle/input/datasets/arafatrahmann/my-data221/Epic and CSCR hospital Dataset/Train/pituitary/P_78_VF_.jpg",3,pituitary,3,pituitary,0.0062070070,0.0068609677,0.0073605040,0.9795715213,0.88915320,0.11084678,0.00000532,0.00005576,2794
7882,"/kaggle/input/datasets/arafatrahmann/my-data221/Epic and CSCR hospital Dataset/Train/pituitary/P_7_BR_.jpg",3,pituitary,3,pituitary,0.0052949144,0.0081003523,0.0079130875,0.9786916971,0.86027593,0.13972406,0.00000791,0.00005999,2804
7883,"/kaggle/input/datasets/arafatrahmann/my-data221/Epic and CSCR hospital Dataset/Train/pituitary/P_7_DA_.jpg",3,pituitary,3,pituitary,0.0058033844,0.0062049516,0.0075273244,0.9804643393,0.88637890,0.11362109,0.00000618,0.00007308,2804
7884,"/kaggle/input/datasets/arafatrahmann/my-data221/Epic and CSCR hospital Dataset/Train/pituitary/P_7_HF_.jpg",3,pituitary,3,pituitary,0.0061386442,0.0068857768,0.0072529525,0.9797226787,0.89447012,0.10552988,0.00000561,0.00007865,2804
7885,"/kaggle/input/datasets/arafatrahmann/my-data221/Epic and CSCR hospital Dataset/Train/pituitary/P_7_RO_.jpg",3,pituitary,3,pituitary,0.0065465407,0.0064301519,0.0080623943,0.9789608717,0.88579523,0.11420476,0.00000583,0.00007458,2804
7886,"/kaggle/input/datasets/arafatrahmann/my-data221/Epic and CSCR hospital Dataset/Train/pituitary/P_7_SP_.jpg",3,pituitary,3,pituitary,0.0064271786,0.0071606128,0.0072691822,0.9791429639,0.90642793,0.09357207,0.00000492,0.00007520,2804
7887,"/kaggle/input/datasets/arafatrahmann/my-data221/Epic and CSCR hospital Dataset/Train/pituitary/P_7_VF_.jpg",3,pituitary,3,pituitary,0.0065173074,0.0067734560,0.0073268907,0.9793823361,0.88143874,0.11856124,0.00000801,0.00008251,2804
7888,"/kaggle/input/datasets/arafatrahmann/my-data221/Epic and CSCR hospital Dataset/Train/pituitary/P_8.jpg",3,pituitary,3,pituitary,0.0064695575,0.0068799173,0.0076001524,0.9790503383,0.88870088,0.11129911,0.00000625,0.00006193,2805
7995,"/kaggle/input/datasets/arafatrahmann/my-data221/Epic and CSCR hospital Dataset/Train/pituitary/P_814.jpg",3,pituitary,3,pituitary,0.0045311116,0.0075339987,0.1147942767,0.8731406331,0.75017021,0.24982980,0.00077436,0.00038863,2812
7996,"/kaggle/input/datasets/arafatrahmann/my-data221/Epic and CSCR hospital Dataset/Train/pituitary/P_814_BR_.jpg",3,pituitary,3,pituitary,0.0053019468,0.0076874672,0.0105827935,0.9764278531,0.88027977,0.11972022,0.00001097,0.00011118,2812
7997,"/kaggle/input/datasets/arafatrahmann/my-data221/Epic and CSCR hospital Dataset/Train/pituitary/P_814_DA_.jpg",3,pituitary,2,notumor,0.0043994803,0.0068061263,0.8607153893,0.1280789971,0.17325917,0.82674085,0.00016730,0.00007034,2812
7998,"/kaggle/input/datasets/arafatrahmann/my-data221/Epic and CSCR hospital Dataset/Train/pituitary/P_814_HF_.jpg",3,pituitary,3,pituitary,0.0044056531,0.0068956604,0.0137307094,0.9749679565,0.90691031,0.09308967,0.00001801,0.00030726,2812
7999,"/kaggle/input/datasets/arafatrahmann/my-data221/Epic and CSCR hospital Dataset/Train/pituitary/P_814_RO_.jpg",3,pituitary,3,pituitary,0.0043446952,0.0056023966,0.2951249778,0.6949279308,0.65302005,0.34697994,0.00012904,0.00031087,2812
8000,"/kaggle/input/datasets/arafatrahmann/my-data221/Epic and CSCR hospital Dataset/Train/pituitary/P_814_SP_.jpg",3,pituitary,3,pituitary,0.0050318753,0.0075124367,0.0097060371,0.9777497053,0.90260465,0.09739536,0.00000715,0.00011712,2812
8001,"/kaggle/input/datasets/arafatrahmann/my-data221/Epic and CSCR hospital Dataset/Train/pituitary/P_814_VF_.jpg",3,pituitary,3,pituitary,0.0042617703,0.0054950886,0.3905579448,0.5996851325,0.53807068,0.46192930,0.00065933,0.00135042,2812
8009,"/kaggle/input/datasets/arafatrahmann/my-data221/Epic and CSCR hospital Dataset/Train/pituitary/P_816.jpg",3,pituitary,3,pituitary,0.0056247739,0.0083295200,0.0082288301,0.9778168797,0.89334470,0.10665528,0.00000690,0.00008300,2814
8010,"/kaggle/input/datasets/arafatrahmann/my-data221/Epic and CSCR hospital Dataset/Train/pituitary/P_816_BR_.jpg",3,pituitary,3,pituitary,0.0052519040,0.0095651541,0.0092161624,0.9759667516,0.89664164,0.10335836,0.00000744,0.00009502,2814
8011,"/kaggle/input/datasets/arafatrahmann/my-data221/Epic and CSCR hospital Dataset/Train/pituitary/P_816_DA_.jpg",3,pituitary,3,pituitary,0.0056417612,0.0074873469,0.0081608687,0.9787100554,0.90459285,0.09540713,0.00000504,0.00009090,2814
8012,"/kaggle/input/datasets/arafatrahmann/my-data221/Epic and CSCR hospital Dataset/Train/pituitary/P_816_HF_.jpg",3,pituitary,3,pituitary,0.0055663651,0.0078619886,0.0085690962,0.9780026674,0.88938236,0.11061764,0.00000671,0.00011215,2814
8013,"/kaggle/input/datasets/arafatrahmann/my-data221/Epic and CSCR hospital Dataset/Train/pituitary/P_816_RO_.jpg",3,pituitary,3,pituitary,0.0053998968,0.0086513329,0.0100124385,0.9759362340,0.89998466,0.10001533,0.00000785,0.00012372,2814
8014,"/kaggle/input/datasets/arafatrahmann/my-data221/Epic and CSCR hospital Dataset/Train/pituitary/P_816_SP_.jpg",3,pituitary,3,pituitary,0.0049358127,0.0077700266,0.1211849004,0.8661092520,0.75339116,0.24660882,0.00027609,0.00026889,2814
8015,"/kaggle/input/datasets/arafatrahmann/my-data221/Epic and CSCR hospital Dataset/Train/pituitary/P_816_VF_.jpg",3,pituitary,3,pituitary,0.0054889489,0.0086194398,0.0091176201,0.9767740369,0.88661722,0.11338279,0.00000705,0.00011585,2814
8100,"/kaggle/input/datasets/arafatrahmann/my-data221/Epic and CSCR hospital Dataset/Train/pituitary/P_828.jpg",3,pituitary,3,pituitary,0.0046884222,0.0065024653,0.0118315276,0.9769775271,0.87071367,0.12928633,0.00001843,0.00016338,2824
8101,"/kaggle/input/datasets/arafatrahmann/my-data221/Epic and CSCR hospital Dataset/Train/pituitary/P_828_BR_.jpg",3,pituitary,3,pituitary,0.0050526429,0.0069659962,0.0120099150,0.9759714007,0.85863519,0.14136480,0.00001768,0.00011926,2824
8102,"/kaggle/input/datasets/arafatrahmann/my-data221/Epic and CSCR hospital Dataset/Train/pituitary/P_828_DA_.jpg",3,pituitary,3,pituitary,0.0044836858,0.0105305007,0.1635785997,0.8214071989,0.72238684,0.27761317,0.00093068,0.00040467,2824
8103,"/kaggle/input/datasets/arafatrahmann/my-data221/Epic and CSCR hospital Dataset/Train/pituitary/P_828_HF_.jpg",3,pituitary,3,pituitary,0.0048109964,0.0065993271,0.0107808504,0.9778087735,0.89730585,0.10269417,0.00001133,0.00012812,2824
8104,"/kaggle/input/datasets/arafatrahmann/my-data221/Epic and CSCR hospital Dataset/Train/pituitary/P_828_RO_.jpg",3,pituitary,3,pituitary,0.0051092939,0.0067577013,0.0092816595,0.9788513184,0.88035464,0.11964536,0.00000809,0.00009868,2824
8105,"/kaggle/input/datasets/arafatrahmann/my-data221/Epic and CSCR hospital Dataset/Train/pituitary/P_828_SP_.jpg",3,pituitary,2,notumor,0.0040945308,0.0074232905,0.7753760219,0.2131061554,0.11686081,0.88313919,0.00290786,0.00031024,2824
8106,"/kaggle/input/datasets/arafatrahmann/my-data221/Epic and CSCR hospital Dataset/Train/pituitary/P_828_VF_.jpg",3,pituitary,3,pituitary,0.0053839036,0.0063313628,0.0080429623,0.9802417755,0.88370973,0.11629026,0.00000549,0.00007375,2824
8237,"/kaggle/input/datasets/arafatrahmann/my-data221/Epic and CSCR hospital Dataset/Train/pituitary/Te-pi_0016.jpg",3,pituitary,3,pituitary,0.0060613705,0.0071256473,0.0080372747,0.9787756205,0.90889611,0.09110392,0.00000502,0.00010188,2836
8240,"/kaggle/input/datasets/arafatrahmann/my-data221/Epic and CSCR hospital Dataset/Train/pituitary/Te-pi_0019.jpg",3,pituitary,3,pituitary,0.0059878794,0.0093471250,0.0083559509,0.9763090014,0.90721840,0.09278159,0.00000489,0.00011957,2839
8241,"/kaggle/input/datasets/arafatrahmann/my-data221/Epic and CSCR hospital Dataset/Train/pituitary/Te-pi_0020.jpg",3,pituitary,3,pituitary,0.0057372386,0.0071225958,0.0079497751,0.9791903496,0.89600645,0.10399356,0.00000436,0.00009010,2840
8250,"/kaggle/input/datasets/arafatrahmann/my-data221/Epic and CSCR hospital Dataset/Train/pituitary/Te-pi_0029.jpg",3,pituitary,3,pituitary,0.0057190415,0.0140060242,0.0117213307,0.9685536623,0.90769549,0.09230453,0.00000996,0.00024864,2849
8251,"/kaggle/input/datasets/arafatrahmann/my-data221/Epic and CSCR hospital Dataset/Train/pituitary/Te-pi_0030.jpg",3,pituitary,3,pituitary,0.0062052272,0.0068172761,0.0076503577,0.9793270826,0.90761909,0.09238091,0.00000474,0.00007919,2850
8253,"/kaggle/input/datasets/arafatrahmann/my-data221/Epic and CSCR hospital Dataset/Train/pituitary/Te-pi_0032.jpg",3,pituitary,3,pituitary,0.0054999059,0.0072661554,0.0100105237,0.9772233963,0.91026719,0.08973280,0.00000642,0.00011593,2852
8255,"/kaggle/input/datasets/arafatrahmann/my-data221/Epic and CSCR hospital Dataset/Train/pituitary/Te-pi_0034.jpg",3,pituitary,3,pituitary,0.0062851915,0.0074513787,0.0077909296,0.9784725308,0.87937053,0.12062944,0.00000471,0.00005896,2854
8267,"/kaggle/input/datasets/arafatrahmann/my-data221/Epic and CSCR hospital Dataset/Train/pituitary/Te-pi_0046.jpg",3,pituitary,3,pituitary,0.0060954639,0.0072893491,0.0071792305,0.9794360399,0.89305335,0.10694667,0.00000509,0.00006267,2865
8278,"/kaggle/input/datasets/arafatrahmann/my-data221/Epic and CSCR hospital Dataset/Train/pituitary/Te-pi_0067.jpg",3,pituitary,3,pituitary,0.0058451593,0.0083573470,0.0077105029,0.9780869484,0.90923574,0.09076425,0.00000448,0.00010227,2872
8279,"/kaggle/input/datasets/arafatrahmann/my-data221/Epic and CSCR hospital Dataset/Train/pituitary/Te-pi_0068.jpg",3,pituitary,3,pituitary,0.0057920408,0.0094057554,0.0081766108,0.9766255617,0.91770639,0.08229360,0.00000476,0.00013793,2873
8280,"/kaggle/input/datasets/arafatrahmann/my-data221/Epic and CSCR hospital Dataset/Train/pituitary/Te-pi_0069.jpg",3,pituitary,3,pituitary,0.0061708088,0.0080395136,0.0077202059,0.9780694842,0.90482712,0.09517288,0.00000588,0.00009332,2874
8284,"/kaggle/input/datasets/arafatrahmann/my-data221/Epic and CSCR hospital Dataset/Train/pituitary/Te-pi_0073.jpg",3,pituitary,3,pituitary,0.0061019706,0.0076769153,0.0078720869,0.9783490300,0.90321896,0.09678104,0.00000434,0.00007040,2878
8285,"/kaggle/input/datasets/arafatrahmann/my-data221/Epic and CSCR hospital Dataset/Train/pituitary/Te-pi_0074.jpg",3,pituitary,3,pituitary,0.0061279917,0.0074246577,0.0071287462,0.9793186188,0.90549736,0.09450264,0.00000524,0.00009262,2879
8289,"/kaggle/input/datasets/arafatrahmann/my-data221/Epic and CSCR hospital Dataset/Train/pituitary/Te-pi_0078.jpg",3,pituitary,3,pituitary,0.0068185925,0.0209196080,0.0104162600,0.9618455768,0.92602102,0.07397897,0.00000903,0.00076562,2883
8301,"/kaggle/input/datasets/arafatrahmann/my-data221/Epic and CSCR hospital Dataset/Train/pituitary/Te-pi_0090.jpg",3,pituitary,3,pituitary,0.0057662684,0.0073703164,0.0071178740,0.9797455072,0.90100905,0.09899095,0.00000600,0.00007678,2895
8309,"/kaggle/input/datasets/arafatrahmann/my-data221/Epic and CSCR hospital Dataset/Train/pituitary/Te-pi_0098.jpg",3,pituitary,3,pituitary,0.0057894047,0.0081831207,0.0075033652,0.9785242081,0.89748979,0.10251020,0.00000511,0.00008182,2903
8317,"/kaggle/input/datasets/arafatrahmann/my-data221/Epic and CSCR hospital Dataset/Train/pituitary/Te-pi_0106.jpg",3,pituitary,3,pituitary,0.0060913307,0.0079957414,0.0087800752,0.9771327972,0.89892272,0.10107728,0.00000547,0.00010076,2910
8318,"/kaggle/input/datasets/arafatrahmann/my-data221/Epic and CSCR hospital Dataset/Train/pituitary/Te-pi_0107.jpg",3,pituitary,3,pituitary,0.0060306378,0.0077783959,0.0071439683,0.9790471196,0.90849812,0.09150189,0.00000348,0.00006260,2911
8319,"/kaggle/input/datasets/arafatrahmann/my-data221/Epic and CSCR hospital Dataset/Train/pituitary/Te-pi_0108.jpg",3,pituitary,3,pituitary,0.0059170160,0.0082031284,0.0076168193,0.9782630801,0.90166779,0.09833220,0.00000564,0.00008762,2912
8320,"/kaggle/input/datasets/arafatrahmann/my-data221/Epic and CSCR hospital Dataset/Train/pituitary/Te-pi_0109.jpg",3,pituitary,3,pituitary,0.0056405636,0.0073973150,0.0072725033,0.9796897173,0.89353628,0.10646374,0.00000508,0.00005950,2913
8327,"/kaggle/input/datasets/arafatrahmann/my-data221/Epic and CSCR hospital Dataset/Train/pituitary/Te-pi_0116.jpg",3,pituitary,3,pituitary,0.0059895762,0.0071765282,0.0076292856,0.9792046547,0.89436556,0.10563444,0.00000616,0.00010052,2919
8340,"/kaggle/input/datasets/arafatrahmann/my-data221/Epic and CSCR hospital Dataset/Train/pituitary/Te-pi_0129.jpg",3,pituitary,3,pituitary,0.0057373932,0.0064206235,0.0071327621,0.9807091951,0.88795609,0.11204391,0.00000637,0.00006043,2783
8341,"/kaggle/input/datasets/arafatrahmann/my-data221/Epic and CSCR hospital Dataset/Train/pituitary/Te-pi_0130.jpg",3,pituitary,3,pituitary,0.0060647326,0.0068377452,0.0075497888,0.9795477986,0.88135716,0.11864283,0.00000610,0.00009065,2786
8345,"/kaggle/input/datasets/arafatrahmann/my-data221/Epic and CSCR hospital Dataset/Train/pituitary/Te-pi_0134.jpg",3,pituitary,3,pituitary,0.0061287968,0.0084149828,0.0079339417,0.9775223732,0.89738891,0.10261108,0.00000472,0.00007595,2926
8350,"/kaggle/input/datasets/arafatrahmann/my-data221/Epic and CSCR hospital Dataset/Train/pituitary/Te-pi_0139.jpg",3,pituitary,3,pituitary,0.0060691694,0.0068495199,0.0069986731,0.9800828099,0.91094503,0.08905498,0.00000383,0.00008351,2931
8351,"/kaggle/input/datasets/arafatrahmann/my-data221/Epic and CSCR hospital Dataset/Train/pituitary/Te-pi_0140.jpg",3,pituitary,3,pituitary,0.0063422062,0.0103604393,0.0085993130,0.9746981859,0.89716122,0.10283878,0.00000578,0.00010431,2932
8353,"/kaggle/input/datasets/arafatrahmann/my-data221/Epic and CSCR hospital Dataset/Train/pituitary/Te-pi_0142.jpg",3,pituitary,3,pituitary,0.0060262820,0.0077013695,0.0071345805,0.9791377783,0.90591331,0.09408670,0.00000470,0.00008115,2934
8361,"/kaggle/input/datasets/arafatrahmann/my-data221/Epic and CSCR hospital Dataset/Train/pituitary/Te-pi_0150.jpg",3,pituitary,3,pituitary,0.0060185846,0.0070985011,0.0071189119,0.9797639847,0.88542795,0.11457206,0.00000457,0.00006186,2942
8367,"/kaggle/input/datasets/arafatrahmann/my-data221/Epic and CSCR hospital Dataset/Train/pituitary/Te-pi_0156.jpg",3,pituitary,3,pituitary,0.0054412438,0.0074739447,0.0167696103,0.9703151584,0.89846945,0.10153055,0.00006450,0.00069513,2948
8371,"/kaggle/input/datasets/arafatrahmann/my-data221/Epic and CSCR hospital Dataset/Train/pituitary/Te-pi_0160.jpg",3,pituitary,3,pituitary,0.0053004627,0.0071245716,0.0090761231,0.9784988165,0.88588610,0.11411389,0.00000606,0.00011154,2952
8378,"/kaggle/input/datasets/arafatrahmann/my-data221/Epic and CSCR hospital Dataset/Train/pituitary/Te-pi_0176.jpg",3,pituitary,3,pituitary,0.0060893730,0.0075492091,0.0069771954,0.9793842435,0.88577905,0.11422097,0.00000634,0.00006173,2958
8385,"/kaggle/input/datasets/arafatrahmann/my-data221/Epic and CSCR hospital Dataset/Train/pituitary/Te-pi_0183.jpg",3,pituitary,3,pituitary,0.0062746345,0.0069028279,0.0073834127,0.9794390798,0.89785122,0.10214879,0.00000482,0.00007135,2965
8392,"/kaggle/input/datasets/arafatrahmann/my-data221/Epic and CSCR hospital Dataset/Train/pituitary/Te-pi_0190.jpg",3,pituitary,3,pituitary,0.0061104381,0.0089288158,0.0078278817,0.9771329165,0.88352343,0.11647656,0.00000482,0.00006704,2972
8399,"/kaggle/input/datasets/arafatrahmann/my-data221/Epic and CSCR hospital Dataset/Train/pituitary/Te-pi_0197.jpg",3,pituitary,3,pituitary,0.0053830789,0.0071106181,0.0085757114,0.9789305925,0.89608110,0.10391890,0.00000709,0.00008904,2979
8400,"/kaggle/input/datasets/arafatrahmann/my-data221/Epic and CSCR hospital Dataset/Train/pituitary/Te-pi_0198.jpg",3,pituitary,3,pituitary,0.0052049151,0.0078621954,0.0101312846,0.9768015742,0.89749633,0.10250366,0.00000916,0.00017022,2980
8405,"/kaggle/input/datasets/arafatrahmann/my-data221/Epic and CSCR hospital Dataset/Train/pituitary/Te-pi_0203.jpg",3,pituitary,3,pituitary,0.0058580721,0.0081454692,0.0069907480,0.9790056944,0.89492714,0.10507286,0.00000453,0.00006458,2755
8422,"/kaggle/input/datasets/arafatrahmann/my-data221/Epic and CSCR hospital Dataset/Train/pituitary/Tr-pi_0058.jpg",3,pituitary,3,pituitary,0.0064690737,0.0069887661,0.0072770403,0.9792650938,0.88308773,0.11691225,0.00000676,0.00006907,2989
8444,"/kaggle/input/datasets/arafatrahmann/my-data221/Epic and CSCR hospital Dataset/Train/pituitary/Tr-pi_0102.jpg",3,pituitary,3,pituitary,0.0062865778,0.0069122636,0.0070352233,0.9797660112,0.88727940,0.11272060,0.00000576,0.00006908,2804
8445,"/kaggle/input/datasets/arafatrahmann/my-data221/Epic and CSCR hospital Dataset/Train/pituitary/Tr-pi_0103.jpg",3,pituitary,3,pituitary,0.0061379736,0.0070147128,0.0072789551,0.9795683622,0.85845702,0.14154297,0.00000770,0.00008305,2804
8446,"/kaggle/input/datasets/arafatrahmann/my-data221/Epic and CSCR hospital Dataset/Train/pituitary/Tr-pi_0104.jpg",3,pituitary,3,pituitary,0.0064801699,0.0068588108,0.0075971903,0.9790638685,0.89843885,0.10156115,0.00000518,0.00010390,2805
8453,"/kaggle/input/datasets/arafatrahmann/my-data221/Epic and CSCR hospital Dataset/Train/pituitary/Tr-pi_0111.jpg",3,pituitary,3,pituitary,0.0057649566,0.0085543143,0.0076926411,0.9779880643,0.91206921,0.08793079,0.00000541,0.00011446,2995
8455,"/kaggle/input/datasets/arafatrahmann/my-data221/Epic and CSCR hospital Dataset/Train/pituitary/Tr-pi_0113.jpg",3,pituitary,3,pituitary,0.0056028813,0.0074208565,0.0088929413,0.9780833125,0.88818383,0.11181616,0.00000636,0.00010636,2997
8456,"/kaggle/input/datasets/arafatrahmann/my-data221/Epic and CSCR hospital Dataset/Train/pituitary/Tr-pi_0114.jpg",3,pituitary,3,pituitary,0.0061560133,0.0069747283,0.0074674077,0.9794018865,0.86915112,0.13084889,0.00000592,0.00005629,2998
8471,"/kaggle/input/datasets/arafatrahmann/my-data221/Epic and CSCR hospital Dataset/Train/pituitary/Tr-pi_0130.jpg",3,pituitary,3,pituitary,0.0063021942,0.0075632595,0.0072599677,0.9788745642,0.89597906,0.10402094,0.00000538,0.00007689,3008
8483,"/kaggle/input/datasets/arafatrahmann/my-data221/Epic and CSCR hospital Dataset/Train/pituitary/Tr-pi_0142.jpg",3,pituitary,3,pituitary,0.0076593580,0.0194144771,0.0067534125,0.9661728144,0.91820359,0.08179642,0.00000573,0.00052584,3015
8488,"/kaggle/input/datasets/arafatrahmann/my-data221/Epic and CSCR hospital Dataset/Train/pituitary/Tr-pi_0147.jpg",3,pituitary,3,pituitary,0.0061660521,0.0071301470,0.0071064481,0.9795973897,0.90122974,0.09877026,0.00000562,0.00009911,2804
8489,"/kaggle/input/datasets/arafatrahmann/my-data221/Epic and CSCR hospital Dataset/Train/pituitary/Tr-pi_0148.jpg",3,pituitary,3,pituitary,0.0060346024,0.0073472569,0.0071468735,0.9794712067,0.88626781,0.11373219,0.00000513,0.00005904,2804
8491,"/kaggle/input/datasets/arafatrahmann/my-data221/Epic and CSCR hospital Dataset/Train/pituitary/Tr-pi_0150.jpg",3,pituitary,3,pituitary,0.0064451643,0.0069268583,0.0072631687,0.9793647528,0.88342268,0.11657734,0.00000485,0.00006700,2804
8495,"/kaggle/input/datasets/arafatrahmann/my-data221/Epic and CSCR hospital Dataset/Train/pituitary/Tr-pi_0154.jpg",3,pituitary,3,pituitary,0.0061297915,0.0067798644,0.0073061446,0.9797841907,0.89591841,0.10408159,0.00000580,0.00007370,3023
8498,"/kaggle/input/datasets/arafatrahmann/my-data221/Epic and CSCR hospital Dataset/Train/pituitary/Tr-pi_0157.jpg",3,pituitary,3,pituitary,0.0057932772,0.0073050158,0.0075487969,0.9793529510,0.89784979,0.10215021,0.00000484,0.00007101,3026
8512,"/kaggle/input/datasets/arafatrahmann/my-data221/Epic and CSCR hospital Dataset/Train/pituitary/Tr-pi_0171.jpg",3,pituitary,3,pituitary,0.0060270624,0.0072420584,0.0071017309,0.9796291590,0.88832277,0.11167720,0.00000552,0.00006710,2794
8519,"/kaggle/input/datasets/arafatrahmann/my-data221/Epic and CSCR hospital Dataset/Train/pituitary/Tr-pi_0178.jpg",3,pituitary,3,pituitary,0.0061323503,0.0066902740,0.0074404529,0.9797368050,0.89110307,0.10889694,0.00000590,0.00009085,3029
8530,"/kaggle/input/datasets/arafatrahmann/my-data221/Epic and CSCR hospital Dataset/Train/pituitary/Tr-pi_0189.jpg",3,pituitary,3,pituitary,0.0060247695,0.0068945671,0.0071032532,0.9799774289,0.88353655,0.11646345,0.00000608,0.00008418,3029
8531,"/kaggle/input/datasets/arafatrahmann/my-data221/Epic and CSCR hospital Dataset/Train/pituitary/Tr-pi_0190.jpg",3,pituitary,3,pituitary,0.0061662672,0.0071783205,0.0070654615,0.9795899391,0.90427226,0.09572775,0.00000412,0.00006043,3035
8532,"/kaggle/input/datasets/arafatrahmann/my-data221/Epic and CSCR hospital Dataset/Train/pituitary/Tr-pi_0191.jpg",3,pituitary,3,pituitary,0.0058244518,0.0078006797,0.0072181472,0.9791566730,0.89643154,0.10356846,0.00000550,0.00009917,3035
8533,"/kaggle/input/datasets/arafatrahmann/my-data221/Epic and CSCR hospital Dataset/Train/pituitary/Tr-pi_0192.jpg",3,pituitary,3,pituitary,0.0058683278,0.0076837158,0.0070328750,0.9794150591,0.89658787,0.10341213,0.00000516,0.00008667,3035
8534,"/kaggle/input/datasets/arafatrahmann/my-data221/Epic and CSCR hospital Dataset/Train/pituitary/Tr-pi_0193.jpg",3,pituitary,3,pituitary,0.0055502877,0.0068709552,0.0072651641,0.9803135991,0.88775998,0.11224000,0.00000540,0.00008831,3035
8535,"/kaggle/input/datasets/arafatrahmann/my-data221/Epic and CSCR hospital Dataset/Train/pituitary/Tr-pi_0194.jpg",3,pituitary,3,pituitary,0.0057147769,0.0080724340,0.0071422732,0.9790704846,0.90618897,0.09381104,0.00000546,0.00009918,3035
8536,"/kaggle/input/datasets/arafatrahmann/my-data221/Epic and CSCR hospital Dataset/Train/pituitary/Tr-pi_0195.jpg",3,pituitary,3,pituitary,0.0058569936,0.0074384110,0.0073248511,0.9793798327,0.90139104,0.09860896,0.00000467,0.00006707,3035
8537,"/kaggle/input/datasets/arafatrahmann/my-data221/Epic and CSCR hospital Dataset/Train/pituitary/Tr-pi_0196.jpg",3,pituitary,3,pituitary,0.0058487612,0.0080081355,0.0079215681,0.9782215357,0.88116314,0.11883685,0.00000587,0.00009182,3036
8541,"/kaggle/input/datasets/arafatrahmann/my-data221/Epic and CSCR hospital Dataset/Train/pituitary/Tr-pi_0200.jpg",3,pituitary,3,pituitary,0.0061276066,0.0067226738,0.0070616999,0.9800880551,0.88934478,0.11065523,0.00000545,0.00006133,3029
8542,"/kaggle/input/datasets/arafatrahmann/my-data221/Epic and CSCR hospital Dataset/Train/pituitary/Tr-pi_0201.jpg",3,pituitary,3,pituitary,0.0086510340,0.0076522767,0.0075919987,0.9761047363,0.91219199,0.08780800,0.00000588,0.00020485,3039
8544,"/kaggle/input/datasets/arafatrahmann/my-data221/Epic and CSCR hospital Dataset/Train/pituitary/Tr-pi_0203.jpg",3,pituitary,3,pituitary,0.0063287998,0.0075087426,0.0074721142,0.9786903262,0.90142899,0.09857101,0.00000489,0.00010736,3041
8548,"/kaggle/input/datasets/arafatrahmann/my-data221/Epic and CSCR hospital Dataset/Train/pituitary/Tr-pi_0207.jpg",3,pituitary,3,pituitary,0.0059194630,0.0080093304,0.0072249002,0.9788462520,0.89027678,0.10972321,0.00000599,0.00010073,3045
8549,"/kaggle/input/datasets/arafatrahmann/my-data221/Epic and CSCR hospital Dataset/Train/pituitary/Tr-pi_0208.jpg",3,pituitary,3,pituitary,0.0058228634,0.0081233354,0.0070989011,0.9789549112,0.91121728,0.08878273,0.00000445,0.00010342,3045
8550,"/kaggle/input/datasets/arafatrahmann/my-data221/Epic and CSCR hospital Dataset/Train/pituitary/Tr-pi_0209.jpg",3,pituitary,3,pituitary,0.0056203939,0.0085966596,0.0069615869,0.9788212776,0.90327548,0.09672453,0.00000503,0.00009324,3045
8551,"/kaggle/input/datasets/arafatrahmann/my-data221/Epic and CSCR hospital Dataset/Train/pituitary/Tr-pi_0210.jpg",3,pituitary,3,pituitary,0.0056409752,0.0082213040,0.0069706002,0.9791671634,0.90506470,0.09493531,0.00000442,0.00007914,3045
8552,"/kaggle/input/datasets/arafatrahmann/my-data221/Epic and CSCR hospital Dataset/Train/pituitary/Tr-pi_0211.jpg",3,pituitary,3,pituitary,0.0058430284,0.0077935881,0.0085710362,0.9777923822,0.89159479,0.10840521,0.00000650,0.00013172,3046
8553,"/kaggle/input/datasets/arafatrahmann/my-data221/Epic and CSCR hospital Dataset/Train/pituitary/Tr-pi_0212.jpg",3,pituitary,3,pituitary,0.0057944818,0.0085116420,0.0070824861,0.9786113501,0.89711710,0.10288290,0.00000463,0.00005980,3045
8554,"/kaggle/input/datasets/arafatrahmann/my-data221/Epic and CSCR hospital Dataset/Train/pituitary/Tr-pi_0213.jpg",3,pituitary,3,pituitary,0.0059711756,0.0083883461,0.0074630305,0.9781774282,0.88986658,0.11013339,0.00000551,0.00008491,3045
8563,"/kaggle/input/datasets/arafatrahmann/my-data221/Epic and CSCR hospital Dataset/Train/pituitary/Tr-pi_0222.jpg",3,pituitary,3,pituitary,0.0060198186,0.0067734933,0.0074725994,0.9797341228,0.88295985,0.11704014,0.00000570,0.00008219,2760
8564,"/kaggle/input/datasets/arafatrahmann/my-data221/Epic and CSCR hospital Dataset/Train/pituitary/Tr-pi_0223.jpg",3,pituitary,3,pituitary,0.0058971951,0.0072441483,0.0084484415,0.9784101248,0.90370871,0.09629130,0.00000628,0.00011256,3046
8566,"/kaggle/input/datasets/arafatrahmann/my-data221/Epic and CSCR hospital Dataset/Train/pituitary/Tr-pi_0225.jpg",3,pituitary,3,pituitary,0.0060135359,0.0076563144,0.0071042776,0.9792259336,0.90370101,0.09629898,0.00000492,0.00008388,3054
8572,"/kaggle/input/datasets/arafatrahmann/my-data221/Epic and CSCR hospital Dataset/Train/pituitary/Tr-pi_0231.jpg",3,pituitary,3,pituitary,0.0061428831,0.0073750452,0.0071244137,0.9793576002,0.90243488,0.09756512,0.00000527,0.00009301,3054
8579,"/kaggle/input/datasets/arafatrahmann/my-data221/Epic and CSCR hospital Dataset/Train/pituitary/Tr-pi_0238.jpg",3,pituitary,3,pituitary,0.0063892230,0.0069794012,0.0073575703,0.9792737961,0.90698562,0.09301438,0.00000572,0.00010099,3063
8585,"/kaggle/input/datasets/arafatrahmann/my-data221/Epic and CSCR hospital Dataset/Train/pituitary/Tr-pi_0244.jpg",3,pituitary,3,pituitary,0.0056047281,0.0072840154,0.0070189321,0.9800923467,0.90965513,0.09034488,0.00000552,0.00011075,3068
8587,"/kaggle/input/datasets/arafatrahmann/my-data221/Epic and CSCR hospital Dataset/Train/pituitary/Tr-pi_0246.jpg",3,pituitary,3,pituitary,0.0056652757,0.0073087499,0.0070101917,0.9800157547,0.90256662,0.09743340,0.00000417,0.00008091,3068
8591,"/kaggle/input/datasets/arafatrahmann/my-data221/Epic and CSCR hospital Dataset/Train/pituitary/Tr-pi_0250.jpg",3,pituitary,3,pituitary,0.0055984026,0.0077129900,0.0071562440,0.9795323610,0.88720648,0.11279353,0.00000535,0.00006159,3026
8592,"/kaggle/input/datasets/arafatrahmann/my-data221/Epic and CSCR hospital Dataset/Train/pituitary/Tr-pi_0251.jpg",3,pituitary,3,pituitary,0.0055308864,0.0072774887,0.0080352295,0.9791563749,0.87998163,0.12001835,0.00000552,0.00008906,3026
8598,"/kaggle/input/datasets/arafatrahmann/my-data221/Epic and CSCR hospital Dataset/Train/pituitary/Tr-pi_0257.jpg",3,pituitary,3,pituitary,0.0059760967,0.0077379248,0.0077455305,0.9785404205,0.90359766,0.09640235,0.00000460,0.00011452,3078
8601,"/kaggle/input/datasets/arafatrahmann/my-data221/Epic and CSCR hospital Dataset/Train/pituitary/Tr-pi_0260.jpg",3,pituitary,3,pituitary,0.0058668354,0.0075508738,0.0072924397,0.9792898297,0.89195976,0.10804025,0.00000416,0.00004823,3081
8605,"/kaggle/input/datasets/arafatrahmann/my-data221/Epic and CSCR hospital Dataset/Train/pituitary/Tr-pi_0264.jpg",3,pituitary,3,pituitary,0.0057196459,0.0088112187,0.0081512053,0.9773179293,0.89801624,0.10198375,0.00000567,0.00009269,3084
8616,"/kaggle/input/datasets/arafatrahmann/my-data221/Epic and CSCR hospital Dataset/Train/pituitary/Tr-pi_0275.jpg",3,pituitary,3,pituitary,0.0060022110,0.0079252291,0.0078500155,0.9782225490,0.89889550,0.10110453,0.00000448,0.00006967,3092
8617,"/kaggle/input/datasets/arafatrahmann/my-data221/Epic and CSCR hospital Dataset/Train/pituitary/Tr-pi_0276.jpg",3,pituitary,3,pituitary,0.0060587623,0.0078020291,0.0078536002,0.9782856107,0.90076933,0.09923067,0.00000624,0.00009096,3092
8618,"/kaggle/input/datasets/arafatrahmann/my-data221/Epic and CSCR hospital Dataset/Train/pituitary/Tr-pi_0277.jpg",3,pituitary,3,pituitary,0.0060012499,0.0074589783,0.0079346988,0.9786050916,0.90400679,0.09599322,0.00000482,0.00008636,3092
8625,"/kaggle/input/datasets/arafatrahmann/my-data221/Epic and CSCR hospital Dataset/Train/pituitary/Tr-pi_0284.jpg",3,pituitary,3,pituitary,0.0060677677,0.0074832207,0.0070525198,0.9793965220,0.90008363,0.09991637,0.00000535,0.00007642,3097
8626,"/kaggle/input/datasets/arafatrahmann/my-data221/Epic and CSCR hospital Dataset/Train/pituitary/Tr-pi_0285.jpg",3,pituitary,3,pituitary,0.0060770405,0.0071501955,0.0072196694,0.9795531034,0.90988410,0.09011591,0.00000397,0.00008614,3098
8638,"/kaggle/input/datasets/arafatrahmann/my-data221/Epic and CSCR hospital Dataset/Train/pituitary/Tr-pi_0297.jpg",3,pituitary,3,pituitary,0.0059568225,0.0094050458,0.0080007939,0.9766373634,0.90972043,0.09027955,0.00000381,0.00009800,3107
8639,"/kaggle/input/datasets/arafatrahmann/my-data221/Epic and CSCR hospital Dataset/Train/pituitary/Tr-pi_0298.jpg",3,pituitary,3,pituitary,0.0058454885,0.0085865529,0.0083565470,0.9772113562,0.90918382,0.09081620,0.00000573,0.00011175,3108
8648,"/kaggle/input/datasets/arafatrahmann/my-data221/Epic and CSCR hospital Dataset/Train/pituitary/Tr-pi_0307.jpg",3,pituitary,3,pituitary,0.0060584377,0.0073382398,0.0075048297,0.9790984988,0.89927226,0.10072773,0.00000584,0.00009205,3115
8649,"/kaggle/input/datasets/arafatrahmann/my-data221/Epic and CSCR hospital Dataset/Train/pituitary/Tr-pi_0308.jpg",3,pituitary,3,pituitary,0.0060259225,0.0072662355,0.0076340931,0.9790737033,0.90206776,0.09793224,0.00000525,0.00009172,3115
8650,"/kaggle/input/datasets/arafatrahmann/my-data221/Epic and CSCR hospital Dataset/Train/pituitary/Tr-pi_0309.jpg",3,pituitary,3,pituitary,0.0061280122,0.0070115305,0.0072946982,0.9795657992,0.89486299,0.10513699,0.00000531,0.00007375,3115
8652,"/kaggle/input/datasets/arafatrahmann/my-data221/Epic and CSCR hospital Dataset/Train/pituitary/Tr-pi_0311.jpg",3,pituitary,3,pituitary,0.0061284746,0.0075223511,0.0075593754,0.9787898064,0.91682497,0.08317502,0.00000457,0.00012010,3117
8666,"/kaggle/input/datasets/arafatrahmann/my-data221/Epic and CSCR hospital Dataset/Train/pituitary/Tr-pi_0325.jpg",3,pituitary,3,pituitary,0.0058155674,0.0083271144,0.0072163939,0.9786409140,0.88586589,0.11413412,0.00000526,0.00009452,3125
8667,"/kaggle/input/datasets/arafatrahmann/my-data221/Epic and CSCR hospital Dataset/Train/pituitary/Tr-pi_0326.jpg",3,pituitary,3,pituitary,0.0057808114,0.0080018807,0.0076979063,0.9785193205,0.89265715,0.10734285,0.00000456,0.00005270,3125
8668,"/kaggle/input/datasets/arafatrahmann/my-data221/Epic and CSCR hospital Dataset/Train/pituitary/Tr-pi_0327.jpg",3,pituitary,3,pituitary,0.0058425660,0.0085849082,0.0080372961,0.9775352478,0.91021572,0.08978428,0.00000552,0.00011811,3125
8671,"/kaggle/input/datasets/arafatrahmann/my-data221/Epic and CSCR hospital Dataset/Train/pituitary/Tr-pi_0330.jpg",3,pituitary,3,pituitary,0.0055869054,0.0092343166,0.0098289559,0.9753499031,0.88964056,0.11035944,0.00000588,0.00009284,3128
8674,"/kaggle/input/datasets/arafatrahmann/my-data221/Epic and CSCR hospital Dataset/Train/pituitary/Tr-pi_0333.jpg",3,pituitary,3,pituitary,0.0059883404,0.0067433016,0.0071874289,0.9800809622,0.88747469,0.11252529,0.00000558,0.00007495,2760
8679,"/kaggle/input/datasets/arafatrahmann/my-data221/Epic and CSCR hospital Dataset/Train/pituitary/Tr-pi_0338.jpg",3,pituitary,3,pituitary,0.0057801181,0.0111565720,0.0075812628,0.9754821062,0.90567203,0.09432798,0.00000458,0.00011053,3134
8685,"/kaggle/input/datasets/arafatrahmann/my-data221/Epic and CSCR hospital Dataset/Train/pituitary/Tr-pi_0344.jpg",3,pituitary,3,pituitary,0.0065331375,0.0076466436,0.0074002957,0.9784198999,0.90288699,0.09711299,0.00000545,0.00008195,2804
8690,"/kaggle/input/datasets/arafatrahmann/my-data221/Epic and CSCR hospital Dataset/Train/pituitary/Tr-pi_0349.jpg",3,pituitary,3,pituitary,0.0062941937,0.0070894570,0.0072657578,0.9793505669,0.89717277,0.10282722,0.00000435,0.00007179,2804
8691,"/kaggle/input/datasets/arafatrahmann/my-data221/Epic and CSCR hospital Dataset/Train/pituitary/Tr-pi_0350.jpg",3,pituitary,3,pituitary,0.0065255938,0.0070021627,0.0072731422,0.9791992307,0.89510371,0.10489628,0.00000611,0.00008049,2804
8696,"/kaggle/input/datasets/arafatrahmann/my-data221/Epic and CSCR hospital Dataset/Train/pituitary/Tr-pi_0355.jpg",3,pituitary,3,pituitary,0.0059495354,0.0080306372,0.0076720370,0.9783477783,0.89880495,0.10119506,0.00000484,0.00008704,3145
8698,"/kaggle/input/datasets/arafatrahmann/my-data221/Epic and CSCR hospital Dataset/Train/pituitary/Tr-pi_0357.jpg",3,pituitary,3,pituitary,0.0058707413,0.0078336280,0.0071889707,0.9791067243,0.90864859,0.09135142,0.00000481,0.00011174,3145
8699,"/kaggle/input/datasets/arafatrahmann/my-data221/Epic and CSCR hospital Dataset/Train/pituitary/Tr-pi_0358.jpg",3,pituitary,3,pituitary,0.0058140391,0.0078316769,0.0070047961,0.9793494940,0.89333701,0.10666299,0.00000505,0.00006064,3145
8700,"/kaggle/input/datasets/arafatrahmann/my-data221/Epic and CSCR hospital Dataset/Train/pituitary/Tr-pi_0359.jpg",3,pituitary,3,pituitary,0.0058185779,0.0079531427,0.0072349436,0.9789932966,0.89354668,0.10645329,0.00000557,0.00009540,3145
8701,"/kaggle/input/datasets/arafatrahmann/my-data221/Epic and CSCR hospital Dataset/Train/pituitary/Tr-pi_0360.jpg",3,pituitary,3,pituitary,0.0059451526,0.0080760829,0.0074883341,0.9784904718,0.90444978,0.09555021,0.00000486,0.00008816,3145
8705,"/kaggle/input/datasets/arafatrahmann/my-data221/Epic and CSCR hospital Dataset/Train/pituitary/Tr-pi_0364.jpg",3,pituitary,3,pituitary,0.0059607690,0.0076334961,0.0070762336,0.9793294668,0.89566090,0.10433909,0.00000531,0.00010715,3150
8707,"/kaggle/input/datasets/arafatrahmann/my-data221/Epic and CSCR hospital Dataset/Train/pituitary/Tr-pi_0366.jpg",3,pituitary,3,pituitary,0.0062853070,0.0069696223,0.0071689659,0.9795761108,0.87709627,0.12290374,0.00000540,0.00006039,2804
8709,"/kaggle/input/datasets/arafatrahmann/my-data221/Epic and CSCR hospital Dataset/Train/pituitary/Tr-pi_0368.jpg",3,pituitary,3,pituitary,0.0062097125,0.0071306257,0.0071066371,0.9795531034,0.90204415,0.09795585,0.00000429,0.00006767,3151
8718,"/kaggle/input/datasets/arafatrahmann/my-data221/Epic and CSCR hospital Dataset/Train/pituitary/Tr-pi_0377.jpg",3,pituitary,3,pituitary,0.0054959282,0.0067538358,0.0077909604,0.9799593091,0.89393077,0.10606924,0.00000622,0.00009041,3158
8720,"/kaggle/input/datasets/arafatrahmann/my-data221/Epic and CSCR hospital Dataset/Train/pituitary/Tr-pi_0379.jpg",3,pituitary,3,pituitary,0.0056532109,0.0062389788,0.0073700077,0.9807378650,0.89808196,0.10191804,0.00000490,0.00006111,3158
8725,"/kaggle/input/datasets/arafatrahmann/my-data221/Epic and CSCR hospital Dataset/Train/pituitary/Tr-pi_0384.jpg",3,pituitary,3,pituitary,0.0060449950,0.0079058204,0.0072663939,0.9787828326,0.89261001,0.10738999,0.00000568,0.00008426,2754
8726,"/kaggle/input/datasets/arafatrahmann/my-data221/Epic and CSCR hospital Dataset/Train/pituitary/Tr-pi_0385.jpg",3,pituitary,3,pituitary,0.0061727175,0.0081845494,0.0073323632,0.9783104658,0.89581900,0.10418100,0.00000543,0.00007043,2754
8727,"/kaggle/input/datasets/arafatrahmann/my-data221/Epic and CSCR hospital Dataset/Train/pituitary/Tr-pi_0386.jpg",3,pituitary,3,pituitary,0.0060322327,0.0080810720,0.0072735706,0.9786131978,0.90483719,0.09516280,0.00000431,0.00006855,2754
8732,"/kaggle/input/datasets/arafatrahmann/my-data221/Epic and CSCR hospital Dataset/Train/pituitary/Tr-pi_0391.jpg",3,pituitary,3,pituitary,0.0056738239,0.0074262684,0.0070566395,0.9798433185,0.90391580,0.09608420,0.00000507,0.00008473,3045
8733,"/kaggle/input/datasets/arafatrahmann/my-data221/Epic and CSCR hospital Dataset/Train/pituitary/Tr-pi_0392.jpg",3,pituitary,3,pituitary,0.0059302882,0.0077048861,0.0077208849,0.9786438942,0.90193048,0.09806951,0.00000496,0.00008427,3166
8736,"/kaggle/input/datasets/arafatrahmann/my-data221/Epic and CSCR hospital Dataset/Train/pituitary/Tr-pi_0395.jpg",3,pituitary,3,pituitary,0.0058026589,0.0078416746,0.0071121394,0.9792435765,0.88282577,0.11717422,0.00000582,0.00005605,3169
8742,"/kaggle/input/datasets/arafatrahmann/my-data221/Epic and CSCR hospital Dataset/Train/pituitary/Tr-pi_0401.jpg",3,pituitary,3,pituitary,0.0115963724,0.0644717142,0.0076534576,0.9162784815,0.90759532,0.09240468,0.00007112,0.00079925,3173
8743,"/kaggle/input/datasets/arafatrahmann/my-data221/Epic and CSCR hospital Dataset/Train/pituitary/Tr-pi_0402.jpg",3,pituitary,3,pituitary,0.0059165126,0.0074814023,0.0076977634,0.9789042473,0.90036457,0.09963543,0.00000431,0.00008026,3173
8745,"/kaggle/input/datasets/arafatrahmann/my-data221/Epic and CSCR hospital Dataset/Train/pituitary/Tr-pi_0404.jpg",3,pituitary,3,pituitary,0.0059740497,0.0070449398,0.0072502769,0.9797307253,0.91334238,0.08665763,0.00000394,0.00008370,3173
8746,"/kaggle/input/datasets/arafatrahmann/my-data221/Epic and CSCR hospital Dataset/Train/pituitary/Tr-pi_0405.jpg",3,pituitary,3,pituitary,0.0064892112,0.0197167732,0.0079814456,0.9658125043,0.91528426,0.08471573,0.00000566,0.00026230,3173
8760,"/kaggle/input/datasets/arafatrahmann/my-data221/Epic and CSCR hospital Dataset/Train/pituitary/Tr-pi_0419.jpg",3,pituitary,3,pituitary,0.0060236580,0.0077413181,0.0077769905,0.9784580469,0.90128762,0.09871237,0.00000497,0.00009325,3183
8763,"/kaggle/input/datasets/arafatrahmann/my-data221/Epic and CSCR hospital Dataset/Train/pituitary/Tr-pi_0422.jpg",3,pituitary,3,pituitary,0.0059648808,0.0073962389,0.0075851814,0.9790536761,0.88212585,0.11787417,0.00000577,0.00007330,3186
8770,"/kaggle/input/datasets/arafatrahmann/my-data221/Epic and CSCR hospital Dataset/Train/pituitary/Tr-pi_0429.jpg",3,pituitary,3,pituitary,0.0061275372,0.0082393456,0.0073521743,0.9782809019,0.89707360,0.10292641,0.00000467,0.00008081,3193
8772,"/kaggle/input/datasets/arafatrahmann/my-data221/Epic and CSCR hospital Dataset/Train/pituitary/Tr-pi_0431.jpg",3,pituitary,3,pituitary,0.0059993006,0.0076175136,0.0070345304,0.9793486595,0.88765439,0.11234560,0.00000461,0.00005178,3195
8774,"/kaggle/input/datasets/arafatrahmann/my-data221/Epic and CSCR hospital Dataset/Train/pituitary/Tr-pi_0433.jpg",3,pituitary,3,pituitary,0.0057532368,0.0072579621,0.0085676080,0.9784212112,0.88162026,0.11837973,0.00000701,0.00007771,3197
8786,"/kaggle/input/datasets/arafatrahmann/my-data221/Epic and CSCR hospital Dataset/Train/pituitary/Tr-pi_0445.jpg",3,pituitary,3,pituitary,0.0059234211,0.0073179184,0.0078168856,0.9789417386,0.90051793,0.09948207,0.00000575,0.00007776,3197
8787,"/kaggle/input/datasets/arafatrahmann/my-data221/Epic and CSCR hospital Dataset/Train/pituitary/Tr-pi_0446.jpg",3,pituitary,3,pituitary,0.0055288146,0.0066292547,0.0088284630,0.9790135622,0.90174561,0.09825438,0.00000608,0.00008803,3206
8796,"/kaggle/input/datasets/arafatrahmann/my-data221/Epic and CSCR hospital Dataset/Train/pituitary/Tr-pi_0455.jpg",3,pituitary,3,pituitary,0.0057221255,0.0089521948,0.0087680351,0.9765576124,0.89328225,0.10671774,0.00000731,0.00011789,3214
8797,"/kaggle/input/datasets/arafatrahmann/my-data221/Epic and CSCR hospital Dataset/Train/pituitary/Tr-pi_0456.jpg",3,pituitary,3,pituitary,0.0051473719,0.0067240447,0.0119156223,0.9762128592,0.90529361,0.09470638,0.00001152,0.00018673,3197
8799,"/kaggle/input/datasets/arafatrahmann/my-data221/Epic and CSCR hospital Dataset/Train/pituitary/Tr-pi_0458.jpg",3,pituitary,3,pituitary,0.0053788638,0.0090111457,0.0105831260,0.9750269055,0.91325589,0.08674409,0.00001348,0.00023542,3216
8816,"/kaggle/input/datasets/arafatrahmann/my-data221/Epic and CSCR hospital Dataset/Train/pituitary/Tr-pi_0475.jpg",3,pituitary,3,pituitary,0.0060519492,0.0073768101,0.0072778300,0.9792934656,0.89858382,0.10141619,0.00000568,0.00010324,3227
8818,"/kaggle/input/datasets/arafatrahmann/my-data221/Epic and CSCR hospital Dataset/Train/pituitary/Tr-pi_0477.jpg",3,pituitary,3,pituitary,0.0059747030,0.0074081630,0.0073747523,0.9792423248,0.89515462,0.10484538,0.00000454,0.00007950,3229
8828,"/kaggle/input/datasets/arafatrahmann/my-data221/Epic and CSCR hospital Dataset/Train/pituitary/Tr-pi_0487.jpg",3,pituitary,3,pituitary,0.0056054303,0.0103978813,0.0099057471,0.9740909338,0.89969705,0.10030294,0.00000827,0.00013834,3239
8836,"/kaggle/input/datasets/arafatrahmann/my-data221/Epic and CSCR hospital Dataset/Train/pituitary/Tr-pi_0495.jpg",3,pituitary,3,pituitary,0.0062132855,0.0106372582,0.0092302207,0.9739192128,0.90496243,0.09503756,0.00000763,0.00013409,3246
8843,"/kaggle/input/datasets/arafatrahmann/my-data221/Epic and CSCR hospital Dataset/Train/pituitary/Tr-pi_0502.jpg",3,pituitary,3,pituitary,0.0059185992,0.0077375052,0.0077820369,0.9785619974,0.89755352,0.10244647,0.00000462,0.00006377,3252
8846,"/kaggle/input/datasets/arafatrahmann/my-data221/Epic and CSCR hospital Dataset/Train/pituitary/Tr-pi_0505.jpg",3,pituitary,3,pituitary,0.0063691190,0.0080006737,0.0071530701,0.9784771800,0.90080781,0.09919220,0.00000417,0.00006403,3255
8852,"/kaggle/input/datasets/arafatrahmann/my-data221/Epic and CSCR hospital Dataset/Train/pituitary/Tr-pi_0511.jpg",3,pituitary,3,pituitary,0.0058988943,0.0080379639,0.0076145367,0.9784486890,0.89527006,0.10472995,0.00000579,0.00008997,3259
8854,"/kaggle/input/datasets/arafatrahmann/my-data221/Epic and CSCR hospital Dataset/Train/pituitary/Tr-pi_0513.jpg",3,pituitary,3,pituitary,0.0061853551,0.0072464989,0.0074566929,0.9791114926,0.88597487,0.11402515,0.00000468,0.00004799,3261
8863,"/kaggle/input/datasets/arafatrahmann/my-data221/Epic and CSCR hospital Dataset/Train/pituitary/Tr-pi_0522.jpg",3,pituitary,3,pituitary,0.0058920020,0.0064014187,0.0073320074,0.9803745151,0.89168932,0.10831066,0.00000615,0.00008878,3266
8864,"/kaggle/input/datasets/arafatrahmann/my-data221/Epic and CSCR hospital Dataset/Train/pituitary/Tr-pi_0523.jpg",3,pituitary,3,pituitary,0.0059285043,0.0075664045,0.0072978237,0.9792073369,0.88498824,0.11501177,0.00000490,0.00005290,3267
8865,"/kaggle/input/datasets/arafatrahmann/my-data221/Epic and CSCR hospital Dataset/Train/pituitary/Tr-pi_0524.jpg",3,pituitary,3,pituitary,0.0060309581,0.0073211277,0.0071989722,0.9794489741,0.90911141,0.09088860,0.00000384,0.00007159,3267
8866,"/kaggle/input/datasets/arafatrahmann/my-data221/Epic and CSCR hospital Dataset/Train/pituitary/Tr-pi_0525.jpg",3,pituitary,3,pituitary,0.0064281886,0.0074248314,0.0072268918,0.9789201617,0.87841101,0.12158897,0.00000613,0.00006952,3267
8878,"/kaggle/input/datasets/arafatrahmann/my-data221/Epic and CSCR hospital Dataset/Train/pituitary/Tr-pi_0537.jpg",3,pituitary,3,pituitary,0.0058512604,0.0072345473,0.0071725152,0.9797417521,0.90517769,0.09482232,0.00000443,0.00007688,3045
8879,"/kaggle/input/datasets/arafatrahmann/my-data221/Epic and CSCR hospital Dataset/Train/pituitary/Tr-pi_0538.jpg",3,pituitary,3,pituitary,0.0059398422,0.0073716543,0.0072174640,0.9794710875,0.88069944,0.11930056,0.00000570,0.00007815,3045
8882,"/kaggle/input/datasets/arafatrahmann/my-data221/Epic and CSCR hospital Dataset/Train/pituitary/Tr-pi_0541.jpg",3,pituitary,3,pituitary,0.0061846673,0.0068754405,0.0075858980,0.9793539047,0.89758543,0.10241456,0.00000506,0.00009021,3276
8884,"/kaggle/input/datasets/arafatrahmann/my-data221/Epic and CSCR hospital Dataset/Train/pituitary/Tr-pi_0543.jpg",3,pituitary,3,pituitary,0.0047212290,0.0068948716,0.0703909844,0.9179928899,0.82908335,0.17091664,0.00043051,0.00039601,3278
8893,"/kaggle/input/datasets/arafatrahmann/my-data221/Epic and CSCR hospital Dataset/Train/pituitary/Tr-pi_0552.jpg",3,pituitary,3,pituitary,0.0058586709,0.0068788929,0.0075188801,0.9797436595,0.89660490,0.10339510,0.00000558,0.00008412,3285
8908,"/kaggle/input/datasets/arafatrahmann/my-data221/Epic and CSCR hospital Dataset/Train/pituitary/Tr-pi_0567.jpg",3,pituitary,3,pituitary,0.0060157161,0.0080469530,0.0088062920,0.9771310687,0.91233825,0.08766176,0.00000477,0.00011739,3295
8910,"/kaggle/input/datasets/arafatrahmann/my-data221/Epic and CSCR hospital Dataset/Train/pituitary/Tr-pi_0569.jpg",3,pituitary,3,pituitary,0.0057667666,0.0066023855,0.0088038249,0.9788269997,0.86438380,0.13561620,0.00000844,0.00007401,3297
8918,"/kaggle/input/datasets/arafatrahmann/my-data221/Epic and CSCR hospital Dataset/Train/pituitary/Tr-pi_0577.jpg",3,pituitary,3,pituitary,0.0059576598,0.0068323007,0.0074213855,0.9797886610,0.89127512,0.10872487,0.00000617,0.00008824,3303
8922,"/kaggle/input/datasets/arafatrahmann/my-data221/Epic and CSCR hospital Dataset/Train/pituitary/Tr-pi_0581.jpg",3,pituitary,3,pituitary,0.0054612607,0.0069981962,0.1388572156,0.8486833572,0.76944648,0.23055354,0.00059089,0.00121053,3306
8923,"/kaggle/input/datasets/arafatrahmann/my-data221/Epic and CSCR hospital Dataset/Train/pituitary/Tr-pi_0582.jpg",3,pituitary,3,pituitary,0.0059341625,0.0068746023,0.0074429461,0.9797484279,0.90352024,0.09647976,0.00000501,0.00008086,2840
8931,"/kaggle/input/datasets/arafatrahmann/my-data221/Epic and CSCR hospital Dataset/Train/pituitary/Tr-pi_0590.jpg",3,pituitary,3,pituitary,0.0056343237,0.0068981536,0.0075808587,0.9798867106,0.89874375,0.10125626,0.00000505,0.00006866,3310
8935,"/kaggle/input/datasets/arafatrahmann/my-data221/Epic and CSCR hospital Dataset/Train/pituitary/Tr-pi_0594.jpg",3,pituitary,3,pituitary,0.0059568449,0.0069670579,0.0077377097,0.9793383479,0.87023357,0.12976641,0.00000576,0.00005566,3314
8940,"/kaggle/input/datasets/arafatrahmann/my-data221/Epic and CSCR hospital Dataset/Train/pituitary/Tr-pi_0599.jpg",3,pituitary,3,pituitary,0.0059683388,0.0070062154,0.0078141168,0.9792112112,0.86196902,0.13803099,0.00000593,0.00005020,3319
8941,"/kaggle/input/datasets/arafatrahmann/my-data221/Epic and CSCR hospital Dataset/Train/pituitary/Tr-pi_0600.jpg",3,pituitary,3,pituitary,0.0058161533,0.0069569787,0.0082045114,0.9790223837,0.88177247,0.11822753,0.00000630,0.00006780,3320
8950,"/kaggle/input/datasets/arafatrahmann/my-data221/Epic and CSCR hospital Dataset/Train/pituitary/Tr-pi_0609.jpg",3,pituitary,3,pituitary,0.0059310994,0.0070212772,0.0077757733,0.9792718887,0.89735844,0.10264155,0.00000555,0.00007869,3328
8954,"/kaggle/input/datasets/arafatrahmann/my-data221/Epic and CSCR hospital Dataset/Train/pituitary/Tr-pi_0613.jpg",3,pituitary,3,pituitary,0.0061620832,0.0121511267,0.0076480703,0.9740387797,0.88556591,0.11443408,0.00000561,0.00007162,3331
8968,"/kaggle/input/datasets/arafatrahmann/my-data221/Epic and CSCR hospital Dataset/Train/pituitary/Tr-pi_0627.jpg",3,pituitary,3,pituitary,0.0063135773,0.0079418775,0.0070984131,0.9786460996,0.89316202,0.10683798,0.00000522,0.00007516,3343
8969,"/kaggle/input/datasets/arafatrahmann/my-data221/Epic and CSCR hospital Dataset/Train/pituitary/Tr-pi_0628.jpg",3,pituitary,3,pituitary,0.0063452981,0.0075088562,0.0074746078,0.9786712527,0.88660904,0.11339097,0.00000560,0.00006072,3343
8981,"/kaggle/input/datasets/arafatrahmann/my-data221/Epic and CSCR hospital Dataset/Train/pituitary/Tr-pi_0640.jpg",3,pituitary,3,pituitary,0.0057282732,0.0077593722,0.0073951436,0.9791170955,0.89423589,0.10576409,0.00000515,0.00007157,3349
8984,"/kaggle/input/datasets/arafatrahmann/my-data221/Epic and CSCR hospital Dataset/Train/pituitary/Tr-pi_0643.jpg",3,pituitary,3,pituitary,0.0062487056,0.0078358334,0.0075885891,0.9783267975,0.90641998,0.09358004,0.00000559,0.00009233,3350
8990,"/kaggle/input/datasets/arafatrahmann/my-data221/Epic and CSCR hospital Dataset/Train/pituitary/Tr-pi_0649.jpg",3,pituitary,3,pituitary,0.0056811916,0.0077151344,0.0072903112,0.9793133736,0.89122202,0.10877798,0.00000494,0.00006571,3349
8993,"/kaggle/input/datasets/arafatrahmann/my-data221/Epic and CSCR hospital Dataset/Train/pituitary/Tr-pi_0652.jpg",3,pituitary,3,pituitary,0.0061190007,0.0091662714,0.0079205977,0.9767941236,0.91512731,0.08487268,0.00000405,0.00010089,3357
9004,"/kaggle/input/datasets/arafatrahmann/my-data221/Epic and CSCR hospital Dataset/Train/pituitary/Tr-pi_0663.jpg",3,pituitary,3,pituitary,0.0061017987,0.0081135305,0.0081336042,0.9776511192,0.88562212,0.11437789,0.00000561,0.00007072,3367
9011,"/kaggle/input/datasets/arafatrahmann/my-data221/Epic and CSCR hospital Dataset/Train/pituitary/Tr-pi_0670.jpg",3,pituitary,3,pituitary,0.0060574063,0.0073888702,0.0073067509,0.9792469144,0.89493899,0.10506100,0.00000592,0.00008025,3372
9021,"/kaggle/input/datasets/arafatrahmann/my-data221/Epic and CSCR hospital Dataset/Train/pituitary/Tr-pi_0680.jpg",3,pituitary,3,pituitary,0.0057930341,0.0076441979,0.0076411972,0.9789215922,0.88350937,0.11649064,0.00000614,0.00009754,3381
9029,"/kaggle/input/datasets/arafatrahmann/my-data221/Epic and CSCR hospital Dataset/Train/pituitary/Tr-pi_0688.jpg",3,pituitary,3,pituitary,0.0059205638,0.0069359941,0.0082699209,0.9788736105,0.88174365,0.11825635,0.00000695,0.00007182,3387
9033,"/kaggle/input/datasets/arafatrahmann/my-data221/Epic and CSCR hospital Dataset/Train/pituitary/Tr-pi_0692.jpg",3,pituitary,3,pituitary,0.0058737462,0.0069859149,0.0076756207,0.9794647098,0.89308462,0.10691537,0.00000522,0.00006648,3390
9037,"/kaggle/input/datasets/arafatrahmann/my-data221/Epic and CSCR hospital Dataset/Train/pituitary/Tr-pi_0696.jpg",3,pituitary,3,pituitary,0.0061111166,0.0063717468,0.0071539730,0.9803631902,0.90347190,0.09652811,0.00000428,0.00007895,3392
9041,"/kaggle/input/datasets/arafatrahmann/my-data221/Epic and CSCR hospital Dataset/Train/pituitary/Tr-pi_0700.jpg",3,pituitary,3,pituitary,0.0058019892,0.0085662697,0.0070853652,0.9785463214,0.90064834,0.09935167,0.00000440,0.00008475,2767
9049,"/kaggle/input/datasets/arafatrahmann/my-data221/Epic and CSCR hospital Dataset/Train/pituitary/Tr-pi_0708.jpg",3,pituitary,3,pituitary,0.0058274255,0.0092141805,0.0069975061,0.9779609442,0.90308561,0.09691440,0.00000494,0.00007151,2767
9059,"/kaggle/input/datasets/arafatrahmann/my-data221/Epic and CSCR hospital Dataset/Train/pituitary/Tr-pi_0718.jpg",3,pituitary,3,pituitary,0.0058074845,0.0087135714,0.0068928786,0.9785860777,0.88057497,0.11942504,0.00000528,0.00007146,2767
9067,"/kaggle/input/datasets/arafatrahmann/my-data221/Epic and CSCR hospital Dataset/Train/pituitary/Tr-pi_0726.jpg",3,pituitary,3,pituitary,0.0058527291,0.0082737487,0.0068944031,0.9789791107,0.91006029,0.08993970,0.00000441,0.00009280,2755
9070,"/kaggle/input/datasets/arafatrahmann/my-data221/Epic and CSCR hospital Dataset/Train/pituitary/Tr-pi_0729.jpg",3,pituitary,3,pituitary,0.0057626991,0.0064601218,0.0070830449,0.9806941152,0.88811255,0.11188744,0.00000518,0.00006842,2783
9073,"/kaggle/input/datasets/arafatrahmann/my-data221/Epic and CSCR hospital Dataset/Train/pituitary/Tr-pi_0732.jpg",3,pituitary,3,pituitary,0.0060579842,0.0068254746,0.0075561493,0.9795603752,0.87829823,0.12170177,0.00000633,0.00006185,2786
9074,"/kaggle/input/datasets/arafatrahmann/my-data221/Epic and CSCR hospital Dataset/Train/pituitary/Tr-pi_0733.jpg",3,pituitary,3,pituitary,0.0059007932,0.0070115887,0.0087185120,0.9783690572,0.88488803,0.11511196,0.00000589,0.00007861,2786
9090,"/kaggle/input/datasets/arafatrahmann/my-data221/Epic and CSCR hospital Dataset/Train/pituitary/Tr-pi_0749.jpg",3,pituitary,3,pituitary,0.0058652330,0.0073023550,0.0074460669,0.9793863297,0.88290390,0.11709611,0.00000441,0.00007224,2795
9098,"/kaggle/input/datasets/arafatrahmann/my-data221/Epic and CSCR hospital Dataset/Train/pituitary/Tr-pi_0757.jpg",3,pituitary,3,pituitary,0.0058814520,0.0080800196,0.0073806988,0.9786579013,0.90139461,0.09860539,0.00000490,0.00008851,2799
9107,"/kaggle/input/datasets/arafatrahmann/my-data221/Epic and CSCR hospital Dataset/Train/pituitary/Tr-pi_0766.jpg",3,pituitary,3,pituitary,0.0063177026,0.0071772435,0.0075264261,0.9789786339,0.88882881,0.11117119,0.00000425,0.00006967,3398
9113,"/kaggle/input/datasets/arafatrahmann/my-data221/Epic and CSCR hospital Dataset/Train/pituitary/Tr-pi_0772.jpg",3,pituitary,3,pituitary,0.0057428251,0.0081639104,0.0083218161,0.9777714610,0.87665701,0.12334299,0.00000576,0.00006796,3403
9115,"/kaggle/input/datasets/arafatrahmann/my-data221/Epic and CSCR hospital Dataset/Train/pituitary/Tr-pi_0774.jpg",3,pituitary,3,pituitary,0.0055280412,0.0118540954,0.0101887714,0.9724290967,0.91649973,0.08350026,0.00000905,0.00026196,3404
9118,"/kaggle/input/datasets/arafatrahmann/my-data221/Epic and CSCR hospital Dataset/Train/pituitary/Tr-pi_0777.jpg",3,pituitary,3,pituitary,0.0060047121,0.0070138969,0.0078561800,0.9791252017,0.89938397,0.10061603,0.00000496,0.00008640,3407
9121,"/kaggle/input/datasets/arafatrahmann/my-data221/Epic and CSCR hospital Dataset/Train/pituitary/Tr-pi_0780.jpg",3,pituitary,3,pituitary,0.0060890568,0.0072188033,0.0076689087,0.9790232778,0.88817315,0.11182684,0.00000693,0.00008220,2879
9122,"/kaggle/input/datasets/arafatrahmann/my-data221/Epic and CSCR hospital Dataset/Train/pituitary/Tr-pi_0781.jpg",3,pituitary,3,pituitary,0.0058756415,0.0069912612,0.0081157070,0.9790172577,0.90079198,0.09920800,0.00000472,0.00009888,3410
9129,"/kaggle/input/datasets/arafatrahmann/my-data221/Epic and CSCR hospital Dataset/Train/pituitary/Tr-pi_0788.jpg",3,pituitary,3,pituitary,0.0059754979,0.0084149800,0.0081909504,0.9774186015,0.88544373,0.11455627,0.00000503,0.00007892,3415
9131,"/kaggle/input/datasets/arafatrahmann/my-data221/Epic and CSCR hospital Dataset/Train/pituitary/Tr-pi_0790.jpg",3,pituitary,3,pituitary,0.0061310059,0.0075781732,0.0070727221,0.9792181253,0.89552611,0.10447389,0.00000715,0.00007961,3417
9139,"/kaggle/input/datasets/arafatrahmann/my-data221/Epic and CSCR hospital Dataset/Train/pituitary/Tr-pi_0798.jpg",3,pituitary,3,pituitary,0.0059620468,0.0083778808,0.0076790946,0.9779809117,0.89444351,0.10555649,0.00000512,0.00006148,3425
9148,"/kaggle/input/datasets/arafatrahmann/my-data221/Epic and CSCR hospital Dataset/Train/pituitary/Tr-pi_0849.jpg",3,pituitary,3,pituitary,0.0059196162,0.0082101300,0.0076877014,0.9781824946,0.89561629,0.10438371,0.00000490,0.00007392,2903
9151,"/kaggle/input/datasets/arafatrahmann/my-data221/Epic and CSCR hospital Dataset/Train/pituitary/Tr-pi_0945.jpg",3,pituitary,3,pituitary,0.0060861022,0.0071429969,0.0074248151,0.9793460965,0.87299710,0.12700292,0.00000535,0.00006973,2786
9152,"/kaggle/input/datasets/arafatrahmann/my-data221/Epic and CSCR hospital Dataset/Train/pituitary/Tr-pi_0946.jpg",3,pituitary,3,pituitary,0.0058382009,0.0071550771,0.0088301077,0.9781765938,0.86287964,0.13712034,0.00000781,0.00006473,2786
9163,"/kaggle/input/datasets/arafatrahmann/my-data221/Epic and CSCR hospital Dataset/Train/pituitary/Tr-pi_0957.jpg",3,pituitary,3,pituitary,0.0062603941,0.0086196251,0.0074501643,0.9776698351,0.90729112,0.09270888,0.00000468,0.00008468,3431
9170,"/kaggle/input/datasets/arafatrahmann/my-data221/Epic and CSCR hospital Dataset/Train/pituitary/Tr-pi_0994.jpg",3,pituitary,3,pituitary,0.0058948905,0.0069487817,0.0073924824,0.9797638059,0.89718925,0.10281076,0.00000572,0.00008766,3438
9183,"/kaggle/input/datasets/arafatrahmann/my-data221/Epic and CSCR hospital Dataset/Train/pituitary/Tr-pi_1007.jpg",3,pituitary,3,pituitary,0.0057870336,0.0079358313,0.0072029820,0.9790741801,0.88572091,0.11427906,0.00000619,0.00008734,3444
9188,"/kaggle/input/datasets/arafatrahmann/my-data221/Epic and CSCR hospital Dataset/Train/pituitary/Tr-pi_1012.jpg",3,pituitary,3,pituitary,0.0059586782,0.0067522032,0.0086594634,0.9786297083,0.88836814,0.11163188,0.00000593,0.00006970,3449
9197,"/kaggle/input/datasets/arafatrahmann/my-data221/Epic and CSCR hospital Dataset/Train/pituitary/Tr-pi_1021.jpg",3,pituitary,3,pituitary,0.0058507952,0.0086957151,0.0087329168,0.9767206311,0.90116425,0.09883575,0.00000546,0.00013373,3457
9198,"/kaggle/input/datasets/arafatrahmann/my-data221/Epic and CSCR hospital Dataset/Train/pituitary/Tr-pi_1022.jpg",3,pituitary,3,pituitary,0.0055365814,0.0079005267,0.0115210768,0.9750418663,0.91217890,0.08782109,0.00001229,0.00029102,2948
9199,"/kaggle/input/datasets/arafatrahmann/my-data221/Epic and CSCR hospital Dataset/Train/pituitary/Tr-pi_1023.jpg",3,pituitary,3,pituitary,0.0057928027,0.0071064807,0.0078715961,0.9792291522,0.89161167,0.10838833,0.00000524,0.00011086,3458
9210,"/kaggle/input/datasets/arafatrahmann/my-data221/Epic and CSCR hospital Dataset/Train/pituitary/Tr-pi_1034.jpg",3,pituitary,3,pituitary,0.0057103923,0.0071856221,0.0074255564,0.9796784520,0.86046778,0.13953224,0.00000537,0.00005208,3465
9212,"/kaggle/input/datasets/arafatrahmann/my-data221/Epic and CSCR hospital Dataset/Train/pituitary/Tr-pi_1036.jpg",3,pituitary,3,pituitary,0.0055183647,0.0068835802,0.0081991423,0.9793988466,0.90386549,0.09613452,0.00000412,0.00009419,3467
9214,"/kaggle/input/datasets/arafatrahmann/my-data221/Epic and CSCR hospital Dataset/Train/pituitary/Tr-pi_1039.jpg",3,pituitary,3,pituitary,0.0062456504,0.0074121305,0.0075048269,0.9788373709,0.89491345,0.10508654,0.00000461,0.00005517,3469
9217,"/kaggle/input/datasets/arafatrahmann/my-data221/Epic and CSCR hospital Dataset/Train/pituitary/Tr-pi_1043.jpg",3,pituitary,3,pituitary,0.0063179932,0.0069626281,0.0080453847,0.9786740541,0.89899504,0.10100497,0.00000682,0.00009884,3472
9219,"/kaggle/input/datasets/arafatrahmann/my-data221/Epic and CSCR hospital Dataset/Train/pituitary/Tr-pi_1045.jpg",3,pituitary,3,pituitary,0.0058223181,0.0068297060,0.0088837305,0.9784641266,0.87500427,0.12499571,0.00000828,0.00007339,3474
9227,"/kaggle/input/datasets/arafatrahmann/my-data221/Epic and CSCR hospital Dataset/Train/pituitary/Tr-pi_1054.jpg",3,pituitary,3,pituitary,0.0058975308,0.0069913915,0.0075489981,0.9795621634,0.89923722,0.10076278,0.00000460,0.00007935,3481
9236,"/kaggle/input/datasets/arafatrahmann/my-data221/Epic and CSCR hospital Dataset/Train/pituitary/Tr-pi_1063.jpg",3,pituitary,3,pituitary,0.0059839366,0.0070833429,0.0074670939,0.9794656038,0.88695400,0.11304600,0.00000591,0.00007902,3489
9247,"/kaggle/input/datasets/arafatrahmann/my-data221/Epic and CSCR hospital Dataset/Train/pituitary/Tr-pi_1074.jpg",3,pituitary,3,pituitary,0.0061876047,0.0073400205,0.0073805004,0.9790919423,0.88072501,0.11927498,0.00000578,0.00005247,3495
9255,"/kaggle/input/datasets/arafatrahmann/my-data221/Epic and CSCR hospital Dataset/Train/pituitary/Tr-pi_1082.jpg",3,pituitary,3,pituitary,0.0062460769,0.0071085603,0.0078531411,0.9787921906,0.90344045,0.09655955,0.00000484,0.00010659,3500
9256,"/kaggle/input/datasets/arafatrahmann/my-data221/Epic and CSCR hospital Dataset/Train/pituitary/Tr-pi_1083.jpg",3,pituitary,3,pituitary,0.0061987052,0.0072493381,0.0077176453,0.9788343310,0.88332560,0.11667442,0.00000528,0.00008075,3501
9277,"/kaggle/input/datasets/arafatrahmann/my-data221/Epic and CSCR hospital Dataset/Train/pituitary/Tr-pi_1106.jpg",3,pituitary,3,pituitary,0.0060969717,0.0071986699,0.0076217791,0.9790825844,0.88783954,0.11216046,0.00000439,0.00005476,3512
9280,"/kaggle/input/datasets/arafatrahmann/my-data221/Epic and CSCR hospital Dataset/Train/pituitary/Tr-pi_1110.jpg",3,pituitary,3,pituitary,0.0059585939,0.0080983993,0.0075287670,0.9784142375,0.89628138,0.10371862,0.00000553,0.00006988,3515
9283,"/kaggle/input/datasets/arafatrahmann/my-data221/Epic and CSCR hospital Dataset/Train/pituitary/Tr-pi_1114.jpg",3,pituitary,3,pituitary,0.0060095941,0.0078174043,0.0073293680,0.9788435698,0.89815366,0.10184633,0.00000455,0.00006334,3518
9292,"/kaggle/input/datasets/arafatrahmann/my-data221/Epic and CSCR hospital Dataset/Train/pituitary/Tr-pi_1125.jpg",3,pituitary,3,pituitary,0.0060165552,0.0080442326,0.0085161775,0.9774230123,0.88699432,0.11300569,0.00000630,0.00009638,3525
9298,"/kaggle/input/datasets/arafatrahmann/my-data221/Epic and CSCR hospital Dataset/Train/pituitary/Tr-pi_1131.jpg",3,pituitary,3,pituitary,0.0060526067,0.0074015753,0.0071540782,0.9793917537,0.89144540,0.10855458,0.00000487,0.00008546,3530
9304,"/kaggle/input/datasets/arafatrahmann/my-data221/Epic and CSCR hospital Dataset/Train/pituitary/Tr-pi_1137.jpg",3,pituitary,3,pituitary,0.0058706338,0.0073319250,0.0074822470,0.9793151617,0.87458378,0.12541623,0.00000705,0.00007934,3536
9306,"/kaggle/input/datasets/arafatrahmann/my-data221/Epic and CSCR hospital Dataset/Train/pituitary/Tr-pi_1139.jpg",3,pituitary,3,pituitary,0.0059237489,0.0076014572,0.0085877450,0.9778869748,0.90551313,0.09448688,0.00000496,0.00010268,3538
9314,"/kaggle/input/datasets/arafatrahmann/my-data221/Epic and CSCR hospital Dataset/Train/pituitary/Tr-pi_1147.jpg",3,pituitary,3,pituitary,0.0055539822,0.0077491365,0.0090925293,0.9776042700,0.89076099,0.10923901,0.00000767,0.00008414,2980
9316,"/kaggle/input/datasets/arafatrahmann/my-data221/Epic and CSCR hospital Dataset/Train/pituitary/Tr-pi_1149.jpg",3,pituitary,3,pituitary,0.0060578389,0.0078753764,0.0073323385,0.9787344933,0.90095299,0.09904701,0.00000481,0.00008853,3545
9328,"/kaggle/input/datasets/arafatrahmann/my-data221/Epic and CSCR hospital Dataset/Train/pituitary/Tr-pi_1161.jpg",3,pituitary,3,pituitary,0.0057842648,0.0086177615,0.0070023276,0.9785956144,0.89849190,0.10150810,0.00000520,0.00008570,2767
9329,"/kaggle/input/datasets/arafatrahmann/my-data221/Epic and CSCR hospital Dataset/Train/pituitary/Tr-pi_1162.jpg",3,pituitary,3,pituitary,0.0058187768,0.0091969240,0.0069444939,0.9780398607,0.90945815,0.09054185,0.00000415,0.00010796,2767
9330,"/kaggle/input/datasets/arafatrahmann/my-data221/Epic and CSCR hospital Dataset/Train/pituitary/Tr-pi_1163.jpg",3,pituitary,3,pituitary,0.0058152722,0.0088604027,0.0067998171,0.9785245061,0.91042975,0.08957025,0.00000463,0.00009344,2767
9344,"/kaggle/input/datasets/arafatrahmann/my-data221/Epic and CSCR hospital Dataset/Train/pituitary/Tr-pi_1177.jpg",3,pituitary,3,pituitary,0.0059118392,0.0078364415,0.0072474508,0.9790042639,0.89800060,0.10199940,0.00000552,0.00010282,2799
9349,"/kaggle/input/datasets/arafatrahmann/my-data221/Epic and CSCR hospital Dataset/Train/pituitary/Tr-pi_1182.jpg",3,pituitary,3,pituitary,0.0060425182,0.0077161551,0.0079746339,0.9782667160,0.90094986,0.09905013,0.00000547,0.00009070,3555
9350,"/kaggle/input/datasets/arafatrahmann/my-data221/Epic and CSCR hospital Dataset/Train/pituitary/Tr-pi_1183.jpg",3,pituitary,3,pituitary,0.0060743382,0.0079985056,0.0071203471,0.9788067937,0.89284300,0.10715702,0.00000543,0.00006272,3556
9357,"/kaggle/input/datasets/arafatrahmann/my-data221/Epic and CSCR hospital Dataset/Train/pituitary/Tr-pi_1190.jpg",3,pituitary,3,pituitary,0.0055566905,0.0091856355,0.0085181072,0.9767395258,0.90451552,0.09548450,0.00000496,0.00008769,3563
9358,"/kaggle/input/datasets/arafatrahmann/my-data221/Epic and CSCR hospital Dataset/Train/pituitary/Tr-pi_1191.jpg",3,pituitary,3,pituitary,0.0049398737,0.0083431378,0.0136350263,0.9730819464,0.89704150,0.10295851,0.00003405,0.00041239,3564
9359,"/kaggle/input/datasets/arafatrahmann/my-data221/Epic and CSCR hospital Dataset/Train/pituitary/Tr-pi_1192.jpg",3,pituitary,3,pituitary,0.0057435986,0.0086041316,0.0081335744,0.9775186777,0.90916453,0.09083546,0.00000516,0.00012415,2740
9368,"/kaggle/input/datasets/arafatrahmann/my-data221/Epic and CSCR hospital Dataset/Train/pituitary/Tr-pi_1201.jpg",3,pituitary,3,pituitary,0.0060785552,0.0076705739,0.0081081670,0.9781426191,0.89578957,0.10421044,0.00000622,0.00007842,3570
9385,"/kaggle/input/datasets/arafatrahmann/my-data221/Epic and CSCR hospital Dataset/Train/pituitary/Tr-pi_1218.jpg",3,pituitary,3,pituitary,0.0060122022,0.0073090256,0.0074179145,0.9792608023,0.89852307,0.10147694,0.00000443,0.00006439,3586
9386,"/kaggle/input/datasets/arafatrahmann/my-data221/Epic and CSCR hospital Dataset/Train/pituitary/Tr-pi_1219.jpg",3,pituitary,3,pituitary,0.0056406590,0.0070935050,0.0083415005,0.9789243937,0.88474431,0.11525569,0.00000596,0.00009185,3586
9388,"/kaggle/input/datasets/arafatrahmann/my-data221/Epic and CSCR hospital Dataset/Train/pituitary/Tr-pi_1221.jpg",3,pituitary,3,pituitary,0.0057739867,0.0609913096,0.0104535399,0.9227811098,0.92121457,0.07878544,0.00002721,0.00081359,3588
9395,"/kaggle/input/datasets/arafatrahmann/my-data221/Epic and CSCR hospital Dataset/Train/pituitary/Tr-pi_1228.jpg",3,pituitary,3,pituitary,0.0060138605,0.0077184788,0.0076913871,0.9785763621,0.88187768,0.11812231,0.00000559,0.00006394,3595
9399,"/kaggle/input/datasets/arafatrahmann/my-data221/Epic and CSCR hospital Dataset/Train/pituitary/Tr-pi_1232.jpg",3,pituitary,3,pituitary,0.0059103267,0.0083775073,0.0078002661,0.9779118299,0.91039399,0.08960600,0.00000441,0.00011015,3599
9404,"/kaggle/input/datasets/arafatrahmann/my-data221/Epic and CSCR hospital Dataset/Train/pituitary/Tr-pi_1237.jpg",3,pituitary,3,pituitary,0.0060020597,0.0073072300,0.0077151610,0.9789755940,0.88714158,0.11285841,0.00000480,0.00006908,3602
9405,"/kaggle/input/datasets/arafatrahmann/my-data221/Epic and CSCR hospital Dataset/Train/pituitary/Tr-pi_1238.jpg",3,pituitary,3,pituitary,0.0060631456,0.0070358044,0.0076299859,0.9792710543,0.87293859,0.12706138,0.00000596,0.00006258,3602
9412,"/kaggle/input/datasets/arafatrahmann/my-data221/Epic and CSCR hospital Dataset/Train/pituitary/Tr-pi_1245.jpg",3,pituitary,3,pituitary,0.0055045430,0.0072387196,0.0094895242,0.9777672887,0.90762403,0.09237598,0.00000631,0.00013615,3606
9424,"/kaggle/input/datasets/arafatrahmann/my-data221/Epic and CSCR hospital Dataset/Train/pituitary/Tr-pi_1263.jpg",3,pituitary,3,pituitary,0.0068504708,0.0148699135,0.0103871357,0.9678924680,0.91828305,0.08171696,0.00001178,0.00033520,3616
9439,"/kaggle/input/datasets/arafatrahmann/my-data221/Epic and CSCR hospital Dataset/Train/pituitary/Tr-pi_1290.jpg",3,pituitary,3,pituitary,0.0060459520,0.0071359077,0.0072246892,0.9795934558,0.90503374,0.09496628,0.00000537,0.00009754,3625
9444,"/kaggle/input/datasets/arafatrahmann/my-data221/Epic and CSCR hospital Dataset/Train/pituitary/Tr-pi_1295.jpg",3,pituitary,3,pituitary,0.0055741305,0.0076603880,0.0070553748,0.9797101021,0.90091558,0.09908444,0.00000436,0.00008256,3630
9445,"/kaggle/input/datasets/arafatrahmann/my-data221/Epic and CSCR hospital Dataset/Train/pituitary/Tr-pi_1296.jpg",3,pituitary,3,pituitary,0.0059487568,0.0087134829,0.0075582853,0.9777793884,0.90962992,0.09037008,0.00000391,0.00009984,3631
9446,"/kaggle/input/datasets/arafatrahmann/my-data221/Epic and CSCR hospital Dataset/Train/pituitary/Tr-pi_1297.jpg",3,pituitary,3,pituitary,0.0056707924,0.0075120842,0.0071390891,0.9796779752,0.90297417,0.09702582,0.00000422,0.00006181,3630
9447,"/kaggle/input/datasets/arafatrahmann/my-data221/Epic and CSCR hospital Dataset/Train/pituitary/Tr-pi_1298.jpg",3,pituitary,3,pituitary,0.0057267221,0.0072749266,0.0072894134,0.9797089696,0.90469035,0.09530965,0.00000468,0.00008971,3632
9455,"/kaggle/input/datasets/arafatrahmann/my-data221/Epic and CSCR hospital Dataset/Train/pituitary/Tr-pi_1306.jpg",3,pituitary,3,pituitary,0.0059786895,0.0082355961,0.0075804568,0.9782053232,0.90534680,0.09465319,0.00000407,0.00007720,3636
9456,"/kaggle/input/datasets/arafatrahmann/my-data221/Epic and CSCR hospital Dataset/Train/pituitary/Tr-pi_1307.jpg",3,pituitary,3,pituitary,0.0058994237,0.0075361356,0.0075350394,0.9790294766,0.89517305,0.10482694,0.00000572,0.00008568,3636
9457,"/kaggle/input/datasets/arafatrahmann/my-data221/Epic and CSCR hospital Dataset/Train/pituitary/Tr-pi_1308.jpg",3,pituitary,3,pituitary,0.0063031251,0.0085033309,0.0077568344,0.9774367213,0.90729735,0.09270264,0.00000410,0.00010162,2748
9458,"/kaggle/input/datasets/arafatrahmann/my-data221/Epic and CSCR hospital Dataset/Train/pituitary/Tr-pi_1309.jpg",3,pituitary,3,pituitary,0.0061970302,0.0085210856,0.0079150824,0.9773668051,0.91498052,0.08501948,0.00000454,0.00012812,3637
9464,"/kaggle/input/datasets/arafatrahmann/my-data221/Epic and CSCR hospital Dataset/Train/pituitary/Tr-pi_1318.jpg",3,pituitary,3,pituitary,0.0060940436,0.0082890829,0.0074334508,0.9781834483,0.89547701,0.10452301,0.00000429,0.00009289,3643
9472,"/kaggle/input/datasets/arafatrahmann/my-data221/Epic and CSCR hospital Dataset/Train/pituitary/Tr-pi_1330.jpg",3,pituitary,3,pituitary,0.0059398618,0.0077838227,0.0070434511,0.9792329073,0.87794006,0.12205994,0.00000606,0.00007004,3650
9473,"/kaggle/input/datasets/arafatrahmann/my-data221/Epic and CSCR hospital Dataset/Train/pituitary/Tr-pi_1331.jpg",3,pituitary,3,pituitary,0.0063246973,0.0072818948,0.0072543854,0.9791390300,0.88010231,0.11989771,0.00000554,0.00005324,3650
9478,"/kaggle/input/datasets/arafatrahmann/my-data221/Epic and CSCR hospital Dataset/Train/pituitary/Tr-pi_1337.jpg",3,pituitary,3,pituitary,0.0064016394,0.0070858961,0.0074102967,0.9791022539,0.88782952,0.11217048,0.00000683,0.00011185,3655
9488,"/kaggle/input/datasets/arafatrahmann/my-data221/Epic and CSCR hospital Dataset/Train/pituitary/Tr-pi_1350.jpg",3,pituitary,3,pituitary,0.0058980291,0.0070672431,0.0078188768,0.9792158008,0.88947515,0.11052486,0.00000597,0.00006841,3665
9489,"/kaggle/input/datasets/arafatrahmann/my-data221/Epic and CSCR hospital Dataset/Train/pituitary/Tr-pi_1351.jpg",3,pituitary,3,pituitary,0.0059964634,0.0072300644,0.0071427897,0.9796307683,0.89970627,0.10029372,0.00000521,0.00009321,3666
9506,"/kaggle/input/datasets/arafatrahmann/my-data221/Epic and CSCR hospital Dataset/Train/pituitary/Tr-pi_1371.jpg",3,pituitary,3,pituitary,0.0061147353,0.0075450488,0.0072271386,0.9791131020,0.90608969,0.09391031,0.00000471,0.00009447,3680
9509,"/kaggle/input/datasets/arafatrahmann/my-data221/Epic and CSCR hospital Dataset/Train/pituitary/Tr-pi_1374.jpg",3,pituitary,3,pituitary,0.0056697270,0.0068553984,0.0077423616,0.9797323942,0.89649847,0.10350153,0.00000519,0.00009022,3683
9520,"/kaggle/input/datasets/arafatrahmann/my-data221/Epic and CSCR hospital Dataset/Train/pituitary/Tr-pi_1399.jpg",3,pituitary,3,pituitary,0.0060953042,0.0068603256,0.0072313561,0.9798129797,0.89935998,0.10064001,0.00000636,0.00010406,2804
9525,"/kaggle/input/datasets/arafatrahmann/my-data221/Epic and CSCR hospital Dataset/Train/pituitary/Tr-pi_1405.jpg",3,pituitary,3,pituitary,0.0054960526,0.0080641387,0.0089024324,0.9775374532,0.90289940,0.09710058,0.00000549,0.00012561,3690
9526,"/kaggle/input/datasets/arafatrahmann/my-data221/Epic and CSCR hospital Dataset/Train/pituitary/Tr-pi_1406.jpg",3,pituitary,3,pituitary,0.0055495342,0.0077601001,0.0087343138,0.9779559970,0.87822761,0.12177240,0.00000540,0.00008080,3691
9537,"/kaggle/input/datasets/arafatrahmann/my-data221/Epic and CSCR hospital Dataset/Train/pituitary/p (486).jpg",3,pituitary,3,pituitary,0.0061245011,0.0082480507,0.0073593692,0.9782680273,0.89554518,0.10445483,0.00000518,0.00009819,3193
9539,"/kaggle/input/datasets/arafatrahmann/my-data221/Epic and CSCR hospital Dataset/Train/pituitary/p (488).jpg",3,pituitary,3,pituitary,0.0060102409,0.0076151686,0.0070364513,0.9793380499,0.89112069,0.10887932,0.00000493,0.00006332,3195
9551,"/kaggle/input/datasets/arafatrahmann/my-data221/Epic and CSCR hospital Dataset/Train/pituitary/p (500).jpg",3,pituitary,3,pituitary,0.0055061365,0.0066489638,0.0088825226,0.9789623022,0.89462669,0.10537330,0.00000699,0.00010561,3206
9560,"/kaggle/input/datasets/arafatrahmann/my-data221/Epic and CSCR hospital Dataset/Train/pituitary/p (509).jpg",3,pituitary,3,pituitary,0.0057513281,0.0089079952,0.0087365564,0.9766041636,0.90440512,0.09559489,0.00000546,0.00009030,3214
9562,"/kaggle/input/datasets/arafatrahmann/my-data221/Epic and CSCR hospital Dataset/Train/pituitary/p (511).jpg",3,pituitary,3,pituitary,0.0053509390,0.0090430100,0.0105601475,0.9750458598,0.90462881,0.09537117,0.00001293,0.00021308,3216
9578,"/kaggle/input/datasets/arafatrahmann/my-data221/Epic and CSCR hospital Dataset/Train/pituitary/p (527).jpg",3,pituitary,3,pituitary,0.0060169948,0.0074268645,0.0072865947,0.9792695045,0.88122421,0.11877577,0.00000486,0.00004394,3227
9580,"/kaggle/input/datasets/arafatrahmann/my-data221/Epic and CSCR hospital Dataset/Train/pituitary/p (529).jpg",3,pituitary,3,pituitary,0.0059414799,0.0074670529,0.0073932521,0.9791982770,0.87747449,0.12252551,0.00000577,0.00006320,3229
9589,"/kaggle/input/datasets/arafatrahmann/my-data221/Epic and CSCR hospital Dataset/Train/pituitary/p (538).jpg",3,pituitary,3,pituitary,0.0056295944,0.0103833284,0.0098646116,0.9741224051,0.90924417,0.09075582,0.00000599,0.00013247,3239
9596,"/kaggle/input/datasets/arafatrahmann/my-data221/Epic and CSCR hospital Dataset/Train/pituitary/p (545).jpg",3,pituitary,3,pituitary,0.0062207272,0.0106358174,0.0092132594,0.9739301801,0.90704203,0.09295797,0.00000462,0.00009972,3246
9602,"/kaggle/input/datasets/arafatrahmann/my-data221/Epic and CSCR hospital Dataset/Train/pituitary/p (551).jpg",3,pituitary,3,pituitary,0.0059434450,0.0077161966,0.0077665271,0.9785739183,0.90773804,0.09226197,0.00000425,0.00010965,3252
9605,"/kaggle/input/datasets/arafatrahmann/my-data221/Epic and CSCR hospital Dataset/Train/pituitary/p (554).jpg",3,pituitary,3,pituitary,0.0063791773,0.0079978202,0.0071578571,0.9784651995,0.90301706,0.09698296,0.00000383,0.00006785,3255
9613,"/kaggle/input/datasets/arafatrahmann/my-data221/Epic and CSCR hospital Dataset/Train/pituitary/p (562).jpg",3,pituitary,3,pituitary,0.0062057786,0.0072152046,0.0074472940,0.9791316986,0.89595796,0.10404205,0.00000499,0.00006369,3261
9623,"/kaggle/input/datasets/arafatrahmann/my-data221/Epic and CSCR hospital Dataset/Train/pituitary/p (572).jpg",3,pituitary,3,pituitary,0.0058891280,0.0064135427,0.0073404810,0.9803568721,0.88821711,0.11178291,0.00000527,0.00007700,3266
9624,"/kaggle/input/datasets/arafatrahmann/my-data221/Epic and CSCR hospital Dataset/Train/pituitary/p (573).jpg",3,pituitary,3,pituitary,0.0060320296,0.0073800841,0.0073215812,0.9792662859,0.86203015,0.13796983,0.00000609,0.00004759,3267
9625,"/kaggle/input/datasets/arafatrahmann/my-data221/Epic and CSCR hospital Dataset/Train/pituitary/p (574).jpg",3,pituitary,3,pituitary,0.0059607197,0.0074959332,0.0072882003,0.9792551994,0.90378137,0.09621862,0.00000476,0.00008146,3267
9626,"/kaggle/input/datasets/arafatrahmann/my-data221/Epic and CSCR hospital Dataset/Train/pituitary/p (575).jpg",3,pituitary,3,pituitary,0.0060362644,0.0073179761,0.0072031794,0.9794425964,0.91079754,0.08920246,0.00000379,0.00009488,3267
9627,"/kaggle/input/datasets/arafatrahmann/my-data221/Epic and CSCR hospital Dataset/Train/pituitary/p (576).jpg",3,pituitary,3,pituitary,0.0064455792,0.0073488327,0.0072091990,0.9789963961,0.89608052,0.10391948,0.00000524,0.00007579,3267
9628,"/kaggle/input/datasets/arafatrahmann/my-data221/Epic and CSCR hospital Dataset/Train/pituitary/p (577).jpg",3,pituitary,3,pituitary,0.0058795935,0.0072791413,0.0072664157,0.9795748591,0.88655240,0.11344759,0.00000526,0.00008764,3267
9630,"/kaggle/input/datasets/arafatrahmann/my-data221/Epic and CSCR hospital Dataset/Train/pituitary/p (590).jpg",3,pituitary,3,pituitary,0.0058523109,0.0072322376,0.0071717994,0.9797435999,0.90501443,0.09498554,0.00000447,0.00008112,3045
9631,"/kaggle/input/datasets/arafatrahmann/my-data221/Epic and CSCR hospital Dataset/Train/pituitary/p (591).jpg",3,pituitary,3,pituitary,0.0059733745,0.0072850310,0.0072115934,0.9795299768,0.90295578,0.09704422,0.00000441,0.00007267,3045
9635,"/kaggle/input/datasets/arafatrahmann/my-data221/Epic and CSCR hospital Dataset/Train/pituitary/p (595).jpg",3,pituitary,3,pituitary,0.0061752568,0.0068671079,0.0075850659,0.9793725014,0.89663752,0.10336248,0.00000491,0.00007966,3276
9638,"/kaggle/input/datasets/arafatrahmann/my-data221/Epic and CSCR hospital Dataset/Train/pituitary/p (598).jpg",3,pituitary,3,pituitary,0.0047007175,0.0068955361,0.0657990724,0.9226047397,0.83396210,0.16603789,0.00027130,0.00053328,3278
9645,"/kaggle/input/datasets/arafatrahmann/my-data221/Epic and CSCR hospital Dataset/Train/pituitary/p (605).jpg",3,pituitary,3,pituitary,0.0059290146,0.0069605047,0.0071552000,0.9799553156,0.88239010,0.11760990,0.00000460,0.00006500,3699
9647,"/kaggle/input/datasets/arafatrahmann/my-data221/Epic and CSCR hospital Dataset/Train/pituitary/p (607).jpg",3,pituitary,3,pituitary,0.0058784662,0.0068596401,0.0075157350,0.9797461629,0.90442877,0.09557124,0.00000417,0.00009703,3285
9652,"/kaggle/input/datasets/arafatrahmann/my-data221/Epic and CSCR hospital Dataset/Test/glioma/1051.jpg",0,glioma,0,glioma,0.9788235426,0.0060110842,0.0068907170,0.0082746986,0.10381731,0.89618270,0.00008913,0.00000516,604
9661,"/kaggle/input/datasets/arafatrahmann/my-data221/Epic and CSCR hospital Dataset/Test/glioma/1093.jpg",0,glioma,0,glioma,0.9791089892,0.0056705535,0.0077239992,0.0074964711,0.10567729,0.89432272,0.00006613,0.00000527,404
9665,"/kaggle/input/datasets/arafatrahmann/my-data221/Epic and CSCR hospital Dataset/Test/glioma/1097.jpg",0,glioma,0,glioma,0.9793179631,0.0049836314,0.0077930256,0.0079054628,0.15284843,0.84715159,0.00005165,0.00000591,480
9667,"/kaggle/input/datasets/arafatrahmann/my-data221/Epic and CSCR hospital Dataset/Test/glioma/1099.jpg",0,glioma,0,glioma,0.9787867665,0.0060839164,0.0070918561,0.0080374843,0.08979911,0.91020089,0.00010623,0.00000477,69
9673,"/kaggle/input/datasets/arafatrahmann/my-data221/Epic and CSCR hospital Dataset/Test/glioma/1105.jpg",0,glioma,0,glioma,0.9794086218,0.0058611115,0.0067911460,0.0079389783,0.11062142,0.88937857,0.00006232,0.00000529,129
9685,"/kaggle/input/datasets/arafatrahmann/my-data221/Epic and CSCR hospital Dataset/Test/glioma/1117.jpg",0,glioma,0,glioma,0.9776713252,0.0043281848,0.0102058034,0.0077946582,0.10893586,0.89106416,0.00007207,0.00000627,473
9697,"/kaggle/input/datasets/arafatrahmann/my-data221/Epic and CSCR hospital Dataset/Test/glioma/1129.jpg",0,glioma,0,glioma,0.9776322246,0.0051477281,0.0067804554,0.0104395868,0.08956530,0.91043469,0.00013120,0.00000517,857
9698,"/kaggle/input/datasets/arafatrahmann/my-data221/Epic and CSCR hospital Dataset/Test/glioma/1130.jpg",0,glioma,0,glioma,0.9782844782,0.0061801798,0.0070489035,0.0084865633,0.09815549,0.90184451,0.00007543,0.00000445,629
9701,"/kaggle/input/datasets/arafatrahmann/my-data221/Epic and CSCR hospital Dataset/Test/glioma/1133.jpg",0,glioma,0,glioma,0.9782005548,0.0051413747,0.0075652106,0.0090928758,0.10309994,0.89690005,0.00008593,0.00000506,878
9708,"/kaggle/input/datasets/arafatrahmann/my-data221/Epic and CSCR hospital Dataset/Test/glioma/1140.jpg",0,glioma,0,glioma,0.9790056944,0.0056625241,0.0072095552,0.0081223082,0.10205905,0.89794094,0.00008608,0.00000505,647
9710,"/kaggle/input/datasets/arafatrahmann/my-data221/Epic and CSCR hospital Dataset/Test/glioma/1142.jpg",0,glioma,0,glioma,0.6341150999,0.3531563580,0.0056221550,0.0071063330,0.11869898,0.88130102,0.00258059,0.00042426,327
9719,"/kaggle/input/datasets/arafatrahmann/my-data221/Epic and CSCR hospital Dataset/Test/glioma/1151.jpg",0,glioma,0,glioma,0.9784277081,0.0051525352,0.0082965828,0.0081231706,0.09076878,0.90923122,0.00012165,0.00000526,298
9720,"/kaggle/input/datasets/arafatrahmann/my-data221/Epic and CSCR hospital Dataset/Test/glioma/1152.jpg",0,glioma,0,glioma,0.9792916179,0.0053590545,0.0070217634,0.0083275670,0.10563880,0.89436119,0.00007662,0.00000409,1103
9729,"/kaggle/input/datasets/arafatrahmann/my-data221/Epic and CSCR hospital Dataset/Test/glioma/1161.jpg",0,glioma,0,glioma,0.9794619679,0.0056347796,0.0069248169,0.0079784673,0.12203659,0.87796341,0.00006228,0.00000550,493
9733,"/kaggle/input/datasets/arafatrahmann/my-data221/Epic and CSCR hospital Dataset/Test/glioma/1165.jpg",0,glioma,0,glioma,0.9787960052,0.0048926109,0.0079830606,0.0083283512,0.10147157,0.89852844,0.00010205,0.00000518,427
9739,"/kaggle/input/datasets/arafatrahmann/my-data221/Epic and CSCR hospital Dataset/Test/glioma/1171.jpg",0,glioma,0,glioma,0.9784386754,0.0043539708,0.0090292767,0.0081781205,0.10135376,0.89864623,0.00007378,0.00000473,368
9741,"/kaggle/input/datasets/arafatrahmann/my-data221/Epic and CSCR hospital Dataset/Test/glioma/1173.jpg",0,glioma,0,glioma,0.9795662165,0.0055401986,0.0070529776,0.0078405607,0.12865984,0.87134015,0.00006173,0.00000632,375
9752,"/kaggle/input/datasets/arafatrahmann/my-data221/Epic and CSCR hospital Dataset/Test/glioma/1184.jpg",0,glioma,0,glioma,0.9785896540,0.0060578668,0.0074654287,0.0078871045,0.10168117,0.89831882,0.00007047,0.00000468,643
9753,"/kaggle/input/datasets/arafatrahmann/my-data221/Epic and CSCR hospital Dataset/Test/glioma/1185.jpg",0,glioma,0,glioma,0.9790487289,0.0058923732,0.0071933181,0.0078655379,0.10805225,0.89194777,0.00005769,0.00000511,116
9755,"/kaggle/input/datasets/arafatrahmann/my-data221/Epic and CSCR hospital Dataset/Test/glioma/1187.jpg",0,glioma,0,glioma,0.9792085886,0.0054482571,0.0074182265,0.0079249265,0.12768060,0.87231942,0.00004306,0.00000406,3715
9760,"/kaggle/input/datasets/arafatrahmann/my-data221/Epic and CSCR hospital Dataset/Test/glioma/1192.jpg",0,glioma,0,glioma,0.9789749980,0.0063548549,0.0067462870,0.0079240184,0.09740031,0.90259971,0.00007857,0.00000519,632
9762,"/kaggle/input/datasets/arafatrahmann/my-data221/Epic and CSCR hospital Dataset/Test/glioma/1194.jpg",0,glioma,0,glioma,0.9779256582,0.0062021003,0.0078441761,0.0080280676,0.10627037,0.89372963,0.00007551,0.00000440,927
9765,"/kaggle/input/datasets/arafatrahmann/my-data221/Epic and CSCR hospital Dataset/Test/glioma/1197.jpg",0,glioma,0,glioma,0.9785457850,0.0058529316,0.0068986504,0.0087027159,0.11399773,0.88600228,0.00008631,0.00000654,762
9766,"/kaggle/input/datasets/arafatrahmann/my-data221/Epic and CSCR hospital Dataset/Test/glioma/1198.jpg",0,glioma,0,glioma,0.9786621928,0.0046051578,0.0086276587,0.0081049399,0.09794908,0.90205094,0.00008253,0.00000544,447
9769,"/kaggle/input/datasets/arafatrahmann/my-data221/Epic and CSCR hospital Dataset/Test/glioma/1201.jpg",0,glioma,0,glioma,0.9793149233,0.0062371977,0.0066488399,0.0077990973,0.10578595,0.89421403,0.00005326,0.00000472,278
9773,"/kaggle/input/datasets/arafatrahmann/my-data221/Epic and CSCR hospital Dataset/Test/glioma/1205.jpg",0,glioma,0,glioma,0.9788093567,0.0056265588,0.0068064518,0.0087576052,0.10378470,0.89621530,0.00007204,0.00000484,38
9781,"/kaggle/input/datasets/arafatrahmann/my-data221/Epic and CSCR hospital Dataset/Test/glioma/1213.jpg",0,glioma,0,glioma,0.9696161151,0.0161383748,0.0057949661,0.0084505463,0.10596527,0.89403474,0.00016596,0.00000853,3717
9784,"/kaggle/input/datasets/arafatrahmann/my-data221/Epic and CSCR hospital Dataset/Test/glioma/1216.jpg",0,glioma,0,glioma,0.9788221121,0.0054555465,0.0064393766,0.0092829475,0.09936472,0.90063527,0.00009692,0.00000571,387
9789,"/kaggle/input/datasets/arafatrahmann/my-data221/Epic and CSCR hospital Dataset/Test/glioma/1221.jpg",0,glioma,0,glioma,0.9781756401,0.0060214577,0.0075947293,0.0082081333,0.09571595,0.90428405,0.00008357,0.00000511,742
9799,"/kaggle/input/datasets/arafatrahmann/my-data221/Epic and CSCR hospital Dataset/Test/glioma/1231.jpg",0,glioma,0,glioma,0.9790740013,0.0053940704,0.0071601169,0.0083719287,0.10189684,0.89810317,0.00007714,0.00000431,556
9802,"/kaggle/input/datasets/arafatrahmann/my-data221/Epic and CSCR hospital Dataset/Test/glioma/1234.jpg",0,glioma,0,glioma,0.9783855677,0.0053286115,0.0079069044,0.0083788913,0.09641470,0.90358529,0.00009727,0.00000404,798
9806,"/kaggle/input/datasets/arafatrahmann/my-data221/Epic and CSCR hospital Dataset/Test/glioma/1238.jpg",0,glioma,0,glioma,0.9793087840,0.0055626486,0.0069693541,0.0081592258,0.10161662,0.89838338,0.00008986,0.00000561,3723
9815,"/kaggle/input/datasets/arafatrahmann/my-data221/Epic and CSCR hospital Dataset/Test/glioma/1247.jpg",0,glioma,0,glioma,0.9784140587,0.0058703306,0.0072289244,0.0084867841,0.11191043,0.88808957,0.00008599,0.00000502,8
9818,"/kaggle/input/datasets/arafatrahmann/my-data221/Epic and CSCR hospital Dataset/Test/glioma/1250.jpg",0,glioma,0,glioma,0.9780548811,0.0047457945,0.0098518655,0.0073473863,0.10399937,0.89600062,0.00005886,0.00000460,3727
9824,"/kaggle/input/datasets/arafatrahmann/my-data221/Epic and CSCR hospital Dataset/Test/glioma/1256.jpg",0,glioma,0,glioma,0.9794901013,0.0057657417,0.0067541255,0.0079900771,0.11911422,0.88088578,0.00007257,0.00000647,383
9847,"/kaggle/input/datasets/arafatrahmann/my-data221/Epic and CSCR hospital Dataset/Test/glioma/1279.jpg",0,glioma,0,glioma,0.9784930348,0.0060478384,0.0074691982,0.0079898704,0.10513786,0.89486215,0.00006479,0.00000540,94
9854,"/kaggle/input/datasets/arafatrahmann/my-data221/Epic and CSCR hospital Dataset/Test/glioma/1286.jpg",0,glioma,0,glioma,0.9787556529,0.0059824791,0.0066712312,0.0085906480,0.11215854,0.88784145,0.00007361,0.00000546,611
9858,"/kaggle/input/datasets/arafatrahmann/my-data221/Epic and CSCR hospital Dataset/Test/glioma/1290.jpg",0,glioma,0,glioma,0.9793103933,0.0056000776,0.0068670488,0.0082224123,0.10197399,0.89802601,0.00006278,0.00000420,546
9860,"/kaggle/input/datasets/arafatrahmann/my-data221/Epic and CSCR hospital Dataset/Test/glioma/1292.jpg",0,glioma,0,glioma,0.9788339734,0.0046744877,0.0083559304,0.0081356168,0.10641131,0.89358869,0.00008534,0.00000551,12
9861,"/kaggle/input/datasets/arafatrahmann/my-data221/Epic and CSCR hospital Dataset/Test/glioma/1293.jpg",0,glioma,0,glioma,0.9786092043,0.0063719675,0.0071250498,0.0078937560,0.09649584,0.90350417,0.00010315,0.00000504,783
9866,"/kaggle/input/datasets/arafatrahmann/my-data221/Epic and CSCR hospital Dataset/Test/glioma/1298.jpg",0,glioma,0,glioma,0.9789989591,0.0049314713,0.0082097622,0.0078598559,0.09601738,0.90398260,0.00011025,0.00000490,3734
9889,"/kaggle/input/datasets/arafatrahmann/my-data221/Epic and CSCR hospital Dataset/Test/glioma/1321.jpg",0,glioma,0,glioma,0.9787980914,0.0054305024,0.0077301511,0.0080412347,0.09761458,0.90238543,0.00011424,0.00000565,65
9892,"/kaggle/input/datasets/arafatrahmann/my-data221/Epic and CSCR hospital Dataset/Test/glioma/1324.jpg",0,glioma,0,glioma,0.9784725308,0.0057348730,0.0073157176,0.0084769474,0.10790131,0.89209869,0.00005563,0.00000550,8
9893,"/kaggle/input/datasets/arafatrahmann/my-data221/Epic and CSCR hospital Dataset/Test/glioma/1325.jpg",0,glioma,0,glioma,0.9786633253,0.0053441813,0.0078662662,0.0081261490,0.11006194,0.88993804,0.00007053,0.00000501,1201
9900,"/kaggle/input/datasets/arafatrahmann/my-data221/Epic and CSCR hospital Dataset/Test/glioma/1332.jpg",0,glioma,0,glioma,0.9784948230,0.0058509535,0.0074070059,0.0082471846,0.10505689,0.89494312,0.00006961,0.00000478,237
9904,"/kaggle/input/datasets/arafatrahmann/my-data221/Epic and CSCR hospital Dataset/Test/glioma/1336.jpg",0,glioma,0,glioma,0.9783838391,0.0058036982,0.0071943267,0.0086181741,0.09901850,0.90098149,0.00005846,0.00000425,251
9909,"/kaggle/input/datasets/arafatrahmann/my-data221/Epic and CSCR hospital Dataset/Test/glioma/1341.jpg",0,glioma,0,glioma,0.9789495468,0.0048875776,0.0079035778,0.0082592294,0.10012452,0.89987549,0.00007420,0.00000513,14
9910,"/kaggle/input/datasets/arafatrahmann/my-data221/Epic and CSCR hospital Dataset/Test/glioma/1342.jpg",0,glioma,0,glioma,0.9778536558,0.0059885406,0.0070686392,0.0090891588,0.10786560,0.89213440,0.00008843,0.00000488,3739
9912,"/kaggle/input/datasets/arafatrahmann/my-data221/Epic and CSCR hospital Dataset/Test/glioma/1344.jpg",0,glioma,0,glioma,0.9792900085,0.0059709707,0.0068027368,0.0079362113,0.10173103,0.89826898,0.00005839,0.00000407,1199
9919,"/kaggle/input/datasets/arafatrahmann/my-data221/Epic and CSCR hospital Dataset/Test/glioma/1351.jpg",0,glioma,0,glioma,0.9780758619,0.0064506643,0.0073859096,0.0080875708,0.09556970,0.90443031,0.00010159,0.00000517,222
9922,"/kaggle/input/datasets/arafatrahmann/my-data221/Epic and CSCR hospital Dataset/Test/glioma/1354.jpg",0,glioma,0,glioma,0.9784135818,0.0055342084,0.0068179951,0.0092341527,0.09917787,0.90082214,0.00008797,0.00000527,230
9931,"/kaggle/input/datasets/arafatrahmann/my-data221/Epic and CSCR hospital Dataset/Test/glioma/1363.jpg",0,glioma,0,glioma,0.9793604016,0.0053057293,0.0072343657,0.0080995252,0.10987363,0.89012635,0.00005837,0.00000419,1165
9933,"/kaggle/input/datasets/arafatrahmann/my-data221/Epic and CSCR hospital Dataset/Test/glioma/1365.jpg",0,glioma,0,glioma,0.9783299565,0.0052597290,0.0076866946,0.0087235393,0.10152171,0.89847830,0.00007245,0.00000467,3741
9950,"/kaggle/input/datasets/arafatrahmann/my-data221/Epic and CSCR hospital Dataset/Test/glioma/1382.jpg",0,glioma,0,glioma,0.9789887667,0.0052334047,0.0076554692,0.0081223538,0.10099106,0.89900893,0.00007634,0.00000525,320
9951,"/kaggle/input/datasets/arafatrahmann/my-data221/Epic and CSCR hospital Dataset/Test/glioma/1383.jpg",0,glioma,0,glioma,0.9771607518,0.0067100874,0.0074537187,0.0086754477,0.09749876,0.90250123,0.00010443,0.00000518,3742
9966,"/kaggle/input/datasets/arafatrahmann/my-data221/Epic and CSCR hospital Dataset/Test/glioma/1398.jpg",0,glioma,0,glioma,0.9787410498,0.0055072652,0.0068683205,0.0088833543,0.11787402,0.88212598,0.00006437,0.00000644,146
9970,"/kaggle/input/datasets/arafatrahmann/my-data221/Epic and CSCR hospital Dataset/Test/glioma/1402.jpg",0,glioma,0,glioma,0.9777388573,0.0055119996,0.0074446336,0.0093044806,0.09371747,0.90628254,0.00008571,0.00000428,220
9971,"/kaggle/input/datasets/arafatrahmann/my-data221/Epic and CSCR hospital Dataset/Test/glioma/1403.jpg",0,glioma,0,glioma,0.9787722826,0.0055264477,0.0074233240,0.0082778726,0.12176940,0.87823058,0.00005735,0.00000579,281
9993,"/kaggle/input/datasets/arafatrahmann/my-data221/Epic and CSCR hospital Dataset/Test/glioma/1425.jpg",0,glioma,0,glioma,0.9778237343,0.0067073083,0.0069967406,0.0084722452,0.09457487,0.90542513,0.00011173,0.00000481,243
10002,"/kaggle/input/datasets/arafatrahmann/my-data221/Epic and CSCR hospital Dataset/Test/glioma/1434.jpg",0,glioma,0,glioma,0.9789084196,0.0055028019,0.0068214997,0.0087673170,0.09890688,0.90109313,0.00007192,0.00000426,1188
10007,"/kaggle/input/datasets/arafatrahmann/my-data221/Epic and CSCR hospital Dataset/Test/glioma/1439.jpg",0,glioma,0,glioma,0.9780061841,0.0056691132,0.0075585307,0.0087661883,0.11589135,0.88410866,0.00005094,0.00000478,3
10008,"/kaggle/input/datasets/arafatrahmann/my-data221/Epic and CSCR hospital Dataset/Test/glioma/1440.jpg",0,glioma,0,glioma,0.9787219167,0.0063539804,0.0070990934,0.0078250468,0.09974190,0.90025811,0.00008257,0.00000549,22
10011,"/kaggle/input/datasets/arafatrahmann/my-data221/Epic and CSCR hospital Dataset/Test/glioma/1443.jpg",0,glioma,0,glioma,0.9788972139,0.0048113153,0.0082413461,0.0080502098,0.10121585,0.89878415,0.00007189,0.00000494,12
10013,"/kaggle/input/datasets/arafatrahmann/my-data221/Epic and CSCR hospital Dataset/Test/glioma/1445.jpg",0,glioma,0,glioma,0.9774972796,0.0074808970,0.0068478351,0.0081739780,0.13062301,0.86937699,0.00009161,0.00000664,3748
10026,"/kaggle/input/datasets/arafatrahmann/my-data221/Epic and CSCR hospital Dataset/Test/glioma/1458.jpg",0,glioma,0,glioma,0.9794073105,0.0052884989,0.0072538881,0.0080502257,0.11548429,0.88451571,0.00005947,0.00000558,1195
10029,"/kaggle/input/datasets/arafatrahmann/my-data221/Epic and CSCR hospital Dataset/Test/glioma/1461.jpg",0,glioma,0,glioma,0.9793052673,0.0056779613,0.0068894862,0.0081272684,0.09414499,0.90585501,0.00008095,0.00000508,24
10031,"/kaggle/input/datasets/arafatrahmann/my-data221/Epic and CSCR hospital Dataset/Test/glioma/1463.jpg",0,glioma,0,glioma,0.9783042073,0.0062339283,0.0073169442,0.0081449691,0.08532990,0.91467009,0.00011247,0.00000386,188
10036,"/kaggle/input/datasets/arafatrahmann/my-data221/Epic and CSCR hospital Dataset/Test/glioma/1468.jpg",0,glioma,0,glioma,0.9789711237,0.0053894948,0.0074046836,0.0082347170,0.11934149,0.88065852,0.00006036,0.00000481,74
10037,"/kaggle/input/datasets/arafatrahmann/my-data221/Epic and CSCR hospital Dataset/Test/glioma/1469.jpg",0,glioma,0,glioma,0.9790045619,0.0059498004,0.0067377687,0.0083079236,0.09474074,0.90525927,0.00009270,0.00000443,198
10038,"/kaggle/input/datasets/arafatrahmann/my-data221/Epic and CSCR hospital Dataset/Test/glioma/1470.jpg",0,glioma,0,glioma,0.9778687358,0.0064999238,0.0079768915,0.0076544471,0.09579923,0.90420076,0.00008278,0.00000496,267
10042,"/kaggle/input/datasets/arafatrahmann/my-data221/Epic and CSCR hospital Dataset/Test/glioma/1474.jpg",0,glioma,0,glioma,0.9783328176,0.0062063187,0.0071273074,0.0083335508,0.09417053,0.90582947,0.00008084,0.00000512,187
10045,"/kaggle/input/datasets/arafatrahmann/my-data221/Epic and CSCR hospital Dataset/Test/glioma/1477.jpg",0,glioma,0,glioma,0.9765288234,0.0049349004,0.0067219199,0.0118143931,0.08671210,0.91328793,0.00013690,0.00000545,99
10052,"/kaggle/input/datasets/arafatrahmann/my-data221/Epic and CSCR hospital Dataset/Test/glioma/1484.jpg",0,glioma,0,glioma,0.9778140783,0.0065084212,0.0084380675,0.0072393506,0.11439365,0.88560634,0.00006449,0.00000511,216
10055,"/kaggle/input/datasets/arafatrahmann/my-data221/Epic and CSCR hospital Dataset/Test/glioma/1487.jpg",0,glioma,0,glioma,0.9775096774,0.0053938376,0.0072439956,0.0098524708,0.09182726,0.90817273,0.00008338,0.00000467,103
10060,"/kaggle/input/datasets/arafatrahmann/my-data221/Epic and CSCR hospital Dataset/Test/glioma/1492.jpg",0,glioma,0,glioma,0.9793121219,0.0054186978,0.0069831712,0.0082860412,0.10045543,0.89954457,0.00007446,0.00000541,278
10067,"/kaggle/input/datasets/arafatrahmann/my-data221/Epic and CSCR hospital Dataset/Test/glioma/1499.jpg",0,glioma,0,glioma,0.9783611298,0.0049859285,0.0085887667,0.0080642421,0.09893848,0.90106152,0.00007792,0.00000550,65
10071,"/kaggle/input/datasets/arafatrahmann/my-data221/Epic and CSCR hospital Dataset/Test/glioma/1503.jpg",0,glioma,0,glioma,0.9775229692,0.0067404760,0.0068038651,0.0089326929,0.09986171,0.90013829,0.00007608,0.00000462,200
10078,"/kaggle/input/datasets/arafatrahmann/my-data221/Epic and CSCR hospital Dataset/Test/glioma/1529.jpg",0,glioma,0,glioma,0.9780362248,0.0063091787,0.0066527026,0.0090019330,0.10463262,0.89536737,0.00007007,0.00000548,204
10091,"/kaggle/input/datasets/arafatrahmann/my-data221/Epic and CSCR hospital Dataset/Test/glioma/G_677.jpg",0,glioma,0,glioma,0.9786483645,0.0054485328,0.0071320524,0.0087710144,0.11394678,0.88605320,0.00006279,0.00000499,878
10092,"/kaggle/input/datasets/arafatrahmann/my-data221/Epic and CSCR hospital Dataset/Test/glioma/G_677_BR_.jpg",0,glioma,0,glioma,0.9776627421,0.0050716233,0.0084543256,0.0088113453,0.09653599,0.90346402,0.00008190,0.00000551,878
10093,"/kaggle/input/datasets/arafatrahmann/my-data221/Epic and CSCR hospital Dataset/Test/glioma/G_677_DA_.jpg",0,glioma,0,glioma,0.9786143303,0.0046790866,0.0083799083,0.0083265966,0.10981392,0.89018607,0.00006874,0.00000449,878
10094,"/kaggle/input/datasets/arafatrahmann/my-data221/Epic and CSCR hospital Dataset/Test/glioma/G_677_HF_.jpg",0,glioma,0,glioma,0.9778192639,0.0050805034,0.0079690833,0.0091310870,0.10874062,0.89125937,0.00006267,0.00000486,878
10095,"/kaggle/input/datasets/arafatrahmann/my-data221/Epic and CSCR hospital Dataset/Test/glioma/G_677_RO_.jpg",0,glioma,0,glioma,0.9766740799,0.0042941412,0.0111959707,0.0078358259,0.12282372,0.87717627,0.00006487,0.00000612,878
10096,"/kaggle/input/datasets/arafatrahmann/my-data221/Epic and CSCR hospital Dataset/Test/glioma/G_677_SP_.jpg",0,glioma,0,glioma,0.7834160924,0.0049219159,0.1947264671,0.0169355310,0.09275162,0.90724837,0.00020795,0.00000884,878
10097,"/kaggle/input/datasets/arafatrahmann/my-data221/Epic and CSCR hospital Dataset/Test/glioma/G_677_VF_.jpg",0,glioma,0,glioma,0.9779774547,0.0046186275,0.0091048153,0.0082991179,0.12068761,0.87931240,0.00008139,0.00000546,878
10098,"/kaggle/input/datasets/arafatrahmann/my-data221/Epic and CSCR hospital Dataset/Test/glioma/G_678.jpg",0,glioma,0,glioma,0.9769394994,0.0055127367,0.0075889714,0.0099588390,0.08996035,0.91003965,0.00011127,0.00000615,3752
10099,"/kaggle/input/datasets/arafatrahmann/my-data221/Epic and CSCR hospital Dataset/Test/glioma/G_678_BR_.jpg",0,glioma,0,glioma,0.9774821401,0.0050692046,0.0079025002,0.0095461654,0.11228920,0.88771082,0.00008740,0.00000596,3752
10107,"/kaggle/input/datasets/arafatrahmann/my-data221/Epic and CSCR hospital Dataset/Test/glioma/G_681.jpg",0,glioma,0,glioma,0.9786602259,0.0059848884,0.0066361735,0.0087186825,0.10344766,0.89655232,0.00007404,0.00000491,595
10108,"/kaggle/input/datasets/arafatrahmann/my-data221/Epic and CSCR hospital Dataset/Test/glioma/G_681_BR_.jpg",0,glioma,0,glioma,0.9781039953,0.0060751075,0.0074267732,0.0083941687,0.09421591,0.90578408,0.00007796,0.00000491,595
10109,"/kaggle/input/datasets/arafatrahmann/my-data221/Epic and CSCR hospital Dataset/Test/glioma/G_681_DA_.jpg",0,glioma,0,glioma,0.9789522886,0.0054429332,0.0069993534,0.0086053712,0.09387260,0.90612742,0.00009187,0.00000525,595
10110,"/kaggle/input/datasets/arafatrahmann/my-data221/Epic and CSCR hospital Dataset/Test/glioma/G_681_HF_.jpg",0,glioma,0,glioma,0.9785768390,0.0058432920,0.0070082182,0.0085716518,0.09765129,0.90234869,0.00009000,0.00000447,595
10111,"/kaggle/input/datasets/arafatrahmann/my-data221/Epic and CSCR hospital Dataset/Test/glioma/G_681_RO_.jpg",0,glioma,0,glioma,0.9786171913,0.0059760390,0.0065540420,0.0088527668,0.10311916,0.89688084,0.00005906,0.00000395,595
10112,"/kaggle/input/datasets/arafatrahmann/my-data221/Epic and CSCR hospital Dataset/Test/glioma/G_681_SP_.jpg",0,glioma,0,glioma,0.9781594276,0.0059918216,0.0074998410,0.0083489222,0.08799391,0.91200611,0.00009147,0.00000453,595
10113,"/kaggle/input/datasets/arafatrahmann/my-data221/Epic and CSCR hospital Dataset/Test/glioma/G_681_VF_.jpg",0,glioma,0,glioma,0.9782962799,0.0062999860,0.0065459264,0.0088578286,0.10181209,0.89818791,0.00006810,0.00000494,595
10163,"/kaggle/input/datasets/arafatrahmann/my-data221/Epic and CSCR hospital Dataset/Test/glioma/G_689.jpg",0,glioma,0,glioma,0.9771755338,0.0064739781,0.0065756165,0.0097749922,0.09845080,0.90154920,0.00008931,0.00000495,22
10164,"/kaggle/input/datasets/arafatrahmann/my-data221/Epic and CSCR hospital Dataset/Test/glioma/G_689_BR_.jpg",0,glioma,0,glioma,0.9771512747,0.0068949894,0.0069810436,0.0089726429,0.11237308,0.88762693,0.00008363,0.00000537,22
10165,"/kaggle/input/datasets/arafatrahmann/my-data221/Epic and CSCR hospital Dataset/Test/glioma/G_689_DA_.jpg",0,glioma,0,glioma,0.9781621099,0.0057854606,0.0073910505,0.0086613419,0.09908772,0.90091230,0.00007825,0.00000497,22
10166,"/kaggle/input/datasets/arafatrahmann/my-data221/Epic and CSCR hospital Dataset/Test/glioma/G_689_HF_.jpg",0,glioma,0,glioma,0.9776520729,0.0061538941,0.0068049310,0.0093891500,0.11901270,0.88098732,0.00009731,0.00000587,22
10167,"/kaggle/input/datasets/arafatrahmann/my-data221/Epic and CSCR hospital Dataset/Test/glioma/G_689_RO_.jpg",0,glioma,0,glioma,0.9772423506,0.0055288887,0.0068063498,0.0104223210,0.09140969,0.90859029,0.00012991,0.00000507,22
10168,"/kaggle/input/datasets/arafatrahmann/my-data221/Epic and CSCR hospital Dataset/Test/glioma/G_689_SP_.jpg",0,glioma,3,pituitary,0.1086084470,0.0047841193,0.0163645167,0.8702429533,0.81676253,0.18323747,0.00021693,0.00093614,22
10169,"/kaggle/input/datasets/arafatrahmann/my-data221/Epic and CSCR hospital Dataset/Test/glioma/G_689_VF_.jpg",0,glioma,0,glioma,0.9760807157,0.0073803430,0.0062487139,0.0102902940,0.09056895,0.90943103,0.00011372,0.00000546,22
10177,"/kaggle/input/datasets/arafatrahmann/my-data221/Epic and CSCR hospital Dataset/Test/glioma/G_690.jpg",0,glioma,2,notumor,0.0052389866,0.0068908175,0.9797910452,0.0080791274,0.08457895,0.91542104,0.00012541,0.00000463,1250
10178,"/kaggle/input/datasets/arafatrahmann/my-data221/Epic and CSCR hospital Dataset/Test/glioma/G_690_BR_.jpg",0,glioma,2,notumor,0.0052348785,0.0063996674,0.9800073504,0.0083581321,0.10322339,0.89677661,0.00007419,0.00000508,1250
10179,"/kaggle/input/datasets/arafatrahmann/my-data221/Epic and CSCR hospital Dataset/Test/glioma/G_690_DA_.jpg",0,glioma,2,notumor,0.0055688759,0.0063274400,0.9804955721,0.0076081739,0.10783583,0.89216416,0.00004995,0.00000445,1250
10180,"/kaggle/input/datasets/arafatrahmann/my-data221/Epic and CSCR hospital Dataset/Test/glioma/G_690_HF_.jpg",0,glioma,2,notumor,0.0050652241,0.0069971471,0.9800502062,0.0078875069,0.11793871,0.88206131,0.00009454,0.00000574,1250
10181,"/kaggle/input/datasets/arafatrahmann/my-data221/Epic and CSCR hospital Dataset/Test/glioma/G_690_RO_.jpg",0,glioma,2,notumor,0.0053544049,0.0067385091,0.9801212549,0.0077858530,0.10004665,0.89995334,0.00010913,0.00000491,1250
10182,"/kaggle/input/datasets/arafatrahmann/my-data221/Epic and CSCR hospital Dataset/Test/glioma/G_690_SP_.jpg",0,glioma,2,notumor,0.0056872829,0.0064086430,0.9802647829,0.0076392614,0.09474694,0.90525306,0.00008507,0.00000445,1250
10183,"/kaggle/input/datasets/arafatrahmann/my-data221/Epic and CSCR hospital Dataset/Test/glioma/G_690_VF_.jpg",0,glioma,2,notumor,0.0051866830,0.0069134934,0.9799458385,0.0079539940,0.09682363,0.90317636,0.00008142,0.00000483,1250
10191,"/kaggle/input/datasets/arafatrahmann/my-data221/Epic and CSCR hospital Dataset/Test/glioma/G_692.jpg",0,glioma,0,glioma,0.9774357080,0.0055753384,0.0072029321,0.0097860135,0.11496944,0.88503054,0.00006373,0.00000585,833
10192,"/kaggle/input/datasets/arafatrahmann/my-data221/Epic and CSCR hospital Dataset/Test/glioma/G_692_BR_.jpg",0,glioma,0,glioma,0.9776467085,0.0052967709,0.0076573333,0.0093991701,0.10521126,0.89478874,0.00011409,0.00000588,833
10193,"/kaggle/input/datasets/arafatrahmann/my-data221/Epic and CSCR hospital Dataset/Test/glioma/G_692_DA_.jpg",0,glioma,0,glioma,0.9781352282,0.0046831658,0.0081089959,0.0090725971,0.12220566,0.87779432,0.00006628,0.00000667,833
10194,"/kaggle/input/datasets/arafatrahmann/my-data221/Epic and CSCR hospital Dataset/Test/glioma/G_692_HF_.jpg",0,glioma,0,glioma,0.9771764874,0.0051559387,0.0077932826,0.0098742926,0.10253589,0.89746413,0.00009143,0.00000615,833
10195,"/kaggle/input/datasets/arafatrahmann/my-data221/Epic and CSCR hospital Dataset/Test/glioma/G_692_RO_.jpg",0,glioma,0,glioma,0.9754298925,0.0044605890,0.0078196870,0.0122898659,0.09933932,0.90066068,0.00016017,0.00000761,833
10196,"/kaggle/input/datasets/arafatrahmann/my-data221/Epic and CSCR hospital Dataset/Test/glioma/G_692_SP_.jpg",0,glioma,0,glioma,0.6950083971,0.0060357032,0.0089304009,0.2900255322,0.32765446,0.67234553,0.00030062,0.00080346,833
10197,"/kaggle/input/datasets/arafatrahmann/my-data221/Epic and CSCR hospital Dataset/Test/glioma/G_692_VF_.jpg",0,glioma,0,glioma,0.9772037268,0.0063871862,0.0067894161,0.0096196495,0.10210548,0.89789452,0.00010174,0.00000592,833
10205,"/kaggle/input/datasets/arafatrahmann/my-data221/Epic and CSCR hospital Dataset/Test/glioma/G_694.jpg",0,glioma,0,glioma,0.9778214693,0.0060827704,0.0067841872,0.0093115922,0.10869929,0.89130071,0.00007573,0.00000668,3
10206,"/kaggle/input/datasets/arafatrahmann/my-data221/Epic and CSCR hospital Dataset/Test/glioma/G_694_BR_.jpg",0,glioma,0,glioma,0.9777623415,0.0058722319,0.0069702277,0.0093952185,0.09202063,0.90797936,0.00007413,0.00000426,3
10207,"/kaggle/input/datasets/arafatrahmann/my-data221/Epic and CSCR hospital Dataset/Test/glioma/G_694_DA_.jpg",0,glioma,0,glioma,0.9782468081,0.0052834996,0.0075299246,0.0089397486,0.09622755,0.90377246,0.00008095,0.00000425,3
10208,"/kaggle/input/datasets/arafatrahmann/my-data221/Epic and CSCR hospital Dataset/Test/glioma/G_694_HF_.jpg",0,glioma,0,glioma,0.9771647453,0.0062638493,0.0069681862,0.0096032759,0.08705512,0.91294488,0.00012714,0.00000463,3
10209,"/kaggle/input/datasets/arafatrahmann/my-data221/Epic and CSCR hospital Dataset/Test/glioma/G_694_RO_.jpg",0,glioma,0,glioma,0.9781333208,0.0057598767,0.0068360120,0.0092707863,0.10989316,0.89010686,0.00007144,0.00000641,3
10210,"/kaggle/input/datasets/arafatrahmann/my-data221/Epic and CSCR hospital Dataset/Test/glioma/G_694_SP_.jpg",0,glioma,0,glioma,0.6909825206,0.0047707064,0.0093270037,0.2949197590,0.30532636,0.69467362,0.00189289,0.00135006,3
10211,"/kaggle/input/datasets/arafatrahmann/my-data221/Epic and CSCR hospital Dataset/Test/glioma/G_694_VF_.jpg",0,glioma,0,glioma,0.9770976901,0.0059828237,0.0067355246,0.0101838745,0.10607809,0.89392190,0.00007786,0.00000616,3
10226,"/kaggle/input/datasets/arafatrahmann/my-data221/Epic and CSCR hospital Dataset/Test/glioma/G_697.jpg",0,glioma,0,glioma,0.9646922350,0.0221844558,0.0054077692,0.0077156103,0.08953897,0.91046101,0.00044561,0.00000933,327
10227,"/kaggle/input/datasets/arafatrahmann/my-data221/Epic and CSCR hospital Dataset/Test/glioma/G_697_BR_.jpg",0,glioma,0,glioma,0.9765037298,0.0083829854,0.0071584322,0.0079547688,0.10663817,0.89336182,0.00007116,0.00000495,327
10228,"/kaggle/input/datasets/arafatrahmann/my-data221/Epic and CSCR hospital Dataset/Test/glioma/G_697_DA_.jpg",0,glioma,0,glioma,0.9781341553,0.0059452681,0.0079659251,0.0079547316,0.10228025,0.89771973,0.00008907,0.00000507,327
10229,"/kaggle/input/datasets/arafatrahmann/my-data221/Epic and CSCR hospital Dataset/Test/glioma/G_697_HF_.jpg",0,glioma,0,glioma,0.9709342122,0.0153223770,0.0059463843,0.0077968836,0.08803367,0.91196631,0.00018339,0.00000644,327
10230,"/kaggle/input/datasets/arafatrahmann/my-data221/Epic and CSCR hospital Dataset/Test/glioma/G_697_RO_.jpg",0,glioma,0,glioma,0.9782258272,0.0061418456,0.0067180423,0.0089142472,0.10818310,0.89181690,0.00008979,0.00000634,327
10231,"/kaggle/input/datasets/arafatrahmann/my-data221/Epic and CSCR hospital Dataset/Test/glioma/G_697_SP_.jpg",0,glioma,0,glioma,0.7818644643,0.0069414815,0.2045747042,0.0066193501,0.10356835,0.89643164,0.00010469,0.00000768,327
10232,"/kaggle/input/datasets/arafatrahmann/my-data221/Epic and CSCR hospital Dataset/Test/glioma/G_697_VF_.jpg",0,glioma,0,glioma,0.9773089290,0.0072901845,0.0063919812,0.0090088788,0.10761979,0.89238020,0.00007268,0.00000538,327
10233,"/kaggle/input/datasets/arafatrahmann/my-data221/Epic and CSCR hospital Dataset/Test/glioma/G_698.jpg",0,glioma,0,glioma,0.8931471705,0.0931551680,0.0057744612,0.0079232138,0.09354153,0.90645846,0.00106177,0.00011268,327
10234,"/kaggle/input/datasets/arafatrahmann/my-data221/Epic and CSCR hospital Dataset/Test/glioma/G_698_BR_.jpg",0,glioma,0,glioma,0.9764842987,0.0092014540,0.0064181415,0.0078961058,0.10748035,0.89251963,0.00007910,0.00000521,327
10235,"/kaggle/input/datasets/arafatrahmann/my-data221/Epic and CSCR hospital Dataset/Test/glioma/G_698_DA_.jpg",0,glioma,0,glioma,0.9782564044,0.0063057258,0.0069468720,0.0084909871,0.08830887,0.91169113,0.00008300,0.00000395,327
10236,"/kaggle/input/datasets/arafatrahmann/my-data221/Epic and CSCR hospital Dataset/Test/glioma/G_698_HF_.jpg",0,glioma,0,glioma,0.9745725393,0.0119428728,0.0057860808,0.0076984735,0.11105158,0.88894842,0.00008895,0.00000666,327
10237,"/kaggle/input/datasets/arafatrahmann/my-data221/Epic and CSCR hospital Dataset/Test/glioma/G_698_RO_.jpg",0,glioma,0,glioma,0.9780153036,0.0063844332,0.0066088708,0.0089914203,0.10539773,0.89460225,0.00007732,0.00000576,327
10238,"/kaggle/input/datasets/arafatrahmann/my-data221/Epic and CSCR hospital Dataset/Test/glioma/G_698_SP_.jpg",0,glioma,0,glioma,0.9775931239,0.0062508387,0.0077369944,0.0084190080,0.09890950,0.90109050,0.00008300,0.00000495,327
10239,"/kaggle/input/datasets/arafatrahmann/my-data221/Epic and CSCR hospital Dataset/Test/glioma/G_698_VF_.jpg",0,glioma,0,glioma,0.9776368141,0.0070851110,0.0065026358,0.0087754605,0.10459277,0.89540722,0.00008373,0.00000401,327
10253,"/kaggle/input/datasets/arafatrahmann/my-data221/Epic and CSCR hospital Dataset/Test/glioma/G_6_BR_.jpg",0,glioma,0,glioma,0.9789932370,0.0056480216,0.0070258132,0.0083329435,0.10793756,0.89206244,0.00006287,0.00000467,747
10254,"/kaggle/input/datasets/arafatrahmann/my-data221/Epic and CSCR hospital Dataset/Test/glioma/G_6_DA_.jpg",0,glioma,0,glioma,0.9793003798,0.0053828456,0.0071284324,0.0081882831,0.11633286,0.88366714,0.00005892,0.00000628,747
10255,"/kaggle/input/datasets/arafatrahmann/my-data221/Epic and CSCR hospital Dataset/Test/glioma/G_6_HF_.jpg",0,glioma,0,glioma,0.9786640406,0.0060159052,0.0076128235,0.0077072643,0.09783083,0.90216914,0.00007183,0.00000498,747
10256,"/kaggle/input/datasets/arafatrahmann/my-data221/Epic and CSCR hospital Dataset/Test/glioma/G_6_RO_.jpg",0,glioma,0,glioma,0.9790269136,0.0057793492,0.0074332617,0.0077605373,0.11880194,0.88119807,0.00006196,0.00000503,747
10257,"/kaggle/input/datasets/arafatrahmann/my-data221/Epic and CSCR hospital Dataset/Test/glioma/G_6_SP_.jpg",0,glioma,0,glioma,0.9769404531,0.0058727465,0.0089006945,0.0082861548,0.09011330,0.90988670,0.00010236,0.00000462,747
10258,"/kaggle/input/datasets/arafatrahmann/my-data221/Epic and CSCR hospital Dataset/Test/glioma/G_6_VF_.jpg",0,glioma,0,glioma,0.9785361290,0.0060658655,0.0073811477,0.0080168303,0.14963580,0.85036417,0.00006145,0.00000539,747
10259,"/kaggle/input/datasets/arafatrahmann/my-data221/Epic and CSCR hospital Dataset/Test/glioma/G_7.jpg",0,glioma,0,glioma,0.9783648252,0.0055014808,0.0074938685,0.0086397706,0.09369575,0.90630424,0.00009617,0.00000402,706
10345,"/kaggle/input/datasets/arafatrahmann/my-data221/Epic and CSCR hospital Dataset/Test/glioma/G_78.jpg",0,glioma,0,glioma,0.9781752825,0.0066841962,0.0072150752,0.0079255085,0.10280334,0.89719667,0.00007852,0.00000567,918
10346,"/kaggle/input/datasets/arafatrahmann/my-data221/Epic and CSCR hospital Dataset/Test/glioma/G_78_BR_.jpg",0,glioma,0,glioma,0.9780688286,0.0057723206,0.0076737120,0.0084851626,0.10411918,0.89588082,0.00007205,0.00000524,918
10347,"/kaggle/input/datasets/arafatrahmann/my-data221/Epic and CSCR hospital Dataset/Test/glioma/G_78_DA_.jpg",0,glioma,0,glioma,0.9784278870,0.0057856580,0.0070049106,0.0087814871,0.08814497,0.91185502,0.00009001,0.00000409,918
10348,"/kaggle/input/datasets/arafatrahmann/my-data221/Epic and CSCR hospital Dataset/Test/glioma/G_78_HF_.jpg",0,glioma,0,glioma,0.9779555202,0.0068152598,0.0071431426,0.0080860006,0.09382017,0.90617982,0.00010828,0.00000440,918
10349,"/kaggle/input/datasets/arafatrahmann/my-data221/Epic and CSCR hospital Dataset/Test/glioma/G_78_RO_.jpg",0,glioma,0,glioma,0.9783726931,0.0062369285,0.0072472068,0.0081432071,0.09977717,0.90022284,0.00007019,0.00000510,918
10350,"/kaggle/input/datasets/arafatrahmann/my-data221/Epic and CSCR hospital Dataset/Test/glioma/G_78_SP_.jpg",0,glioma,0,glioma,0.9775956869,0.0066914000,0.0077271536,0.0079857735,0.10035714,0.89964287,0.00006258,0.00000358,918
10351,"/kaggle/input/datasets/arafatrahmann/my-data221/Epic and CSCR hospital Dataset/Test/glioma/G_78_VF_.jpg",0,glioma,0,glioma,0.9778164029,0.0068091126,0.0072257593,0.0081486702,0.09934584,0.90065416,0.00007404,0.00000492,918
10359,"/kaggle/input/datasets/arafatrahmann/my-data221/Epic and CSCR hospital Dataset/Test/glioma/G_7_BR_.jpg",0,glioma,0,glioma,0.9775975943,0.0051789479,0.0084807537,0.0087427255,0.08467928,0.91532071,0.00011800,0.00000411,706
10360,"/kaggle/input/datasets/arafatrahmann/my-data221/Epic and CSCR hospital Dataset/Test/glioma/G_7_DA_.jpg",0,glioma,0,glioma,0.9780477285,0.0044684513,0.0088875759,0.0085962852,0.10477003,0.89522997,0.00007518,0.00000603,706
10361,"/kaggle/input/datasets/arafatrahmann/my-data221/Epic and CSCR hospital Dataset/Test/glioma/G_7_HF_.jpg",0,glioma,0,glioma,0.9778324366,0.0048926198,0.0087520182,0.0085229315,0.10234715,0.89765284,0.00006085,0.00000455,706
10362,"/kaggle/input/datasets/arafatrahmann/my-data221/Epic and CSCR hospital Dataset/Test/glioma/G_7_RO_.jpg",0,glioma,0,glioma,0.9777399898,0.0047678007,0.0089216288,0.0085705221,0.09595829,0.90404172,0.00008130,0.00000508,706
10363,"/kaggle/input/datasets/arafatrahmann/my-data221/Epic and CSCR hospital Dataset/Test/glioma/G_7_SP_.jpg",0,glioma,0,glioma,0.9769876599,0.0053468389,0.0092283981,0.0084371641,0.09498994,0.90501007,0.00009579,0.00000501,706
10364,"/kaggle/input/datasets/arafatrahmann/my-data221/Epic and CSCR hospital Dataset/Test/glioma/G_7_VF_.jpg",0,glioma,0,glioma,0.9781681895,0.0054799444,0.0072207688,0.0091311019,0.10587172,0.89412827,0.00007610,0.00000562,706
10387,"/kaggle/input/datasets/arafatrahmann/my-data221/Epic and CSCR hospital Dataset/Test/glioma/G_83.jpg",0,glioma,0,glioma,0.9779192209,0.0052095577,0.0066949874,0.0101761576,0.11015438,0.88984562,0.00007311,0.00000683,857
10388,"/kaggle/input/datasets/arafatrahmann/my-data221/Epic and CSCR hospital Dataset/Test/glioma/G_83_BR_.jpg",0,glioma,0,glioma,0.9780651331,0.0056788847,0.0072089015,0.0090471115,0.08797915,0.91202087,0.00010950,0.00000516,857
10389,"/kaggle/input/datasets/arafatrahmann/my-data221/Epic and CSCR hospital Dataset/Test/glioma/G_83_DA_.jpg",0,glioma,0,glioma,0.9782397151,0.0053023635,0.0077252924,0.0087326607,0.09482273,0.90517729,0.00007606,0.00000488,857
10390,"/kaggle/input/datasets/arafatrahmann/my-data221/Epic and CSCR hospital Dataset/Test/glioma/G_83_HF_.jpg",0,glioma,0,glioma,0.9775120616,0.0051475149,0.0068441355,0.0104963733,0.08846481,0.91153519,0.00020085,0.00000468,857
10391,"/kaggle/input/datasets/arafatrahmann/my-data221/Epic and CSCR hospital Dataset/Test/glioma/G_83_RO_.jpg",0,glioma,0,glioma,0.9771146774,0.0048414632,0.0069942502,0.0110496571,0.10275741,0.89724256,0.00008543,0.00000599,857
10392,"/kaggle/input/datasets/arafatrahmann/my-data221/Epic and CSCR hospital Dataset/Test/glioma/G_83_SP_.jpg",0,glioma,1,meningioma,0.2203412056,0.6770690680,0.0069270148,0.0956626683,0.22657719,0.77342280,0.00072495,0.00027145,857
10393,"/kaggle/input/datasets/arafatrahmann/my-data221/Epic and CSCR hospital Dataset/Test/glioma/G_83_VF_.jpg",0,glioma,0,glioma,0.9769250154,0.0063190036,0.0062991260,0.0104569821,0.09039527,0.90960473,0.00011804,0.00000542,857
10412,"/kaggle/input/datasets/arafatrahmann/my-data221/Epic and CSCR hospital Dataset/Test/meningioma/1447.jpg",1,meningioma,1,meningioma,0.0052957297,0.9784242511,0.0081568966,0.0081230933,0.16775797,0.83224205,0.00006573,0.00001235,1503
10413,"/kaggle/input/datasets/arafatrahmann/my-data221/Epic and CSCR hospital Dataset/Test/meningioma/1448.jpg",1,meningioma,1,meningioma,0.0059803342,0.9785666466,0.0075960392,0.0078569911,0.13976087,0.86023914,0.00006119,0.00000848,1263
10415,"/kaggle/input/datasets/arafatrahmann/my-data221/Epic and CSCR hospital Dataset/Test/meningioma/1450.jpg",1,meningioma,1,meningioma,0.0060589737,0.9783342481,0.0077117407,0.0078950115,0.18537851,0.81462149,0.00005039,0.00000872,1469
10420,"/kaggle/input/datasets/arafatrahmann/my-data221/Epic and CSCR hospital Dataset/Test/meningioma/1455.jpg",1,meningioma,1,meningioma,0.0061397497,0.9785565138,0.0077912370,0.0075124959,0.17439717,0.82560285,0.00005343,0.00001069,1527
10425,"/kaggle/input/datasets/arafatrahmann/my-data221/Epic and CSCR hospital Dataset/Test/meningioma/1460.jpg",1,meningioma,1,meningioma,0.0054374477,0.9784205556,0.0076948591,0.0084472001,0.13174317,0.86825686,0.00005398,0.00000767,1432
10443,"/kaggle/input/datasets/arafatrahmann/my-data221/Epic and CSCR hospital Dataset/Test/meningioma/1478.jpg",1,meningioma,1,meningioma,0.0058265831,0.9772936702,0.0078337062,0.0090460507,0.18068859,0.81931141,0.00006561,0.00001197,1514
10445,"/kaggle/input/datasets/arafatrahmann/my-data221/Epic and CSCR hospital Dataset/Test/meningioma/1480.jpg",1,meningioma,1,meningioma,0.0063421964,0.9783164263,0.0080079017,0.0073334808,0.17187037,0.82812963,0.00006591,0.00001134,1550
10451,"/kaggle/input/datasets/arafatrahmann/my-data221/Epic and CSCR hospital Dataset/Test/meningioma/1486.jpg",1,meningioma,1,meningioma,0.0057777902,0.9777504206,0.0078430586,0.0086286664,0.21923953,0.78076048,0.00004831,0.00001292,1531
10455,"/kaggle/input/datasets/arafatrahmann/my-data221/Epic and CSCR hospital Dataset/Test/meningioma/1490.jpg",1,meningioma,1,meningioma,0.0059151007,0.9779226184,0.0078413654,0.0083208811,0.18733107,0.81266891,0.00004309,0.00000854,1366
10459,"/kaggle/input/datasets/arafatrahmann/my-data221/Epic and CSCR hospital Dataset/Test/meningioma/1494.jpg",1,meningioma,1,meningioma,0.0057120970,0.9788491130,0.0088537624,0.0065850117,0.17052501,0.82947499,0.00005896,0.00001196,1441
10464,"/kaggle/input/datasets/arafatrahmann/my-data221/Epic and CSCR hospital Dataset/Test/meningioma/1499.jpg",1,meningioma,1,meningioma,0.1000347733,0.8803254366,0.0089790765,0.0106607247,0.19933540,0.80066460,0.00016772,0.00002118,1462
10466,"/kaggle/input/datasets/arafatrahmann/my-data221/Epic and CSCR hospital Dataset/Test/meningioma/1501.jpg",1,meningioma,1,meningioma,0.0057952967,0.9789177179,0.0084387343,0.0068482300,0.15760462,0.84239537,0.00007147,0.00001257,3760
10473,"/kaggle/input/datasets/arafatrahmann/my-data221/Epic and CSCR hospital Dataset/Test/meningioma/1508.jpg",1,meningioma,1,meningioma,0.0064228810,0.9774720073,0.0077838311,0.0083213095,0.19499558,0.80500444,0.00004794,0.00000976,1541
10474,"/kaggle/input/datasets/arafatrahmann/my-data221/Epic and CSCR hospital Dataset/Test/meningioma/1509.jpg",1,meningioma,1,meningioma,0.0055106389,0.9776736498,0.0078963591,0.0089193452,0.21945961,0.78054040,0.00003687,0.00000940,1516
10484,"/kaggle/input/datasets/arafatrahmann/my-data221/Epic and CSCR hospital Dataset/Test/meningioma/1519.jpg",1,meningioma,1,meningioma,0.0056896154,0.9787055254,0.0079135867,0.0076912581,0.16592386,0.83407614,0.00005462,0.00000828,1442
10485,"/kaggle/input/datasets/arafatrahmann/my-data221/Epic and CSCR hospital Dataset/Test/meningioma/1520.jpg",1,meningioma,1,meningioma,0.0075045279,0.9761889577,0.0080555184,0.0082510393,0.18613467,0.81386533,0.00004227,0.00000952,1429
10489,"/kaggle/input/datasets/arafatrahmann/my-data221/Epic and CSCR hospital Dataset/Test/meningioma/1533.jpg",1,meningioma,3,pituitary,0.0044247010,0.0777465329,0.1079745516,0.8098542094,0.78191441,0.21808560,0.00022289,0.00072135,1551
10490,"/kaggle/input/datasets/arafatrahmann/my-data221/Epic and CSCR hospital Dataset/Test/meningioma/1534.jpg",1,meningioma,1,meningioma,0.0058746454,0.9782408476,0.0083404537,0.0075440034,0.15766044,0.84233955,0.00006589,0.00001112,1254
10492,"/kaggle/input/datasets/arafatrahmann/my-data221/Epic and CSCR hospital Dataset/Test/meningioma/1536.jpg",1,meningioma,1,meningioma,0.0065753893,0.9781928062,0.0072075501,0.0080242297,0.20640220,0.79359778,0.00003966,0.00000950,1431
10497,"/kaggle/input/datasets/arafatrahmann/my-data221/Epic and CSCR hospital Dataset/Test/meningioma/1541.jpg",1,meningioma,1,meningioma,0.0058864895,0.9784469604,0.0078619998,0.0078045437,0.18606924,0.81393077,0.00004848,0.00001060,1666
10498,"/kaggle/input/datasets/arafatrahmann/my-data221/Epic and CSCR hospital Dataset/Test/meningioma/1542.jpg",1,meningioma,1,meningioma,0.0056563886,0.9777181745,0.0082517881,0.0083736693,0.24225113,0.75774885,0.00005694,0.00001141,1460
10505,"/kaggle/input/datasets/arafatrahmann/my-data221/Epic and CSCR hospital Dataset/Test/meningioma/1549.jpg",1,meningioma,1,meningioma,0.0060336934,0.9778412580,0.0078321816,0.0082928156,0.18108009,0.81891992,0.00005491,0.00001319,1366
10506,"/kaggle/input/datasets/arafatrahmann/my-data221/Epic and CSCR hospital Dataset/Test/meningioma/1550.jpg",1,meningioma,1,meningioma,0.0054145632,0.9780249596,0.0080335662,0.0085269967,0.20867356,0.79132643,0.00005536,0.00001054,1457
10507,"/kaggle/input/datasets/arafatrahmann/my-data221/Epic and CSCR hospital Dataset/Test/meningioma/1551.jpg",1,meningioma,1,meningioma,0.0053529544,0.9786670804,0.0076401336,0.0083398726,0.19723521,0.80276480,0.00004257,0.00000911,1657
10517,"/kaggle/input/datasets/arafatrahmann/my-data221/Epic and CSCR hospital Dataset/Test/meningioma/M_777.jpg",1,meningioma,1,meningioma,0.0060343933,0.9778091311,0.0076390817,0.0085173976,0.23937307,0.76062693,0.00003599,0.00001071,1531
10518,"/kaggle/input/datasets/arafatrahmann/my-data221/Epic and CSCR hospital Dataset/Test/meningioma/M_777_BR_.jpg",1,meningioma,1,meningioma,0.0053618951,0.9792907834,0.0080813011,0.0072661093,0.15092947,0.84907054,0.00004846,0.00000936,1531
10519,"/kaggle/input/datasets/arafatrahmann/my-data221/Epic and CSCR hospital Dataset/Test/meningioma/M_777_DA_.jpg",1,meningioma,1,meningioma,0.0054124421,0.9795740843,0.0080032814,0.0070101982,0.19108614,0.80891386,0.00005484,0.00001243,1531
10520,"/kaggle/input/datasets/arafatrahmann/my-data221/Epic and CSCR hospital Dataset/Test/meningioma/M_777_HF_.jpg",1,meningioma,1,meningioma,0.0061160075,0.9777817726,0.0076270057,0.0084752319,0.20921956,0.79078043,0.00003945,0.00000932,1531
10521,"/kaggle/input/datasets/arafatrahmann/my-data221/Epic and CSCR hospital Dataset/Test/meningioma/M_777_RO_.jpg",1,meningioma,1,meningioma,0.0073787421,0.9768075943,0.0075212875,0.0082923500,0.21491935,0.78508065,0.00004934,0.00000941,1531
10522,"/kaggle/input/datasets/arafatrahmann/my-data221/Epic and CSCR hospital Dataset/Test/meningioma/M_777_SP_.jpg",1,meningioma,1,meningioma,0.0060079643,0.9776498079,0.0081692822,0.0081730001,0.19318871,0.80681128,0.00004012,0.00000808,1531
10523,"/kaggle/input/datasets/arafatrahmann/my-data221/Epic and CSCR hospital Dataset/Test/meningioma/M_777_VF_.jpg",1,meningioma,1,meningioma,0.0056486898,0.9774575233,0.0073270923,0.0095666321,0.19653421,0.80346577,0.00004675,0.00000975,1531
10531,"/kaggle/input/datasets/arafatrahmann/my-data221/Epic and CSCR hospital Dataset/Test/meningioma/M_779.jpg",1,meningioma,1,meningioma,0.0064062714,0.9783233404,0.0072064186,0.0080639645,0.17292943,0.82707058,0.00003689,0.00000788,1431
10532,"/kaggle/input/datasets/arafatrahmann/my-data221/Epic and CSCR hospital Dataset/Test/meningioma/M_779_BR_.jpg",1,meningioma,1,meningioma,0.0057753143,0.9788547754,0.0080682151,0.0073016682,0.14126608,0.85873395,0.00005309,0.00000759,1431
10533,"/kaggle/input/datasets/arafatrahmann/my-data221/Epic and CSCR hospital Dataset/Test/meningioma/M_779_DA_.jpg",1,meningioma,1,meningioma,0.0056585511,0.9796475172,0.0080727041,0.0066212295,0.13920555,0.86079442,0.00007049,0.00000937,1431
10534,"/kaggle/input/datasets/arafatrahmann/my-data221/Epic and CSCR hospital Dataset/Test/meningioma/M_779_HF_.jpg",1,meningioma,1,meningioma,0.0062939613,0.9782168269,0.0074631735,0.0080261240,0.17755092,0.82244908,0.00004929,0.00000824,1431
10535,"/kaggle/input/datasets/arafatrahmann/my-data221/Epic and CSCR hospital Dataset/Test/meningioma/M_779_RO_.jpg",1,meningioma,1,meningioma,0.0065706098,0.9779198766,0.0072766831,0.0082328562,0.15333271,0.84666728,0.00004689,0.00000735,1431
10536,"/kaggle/input/datasets/arafatrahmann/my-data221/Epic and CSCR hospital Dataset/Test/meningioma/M_779_SP_.jpg",1,meningioma,1,meningioma,0.0055323574,0.9783629179,0.0104138507,0.0056908107,0.18833251,0.81166747,0.00006962,0.00001531,1431
10543,"/kaggle/input/datasets/arafatrahmann/my-data221/Epic and CSCR hospital Dataset/Test/meningioma/M_78.jpg",1,meningioma,1,meningioma,0.0063730157,0.9775253534,0.0078217369,0.0082798256,0.16122198,0.83877801,0.00005536,0.00001133,1609
10579,"/kaggle/input/datasets/arafatrahmann/my-data221/Epic and CSCR hospital Dataset/Test/meningioma/M_785.jpg",1,meningioma,1,meningioma,0.0053471448,0.9791418910,0.0081582433,0.0073527535,0.19901428,0.80098571,0.00004713,0.00001224,3762
10580,"/kaggle/input/datasets/arafatrahmann/my-data221/Epic and CSCR hospital Dataset/Test/meningioma/M_785_BR_.jpg",1,meningioma,1,meningioma,0.0051680487,0.9786492586,0.0082782852,0.0079045268,0.15251322,0.84748677,0.00006525,0.00001005,3762
10581,"/kaggle/input/datasets/arafatrahmann/my-data221/Epic and CSCR hospital Dataset/Test/meningioma/M_785_DA_.jpg",1,meningioma,1,meningioma,0.0052307965,0.9792200923,0.0077775633,0.0077716159,0.22461825,0.77538174,0.00004622,0.00001364,3762
10582,"/kaggle/input/datasets/arafatrahmann/my-data221/Epic and CSCR hospital Dataset/Test/meningioma/M_785_HF_.jpg",1,meningioma,1,meningioma,0.0053410083,0.9791414142,0.0082062054,0.0073113674,0.17359511,0.82640490,0.00006860,0.00001288,3762
10583,"/kaggle/input/datasets/arafatrahmann/my-data221/Epic and CSCR hospital Dataset/Test/meningioma/M_785_RO_.jpg",1,meningioma,1,meningioma,0.0051442683,0.9793934822,0.0081722345,0.0072899600,0.14298836,0.85701164,0.00008575,0.00000986,3762
10584,"/kaggle/input/datasets/arafatrahmann/my-data221/Epic and CSCR hospital Dataset/Test/meningioma/M_785_SP_.jpg",1,meningioma,1,meningioma,0.0055707409,0.9769514799,0.0086455550,0.0088321697,0.21031101,0.78968900,0.00005588,0.00001221,3762
10585,"/kaggle/input/datasets/arafatrahmann/my-data221/Epic and CSCR hospital Dataset/Test/meningioma/M_785_VF_.jpg",1,meningioma,1,meningioma,0.0054102694,0.9786494970,0.0081343781,0.0078059053,0.16291370,0.83708629,0.00004887,0.00000944,3762
10600,"/kaggle/input/datasets/arafatrahmann/my-data221/Epic and CSCR hospital Dataset/Test/meningioma/M_788.jpg",1,meningioma,1,meningioma,0.0059689800,0.9785057306,0.0081848074,0.0073404284,0.17700484,0.82299516,0.00004903,0.00001102,1537
10601,"/kaggle/input/datasets/arafatrahmann/my-data221/Epic and CSCR hospital Dataset/Test/meningioma/M_788_BR_.jpg",1,meningioma,1,meningioma,0.0055025504,0.9796382189,0.0078135654,0.0070457431,0.17845879,0.82154121,0.00006331,0.00000991,1537
10602,"/kaggle/input/datasets/arafatrahmann/my-data221/Epic and CSCR hospital Dataset/Test/meningioma/M_788_DA_.jpg",1,meningioma,1,meningioma,0.0052719004,0.9799360037,0.0079398435,0.0068522193,0.14494824,0.85505176,0.00007537,0.00001023,1537
10603,"/kaggle/input/datasets/arafatrahmann/my-data221/Epic and CSCR hospital Dataset/Test/meningioma/M_788_HF_.jpg",1,meningioma,1,meningioma,0.0060959323,0.9784490466,0.0081915315,0.0072635161,0.20074982,0.79925019,0.00005782,0.00001330,1537
10604,"/kaggle/input/datasets/arafatrahmann/my-data221/Epic and CSCR hospital Dataset/Test/meningioma/M_788_RO_.jpg",1,meningioma,1,meningioma,0.0079865400,0.9767990112,0.0080232713,0.0071911784,0.16489277,0.83510724,0.00005223,0.00001121,1537
10605,"/kaggle/input/datasets/arafatrahmann/my-data221/Epic and CSCR hospital Dataset/Test/meningioma/M_788_SP_.jpg",1,meningioma,1,meningioma,0.0058918577,0.9787589312,0.0083792228,0.0069700838,0.19948506,0.80051495,0.00004583,0.00001157,1537
10606,"/kaggle/input/datasets/arafatrahmann/my-data221/Epic and CSCR hospital Dataset/Test/meningioma/M_788_VF_.jpg",1,meningioma,1,meningioma,0.0057466961,0.9789625406,0.0081109386,0.0071798125,0.18339398,0.81660601,0.00004758,0.00001039,1537
10614,"/kaggle/input/datasets/arafatrahmann/my-data221/Epic and CSCR hospital Dataset/Test/meningioma/M_78_BR_.jpg",1,meningioma,1,meningioma,0.0088584106,0.9759618044,0.0078599779,0.0073197735,0.14341568,0.85658432,0.00008900,0.00001041,1609
10615,"/kaggle/input/datasets/arafatrahmann/my-data221/Epic and CSCR hospital Dataset/Test/meningioma/M_78_DA_.jpg",1,meningioma,1,meningioma,0.0073576495,0.9772251248,0.0084837098,0.0069335424,0.17722543,0.82277458,0.00006018,0.00001112,1609
10616,"/kaggle/input/datasets/arafatrahmann/my-data221/Epic and CSCR hospital Dataset/Test/meningioma/M_78_HF_.jpg",1,meningioma,1,meningioma,0.0080610504,0.9757077098,0.0078881495,0.0083430028,0.21932818,0.78067185,0.00004600,0.00001141,1609
10617,"/kaggle/input/datasets/arafatrahmann/my-data221/Epic and CSCR hospital Dataset/Test/meningioma/M_78_RO_.jpg",1,meningioma,1,meningioma,0.0101060970,0.9743158221,0.0077985525,0.0077796206,0.20212581,0.79787418,0.00006083,0.00001434,1609
10618,"/kaggle/input/datasets/arafatrahmann/my-data221/Epic and CSCR hospital Dataset/Test/meningioma/M_78_SP_.jpg",1,meningioma,1,meningioma,0.0075805834,0.9749002457,0.0089088939,0.0086103212,0.20362831,0.79637169,0.00005335,0.00001265,1609
10619,"/kaggle/input/datasets/arafatrahmann/my-data221/Epic and CSCR hospital Dataset/Test/meningioma/M_78_VF_.jpg",1,meningioma,1,meningioma,0.2271465063,0.7602775693,0.0066547431,0.0059211883,0.14426818,0.85573182,0.00118796,0.00014040,1609
10635,"/kaggle/input/datasets/arafatrahmann/my-data221/Epic and CSCR hospital Dataset/Test/meningioma/M_792.jpg",1,meningioma,1,meningioma,0.0051337797,0.9785329700,0.0080830548,0.0082501424,0.14733431,0.85266569,0.00005460,0.00000879,2171
10636,"/kaggle/input/datasets/arafatrahmann/my-data221/Epic and CSCR hospital Dataset/Test/meningioma/M_792_BR_.jpg",1,meningioma,1,meningioma,0.0055071535,0.9785067439,0.0081934342,0.0077926689,0.13862540,0.86137460,0.00006411,0.00000981,2171
10637,"/kaggle/input/datasets/arafatrahmann/my-data221/Epic and CSCR hospital Dataset/Test/meningioma/M_792_DA_.jpg",1,meningioma,1,meningioma,0.0050422340,0.9797430038,0.0078413384,0.0073734596,0.13746410,0.86253590,0.00008435,0.00001106,2171
10638,"/kaggle/input/datasets/arafatrahmann/my-data221/Epic and CSCR hospital Dataset/Test/meningioma/M_792_HF_.jpg",1,meningioma,1,meningioma,0.0052077081,0.9787123799,0.0080451006,0.0080347974,0.18842890,0.81157110,0.00005830,0.00000981,2171
10639,"/kaggle/input/datasets/arafatrahmann/my-data221/Epic and CSCR hospital Dataset/Test/meningioma/M_792_RO_.jpg",1,meningioma,1,meningioma,0.0052510705,0.9786028862,0.0078416346,0.0083044404,0.18616242,0.81383756,0.00004766,0.00001028,2171
10640,"/kaggle/input/datasets/arafatrahmann/my-data221/Epic and CSCR hospital Dataset/Test/meningioma/M_792_SP_.jpg",1,meningioma,1,meningioma,0.0059289322,0.9787044525,0.0079730060,0.0073936172,0.18497663,0.81502337,0.00003996,0.00000990,2171
10641,"/kaggle/input/datasets/arafatrahmann/my-data221/Epic and CSCR hospital Dataset/Test/meningioma/M_792_VF_.jpg",1,meningioma,1,meningioma,0.0062416634,0.9770995378,0.0077957064,0.0088631278,0.15087131,0.84912869,0.00007637,0.00001174,2171
10670,"/kaggle/input/datasets/arafatrahmann/my-data221/Epic and CSCR hospital Dataset/Test/meningioma/M_797.jpg",1,meningioma,1,meningioma,0.0050321859,0.9791992903,0.0082397182,0.0075288611,0.15057369,0.84942631,0.00005731,0.00001061,3762
10671,"/kaggle/input/datasets/arafatrahmann/my-data221/Epic and CSCR hospital Dataset/Test/meningioma/M_797_BR_.jpg",1,meningioma,1,meningioma,0.0051832418,0.9784687757,0.0081737656,0.0081742341,0.15947823,0.84052178,0.00006618,0.00001328,3762
10672,"/kaggle/input/datasets/arafatrahmann/my-data221/Epic and CSCR hospital Dataset/Test/meningioma/M_797_DA_.jpg",1,meningioma,1,meningioma,0.0051524392,0.9789050221,0.0077858781,0.0081567811,0.20229459,0.79770541,0.00004627,0.00001239,3762
10673,"/kaggle/input/datasets/arafatrahmann/my-data221/Epic and CSCR hospital Dataset/Test/meningioma/M_797_HF_.jpg",1,meningioma,1,meningioma,0.0051753991,0.9791232347,0.0082341526,0.0074672615,0.17884076,0.82115922,0.00005046,0.00001294,3762
10674,"/kaggle/input/datasets/arafatrahmann/my-data221/Epic and CSCR hospital Dataset/Test/meningioma/M_797_RO_.jpg",1,meningioma,1,meningioma,0.0052126832,0.9791134596,0.0082484633,0.0074253334,0.15383144,0.84616854,0.00005887,0.00001130,3762
10675,"/kaggle/input/datasets/arafatrahmann/my-data221/Epic and CSCR hospital Dataset/Test/meningioma/M_797_SP_.jpg",1,meningioma,1,meningioma,0.0050785639,0.9712592959,0.0096822092,0.0139798941,0.20062981,0.79937019,0.00007618,0.00001995,3762
10676,"/kaggle/input/datasets/arafatrahmann/my-data221/Epic and CSCR hospital Dataset/Test/meningioma/M_797_VF_.jpg",1,meningioma,1,meningioma,0.0061999625,0.9767368436,0.0081634112,0.0088997614,0.19272025,0.80727974,0.00006252,0.00001226,3762
10704,"/kaggle/input/datasets/arafatrahmann/my-data221/Epic and CSCR hospital Dataset/Test/meningioma/M_80.jpg",1,meningioma,1,meningioma,0.0060513532,0.9783190489,0.0078485683,0.0077810572,0.16260753,0.83739246,0.00004879,0.00001025,1609
10712,"/kaggle/input/datasets/arafatrahmann/my-data221/Epic and CSCR hospital Dataset/Test/meningioma/M_801.jpg",1,meningioma,1,meningioma,0.0056596100,0.9788306355,0.0074904314,0.0080194212,0.23854769,0.76145231,0.00003727,0.00001123,1432
10713,"/kaggle/input/datasets/arafatrahmann/my-data221/Epic and CSCR hospital Dataset/Test/meningioma/M_801_BR_.jpg",1,meningioma,1,meningioma,0.0055978154,0.9785480499,0.0082803732,0.0075736316,0.16822103,0.83177900,0.00006395,0.00001114,1432
10714,"/kaggle/input/datasets/arafatrahmann/my-data221/Epic and CSCR hospital Dataset/Test/meningioma/M_801_DA_.jpg",1,meningioma,1,meningioma,0.0051435567,0.9793950915,0.0090321060,0.0064293095,0.22297967,0.77702035,0.00003760,0.00001007,1432
10715,"/kaggle/input/datasets/arafatrahmann/my-data221/Epic and CSCR hospital Dataset/Test/meningioma/M_801_HF_.jpg",1,meningioma,1,meningioma,0.0056324927,0.9787634015,0.0075254189,0.0080786496,0.21711284,0.78288715,0.00003528,0.00000960,1432
10716,"/kaggle/input/datasets/arafatrahmann/my-data221/Epic and CSCR hospital Dataset/Test/meningioma/M_801_RO_.jpg",1,meningioma,1,meningioma,0.0055396711,0.9789006114,0.0075362241,0.0080234529,0.18044113,0.81955888,0.00004048,0.00000948,1432
10717,"/kaggle/input/datasets/arafatrahmann/my-data221/Epic and CSCR hospital Dataset/Test/meningioma/M_801_SP_.jpg",1,meningioma,1,meningioma,0.0059016203,0.9791739583,0.0077902996,0.0071341223,0.18742122,0.81257877,0.00004542,0.00001053,1432
10718,"/kaggle/input/datasets/arafatrahmann/my-data221/Epic and CSCR hospital Dataset/Test/meningioma/M_801_VF_.jpg",1,meningioma,1,meningioma,0.0058922097,0.9783960581,0.0075008580,0.0082108872,0.17800350,0.82199650,0.00005030,0.00000897,1432
10740,"/kaggle/input/datasets/arafatrahmann/my-data221/Epic and CSCR hospital Dataset/Test/meningioma/M_805.jpg",1,meningioma,1,meningioma,0.0062182047,0.9780170321,0.0076016500,0.0081630321,0.18431187,0.81568814,0.00005120,0.00001195,1276
10741,"/kaggle/input/datasets/arafatrahmann/my-data221/Epic and CSCR hospital Dataset/Test/meningioma/M_805_BR_.jpg",1,meningioma,1,meningioma,0.0063405233,0.9781354666,0.0079992693,0.0075246589,0.14990502,0.85009499,0.00007656,0.00000885,1276
10742,"/kaggle/input/datasets/arafatrahmann/my-data221/Epic and CSCR hospital Dataset/Test/meningioma/M_805_DA_.jpg",1,meningioma,1,meningioma,0.0056758840,0.9794780612,0.0080566276,0.0067894333,0.15476401,0.84523599,0.00005039,0.00000891,1276
10743,"/kaggle/input/datasets/arafatrahmann/my-data221/Epic and CSCR hospital Dataset/Test/meningioma/M_805_HF_.jpg",1,meningioma,1,meningioma,0.0058061159,0.9777537584,0.0078583639,0.0085818153,0.15996057,0.84003944,0.00006242,0.00000998,1276
10744,"/kaggle/input/datasets/arafatrahmann/my-data221/Epic and CSCR hospital Dataset/Test/meningioma/M_805_RO_.jpg",1,meningioma,1,meningioma,0.0069056796,0.9768971205,0.0074869627,0.0087102363,0.14340499,0.85659502,0.00006120,0.00000932,1276
10745,"/kaggle/input/datasets/arafatrahmann/my-data221/Epic and CSCR hospital Dataset/Test/meningioma/M_805_SP_.jpg",1,meningioma,1,meningioma,0.0063087256,0.9784808159,0.0078354776,0.0073749484,0.17519773,0.82480229,0.00004281,0.00000993,1276
10746,"/kaggle/input/datasets/arafatrahmann/my-data221/Epic and CSCR hospital Dataset/Test/meningioma/M_805_VF_.jpg",1,meningioma,1,meningioma,0.0080090156,0.9756391644,0.0074133305,0.0089384681,0.13868952,0.86131049,0.00005786,0.00000989,1276
10747,"/kaggle/input/datasets/arafatrahmann/my-data221/Epic and CSCR hospital Dataset/Test/meningioma/M_806.jpg",1,meningioma,1,meningioma,0.0088913105,0.9744138718,0.0081123877,0.0085823936,0.17547477,0.82452522,0.00005070,0.00001173,2191
10748,"/kaggle/input/datasets/arafatrahmann/my-data221/Epic and CSCR hospital Dataset/Test/meningioma/M_806_BR_.jpg",1,meningioma,1,meningioma,0.0121414801,0.9728056192,0.0081393179,0.0069135698,0.21341127,0.78658873,0.00006941,0.00001818,2191
10749,"/kaggle/input/datasets/arafatrahmann/my-data221/Epic and CSCR hospital Dataset/Test/meningioma/M_806_DA_.jpg",1,meningioma,1,meningioma,0.0121697346,0.9733762741,0.0073051206,0.0071487715,0.10940287,0.89059713,0.00013304,0.00001099,2191
10750,"/kaggle/input/datasets/arafatrahmann/my-data221/Epic and CSCR hospital Dataset/Test/meningioma/M_806_HF_.jpg",1,meningioma,1,meningioma,0.0075198398,0.9762727022,0.0078914408,0.0083160717,0.16823582,0.83176417,0.00007308,0.00001173,2191
10751,"/kaggle/input/datasets/arafatrahmann/my-data221/Epic and CSCR hospital Dataset/Test/meningioma/M_806_RO_.jpg",1,meningioma,1,meningioma,0.0104468865,0.9726850390,0.0082260026,0.0086420830,0.19823076,0.80176923,0.00007674,0.00001633,2191
10752,"/kaggle/input/datasets/arafatrahmann/my-data221/Epic and CSCR hospital Dataset/Test/meningioma/M_806_SP_.jpg",1,meningioma,1,meningioma,0.0071195411,0.9777191281,0.0084379707,0.0067233942,0.14635775,0.85364224,0.00006866,0.00001063,2191
10753,"/kaggle/input/datasets/arafatrahmann/my-data221/Epic and CSCR hospital Dataset/Test/meningioma/M_806_VF_.jpg",1,meningioma,1,meningioma,0.0087598544,0.9739713669,0.0085472902,0.0087215211,0.20238269,0.79761731,0.00007157,0.00001551,2191
10754,"/kaggle/input/datasets/arafatrahmann/my-data221/Epic and CSCR hospital Dataset/Test/meningioma/M_807.jpg",1,meningioma,1,meningioma,0.0058465344,0.9778718948,0.0081706643,0.0081108920,0.20656314,0.79343687,0.00005542,0.00001025,2191
10755,"/kaggle/input/datasets/arafatrahmann/my-data221/Epic and CSCR hospital Dataset/Test/meningioma/M_807_BR_.jpg",1,meningioma,1,meningioma,0.0061566057,0.9783369303,0.0083141560,0.0071923682,0.22332906,0.77667094,0.00005458,0.00001346,2191
10756,"/kaggle/input/datasets/arafatrahmann/my-data221/Epic and CSCR hospital Dataset/Test/meningioma/M_807_DA_.jpg",1,meningioma,1,meningioma,0.0059547010,0.9793521166,0.0077340230,0.0069591603,0.12783257,0.87216743,0.00007155,0.00000863,2191
10757,"/kaggle/input/datasets/arafatrahmann/my-data221/Epic and CSCR hospital Dataset/Test/meningioma/M_807_HF_.jpg",1,meningioma,1,meningioma,0.0057919989,0.9780877233,0.0080722617,0.0080480734,0.19433975,0.80566025,0.00005012,0.00001131,2191
10758,"/kaggle/input/datasets/arafatrahmann/my-data221/Epic and CSCR hospital Dataset/Test/meningioma/M_807_RO_.jpg",1,meningioma,1,meningioma,0.0081722056,0.9753087759,0.0080853049,0.0084336242,0.23459449,0.76540551,0.00005816,0.00001714,2191
10759,"/kaggle/input/datasets/arafatrahmann/my-data221/Epic and CSCR hospital Dataset/Test/meningioma/M_807_SP_.jpg",1,meningioma,1,meningioma,0.0065114638,0.9784134030,0.0083847549,0.0066903480,0.20819728,0.79180272,0.00005122,0.00001184,2191
10760,"/kaggle/input/datasets/arafatrahmann/my-data221/Epic and CSCR hospital Dataset/Test/meningioma/M_807_VF_.jpg",1,meningioma,1,meningioma,0.0087053534,0.9738748670,0.0079122465,0.0095075462,0.15230795,0.84769204,0.00006617,0.00001235,2191
10768,"/kaggle/input/datasets/arafatrahmann/my-data221/Epic and CSCR hospital Dataset/Test/meningioma/M_809.jpg",1,meningioma,1,meningioma,0.0053134141,0.9792033434,0.0081706857,0.0073126704,0.20624777,0.79375225,0.00004408,0.00001162,1306
10769,"/kaggle/input/datasets/arafatrahmann/my-data221/Epic and CSCR hospital Dataset/Test/meningioma/M_809_BR_.jpg",1,meningioma,1,meningioma,0.0050870571,0.9783441424,0.0082249818,0.0083437711,0.12988682,0.87011318,0.00007130,0.00001075,1306
10770,"/kaggle/input/datasets/arafatrahmann/my-data221/Epic and CSCR hospital Dataset/Test/meningioma/M_809_DA_.jpg",1,meningioma,1,meningioma,0.0051030545,0.9795051813,0.0076815309,0.0077101812,0.15669159,0.84330841,0.00005291,0.00000825,1306
10771,"/kaggle/input/datasets/arafatrahmann/my-data221/Epic and CSCR hospital Dataset/Test/meningioma/M_809_HF_.jpg",1,meningioma,1,meningioma,0.0050674668,0.9791159630,0.0082206875,0.0075958497,0.16112800,0.83887200,0.00007550,0.00001215,1306
10772,"/kaggle/input/datasets/arafatrahmann/my-data221/Epic and CSCR hospital Dataset/Test/meningioma/M_809_RO_.jpg",1,meningioma,1,meningioma,0.0050301361,0.9778379202,0.0083850371,0.0087469043,0.14535242,0.85464757,0.00006617,0.00001105,1306
10773,"/kaggle/input/datasets/arafatrahmann/my-data221/Epic and CSCR hospital Dataset/Test/meningioma/M_809_SP_.jpg",1,meningioma,1,meningioma,0.0053271218,0.9785991907,0.0086590350,0.0074147037,0.20876872,0.79123128,0.00004142,0.00001136,1306
10774,"/kaggle/input/datasets/arafatrahmann/my-data221/Epic and CSCR hospital Dataset/Test/meningioma/M_809_VF_.jpg",1,meningioma,1,meningioma,0.0055613080,0.9790314436,0.0080920141,0.0073153563,0.18318505,0.81681494,0.00004896,0.00001059,1306
10775,"/kaggle/input/datasets/arafatrahmann/my-data221/Epic and CSCR hospital Dataset/Test/meningioma/M_80_BR_.jpg",1,meningioma,1,meningioma,0.0059596030,0.9788363576,0.0078797927,0.0073242919,0.14488616,0.85511382,0.00007981,0.00001002,1609
10776,"/kaggle/input/datasets/arafatrahmann/my-data221/Epic and CSCR hospital Dataset/Test/meningioma/M_80_DA_.jpg",1,meningioma,1,meningioma,0.0063371435,0.9785817862,0.0080301892,0.0070507294,0.18621680,0.81378320,0.00003955,0.00000936,1609
10777,"/kaggle/input/datasets/arafatrahmann/my-data221/Epic and CSCR hospital Dataset/Test/meningioma/M_80_HF_.jpg",1,meningioma,1,meningioma,0.0065320032,0.9776159525,0.0079226606,0.0079294154,0.18721755,0.81278244,0.00005008,0.00001212,1609
10778,"/kaggle/input/datasets/arafatrahmann/my-data221/Epic and CSCR hospital Dataset/Test/meningioma/M_80_RO_.jpg",1,meningioma,1,meningioma,0.0073514967,0.9766317606,0.0079470808,0.0080696540,0.14380500,0.85619500,0.00005171,0.00000881,1609
10779,"/kaggle/input/datasets/arafatrahmann/my-data221/Epic and CSCR hospital Dataset/Test/meningioma/M_80_SP_.jpg",1,meningioma,1,meningioma,0.0064535155,0.9777137637,0.0082588904,0.0075737983,0.24595283,0.75404716,0.00003992,0.00001168,1609
10780,"/kaggle/input/datasets/arafatrahmann/my-data221/Epic and CSCR hospital Dataset/Test/meningioma/M_80_VF_.jpg",1,meningioma,1,meningioma,0.0082291104,0.9766376615,0.0075724320,0.0075608408,0.16746286,0.83253713,0.00003987,0.00000913,1609
10838,"/kaggle/input/datasets/arafatrahmann/my-data221/Epic and CSCR hospital Dataset/Test/meningioma/M_818.jpg",1,meningioma,1,meningioma,0.0060596522,0.9785815477,0.0075884922,0.0077702566,0.23246492,0.76753508,0.00004160,0.00000997,1276
10839,"/kaggle/input/datasets/arafatrahmann/my-data221/Epic and CSCR hospital Dataset/Test/meningioma/M_818_BR_.jpg",1,meningioma,1,meningioma,0.0058208583,0.9789859056,0.0079708751,0.0072224261,0.15676560,0.84323438,0.00006566,0.00001150,1276
10840,"/kaggle/input/datasets/arafatrahmann/my-data221/Epic and CSCR hospital Dataset/Test/meningioma/M_818_DA_.jpg",1,meningioma,1,meningioma,0.0056258002,0.9795974493,0.0081449393,0.0066318102,0.24055022,0.75944977,0.00004471,0.00001320,1276
10841,"/kaggle/input/datasets/arafatrahmann/my-data221/Epic and CSCR hospital Dataset/Test/meningioma/M_818_HF_.jpg",1,meningioma,1,meningioma,0.0057789097,0.9785643816,0.0077883406,0.0078684529,0.16809718,0.83190283,0.00004446,0.00000896,1276
10842,"/kaggle/input/datasets/arafatrahmann/my-data221/Epic and CSCR hospital Dataset/Test/meningioma/M_818_RO_.jpg",1,meningioma,1,meningioma,0.0058863587,0.9784377813,0.0076344460,0.0080414144,0.13667284,0.86332717,0.00005395,0.00000798,1276
10843,"/kaggle/input/datasets/arafatrahmann/my-data221/Epic and CSCR hospital Dataset/Test/meningioma/M_818_SP_.jpg",1,meningioma,1,meningioma,0.0073384121,0.9775179029,0.0077103274,0.0074333712,0.19734663,0.80265335,0.00004413,0.00001183,1276
10844,"/kaggle/input/datasets/arafatrahmann/my-data221/Epic and CSCR hospital Dataset/Test/meningioma/M_818_VF_.jpg",1,meningioma,1,meningioma,0.0074902759,0.9768120050,0.0073738182,0.0083238902,0.21960553,0.78039446,0.00004731,0.00000927,1276
10897,"/kaggle/input/datasets/arafatrahmann/my-data221/Epic and CSCR hospital Dataset/Test/meningioma/image(10).jpg",1,meningioma,0,glioma,0.9769651294,0.0053333240,0.0070432574,0.0106582511,0.08862905,0.91137094,0.00014799,0.00000590,1652
10903,"/kaggle/input/datasets/arafatrahmann/my-data221/Epic and CSCR hospital Dataset/Test/meningioma/image(11).jpg",1,meningioma,0,glioma,0.9754268527,0.0050247842,0.0069274167,0.0126209538,0.07957830,0.92042170,0.00023232,0.00000583,1301
10912,"/kaggle/input/datasets/arafatrahmann/my-data221/Epic and CSCR hospital Dataset/Test/meningioma/image(15).jpg",1,meningioma,1,meningioma,0.0094903260,0.9762754440,0.0071251318,0.0071090637,0.13892896,0.86107102,0.00008436,0.00001095,1654
10916,"/kaggle/input/datasets/arafatrahmann/my-data221/Epic and CSCR hospital Dataset/Test/meningioma/image(19).jpg",1,meningioma,1,meningioma,0.0072983154,0.9763938189,0.0073881038,0.0089197988,0.15048639,0.84951361,0.00006841,0.00000966,1332
10917,"/kaggle/input/datasets/arafatrahmann/my-data221/Epic and CSCR hospital Dataset/Test/meningioma/image(2).jpg",1,meningioma,1,meningioma,0.0060033808,0.9779314995,0.0078186514,0.0082464768,0.18958230,0.81041769,0.00004453,0.00000970,1366
10918,"/kaggle/input/datasets/arafatrahmann/my-data221/Epic and CSCR hospital Dataset/Test/meningioma/image(20).jpg",1,meningioma,1,meningioma,0.0053775921,0.9787084460,0.0076110451,0.0083029624,0.21561573,0.78438426,0.00005519,0.00001085,1657
10925,"/kaggle/input/datasets/arafatrahmann/my-data221/Epic and CSCR hospital Dataset/Test/meningioma/image(43).jpg",1,meningioma,1,meningioma,0.0056561502,0.9776102304,0.0074209617,0.0093126092,0.20703433,0.79296567,0.00004009,0.00000919,1372
10933,"/kaggle/input/datasets/arafatrahmann/my-data221/Epic and CSCR hospital Dataset/Test/meningioma/image(51).jpg",1,meningioma,1,meningioma,0.0060244566,0.9784615636,0.0081467936,0.0073671504,0.14841509,0.85158491,0.00005598,0.00000925,1328
10939,"/kaggle/input/datasets/arafatrahmann/my-data221/Epic and CSCR hospital Dataset/Test/meningioma/image(57).jpg",1,meningioma,1,meningioma,0.0074488199,0.9760514498,0.0081511298,0.0083486075,0.15958003,0.84041998,0.00007702,0.00001198,1429
10940,"/kaggle/input/datasets/arafatrahmann/my-data221/Epic and CSCR hospital Dataset/Test/meningioma/image(58).jpg",1,meningioma,1,meningioma,0.0059515135,0.9777914882,0.0078572333,0.0083998200,0.15448117,0.84551885,0.00006312,0.00001059,1366
10943,"/kaggle/input/datasets/arafatrahmann/my-data221/Epic and CSCR hospital Dataset/Test/meningioma/image(61).jpg",1,meningioma,2,notumor,0.1278226376,0.0035473730,0.7777100205,0.0909199342,0.21980690,0.78019309,0.00046853,0.00027563,1322
10946,"/kaggle/input/datasets/arafatrahmann/my-data221/Epic and CSCR hospital Dataset/Test/meningioma/image(64).jpg",1,meningioma,1,meningioma,0.0064819693,0.9783134460,0.0071936334,0.0080110515,0.19037957,0.80962043,0.00004623,0.00001042,1431
10948,"/kaggle/input/datasets/arafatrahmann/my-data221/Epic and CSCR hospital Dataset/Test/meningioma/image(66).jpg",1,meningioma,1,meningioma,0.0056088651,0.9787061810,0.0075503266,0.0081345942,0.20898318,0.79101682,0.00004492,0.00001086,1432
10952,"/kaggle/input/datasets/arafatrahmann/my-data221/Epic and CSCR hospital Dataset/Test/notumor/1108.jpg",2,notumor,2,notumor,0.0052728271,0.0062872297,0.9803227186,0.0081172148,0.11108894,0.88891106,0.00005921,0.00000573,2688
10956,"/kaggle/input/datasets/arafatrahmann/my-data221/Epic and CSCR hospital Dataset/Test/notumor/1112.jpg",2,notumor,2,notumor,0.0050859354,0.0065222755,0.9799526334,0.0084390724,0.10502566,0.89497433,0.00008399,0.00000470,2323
10962,"/kaggle/input/datasets/arafatrahmann/my-data221/Epic and CSCR hospital Dataset/Test/notumor/1118.jpg",2,notumor,2,notumor,0.0051867059,0.0062603103,0.9802297354,0.0083232410,0.11230669,0.88769332,0.00004496,0.00000448,2496
10963,"/kaggle/input/datasets/arafatrahmann/my-data221/Epic and CSCR hospital Dataset/Test/notumor/1119.jpg",2,notumor,2,notumor,0.0051941769,0.0060508600,0.9801380038,0.0086169560,0.10896022,0.89103978,0.00005953,0.00000507,2303
10964,"/kaggle/input/datasets/arafatrahmann/my-data221/Epic and CSCR hospital Dataset/Test/notumor/1120.jpg",2,notumor,2,notumor,0.0051986338,0.0056815459,0.9803456068,0.0087742545,0.12669782,0.87330219,0.00004392,0.00000526,2642
10972,"/kaggle/input/datasets/arafatrahmann/my-data221/Epic and CSCR hospital Dataset/Test/notumor/1128.jpg",2,notumor,2,notumor,0.0049433503,0.0065308078,0.9800716639,0.0084542735,0.11740575,0.88259424,0.00006134,0.00000441,2618
10977,"/kaggle/input/datasets/arafatrahmann/my-data221/Epic and CSCR hospital Dataset/Test/notumor/1133.jpg",2,notumor,2,notumor,0.0051104501,0.0058818478,0.9800757170,0.0089319479,0.10505318,0.89494683,0.00007498,0.00000534,2484
10979,"/kaggle/input/datasets/arafatrahmann/my-data221/Epic and CSCR hospital Dataset/Test/notumor/1135.jpg",2,notumor,2,notumor,0.0054733949,0.0060349894,0.9802591205,0.0082324389,0.11284877,0.88715126,0.00005830,0.00000463,2728
10985,"/kaggle/input/datasets/arafatrahmann/my-data221/Epic and CSCR hospital Dataset/Test/notumor/1141.jpg",2,notumor,2,notumor,0.0055129081,0.0060821334,0.9802988768,0.0081060054,0.09855508,0.90144492,0.00006233,0.00000428,2299
10990,"/kaggle/input/datasets/arafatrahmann/my-data221/Epic and CSCR hospital Dataset/Test/notumor/1146.jpg",2,notumor,2,notumor,0.0051758415,0.0061064912,0.9799560308,0.0087616965,0.11165631,0.88834369,0.00008837,0.00000413,2677
11003,"/kaggle/input/datasets/arafatrahmann/my-data221/Epic and CSCR hospital Dataset/Test/notumor/1161.jpg",2,notumor,2,notumor,0.0052059656,0.0062819021,0.9799835086,0.0085286554,0.10007850,0.89992149,0.00007636,0.00000454,2728
11023,"/kaggle/input/datasets/arafatrahmann/my-data221/Epic and CSCR hospital Dataset/Test/notumor/1181.jpg",2,notumor,2,notumor,0.0051057986,0.0067308908,0.9798909426,0.0082724737,0.09753539,0.90246460,0.00008059,0.00000455,3768
11024,"/kaggle/input/datasets/arafatrahmann/my-data221/Epic and CSCR hospital Dataset/Test/notumor/1182.jpg",2,notumor,2,notumor,0.0049753687,0.0065390551,0.9799607992,0.0085246600,0.10835285,0.89164715,0.00007243,0.00000501,2618
11029,"/kaggle/input/datasets/arafatrahmann/my-data221/Epic and CSCR hospital Dataset/Test/notumor/1187.jpg",2,notumor,2,notumor,0.0054719541,0.0067325933,0.9801929593,0.0076025091,0.10014314,0.89985687,0.00006947,0.00000446,2289
11030,"/kaggle/input/datasets/arafatrahmann/my-data221/Epic and CSCR hospital Dataset/Test/notumor/1188.jpg",2,notumor,2,notumor,0.0051257899,0.0065812999,0.9799953699,0.0082975682,0.10071128,0.89928872,0.00007989,0.00000563,2303
11048,"/kaggle/input/datasets/arafatrahmann/my-data221/Epic and CSCR hospital Dataset/Test/notumor/1206.jpg",2,notumor,2,notumor,0.0055946959,0.0063164337,0.9800935984,0.0079953168,0.09521993,0.90478008,0.00007479,0.00000470,2323
11065,"/kaggle/input/datasets/arafatrahmann/my-data221/Epic and CSCR hospital Dataset/Test/notumor/1223.jpg",2,notumor,2,notumor,0.0054028155,0.0062094121,0.9800559282,0.0083319340,0.10015863,0.89984138,0.00007012,0.00000410,2289
11069,"/kaggle/input/datasets/arafatrahmann/my-data221/Epic and CSCR hospital Dataset/Test/notumor/1227.jpg",2,notumor,2,notumor,0.0051186956,0.0063417940,0.9804078341,0.0081316810,0.12223551,0.87776449,0.00005383,0.00000558,2410
11071,"/kaggle/input/datasets/arafatrahmann/my-data221/Epic and CSCR hospital Dataset/Test/notumor/1229.jpg",2,notumor,2,notumor,0.0054586218,0.0066858395,0.9801195860,0.0077358535,0.09691937,0.90308064,0.00006629,0.00000481,2289
11074,"/kaggle/input/datasets/arafatrahmann/my-data221/Epic and CSCR hospital Dataset/Test/notumor/1232.jpg",2,notumor,2,notumor,0.0052647204,0.0053472752,0.9686836004,0.0207043681,0.09621203,0.90378798,0.00017060,0.00000970,2527
11075,"/kaggle/input/datasets/arafatrahmann/my-data221/Epic and CSCR hospital Dataset/Test/notumor/1233.jpg",2,notumor,2,notumor,0.0055528833,0.0061282082,0.9805183411,0.0078005693,0.11035262,0.88964738,0.00006416,0.00000531,2282
11076,"/kaggle/input/datasets/arafatrahmann/my-data221/Epic and CSCR hospital Dataset/Test/notumor/1234.jpg",2,notumor,2,notumor,0.0050046858,0.0066394545,0.9799477458,0.0084081292,0.10741107,0.89258892,0.00006436,0.00000478,2289
11093,"/kaggle/input/datasets/arafatrahmann/my-data221/Epic and CSCR hospital Dataset/Test/notumor/1251.jpg",2,notumor,2,notumor,0.0050673857,0.0066871541,0.9802693129,0.0079761650,0.12074791,0.87925208,0.00006131,0.00000560,2442
11097,"/kaggle/input/datasets/arafatrahmann/my-data221/Epic and CSCR hospital Dataset/Test/notumor/1255.jpg",2,notumor,2,notumor,0.0049679889,0.0062223794,0.9798904657,0.0089192158,0.12258592,0.87741407,0.00005103,0.00000465,2536
11104,"/kaggle/input/datasets/arafatrahmann/my-data221/Epic and CSCR hospital Dataset/Test/notumor/1262.jpg",2,notumor,2,notumor,0.0051723616,0.0063056750,0.9805110693,0.0080107767,0.12953994,0.87046005,0.00004038,0.00000466,2303
11105,"/kaggle/input/datasets/arafatrahmann/my-data221/Epic and CSCR hospital Dataset/Test/notumor/1263.jpg",2,notumor,2,notumor,0.0050543817,0.0053478540,0.9779799581,0.0116178030,0.10702818,0.89297181,0.00008255,0.00000533,2670
11109,"/kaggle/input/datasets/arafatrahmann/my-data221/Epic and CSCR hospital Dataset/Test/notumor/1267.jpg",2,notumor,0,glioma,0.9763833284,0.0046470203,0.0102694053,0.0087002460,0.08803956,0.91196044,0.00011640,0.00000497,2719
11112,"/kaggle/input/datasets/arafatrahmann/my-data221/Epic and CSCR hospital Dataset/Test/notumor/1270.jpg",2,notumor,2,notumor,0.0051176799,0.0062955441,0.9803112149,0.0082755778,0.12485643,0.87514356,0.00004043,0.00000474,3771
11118,"/kaggle/input/datasets/arafatrahmann/my-data221/Epic and CSCR hospital Dataset/Test/notumor/1276.jpg",2,notumor,2,notumor,0.0053131441,0.0062276917,0.9802663922,0.0081928736,0.10677416,0.89322584,0.00005698,0.00000489,2378
11121,"/kaggle/input/datasets/arafatrahmann/my-data221/Epic and CSCR hospital Dataset/Test/notumor/1279.jpg",2,notumor,2,notumor,0.0050456882,0.0067627234,0.9799988866,0.0081927422,0.10885436,0.89114563,0.00008371,0.00000518,2707
11123,"/kaggle/input/datasets/arafatrahmann/my-data221/Epic and CSCR hospital Dataset/Test/notumor/1281.jpg",2,notumor,2,notumor,0.0053973556,0.0054884022,0.9803165197,0.0087975962,0.11499431,0.88500570,0.00006437,0.00000440,2389
11127,"/kaggle/input/datasets/arafatrahmann/my-data221/Epic and CSCR hospital Dataset/Test/notumor/1285.jpg",2,notumor,2,notumor,0.0051170387,0.0062761800,0.9800204039,0.0085863415,0.11669828,0.88330172,0.00006888,0.00000483,2289
11140,"/kaggle/input/datasets/arafatrahmann/my-data221/Epic and CSCR hospital Dataset/Test/notumor/1298.jpg",2,notumor,2,notumor,0.0053963852,0.0063059432,0.9800416231,0.0082560750,0.09965609,0.90034390,0.00007511,0.00000379,2459
11143,"/kaggle/input/datasets/arafatrahmann/my-data221/Epic and CSCR hospital Dataset/Test/notumor/1301.jpg",2,notumor,2,notumor,0.0059971749,0.0057053599,0.9809315801,0.0073658936,0.13257793,0.86742207,0.00004958,0.00000562,2357
11146,"/kaggle/input/datasets/arafatrahmann/my-data221/Epic and CSCR hospital Dataset/Test/notumor/1304.jpg",2,notumor,2,notumor,0.0052684215,0.0063277828,0.9801511765,0.0082525825,0.10331013,0.89668988,0.00005165,0.00000381,2355
11149,"/kaggle/input/datasets/arafatrahmann/my-data221/Epic and CSCR hospital Dataset/Test/notumor/1307.jpg",2,notumor,2,notumor,0.0053370539,0.0058529591,0.9806858301,0.0081241559,0.13110059,0.86889941,0.00006746,0.00000446,3775
11151,"/kaggle/input/datasets/arafatrahmann/my-data221/Epic and CSCR hospital Dataset/Test/notumor/1309.jpg",2,notumor,2,notumor,0.0055893948,0.0062446021,0.9807035327,0.0074625155,0.12188227,0.87811773,0.00004187,0.00000517,2362
11154,"/kaggle/input/datasets/arafatrahmann/my-data221/Epic and CSCR hospital Dataset/Test/notumor/1312.jpg",2,notumor,2,notumor,0.0050669457,0.0065702610,0.9798759222,0.0084868502,0.08973877,0.91026123,0.00007544,0.00000400,2496
11166,"/kaggle/input/datasets/arafatrahmann/my-data221/Epic and CSCR hospital Dataset/Test/notumor/1324.jpg",2,notumor,2,notumor,0.0052806791,0.0061487714,0.9805002213,0.0080702351,0.13292997,0.86707002,0.00004259,0.00000485,2460
11167,"/kaggle/input/datasets/arafatrahmann/my-data221/Epic and CSCR hospital Dataset/Test/notumor/1325.jpg",2,notumor,2,notumor,0.0054484596,0.0066881129,0.9801746607,0.0076888232,0.10222397,0.89777604,0.00007315,0.00000413,2289
11169,"/kaggle/input/datasets/arafatrahmann/my-data221/Epic and CSCR hospital Dataset/Test/notumor/1327.jpg",2,notumor,0,glioma,0.9762395620,0.0046722018,0.0104498491,0.0086382609,0.08474119,0.91525881,0.00014557,0.00000509,2719
11175,"/kaggle/input/datasets/arafatrahmann/my-data221/Epic and CSCR hospital Dataset/Test/notumor/1333.jpg",2,notumor,2,notumor,0.0051971367,0.0063035591,0.9799664617,0.0085328575,0.09840752,0.90159246,0.00005952,0.00000413,2728
11177,"/kaggle/input/datasets/arafatrahmann/my-data221/Epic and CSCR hospital Dataset/Test/notumor/1335.jpg",2,notumor,2,notumor,0.0050789523,0.0066399788,0.9801694155,0.0081116688,0.11326733,0.88673265,0.00008320,0.00000553,2566
11183,"/kaggle/input/datasets/arafatrahmann/my-data221/Epic and CSCR hospital Dataset/Test/notumor/1341.jpg",2,notumor,2,notumor,0.0055022845,0.0060611195,0.9803094864,0.0081270160,0.10215336,0.89784665,0.00008990,0.00000446,2299
11187,"/kaggle/input/datasets/arafatrahmann/my-data221/Epic and CSCR hospital Dataset/Test/notumor/1345.jpg",2,notumor,2,notumor,0.0054654619,0.0061375001,0.9802789688,0.0081180325,0.10051104,0.89948896,0.00005088,0.00000317,2307
11190,"/kaggle/input/datasets/arafatrahmann/my-data221/Epic and CSCR hospital Dataset/Test/notumor/1348.jpg",2,notumor,2,notumor,0.0045140297,0.0061752507,0.9772208929,0.0120898550,0.11378309,0.88621691,0.00007759,0.00000551,2511
11191,"/kaggle/input/datasets/arafatrahmann/my-data221/Epic and CSCR hospital Dataset/Test/notumor/1349.jpg",2,notumor,2,notumor,0.0051572239,0.0058218781,0.9799024463,0.0091185328,0.09992922,0.90007077,0.00005041,0.00000390,2307
11198,"/kaggle/input/datasets/arafatrahmann/my-data221/Epic and CSCR hospital Dataset/Test/notumor/1356.jpg",2,notumor,2,notumor,0.0051950780,0.0060080150,0.9804213643,0.0083754659,0.11567803,0.88432197,0.00006072,0.00000478,2326
11199,"/kaggle/input/datasets/arafatrahmann/my-data221/Epic and CSCR hospital Dataset/Test/notumor/1357.jpg",2,notumor,2,notumor,0.0052283001,0.0064795772,0.9802681804,0.0080240052,0.11057667,0.88942333,0.00005133,0.00000429,2326
11200,"/kaggle/input/datasets/arafatrahmann/my-data221/Epic and CSCR hospital Dataset/Test/notumor/1358.jpg",2,notumor,2,notumor,0.0052597867,0.0063480190,0.9801899195,0.0082023600,0.10574044,0.89425957,0.00005887,0.00000391,2622
11217,"/kaggle/input/datasets/arafatrahmann/my-data221/Epic and CSCR hospital Dataset/Test/notumor/1375.jpg",2,notumor,2,notumor,0.0053178119,0.0060005882,0.9803099632,0.0083716288,0.10715642,0.89284359,0.00005729,0.00000528,2460
11219,"/kaggle/input/datasets/arafatrahmann/my-data221/Epic and CSCR hospital Dataset/Test/notumor/1377.jpg",2,notumor,2,notumor,0.0054274686,0.0058861366,0.9807221293,0.0079643028,0.12445433,0.87554566,0.00005456,0.00000518,2282
11222,"/kaggle/input/datasets/arafatrahmann/my-data221/Epic and CSCR hospital Dataset/Test/notumor/1380.jpg",2,notumor,2,notumor,0.0053279903,0.0063131899,0.9800449610,0.0083139362,0.09768414,0.90231586,0.00006701,0.00000448,2460
11233,"/kaggle/input/datasets/arafatrahmann/my-data221/Epic and CSCR hospital Dataset/Test/notumor/1391.jpg",2,notumor,2,notumor,0.0052473517,0.0066514760,0.9803296924,0.0077715600,0.12142911,0.87857088,0.00007123,0.00000492,3780
11243,"/kaggle/input/datasets/arafatrahmann/my-data221/Epic and CSCR hospital Dataset/Test/notumor/1401.jpg",2,notumor,2,notumor,0.0053340555,0.0068309866,0.9800632596,0.0077716634,0.09618309,0.90381690,0.00007522,0.00000376,2310
11245,"/kaggle/input/datasets/arafatrahmann/my-data221/Epic and CSCR hospital Dataset/Test/notumor/1403.jpg",2,notumor,2,notumor,0.0053794170,0.0062762401,0.9799343944,0.0084100012,0.09000790,0.90999209,0.00009583,0.00000394,3784
11259,"/kaggle/input/datasets/arafatrahmann/my-data221/Epic and CSCR hospital Dataset/Test/notumor/1417.jpg",2,notumor,2,notumor,0.0050514773,0.0069012800,0.9797567129,0.0082905246,0.09193447,0.90806555,0.00008409,0.00000434,2698
11262,"/kaggle/input/datasets/arafatrahmann/my-data221/Epic and CSCR hospital Dataset/Test/notumor/1420.jpg",2,notumor,2,notumor,0.0050049387,0.0067767212,0.9798825979,0.0083357226,0.11048767,0.88951234,0.00006022,0.00000463,2529
11264,"/kaggle/input/datasets/arafatrahmann/my-data221/Epic and CSCR hospital Dataset/Test/notumor/1422.jpg",2,notumor,2,notumor,0.0057233823,0.0057930942,0.9807379842,0.0077455877,0.12038379,0.87961621,0.00005399,0.00000501,2389
11273,"/kaggle/input/datasets/arafatrahmann/my-data221/Epic and CSCR hospital Dataset/Test/notumor/1431.jpg",2,notumor,2,notumor,0.0053363726,0.0062476951,0.9803264737,0.0080893384,0.12452694,0.87547305,0.00006503,0.00000521,2459
11284,"/kaggle/input/datasets/arafatrahmann/my-data221/Epic and CSCR hospital Dataset/Test/notumor/1442.jpg",2,notumor,2,notumor,0.0049778628,0.0066016675,0.9800839424,0.0083365683,0.11199557,0.88800442,0.00006982,0.00000557,2442
11285,"/kaggle/input/datasets/arafatrahmann/my-data221/Epic and CSCR hospital Dataset/Test/notumor/1443.jpg",2,notumor,2,notumor,0.0050729783,0.0058577480,0.9801936150,0.0088757006,0.11195310,0.88804690,0.00004806,0.00000524,2484
11308,"/kaggle/input/datasets/arafatrahmann/my-data221/Epic and CSCR hospital Dataset/Test/notumor/1466.jpg",2,notumor,2,notumor,0.0050200797,0.0067868344,0.9798685312,0.0083245039,0.09749885,0.90250114,0.00007268,0.00000471,2311
11311,"/kaggle/input/datasets/arafatrahmann/my-data221/Epic and CSCR hospital Dataset/Test/notumor/1469.jpg",2,notumor,2,notumor,0.0053834901,0.0062944316,0.9800925255,0.0082295481,0.10206849,0.89793150,0.00007078,0.00000530,2459
11320,"/kaggle/input/datasets/arafatrahmann/my-data221/Epic and CSCR hospital Dataset/Test/notumor/1478.jpg",2,notumor,2,notumor,0.0073432825,0.0061222957,0.9785870314,0.0079472940,0.12733661,0.87266337,0.00006183,0.00000752,2572
11324,"/kaggle/input/datasets/arafatrahmann/my-data221/Epic and CSCR hospital Dataset/Test/notumor/1482.jpg",2,notumor,2,notumor,0.0050751455,0.0067277895,0.9800105095,0.0081865015,0.10837158,0.89162842,0.00008009,0.00000480,2265
11328,"/kaggle/input/datasets/arafatrahmann/my-data221/Epic and CSCR hospital Dataset/Test/notumor/1486.jpg",2,notumor,2,notumor,0.0054697488,0.0064480314,0.9801708460,0.0079114642,0.10460861,0.89539141,0.00008058,0.00000399,2289
11333,"/kaggle/input/datasets/arafatrahmann/my-data221/Epic and CSCR hospital Dataset/Test/notumor/1491.jpg",2,notumor,2,notumor,0.0055022459,0.0061807628,0.9803605080,0.0079564461,0.10189034,0.89810964,0.00006936,0.00000538,2326
11337,"/kaggle/input/datasets/arafatrahmann/my-data221/Epic and CSCR hospital Dataset/Test/notumor/1495.jpg",2,notumor,2,notumor,0.0051509887,0.0063624172,0.9799484015,0.0085381530,0.10667682,0.89332318,0.00008276,0.00000596,2479
11339,"/kaggle/input/datasets/arafatrahmann/my-data221/Epic and CSCR hospital Dataset/Test/notumor/1497.jpg",2,notumor,2,notumor,0.0052329558,0.0061981012,0.9800418019,0.0085271383,0.10311049,0.89688950,0.00006834,0.00000464,2290
11341,"/kaggle/input/datasets/arafatrahmann/my-data221/Epic and CSCR hospital Dataset/Test/notumor/1499.jpg",2,notumor,2,notumor,0.0053880899,0.0060309647,0.9805871248,0.0079937782,0.11445851,0.88554147,0.00005008,0.00000467,2282
11342,"/kaggle/input/datasets/arafatrahmann/my-data221/Epic and CSCR hospital Dataset/Test/notumor/1500.jpg",2,notumor,2,notumor,0.0061591379,0.0056417338,0.9805890918,0.0076099755,0.10939732,0.89060269,0.00005757,0.00000453,2417
11343,"/kaggle/input/datasets/arafatrahmann/my-data221/Epic and CSCR hospital Dataset/Test/notumor/1501.jpg",2,notumor,2,notumor,0.0054485840,0.0066762283,0.9802274704,0.0076476857,0.10726640,0.89273360,0.00007284,0.00000560,2323
11344,"/kaggle/input/datasets/arafatrahmann/my-data221/Epic and CSCR hospital Dataset/Test/notumor/1502.jpg",2,notumor,2,notumor,0.0055140764,0.0059227524,0.9804431200,0.0081200972,0.10464789,0.89535212,0.00005733,0.00000431,2282
11345,"/kaggle/input/datasets/arafatrahmann/my-data221/Epic and CSCR hospital Dataset/Test/notumor/1503.jpg",2,notumor,2,notumor,0.0053536580,0.0061791795,0.9802588224,0.0082084062,0.11293348,0.88706652,0.00004615,0.00000427,2405
11347,"/kaggle/input/datasets/arafatrahmann/my-data221/Epic and CSCR hospital Dataset/Test/notumor/1505.jpg",2,notumor,2,notumor,0.0044385046,0.0062663741,0.9766702652,0.0126248058,0.11748754,0.88251246,0.00008608,0.00000552,2511
11352,"/kaggle/input/datasets/arafatrahmann/my-data221/Epic and CSCR hospital Dataset/Test/notumor/1510.jpg",2,notumor,2,notumor,0.0053629405,0.0064077219,0.9801849127,0.0080443714,0.10352562,0.89647440,0.00009312,0.00000576,2362
11357,"/kaggle/input/datasets/arafatrahmann/my-data221/Epic and CSCR hospital Dataset/Test/notumor/1515.jpg",2,notumor,2,notumor,0.0056037465,0.0059184907,0.9801576734,0.0083201164,0.10087577,0.89912422,0.00005877,0.00000447,2415
11365,"/kaggle/input/datasets/arafatrahmann/my-data221/Epic and CSCR hospital Dataset/Test/notumor/1523.jpg",2,notumor,2,notumor,0.0051489887,0.0064053745,0.9803131819,0.0081324158,0.10978375,0.89021627,0.00005751,0.00000497,2512
11375,"/kaggle/input/datasets/arafatrahmann/my-data221/Epic and CSCR hospital Dataset/Test/notumor/1533.jpg",2,notumor,2,notumor,0.0060298624,0.0056305258,0.9806207418,0.0077188550,0.12711186,0.87288814,0.00003656,0.00000481,2599
11377,"/kaggle/input/datasets/arafatrahmann/my-data221/Epic and CSCR hospital Dataset/Test/notumor/1535.jpg",2,notumor,2,notumor,0.0052235560,0.0061888299,0.9803072214,0.0082803816,0.10538270,0.89461731,0.00012493,0.00000531,2355
11380,"/kaggle/input/datasets/arafatrahmann/my-data221/Epic and CSCR hospital Dataset/Test/notumor/1538.jpg",2,notumor,2,notumor,0.0050018681,0.0066050328,0.9797753096,0.0086178342,0.09890546,0.90109453,0.00008165,0.00000474,2323
11390,"/kaggle/input/datasets/arafatrahmann/my-data221/Epic and CSCR hospital Dataset/Test/notumor/1548.jpg",2,notumor,2,notumor,0.0050228913,0.0065701725,0.9800235033,0.0083833765,0.10074005,0.89925994,0.00008427,0.00000495,2496
11392,"/kaggle/input/datasets/arafatrahmann/my-data221/Epic and CSCR hospital Dataset/Test/notumor/1550.jpg",2,notumor,2,notumor,0.0051665879,0.0061748931,0.9802806973,0.0083778799,0.11821912,0.88178088,0.00005066,0.00000536,2290
11393,"/kaggle/input/datasets/arafatrahmann/my-data221/Epic and CSCR hospital Dataset/Test/notumor/1551.jpg",2,notumor,2,notumor,0.0054614753,0.0055100070,0.9802145958,0.0088138720,0.10567092,0.89432909,0.00006391,0.00000475,2389
11397,"/kaggle/input/datasets/arafatrahmann/my-data221/Epic and CSCR hospital Dataset/Test/notumor/1555.jpg",2,notumor,2,notumor,0.0050783465,0.0065489700,0.9799331427,0.0084394235,0.10406955,0.89593045,0.00007518,0.00000493,2289
11401,"/kaggle/input/datasets/arafatrahmann/my-data221/Epic and CSCR hospital Dataset/Test/notumor/1559.jpg",2,notumor,2,notumor,0.0052067572,0.0060866671,0.9802324176,0.0084741134,0.10415015,0.89584984,0.00005803,0.00000413,2720
11403,"/kaggle/input/datasets/arafatrahmann/my-data221/Epic and CSCR hospital Dataset/Test/notumor/1561.jpg",2,notumor,2,notumor,0.0054828757,0.0060104779,0.9801160693,0.0083905309,0.09906131,0.90093871,0.00008795,0.00000538,2290
11405,"/kaggle/input/datasets/arafatrahmann/my-data221/Epic and CSCR hospital Dataset/Test/notumor/1563.jpg",2,notumor,2,notumor,0.0050070370,0.0066144778,0.9797321558,0.0086463094,0.09678056,0.90321944,0.00007312,0.00000476,2323
11409,"/kaggle/input/datasets/arafatrahmann/my-data221/Epic and CSCR hospital Dataset/Test/notumor/1567.jpg",2,notumor,2,notumor,0.0051303101,0.0069316104,0.9797362089,0.0082018822,0.08840467,0.91159533,0.00010292,0.00000452,2580
11410,"/kaggle/input/datasets/arafatrahmann/my-data221/Epic and CSCR hospital Dataset/Test/notumor/1568.jpg",2,notumor,2,notumor,0.0057232538,0.0054585203,0.9798009992,0.0090172365,0.10874515,0.89125484,0.00007000,0.00000548,2635
11411,"/kaggle/input/datasets/arafatrahmann/my-data221/Epic and CSCR hospital Dataset/Test/notumor/1569.jpg",2,notumor,2,notumor,0.0052726762,0.0058800317,0.9800980687,0.0087492587,0.11039847,0.88960152,0.00004730,0.00000501,2282
11414,"/kaggle/input/datasets/arafatrahmann/my-data221/Epic and CSCR hospital Dataset/Test/notumor/1572.jpg",2,notumor,2,notumor,0.0051860940,0.0065297210,0.9802166820,0.0080675688,0.10797800,0.89202200,0.00006068,0.00000548,3794
11416,"/kaggle/input/datasets/arafatrahmann/my-data221/Epic and CSCR hospital Dataset/Test/notumor/1574.jpg",2,notumor,2,notumor,0.0053011845,0.0068704463,0.9801779985,0.0076503418,0.11585972,0.88414027,0.00007585,0.00000454,2310
11420,"/kaggle/input/datasets/arafatrahmann/my-data221/Epic and CSCR hospital Dataset/Test/notumor/1578.jpg",2,notumor,2,notumor,0.0053545656,0.0068454817,0.9799355268,0.0078644250,0.08568701,0.91431298,0.00012416,0.00000458,2310
11422,"/kaggle/input/datasets/arafatrahmann/my-data221/Epic and CSCR hospital Dataset/Test/notumor/1580.jpg",2,notumor,2,notumor,0.0050255684,0.0066115507,0.9798958898,0.0084670112,0.09725360,0.90274641,0.00007312,0.00000451,2442
11424,"/kaggle/input/datasets/arafatrahmann/my-data221/Epic and CSCR hospital Dataset/Test/notumor/1582.jpg",2,notumor,2,notumor,0.0051117251,0.0064359582,0.9803512692,0.0081010740,0.12261242,0.87738758,0.00004767,0.00000528,2423
11426,"/kaggle/input/datasets/arafatrahmann/my-data221/Epic and CSCR hospital Dataset/Test/notumor/1584.jpg",2,notumor,2,notumor,0.0053136190,0.0062432177,0.9802097082,0.0082334802,0.10999823,0.89000180,0.00008327,0.00000446,2345
11431,"/kaggle/input/datasets/arafatrahmann/my-data221/Epic and CSCR hospital Dataset/Test/notumor/43 no.jpg",2,notumor,2,notumor,0.0050061508,0.0067576827,0.9801233411,0.0081128795,0.12266212,0.87733790,0.00006670,0.00000580,3797
11435,"/kaggle/input/datasets/arafatrahmann/my-data221/Epic and CSCR hospital Dataset/Test/notumor/47 no.jpg",2,notumor,2,notumor,0.0054712957,0.0067201913,0.9802123308,0.0075962199,0.10196308,0.89803693,0.00006800,0.00000469,2289
11441,"/kaggle/input/datasets/arafatrahmann/my-data221/Epic and CSCR hospital Dataset/Test/pituitary/1204.jpg",3,pituitary,3,pituitary,0.0061770235,0.0068710567,0.0076188175,0.9793330431,0.89450511,0.10549487,0.00000572,0.00011843,3276
11443,"/kaggle/input/datasets/arafatrahmann/my-data221/Epic and CSCR hospital Dataset/Test/pituitary/1206.jpg",3,pituitary,3,pituitary,0.0055626268,0.0076817153,0.0087266276,0.9780290723,0.89031482,0.10968517,0.00000685,0.00007302,3691
11448,"/kaggle/input/datasets/arafatrahmann/my-data221/Epic and CSCR hospital Dataset/Test/pituitary/1218.jpg",3,pituitary,3,pituitary,0.0057505136,0.0088879494,0.0087763947,0.9765852094,0.90800496,0.09199503,0.00000598,0.00012923,3214
11451,"/kaggle/input/datasets/arafatrahmann/my-data221/Epic and CSCR hospital Dataset/Test/pituitary/1221.jpg",3,pituitary,3,pituitary,0.0059763943,0.0067596203,0.0085877124,0.9786763191,0.89517314,0.10482687,0.00000639,0.00009559,3449
11453,"/kaggle/input/datasets/arafatrahmann/my-data221/Epic and CSCR hospital Dataset/Test/pituitary/1223.jpg",3,pituitary,3,pituitary,0.0061070151,0.0075326087,0.0075595542,0.9788007736,0.91106092,0.08893908,0.00000506,0.00014659,3117
11456,"/kaggle/input/datasets/arafatrahmann/my-data221/Epic and CSCR hospital Dataset/Test/pituitary/1226.jpg",3,pituitary,3,pituitary,0.0061776764,0.0108232526,0.0092801377,0.9737189412,0.89146568,0.10853433,0.00000753,0.00011445,3246
11458,"/kaggle/input/datasets/arafatrahmann/my-data221/Epic and CSCR hospital Dataset/Test/pituitary/1228.jpg",3,pituitary,3,pituitary,0.0047039771,0.0068561425,0.0619614497,0.9264785051,0.84173895,0.15826104,0.00030759,0.00073741,3278
11462,"/kaggle/input/datasets/arafatrahmann/my-data221/Epic and CSCR hospital Dataset/Test/pituitary/1232.jpg",3,pituitary,3,pituitary,0.0059398981,0.0076970020,0.0070842481,0.9792788625,0.87623429,0.12376572,0.00000463,0.00005950,3150
11463,"/kaggle/input/datasets/arafatrahmann/my-data221/Epic and CSCR hospital Dataset/Test/pituitary/1233.jpg",3,pituitary,3,pituitary,0.0059884242,0.0069593592,0.0070433817,0.9800089002,0.87944279,0.12055721,0.00000492,0.00006049,3800
11480,"/kaggle/input/datasets/arafatrahmann/my-data221/Epic and CSCR hospital Dataset/Test/pituitary/1250.jpg",3,pituitary,3,pituitary,0.0058378950,0.0080757868,0.0074209617,0.9786653519,0.90152826,0.09847174,0.00000472,0.00007720,2903
11486,"/kaggle/input/datasets/arafatrahmann/my-data221/Epic and CSCR hospital Dataset/Test/pituitary/1256.jpg",3,pituitary,3,pituitary,0.0064053996,0.0076079876,0.0072755166,0.9787111282,0.88248694,0.11751307,0.00000533,0.00005248,3803
11497,"/kaggle/input/datasets/arafatrahmann/my-data221/Epic and CSCR hospital Dataset/Test/pituitary/1267.jpg",3,pituitary,3,pituitary,0.0060754372,0.0092452019,0.0079662697,0.9767130613,0.89691278,0.10308724,0.00000549,0.00007514,3357
11499,"/kaggle/input/datasets/arafatrahmann/my-data221/Epic and CSCR hospital Dataset/Test/pituitary/1269.jpg",3,pituitary,3,pituitary,0.0060721785,0.0073501244,0.0071420916,0.9794357419,0.90347838,0.09652162,0.00000419,0.00008738,3530
11500,"/kaggle/input/datasets/arafatrahmann/my-data221/Epic and CSCR hospital Dataset/Test/pituitary/1270.jpg",3,pituitary,3,pituitary,0.0063291639,0.0072757094,0.0072545335,0.9791405797,0.88023955,0.11976044,0.00000518,0.00006910,3650
11502,"/kaggle/input/datasets/arafatrahmann/my-data221/Epic and CSCR hospital Dataset/Test/pituitary/1272.jpg",3,pituitary,3,pituitary,0.0064306869,0.0069064857,0.0076039666,0.9790588617,0.87862370,0.12137630,0.00000651,0.00005272,2805
11510,"/kaggle/input/datasets/arafatrahmann/my-data221/Epic and CSCR hospital Dataset/Test/pituitary/1280.jpg",3,pituitary,3,pituitary,0.0057111988,0.0073016593,0.0072871572,0.9796999693,0.89619250,0.10380751,0.00000511,0.00010651,3632
11511,"/kaggle/input/datasets/arafatrahmann/my-data221/Epic and CSCR hospital Dataset/Test/pituitary/1281.jpg",3,pituitary,3,pituitary,0.0057263444,0.0088075111,0.0081580449,0.9773080945,0.90188589,0.09811412,0.00000463,0.00007429,3084
11527,"/kaggle/input/datasets/arafatrahmann/my-data221/Epic and CSCR hospital Dataset/Test/pituitary/1297.jpg",3,pituitary,3,pituitary,0.0060851187,0.0071486896,0.0072332518,0.9795328975,0.91260707,0.08739293,0.00000403,0.00010168,3098
11528,"/kaggle/input/datasets/arafatrahmann/my-data221/Epic and CSCR hospital Dataset/Test/pituitary/1298.jpg",3,pituitary,3,pituitary,0.0057183751,0.0074080518,0.0071378709,0.9797356725,0.90464091,0.09535908,0.00000461,0.00008482,3812
11533,"/kaggle/input/datasets/arafatrahmann/my-data221/Epic and CSCR hospital Dataset/Test/pituitary/1303.jpg",3,pituitary,3,pituitary,0.0055966056,0.0086795073,0.0069517670,0.9787721634,0.88992847,0.11007153,0.00000436,0.00005449,3045
11536,"/kaggle/input/datasets/arafatrahmann/my-data221/Epic and CSCR hospital Dataset/Test/pituitary/1306.jpg",3,pituitary,3,pituitary,0.0059181051,0.0080136377,0.0075905239,0.9784776568,0.90201581,0.09798418,0.00000459,0.00006272,3259
11545,"/kaggle/input/datasets/arafatrahmann/my-data221/Epic and CSCR hospital Dataset/Test/pituitary/1315.jpg",3,pituitary,3,pituitary,0.0064322725,0.0074171596,0.0072158114,0.9789347649,0.89116467,0.10883534,0.00000515,0.00011566,3267
11561,"/kaggle/input/datasets/arafatrahmann/my-data221/Epic and CSCR hospital Dataset/Test/pituitary/1331.jpg",3,pituitary,3,pituitary,0.0056482786,0.0075864620,0.0071504740,0.9796147346,0.88708014,0.11291984,0.00000538,0.00006267,3630
11572,"/kaggle/input/datasets/arafatrahmann/my-data221/Epic and CSCR hospital Dataset/Test/pituitary/1342.jpg",3,pituitary,3,pituitary,0.0059396299,0.0080492496,0.0077380976,0.9782730341,0.90793825,0.09206177,0.00000462,0.00008658,2903
11579,"/kaggle/input/datasets/arafatrahmann/my-data221/Epic and CSCR hospital Dataset/Test/pituitary/1349.jpg",3,pituitary,3,pituitary,0.0059840111,0.0083414614,0.0074474504,0.9782271385,0.89951654,0.10048347,0.00000592,0.00009872,3045
11580,"/kaggle/input/datasets/arafatrahmann/my-data221/Epic and CSCR hospital Dataset/Test/pituitary/1350.jpg",3,pituitary,3,pituitary,0.0062972354,0.0075629316,0.0072515383,0.9788882136,0.89266246,0.10733755,0.00000501,0.00006629,3008
11588,"/kaggle/input/datasets/arafatrahmann/my-data221/Epic and CSCR hospital Dataset/Test/pituitary/1358.jpg",3,pituitary,3,pituitary,0.0061819809,0.0121092331,0.0076274313,0.9740813375,0.89903944,0.10096057,0.00000478,0.00007388,3331
11597,"/kaggle/input/datasets/arafatrahmann/my-data221/Epic and CSCR hospital Dataset/Test/pituitary/1367.jpg",3,pituitary,3,pituitary,0.0056489659,0.0074957078,0.0070722774,0.9797830582,0.88419322,0.11580678,0.00000477,0.00005817,3045
11604,"/kaggle/input/datasets/arafatrahmann/my-data221/Epic and CSCR hospital Dataset/Test/pituitary/1374.jpg",3,pituitary,3,pituitary,0.0061109802,0.0071784765,0.0076600388,0.9790504575,0.89660931,0.10339070,0.00000474,0.00008095,2879
11606,"/kaggle/input/datasets/arafatrahmann/my-data221/Epic and CSCR hospital Dataset/Test/pituitary/1376.jpg",3,pituitary,3,pituitary,0.0060074786,0.0076511637,0.0078817587,0.9784596562,0.90060760,0.09939239,0.00000510,0.00006969,3817
11625,"/kaggle/input/datasets/arafatrahmann/my-data221/Epic and CSCR hospital Dataset/Test/pituitary/1395.jpg",3,pituitary,3,pituitary,0.0057181353,0.0071509061,0.0074040331,0.9797269702,0.86787999,0.13212003,0.00000537,0.00004677,3465
11629,"/kaggle/input/datasets/arafatrahmann/my-data221/Epic and CSCR hospital Dataset/Test/pituitary/1399.jpg",3,pituitary,3,pituitary,0.0061064353,0.0074438960,0.0071342373,0.9793154001,0.88115866,0.11884134,0.00000440,0.00004659,3054
11632,"/kaggle/input/datasets/arafatrahmann/my-data221/Epic and CSCR hospital Dataset/Test/pituitary/1402.jpg",3,pituitary,3,pituitary,0.0059832009,0.0074814195,0.0079301996,0.9786051512,0.89480842,0.10519158,0.00000627,0.00008943,3092
11634,"/kaggle/input/datasets/arafatrahmann/my-data221/Epic and CSCR hospital Dataset/Test/pituitary/1404.jpg",3,pituitary,3,pituitary,0.0059203459,0.0070511191,0.0077781975,0.9792503119,0.88798216,0.11201785,0.00000547,0.00006609,3328
11636,"/kaggle/input/datasets/arafatrahmann/my-data221/Epic and CSCR hospital Dataset/Test/pituitary/1406.jpg",3,pituitary,3,pituitary,0.0048345821,0.0062901923,0.0200446285,0.9688307047,0.87806488,0.12193512,0.00012460,0.00064155,3822
11640,"/kaggle/input/datasets/arafatrahmann/my-data221/Epic and CSCR hospital Dataset/Test/pituitary/1410.jpg",3,pituitary,3,pituitary,0.0055114115,0.0080451062,0.0088478625,0.9775956273,0.90429922,0.09570079,0.00000671,0.00013021,3690
11643,"/kaggle/input/datasets/arafatrahmann/my-data221/Epic and CSCR hospital Dataset/Test/pituitary/1413.jpg",3,pituitary,3,pituitary,0.0057513537,0.0072775469,0.0087161195,0.9782549739,0.88318443,0.11681558,0.00000607,0.00008688,3197
11659,"/kaggle/input/datasets/arafatrahmann/my-data221/Epic and CSCR hospital Dataset/Test/pituitary/1429.jpg",3,pituitary,3,pituitary,0.0061312625,0.0091043785,0.0079602841,0.9768040776,0.89832286,0.10167715,0.00000600,0.00008692,3827
11671,"/kaggle/input/datasets/arafatrahmann/my-data221/Epic and CSCR hospital Dataset/Test/pituitary/1441.jpg",3,pituitary,3,pituitary,0.0060519716,0.0073541822,0.0075092213,0.9790846109,0.89400632,0.10599368,0.00000445,0.00007145,3115
11673,"/kaggle/input/datasets/arafatrahmann/my-data221/Epic and CSCR hospital Dataset/Test/pituitary/1443.jpg",3,pituitary,3,pituitary,0.0056365519,0.0082907509,0.0081972145,0.9778755307,0.90088557,0.09911444,0.00000576,0.00008631,2814
11678,"/kaggle/input/datasets/arafatrahmann/my-data221/Epic and CSCR hospital Dataset/Test/pituitary/1448.jpg",3,pituitary,3,pituitary,0.0058863214,0.0069821454,0.0076785348,0.9794529080,0.89506856,0.10493146,0.00000516,0.00006109,3390
11685,"/kaggle/input/datasets/arafatrahmann/my-data221/Epic and CSCR hospital Dataset/Test/pituitary/1455.jpg",3,pituitary,3,pituitary,0.0056885169,0.0076100538,0.0071592801,0.9795420766,0.86906091,0.13093907,0.00000611,0.00006406,3829
11686,"/kaggle/input/datasets/arafatrahmann/my-data221/Epic and CSCR hospital Dataset/Test/pituitary/1456.jpg",3,pituitary,3,pituitary,0.0057876185,0.0069576763,0.0081002526,0.9791544676,0.90523958,0.09476043,0.00000506,0.00009322,2778
11693,"/kaggle/input/datasets/arafatrahmann/my-data221/Epic and CSCR hospital Dataset/Test/pituitary/1463.jpg",3,pituitary,3,pituitary,0.0060394588,0.0070770332,0.0071105631,0.9797729254,0.89701428,0.10298571,0.00000471,0.00006247,2942
11695,"/kaggle/input/datasets/arafatrahmann/my-data221/Epic and CSCR hospital Dataset/Test/pituitary/1465.jpg",3,pituitary,3,pituitary,0.0068010213,0.0207692944,0.0104670469,0.9619626999,0.92441605,0.07558393,0.00000816,0.00045689,2883
11698,"/kaggle/input/datasets/arafatrahmann/my-data221/Epic and CSCR hospital Dataset/Test/pituitary/1468.jpg",3,pituitary,3,pituitary,0.0060402881,0.0074506262,0.0074788937,0.9790302515,0.90058343,0.09941655,0.00000585,0.00009219,3833
11700,"/kaggle/input/datasets/arafatrahmann/my-data221/Epic and CSCR hospital Dataset/Test/pituitary/1470.jpg",3,pituitary,3,pituitary,0.0060758130,0.0068174913,0.0075474768,0.9795592427,0.88774238,0.11225761,0.00000584,0.00008143,2786
11710,"/kaggle/input/datasets/arafatrahmann/my-data221/Epic and CSCR hospital Dataset/Test/pituitary/1480.jpg",3,pituitary,3,pituitary,0.0057141106,0.0075038574,0.0071271658,0.9796549082,0.86893588,0.13106412,0.00000671,0.00006142,2895
11713,"/kaggle/input/datasets/arafatrahmann/my-data221/Epic and CSCR hospital Dataset/Test/pituitary/1483.jpg",3,pituitary,3,pituitary,0.0060393657,0.0076695113,0.0071354657,0.9791557193,0.91039132,0.08960869,0.00000453,0.00009364,2934
11716,"/kaggle/input/datasets/arafatrahmann/my-data221/Epic and CSCR hospital Dataset/Test/pituitary/1486.jpg",3,pituitary,3,pituitary,0.0059183529,0.0073776566,0.0081944261,0.9785096049,0.91063937,0.08936063,0.00000428,0.00010430,3836
11720,"/kaggle/input/datasets/arafatrahmann/my-data221/Epic and CSCR hospital Dataset/Test/pituitary/1490.jpg",3,pituitary,3,pituitary,0.0057437839,0.0071210051,0.0079261530,0.9792091250,0.89839312,0.10160686,0.00000507,0.00008447,2840
11723,"/kaggle/input/datasets/arafatrahmann/my-data221/Epic and CSCR hospital Dataset/Test/pituitary/1493.jpg",3,pituitary,3,pituitary,0.0061914781,0.0067543476,0.0073897718,0.9796643257,0.90667002,0.09332997,0.00000516,0.00009693,3838
11727,"/kaggle/input/datasets/arafatrahmann/my-data221/Epic and CSCR hospital Dataset/Test/pituitary/1497.jpg",3,pituitary,3,pituitary,0.0061408570,0.0088775828,0.0078235380,0.9771578908,0.90104119,0.09895881,0.00000527,0.00010680,2972
11734,"/kaggle/input/datasets/arafatrahmann/my-data221/Epic and CSCR hospital Dataset/Test/pituitary/1504.jpg",3,pituitary,3,pituitary,0.0059434106,0.0078593818,0.0077368631,0.9784604311,0.90046945,0.09953056,0.00000511,0.00007377,3840
11735,"/kaggle/input/datasets/arafatrahmann/my-data221/Epic and CSCR hospital Dataset/Test/pituitary/1505.jpg",3,pituitary,3,pituitary,0.0060813157,0.0073981555,0.0072297091,0.9792908430,0.87494521,0.12505481,0.00000542,0.00007098,2865
11745,"/kaggle/input/datasets/arafatrahmann/my-data221/Epic and CSCR hospital Dataset/Test/pituitary/1515.jpg",3,pituitary,3,pituitary,0.0059837126,0.0071883323,0.0080717932,0.9787561297,0.88157897,0.11842102,0.00000651,0.00006419,2836
11754,"/kaggle/input/datasets/arafatrahmann/my-data221/Epic and CSCR hospital Dataset/Test/pituitary/1524.jpg",3,pituitary,3,pituitary,0.0060813893,0.0077276817,0.0079059601,0.9782849550,0.88921799,0.11078200,0.00000534,0.00010100,2878
11756,"/kaggle/input/datasets/arafatrahmann/my-data221/Epic and CSCR hospital Dataset/Test/pituitary/1526.jpg",3,pituitary,3,pituitary,0.0059697772,0.0068780370,0.0071521066,0.9800001979,0.90428299,0.09571702,0.00000430,0.00008077,3699
11766,"/kaggle/input/datasets/arafatrahmann/my-data221/Epic and CSCR hospital Dataset/Test/pituitary/1536.jpg",3,pituitary,3,pituitary,0.0059642070,0.0074080215,0.0071780188,0.9794497490,0.90195541,0.09804460,0.00000473,0.00007579,3850
11768,"/kaggle/input/datasets/arafatrahmann/my-data221/Epic and CSCR hospital Dataset/Test/pituitary/1538.jpg",3,pituitary,3,pituitary,0.0063455151,0.0073554032,0.0077337869,0.9785653353,0.90481514,0.09518485,0.00000471,0.00008541,2854
11771,"/kaggle/input/datasets/arafatrahmann/my-data221/Epic and CSCR hospital Dataset/Test/pituitary/1541.jpg",3,pituitary,3,pituitary,0.0059413887,0.0076266029,0.0075571747,0.9788748622,0.89358454,0.10641546,0.00000589,0.00009569,3852
11778,"/kaggle/input/datasets/arafatrahmann/my-data221/Epic and CSCR hospital Dataset/Test/pituitary/1548.jpg",3,pituitary,3,pituitary,0.0051677665,0.0078311786,0.0104348036,0.9765663147,0.88259000,0.11741001,0.00000965,0.00011269,2980
11782,"/kaggle/input/datasets/arafatrahmann/my-data221/Epic and CSCR hospital Dataset/Test/pituitary/1552.jpg",3,pituitary,3,pituitary,0.0052958848,0.0071286201,0.0090579633,0.9785174131,0.88208568,0.11791432,0.00000573,0.00005715,2952
11785,"/kaggle/input/datasets/arafatrahmann/my-data221/Epic and CSCR hospital Dataset/Test/pituitary/1555.jpg",3,pituitary,3,pituitary,0.0060141664,0.0076257638,0.0077509517,0.9786090851,0.89163185,0.10836816,0.00000540,0.00007421,3855
11791,"/kaggle/input/datasets/arafatrahmann/my-data221/Epic and CSCR hospital Dataset/Test/pituitary/1561.jpg",3,pituitary,3,pituitary,0.0060230251,0.0077871517,0.0071440162,0.9790457487,0.90376245,0.09623755,0.00000553,0.00009435,2911
11792,"/kaggle/input/datasets/arafatrahmann/my-data221/Epic and CSCR hospital Dataset/Test/pituitary/1562.jpg",3,pituitary,3,pituitary,0.0060958182,0.0084489314,0.0079517532,0.9775034785,0.88510662,0.11489339,0.00000549,0.00004980,2926
11796,"/kaggle/input/datasets/arafatrahmann/my-data221/Epic and CSCR hospital Dataset/Test/pituitary/1566.jpg",3,pituitary,3,pituitary,0.0058505945,0.0081619788,0.0069769369,0.9790104628,0.89181077,0.10818922,0.00000484,0.00005386,2755
11800,"/kaggle/input/datasets/arafatrahmann/my-data221/Epic and CSCR hospital Dataset/Test/pituitary/1570.jpg",3,pituitary,3,pituitary,0.0057798726,0.0094534466,0.0081869457,0.9765798450,0.91274670,0.08725329,0.00000452,0.00011927,2873
11808,"/kaggle/input/datasets/arafatrahmann/my-data221/Epic and CSCR hospital Dataset/Test/pituitary/1578.jpg",3,pituitary,3,pituitary,0.0056976983,0.0140685868,0.0116706342,0.9685630798,0.90394941,0.09605060,0.00000746,0.00019084,2849
11815,"/kaggle/input/datasets/arafatrahmann/my-data221/Epic and CSCR hospital Dataset/Test/pituitary/1585.jpg",3,pituitary,3,pituitary,0.0053844047,0.0071148486,0.0085639255,0.9789368510,0.88979921,0.11020079,0.00000669,0.00008704,2979
11817,"/kaggle/input/datasets/arafatrahmann/my-data221/Epic and CSCR hospital Dataset/Test/pituitary/1587.jpg",3,pituitary,3,pituitary,0.0061766952,0.0080419043,0.0077307099,0.9780507088,0.90692566,0.09307435,0.00000476,0.00007794,2874
11829,"/kaggle/input/datasets/arafatrahmann/my-data221/Epic and CSCR hospital Dataset/Test/pituitary/1599.jpg",3,pituitary,3,pituitary,0.0059709088,0.0093650436,0.0083834305,0.9762805700,0.89851832,0.10148168,0.00000616,0.00008100,2839
11832,"/kaggle/input/datasets/arafatrahmann/my-data221/Epic and CSCR hospital Dataset/Test/pituitary/1602.jpg",3,pituitary,3,pituitary,0.0060689305,0.0077190981,0.0073474222,0.9788644910,0.89887828,0.10112170,0.00000468,0.00006173,3045
11834,"/kaggle/input/datasets/arafatrahmann/my-data221/Epic and CSCR hospital Dataset/Test/pituitary/1604.jpg",3,pituitary,3,pituitary,0.0056297895,0.0074245930,0.0072795427,0.9796660542,0.88687287,0.11312714,0.00000551,0.00006110,2913
11847,"/kaggle/input/datasets/arafatrahmann/my-data221/Epic and CSCR hospital Dataset/Test/pituitary/1617.jpg",3,pituitary,3,pituitary,0.0059294524,0.0078240614,0.0077795908,0.9784668684,0.89146332,0.10853668,0.00000521,0.00008161,3865
11849,"/kaggle/input/datasets/arafatrahmann/my-data221/Epic and CSCR hospital Dataset/Test/pituitary/1642.jpg",3,pituitary,3,pituitary,0.0060899132,0.0079700314,0.0088070761,0.9771329761,0.89815773,0.10184227,0.00000601,0.00011632,2910
11850,"/kaggle/input/datasets/arafatrahmann/my-data221/Epic and CSCR hospital Dataset/Test/pituitary/1643.jpg",3,pituitary,3,pituitary,0.0063309870,0.0078747626,0.0072631268,0.9785311818,0.89914102,0.10085897,0.00000460,0.00008630,3866
11860,"/kaggle/input/datasets/arafatrahmann/my-data221/Epic and CSCR hospital Dataset/Test/pituitary/1653.jpg",3,pituitary,3,pituitary,0.0060102320,0.0071544023,0.0076396079,0.9791957736,0.89492381,0.10507618,0.00000463,0.00006019,3602
11864,"/kaggle/input/datasets/arafatrahmann/my-data221/Epic and CSCR hospital Dataset/Test/pituitary/1657.jpg",3,pituitary,3,pituitary,0.0059423307,0.0081758378,0.0074957116,0.9783861041,0.89151688,0.10848312,0.00000490,0.00008005,3871
11883,"/kaggle/input/datasets/arafatrahmann/my-data221/Epic and CSCR hospital Dataset/Test/pituitary/image(34).jpg",3,pituitary,3,pituitary,0.0045869509,0.0075034900,0.1217790619,0.8661304712,0.76099938,0.23900062,0.00098527,0.00043864,2812
11884,"/kaggle/input/datasets/arafatrahmann/my-data221/Epic and CSCR hospital Dataset/Test/pituitary/image(35).jpg",3,pituitary,3,pituitary,0.0056463792,0.0082842242,0.0082055386,0.9778639078,0.90570759,0.09429243,0.00000598,0.00010647,2814
11885,"/kaggle/input/datasets/arafatrahmann/my-data221/Epic and CSCR hospital Dataset/Test/pituitary/image(36).jpg",3,pituitary,3,pituitary,0.0055959718,0.0083906548,0.0082874298,0.9777258635,0.87728168,0.12271831,0.00000646,0.00008531,2814
11886,"/kaggle/input/datasets/arafatrahmann/my-data221/Epic and CSCR hospital Dataset/Test/pituitary/image(37).jpg",3,pituitary,3,pituitary,0.0056263474,0.0083152242,0.0082375444,0.9778209925,0.89586254,0.10413745,0.00000595,0.00009508,2814
11920,"/kaggle/input/datasets/arafatrahmann/my-data221/Epic and CSCR hospital Dataset/Test/pituitary/p (337).jpg",3,pituitary,3,pituitary,0.0057578408,0.0087639987,0.0081168562,0.9773613214,0.91256887,0.08743114,0.00000540,0.00012619,3084
11927,"/kaggle/input/datasets/arafatrahmann/my-data221/Epic and CSCR hospital Dataset/Test/pituitary/p (367).jpg",3,pituitary,3,pituitary,0.0059639788,0.0093941372,0.0079996902,0.9766422510,0.91292247,0.08707752,0.00000431,0.00012881,3107
11928,"/kaggle/input/datasets/arafatrahmann/my-data221/Epic and CSCR hospital Dataset/Test/pituitary/p (368).jpg",3,pituitary,3,pituitary,0.0058355280,0.0086045051,0.0083800880,0.9771798849,0.90482695,0.09517303,0.00000551,0.00009348,3108
11937,"/kaggle/input/datasets/arafatrahmann/my-data221/Epic and CSCR hospital Dataset/Test/pituitary/p (376).jpg",3,pituitary,3,pituitary,0.0060390276,0.0073709353,0.0075356700,0.9790544510,0.88960096,0.11039906,0.00000441,0.00006444,3115
11938,"/kaggle/input/datasets/arafatrahmann/my-data221/Epic and CSCR hospital Dataset/Test/pituitary/p (377).jpg",3,pituitary,3,pituitary,0.0059869513,0.0073340684,0.0076604960,0.9790185094,0.88210210,0.11789789,0.00000681,0.00009405,3115
11939,"/kaggle/input/datasets/arafatrahmann/my-data221/Epic and CSCR hospital Dataset/Test/pituitary/p (378).jpg",3,pituitary,3,pituitary,0.0061364924,0.0069955527,0.0072874315,0.9795805216,0.89921122,0.10078878,0.00000588,0.00009722,3115
11941,"/kaggle/input/datasets/arafatrahmann/my-data221/Epic and CSCR hospital Dataset/Test/pituitary/p (38).jpg",3,pituitary,3,pituitary,0.0060820631,0.0075954376,0.0075834184,0.9787390828,0.89452751,0.10547249,0.00000557,0.00007326,3117
11955,"/kaggle/input/datasets/arafatrahmann/my-data221/Epic and CSCR hospital Dataset/Test/pituitary/p (392).jpg",3,pituitary,3,pituitary,0.0058483919,0.0081930291,0.0071895914,0.9787690043,0.90866881,0.09133119,0.00000467,0.00010477,3125
11956,"/kaggle/input/datasets/arafatrahmann/my-data221/Epic and CSCR hospital Dataset/Test/pituitary/p (393).jpg",3,pituitary,3,pituitary,0.0057805236,0.0079984823,0.0077042831,0.9785166979,0.89294189,0.10705810,0.00000547,0.00006865,3125
11957,"/kaggle/input/datasets/arafatrahmann/my-data221/Epic and CSCR hospital Dataset/Test/pituitary/p (394).jpg",3,pituitary,3,pituitary,0.0058374233,0.0085914833,0.0080403183,0.9775308371,0.90837498,0.09162503,0.00000496,0.00010243,3125
11960,"/kaggle/input/datasets/arafatrahmann/my-data221/Epic and CSCR hospital Dataset/Test/pituitary/p (397).jpg",3,pituitary,3,pituitary,0.0056548631,0.0091205845,0.0097121103,0.9755125046,0.91441116,0.08558885,0.00000584,0.00015236,3128
11963,"/kaggle/input/datasets/arafatrahmann/my-data221/Epic and CSCR hospital Dataset/Test/pituitary/p (4).jpg",3,pituitary,3,pituitary,0.0059867678,0.0067529990,0.0071930839,0.9800671339,0.88538785,0.11461217,0.00000537,0.00006779,2760
11968,"/kaggle/input/datasets/arafatrahmann/my-data221/Epic and CSCR hospital Dataset/Test/pituitary/p (403).jpg",3,pituitary,3,pituitary,0.0057923649,0.0111466134,0.0075834380,0.9754775763,0.91095386,0.08904616,0.00000523,0.00013889,3134
11974,"/kaggle/input/datasets/arafatrahmann/my-data221/Epic and CSCR hospital Dataset/Test/pituitary/p (409).jpg",3,pituitary,3,pituitary,0.0065012402,0.0077208309,0.0074172923,0.9783606529,0.88280351,0.11719651,0.00000534,0.00007590,2804
11979,"/kaggle/input/datasets/arafatrahmann/my-data221/Epic and CSCR hospital Dataset/Test/pituitary/p (413).jpg",3,pituitary,3,pituitary,0.0062958472,0.0070821382,0.0072621950,0.9793598056,0.89805543,0.10194457,0.00000472,0.00007833,2804
11980,"/kaggle/input/datasets/arafatrahmann/my-data221/Epic and CSCR hospital Dataset/Test/pituitary/p (414).jpg",3,pituitary,3,pituitary,0.0065302001,0.0069905878,0.0072711171,0.9792081118,0.89863708,0.10136292,0.00000550,0.00007988,2804
11985,"/kaggle/input/datasets/arafatrahmann/my-data221/Epic and CSCR hospital Dataset/Test/pituitary/p (419).jpg",3,pituitary,3,pituitary,0.0059585739,0.0080055436,0.0076619023,0.9783740044,0.90410133,0.09589866,0.00000532,0.00010292,3145
11987,"/kaggle/input/datasets/arafatrahmann/my-data221/Epic and CSCR hospital Dataset/Test/pituitary/p (420).jpg",3,pituitary,3,pituitary,0.0058296164,0.0079351030,0.0071971915,0.9790381193,0.88450282,0.11549717,0.00000547,0.00006474,3145
11988,"/kaggle/input/datasets/arafatrahmann/my-data221/Epic and CSCR hospital Dataset/Test/pituitary/p (421).jpg",3,pituitary,3,pituitary,0.0058173928,0.0078298803,0.0070081553,0.9793445468,0.89418498,0.10581501,0.00000515,0.00008717,3145
11989,"/kaggle/input/datasets/arafatrahmann/my-data221/Epic and CSCR hospital Dataset/Test/pituitary/p (422).jpg",3,pituitary,3,pituitary,0.0058398014,0.0078914296,0.0072317412,0.9790369868,0.90890548,0.09109452,0.00000470,0.00009272,3145
11990,"/kaggle/input/datasets/arafatrahmann/my-data221/Epic and CSCR hospital Dataset/Test/pituitary/p (423).jpg",3,pituitary,3,pituitary,0.0059453663,0.0080871787,0.0074901707,0.9784772992,0.90257097,0.09742903,0.00000381,0.00007027,3145
11994,"/kaggle/input/datasets/arafatrahmann/my-data221/Epic and CSCR hospital Dataset/Test/pituitary/p (427).jpg",3,pituitary,3,pituitary,0.0059736655,0.0076102512,0.0070756287,0.9793404341,0.90326141,0.09673859,0.00000627,0.00009898,3150
11996,"/kaggle/input/datasets/arafatrahmann/my-data221/Epic and CSCR hospital Dataset/Test/pituitary/p (429).jpg",3,pituitary,3,pituitary,0.0063171806,0.0068995180,0.0071615949,0.9796217680,0.90073236,0.09926762,0.00000602,0.00007617,2804
11998,"/kaggle/input/datasets/arafatrahmann/my-data221/Epic and CSCR hospital Dataset/Test/pituitary/p (430).jpg",3,pituitary,3,pituitary,0.0062005389,0.0071434616,0.0071052336,0.9795507193,0.89721152,0.10278849,0.00000485,0.00008292,3151
12007,"/kaggle/input/datasets/arafatrahmann/my-data221/Epic and CSCR hospital Dataset/Test/pituitary/p (439).jpg",3,pituitary,3,pituitary,0.0055125747,0.0067270705,0.0077779666,0.9799823761,0.90565044,0.09434956,0.00000566,0.00009769,3158
12009,"/kaggle/input/datasets/arafatrahmann/my-data221/Epic and CSCR hospital Dataset/Test/pituitary/p (440).jpg",3,pituitary,3,pituitary,0.0056338040,0.0062878272,0.0073906817,0.9806877375,0.87882583,0.12117418,0.00000579,0.00007837,3158
12014,"/kaggle/input/datasets/arafatrahmann/my-data221/Epic and CSCR hospital Dataset/Test/pituitary/p (445).jpg",3,pituitary,3,pituitary,0.0060704844,0.0078379447,0.0072561339,0.9788354635,0.90879718,0.09120282,0.00000422,0.00007701,2754
12015,"/kaggle/input/datasets/arafatrahmann/my-data221/Epic and CSCR hospital Dataset/Test/pituitary/p (446).jpg",3,pituitary,3,pituitary,0.0061754775,0.0081796199,0.0073331306,0.9783118367,0.89618711,0.10381290,0.00000542,0.00008870,2754
12016,"/kaggle/input/datasets/arafatrahmann/my-data221/Epic and CSCR hospital Dataset/Test/pituitary/p (447).jpg",3,pituitary,3,pituitary,0.0060459767,0.0080592837,0.0072736279,0.9786211252,0.91154889,0.08845110,0.00000456,0.00010867,2754
12021,"/kaggle/input/datasets/arafatrahmann/my-data221/Epic and CSCR hospital Dataset/Test/pituitary/p (451).jpg",3,pituitary,3,pituitary,0.0056265937,0.0075686947,0.0070745475,0.9797301292,0.86926849,0.13073150,0.00000553,0.00005496,3045
12022,"/kaggle/input/datasets/arafatrahmann/my-data221/Epic and CSCR hospital Dataset/Test/pituitary/p (452).jpg",3,pituitary,3,pituitary,0.0059342319,0.0077008032,0.0077216499,0.9786432981,0.90387542,0.09612458,0.00000490,0.00008242,3166
12025,"/kaggle/input/datasets/arafatrahmann/my-data221/Epic and CSCR hospital Dataset/Test/pituitary/p (455).jpg",3,pituitary,3,pituitary,0.0058112764,0.0078779813,0.0071293339,0.9791814089,0.88439466,0.11560533,0.00000522,0.00008207,3169
12031,"/kaggle/input/datasets/arafatrahmann/my-data221/Epic and CSCR hospital Dataset/Test/pituitary/p (460).jpg",3,pituitary,3,pituitary,0.0115911420,0.0694485456,0.0076182755,0.9113420248,0.89534445,0.10465557,0.00009299,0.00088702,3173
12032,"/kaggle/input/datasets/arafatrahmann/my-data221/Epic and CSCR hospital Dataset/Test/pituitary/p (461).jpg",3,pituitary,3,pituitary,0.0059267785,0.0074709514,0.0076854415,0.9789168239,0.90487828,0.09512173,0.00000503,0.00009459,3173
12034,"/kaggle/input/datasets/arafatrahmann/my-data221/Epic and CSCR hospital Dataset/Test/pituitary/p (463).jpg",3,pituitary,3,pituitary,0.0059450399,0.0070900815,0.0072600679,0.9797048569,0.89830328,0.10169672,0.00000561,0.00007225,3173
12035,"/kaggle/input/datasets/arafatrahmann/my-data221/Epic and CSCR hospital Dataset/Test/pituitary/p (464).jpg",3,pituitary,3,pituitary,0.0064834766,0.0196599923,0.0079847714,0.9658716917,0.91488062,0.08511940,0.00000502,0.00071990,3173
12049,"/kaggle/input/datasets/arafatrahmann/my-data221/Epic and CSCR hospital Dataset/Test/pituitary/p (477).jpg",3,pituitary,3,pituitary,0.0060195671,0.0077436292,0.0077763326,0.9784604311,0.89947112,0.10052886,0.00000704,0.00008588,3183
12052,"/kaggle/input/datasets/arafatrahmann/my-data221/Epic and CSCR hospital Dataset/Test/pituitary/p (48).jpg",3,pituitary,3,pituitary,0.0059718108,0.0073623704,0.0075696209,0.9790962338,0.88811359,0.11188641,0.00000587,0.00007741,3186
12054,"/kaggle/input/datasets/arafatrahmann/my-data221/Epic and CSCR hospital Dataset/Test/pituitary/p (49).jpg",3,pituitary,3,pituitary,0.0058168694,0.0071964650,0.0084921382,0.9784945250,0.90526434,0.09473567,0.00000531,0.00009528,3197
12056,"/kaggle/input/datasets/arafatrahmann/my-data221/Epic and CSCR hospital Dataset/Test/pituitary/p (50).jpg",3,pituitary,3,pituitary,0.0058735148,0.0073863654,0.0078619858,0.9788781404,0.87797854,0.12202146,0.00000547,0.00005839,3197
12057,"/kaggle/input/datasets/arafatrahmann/my-data221/Epic and CSCR hospital Dataset/Test/pituitary/p (51).jpg",3,pituitary,3,pituitary,0.0051214481,0.0067457631,0.0119725056,0.9761603475,0.89709544,0.10290457,0.00001206,0.00017437,3197
12062,"/kaggle/input/datasets/arafatrahmann/my-data221/Epic and CSCR hospital Dataset/Test/pituitary/p (56).jpg",3,pituitary,3,pituitary,0.0059003001,0.0080290716,0.0076017631,0.9784688950,0.89596719,0.10403280,0.00000454,0.00005396,3259
