sample_index,path,true_index,true_class,pred_index,pred_class,prob_glioma,prob_meningioma,prob_notumor,prob_pituitary,w_graph,w_image,u_graph,u_image,group
7,"/kaggle/input/datasets/arafatrahmann/my-data221/Epic and CSCR hospital Dataset/Train/glioma/G_705.jpg",0,glioma,0,glioma,0.9807742238,0.0058437274,0.0071486137,0.0062334221,0.08553580,0.91446421,0.00014190,0.00000595,2
8,"/kaggle/input/datasets/arafatrahmann/my-data221/Epic and CSCR hospital Dataset/Train/glioma/G_705_BR_.jpg",0,glioma,0,glioma,0.9808241129,0.0058467020,0.0069862097,0.0063430676,0.14932080,0.85067920,0.00008466,0.00000714,2
9,"/kaggle/input/datasets/arafatrahmann/my-data221/Epic and CSCR hospital Dataset/Train/glioma/G_705_DA_.jpg",0,glioma,0,glioma,0.9804626703,0.0055777961,0.0073163100,0.0066432408,0.08565028,0.91434972,0.00015571,0.00000563,2
10,"/kaggle/input/datasets/arafatrahmann/my-data221/Epic and CSCR hospital Dataset/Train/glioma/G_705_HF_.jpg",0,glioma,0,glioma,0.9806286693,0.0060222992,0.0071112588,0.0062378449,0.08467262,0.91532738,0.00017232,0.00000711,2
11,"/kaggle/input/datasets/arafatrahmann/my-data221/Epic and CSCR hospital Dataset/Train/glioma/G_705_RO_.jpg",0,glioma,0,glioma,0.9807853699,0.0058396142,0.0070568994,0.0063180542,0.08618889,0.91381110,0.00014792,0.00000589,2
12,"/kaggle/input/datasets/arafatrahmann/my-data221/Epic and CSCR hospital Dataset/Train/glioma/G_705_SP_.jpg",0,glioma,0,glioma,0.9800968170,0.0058061006,0.0076195807,0.0064774579,0.08899560,0.91100439,0.00013723,0.00000673,2
13,"/kaggle/input/datasets/arafatrahmann/my-data221/Epic and CSCR hospital Dataset/Train/glioma/G_705_VF_.jpg",0,glioma,0,glioma,0.9808347821,0.0057216655,0.0069962144,0.0064473539,0.09448010,0.90551990,0.00011488,0.00000670,2
105,"/kaggle/input/datasets/arafatrahmann/my-data221/Epic and CSCR hospital Dataset/Train/glioma/G_719.jpg",0,glioma,0,glioma,0.9808524251,0.0059582242,0.0069412761,0.0062481267,0.09344322,0.90655680,0.00009396,0.00000629,2
106,"/kaggle/input/datasets/arafatrahmann/my-data221/Epic and CSCR hospital Dataset/Train/glioma/G_719_BR_.jpg",0,glioma,0,glioma,0.9803167582,0.0058617140,0.0070492057,0.0067722769,0.09526477,0.90473524,0.00011966,0.00000524,2
107,"/kaggle/input/datasets/arafatrahmann/my-data221/Epic and CSCR hospital Dataset/Train/glioma/G_719_DA_.jpg",0,glioma,0,glioma,0.9805291891,0.0056332177,0.0072349571,0.0066025816,0.09488950,0.90511049,0.00011929,0.00000620,2
108,"/kaggle/input/datasets/arafatrahmann/my-data221/Epic and CSCR hospital Dataset/Train/glioma/G_719_HF_.jpg",0,glioma,0,glioma,0.9807791710,0.0060391743,0.0069430219,0.0062386161,0.09321343,0.90678657,0.00012526,0.00000690,2
109,"/kaggle/input/datasets/arafatrahmann/my-data221/Epic and CSCR hospital Dataset/Train/glioma/G_719_RO_.jpg",0,glioma,0,glioma,0.9808509946,0.0059813652,0.0070167282,0.0061508818,0.10137356,0.89862643,0.00013224,0.00000700,2
110,"/kaggle/input/datasets/arafatrahmann/my-data221/Epic and CSCR hospital Dataset/Train/glioma/G_719_SP_.jpg",0,glioma,0,glioma,0.9802610278,0.0055682175,0.0076630488,0.0065076118,0.08464737,0.91535262,0.00015781,0.00000641,2
111,"/kaggle/input/datasets/arafatrahmann/my-data221/Epic and CSCR hospital Dataset/Train/glioma/G_719_VF_.jpg",0,glioma,0,glioma,0.9807962179,0.0057345293,0.0070392131,0.0064300196,0.09894982,0.90105018,0.00011813,0.00000803,2
161,"/kaggle/input/datasets/arafatrahmann/my-data221/Epic and CSCR hospital Dataset/Train/glioma/G_727.jpg",0,glioma,0,glioma,0.9803788066,0.0061582290,0.0069102952,0.0065526916,0.08054531,0.91945469,0.00016542,0.00000465,19
162,"/kaggle/input/datasets/arafatrahmann/my-data221/Epic and CSCR hospital Dataset/Train/glioma/G_727_BR_.jpg",0,glioma,0,glioma,0.9805455208,0.0059767193,0.0070102029,0.0064676264,0.10645335,0.89354666,0.00010330,0.00000596,19
163,"/kaggle/input/datasets/arafatrahmann/my-data221/Epic and CSCR hospital Dataset/Train/glioma/G_727_DA_.jpg",0,glioma,0,glioma,0.9804128408,0.0055594957,0.0072787912,0.0067488411,0.08989604,0.91010396,0.00013948,0.00000570,19
164,"/kaggle/input/datasets/arafatrahmann/my-data221/Epic and CSCR hospital Dataset/Train/glioma/G_727_HF_.jpg",0,glioma,0,glioma,0.9806254506,0.0060807308,0.0068415180,0.0064523742,0.10232288,0.89767712,0.00014058,0.00000645,19
165,"/kaggle/input/datasets/arafatrahmann/my-data221/Epic and CSCR hospital Dataset/Train/glioma/G_727_RO_.jpg",0,glioma,0,glioma,0.9801908731,0.0062183612,0.0071680127,0.0064227195,0.08326472,0.91673528,0.00018443,0.00000578,19
166,"/kaggle/input/datasets/arafatrahmann/my-data221/Epic and CSCR hospital Dataset/Train/glioma/G_727_SP_.jpg",0,glioma,0,glioma,0.9806039929,0.0055286177,0.0072903321,0.0065770438,0.10122454,0.89877545,0.00013760,0.00000686,19
167,"/kaggle/input/datasets/arafatrahmann/my-data221/Epic and CSCR hospital Dataset/Train/glioma/G_727_VF_.jpg",0,glioma,0,glioma,0.9805088043,0.0057520987,0.0073083555,0.0064307591,0.08656151,0.91343849,0.00018669,0.00000668,19
168,"/kaggle/input/datasets/arafatrahmann/my-data221/Epic and CSCR hospital Dataset/Train/glioma/G_728.jpg",0,glioma,0,glioma,0.9806028605,0.0061409557,0.0068660132,0.0063901669,0.09521457,0.90478542,0.00014396,0.00000691,19
169,"/kaggle/input/datasets/arafatrahmann/my-data221/Epic and CSCR hospital Dataset/Train/glioma/G_728_BR_.jpg",0,glioma,0,glioma,0.9805885553,0.0059878891,0.0070371078,0.0063864640,0.10711080,0.89288923,0.00012661,0.00000775,19
170,"/kaggle/input/datasets/arafatrahmann/my-data221/Epic and CSCR hospital Dataset/Train/glioma/G_728_DA_.jpg",0,glioma,0,glioma,0.9805712700,0.0056136986,0.0071775466,0.0066375099,0.11168972,0.88831030,0.00012647,0.00000631,19
171,"/kaggle/input/datasets/arafatrahmann/my-data221/Epic and CSCR hospital Dataset/Train/glioma/G_728_HF_.jpg",0,glioma,0,glioma,0.9806053042,0.0061297398,0.0068715974,0.0063933418,0.09725997,0.90274002,0.00014167,0.00000730,19
172,"/kaggle/input/datasets/arafatrahmann/my-data221/Epic and CSCR hospital Dataset/Train/glioma/G_728_RO_.jpg",0,glioma,0,glioma,0.9805289507,0.0058858083,0.0071902038,0.0063950131,0.08694085,0.91305916,0.00016278,0.00000605,19
173,"/kaggle/input/datasets/arafatrahmann/my-data221/Epic and CSCR hospital Dataset/Train/glioma/G_728_SP_.jpg",0,glioma,0,glioma,0.9807071686,0.0054846145,0.0072548976,0.0065533677,0.09721964,0.90278034,0.00011186,0.00000528,19
174,"/kaggle/input/datasets/arafatrahmann/my-data221/Epic and CSCR hospital Dataset/Train/glioma/G_728_VF_.jpg",0,glioma,0,glioma,0.9807449579,0.0056961947,0.0071585625,0.0064002583,0.08897154,0.91102846,0.00015668,0.00000615,19
175,"/kaggle/input/datasets/arafatrahmann/my-data221/Epic and CSCR hospital Dataset/Train/glioma/G_729.jpg",0,glioma,0,glioma,0.9806514978,0.0060251271,0.0069367634,0.0063866572,0.09330167,0.90669832,0.00011529,0.00000610,19
176,"/kaggle/input/datasets/arafatrahmann/my-data221/Epic and CSCR hospital Dataset/Train/glioma/G_729_BR_.jpg",0,glioma,0,glioma,0.9804946184,0.0058784145,0.0072077974,0.0064192452,0.10284560,0.89715439,0.00010552,0.00000621,19
177,"/kaggle/input/datasets/arafatrahmann/my-data221/Epic and CSCR hospital Dataset/Train/glioma/G_729_DA_.jpg",0,glioma,0,glioma,0.9805067778,0.0055072699,0.0072767846,0.0067091174,0.11068074,0.88931926,0.00015341,0.00000606,19
178,"/kaggle/input/datasets/arafatrahmann/my-data221/Epic and CSCR hospital Dataset/Train/glioma/G_729_HF_.jpg",0,glioma,0,glioma,0.9807252884,0.0059722038,0.0069576045,0.0063449750,0.10153779,0.89846220,0.00013565,0.00000543,19
179,"/kaggle/input/datasets/arafatrahmann/my-data221/Epic and CSCR hospital Dataset/Train/glioma/G_729_RO_.jpg",0,glioma,0,glioma,0.9806771278,0.0057041482,0.0071948604,0.0064238692,0.08845433,0.91154569,0.00012632,0.00000638,19
180,"/kaggle/input/datasets/arafatrahmann/my-data221/Epic and CSCR hospital Dataset/Train/glioma/G_729_SP_.jpg",0,glioma,0,glioma,0.9807493091,0.0054343459,0.0072347261,0.0065816105,0.09930533,0.90069466,0.00012465,0.00000668,19
181,"/kaggle/input/datasets/arafatrahmann/my-data221/Epic and CSCR hospital Dataset/Train/glioma/G_729_VF_.jpg",0,glioma,0,glioma,0.9807815552,0.0055699442,0.0072025233,0.0064460598,0.08876613,0.91123387,0.00013281,0.00000544,19
189,"/kaggle/input/datasets/arafatrahmann/my-data221/Epic and CSCR hospital Dataset/Train/glioma/G_731.jpg",0,glioma,0,glioma,0.9806889296,0.0061099515,0.0068525732,0.0063485391,0.10752464,0.89247538,0.00013416,0.00000705,21
190,"/kaggle/input/datasets/arafatrahmann/my-data221/Epic and CSCR hospital Dataset/Train/glioma/G_731_BR_.jpg",0,glioma,0,glioma,0.9805902243,0.0057597966,0.0072971582,0.0063527534,0.10892261,0.89107739,0.00008704,0.00000617,21
191,"/kaggle/input/datasets/arafatrahmann/my-data221/Epic and CSCR hospital Dataset/Train/glioma/G_731_DA_.jpg",0,glioma,0,glioma,0.9802673459,0.0054940106,0.0074589713,0.0067797443,0.07888689,0.92111310,0.00024270,0.00000682,21
192,"/kaggle/input/datasets/arafatrahmann/my-data221/Epic and CSCR hospital Dataset/Train/glioma/G_731_HF_.jpg",0,glioma,0,glioma,0.9805222750,0.0060086260,0.0070152236,0.0064540044,0.08810271,0.91189728,0.00019346,0.00000626,21
193,"/kaggle/input/datasets/arafatrahmann/my-data221/Epic and CSCR hospital Dataset/Train/glioma/G_731_RO_.jpg",0,glioma,0,glioma,0.9804817438,0.0056072162,0.0075571239,0.0063538281,0.08542459,0.91457540,0.00015972,0.00000621,21
194,"/kaggle/input/datasets/arafatrahmann/my-data221/Epic and CSCR hospital Dataset/Train/glioma/G_731_SP_.jpg",0,glioma,0,glioma,0.9805842638,0.0056261988,0.0073293373,0.0064601996,0.10254387,0.89745614,0.00008788,0.00000745,21
195,"/kaggle/input/datasets/arafatrahmann/my-data221/Epic and CSCR hospital Dataset/Train/glioma/G_731_VF_.jpg",0,glioma,0,glioma,0.9806820750,0.0057201865,0.0070634959,0.0065342039,0.08867035,0.91132963,0.00014966,0.00000660,21
203,"/kaggle/input/datasets/arafatrahmann/my-data221/Epic and CSCR hospital Dataset/Train/glioma/G_733.jpg",0,glioma,0,glioma,0.9808231592,0.0059704287,0.0068391697,0.0063673817,0.09319244,0.90680755,0.00014578,0.00000659,21
204,"/kaggle/input/datasets/arafatrahmann/my-data221/Epic and CSCR hospital Dataset/Train/glioma/G_733_BR_.jpg",0,glioma,0,glioma,0.9806293249,0.0056943009,0.0072953105,0.0063810488,0.10114408,0.89885592,0.00008340,0.00000595,21
205,"/kaggle/input/datasets/arafatrahmann/my-data221/Epic and CSCR hospital Dataset/Train/glioma/G_733_DA_.jpg",0,glioma,0,glioma,0.9803582430,0.0054820767,0.0075654341,0.0065941662,0.09350261,0.90649739,0.00016495,0.00000700,21
206,"/kaggle/input/datasets/arafatrahmann/my-data221/Epic and CSCR hospital Dataset/Train/glioma/G_733_HF_.jpg",0,glioma,0,glioma,0.9806675911,0.0059980331,0.0069222683,0.0064120912,0.08588530,0.91411471,0.00014273,0.00000598,21
207,"/kaggle/input/datasets/arafatrahmann/my-data221/Epic and CSCR hospital Dataset/Train/glioma/G_733_RO_.jpg",0,glioma,0,glioma,0.9807457924,0.0059108678,0.0070431950,0.0063001462,0.08874650,0.91125351,0.00020532,0.00000646,21
208,"/kaggle/input/datasets/arafatrahmann/my-data221/Epic and CSCR hospital Dataset/Train/glioma/G_733_SP_.jpg",0,glioma,0,glioma,0.9809482694,0.0055026347,0.0071584294,0.0063906917,0.09942492,0.90057508,0.00012319,0.00000653,21
209,"/kaggle/input/datasets/arafatrahmann/my-data221/Epic and CSCR hospital Dataset/Train/glioma/G_733_VF_.jpg",0,glioma,0,glioma,0.9806532860,0.0060137273,0.0068591312,0.0064737932,0.08344619,0.91655381,0.00021169,0.00000644,21
336,"/kaggle/input/datasets/arafatrahmann/my-data221/Epic and CSCR hospital Dataset/Train/glioma/G_752.jpg",0,glioma,0,glioma,0.9809053540,0.0054333401,0.0071319728,0.0065294104,0.09631403,0.90368597,0.00015079,0.00000885,31
337,"/kaggle/input/datasets/arafatrahmann/my-data221/Epic and CSCR hospital Dataset/Train/glioma/G_752_BR_.jpg",0,glioma,0,glioma,0.9801023602,0.0054111788,0.0073269503,0.0071595134,0.09735048,0.90264954,0.00010676,0.00000705,31
338,"/kaggle/input/datasets/arafatrahmann/my-data221/Epic and CSCR hospital Dataset/Train/glioma/G_752_DA_.jpg",0,glioma,0,glioma,0.9803054929,0.0050672791,0.0077512460,0.0068759969,0.12632230,0.87367770,0.00012075,0.00000770,31
339,"/kaggle/input/datasets/arafatrahmann/my-data221/Epic and CSCR hospital Dataset/Train/glioma/G_752_HF_.jpg",0,glioma,0,glioma,0.9808085561,0.0053717713,0.0071795983,0.0066400589,0.08820315,0.91179687,0.00011812,0.00000579,31
340,"/kaggle/input/datasets/arafatrahmann/my-data221/Epic and CSCR hospital Dataset/Train/glioma/G_752_RO_.jpg",0,glioma,0,glioma,0.9807735682,0.0055758455,0.0072081825,0.0064424044,0.09461692,0.90538305,0.00011989,0.00000569,31
341,"/kaggle/input/datasets/arafatrahmann/my-data221/Epic and CSCR hospital Dataset/Train/glioma/G_752_SP_.jpg",0,glioma,0,glioma,0.9807091951,0.0054423730,0.0071961768,0.0066523217,0.08979117,0.91020884,0.00014989,0.00000505,31
342,"/kaggle/input/datasets/arafatrahmann/my-data221/Epic and CSCR hospital Dataset/Train/glioma/G_752_VF_.jpg",0,glioma,0,glioma,0.9809347391,0.0051895492,0.0074215503,0.0064542554,0.10930502,0.89069498,0.00012818,0.00000568,31
399,"/kaggle/input/datasets/arafatrahmann/my-data221/Epic and CSCR hospital Dataset/Train/glioma/G_761.jpg",0,glioma,0,glioma,0.9807798266,0.0051629031,0.0068156943,0.0072415783,0.10683697,0.89316303,0.00013694,0.00000652,37
400,"/kaggle/input/datasets/arafatrahmann/my-data221/Epic and CSCR hospital Dataset/Train/glioma/G_761_BR_.jpg",0,glioma,0,glioma,0.9793615341,0.0046424950,0.0071619665,0.0088339709,0.09039390,0.90960612,0.00014025,0.00000737,37
401,"/kaggle/input/datasets/arafatrahmann/my-data221/Epic and CSCR hospital Dataset/Train/glioma/G_761_DA_.jpg",0,glioma,0,glioma,0.9722087979,0.0037907832,0.0111270417,0.0128734959,0.08934254,0.91065744,0.00021487,0.00001362,37
402,"/kaggle/input/datasets/arafatrahmann/my-data221/Epic and CSCR hospital Dataset/Train/glioma/G_761_HF_.jpg",0,glioma,0,glioma,0.9806498289,0.0052547646,0.0069747595,0.0071206256,0.08676323,0.91323675,0.00016154,0.00000574,37
403,"/kaggle/input/datasets/arafatrahmann/my-data221/Epic and CSCR hospital Dataset/Train/glioma/G_761_RO_.jpg",0,glioma,0,glioma,0.9792031050,0.0043813521,0.0067401854,0.0096753435,0.09872547,0.90127452,0.00010968,0.00000656,37
404,"/kaggle/input/datasets/arafatrahmann/my-data221/Epic and CSCR hospital Dataset/Train/glioma/G_761_SP_.jpg",0,glioma,0,glioma,0.9801222086,0.0050190091,0.0069306223,0.0079282746,0.09641152,0.90358847,0.00013159,0.00000708,37
405,"/kaggle/input/datasets/arafatrahmann/my-data221/Epic and CSCR hospital Dataset/Train/glioma/G_761_VF_.jpg",0,glioma,0,glioma,0.9791348577,0.0043220948,0.0071719252,0.0093711112,0.09213774,0.90786225,0.00011413,0.00000644,37
420,"/kaggle/input/datasets/arafatrahmann/my-data221/Epic and CSCR hospital Dataset/Train/glioma/G_764.jpg",0,glioma,0,glioma,0.9807988405,0.0055723833,0.0070737512,0.0065550869,0.08698986,0.91301015,0.00016195,0.00000615,40
421,"/kaggle/input/datasets/arafatrahmann/my-data221/Epic and CSCR hospital Dataset/Train/glioma/G_764_BR_.jpg",0,glioma,0,glioma,0.9804293513,0.0053928946,0.0072241286,0.0069535868,0.10496593,0.89503409,0.00011887,0.00000625,40
422,"/kaggle/input/datasets/arafatrahmann/my-data221/Epic and CSCR hospital Dataset/Train/glioma/G_764_DA_.jpg",0,glioma,0,glioma,0.9804786444,0.0051772008,0.0073352009,0.0070089502,0.09653228,0.90346770,0.00012587,0.00000782,40
423,"/kaggle/input/datasets/arafatrahmann/my-data221/Epic and CSCR hospital Dataset/Train/glioma/G_764_HF_.jpg",0,glioma,0,glioma,0.9811383486,0.0056750108,0.0069155232,0.0062712347,0.11484430,0.88515570,0.00012609,0.00000796,40
424,"/kaggle/input/datasets/arafatrahmann/my-data221/Epic and CSCR hospital Dataset/Train/glioma/G_764_RO_.jpg",0,glioma,0,glioma,0.9806836843,0.0058539407,0.0070025302,0.0064598122,0.15878723,0.84121278,0.00011813,0.00000663,40
425,"/kaggle/input/datasets/arafatrahmann/my-data221/Epic and CSCR hospital Dataset/Train/glioma/G_764_SP_.jpg",0,glioma,0,glioma,0.9807481766,0.0055315127,0.0069587515,0.0067614773,0.11174487,0.88825513,0.00012117,0.00000862,40
426,"/kaggle/input/datasets/arafatrahmann/my-data221/Epic and CSCR hospital Dataset/Train/glioma/G_764_VF_.jpg",0,glioma,0,glioma,0.9806931615,0.0056741303,0.0069632619,0.0066693425,0.08643547,0.91356454,0.00013548,0.00000647,40
511,"/kaggle/input/datasets/arafatrahmann/my-data221/Epic and CSCR hospital Dataset/Train/glioma/G_777.jpg",0,glioma,0,glioma,0.9806436300,0.0057988456,0.0067862375,0.0067711612,0.09636874,0.90363126,0.00014864,0.00000719,48
512,"/kaggle/input/datasets/arafatrahmann/my-data221/Epic and CSCR hospital Dataset/Train/glioma/G_777_BR_.jpg",0,glioma,0,glioma,0.9803579450,0.0056202607,0.0068713366,0.0071504200,0.10234098,0.89765903,0.00010661,0.00000659,48
513,"/kaggle/input/datasets/arafatrahmann/my-data221/Epic and CSCR hospital Dataset/Train/glioma/G_777_DA_.jpg",0,glioma,0,glioma,0.9806320071,0.0053254729,0.0071929321,0.0068495511,0.11125877,0.88874120,0.00009566,0.00000555,48
514,"/kaggle/input/datasets/arafatrahmann/my-data221/Epic and CSCR hospital Dataset/Train/glioma/G_777_HF_.jpg",0,glioma,0,glioma,0.9805917740,0.0058539035,0.0067890636,0.0067652529,0.09469133,0.90530868,0.00012762,0.00000696,48
515,"/kaggle/input/datasets/arafatrahmann/my-data221/Epic and CSCR hospital Dataset/Train/glioma/G_777_RO_.jpg",0,glioma,0,glioma,0.9804951549,0.0057181730,0.0069918027,0.0067949169,0.09322408,0.90677592,0.00009590,0.00000616,48
516,"/kaggle/input/datasets/arafatrahmann/my-data221/Epic and CSCR hospital Dataset/Train/glioma/G_777_SP_.jpg",0,glioma,0,glioma,0.9801517725,0.0055473181,0.0069109388,0.0073899468,0.09031981,0.90968018,0.00013889,0.00000635,48
517,"/kaggle/input/datasets/arafatrahmann/my-data221/Epic and CSCR hospital Dataset/Train/glioma/G_777_VF_.jpg",0,glioma,0,glioma,0.9801195264,0.0057382365,0.0068841837,0.0072581260,0.08372953,0.91627047,0.00016417,0.00000623,48
539,"/kaggle/input/datasets/arafatrahmann/my-data221/Epic and CSCR hospital Dataset/Train/glioma/G_781.jpg",0,glioma,0,glioma,0.9806108475,0.0059877969,0.0069783800,0.0064229369,0.08349896,0.91650106,0.00019366,0.00000571,52
540,"/kaggle/input/datasets/arafatrahmann/my-data221/Epic and CSCR hospital Dataset/Train/glioma/G_781_BR_.jpg",0,glioma,0,glioma,0.9803251028,0.0058177649,0.0070758834,0.0067812377,0.09940325,0.90059676,0.00012779,0.00000716,52
541,"/kaggle/input/datasets/arafatrahmann/my-data221/Epic and CSCR hospital Dataset/Train/glioma/G_781_DA_.jpg",0,glioma,0,glioma,0.9804261327,0.0054692314,0.0071388269,0.0069657951,0.09956311,0.90043690,0.00017660,0.00000700,52
542,"/kaggle/input/datasets/arafatrahmann/my-data221/Epic and CSCR hospital Dataset/Train/glioma/G_781_HF_.jpg",0,glioma,0,glioma,0.9803990126,0.0062783100,0.0069422089,0.0063805706,0.08295800,0.91704200,0.00015690,0.00000684,52
543,"/kaggle/input/datasets/arafatrahmann/my-data221/Epic and CSCR hospital Dataset/Train/glioma/G_781_RO_.jpg",0,glioma,0,glioma,0.9807098508,0.0056939530,0.0071977079,0.0063984571,0.08710814,0.91289186,0.00016479,0.00000643,52
544,"/kaggle/input/datasets/arafatrahmann/my-data221/Epic and CSCR hospital Dataset/Train/glioma/G_781_SP_.jpg",0,glioma,0,glioma,0.9806010127,0.0053370758,0.0071301474,0.0069317482,0.10003574,0.89996426,0.00011366,0.00000688,52
545,"/kaggle/input/datasets/arafatrahmann/my-data221/Epic and CSCR hospital Dataset/Train/glioma/G_781_VF_.jpg",0,glioma,0,glioma,0.9810801744,0.0054217572,0.0068925298,0.0066056689,0.08691992,0.91308008,0.00017337,0.00000666,52
546,"/kaggle/input/datasets/arafatrahmann/my-data221/Epic and CSCR hospital Dataset/Train/glioma/G_782.jpg",0,glioma,0,glioma,0.9808655977,0.0060239183,0.0067441352,0.0063663214,0.11228734,0.88771266,0.00013769,0.00000598,52
547,"/kaggle/input/datasets/arafatrahmann/my-data221/Epic and CSCR hospital Dataset/Train/glioma/G_782_BR_.jpg",0,glioma,0,glioma,0.9803261757,0.0059012407,0.0069611529,0.0068114689,0.09083600,0.90916399,0.00012910,0.00000518,52
548,"/kaggle/input/datasets/arafatrahmann/my-data221/Epic and CSCR hospital Dataset/Train/glioma/G_782_DA_.jpg",0,glioma,0,glioma,0.9805210233,0.0054994053,0.0069690803,0.0070106066,0.10095230,0.89904769,0.00009474,0.00000656,52
549,"/kaggle/input/datasets/arafatrahmann/my-data221/Epic and CSCR hospital Dataset/Train/glioma/G_782_HF_.jpg",0,glioma,0,glioma,0.9805337787,0.0061327494,0.0068274192,0.0065061590,0.07952732,0.92047266,0.00020931,0.00000590,52
550,"/kaggle/input/datasets/arafatrahmann/my-data221/Epic and CSCR hospital Dataset/Train/glioma/G_782_RO_.jpg",0,glioma,0,glioma,0.9807432890,0.0057941531,0.0069230958,0.0065393904,0.08222575,0.91777427,0.00020814,0.00000658,52
551,"/kaggle/input/datasets/arafatrahmann/my-data221/Epic and CSCR hospital Dataset/Train/glioma/G_782_SP_.jpg",0,glioma,0,glioma,0.9805710912,0.0053818515,0.0070032859,0.0070438283,0.08480127,0.91519873,0.00016858,0.00000645,52
552,"/kaggle/input/datasets/arafatrahmann/my-data221/Epic and CSCR hospital Dataset/Train/glioma/G_782_VF_.jpg",0,glioma,0,glioma,0.9811232686,0.0055684117,0.0068278112,0.0064805197,0.10192419,0.89807581,0.00014008,0.00000554,52
553,"/kaggle/input/datasets/arafatrahmann/my-data221/Epic and CSCR hospital Dataset/Train/glioma/G_783.jpg",0,glioma,0,glioma,0.9806625247,0.0059156036,0.0068484945,0.0065734321,0.08422469,0.91577531,0.00016415,0.00000661,52
554,"/kaggle/input/datasets/arafatrahmann/my-data221/Epic and CSCR hospital Dataset/Train/glioma/G_783_BR_.jpg",0,glioma,0,glioma,0.9806596637,0.0056374287,0.0068988008,0.0068041547,0.11761576,0.88238425,0.00008919,0.00000603,52
555,"/kaggle/input/datasets/arafatrahmann/my-data221/Epic and CSCR hospital Dataset/Train/glioma/G_783_DA_.jpg",0,glioma,0,glioma,0.9803625345,0.0049654311,0.0069882795,0.0076837330,0.08228086,0.91771913,0.00015724,0.00000512,52
556,"/kaggle/input/datasets/arafatrahmann/my-data221/Epic and CSCR hospital Dataset/Train/glioma/G_783_HF_.jpg",0,glioma,0,glioma,0.9807690382,0.0058313161,0.0068424558,0.0065572136,0.09273478,0.90726523,0.00016363,0.00000615,52
557,"/kaggle/input/datasets/arafatrahmann/my-data221/Epic and CSCR hospital Dataset/Train/glioma/G_783_RO_.jpg",0,glioma,0,glioma,0.9809295535,0.0054811114,0.0069523156,0.0066369735,0.09982196,0.90017805,0.00011642,0.00000585,52
558,"/kaggle/input/datasets/arafatrahmann/my-data221/Epic and CSCR hospital Dataset/Train/glioma/G_783_SP_.jpg",0,glioma,0,glioma,0.9805275798,0.0053175450,0.0071093640,0.0070454613,0.09633445,0.90366555,0.00013124,0.00000714,52
559,"/kaggle/input/datasets/arafatrahmann/my-data221/Epic and CSCR hospital Dataset/Train/glioma/G_783_VF_.jpg",0,glioma,0,glioma,0.9811198115,0.0053865034,0.0068660574,0.0066275662,0.09360640,0.90639359,0.00013880,0.00000758,52
560,"/kaggle/input/datasets/arafatrahmann/my-data221/Epic and CSCR hospital Dataset/Train/glioma/G_784.jpg",0,glioma,0,glioma,0.9807550311,0.0058511999,0.0069324314,0.0064613512,0.08591059,0.91408941,0.00015335,0.00000543,52
561,"/kaggle/input/datasets/arafatrahmann/my-data221/Epic and CSCR hospital Dataset/Train/glioma/G_784_BR_.jpg",0,glioma,0,glioma,0.9806555510,0.0054029664,0.0071344906,0.0068069054,0.11612675,0.88387324,0.00010868,0.00000657,52
562,"/kaggle/input/datasets/arafatrahmann/my-data221/Epic and CSCR hospital Dataset/Train/glioma/G_784_DA_.jpg",0,glioma,0,glioma,0.9802078009,0.0051195933,0.0073879487,0.0072845826,0.08844717,0.91155283,0.00017014,0.00000701,52
563,"/kaggle/input/datasets/arafatrahmann/my-data221/Epic and CSCR hospital Dataset/Train/glioma/G_784_HF_.jpg",0,glioma,0,glioma,0.9807814360,0.0057274546,0.0069972305,0.0064939358,0.09770650,0.90229349,0.00014431,0.00000448,52
564,"/kaggle/input/datasets/arafatrahmann/my-data221/Epic and CSCR hospital Dataset/Train/glioma/G_784_RO_.jpg",0,glioma,0,glioma,0.9808160663,0.0049438803,0.0071390630,0.0071011246,0.09040459,0.90959539,0.00014997,0.00000802,52
565,"/kaggle/input/datasets/arafatrahmann/my-data221/Epic and CSCR hospital Dataset/Train/glioma/G_784_SP_.jpg",0,glioma,0,glioma,0.9805595279,0.0054620104,0.0071084783,0.0068700253,0.08413652,0.91586347,0.00017475,0.00000655,52
566,"/kaggle/input/datasets/arafatrahmann/my-data221/Epic and CSCR hospital Dataset/Train/glioma/G_784_VF_.jpg",0,glioma,0,glioma,0.9806103706,0.0051211691,0.0079329116,0.0063355640,0.08590090,0.91409909,0.00015590,0.00000624,52
574,"/kaggle/input/datasets/arafatrahmann/my-data221/Epic and CSCR hospital Dataset/Train/glioma/G_786.jpg",0,glioma,0,glioma,0.9805783033,0.0059775463,0.0071401484,0.0063040131,0.08521831,0.91478169,0.00017197,0.00000614,52
575,"/kaggle/input/datasets/arafatrahmann/my-data221/Epic and CSCR hospital Dataset/Train/glioma/G_786_BR_.jpg",0,glioma,0,glioma,0.9802564383,0.0057728421,0.0071820132,0.0067887320,0.09261822,0.90738179,0.00013261,0.00000690,52
576,"/kaggle/input/datasets/arafatrahmann/my-data221/Epic and CSCR hospital Dataset/Train/glioma/G_786_DA_.jpg",0,glioma,0,glioma,0.9800289273,0.0054835333,0.0076095522,0.0068780808,0.09073130,0.90926873,0.00017490,0.00000822,52
577,"/kaggle/input/datasets/arafatrahmann/my-data221/Epic and CSCR hospital Dataset/Train/glioma/G_786_HF_.jpg",0,glioma,0,glioma,0.9805601239,0.0059773750,0.0071125240,0.0063499697,0.08417547,0.91582453,0.00016321,0.00000530,52
578,"/kaggle/input/datasets/arafatrahmann/my-data221/Epic and CSCR hospital Dataset/Train/glioma/G_786_RO_.jpg",0,glioma,0,glioma,0.9804547429,0.0054048076,0.0077816369,0.0063588219,0.08155584,0.91844417,0.00021416,0.00000550,52
579,"/kaggle/input/datasets/arafatrahmann/my-data221/Epic and CSCR hospital Dataset/Train/glioma/G_786_SP_.jpg",0,glioma,0,glioma,0.9803477526,0.0055116965,0.0074656084,0.0066749738,0.08247801,0.91752200,0.00018701,0.00000689,52
580,"/kaggle/input/datasets/arafatrahmann/my-data221/Epic and CSCR hospital Dataset/Train/glioma/G_786_VF_.jpg",0,glioma,0,glioma,0.9805300832,0.0052899965,0.0081365472,0.0060434258,0.08792816,0.91207184,0.00014638,0.00000704,52
609,"/kaggle/input/datasets/arafatrahmann/my-data221/Epic and CSCR hospital Dataset/Train/glioma/G_791.jpg",0,glioma,0,glioma,0.9805264473,0.0059004151,0.0069331871,0.0066399374,0.09143582,0.90856417,0.00011794,0.00000645,48
610,"/kaggle/input/datasets/arafatrahmann/my-data221/Epic and CSCR hospital Dataset/Train/glioma/G_791_BR_.jpg",0,glioma,0,glioma,0.9801650047,0.0057517895,0.0069191954,0.0071640275,0.08887250,0.91112750,0.00015167,0.00000713,48
611,"/kaggle/input/datasets/arafatrahmann/my-data221/Epic and CSCR hospital Dataset/Train/glioma/G_791_DA_.jpg",0,glioma,0,glioma,0.9803231359,0.0055685816,0.0072840815,0.0068241940,0.09179216,0.90820785,0.00011717,0.00000591,48
612,"/kaggle/input/datasets/arafatrahmann/my-data221/Epic and CSCR hospital Dataset/Train/glioma/G_791_HF_.jpg",0,glioma,0,glioma,0.9805838466,0.0058928579,0.0068426644,0.0066806548,0.09223496,0.90776505,0.00011716,0.00000648,48
613,"/kaggle/input/datasets/arafatrahmann/my-data221/Epic and CSCR hospital Dataset/Train/glioma/G_791_RO_.jpg",0,glioma,0,glioma,0.9805008173,0.0056374725,0.0070677064,0.0067939959,0.08894404,0.91105595,0.00009630,0.00000505,48
614,"/kaggle/input/datasets/arafatrahmann/my-data221/Epic and CSCR hospital Dataset/Train/glioma/G_791_SP_.jpg",0,glioma,0,glioma,0.9799423218,0.0056751277,0.0070083132,0.0073742359,0.08403456,0.91596543,0.00015636,0.00000647,48
615,"/kaggle/input/datasets/arafatrahmann/my-data221/Epic and CSCR hospital Dataset/Train/glioma/G_791_VF_.jpg",0,glioma,0,glioma,0.9801509976,0.0059269378,0.0067875758,0.0071346238,0.08730766,0.91269233,0.00012003,0.00000592,48
630,"/kaggle/input/datasets/arafatrahmann/my-data221/Epic and CSCR hospital Dataset/Train/glioma/G_794.jpg",0,glioma,0,glioma,0.9809387326,0.0055642854,0.0069114813,0.0065855747,0.09202353,0.90797648,0.00014681,0.00000821,56
631,"/kaggle/input/datasets/arafatrahmann/my-data221/Epic and CSCR hospital Dataset/Train/glioma/G_794_BR_.jpg",0,glioma,0,glioma,0.9805502892,0.0051203584,0.0071584345,0.0071709165,0.10470201,0.89529800,0.00010521,0.00000722,56
632,"/kaggle/input/datasets/arafatrahmann/my-data221/Epic and CSCR hospital Dataset/Train/glioma/G_794_DA_.jpg",0,glioma,0,glioma,0.9801050425,0.0048474707,0.0078477170,0.0071997284,0.08529121,0.91470878,0.00015534,0.00000579,56
633,"/kaggle/input/datasets/arafatrahmann/my-data221/Epic and CSCR hospital Dataset/Train/glioma/G_794_HF_.jpg",0,glioma,0,glioma,0.9808971286,0.0054076393,0.0069894767,0.0067057298,0.08163239,0.91836762,0.00021786,0.00000567,56
634,"/kaggle/input/datasets/arafatrahmann/my-data221/Epic and CSCR hospital Dataset/Train/glioma/G_794_RO_.jpg",0,glioma,0,glioma,0.9810087085,0.0053305002,0.0068559954,0.0068047801,0.08641419,0.91358581,0.00017583,0.00000569,56
635,"/kaggle/input/datasets/arafatrahmann/my-data221/Epic and CSCR hospital Dataset/Train/glioma/G_794_SP_.jpg",0,glioma,0,glioma,0.9805542231,0.0050817616,0.0072378018,0.0071262345,0.11951837,0.88048164,0.00013746,0.00000635,56
636,"/kaggle/input/datasets/arafatrahmann/my-data221/Epic and CSCR hospital Dataset/Train/glioma/G_794_VF_.jpg",0,glioma,0,glioma,0.9805614352,0.0051874318,0.0072117737,0.0070393318,0.08148838,0.91851162,0.00016822,0.00000568,56
693,"/kaggle/input/datasets/arafatrahmann/my-data221/Epic and CSCR hospital Dataset/Train/glioma/G_803.jpg",0,glioma,0,glioma,0.9803119898,0.0057722023,0.0071114758,0.0068043955,0.09337103,0.90662897,0.00012303,0.00000726,61
694,"/kaggle/input/datasets/arafatrahmann/my-data221/Epic and CSCR hospital Dataset/Train/glioma/G_803_BR_.jpg",0,glioma,0,glioma,0.9798780680,0.0058583794,0.0071128816,0.0071507520,0.09856662,0.90143339,0.00009481,0.00000490,61
695,"/kaggle/input/datasets/arafatrahmann/my-data221/Epic and CSCR hospital Dataset/Train/glioma/G_803_DA_.jpg",0,glioma,0,glioma,0.9803761244,0.0053927605,0.0072788545,0.0069522723,0.09765802,0.90234196,0.00009939,0.00000560,61
696,"/kaggle/input/datasets/arafatrahmann/my-data221/Epic and CSCR hospital Dataset/Train/glioma/G_803_HF_.jpg",0,glioma,0,glioma,0.9802435040,0.0059384736,0.0069781006,0.0068400442,0.09005723,0.90994278,0.00018190,0.00000735,61
697,"/kaggle/input/datasets/arafatrahmann/my-data221/Epic and CSCR hospital Dataset/Train/glioma/G_803_RO_.jpg",0,glioma,0,glioma,0.9803712964,0.0056506475,0.0070393709,0.0069386512,0.09752394,0.90247606,0.00012706,0.00000712,61
698,"/kaggle/input/datasets/arafatrahmann/my-data221/Epic and CSCR hospital Dataset/Train/glioma/G_803_SP_.jpg",0,glioma,0,glioma,0.9801696539,0.0057252450,0.0069397227,0.0071653365,0.09800765,0.90199234,0.00009432,0.00000714,61
699,"/kaggle/input/datasets/arafatrahmann/my-data221/Epic and CSCR hospital Dataset/Train/glioma/G_803_VF_.jpg",0,glioma,0,glioma,0.9804574847,0.0056799641,0.0069502429,0.0069122426,0.10716365,0.89283636,0.00010079,0.00000685,61
777,"/kaggle/input/datasets/arafatrahmann/my-data221/Epic and CSCR hospital Dataset/Train/glioma/G_815.jpg",0,glioma,0,glioma,0.9804577827,0.0058003408,0.0073207379,0.0064211441,0.08314102,0.91685899,0.00017191,0.00000530,70
778,"/kaggle/input/datasets/arafatrahmann/my-data221/Epic and CSCR hospital Dataset/Train/glioma/G_815_BR_.jpg",0,glioma,0,glioma,0.9801438451,0.0054370658,0.0077181645,0.0067009171,0.09575211,0.90424790,0.00011045,0.00000714,70
779,"/kaggle/input/datasets/arafatrahmann/my-data221/Epic and CSCR hospital Dataset/Train/glioma/G_815_DA_.jpg",0,glioma,0,glioma,0.9797127843,0.0057510491,0.0078424411,0.0066937194,0.08915069,0.91084932,0.00014968,0.00000658,70
780,"/kaggle/input/datasets/arafatrahmann/my-data221/Epic and CSCR hospital Dataset/Train/glioma/G_815_HF_.jpg",0,glioma,0,glioma,0.9807170033,0.0055595012,0.0072459378,0.0064775920,0.08875889,0.91124112,0.00016939,0.00000690,70
781,"/kaggle/input/datasets/arafatrahmann/my-data221/Epic and CSCR hospital Dataset/Train/glioma/G_815_RO_.jpg",0,glioma,0,glioma,0.9804002047,0.0058238017,0.0074468330,0.0063291984,0.09633118,0.90366882,0.00014926,0.00000478,70
782,"/kaggle/input/datasets/arafatrahmann/my-data221/Epic and CSCR hospital Dataset/Train/glioma/G_815_SP_.jpg",0,glioma,0,glioma,0.9805948138,0.0055983798,0.0072790841,0.0065277284,0.10180864,0.89819136,0.00014615,0.00000735,70
783,"/kaggle/input/datasets/arafatrahmann/my-data221/Epic and CSCR hospital Dataset/Train/glioma/G_815_VF_.jpg",0,glioma,0,glioma,0.9794285893,0.0069434419,0.0077189566,0.0059090005,0.10226040,0.89773961,0.00020361,0.00000663,70
798,"/kaggle/input/datasets/arafatrahmann/my-data221/Epic and CSCR hospital Dataset/Train/glioma/G_818.jpg",0,glioma,0,glioma,0.9809209108,0.0058303066,0.0071274415,0.0061212531,0.11651610,0.88348391,0.00010295,0.00000640,71
799,"/kaggle/input/datasets/arafatrahmann/my-data221/Epic and CSCR hospital Dataset/Train/glioma/G_818_BR_.jpg",0,glioma,0,glioma,0.9803324938,0.0053930860,0.0075627891,0.0067116665,0.10050797,0.89949203,0.00007271,0.00000536,71
800,"/kaggle/input/datasets/arafatrahmann/my-data221/Epic and CSCR hospital Dataset/Train/glioma/G_818_DA_.jpg",0,glioma,0,glioma,0.9804687500,0.0054257838,0.0075723864,0.0065331170,0.13136099,0.86863901,0.00009913,0.00000658,71
801,"/kaggle/input/datasets/arafatrahmann/my-data221/Epic and CSCR hospital Dataset/Train/glioma/G_818_HF_.jpg",0,glioma,0,glioma,0.9806339145,0.0058082151,0.0072410768,0.0063167079,0.08716583,0.91283417,0.00015640,0.00000667,71
802,"/kaggle/input/datasets/arafatrahmann/my-data221/Epic and CSCR hospital Dataset/Train/glioma/G_818_RO_.jpg",0,glioma,0,glioma,0.9807321429,0.0054429583,0.0073636407,0.0064611756,0.08527842,0.91472159,0.00018814,0.00000644,71
803,"/kaggle/input/datasets/arafatrahmann/my-data221/Epic and CSCR hospital Dataset/Train/glioma/G_818_SP_.jpg",0,glioma,0,glioma,0.9804599881,0.0054731588,0.0073863817,0.0066804723,0.08581718,0.91418282,0.00013969,0.00000571,71
804,"/kaggle/input/datasets/arafatrahmann/my-data221/Epic and CSCR hospital Dataset/Train/glioma/G_818_VF_.jpg",0,glioma,0,glioma,0.9802607298,0.0052896636,0.0076838220,0.0067658899,0.09140896,0.90859104,0.00013849,0.00000599,71
805,"/kaggle/input/datasets/arafatrahmann/my-data221/Epic and CSCR hospital Dataset/Train/glioma/G_819.jpg",0,glioma,0,glioma,0.9806100130,0.0061453534,0.0070865629,0.0061581261,0.09755066,0.90244934,0.00013870,0.00000610,71
806,"/kaggle/input/datasets/arafatrahmann/my-data221/Epic and CSCR hospital Dataset/Train/glioma/G_819_BR_.jpg",0,glioma,0,glioma,0.9801923633,0.0057540564,0.0073638060,0.0066897087,0.08842635,0.91157364,0.00012377,0.00000515,71
807,"/kaggle/input/datasets/arafatrahmann/my-data221/Epic and CSCR hospital Dataset/Train/glioma/G_819_DA_.jpg",0,glioma,0,glioma,0.9800617099,0.0057457597,0.0076824054,0.0065100738,0.09460606,0.90539393,0.00015124,0.00000665,71
808,"/kaggle/input/datasets/arafatrahmann/my-data221/Epic and CSCR hospital Dataset/Train/glioma/G_819_HF_.jpg",0,glioma,0,glioma,0.9806293249,0.0061207400,0.0070546819,0.0061952439,0.09798828,0.90201172,0.00013439,0.00000699,71
809,"/kaggle/input/datasets/arafatrahmann/my-data221/Epic and CSCR hospital Dataset/Train/glioma/G_819_RO_.jpg",0,glioma,0,glioma,0.9807799459,0.0055874516,0.0072083711,0.0064241937,0.09392253,0.90607747,0.00014263,0.00000695,71
810,"/kaggle/input/datasets/arafatrahmann/my-data221/Epic and CSCR hospital Dataset/Train/glioma/G_819_SP_.jpg",0,glioma,0,glioma,0.9804151654,0.0054347385,0.0075688548,0.0065812590,0.08837013,0.91162987,0.00018337,0.00000713,71
811,"/kaggle/input/datasets/arafatrahmann/my-data221/Epic and CSCR hospital Dataset/Train/glioma/G_819_VF_.jpg",0,glioma,0,glioma,0.9727986455,0.0136361970,0.0070246803,0.0065405406,0.08216634,0.91783366,0.00043293,0.00000866,71
812,"/kaggle/input/datasets/arafatrahmann/my-data221/Epic and CSCR hospital Dataset/Train/glioma/G_820.jpg",0,glioma,0,glioma,0.9807491302,0.0060468921,0.0069126291,0.0062913634,0.09541871,0.90458130,0.00020541,0.00000599,71
813,"/kaggle/input/datasets/arafatrahmann/my-data221/Epic and CSCR hospital Dataset/Train/glioma/G_820_BR_.jpg",0,glioma,0,glioma,0.9804407954,0.0057965908,0.0070571788,0.0067054229,0.10084845,0.89915156,0.00009621,0.00000670,71
814,"/kaggle/input/datasets/arafatrahmann/my-data221/Epic and CSCR hospital Dataset/Train/glioma/G_820_DA_.jpg",0,glioma,0,glioma,0.9805134535,0.0055746897,0.0072796410,0.0066322023,0.11010111,0.88989890,0.00012910,0.00000680,71
815,"/kaggle/input/datasets/arafatrahmann/my-data221/Epic and CSCR hospital Dataset/Train/glioma/G_820_HF_.jpg",0,glioma,0,glioma,0.9808057547,0.0060825525,0.0068656662,0.0062460518,0.12134657,0.87865342,0.00015802,0.00000649,71
816,"/kaggle/input/datasets/arafatrahmann/my-data221/Epic and CSCR hospital Dataset/Train/glioma/G_820_RO_.jpg",0,glioma,0,glioma,0.9807952642,0.0058400645,0.0069824890,0.0063821888,0.08768165,0.91231835,0.00014849,0.00000606,71
817,"/kaggle/input/datasets/arafatrahmann/my-data221/Epic and CSCR hospital Dataset/Train/glioma/G_820_SP_.jpg",0,glioma,0,glioma,0.9807558060,0.0054027480,0.0071193306,0.0067221113,0.08551419,0.91448582,0.00016001,0.00000592,71
818,"/kaggle/input/datasets/arafatrahmann/my-data221/Epic and CSCR hospital Dataset/Train/glioma/G_820_VF_.jpg",0,glioma,0,glioma,0.9807715416,0.0055489559,0.0070296591,0.0066497824,0.08788856,0.91211144,0.00014008,0.00000632,71
819,"/kaggle/input/datasets/arafatrahmann/my-data221/Epic and CSCR hospital Dataset/Train/glioma/G_821.jpg",0,glioma,0,glioma,0.9806578755,0.0060881041,0.0070416788,0.0062123975,0.09633454,0.90366547,0.00018322,0.00000587,71
820,"/kaggle/input/datasets/arafatrahmann/my-data221/Epic and CSCR hospital Dataset/Train/glioma/G_821_BR_.jpg",0,glioma,0,glioma,0.9800365567,0.0059149899,0.0072765639,0.0067718364,0.08474214,0.91525787,0.00017526,0.00000693,71
821,"/kaggle/input/datasets/arafatrahmann/my-data221/Epic and CSCR hospital Dataset/Train/glioma/G_821_DA_.jpg",0,glioma,0,glioma,0.9803568125,0.0057044490,0.0073259352,0.0066128434,0.09211172,0.90788828,0.00017104,0.00000554,71
822,"/kaggle/input/datasets/arafatrahmann/my-data221/Epic and CSCR hospital Dataset/Train/glioma/G_821_HF_.jpg",0,glioma,0,glioma,0.9806782007,0.0062286612,0.0069205174,0.0061726952,0.10397703,0.89602296,0.00012653,0.00000704,71
823,"/kaggle/input/datasets/arafatrahmann/my-data221/Epic and CSCR hospital Dataset/Train/glioma/G_821_RO_.jpg",0,glioma,0,glioma,0.9804509878,0.0062689446,0.0069769071,0.0063031390,0.08791619,0.91208381,0.00017481,0.00000729,71
824,"/kaggle/input/datasets/arafatrahmann/my-data221/Epic and CSCR hospital Dataset/Train/glioma/G_821_SP_.jpg",0,glioma,0,glioma,0.9806517363,0.0054561202,0.0072488100,0.0066432627,0.09162603,0.90837396,0.00015810,0.00000686,71
825,"/kaggle/input/datasets/arafatrahmann/my-data221/Epic and CSCR hospital Dataset/Train/glioma/G_821_VF_.jpg",0,glioma,0,glioma,0.9806281328,0.0057685184,0.0069553093,0.0066480050,0.08675073,0.91324928,0.00014284,0.00000629,71
826,"/kaggle/input/datasets/arafatrahmann/my-data221/Epic and CSCR hospital Dataset/Train/glioma/G_822.jpg",0,glioma,0,glioma,0.9803506136,0.0062549645,0.0072722593,0.0061222217,0.08518443,0.91481559,0.00017249,0.00000703,71
827,"/kaggle/input/datasets/arafatrahmann/my-data221/Epic and CSCR hospital Dataset/Train/glioma/G_822_BR_.jpg",0,glioma,0,glioma,0.9796576500,0.0061456314,0.0076114112,0.0065852865,0.08773639,0.91226361,0.00014222,0.00000706,71
828,"/kaggle/input/datasets/arafatrahmann/my-data221/Epic and CSCR hospital Dataset/Train/glioma/G_822_DA_.jpg",0,glioma,0,glioma,0.9795972109,0.0064336560,0.0076489663,0.0063202726,0.08300120,0.91699881,0.00020432,0.00000597,71
829,"/kaggle/input/datasets/arafatrahmann/my-data221/Epic and CSCR hospital Dataset/Train/glioma/G_822_HF_.jpg",0,glioma,0,glioma,0.9802924395,0.0061706165,0.0075261840,0.0060108053,0.08735510,0.91264490,0.00014307,0.00000586,71
830,"/kaggle/input/datasets/arafatrahmann/my-data221/Epic and CSCR hospital Dataset/Train/glioma/G_822_RO_.jpg",0,glioma,0,glioma,0.9783908725,0.0081695169,0.0072429283,0.0061966246,0.08028795,0.91971206,0.00022292,0.00000664,71
831,"/kaggle/input/datasets/arafatrahmann/my-data221/Epic and CSCR hospital Dataset/Train/glioma/G_822_SP_.jpg",0,glioma,0,glioma,0.9802387357,0.0059003187,0.0074486062,0.0064123431,0.09578974,0.90421026,0.00010937,0.00000712,71
832,"/kaggle/input/datasets/arafatrahmann/my-data221/Epic and CSCR hospital Dataset/Train/glioma/G_822_VF_.jpg",0,glioma,0,glioma,0.9368413091,0.0502592735,0.0067246915,0.0061747311,0.11991650,0.88008351,0.00092260,0.00007156,71
861,"/kaggle/input/datasets/arafatrahmann/my-data221/Epic and CSCR hospital Dataset/Train/glioma/G_827.jpg",0,glioma,0,glioma,0.9798480272,0.0060686609,0.0073159775,0.0067673177,0.10544585,0.89455416,0.00014914,0.00000600,61
862,"/kaggle/input/datasets/arafatrahmann/my-data221/Epic and CSCR hospital Dataset/Train/glioma/G_827_BR_.jpg",0,glioma,0,glioma,0.9796021581,0.0058001196,0.0075146807,0.0070829568,0.11232681,0.88767316,0.00015516,0.00000753,61
863,"/kaggle/input/datasets/arafatrahmann/my-data221/Epic and CSCR hospital Dataset/Train/glioma/G_827_DA_.jpg",0,glioma,0,glioma,0.9789556265,0.0068937493,0.0076653264,0.0064852969,0.07892333,0.92107665,0.00023876,0.00000645,61
864,"/kaggle/input/datasets/arafatrahmann/my-data221/Epic and CSCR hospital Dataset/Train/glioma/G_827_HF_.jpg",0,glioma,0,glioma,0.9797528982,0.0058145421,0.0075079054,0.0069246702,0.08097052,0.91902946,0.00017928,0.00000566,61
865,"/kaggle/input/datasets/arafatrahmann/my-data221/Epic and CSCR hospital Dataset/Train/glioma/G_827_RO_.jpg",0,glioma,0,glioma,0.9794142842,0.0059503624,0.0076802121,0.0069551892,0.09184184,0.90815815,0.00012986,0.00000603,61
866,"/kaggle/input/datasets/arafatrahmann/my-data221/Epic and CSCR hospital Dataset/Train/glioma/G_827_SP_.jpg",0,glioma,0,glioma,0.9798088074,0.0056168432,0.0072119622,0.0073623345,0.09215461,0.90784538,0.00014809,0.00000680,61
867,"/kaggle/input/datasets/arafatrahmann/my-data221/Epic and CSCR hospital Dataset/Train/glioma/G_827_VF_.jpg",0,glioma,0,glioma,0.9800653458,0.0055404464,0.0073089441,0.0070852647,0.09024276,0.90975722,0.00017699,0.00000675,61
938,"/kaggle/input/datasets/arafatrahmann/my-data221/Epic and CSCR hospital Dataset/Train/glioma/G_838.jpg",0,glioma,0,glioma,0.9807041287,0.0056665060,0.0073586963,0.0062707141,0.08814365,0.91185634,0.00013079,0.00000606,77
939,"/kaggle/input/datasets/arafatrahmann/my-data221/Epic and CSCR hospital Dataset/Train/glioma/G_838_BR_.jpg",0,glioma,0,glioma,0.9801737070,0.0053049456,0.0078570843,0.0066642822,0.09922727,0.90077273,0.00010766,0.00000741,77
940,"/kaggle/input/datasets/arafatrahmann/my-data221/Epic and CSCR hospital Dataset/Train/glioma/G_838_DA_.jpg",0,glioma,0,glioma,0.9795241356,0.0048034829,0.0086680492,0.0070042787,0.08562121,0.91437879,0.00014613,0.00000610,77
941,"/kaggle/input/datasets/arafatrahmann/my-data221/Epic and CSCR hospital Dataset/Train/glioma/G_838_HF_.jpg",0,glioma,0,glioma,0.9808189273,0.0054147048,0.0075004087,0.0062659420,0.10336000,0.89664000,0.00014139,0.00000618,77
942,"/kaggle/input/datasets/arafatrahmann/my-data221/Epic and CSCR hospital Dataset/Train/glioma/G_838_RO_.jpg",0,glioma,0,glioma,0.9807445407,0.0052171666,0.0073319809,0.0067063095,0.08422712,0.91577288,0.00022103,0.00000694,77
943,"/kaggle/input/datasets/arafatrahmann/my-data221/Epic and CSCR hospital Dataset/Train/glioma/G_838_SP_.jpg",0,glioma,0,glioma,0.9806267023,0.0051558660,0.0075029596,0.0067145685,0.10359489,0.89640510,0.00010752,0.00000758,77
944,"/kaggle/input/datasets/arafatrahmann/my-data221/Epic and CSCR hospital Dataset/Train/glioma/G_838_VF_.jpg",0,glioma,0,glioma,0.9807876348,0.0057852026,0.0071422430,0.0062848665,0.17523690,0.82476309,0.00008365,0.00000593,77
952,"/kaggle/input/datasets/arafatrahmann/my-data221/Epic and CSCR hospital Dataset/Train/glioma/G_840.jpg",0,glioma,0,glioma,0.9797694087,0.0062867939,0.0074675865,0.0064761834,0.08726766,0.91273233,0.00013595,0.00000606,61
953,"/kaggle/input/datasets/arafatrahmann/my-data221/Epic and CSCR hospital Dataset/Train/glioma/G_840_BR_.jpg",0,glioma,0,glioma,0.9795832634,0.0059089223,0.0074953353,0.0070125163,0.08494381,0.91505620,0.00013704,0.00000548,61
954,"/kaggle/input/datasets/arafatrahmann/my-data221/Epic and CSCR hospital Dataset/Train/glioma/G_840_DA_.jpg",0,glioma,0,glioma,0.9797037840,0.0060530822,0.0076174014,0.0066257468,0.09161770,0.90838231,0.00013998,0.00000790,61
955,"/kaggle/input/datasets/arafatrahmann/my-data221/Epic and CSCR hospital Dataset/Train/glioma/G_840_HF_.jpg",0,glioma,0,glioma,0.9801536798,0.0060475948,0.0073075793,0.0064912224,0.09646929,0.90353073,0.00013418,0.00000750,61
956,"/kaggle/input/datasets/arafatrahmann/my-data221/Epic and CSCR hospital Dataset/Train/glioma/G_840_RO_.jpg",0,glioma,0,glioma,0.9799318314,0.0057111932,0.0077967397,0.0065602520,0.08811426,0.91188574,0.00013296,0.00000641,61
957,"/kaggle/input/datasets/arafatrahmann/my-data221/Epic and CSCR hospital Dataset/Train/glioma/G_840_SP_.jpg",0,glioma,0,glioma,0.9800083041,0.0057980744,0.0070638978,0.0071298080,0.08949544,0.91050458,0.00013079,0.00000714,61
958,"/kaggle/input/datasets/arafatrahmann/my-data221/Epic and CSCR hospital Dataset/Train/glioma/G_840_VF_.jpg",0,glioma,0,glioma,0.9793559313,0.0060635237,0.0081949597,0.0063855303,0.09555829,0.90444171,0.00011773,0.00000762,61
987,"/kaggle/input/datasets/arafatrahmann/my-data221/Epic and CSCR hospital Dataset/Train/glioma/G_845.jpg",0,glioma,0,glioma,0.9760435820,0.0110191479,0.0069059380,0.0060313330,0.09253433,0.90746568,0.00017259,0.00000762,80
988,"/kaggle/input/datasets/arafatrahmann/my-data221/Epic and CSCR hospital Dataset/Train/glioma/G_845_BR_.jpg",0,glioma,0,glioma,0.9347779155,0.0519208536,0.0067244605,0.0065767108,0.08295088,0.91704911,0.00128229,0.00003782,80
989,"/kaggle/input/datasets/arafatrahmann/my-data221/Epic and CSCR hospital Dataset/Train/glioma/G_845_DA_.jpg",0,glioma,0,glioma,0.9764202237,0.0102844052,0.0069868974,0.0063084736,0.08150506,0.91849495,0.00022500,0.00000642,80
990,"/kaggle/input/datasets/arafatrahmann/my-data221/Epic and CSCR hospital Dataset/Train/glioma/G_845_HF_.jpg",0,glioma,0,glioma,0.9291538000,0.0585704930,0.0063278256,0.0059478795,0.08084633,0.91915368,0.00148111,0.00003720,80
991,"/kaggle/input/datasets/arafatrahmann/my-data221/Epic and CSCR hospital Dataset/Train/glioma/G_845_RO_.jpg",0,glioma,0,glioma,0.9796658754,0.0060641491,0.0077758320,0.0064941733,0.08538197,0.91461806,0.00014948,0.00000574,80
992,"/kaggle/input/datasets/arafatrahmann/my-data221/Epic and CSCR hospital Dataset/Train/glioma/G_845_SP_.jpg",0,glioma,0,glioma,0.9797433019,0.0059888978,0.0075408989,0.0067269146,0.09116331,0.90883670,0.00016582,0.00000587,80
993,"/kaggle/input/datasets/arafatrahmann/my-data221/Epic and CSCR hospital Dataset/Train/glioma/G_845_VF_.jpg",0,glioma,0,glioma,0.9795026779,0.0063888417,0.0073477863,0.0067606196,0.09587345,0.90412655,0.00015438,0.00000661,80
1050,"/kaggle/input/datasets/arafatrahmann/my-data221/Epic and CSCR hospital Dataset/Train/glioma/G_854.jpg",0,glioma,0,glioma,0.9810109138,0.0055527566,0.0071547301,0.0062816530,0.09520327,0.90479673,0.00009752,0.00000632,88
1051,"/kaggle/input/datasets/arafatrahmann/my-data221/Epic and CSCR hospital Dataset/Train/glioma/G_854_BR_.jpg",0,glioma,0,glioma,0.9801738858,0.0057071606,0.0071891313,0.0069298176,0.08888355,0.91111644,0.00013542,0.00000577,88
1052,"/kaggle/input/datasets/arafatrahmann/my-data221/Epic and CSCR hospital Dataset/Train/glioma/G_854_DA_.jpg",0,glioma,0,glioma,0.9807198644,0.0053936546,0.0072507784,0.0066356375,0.09710582,0.90289418,0.00009993,0.00000521,88
1053,"/kaggle/input/datasets/arafatrahmann/my-data221/Epic and CSCR hospital Dataset/Train/glioma/G_854_HF_.jpg",0,glioma,0,glioma,0.9811555147,0.0056850780,0.0071266526,0.0060328241,0.13455378,0.86544622,0.00008439,0.00000711,88
1054,"/kaggle/input/datasets/arafatrahmann/my-data221/Epic and CSCR hospital Dataset/Train/glioma/G_854_RO_.jpg",0,glioma,0,glioma,0.9808306694,0.0057052551,0.0072489022,0.0062151239,0.12719518,0.87280483,0.00013216,0.00000718,88
1055,"/kaggle/input/datasets/arafatrahmann/my-data221/Epic and CSCR hospital Dataset/Train/glioma/G_854_SP_.jpg",0,glioma,0,glioma,0.9805282354,0.0054537836,0.0072378865,0.0067800558,0.08966048,0.91033951,0.00013567,0.00000657,88
1056,"/kaggle/input/datasets/arafatrahmann/my-data221/Epic and CSCR hospital Dataset/Train/glioma/G_854_VF_.jpg",0,glioma,0,glioma,0.9801976085,0.0057084863,0.0072351173,0.0068587810,0.08515064,0.91484934,0.00012287,0.00000456,88
1057,"/kaggle/input/datasets/arafatrahmann/my-data221/Epic and CSCR hospital Dataset/Train/glioma/G_855.jpg",0,glioma,0,glioma,0.9806704521,0.0057250583,0.0069235051,0.0066809813,0.09449337,0.90550665,0.00013222,0.00000729,89
1058,"/kaggle/input/datasets/arafatrahmann/my-data221/Epic and CSCR hospital Dataset/Train/glioma/G_855_BR_.jpg",0,glioma,0,glioma,0.9802077413,0.0056423298,0.0069453223,0.0072045894,0.09442229,0.90557773,0.00010968,0.00000561,89
1059,"/kaggle/input/datasets/arafatrahmann/my-data221/Epic and CSCR hospital Dataset/Train/glioma/G_855_DA_.jpg",0,glioma,0,glioma,0.9805652499,0.0050860308,0.0071621523,0.0071865954,0.08724167,0.91275834,0.00012602,0.00000580,89
1060,"/kaggle/input/datasets/arafatrahmann/my-data221/Epic and CSCR hospital Dataset/Train/glioma/G_855_HF_.jpg",0,glioma,0,glioma,0.9806796312,0.0054673944,0.0068528512,0.0070000971,0.09655847,0.90344154,0.00009625,0.00000619,89
1061,"/kaggle/input/datasets/arafatrahmann/my-data221/Epic and CSCR hospital Dataset/Train/glioma/G_855_RO_.jpg",0,glioma,0,glioma,0.9806525111,0.0053954283,0.0071132667,0.0068387510,0.09014353,0.90985646,0.00012549,0.00000582,89
1062,"/kaggle/input/datasets/arafatrahmann/my-data221/Epic and CSCR hospital Dataset/Train/glioma/G_855_SP_.jpg",0,glioma,0,glioma,0.9803197980,0.0056737079,0.0070219696,0.0069845901,0.12723917,0.87276083,0.00010483,0.00000653,89
1063,"/kaggle/input/datasets/arafatrahmann/my-data221/Epic and CSCR hospital Dataset/Train/glioma/G_855_VF_.jpg",0,glioma,0,glioma,0.9800413251,0.0056837313,0.0069394507,0.0073355003,0.09294572,0.90705429,0.00013477,0.00000568,89
1064,"/kaggle/input/datasets/arafatrahmann/my-data221/Epic and CSCR hospital Dataset/Train/glioma/G_856.jpg",0,glioma,0,glioma,0.9797672033,0.0068022446,0.0073823459,0.0060481192,0.09881512,0.90118487,0.00011082,0.00000597,70
1065,"/kaggle/input/datasets/arafatrahmann/my-data221/Epic and CSCR hospital Dataset/Train/glioma/G_856_BR_.jpg",0,glioma,0,glioma,0.8758156896,0.0068826838,0.1107919067,0.0065096682,0.09329742,0.90670256,0.00033649,0.00001784,70
1066,"/kaggle/input/datasets/arafatrahmann/my-data221/Epic and CSCR hospital Dataset/Train/glioma/G_856_DA_.jpg",0,glioma,0,glioma,0.7773934603,0.0076064402,0.2079764605,0.0070236460,0.11404892,0.88595107,0.00158800,0.00026313,70
1067,"/kaggle/input/datasets/arafatrahmann/my-data221/Epic and CSCR hospital Dataset/Train/glioma/G_856_HF_.jpg",0,glioma,0,glioma,0.8809579015,0.0072002201,0.1059550792,0.0058867694,0.10416022,0.89583979,0.00017922,0.00000870,70
1068,"/kaggle/input/datasets/arafatrahmann/my-data221/Epic and CSCR hospital Dataset/Train/glioma/G_856_RO_.jpg",0,glioma,0,glioma,0.8838140368,0.0059540938,0.1039850488,0.0062467656,0.08820758,0.91179243,0.00028144,0.00000749,70
1069,"/kaggle/input/datasets/arafatrahmann/my-data221/Epic and CSCR hospital Dataset/Train/glioma/G_856_SP_.jpg",0,glioma,0,glioma,0.9801058769,0.0059237094,0.0074675307,0.0065028160,0.08122814,0.91877186,0.00019635,0.00000658,70
1070,"/kaggle/input/datasets/arafatrahmann/my-data221/Epic and CSCR hospital Dataset/Train/glioma/G_856_VF_.jpg",0,glioma,2,notumor,0.1407864988,0.0095075015,0.8433142900,0.0063917772,0.09568107,0.90431892,0.00141231,0.00020868,70
1124,"/kaggle/input/datasets/arafatrahmann/my-data221/Epic and CSCR hospital Dataset/Train/glioma/G_864.jpg",0,glioma,0,glioma,0.9805172682,0.0055854591,0.0074123247,0.0064849691,0.10907065,0.89092935,0.00010135,0.00000690,98
1125,"/kaggle/input/datasets/arafatrahmann/my-data221/Epic and CSCR hospital Dataset/Train/glioma/G_864_BR_.jpg",0,glioma,0,glioma,0.9797502756,0.0054410109,0.0076445388,0.0071641849,0.09942108,0.90057893,0.00013044,0.00000688,98
1126,"/kaggle/input/datasets/arafatrahmann/my-data221/Epic and CSCR hospital Dataset/Train/glioma/G_864_DA_.jpg",0,glioma,0,glioma,0.9802051783,0.0051742862,0.0077839470,0.0068366751,0.10327009,0.89672990,0.00011998,0.00000738,98
1127,"/kaggle/input/datasets/arafatrahmann/my-data221/Epic and CSCR hospital Dataset/Train/glioma/G_864_HF_.jpg",0,glioma,0,glioma,0.9803098440,0.0053828107,0.0077790460,0.0065282648,0.09871031,0.90128970,0.00012763,0.00000670,98
1128,"/kaggle/input/datasets/arafatrahmann/my-data221/Epic and CSCR hospital Dataset/Train/glioma/G_864_RO_.jpg",0,glioma,0,glioma,0.9804041982,0.0057371678,0.0071438700,0.0067146556,0.08711802,0.91288197,0.00013319,0.00000586,98
1129,"/kaggle/input/datasets/arafatrahmann/my-data221/Epic and CSCR hospital Dataset/Train/glioma/G_864_SP_.jpg",0,glioma,0,glioma,0.9795123935,0.0062138257,0.0071151517,0.0071586608,0.10208783,0.89791217,0.00014042,0.00000672,98
1130,"/kaggle/input/datasets/arafatrahmann/my-data221/Epic and CSCR hospital Dataset/Train/glioma/G_864_VF_.jpg",0,glioma,0,glioma,0.9800070524,0.0054137642,0.0076632537,0.0069158771,0.10216194,0.89783806,0.00013112,0.00000717,98
1152,"/kaggle/input/datasets/arafatrahmann/my-data221/Epic and CSCR hospital Dataset/Train/glioma/G_868.jpg",0,glioma,0,glioma,0.9801505208,0.0057263253,0.0071345521,0.0069886399,0.09353017,0.90646982,0.00011084,0.00000702,102
1153,"/kaggle/input/datasets/arafatrahmann/my-data221/Epic and CSCR hospital Dataset/Train/glioma/G_868_BR_.jpg",0,glioma,0,glioma,0.9786480069,0.0062092156,0.0072284611,0.0079143522,0.08867865,0.91132134,0.00013406,0.00000530,102
1154,"/kaggle/input/datasets/arafatrahmann/my-data221/Epic and CSCR hospital Dataset/Train/glioma/G_868_DA_.jpg",0,glioma,0,glioma,0.9791554213,0.0059599658,0.0072589689,0.0076256231,0.08220901,0.91779097,0.00019693,0.00000636,102
1155,"/kaggle/input/datasets/arafatrahmann/my-data221/Epic and CSCR hospital Dataset/Train/glioma/G_868_HF_.jpg",0,glioma,0,glioma,0.9799622297,0.0054352437,0.0071644024,0.0074380832,0.08835704,0.91164296,0.00012328,0.00000542,102
1156,"/kaggle/input/datasets/arafatrahmann/my-data221/Epic and CSCR hospital Dataset/Train/glioma/G_868_RO_.jpg",0,glioma,0,glioma,0.9778487086,0.0068142763,0.0080231717,0.0073138559,0.08820298,0.91179703,0.00015795,0.00000801,102
1157,"/kaggle/input/datasets/arafatrahmann/my-data221/Epic and CSCR hospital Dataset/Train/glioma/G_868_SP_.jpg",0,glioma,0,glioma,0.9796767235,0.0052568666,0.0070383959,0.0080279848,0.09348252,0.90651748,0.00013903,0.00000727,102
1158,"/kaggle/input/datasets/arafatrahmann/my-data221/Epic and CSCR hospital Dataset/Train/glioma/G_868_VF_.jpg",0,glioma,0,glioma,0.9789651036,0.0066881245,0.0070932964,0.0072535514,0.08684925,0.91315073,0.00019784,0.00000608,102
1187,"/kaggle/input/datasets/arafatrahmann/my-data221/Epic and CSCR hospital Dataset/Train/glioma/G_872.jpg",0,glioma,0,glioma,0.9804664850,0.0055208253,0.0075354362,0.0064772898,0.08250959,0.91749042,0.00016597,0.00000509,98
1188,"/kaggle/input/datasets/arafatrahmann/my-data221/Epic and CSCR hospital Dataset/Train/glioma/G_872_BR_.jpg",0,glioma,0,glioma,0.9799646139,0.0056000119,0.0073209717,0.0071144523,0.08940217,0.91059782,0.00016939,0.00000690,98
1189,"/kaggle/input/datasets/arafatrahmann/my-data221/Epic and CSCR hospital Dataset/Train/glioma/G_872_DA_.jpg",0,glioma,0,glioma,0.9802405238,0.0053430637,0.0075355582,0.0068808161,0.08321461,0.91678541,0.00021294,0.00000700,98
1190,"/kaggle/input/datasets/arafatrahmann/my-data221/Epic and CSCR hospital Dataset/Train/glioma/G_872_HF_.jpg",0,glioma,0,glioma,0.9805201292,0.0056713833,0.0073884530,0.0064199558,0.09005035,0.90994964,0.00013043,0.00000585,98
1191,"/kaggle/input/datasets/arafatrahmann/my-data221/Epic and CSCR hospital Dataset/Train/glioma/G_872_RO_.jpg",0,glioma,0,glioma,0.9806411862,0.0055194586,0.0074079535,0.0064315004,0.09009184,0.90990816,0.00015511,0.00000762,98
1192,"/kaggle/input/datasets/arafatrahmann/my-data221/Epic and CSCR hospital Dataset/Train/glioma/G_872_SP_.jpg",0,glioma,0,glioma,0.9802607298,0.0054329783,0.0071586436,0.0071475669,0.09154392,0.90845606,0.00012600,0.00000789,98
1193,"/kaggle/input/datasets/arafatrahmann/my-data221/Epic and CSCR hospital Dataset/Train/glioma/G_872_VF_.jpg",0,glioma,0,glioma,0.9797968864,0.0056508379,0.0077514998,0.0068007843,0.08501265,0.91498734,0.00015299,0.00000644,98
1194,"/kaggle/input/datasets/arafatrahmann/my-data221/Epic and CSCR hospital Dataset/Train/glioma/G_873.jpg",0,glioma,0,glioma,0.9806753397,0.0057200892,0.0074170856,0.0061874762,0.12651509,0.87348490,0.00010307,0.00000699,98
1195,"/kaggle/input/datasets/arafatrahmann/my-data221/Epic and CSCR hospital Dataset/Train/glioma/G_873_BR_.jpg",0,glioma,0,glioma,0.9800661802,0.0056745377,0.0072519705,0.0070073442,0.09253344,0.90746655,0.00014208,0.00000591,98
1196,"/kaggle/input/datasets/arafatrahmann/my-data221/Epic and CSCR hospital Dataset/Train/glioma/G_873_DA_.jpg",0,glioma,0,glioma,0.9799705744,0.0054866946,0.0078371484,0.0067056222,0.08494756,0.91505244,0.00017077,0.00000617,98
1197,"/kaggle/input/datasets/arafatrahmann/my-data221/Epic and CSCR hospital Dataset/Train/glioma/G_873_HF_.jpg",0,glioma,0,glioma,0.9805662036,0.0057709883,0.0073649525,0.0062978701,0.09828804,0.90171196,0.00010564,0.00000710,98
1198,"/kaggle/input/datasets/arafatrahmann/my-data221/Epic and CSCR hospital Dataset/Train/glioma/G_873_RO_.jpg",0,glioma,0,glioma,0.9806762934,0.0055194814,0.0074366843,0.0063676150,0.09325664,0.90674335,0.00010574,0.00000656,98
1199,"/kaggle/input/datasets/arafatrahmann/my-data221/Epic and CSCR hospital Dataset/Train/glioma/G_873_SP_.jpg",0,glioma,0,glioma,0.9804280400,0.0053824699,0.0072447769,0.0069446377,0.10786534,0.89213465,0.00008651,0.00000613,98
1200,"/kaggle/input/datasets/arafatrahmann/my-data221/Epic and CSCR hospital Dataset/Train/glioma/G_873_VF_.jpg",0,glioma,0,glioma,0.9800075293,0.0052475990,0.0083279591,0.0064167390,0.09674886,0.90325114,0.00014772,0.00000667,98
1236,"/kaggle/input/datasets/arafatrahmann/my-data221/Epic and CSCR hospital Dataset/Train/glioma/G_879.jpg",0,glioma,0,glioma,0.9803794622,0.0058438843,0.0074068392,0.0063698352,0.08793867,0.91206133,0.00020114,0.00000671,70
1237,"/kaggle/input/datasets/arafatrahmann/my-data221/Epic and CSCR hospital Dataset/Train/glioma/G_879_BR_.jpg",0,glioma,0,glioma,0.9798222780,0.0056906021,0.0076329075,0.0068541532,0.09225529,0.90774471,0.00012160,0.00000685,70
1238,"/kaggle/input/datasets/arafatrahmann/my-data221/Epic and CSCR hospital Dataset/Train/glioma/G_879_DA_.jpg",0,glioma,0,glioma,0.9790104628,0.0061674658,0.0081385886,0.0066834232,0.08619946,0.91380054,0.00014755,0.00000535,70
1239,"/kaggle/input/datasets/arafatrahmann/my-data221/Epic and CSCR hospital Dataset/Train/glioma/G_879_HF_.jpg",0,glioma,0,glioma,0.9802801013,0.0058230530,0.0073285238,0.0065682805,0.08077163,0.91922836,0.00018388,0.00000558,70
1240,"/kaggle/input/datasets/arafatrahmann/my-data221/Epic and CSCR hospital Dataset/Train/glioma/G_879_RO_.jpg",0,glioma,0,glioma,0.9794918895,0.0069571333,0.0071808817,0.0063701174,0.08864230,0.91135769,0.00015763,0.00000531,70
1241,"/kaggle/input/datasets/arafatrahmann/my-data221/Epic and CSCR hospital Dataset/Train/glioma/G_879_SP_.jpg",0,glioma,0,glioma,0.9801150560,0.0058948444,0.0075018792,0.0064882399,0.10330983,0.89669017,0.00011999,0.00000612,70
1242,"/kaggle/input/datasets/arafatrahmann/my-data221/Epic and CSCR hospital Dataset/Train/glioma/G_879_VF_.jpg",0,glioma,0,glioma,0.9666057825,0.0080878269,0.0193056315,0.0060008606,0.08914462,0.91085536,0.00032820,0.00003237,70
1313,"/kaggle/input/datasets/arafatrahmann/my-data221/Epic and CSCR hospital Dataset/Train/glioma/G_889.jpg",0,glioma,0,glioma,0.9736018181,0.0125889555,0.0071182149,0.0066910810,0.08429047,0.91570952,0.00018882,0.00000687,118
1314,"/kaggle/input/datasets/arafatrahmann/my-data221/Epic and CSCR hospital Dataset/Train/glioma/G_889_BR_.jpg",0,glioma,0,glioma,0.9559450150,0.0302454475,0.0070105665,0.0067989947,0.08706336,0.91293662,0.00060750,0.00002601,118
1315,"/kaggle/input/datasets/arafatrahmann/my-data221/Epic and CSCR hospital Dataset/Train/glioma/G_889_DA_.jpg",0,glioma,0,glioma,0.9780556560,0.0079834694,0.0074838675,0.0064770184,0.08777121,0.91222879,0.00014826,0.00000604,118
1316,"/kaggle/input/datasets/arafatrahmann/my-data221/Epic and CSCR hospital Dataset/Train/glioma/G_889_HF_.jpg",0,glioma,0,glioma,0.9758138657,0.0100202989,0.0074289599,0.0067367824,0.09167296,0.90832703,0.00018435,0.00000768,118
1317,"/kaggle/input/datasets/arafatrahmann/my-data221/Epic and CSCR hospital Dataset/Train/glioma/G_889_RO_.jpg",0,glioma,0,glioma,0.7738617659,0.2126030922,0.0071042357,0.0064309193,0.09153436,0.90846564,0.00034676,0.00001081,118
1318,"/kaggle/input/datasets/arafatrahmann/my-data221/Epic and CSCR hospital Dataset/Train/glioma/G_889_SP_.jpg",0,glioma,0,glioma,0.9793454409,0.0062516094,0.0074652964,0.0069376854,0.10583970,0.89416032,0.00011197,0.00000683,118
1319,"/kaggle/input/datasets/arafatrahmann/my-data221/Epic and CSCR hospital Dataset/Train/glioma/G_889_VF_.jpg",0,glioma,0,glioma,0.9734210968,0.0120010125,0.0074028922,0.0071750665,0.14971721,0.85028280,0.00021249,0.00000949,118
1341,"/kaggle/input/datasets/arafatrahmann/my-data221/Epic and CSCR hospital Dataset/Train/glioma/G_895_SP_.jpg",0,glioma,0,glioma,0.9810265303,0.0055336864,0.0069671413,0.0064725303,0.11281533,0.88718467,0.00008601,0.00000677,120
1342,"/kaggle/input/datasets/arafatrahmann/my-data221/Epic and CSCR hospital Dataset/Train/glioma/G_895_VF_.jpg",0,glioma,0,glioma,0.9810708761,0.0055680256,0.0069522732,0.0064088353,0.10726419,0.89273582,0.00008223,0.00000572,120
1346,"/kaggle/input/datasets/arafatrahmann/my-data221/Epic and CSCR hospital Dataset/Train/glioma/Te-gl_0057.jpg",0,glioma,0,glioma,0.9807259440,0.0051350459,0.0068459264,0.0072931265,0.09758309,0.90241693,0.00015624,0.00000788,37
1347,"/kaggle/input/datasets/arafatrahmann/my-data221/Epic and CSCR hospital Dataset/Train/glioma/Te-gl_0058.jpg",0,glioma,0,glioma,0.9809784889,0.0056060459,0.0069945045,0.0064209187,0.10562829,0.89437171,0.00010953,0.00000689,40
1350,"/kaggle/input/datasets/arafatrahmann/my-data221/Epic and CSCR hospital Dataset/Train/glioma/Te-gl_0061.jpg",0,glioma,0,glioma,0.9808092117,0.0059210891,0.0067928447,0.0064768754,0.08858311,0.91141690,0.00015174,0.00000645,52
1357,"/kaggle/input/datasets/arafatrahmann/my-data221/Epic and CSCR hospital Dataset/Train/glioma/Te-gl_0068.jpg",0,glioma,0,glioma,0.9806226492,0.0060269623,0.0069666170,0.0063837781,0.08263698,0.91736302,0.00017647,0.00000529,71
1365,"/kaggle/input/datasets/arafatrahmann/my-data221/Epic and CSCR hospital Dataset/Train/glioma/Te-gl_0076.jpg",0,glioma,0,glioma,0.9805678129,0.0058768089,0.0072048954,0.0063505112,0.09855673,0.90144324,0.00011697,0.00000684,124
1368,"/kaggle/input/datasets/arafatrahmann/my-data221/Epic and CSCR hospital Dataset/Train/glioma/Te-gl_0079.jpg",0,glioma,0,glioma,0.9803733826,0.0058929245,0.0071384879,0.0065952316,0.08890467,0.91109534,0.00014148,0.00000683,124
1370,"/kaggle/input/datasets/arafatrahmann/my-data221/Epic and CSCR hospital Dataset/Train/glioma/Te-gl_0081.jpg",0,glioma,0,glioma,0.9806002378,0.0054985490,0.0071726553,0.0067285546,0.11588686,0.88411316,0.00012994,0.00000610,128
1376,"/kaggle/input/datasets/arafatrahmann/my-data221/Epic and CSCR hospital Dataset/Train/glioma/Te-gl_0087.jpg",0,glioma,0,glioma,0.9803596735,0.0061957072,0.0072463588,0.0061983066,0.09861100,0.90138901,0.00015866,0.00000499,134
1382,"/kaggle/input/datasets/arafatrahmann/my-data221/Epic and CSCR hospital Dataset/Train/glioma/Te-gl_0093.jpg",0,glioma,0,glioma,0.9799900055,0.0060812505,0.0069029205,0.0070257657,0.09531338,0.90468663,0.00012291,0.00000734,140
1392,"/kaggle/input/datasets/arafatrahmann/my-data221/Epic and CSCR hospital Dataset/Train/glioma/Te-gl_0103.jpg",0,glioma,0,glioma,0.9804322124,0.0060867397,0.0071384921,0.0063426280,0.09683250,0.90316750,0.00018085,0.00000733,150
1397,"/kaggle/input/datasets/arafatrahmann/my-data221/Epic and CSCR hospital Dataset/Train/glioma/Te-gl_0109.jpg",0,glioma,0,glioma,0.9784625173,0.0042332187,0.0069625927,0.0103416964,0.09181798,0.90818202,0.00016853,0.00000753,154
1399,"/kaggle/input/datasets/arafatrahmann/my-data221/Epic and CSCR hospital Dataset/Train/glioma/Te-gl_0111.jpg",0,glioma,0,glioma,0.9803239703,0.0059596761,0.0071350993,0.0065813093,0.08348362,0.91651638,0.00018167,0.00000671,154
1400,"/kaggle/input/datasets/arafatrahmann/my-data221/Epic and CSCR hospital Dataset/Train/glioma/Te-gl_0112.jpg",0,glioma,0,glioma,0.9803978205,0.0060083866,0.0070298156,0.0065640793,0.08080240,0.91919760,0.00019074,0.00000683,154
1404,"/kaggle/input/datasets/arafatrahmann/my-data221/Epic and CSCR hospital Dataset/Train/glioma/Te-gl_0116.jpg",0,glioma,0,glioma,0.9807366133,0.0058039604,0.0069046258,0.0065548727,0.09509780,0.90490219,0.00012859,0.00000603,159
1410,"/kaggle/input/datasets/arafatrahmann/my-data221/Epic and CSCR hospital Dataset/Train/glioma/Te-gl_0122.jpg",0,glioma,0,glioma,0.9807869792,0.0053509981,0.0071153804,0.0067466525,0.08700136,0.91299863,0.00015665,0.00000694,31
1414,"/kaggle/input/datasets/arafatrahmann/my-data221/Epic and CSCR hospital Dataset/Train/glioma/Te-gl_0126.jpg",0,glioma,0,glioma,0.9807401896,0.0053604855,0.0068624080,0.0070369518,0.12356550,0.87643448,0.00014297,0.00000638,37
1417,"/kaggle/input/datasets/arafatrahmann/my-data221/Epic and CSCR hospital Dataset/Train/glioma/Te-gl_0129.jpg",0,glioma,0,glioma,0.9806645513,0.0061816117,0.0068665938,0.0062871976,0.09726517,0.90273481,0.00012741,0.00000623,52
1418,"/kaggle/input/datasets/arafatrahmann/my-data221/Epic and CSCR hospital Dataset/Train/glioma/Te-gl_0130.jpg",0,glioma,0,glioma,0.9806442261,0.0058228029,0.0070107700,0.0065222187,0.07990069,0.92009932,0.00021391,0.00000591,52
1427,"/kaggle/input/datasets/arafatrahmann/my-data221/Epic and CSCR hospital Dataset/Train/glioma/Te-gl_0139.jpg",0,glioma,0,glioma,0.9805685282,0.0057996255,0.0075741671,0.0060576815,0.08420573,0.91579427,0.00012388,0.00000522,165
1428,"/kaggle/input/datasets/arafatrahmann/my-data221/Epic and CSCR hospital Dataset/Train/glioma/Te-gl_0140.jpg",0,glioma,0,glioma,0.9808564186,0.0055835219,0.0070674717,0.0064925188,0.08473396,0.91526603,0.00017000,0.00000679,166
1429,"/kaggle/input/datasets/arafatrahmann/my-data221/Epic and CSCR hospital Dataset/Train/glioma/Te-gl_0141.jpg",0,glioma,0,glioma,0.9805254936,0.0057765190,0.0071429526,0.0065550855,0.09087639,0.90912359,0.00013214,0.00000702,167
1431,"/kaggle/input/datasets/arafatrahmann/my-data221/Epic and CSCR hospital Dataset/Train/glioma/Te-gl_0143.jpg",0,glioma,0,glioma,0.9800337553,0.0064214296,0.0071793855,0.0063653672,0.14263602,0.85736400,0.00015321,0.00000673,169
1441,"/kaggle/input/datasets/arafatrahmann/my-data221/Epic and CSCR hospital Dataset/Train/glioma/Te-gl_0153.jpg",0,glioma,0,glioma,0.9811526537,0.0057439236,0.0069458461,0.0061575612,0.12199060,0.87800941,0.00009975,0.00000661,179
1445,"/kaggle/input/datasets/arafatrahmann/my-data221/Epic and CSCR hospital Dataset/Train/glioma/Te-gl_0157.jpg",0,glioma,0,glioma,0.9806925058,0.0058982284,0.0069710747,0.0064382451,0.09108192,0.90891810,0.00014810,0.00000692,183
1447,"/kaggle/input/datasets/arafatrahmann/my-data221/Epic and CSCR hospital Dataset/Train/glioma/Te-gl_0159.jpg",0,glioma,0,glioma,0.9807339907,0.0057778410,0.0071547134,0.0063335113,0.09307677,0.90692322,0.00017124,0.00000679,185
1448,"/kaggle/input/datasets/arafatrahmann/my-data221/Epic and CSCR hospital Dataset/Train/glioma/Te-gl_0160.jpg",0,glioma,0,glioma,0.9805654287,0.0057855034,0.0075778714,0.0060711745,0.08867053,0.91132947,0.00012324,0.00000644,186
1455,"/kaggle/input/datasets/arafatrahmann/my-data221/Epic and CSCR hospital Dataset/Train/glioma/Te-gl_0167.jpg",0,glioma,0,glioma,0.9798172116,0.0059668235,0.0076597086,0.0065562679,0.08577955,0.91422045,0.00012441,0.00000542,192
1466,"/kaggle/input/datasets/arafatrahmann/my-data221/Epic and CSCR hospital Dataset/Train/glioma/Te-gl_0178.jpg",0,glioma,0,glioma,0.9808365703,0.0052718176,0.0077067725,0.0061848694,0.09869269,0.90130731,0.00014720,0.00000602,201
1476,"/kaggle/input/datasets/arafatrahmann/my-data221/Epic and CSCR hospital Dataset/Train/glioma/Te-gl_0188.jpg",0,glioma,0,glioma,0.9809247851,0.0055571911,0.0070019849,0.0065160980,0.08046161,0.91953838,0.00018483,0.00000569,209
1478,"/kaggle/input/datasets/arafatrahmann/my-data221/Epic and CSCR hospital Dataset/Train/glioma/Te-gl_0190.jpg",0,glioma,0,glioma,0.9799290895,0.0062106405,0.0071207983,0.0067395009,0.13133342,0.86866660,0.00018878,0.00000559,211
1484,"/kaggle/input/datasets/arafatrahmann/my-data221/Epic and CSCR hospital Dataset/Train/glioma/Te-gl_0196.jpg",0,glioma,0,glioma,0.9809312820,0.0057432894,0.0071199117,0.0062054875,0.08830592,0.91169409,0.00014403,0.00000665,217
1490,"/kaggle/input/datasets/arafatrahmann/my-data221/Epic and CSCR hospital Dataset/Train/glioma/Te-gl_0202.jpg",0,glioma,0,glioma,0.9807174802,0.0056679538,0.0074297837,0.0061847670,0.08778071,0.91221929,0.00012287,0.00000575,223
1491,"/kaggle/input/datasets/arafatrahmann/my-data221/Epic and CSCR hospital Dataset/Train/glioma/Te-gl_0203.jpg",0,glioma,0,glioma,0.9808576703,0.0056943726,0.0072378526,0.0062101544,0.08485830,0.91514171,0.00015346,0.00000637,224
1498,"/kaggle/input/datasets/arafatrahmann/my-data221/Epic and CSCR hospital Dataset/Train/glioma/Te-gl_0210.jpg",0,glioma,0,glioma,0.9807552099,0.0057897298,0.0071449727,0.0063101687,0.10822747,0.89177256,0.00016019,0.00000664,231
1500,"/kaggle/input/datasets/arafatrahmann/my-data221/Epic and CSCR hospital Dataset/Train/glioma/Te-gl_0212.jpg",0,glioma,0,glioma,0.9807081223,0.0059553324,0.0071030250,0.0062334985,0.08670345,0.91329654,0.00013602,0.00000573,2
1501,"/kaggle/input/datasets/arafatrahmann/my-data221/Epic and CSCR hospital Dataset/Train/glioma/Te-gl_0213.jpg",0,glioma,0,glioma,0.9805909991,0.0060653505,0.0069814241,0.0063622398,0.07892099,0.92107903,0.00016331,0.00000460,2
1505,"/kaggle/input/datasets/arafatrahmann/my-data221/Epic and CSCR hospital Dataset/Train/glioma/Te-gl_0217.jpg",0,glioma,0,glioma,0.9806612730,0.0058650505,0.0071338243,0.0063398285,0.11003200,0.88996799,0.00010909,0.00000734,233
1513,"/kaggle/input/datasets/arafatrahmann/my-data221/Epic and CSCR hospital Dataset/Train/glioma/Te-gl_0225.jpg",0,glioma,0,glioma,0.9633963704,0.0240739100,0.0065144883,0.0060151615,0.08942607,0.91057392,0.00043349,0.00001070,80
1514,"/kaggle/input/datasets/arafatrahmann/my-data221/Epic and CSCR hospital Dataset/Train/glioma/Te-gl_0226.jpg",0,glioma,0,glioma,0.9798721075,0.0056856372,0.0071123606,0.0073298244,0.08827639,0.91172362,0.00014001,0.00000559,236
1518,"/kaggle/input/datasets/arafatrahmann/my-data221/Epic and CSCR hospital Dataset/Train/glioma/Te-gl_0230.jpg",0,glioma,0,glioma,0.9802595377,0.0048961835,0.0082087955,0.0066354335,0.12216287,0.87783713,0.00009896,0.00000829,239
1521,"/kaggle/input/datasets/arafatrahmann/my-data221/Epic and CSCR hospital Dataset/Train/glioma/Te-gl_0233.jpg",0,glioma,0,glioma,0.9807434082,0.0058197817,0.0071321605,0.0063046170,0.10125904,0.89874094,0.00010418,0.00000645,242
1548,"/kaggle/input/datasets/arafatrahmann/my-data221/Epic and CSCR hospital Dataset/Train/glioma/Te-gl_0260.jpg",0,glioma,0,glioma,0.9806863666,0.0056755478,0.0071345815,0.0065034837,0.08477845,0.91522155,0.00011862,0.00000502,265
1555,"/kaggle/input/datasets/arafatrahmann/my-data221/Epic and CSCR hospital Dataset/Train/glioma/Te-gl_0289.jpg",0,glioma,0,glioma,0.9804086685,0.0055304347,0.0069743795,0.0070865126,0.09921626,0.90078375,0.00017107,0.00000576,271
1560,"/kaggle/input/datasets/arafatrahmann/my-data221/Epic and CSCR hospital Dataset/Train/glioma/Te-gl_0294.jpg",0,glioma,0,glioma,0.9807103872,0.0058607608,0.0068246871,0.0066041360,0.08453589,0.91546412,0.00014007,0.00000579,276
1561,"/kaggle/input/datasets/arafatrahmann/my-data221/Epic and CSCR hospital Dataset/Train/glioma/Te-gl_0295.jpg",0,glioma,0,glioma,0.9793555140,0.0064697051,0.0084091853,0.0057656476,0.08060772,0.91939230,0.00022055,0.00000674,277
1564,"/kaggle/input/datasets/arafatrahmann/my-data221/Epic and CSCR hospital Dataset/Train/glioma/Te-gl_0298.jpg",0,glioma,0,glioma,0.9806290865,0.0059165978,0.0070677428,0.0063866926,0.09064158,0.90935842,0.00012599,0.00000577,280
1570,"/kaggle/input/datasets/arafatrahmann/my-data221/Epic and CSCR hospital Dataset/Train/glioma/Tr-gl_0032.jpg",0,glioma,0,glioma,0.9807362556,0.0055545648,0.0072582811,0.0064509124,0.09229034,0.90770966,0.00011953,0.00000694,286
1575,"/kaggle/input/datasets/arafatrahmann/my-data221/Epic and CSCR hospital Dataset/Train/glioma/Tr-gl_0037.jpg",0,glioma,0,glioma,0.9806047678,0.0059006736,0.0070444616,0.0064501227,0.09398877,0.90601122,0.00018703,0.00000707,291
1576,"/kaggle/input/datasets/arafatrahmann/my-data221/Epic and CSCR hospital Dataset/Train/glioma/Tr-gl_0038.jpg",0,glioma,0,glioma,0.9805094600,0.0055638677,0.0070967237,0.0068299286,0.09150379,0.90849622,0.00012141,0.00000593,292
1585,"/kaggle/input/datasets/arafatrahmann/my-data221/Epic and CSCR hospital Dataset/Train/glioma/Tr-gl_0071.jpg",0,glioma,0,glioma,0.9806944728,0.0060874736,0.0068641016,0.0063540214,0.08823883,0.91176118,0.00013371,0.00000495,301
1586,"/kaggle/input/datasets/arafatrahmann/my-data221/Epic and CSCR hospital Dataset/Train/glioma/Tr-gl_0072.jpg",0,glioma,0,glioma,0.9805819392,0.0059310091,0.0071109198,0.0063760639,0.09046779,0.90953221,0.00013525,0.00000569,302
1588,"/kaggle/input/datasets/arafatrahmann/my-data221/Epic and CSCR hospital Dataset/Train/glioma/Tr-gl_0074.jpg",0,glioma,0,glioma,0.9803193212,0.0063521182,0.0069053695,0.0064232303,0.09146905,0.90853094,0.00015272,0.00000596,304
1594,"/kaggle/input/datasets/arafatrahmann/my-data221/Epic and CSCR hospital Dataset/Train/glioma/Tr-gl_0080.jpg",0,glioma,0,glioma,0.9806190729,0.0053786067,0.0077769211,0.0062254826,0.08747799,0.91252198,0.00014013,0.00000668,310
1596,"/kaggle/input/datasets/arafatrahmann/my-data221/Epic and CSCR hospital Dataset/Train/glioma/Tr-gl_0082.jpg",0,glioma,0,glioma,0.9794735909,0.0074987351,0.0067450078,0.0062826574,0.08557214,0.91442786,0.00021118,0.00000622,312
1601,"/kaggle/input/datasets/arafatrahmann/my-data221/Epic and CSCR hospital Dataset/Train/glioma/Tr-gl_0087.jpg",0,glioma,0,glioma,0.9808533788,0.0047851913,0.0075480319,0.0068134270,0.08561294,0.91438707,0.00015225,0.00000557,317
1611,"/kaggle/input/datasets/arafatrahmann/my-data221/Epic and CSCR hospital Dataset/Train/glioma/Tr-gl_0097.jpg",0,glioma,0,glioma,0.9804441333,0.0059814677,0.0070564547,0.0065178736,0.09127004,0.90872995,0.00016424,0.00000596,326
1626,"/kaggle/input/datasets/arafatrahmann/my-data221/Epic and CSCR hospital Dataset/Train/glioma/Tr-gl_0127.jpg",0,glioma,0,glioma,0.9805453420,0.0061839698,0.0069864886,0.0062842579,0.09954313,0.90045685,0.00013420,0.00000711,332
1632,"/kaggle/input/datasets/arafatrahmann/my-data221/Epic and CSCR hospital Dataset/Train/glioma/Tr-gl_0133.jpg",0,glioma,0,glioma,0.9805539250,0.0059329448,0.0069595068,0.0065536783,0.08417465,0.91582536,0.00016523,0.00000617,21
1633,"/kaggle/input/datasets/arafatrahmann/my-data221/Epic and CSCR hospital Dataset/Train/glioma/Tr-gl_0134.jpg",0,glioma,0,glioma,0.9805387259,0.0060626040,0.0069718747,0.0064267414,0.08981333,0.91018665,0.00013537,0.00000717,21
1634,"/kaggle/input/datasets/arafatrahmann/my-data221/Epic and CSCR hospital Dataset/Train/glioma/Tr-gl_0135.jpg",0,glioma,0,glioma,0.9804937243,0.0060093524,0.0070782090,0.0064187534,0.08464352,0.91535649,0.00017289,0.00000649,21
1635,"/kaggle/input/datasets/arafatrahmann/my-data221/Epic and CSCR hospital Dataset/Train/glioma/Tr-gl_0136.jpg",0,glioma,0,glioma,0.9804272652,0.0061881342,0.0069540748,0.0064304685,0.08062236,0.91937764,0.00017461,0.00000580,21
1636,"/kaggle/input/datasets/arafatrahmann/my-data221/Epic and CSCR hospital Dataset/Train/glioma/Tr-gl_0137.jpg",0,glioma,0,glioma,0.9806131124,0.0061013950,0.0069864998,0.0062991092,0.10294368,0.89705631,0.00013850,0.00000626,21
1637,"/kaggle/input/datasets/arafatrahmann/my-data221/Epic and CSCR hospital Dataset/Train/glioma/Tr-gl_0138.jpg",0,glioma,0,glioma,0.9806634188,0.0061114477,0.0069083446,0.0063168122,0.09601184,0.90398815,0.00012100,0.00000615,21
1638,"/kaggle/input/datasets/arafatrahmann/my-data221/Epic and CSCR hospital Dataset/Train/glioma/Tr-gl_0139.jpg",0,glioma,0,glioma,0.9805473089,0.0060462551,0.0069755553,0.0064307912,0.08452700,0.91547298,0.00021954,0.00000755,21
1640,"/kaggle/input/datasets/arafatrahmann/my-data221/Epic and CSCR hospital Dataset/Train/glioma/Tr-gl_0141.jpg",0,glioma,0,glioma,0.9804652929,0.0055918051,0.0070757442,0.0068671182,0.10008645,0.89991353,0.00011635,0.00000714,339
1641,"/kaggle/input/datasets/arafatrahmann/my-data221/Epic and CSCR hospital Dataset/Train/glioma/Tr-gl_0142.jpg",0,glioma,0,glioma,0.9804571867,0.0060951374,0.0070599979,0.0063876100,0.13431898,0.86568101,0.00012732,0.00000668,124
1642,"/kaggle/input/datasets/arafatrahmann/my-data221/Epic and CSCR hospital Dataset/Train/glioma/Tr-gl_0143.jpg",0,glioma,0,glioma,0.9806726575,0.0059201783,0.0070228213,0.0063843550,0.09295918,0.90704082,0.00012338,0.00000573,340
1643,"/kaggle/input/datasets/arafatrahmann/my-data221/Epic and CSCR hospital Dataset/Train/glioma/Tr-gl_0144.jpg",0,glioma,0,glioma,0.9806553125,0.0056925206,0.0072052702,0.0064469194,0.08743089,0.91256914,0.00017900,0.00000722,340
1648,"/kaggle/input/datasets/arafatrahmann/my-data221/Epic and CSCR hospital Dataset/Train/glioma/Tr-gl_0149.jpg",0,glioma,0,glioma,0.9801059961,0.0057386230,0.0072963098,0.0068591177,0.08034018,0.91965979,0.00022952,0.00000669,124
1649,"/kaggle/input/datasets/arafatrahmann/my-data221/Epic and CSCR hospital Dataset/Train/glioma/Tr-gl_0150.jpg",0,glioma,0,glioma,0.9802859426,0.0058989432,0.0070865033,0.0067286557,0.09145510,0.90854490,0.00012253,0.00000612,124
1650,"/kaggle/input/datasets/arafatrahmann/my-data221/Epic and CSCR hospital Dataset/Train/glioma/Tr-gl_0151.jpg",0,glioma,0,glioma,0.9807447195,0.0058236062,0.0071035242,0.0063281790,0.11897824,0.88102174,0.00007397,0.00000621,124
1654,"/kaggle/input/datasets/arafatrahmann/my-data221/Epic and CSCR hospital Dataset/Train/glioma/Tr-gl_0155.jpg",0,glioma,0,glioma,0.9806763530,0.0058863470,0.0070393188,0.0063980073,0.09013222,0.90986778,0.00015090,0.00000655,344
1665,"/kaggle/input/datasets/arafatrahmann/my-data221/Epic and CSCR hospital Dataset/Train/glioma/Tr-gl_0166.jpg",0,glioma,0,glioma,0.9806183577,0.0060659479,0.0070426865,0.0062729754,0.09022274,0.90977725,0.00014938,0.00000595,352
1673,"/kaggle/input/datasets/arafatrahmann/my-data221/Epic and CSCR hospital Dataset/Train/glioma/Tr-gl_0174.jpg",0,glioma,0,glioma,0.9804223180,0.0060513127,0.0069804648,0.0065458417,0.08026326,0.91973676,0.00019708,0.00000571,354
1684,"/kaggle/input/datasets/arafatrahmann/my-data221/Epic and CSCR hospital Dataset/Train/glioma/Tr-gl_0185.jpg",0,glioma,0,glioma,0.9803494215,0.0063034846,0.0071028820,0.0062441346,0.09044886,0.90955113,0.00015004,0.00000606,360
1687,"/kaggle/input/datasets/arafatrahmann/my-data221/Epic and CSCR hospital Dataset/Train/glioma/Tr-gl_0188.jpg",0,glioma,0,glioma,0.9798576236,0.0062738052,0.0073861890,0.0064823092,0.14986316,0.85013684,0.00018892,0.00000718,363
1697,"/kaggle/input/datasets/arafatrahmann/my-data221/Epic and CSCR hospital Dataset/Train/glioma/Tr-gl_0198.jpg",0,glioma,0,glioma,0.9805118442,0.0057345941,0.0071498514,0.0066036419,0.09048358,0.90951644,0.00014578,0.00000634,372
1711,"/kaggle/input/datasets/arafatrahmann/my-data221/Epic and CSCR hospital Dataset/Train/glioma/Tr-gl_0212.jpg",0,glioma,0,glioma,0.9808292389,0.0059454534,0.0069489703,0.0062763146,0.09926522,0.90073478,0.00017710,0.00000812,381
1712,"/kaggle/input/datasets/arafatrahmann/my-data221/Epic and CSCR hospital Dataset/Train/glioma/Tr-gl_0213.jpg",0,glioma,0,glioma,0.9806838036,0.0058584223,0.0071351603,0.0063226311,0.10289842,0.89710159,0.00012212,0.00000762,382
1721,"/kaggle/input/datasets/arafatrahmann/my-data221/Epic and CSCR hospital Dataset/Train/glioma/Tr-gl_0222.jpg",0,glioma,0,glioma,0.9808375239,0.0055028792,0.0074482979,0.0062112394,0.09128366,0.90871633,0.00016725,0.00000503,385
1728,"/kaggle/input/datasets/arafatrahmann/my-data221/Epic and CSCR hospital Dataset/Train/glioma/Tr-gl_0229.jpg",0,glioma,0,glioma,0.9804466367,0.0056549292,0.0073994966,0.0064989710,0.08091785,0.91908214,0.00020877,0.00000677,392
1741,"/kaggle/input/datasets/arafatrahmann/my-data221/Epic and CSCR hospital Dataset/Train/glioma/Tr-gl_0242.jpg",0,glioma,0,glioma,0.9806772470,0.0058321762,0.0073163919,0.0061740954,0.09295933,0.90704065,0.00013157,0.00000701,400
1746,"/kaggle/input/datasets/arafatrahmann/my-data221/Epic and CSCR hospital Dataset/Train/glioma/Tr-gl_0247.jpg",0,glioma,0,glioma,0.9808899164,0.0058143409,0.0071713300,0.0061243870,0.10627318,0.89372681,0.00012595,0.00000764,402
1763,"/kaggle/input/datasets/arafatrahmann/my-data221/Epic and CSCR hospital Dataset/Train/glioma/Tr-gl_0264.jpg",0,glioma,0,glioma,0.9805828333,0.0056899902,0.0070262589,0.0067009525,0.08064984,0.91935014,0.00015600,0.00000504,340
1767,"/kaggle/input/datasets/arafatrahmann/my-data221/Epic and CSCR hospital Dataset/Train/glioma/Tr-gl_0268.jpg",0,glioma,0,glioma,0.9806752205,0.0057519255,0.0070570176,0.0065158280,0.09489631,0.90510367,0.00014056,0.00000680,415
1768,"/kaggle/input/datasets/arafatrahmann/my-data221/Epic and CSCR hospital Dataset/Train/glioma/Tr-gl_0269.jpg",0,glioma,0,glioma,0.9805082083,0.0057806903,0.0070573119,0.0066538900,0.08095945,0.91904055,0.00016849,0.00000561,415
1769,"/kaggle/input/datasets/arafatrahmann/my-data221/Epic and CSCR hospital Dataset/Train/glioma/Tr-gl_0270.jpg",0,glioma,0,glioma,0.9806415439,0.0061637410,0.0068247267,0.0063699670,0.08896755,0.91103245,0.00018151,0.00000651,416
1803,"/kaggle/input/datasets/arafatrahmann/my-data221/Epic and CSCR hospital Dataset/Train/glioma/Tr-gl_0304.jpg",0,glioma,0,glioma,0.9805017710,0.0060115037,0.0070121312,0.0064746691,0.10630344,0.89369655,0.00009082,0.00000670,437
1810,"/kaggle/input/datasets/arafatrahmann/my-data221/Epic and CSCR hospital Dataset/Train/glioma/Tr-gl_0311.jpg",0,glioma,0,glioma,0.9809843898,0.0057583204,0.0068918378,0.0063654683,0.10430799,0.89569202,0.00015816,0.00000646,443
1816,"/kaggle/input/datasets/arafatrahmann/my-data221/Epic and CSCR hospital Dataset/Train/glioma/Tr-gl_0317.jpg",0,glioma,0,glioma,0.9804530144,0.0057849912,0.0074465200,0.0063155070,0.08387396,0.91612604,0.00017765,0.00000726,446
1825,"/kaggle/input/datasets/arafatrahmann/my-data221/Epic and CSCR hospital Dataset/Train/glioma/Tr-gl_0326.jpg",0,glioma,0,glioma,0.9806566238,0.0051779128,0.0069025769,0.0072628520,0.08251417,0.91748582,0.00017197,0.00000662,449
1827,"/kaggle/input/datasets/arafatrahmann/my-data221/Epic and CSCR hospital Dataset/Train/glioma/Tr-gl_0328.jpg",0,glioma,0,glioma,0.9802600145,0.0059082978,0.0070607229,0.0067709885,0.08299686,0.91700313,0.00016338,0.00000483,451
1830,"/kaggle/input/datasets/arafatrahmann/my-data221/Epic and CSCR hospital Dataset/Train/glioma/Tr-gl_0331.jpg",0,glioma,0,glioma,0.9807108045,0.0060620951,0.0068881498,0.0063389749,0.10924751,0.89075249,0.00013161,0.00000992,453
1832,"/kaggle/input/datasets/arafatrahmann/my-data221/Epic and CSCR hospital Dataset/Train/glioma/Tr-gl_0333.jpg",0,glioma,0,glioma,0.9806450605,0.0060877269,0.0070204460,0.0062468192,0.10091201,0.89908799,0.00012247,0.00000595,455
1833,"/kaggle/input/datasets/arafatrahmann/my-data221/Epic and CSCR hospital Dataset/Train/glioma/Tr-gl_0334.jpg",0,glioma,0,glioma,0.9808584452,0.0058848639,0.0070570158,0.0061998046,0.10717713,0.89282288,0.00014156,0.00000755,456
1842,"/kaggle/input/datasets/arafatrahmann/my-data221/Epic and CSCR hospital Dataset/Train/glioma/Tr-gl_0343.jpg",0,glioma,0,glioma,0.9807052612,0.0057367645,0.0068944208,0.0066635562,0.08082819,0.91917179,0.00015458,0.00000445,464
1844,"/kaggle/input/datasets/arafatrahmann/my-data221/Epic and CSCR hospital Dataset/Train/glioma/Tr-gl_0345.jpg",0,glioma,0,glioma,0.9804577827,0.0062701954,0.0068367692,0.0064352630,0.14748513,0.85251488,0.00013466,0.00000603,466
1849,"/kaggle/input/datasets/arafatrahmann/my-data221/Epic and CSCR hospital Dataset/Train/glioma/Tr-gl_0350.jpg",0,glioma,0,glioma,0.9802964330,0.0063864738,0.0070153698,0.0063018226,0.08183813,0.91816188,0.00021680,0.00000559,471
1850,"/kaggle/input/datasets/arafatrahmann/my-data221/Epic and CSCR hospital Dataset/Train/glioma/Tr-gl_0351.jpg",0,glioma,0,glioma,0.9807356000,0.0061000190,0.0068005128,0.0063638305,0.08660468,0.91339530,0.00014000,0.00000617,471
1854,"/kaggle/input/datasets/arafatrahmann/my-data221/Epic and CSCR hospital Dataset/Train/glioma/Tr-gl_0355.jpg",0,glioma,0,glioma,0.9803148508,0.0061068628,0.0072575225,0.0063207871,0.09790488,0.90209512,0.00010572,0.00000584,474
1855,"/kaggle/input/datasets/arafatrahmann/my-data221/Epic and CSCR hospital Dataset/Train/glioma/Tr-gl_0356.jpg",0,glioma,0,glioma,0.9802292585,0.0061169313,0.0072543076,0.0063994913,0.08678117,0.91321882,0.00013085,0.00000529,474
1860,"/kaggle/input/datasets/arafatrahmann/my-data221/Epic and CSCR hospital Dataset/Train/glioma/Tr-gl_0361.jpg",0,glioma,0,glioma,0.9806032181,0.0055738157,0.0077344188,0.0060885716,0.09754606,0.90245396,0.00011209,0.00000763,476
1868,"/kaggle/input/datasets/arafatrahmann/my-data221/Epic and CSCR hospital Dataset/Train/glioma/Tr-gl_0369.jpg",0,glioma,0,glioma,0.9803128242,0.0060245963,0.0071019745,0.0065605761,0.08380406,0.91619593,0.00013056,0.00000527,481
1874,"/kaggle/input/datasets/arafatrahmann/my-data221/Epic and CSCR hospital Dataset/Train/glioma/Tr-gl_0375.jpg",0,glioma,0,glioma,0.9802117348,0.0066603213,0.0067576482,0.0063703991,0.09145728,0.90854273,0.00013004,0.00000629,487
1876,"/kaggle/input/datasets/arafatrahmann/my-data221/Epic and CSCR hospital Dataset/Train/glioma/Tr-gl_0377.jpg",0,glioma,0,glioma,0.9803950191,0.0061244802,0.0070758858,0.0064045801,0.08585910,0.91414090,0.00016816,0.00000444,489
1884,"/kaggle/input/datasets/arafatrahmann/my-data221/Epic and CSCR hospital Dataset/Train/glioma/Tr-gl_0385.jpg",0,glioma,0,glioma,0.9804972410,0.0057738377,0.0070994855,0.0066294717,0.08165139,0.91834864,0.00017998,0.00000603,19
1885,"/kaggle/input/datasets/arafatrahmann/my-data221/Epic and CSCR hospital Dataset/Train/glioma/Tr-gl_0386.jpg",0,glioma,0,glioma,0.9804983139,0.0061293999,0.0068678395,0.0065044477,0.09211845,0.90788155,0.00011060,0.00000601,19
1886,"/kaggle/input/datasets/arafatrahmann/my-data221/Epic and CSCR hospital Dataset/Train/glioma/Tr-gl_0387.jpg",0,glioma,0,glioma,0.9803966284,0.0061751180,0.0069154738,0.0065126694,0.08394140,0.91605860,0.00020217,0.00000694,19
1887,"/kaggle/input/datasets/arafatrahmann/my-data221/Epic and CSCR hospital Dataset/Train/glioma/Tr-gl_0388.jpg",0,glioma,0,glioma,0.9806507230,0.0060639577,0.0068821921,0.0064032627,0.10318639,0.89681361,0.00012419,0.00000625,19
1888,"/kaggle/input/datasets/arafatrahmann/my-data221/Epic and CSCR hospital Dataset/Train/glioma/Tr-gl_0389.jpg",0,glioma,0,glioma,0.9805889130,0.0059499103,0.0069766059,0.0064845630,0.09218268,0.90781732,0.00012996,0.00000619,21
1889,"/kaggle/input/datasets/arafatrahmann/my-data221/Epic and CSCR hospital Dataset/Train/glioma/Tr-gl_0390.jpg",0,glioma,0,glioma,0.9806925654,0.0061457888,0.0068798377,0.0062817447,0.12737486,0.87262514,0.00014664,0.00000784,21
1890,"/kaggle/input/datasets/arafatrahmann/my-data221/Epic and CSCR hospital Dataset/Train/glioma/Tr-gl_0391.jpg",0,glioma,0,glioma,0.9807053804,0.0058762743,0.0069511272,0.0064671948,0.08590178,0.91409821,0.00016577,0.00000600,21
1894,"/kaggle/input/datasets/arafatrahmann/my-data221/Epic and CSCR hospital Dataset/Train/glioma/Tr-gl_0395.jpg",0,glioma,0,glioma,0.9807275534,0.0059364596,0.0069380337,0.0063979342,0.09450918,0.90549084,0.00012587,0.00000588,21
1895,"/kaggle/input/datasets/arafatrahmann/my-data221/Epic and CSCR hospital Dataset/Train/glioma/Tr-gl_0396.jpg",0,glioma,0,glioma,0.9805571437,0.0058280216,0.0072107231,0.0064040488,0.08124474,0.91875528,0.00017577,0.00000542,21
1896,"/kaggle/input/datasets/arafatrahmann/my-data221/Epic and CSCR hospital Dataset/Train/glioma/Tr-gl_0397.jpg",0,glioma,0,glioma,0.9807752371,0.0059588458,0.0069373078,0.0063285949,0.09005417,0.90994583,0.00013896,0.00000673,21
1922,"/kaggle/input/datasets/arafatrahmann/my-data221/Epic and CSCR hospital Dataset/Train/glioma/Tr-gl_0423.jpg",0,glioma,0,glioma,0.9808949232,0.0056470344,0.0070454394,0.0064126430,0.09584838,0.90415163,0.00014092,0.00000754,40
1932,"/kaggle/input/datasets/arafatrahmann/my-data221/Epic and CSCR hospital Dataset/Train/glioma/Tr-gl_0433.jpg",0,glioma,0,glioma,0.9806955457,0.0059798248,0.0068505928,0.0064740581,0.08264538,0.91735462,0.00017187,0.00000591,52
1933,"/kaggle/input/datasets/arafatrahmann/my-data221/Epic and CSCR hospital Dataset/Train/glioma/Tr-gl_0434.jpg",0,glioma,0,glioma,0.9808468819,0.0060268575,0.0067924992,0.0063338997,0.12104961,0.87895039,0.00011851,0.00000645,52
1934,"/kaggle/input/datasets/arafatrahmann/my-data221/Epic and CSCR hospital Dataset/Train/glioma/Tr-gl_0435.jpg",0,glioma,0,glioma,0.9804900885,0.0059657977,0.0072082467,0.0063358722,0.08095306,0.91904693,0.00021365,0.00000575,52
1939,"/kaggle/input/datasets/arafatrahmann/my-data221/Epic and CSCR hospital Dataset/Train/glioma/Tr-gl_0440.jpg",0,glioma,0,glioma,0.9810068011,0.0056448942,0.0068504116,0.0064979182,0.10214092,0.89785908,0.00013546,0.00000767,56
1942,"/kaggle/input/datasets/arafatrahmann/my-data221/Epic and CSCR hospital Dataset/Train/glioma/Tr-gl_0443.jpg",0,glioma,0,glioma,0.9807957411,0.0057897540,0.0068930783,0.0065213256,0.08710789,0.91289211,0.00013567,0.00000527,502
1945,"/kaggle/input/datasets/arafatrahmann/my-data221/Epic and CSCR hospital Dataset/Train/glioma/Tr-gl_0446.jpg",0,glioma,0,glioma,0.9805681109,0.0060874214,0.0070442753,0.0063002231,0.11531923,0.88468078,0.00016627,0.00000539,504
1948,"/kaggle/input/datasets/arafatrahmann/my-data221/Epic and CSCR hospital Dataset/Train/glioma/Tr-gl_0449.jpg",0,glioma,0,glioma,0.9806352854,0.0058424780,0.0068617254,0.0066604787,0.08854799,0.91145202,0.00015200,0.00000755,507
1956,"/kaggle/input/datasets/arafatrahmann/my-data221/Epic and CSCR hospital Dataset/Train/glioma/Tr-gl_0457.jpg",0,glioma,0,glioma,0.9809046984,0.0056237918,0.0069291620,0.0065424978,0.08826657,0.91173344,0.00017059,0.00000659,512
1972,"/kaggle/input/datasets/arafatrahmann/my-data221/Epic and CSCR hospital Dataset/Train/glioma/Tr-gl_0473.jpg",0,glioma,0,glioma,0.9806946516,0.0057418318,0.0072489060,0.0063145272,0.08368415,0.91631584,0.00013968,0.00000542,71
1973,"/kaggle/input/datasets/arafatrahmann/my-data221/Epic and CSCR hospital Dataset/Train/glioma/Tr-gl_0474.jpg",0,glioma,0,glioma,0.9805970192,0.0060862876,0.0070770374,0.0062395846,0.08798776,0.91201224,0.00016553,0.00000591,71
1974,"/kaggle/input/datasets/arafatrahmann/my-data221/Epic and CSCR hospital Dataset/Train/glioma/Tr-gl_0475.jpg",0,glioma,0,glioma,0.9806476831,0.0060621491,0.0069474666,0.0063427808,0.08396196,0.91603803,0.00014878,0.00000563,71
1975,"/kaggle/input/datasets/arafatrahmann/my-data221/Epic and CSCR hospital Dataset/Train/glioma/Tr-gl_0476.jpg",0,glioma,0,glioma,0.9805271029,0.0062403679,0.0069916286,0.0062408159,0.08985691,0.91014308,0.00012059,0.00000598,71
1976,"/kaggle/input/datasets/arafatrahmann/my-data221/Epic and CSCR hospital Dataset/Train/glioma/Tr-gl_0477.jpg",0,glioma,0,glioma,0.9803263545,0.0062578395,0.0073639690,0.0060518337,0.08626869,0.91373131,0.00017850,0.00000684,71
1979,"/kaggle/input/datasets/arafatrahmann/my-data221/Epic and CSCR hospital Dataset/Train/glioma/Tr-gl_0480.jpg",0,glioma,0,glioma,0.9782589078,0.0084083695,0.0072395764,0.0060932394,0.09190762,0.90809239,0.00013799,0.00000712,517
1991,"/kaggle/input/datasets/arafatrahmann/my-data221/Epic and CSCR hospital Dataset/Train/glioma/Tr-gl_0492.jpg",0,glioma,0,glioma,0.9804462194,0.0061257784,0.0070807142,0.0063472847,0.09403795,0.90596204,0.00021639,0.00000612,524
1993,"/kaggle/input/datasets/arafatrahmann/my-data221/Epic and CSCR hospital Dataset/Train/glioma/Tr-gl_0494.jpg",0,glioma,0,glioma,0.9807448387,0.0058060954,0.0069868611,0.0064621470,0.09069680,0.90930319,0.00017193,0.00000687,525
2004,"/kaggle/input/datasets/arafatrahmann/my-data221/Epic and CSCR hospital Dataset/Train/glioma/Tr-gl_0505.jpg",0,glioma,0,glioma,0.9807904363,0.0055552283,0.0074877278,0.0061665634,0.09890545,0.90109454,0.00016851,0.00000585,77
2010,"/kaggle/input/datasets/arafatrahmann/my-data221/Epic and CSCR hospital Dataset/Train/glioma/Tr-gl_0511.jpg",0,glioma,0,glioma,0.9806039929,0.0058937939,0.0071305064,0.0063717784,0.08907316,0.91092682,0.00013818,0.00000658,529
2012,"/kaggle/input/datasets/arafatrahmann/my-data221/Epic and CSCR hospital Dataset/Train/glioma/Tr-gl_0513.jpg",0,glioma,0,glioma,0.9803938866,0.0059131826,0.0071315877,0.0065613189,0.13248763,0.86751235,0.00016904,0.00000817,530
2013,"/kaggle/input/datasets/arafatrahmann/my-data221/Epic and CSCR hospital Dataset/Train/glioma/Tr-gl_0514.jpg",0,glioma,0,glioma,0.9806017876,0.0061122808,0.0070114927,0.0062744790,0.08733200,0.91266800,0.00014578,0.00000575,531
2015,"/kaggle/input/datasets/arafatrahmann/my-data221/Epic and CSCR hospital Dataset/Train/glioma/Tr-gl_0516.jpg",0,glioma,0,glioma,0.9803932309,0.0058330847,0.0072037117,0.0065699602,0.08267543,0.91732457,0.00016372,0.00000568,533
2017,"/kaggle/input/datasets/arafatrahmann/my-data221/Epic and CSCR hospital Dataset/Train/glioma/Tr-gl_0518.jpg",0,glioma,0,glioma,0.9802221060,0.0060610212,0.0071360664,0.0065807574,0.07794593,0.92205407,0.00018079,0.00000431,326
2022,"/kaggle/input/datasets/arafatrahmann/my-data221/Epic and CSCR hospital Dataset/Train/glioma/Tr-gl_0523.jpg",0,glioma,0,glioma,0.9803425670,0.0062168115,0.0071203010,0.0063203261,0.08310965,0.91689035,0.00013539,0.00000567,531
2031,"/kaggle/input/datasets/arafatrahmann/my-data221/Epic and CSCR hospital Dataset/Train/glioma/Tr-gl_0532.jpg",0,glioma,0,glioma,0.9803377390,0.0060363179,0.0070737964,0.0065521868,0.08160143,0.91839855,0.00016670,0.00000545,544
2039,"/kaggle/input/datasets/arafatrahmann/my-data221/Epic and CSCR hospital Dataset/Train/glioma/Tr-gl_0540.jpg",0,glioma,0,glioma,0.9807026982,0.0057731429,0.0069089890,0.0066152401,0.08520975,0.91479024,0.00016577,0.00000610,552
2041,"/kaggle/input/datasets/arafatrahmann/my-data221/Epic and CSCR hospital Dataset/Train/glioma/Tr-gl_0542.jpg",0,glioma,0,glioma,0.9806849360,0.0057686758,0.0068975547,0.0066488273,0.08295595,0.91704406,0.00015383,0.00000557,554
2042,"/kaggle/input/datasets/arafatrahmann/my-data221/Epic and CSCR hospital Dataset/Train/glioma/Tr-gl_0543.jpg",0,glioma,0,glioma,0.9807666540,0.0057733022,0.0069612376,0.0064988462,0.09485145,0.90514854,0.00015139,0.00000605,554
2050,"/kaggle/input/datasets/arafatrahmann/my-data221/Epic and CSCR hospital Dataset/Train/glioma/Tr-gl_0551.jpg",0,glioma,0,glioma,0.9805117846,0.0062143523,0.0071569541,0.0061169313,0.12985427,0.87014573,0.00013575,0.00000700,560
2066,"/kaggle/input/datasets/arafatrahmann/my-data221/Epic and CSCR hospital Dataset/Train/glioma/Tr-gl_0567.jpg",0,glioma,0,glioma,0.9807366133,0.0056726160,0.0071180598,0.0064726463,0.11928899,0.88071101,0.00012065,0.00000827,570
2068,"/kaggle/input/datasets/arafatrahmann/my-data221/Epic and CSCR hospital Dataset/Train/glioma/Tr-gl_0569.jpg",0,glioma,0,glioma,0.9801983833,0.0061444337,0.0074584945,0.0061986488,0.08415322,0.91584678,0.00019060,0.00000698,572
2070,"/kaggle/input/datasets/arafatrahmann/my-data221/Epic and CSCR hospital Dataset/Train/glioma/Tr-gl_0571.jpg",0,glioma,0,glioma,0.9802880287,0.0064088255,0.0073179090,0.0059852144,0.09913944,0.90086056,0.00010928,0.00000706,574
2077,"/kaggle/input/datasets/arafatrahmann/my-data221/Epic and CSCR hospital Dataset/Train/glioma/Tr-gl_0578.jpg",0,glioma,0,glioma,0.9808433652,0.0058510443,0.0069826320,0.0063231075,0.09893420,0.90106579,0.00012994,0.00000503,581
2078,"/kaggle/input/datasets/arafatrahmann/my-data221/Epic and CSCR hospital Dataset/Train/glioma/Tr-gl_0579.jpg",0,glioma,0,glioma,0.9806769490,0.0058171786,0.0070038354,0.0065020854,0.08754405,0.91245596,0.00013548,0.00000511,581
2082,"/kaggle/input/datasets/arafatrahmann/my-data221/Epic and CSCR hospital Dataset/Train/glioma/Tr-gl_0583.jpg",0,glioma,0,glioma,0.9803911448,0.0062290374,0.0072441609,0.0061356337,0.08184217,0.91815785,0.00021912,0.00000636,585
2087,"/kaggle/input/datasets/arafatrahmann/my-data221/Epic and CSCR hospital Dataset/Train/glioma/Tr-gl_0588.jpg",0,glioma,0,glioma,0.9806426167,0.0060586953,0.0071480363,0.0061506517,0.09601456,0.90398544,0.00014046,0.00000489,589
2089,"/kaggle/input/datasets/arafatrahmann/my-data221/Epic and CSCR hospital Dataset/Train/glioma/Tr-gl_0590.jpg",0,glioma,0,glioma,0.9805313349,0.0064409347,0.0068765441,0.0061512375,0.11201615,0.88798385,0.00012236,0.00000624,591
2097,"/kaggle/input/datasets/arafatrahmann/my-data221/Epic and CSCR hospital Dataset/Train/glioma/Tr-gl_0598.jpg",0,glioma,0,glioma,0.9807440639,0.0055875345,0.0069899438,0.0066783866,0.07786200,0.92213799,0.00025574,0.00000710,598
2102,"/kaggle/input/datasets/arafatrahmann/my-data221/Epic and CSCR hospital Dataset/Train/glioma/Tr-gl_0603.jpg",0,glioma,0,glioma,0.9804810286,0.0060083503,0.0071850694,0.0063255504,0.09129797,0.90870203,0.00010811,0.00000542,603
2110,"/kaggle/input/datasets/arafatrahmann/my-data221/Epic and CSCR hospital Dataset/Train/glioma/Tr-gl_0611.jpg",0,glioma,0,glioma,0.9805757403,0.0057411711,0.0070579224,0.0066252090,0.09634661,0.90365339,0.00010568,0.00000600,609
2111,"/kaggle/input/datasets/arafatrahmann/my-data221/Epic and CSCR hospital Dataset/Train/glioma/Tr-gl_0612.jpg",0,glioma,0,glioma,0.9806997180,0.0057494766,0.0069732079,0.0065775765,0.09084154,0.90915843,0.00012250,0.00000662,610
2113,"/kaggle/input/datasets/arafatrahmann/my-data221/Epic and CSCR hospital Dataset/Train/glioma/Tr-gl_0614.jpg",0,glioma,0,glioma,0.9806287885,0.0060121990,0.0070177824,0.0063412972,0.08029553,0.91970446,0.00016095,0.00000529,612
2116,"/kaggle/input/datasets/arafatrahmann/my-data221/Epic and CSCR hospital Dataset/Train/glioma/Tr-gl_0617.jpg",0,glioma,0,glioma,0.9810082316,0.0057293028,0.0068837530,0.0063786223,0.09110939,0.90889061,0.00016534,0.00000820,615
2124,"/kaggle/input/datasets/arafatrahmann/my-data221/Epic and CSCR hospital Dataset/Train/glioma/Tr-gl_0625.jpg",0,glioma,0,glioma,0.9803636670,0.0057716323,0.0077395826,0.0061251344,0.08517570,0.91482427,0.00014866,0.00000564,623
2127,"/kaggle/input/datasets/arafatrahmann/my-data221/Epic and CSCR hospital Dataset/Train/glioma/Tr-gl_0628.jpg",0,glioma,0,glioma,0.9808554649,0.0059588188,0.0068071038,0.0063786670,0.09353742,0.90646258,0.00015778,0.00000586,626
2139,"/kaggle/input/datasets/arafatrahmann/my-data221/Epic and CSCR hospital Dataset/Train/glioma/Tr-gl_0640.jpg",0,glioma,0,glioma,0.9805062413,0.0056769932,0.0072406768,0.0065760734,0.08651310,0.91348690,0.00013073,0.00000557,637
2141,"/kaggle/input/datasets/arafatrahmann/my-data221/Epic and CSCR hospital Dataset/Train/glioma/Tr-gl_0683.jpg",0,glioma,0,glioma,0.9806615114,0.0060539069,0.0069242804,0.0063602775,0.10747262,0.89252739,0.00011927,0.00000555,639
2143,"/kaggle/input/datasets/arafatrahmann/my-data221/Epic and CSCR hospital Dataset/Train/glioma/Tr-gl_0685.jpg",0,glioma,0,glioma,0.9809926152,0.0057045603,0.0071354830,0.0061673946,0.10106192,0.89893807,0.00012120,0.00000646,640
2145,"/kaggle/input/datasets/arafatrahmann/my-data221/Epic and CSCR hospital Dataset/Train/glioma/Tr-gl_0687.jpg",0,glioma,0,glioma,0.9797329903,0.0052061849,0.0092580570,0.0058027031,0.09368624,0.90631375,0.00015323,0.00000703,642
2155,"/kaggle/input/datasets/arafatrahmann/my-data221/Epic and CSCR hospital Dataset/Train/glioma/Tr-gl_0798.jpg",0,glioma,0,glioma,0.9808557630,0.0058365269,0.0069084419,0.0063993102,0.08807981,0.91192018,0.00014172,0.00000584,649
2164,"/kaggle/input/datasets/arafatrahmann/my-data221/Epic and CSCR hospital Dataset/Train/glioma/Tr-gl_0807.jpg",0,glioma,0,glioma,0.9807499647,0.0053550364,0.0070521636,0.0068428442,0.09439325,0.90560677,0.00012072,0.00000604,658
2169,"/kaggle/input/datasets/arafatrahmann/my-data221/Epic and CSCR hospital Dataset/Train/glioma/Tr-gl_0812.jpg",0,glioma,0,glioma,0.9805116653,0.0058950982,0.0070542744,0.0065388703,0.09217673,0.90782328,0.00009666,0.00000501,663
2176,"/kaggle/input/datasets/arafatrahmann/my-data221/Epic and CSCR hospital Dataset/Train/glioma/Tr-gl_0819.jpg",0,glioma,0,glioma,0.9806679487,0.0059054224,0.0072012716,0.0062253987,0.09123529,0.90876469,0.00014788,0.00000538,669
2179,"/kaggle/input/datasets/arafatrahmann/my-data221/Epic and CSCR hospital Dataset/Train/glioma/Tr-gl_0822.jpg",0,glioma,0,glioma,0.9799255133,0.0065192208,0.0072337897,0.0063214069,0.08825229,0.91174769,0.00014584,0.00000625,672
2180,"/kaggle/input/datasets/arafatrahmann/my-data221/Epic and CSCR hospital Dataset/Train/glioma/Tr-gl_0823.jpg",0,glioma,0,glioma,0.9801546335,0.0063698618,0.0070970803,0.0063784630,0.08909899,0.91090100,0.00013600,0.00000522,672
2181,"/kaggle/input/datasets/arafatrahmann/my-data221/Epic and CSCR hospital Dataset/Train/glioma/Tr-gl_0824.jpg",0,glioma,0,glioma,0.9801834822,0.0062334137,0.0072866948,0.0062963529,0.08505374,0.91494626,0.00014151,0.00000597,672
2183,"/kaggle/input/datasets/arafatrahmann/my-data221/Epic and CSCR hospital Dataset/Train/glioma/Tr-gl_0826.jpg",0,glioma,0,glioma,0.9804586172,0.0058469251,0.0074976408,0.0061967555,0.09022072,0.90977929,0.00011130,0.00000525,674
2186,"/kaggle/input/datasets/arafatrahmann/my-data221/Epic and CSCR hospital Dataset/Train/glioma/Tr-gl_0829.jpg",0,glioma,0,glioma,0.9805137515,0.0057570064,0.0076014162,0.0061278106,0.09330679,0.90669323,0.00016849,0.00000743,677
2196,"/kaggle/input/datasets/arafatrahmann/my-data221/Epic and CSCR hospital Dataset/Train/glioma/Tr-gl_0851.jpg",0,glioma,0,glioma,0.9807950258,0.0057868385,0.0070784977,0.0063397326,0.08834125,0.91165876,0.00014451,0.00000655,686
2201,"/kaggle/input/datasets/arafatrahmann/my-data221/Epic and CSCR hospital Dataset/Train/glioma/Tr-gl_0856.jpg",0,glioma,0,glioma,0.9808632135,0.0059072995,0.0068013109,0.0064281570,0.13162550,0.86837452,0.00009701,0.00000551,691
2202,"/kaggle/input/datasets/arafatrahmann/my-data221/Epic and CSCR hospital Dataset/Train/glioma/Tr-gl_0857.jpg",0,glioma,0,glioma,0.9806480408,0.0057381694,0.0069784955,0.0066352538,0.08078463,0.91921539,0.00017605,0.00000551,691
2203,"/kaggle/input/datasets/arafatrahmann/my-data221/Epic and CSCR hospital Dataset/Train/glioma/Tr-gl_0858.jpg",0,glioma,0,glioma,0.9805620909,0.0057305461,0.0070632892,0.0066440394,0.08306999,0.91693001,0.00019476,0.00000581,691
2205,"/kaggle/input/datasets/arafatrahmann/my-data221/Epic and CSCR hospital Dataset/Train/glioma/Tr-gl_0860.jpg",0,glioma,0,glioma,0.9800202250,0.0066004461,0.0069331750,0.0064462386,0.08118426,0.91881575,0.00018936,0.00000645,693
2208,"/kaggle/input/datasets/arafatrahmann/my-data221/Epic and CSCR hospital Dataset/Train/glioma/Tr-gl_0863.jpg",0,glioma,0,glioma,0.9805768132,0.0060288282,0.0069562444,0.0064381687,0.08327954,0.91672045,0.00015448,0.00000583,696
2209,"/kaggle/input/datasets/arafatrahmann/my-data221/Epic and CSCR hospital Dataset/Train/glioma/Tr-gl_0864.jpg",0,glioma,0,glioma,0.9807685018,0.0060618641,0.0069122934,0.0062573417,0.09481282,0.90518719,0.00010112,0.00000505,697
2210,"/kaggle/input/datasets/arafatrahmann/my-data221/Epic and CSCR hospital Dataset/Train/glioma/Tr-gl_0865.jpg",0,glioma,0,glioma,0.9804755449,0.0059903497,0.0072284350,0.0063056848,0.09025235,0.90974764,0.00015398,0.00000701,698
2216,"/kaggle/input/datasets/arafatrahmann/my-data221/Epic and CSCR hospital Dataset/Train/glioma/Tr-gl_0871.jpg",0,glioma,0,glioma,0.9811879396,0.0055755652,0.0069345459,0.0063019334,0.10308250,0.89691749,0.00010900,0.00000733,704
2228,"/kaggle/input/datasets/arafatrahmann/my-data221/Epic and CSCR hospital Dataset/Train/glioma/Tr-gl_0883.jpg",0,glioma,0,glioma,0.9777047038,0.0093679074,0.0066825338,0.0062448280,0.09852265,0.90147735,0.00014831,0.00000874,712
2231,"/kaggle/input/datasets/arafatrahmann/my-data221/Epic and CSCR hospital Dataset/Train/glioma/Tr-gl_0886.jpg",0,glioma,0,glioma,0.9715551138,0.0164128616,0.0066568232,0.0053751431,0.07452153,0.92547848,0.00051064,0.00000660,233
2233,"/kaggle/input/datasets/arafatrahmann/my-data221/Epic and CSCR hospital Dataset/Train/glioma/Tr-gl_0888.jpg",0,glioma,0,glioma,0.9808635712,0.0055439174,0.0072219730,0.0063705742,0.08330663,0.91669336,0.00017191,0.00000604,716
2242,"/kaggle/input/datasets/arafatrahmann/my-data221/Epic and CSCR hospital Dataset/Train/glioma/Tr-gl_0897.jpg",0,glioma,0,glioma,0.9807161093,0.0058274120,0.0071888790,0.0062676519,0.10448393,0.89551607,0.00013620,0.00000729,724
2244,"/kaggle/input/datasets/arafatrahmann/my-data221/Epic and CSCR hospital Dataset/Train/glioma/Tr-gl_0899.jpg",0,glioma,0,glioma,0.6191099286,0.3688344359,0.0059600347,0.0060956054,0.15168616,0.84831384,0.00351965,0.00042542,726
2255,"/kaggle/input/datasets/arafatrahmann/my-data221/Epic and CSCR hospital Dataset/Train/glioma/Tr-gl_0910.jpg",0,glioma,0,glioma,0.9805445671,0.0058366144,0.0068448237,0.0067739515,0.08777706,0.91222294,0.00015080,0.00000595,48
2256,"/kaggle/input/datasets/arafatrahmann/my-data221/Epic and CSCR hospital Dataset/Train/glioma/Tr-gl_0911.jpg",0,glioma,0,glioma,0.9805802107,0.0058909855,0.0069115967,0.0066172192,0.09080216,0.90919784,0.00012702,0.00000549,48
2257,"/kaggle/input/datasets/arafatrahmann/my-data221/Epic and CSCR hospital Dataset/Train/glioma/Tr-gl_0912.jpg",0,glioma,0,glioma,0.9801991582,0.0058540418,0.0070485668,0.0068981508,0.08978669,0.91021329,0.00014213,0.00000522,61
2258,"/kaggle/input/datasets/arafatrahmann/my-data221/Epic and CSCR hospital Dataset/Train/glioma/Tr-gl_0913.jpg",0,glioma,0,glioma,0.9798959494,0.0060633654,0.0072585940,0.0067820614,0.10356247,0.89643753,0.00011418,0.00000757,61
2259,"/kaggle/input/datasets/arafatrahmann/my-data221/Epic and CSCR hospital Dataset/Train/glioma/Tr-gl_0914.jpg",0,glioma,0,glioma,0.9799084663,0.0062379427,0.0073221363,0.0065314309,0.09209256,0.90790741,0.00011394,0.00000618,61
2261,"/kaggle/input/datasets/arafatrahmann/my-data221/Epic and CSCR hospital Dataset/Train/glioma/Tr-gl_0916.jpg",0,glioma,0,glioma,0.9803509712,0.0054501714,0.0076112710,0.0065875612,0.09695360,0.90304641,0.00013773,0.00000677,98
2262,"/kaggle/input/datasets/arafatrahmann/my-data221/Epic and CSCR hospital Dataset/Train/glioma/Tr-gl_0917.jpg",0,glioma,0,glioma,0.9806272388,0.0055491775,0.0076340763,0.0061896304,0.11293392,0.88706608,0.00011529,0.00000752,98
2263,"/kaggle/input/datasets/arafatrahmann/my-data221/Epic and CSCR hospital Dataset/Train/glioma/Tr-gl_0918.jpg",0,glioma,0,glioma,0.9803522825,0.0057831057,0.0075401878,0.0063244156,0.08855109,0.91144890,0.00014170,0.00000608,98
2270,"/kaggle/input/datasets/arafatrahmann/my-data221/Epic and CSCR hospital Dataset/Train/glioma/Tr-gl_0925.jpg",0,glioma,0,glioma,0.9810525179,0.0054127676,0.0071456619,0.0063890843,0.08855531,0.91144466,0.00013560,0.00000613,734
2274,"/kaggle/input/datasets/arafatrahmann/my-data221/Epic and CSCR hospital Dataset/Train/glioma/Tr-gl_0929.jpg",0,glioma,0,glioma,0.9806936979,0.0058794888,0.0069356682,0.0064910850,0.08912371,0.91087627,0.00015166,0.00000564,735
2289,"/kaggle/input/datasets/arafatrahmann/my-data221/Epic and CSCR hospital Dataset/Train/glioma/Tr-gl_0944.jpg",0,glioma,0,glioma,0.9808539152,0.0057064118,0.0071110958,0.0063285930,0.08500935,0.91499065,0.00014407,0.00000575,740
2293,"/kaggle/input/datasets/arafatrahmann/my-data221/Epic and CSCR hospital Dataset/Train/glioma/Tr-gl_0948.jpg",0,glioma,0,glioma,0.9808025360,0.0056910627,0.0074120322,0.0060942741,0.09187110,0.90812889,0.00016534,0.00000659,744
2295,"/kaggle/input/datasets/arafatrahmann/my-data221/Epic and CSCR hospital Dataset/Train/glioma/Tr-gl_0950.jpg",0,glioma,0,glioma,0.9806848764,0.0059293034,0.0072593354,0.0061264876,0.08850151,0.91149848,0.00016229,0.00000676,746
2317,"/kaggle/input/datasets/arafatrahmann/my-data221/Epic and CSCR hospital Dataset/Train/glioma/Tr-gl_0972.jpg",0,glioma,0,glioma,0.9803608656,0.0058341296,0.0070508257,0.0067541311,0.09038771,0.90961229,0.00012399,0.00000566,761
2319,"/kaggle/input/datasets/arafatrahmann/my-data221/Epic and CSCR hospital Dataset/Train/glioma/Tr-gl_0974.jpg",0,glioma,0,glioma,0.9806622267,0.0055824295,0.0069492273,0.0068060211,0.09632712,0.90367287,0.00010336,0.00000573,763
2322,"/kaggle/input/datasets/arafatrahmann/my-data221/Epic and CSCR hospital Dataset/Train/glioma/Tr-gl_0977.jpg",0,glioma,0,glioma,0.7375510931,0.2506226003,0.0064449073,0.0053814072,0.16062740,0.83937262,0.00123526,0.00007421,766
2324,"/kaggle/input/datasets/arafatrahmann/my-data221/Epic and CSCR hospital Dataset/Train/glioma/Tr-gl_0979.jpg",0,glioma,0,glioma,0.9808099866,0.0058879391,0.0071041295,0.0061979741,0.09009601,0.90990397,0.00015442,0.00000653,767
2325,"/kaggle/input/datasets/arafatrahmann/my-data221/Epic and CSCR hospital Dataset/Train/glioma/Tr-gl_0980.jpg",0,glioma,0,glioma,0.9808894396,0.0052432613,0.0079616727,0.0059056571,0.11806591,0.88193409,0.00012413,0.00000627,768
2333,"/kaggle/input/datasets/arafatrahmann/my-data221/Epic and CSCR hospital Dataset/Train/glioma/Tr-gl_0988.jpg",0,glioma,0,glioma,0.9803448915,0.0057876213,0.0069673979,0.0069001033,0.09449055,0.90550944,0.00014493,0.00000684,776
2339,"/kaggle/input/datasets/arafatrahmann/my-data221/Epic and CSCR hospital Dataset/Train/glioma/Tr-gl_0994.jpg",0,glioma,0,glioma,0.9806438684,0.0059741237,0.0069987536,0.0063832477,0.09554978,0.90445021,0.00017953,0.00000715,233
2344,"/kaggle/input/datasets/arafatrahmann/my-data221/Epic and CSCR hospital Dataset/Train/glioma/Tr-gl_0999.jpg",0,glioma,0,glioma,0.9805938005,0.0060001281,0.0072631650,0.0061429879,0.13672705,0.86327296,0.00016868,0.00000569,786
2347,"/kaggle/input/datasets/arafatrahmann/my-data221/Epic and CSCR hospital Dataset/Train/glioma/Tr-gl_1002.jpg",0,glioma,0,glioma,0.9806478620,0.0056780586,0.0073647657,0.0063093803,0.08579934,0.91420067,0.00016082,0.00000534,788
2348,"/kaggle/input/datasets/arafatrahmann/my-data221/Epic and CSCR hospital Dataset/Train/glioma/Tr-gl_1003.jpg",0,glioma,0,glioma,0.9804272652,0.0057909386,0.0072166324,0.0065651005,0.09294712,0.90705289,0.00015535,0.00000647,789
2350,"/kaggle/input/datasets/arafatrahmann/my-data221/Epic and CSCR hospital Dataset/Train/glioma/Tr-gl_1005.jpg",0,glioma,0,glioma,0.9797626734,0.0066582533,0.0070486404,0.0065304684,0.08668747,0.91331252,0.00016140,0.00000590,211
2353,"/kaggle/input/datasets/arafatrahmann/my-data221/Epic and CSCR hospital Dataset/Train/glioma/Tr-gl_1008.jpg",0,glioma,0,glioma,0.9808063507,0.0054406375,0.0074763829,0.0062766960,0.08504142,0.91495859,0.00019578,0.00000710,793
2369,"/kaggle/input/datasets/arafatrahmann/my-data221/Epic and CSCR hospital Dataset/Train/glioma/Tr-gl_1024.jpg",0,glioma,0,glioma,0.9810298681,0.0056516817,0.0071453070,0.0061732214,0.09288948,0.90711052,0.00015350,0.00000535,217
2371,"/kaggle/input/datasets/arafatrahmann/my-data221/Epic and CSCR hospital Dataset/Train/glioma/Tr-gl_1026.jpg",0,glioma,0,glioma,0.9804698825,0.0056318892,0.0079942988,0.0059040030,0.09003505,0.90996496,0.00012086,0.00000605,806
2374,"/kaggle/input/datasets/arafatrahmann/my-data221/Epic and CSCR hospital Dataset/Train/glioma/Tr-gl_1029.jpg",0,glioma,0,glioma,0.9806665182,0.0056382599,0.0074012405,0.0062939548,0.08748795,0.91251205,0.00014019,0.00000684,809
2384,"/kaggle/input/datasets/arafatrahmann/my-data221/Epic and CSCR hospital Dataset/Train/glioma/Tr-gl_1039.jpg",0,glioma,0,glioma,0.9808233976,0.0058046319,0.0074167461,0.0059551401,0.10088326,0.89911674,0.00016126,0.00000617,817
2387,"/kaggle/input/datasets/arafatrahmann/my-data221/Epic and CSCR hospital Dataset/Train/glioma/Tr-gl_1042.jpg",0,glioma,0,glioma,0.9806782603,0.0054842862,0.0069477996,0.0068897209,0.09795325,0.90204676,0.00011411,0.00000742,820
2389,"/kaggle/input/datasets/arafatrahmann/my-data221/Epic and CSCR hospital Dataset/Train/glioma/Tr-gl_1044.jpg",0,glioma,0,glioma,0.9806479216,0.0046749189,0.0068780407,0.0077990750,0.08850232,0.91149768,0.00014334,0.00000644,822
2398,"/kaggle/input/datasets/arafatrahmann/my-data221/Epic and CSCR hospital Dataset/Train/glioma/Tr-gl_1053.jpg",0,glioma,0,glioma,0.9804579616,0.0057109683,0.0070371120,0.0067939125,0.11567051,0.88432949,0.00013559,0.00000618,231
2399,"/kaggle/input/datasets/arafatrahmann/my-data221/Epic and CSCR hospital Dataset/Train/glioma/Tr-gl_1054.jpg",0,glioma,0,glioma,0.9805413485,0.0056409361,0.0072080577,0.0066096210,0.09717174,0.90282826,0.00012325,0.00000805,231
2415,"/kaggle/input/datasets/arafatrahmann/my-data221/Epic and CSCR hospital Dataset/Train/glioma/Tr-gl_1070.jpg",0,glioma,0,glioma,0.9806790352,0.0057031102,0.0071265572,0.0064913393,0.09099879,0.90900121,0.00013554,0.00000521,233
2416,"/kaggle/input/datasets/arafatrahmann/my-data221/Epic and CSCR hospital Dataset/Train/glioma/Tr-gl_1071.jpg",0,glioma,0,glioma,0.9807095528,0.0055643544,0.0069047674,0.0068213171,0.09681621,0.90318377,0.00011018,0.00000598,89
2417,"/kaggle/input/datasets/arafatrahmann/my-data221/Epic and CSCR hospital Dataset/Train/glioma/Tr-gl_1072.jpg",0,glioma,0,glioma,0.9804981351,0.0058514597,0.0069412873,0.0067091100,0.09317781,0.90682217,0.00012673,0.00000667,834
2423,"/kaggle/input/datasets/arafatrahmann/my-data221/Epic and CSCR hospital Dataset/Train/glioma/Tr-gl_1078.jpg",0,glioma,0,glioma,0.9812623858,0.0054893983,0.0070314570,0.0062167645,0.12435412,0.87564588,0.00008665,0.00000713,835
2425,"/kaggle/input/datasets/arafatrahmann/my-data221/Epic and CSCR hospital Dataset/Train/glioma/Tr-gl_1080.jpg",0,glioma,0,glioma,0.9804847836,0.0059603984,0.0073081716,0.0062467312,0.08866973,0.91133024,0.00017063,0.00000553,837
2429,"/kaggle/input/datasets/arafatrahmann/my-data221/Epic and CSCR hospital Dataset/Train/glioma/Tr-gl_1084.jpg",0,glioma,0,glioma,0.9803873897,0.0054738061,0.0071156435,0.0070231506,0.10742862,0.89257137,0.00010176,0.00000685,102
2435,"/kaggle/input/datasets/arafatrahmann/my-data221/Epic and CSCR hospital Dataset/Train/glioma/Tr-gl_1090.jpg",0,glioma,0,glioma,0.9809774160,0.0056916508,0.0070756325,0.0062552332,0.09884562,0.90115440,0.00012147,0.00000676,844
2440,"/kaggle/input/datasets/arafatrahmann/my-data221/Epic and CSCR hospital Dataset/Train/glioma/Tr-gl_1095.jpg",0,glioma,0,glioma,0.9806685448,0.0058516688,0.0074837529,0.0059960070,0.09771857,0.90228145,0.00008563,0.00000550,848
2442,"/kaggle/input/datasets/arafatrahmann/my-data221/Epic and CSCR hospital Dataset/Train/glioma/Tr-gl_1097.jpg",0,glioma,0,glioma,0.9809858203,0.0055456366,0.0072233649,0.0062451293,0.09156781,0.90843219,0.00016051,0.00000590,88
2450,"/kaggle/input/datasets/arafatrahmann/my-data221/Epic and CSCR hospital Dataset/Train/glioma/Tr-gl_1105.jpg",0,glioma,0,glioma,0.9792203903,0.0055422597,0.0073551624,0.0078822467,0.08586865,0.91413134,0.00016263,0.00000635,855
2455,"/kaggle/input/datasets/arafatrahmann/my-data221/Epic and CSCR hospital Dataset/Train/glioma/Tr-gl_1110.jpg",0,glioma,0,glioma,0.9808839560,0.0057443902,0.0070872293,0.0062844777,0.09018789,0.90981212,0.00016979,0.00000659,859
2456,"/kaggle/input/datasets/arafatrahmann/my-data221/Epic and CSCR hospital Dataset/Train/glioma/Tr-gl_1111.jpg",0,glioma,0,glioma,0.9812095761,0.0053965226,0.0071477927,0.0062461058,0.10320012,0.89679988,0.00011786,0.00000645,860
2461,"/kaggle/input/datasets/arafatrahmann/my-data221/Epic and CSCR hospital Dataset/Train/glioma/Tr-gl_1116.jpg",0,glioma,0,glioma,0.9805901647,0.0057084048,0.0070443405,0.0066570491,0.08408285,0.91591715,0.00013243,0.00000516,864
2463,"/kaggle/input/datasets/arafatrahmann/my-data221/Epic and CSCR hospital Dataset/Train/glioma/Tr-gl_1118.jpg",0,glioma,0,glioma,0.9811322093,0.0054699257,0.0071381228,0.0062597571,0.11823078,0.88176923,0.00011657,0.00000603,866
2469,"/kaggle/input/datasets/arafatrahmann/my-data221/Epic and CSCR hospital Dataset/Train/glioma/Tr-gl_1124.jpg",0,glioma,0,glioma,0.9800109863,0.0060143960,0.0079075284,0.0060670213,0.14743850,0.85256152,0.00017682,0.00000753,870
2470,"/kaggle/input/datasets/arafatrahmann/my-data221/Epic and CSCR hospital Dataset/Train/glioma/Tr-gl_1125.jpg",0,glioma,0,glioma,0.9809064865,0.0053752093,0.0074342052,0.0062839510,0.09626234,0.90373767,0.00010599,0.00000609,871
2471,"/kaggle/input/datasets/arafatrahmann/my-data221/Epic and CSCR hospital Dataset/Train/glioma/Tr-gl_1126.jpg",0,glioma,0,glioma,0.9806326628,0.0053658737,0.0078698378,0.0061315927,0.11700870,0.88299128,0.00012145,0.00000607,871
2473,"/kaggle/input/datasets/arafatrahmann/my-data221/Epic and CSCR hospital Dataset/Train/glioma/Tr-gl_1128.jpg",0,glioma,0,glioma,0.9807299376,0.0056846398,0.0071860277,0.0063994126,0.08431727,0.91568273,0.00013591,0.00000511,873
2482,"/kaggle/input/datasets/arafatrahmann/my-data221/Epic and CSCR hospital Dataset/Train/glioma/Tr-gl_1137.jpg",0,glioma,0,glioma,0.9774066806,0.0063283639,0.0063057011,0.0099593252,0.10157445,0.89842556,0.00015760,0.00000812,879
2488,"/kaggle/input/datasets/arafatrahmann/my-data221/Epic and CSCR hospital Dataset/Train/glioma/Tr-gl_1143.jpg",0,glioma,0,glioma,0.9803460240,0.0063099181,0.0071033947,0.0062407367,0.09853344,0.90146657,0.00013496,0.00000616,885
2489,"/kaggle/input/datasets/arafatrahmann/my-data221/Epic and CSCR hospital Dataset/Train/glioma/Tr-gl_1144.jpg",0,glioma,0,glioma,0.9807888269,0.0055214693,0.0072604739,0.0064292871,0.09161839,0.90838160,0.00011937,0.00000706,70
2490,"/kaggle/input/datasets/arafatrahmann/my-data221/Epic and CSCR hospital Dataset/Train/glioma/Tr-gl_1145.jpg",0,glioma,0,glioma,0.9806817770,0.0056276023,0.0072333454,0.0064571896,0.09074462,0.90925538,0.00014369,0.00000654,70
2491,"/kaggle/input/datasets/arafatrahmann/my-data221/Epic and CSCR hospital Dataset/Train/glioma/Tr-gl_1146.jpg",0,glioma,0,glioma,0.9804853201,0.0057393080,0.0074043749,0.0063709654,0.09380234,0.90619764,0.00016699,0.00000614,70
2492,"/kaggle/input/datasets/arafatrahmann/my-data221/Epic and CSCR hospital Dataset/Train/glioma/Tr-gl_1147.jpg",0,glioma,0,glioma,0.9784672856,0.0064396122,0.0091932425,0.0058998954,0.09117462,0.90882539,0.00017043,0.00000759,70
2499,"/kaggle/input/datasets/arafatrahmann/my-data221/Epic and CSCR hospital Dataset/Train/glioma/Tr-gl_1154.jpg",0,glioma,0,glioma,0.9799867868,0.0059255841,0.0072624600,0.0068252375,0.09220836,0.90779163,0.00014354,0.00000774,890
2508,"/kaggle/input/datasets/arafatrahmann/my-data221/Epic and CSCR hospital Dataset/Train/glioma/Tr-gl_1163.jpg",0,glioma,0,glioma,0.9806110263,0.0060347598,0.0070267827,0.0063274866,0.08429378,0.91570621,0.00017948,0.00000614,898
2509,"/kaggle/input/datasets/arafatrahmann/my-data221/Epic and CSCR hospital Dataset/Train/glioma/Tr-gl_1164.jpg",0,glioma,0,glioma,0.9805476069,0.0059738206,0.0070933914,0.0063851862,0.08293477,0.91706522,0.00020199,0.00000602,898
2510,"/kaggle/input/datasets/arafatrahmann/my-data221/Epic and CSCR hospital Dataset/Train/glioma/Tr-gl_1165.jpg",0,glioma,0,glioma,0.9807017446,0.0058756927,0.0072261626,0.0061964295,0.09954765,0.90045236,0.00011332,0.00000659,898
2512,"/kaggle/input/datasets/arafatrahmann/my-data221/Epic and CSCR hospital Dataset/Train/glioma/Tr-gl_1167.jpg",0,glioma,1,meningioma,0.0133628678,0.9729360342,0.0072907940,0.0064101727,0.13148091,0.86851910,0.00012715,0.00001148,900
2545,"/kaggle/input/datasets/arafatrahmann/my-data221/Epic and CSCR hospital Dataset/Train/glioma/Tr-gl_1210.jpg",0,glioma,0,glioma,0.9808247685,0.0058391001,0.0070692329,0.0062668966,0.10829093,0.89170908,0.00014360,0.00000690,915
2548,"/kaggle/input/datasets/arafatrahmann/my-data221/Epic and CSCR hospital Dataset/Train/glioma/Tr-gl_1213.jpg",0,glioma,0,glioma,0.9808138609,0.0058090612,0.0071240440,0.0062529906,0.10447805,0.89552195,0.00011850,0.00000590,265
2552,"/kaggle/input/datasets/arafatrahmann/my-data221/Epic and CSCR hospital Dataset/Train/glioma/Tr-gl_1217.jpg",0,glioma,0,glioma,0.9813294411,0.0053616264,0.0071986765,0.0061102286,0.14145093,0.85854907,0.00008479,0.00000672,921
2555,"/kaggle/input/datasets/arafatrahmann/my-data221/Epic and CSCR hospital Dataset/Train/glioma/Tr-gl_1220.jpg",0,glioma,0,glioma,0.9807537198,0.0049708043,0.0075866794,0.0066888244,0.13629946,0.86370053,0.00012435,0.00000665,923
2558,"/kaggle/input/datasets/arafatrahmann/my-data221/Epic and CSCR hospital Dataset/Train/glioma/Tr-gl_1223.jpg",0,glioma,0,glioma,0.9783099294,0.0059387200,0.0073067867,0.0084446426,0.08868760,0.91131243,0.00017662,0.00000667,925
2575,"/kaggle/input/datasets/arafatrahmann/my-data221/Epic and CSCR hospital Dataset/Train/glioma/Tr-gl_1240.jpg",0,glioma,0,glioma,0.9807583094,0.0048776818,0.0079804882,0.0063835904,0.09232973,0.90767027,0.00011258,0.00000668,938
2576,"/kaggle/input/datasets/arafatrahmann/my-data221/Epic and CSCR hospital Dataset/Train/glioma/Tr-gl_1241.jpg",0,glioma,0,glioma,0.9809923172,0.0051800255,0.0074685095,0.0063591031,0.10385513,0.89614487,0.00009528,0.00000633,938
2577,"/kaggle/input/datasets/arafatrahmann/my-data221/Epic and CSCR hospital Dataset/Train/glioma/Tr-gl_1242.jpg",0,glioma,0,glioma,0.9810724258,0.0053960136,0.0072857789,0.0062458171,0.10500438,0.89499564,0.00011227,0.00000774,939
2579,"/kaggle/input/datasets/arafatrahmann/my-data221/Epic and CSCR hospital Dataset/Train/glioma/Tr-gl_1260.jpg",0,glioma,0,glioma,0.9789101481,0.0064926646,0.0071472535,0.0074499003,0.09216818,0.90783179,0.00014327,0.00000733,941
2588,"/kaggle/input/datasets/arafatrahmann/my-data221/Epic and CSCR hospital Dataset/Train/glioma/Tr-gl_1269.jpg",0,glioma,0,glioma,0.9810621142,0.0054175421,0.0073327594,0.0061875582,0.09637459,0.90362541,0.00011293,0.00000464,950
2590,"/kaggle/input/datasets/arafatrahmann/my-data221/Epic and CSCR hospital Dataset/Train/glioma/gg (326).jpg",0,glioma,0,glioma,0.9799594879,0.0066314056,0.0072903908,0.0061187325,0.12835020,0.87164980,0.00011980,0.00000569,952
2591,"/kaggle/input/datasets/arafatrahmann/my-data221/Epic and CSCR hospital Dataset/Train/glioma/gg (327).jpg",0,glioma,0,glioma,0.9803681374,0.0063897199,0.0069749393,0.0062671364,0.11552762,0.88447239,0.00010816,0.00000548,952
2608,"/kaggle/input/datasets/arafatrahmann/my-data221/Epic and CSCR hospital Dataset/Train/glioma/gg (342).jpg",0,glioma,0,glioma,0.9809960127,0.0058682649,0.0070991167,0.0060366234,0.12492004,0.87507998,0.00009881,0.00000680,967
2611,"/kaggle/input/datasets/arafatrahmann/my-data221/Epic and CSCR hospital Dataset/Train/glioma/gg (345).jpg",0,glioma,0,glioma,0.9803532362,0.0062577962,0.0069991960,0.0063896710,0.08719269,0.91280732,0.00014989,0.00000566,970
2613,"/kaggle/input/datasets/arafatrahmann/my-data221/Epic and CSCR hospital Dataset/Train/glioma/gg (347).jpg",0,glioma,0,glioma,0.9808123708,0.0057818769,0.0068355883,0.0065702572,0.09549374,0.90450626,0.00011661,0.00000667,972
2614,"/kaggle/input/datasets/arafatrahmann/my-data221/Epic and CSCR hospital Dataset/Train/glioma/gg (348).jpg",0,glioma,0,glioma,0.9808077812,0.0058869147,0.0068450570,0.0064602876,0.12084465,0.87915536,0.00010358,0.00000583,972
2615,"/kaggle/input/datasets/arafatrahmann/my-data221/Epic and CSCR hospital Dataset/Train/glioma/gg (349).jpg",0,glioma,0,glioma,0.9806600809,0.0056876326,0.0070227375,0.0066296025,0.08880528,0.91119474,0.00016146,0.00000563,972
2621,"/kaggle/input/datasets/arafatrahmann/my-data221/Epic and CSCR hospital Dataset/Train/glioma/gg (367).jpg",0,glioma,0,glioma,0.9803001285,0.0052166572,0.0077774138,0.0067057223,0.09077601,0.90922397,0.00017137,0.00000688,977
2626,"/kaggle/input/datasets/arafatrahmann/my-data221/Epic and CSCR hospital Dataset/Train/glioma/gg (371).jpg",0,glioma,0,glioma,0.9808269739,0.0054542804,0.0071667298,0.0065520415,0.09889833,0.90110168,0.00013151,0.00000587,982
2629,"/kaggle/input/datasets/arafatrahmann/my-data221/Epic and CSCR hospital Dataset/Train/glioma/gg (374).jpg",0,glioma,0,glioma,0.9805566669,0.0059112436,0.0071615390,0.0063705677,0.09813561,0.90186440,0.00011498,0.00000593,985
2645,"/kaggle/input/datasets/arafatrahmann/my-data221/Epic and CSCR hospital Dataset/Train/glioma/gg (389).jpg",0,glioma,0,glioma,0.9805387259,0.0059966398,0.0073162429,0.0061483728,0.09160795,0.90839204,0.00013985,0.00000557,997
2647,"/kaggle/input/datasets/arafatrahmann/my-data221/Epic and CSCR hospital Dataset/Train/glioma/gg (390).jpg",0,glioma,0,glioma,0.9804102182,0.0059139086,0.0074738786,0.0062019685,0.08716050,0.91283949,0.00013135,0.00000612,999
2648,"/kaggle/input/datasets/arafatrahmann/my-data221/Epic and CSCR hospital Dataset/Train/glioma/gg (391).jpg",0,glioma,0,glioma,0.9808629751,0.0059211873,0.0068451702,0.0063706264,0.09370057,0.90629942,0.00012241,0.00000600,1000
2651,"/kaggle/input/datasets/arafatrahmann/my-data221/Epic and CSCR hospital Dataset/Train/glioma/gg (394).jpg",0,glioma,0,glioma,0.9806228876,0.0060128863,0.0069253882,0.0064387941,0.08621726,0.91378274,0.00017457,0.00000623,1002
2657,"/kaggle/input/datasets/arafatrahmann/my-data221/Epic and CSCR hospital Dataset/Train/glioma/gg (4).jpg",0,glioma,0,glioma,0.9804717302,0.0058846762,0.0072479085,0.0063957563,0.08925127,0.91074874,0.00009623,0.00000489,1007
2658,"/kaggle/input/datasets/arafatrahmann/my-data221/Epic and CSCR hospital Dataset/Train/glioma/gg (40).jpg",0,glioma,0,glioma,0.9803673625,0.0061095669,0.0072693215,0.0062537170,0.09870825,0.90129173,0.00008898,0.00000588,1008
2659,"/kaggle/input/datasets/arafatrahmann/my-data221/Epic and CSCR hospital Dataset/Train/glioma/gg (400).jpg",0,glioma,0,glioma,0.9806385040,0.0055496288,0.0072981990,0.0065136850,0.08465320,0.91534680,0.00016026,0.00000627,286
2671,"/kaggle/input/datasets/arafatrahmann/my-data221/Epic and CSCR hospital Dataset/Train/glioma/gg (411).jpg",0,glioma,0,glioma,0.9808989763,0.0057656164,0.0071069053,0.0062285061,0.08926081,0.91073920,0.00017104,0.00000665,1018
2681,"/kaggle/input/datasets/arafatrahmann/my-data221/Epic and CSCR hospital Dataset/Train/glioma/gg (420).jpg",0,glioma,0,glioma,0.9806167483,0.0059024291,0.0070382664,0.0064425310,0.09517538,0.90482464,0.00015054,0.00000593,291
2685,"/kaggle/input/datasets/arafatrahmann/my-data221/Epic and CSCR hospital Dataset/Train/glioma/gg (424).jpg",0,glioma,0,glioma,0.9806076884,0.0055757691,0.0070532942,0.0067631751,0.09995546,0.90004452,0.00009442,0.00000668,292
2687,"/kaggle/input/datasets/arafatrahmann/my-data221/Epic and CSCR hospital Dataset/Train/glioma/gg (426).jpg",0,glioma,0,glioma,0.9812493324,0.0049414570,0.0072851800,0.0065240548,0.10450744,0.89549255,0.00010107,0.00000781,1029
2688,"/kaggle/input/datasets/arafatrahmann/my-data221/Epic and CSCR hospital Dataset/Train/glioma/gg (427).jpg",0,glioma,0,glioma,0.9811626673,0.0054422258,0.0070934547,0.0063016242,0.10397587,0.89602414,0.00012506,0.00000749,1029
2690,"/kaggle/input/datasets/arafatrahmann/my-data221/Epic and CSCR hospital Dataset/Train/glioma/gg (429).jpg",0,glioma,0,glioma,0.9809114337,0.0049827429,0.0078550745,0.0062507405,0.10970825,0.89029176,0.00007619,0.00000603,1031
2692,"/kaggle/input/datasets/arafatrahmann/my-data221/Epic and CSCR hospital Dataset/Train/glioma/gg (430).jpg",0,glioma,0,glioma,0.9802419543,0.0057005198,0.0070019932,0.0070555881,0.09596562,0.90403438,0.00010084,0.00000576,1033
2694,"/kaggle/input/datasets/arafatrahmann/my-data221/Epic and CSCR hospital Dataset/Train/glioma/gg (432).jpg",0,glioma,0,glioma,0.9806706309,0.0053241095,0.0075269444,0.0064782454,0.09118233,0.90881769,0.00008853,0.00000538,1035
2695,"/kaggle/input/datasets/arafatrahmann/my-data221/Epic and CSCR hospital Dataset/Train/glioma/gg (433).jpg",0,glioma,0,glioma,0.9808772206,0.0048898794,0.0074896775,0.0067432350,0.10787896,0.89212104,0.00012942,0.00000729,1035
2698,"/kaggle/input/datasets/arafatrahmann/my-data221/Epic and CSCR hospital Dataset/Train/glioma/gg (436).jpg",0,glioma,0,glioma,0.9801870584,0.0051804162,0.0079558119,0.0066767326,0.08718593,0.91281406,0.00014083,0.00000650,890
2701,"/kaggle/input/datasets/arafatrahmann/my-data221/Epic and CSCR hospital Dataset/Train/glioma/gg (439).jpg",0,glioma,0,glioma,0.9800278544,0.0064954348,0.0074158497,0.0060609477,0.12778923,0.87221079,0.00012059,0.00000632,1039
2704,"/kaggle/input/datasets/arafatrahmann/my-data221/Epic and CSCR hospital Dataset/Train/glioma/gg (441).jpg",0,glioma,0,glioma,0.9800899625,0.0066399574,0.0071145124,0.0061556390,0.08656615,0.91343386,0.00016043,0.00000694,1042
2717,"/kaggle/input/datasets/arafatrahmann/my-data221/Epic and CSCR hospital Dataset/Train/glioma/gg (453).jpg",0,glioma,0,glioma,0.9804655910,0.0061451672,0.0070090210,0.0063802702,0.11426979,0.88573020,0.00009647,0.00000568,1054
2721,"/kaggle/input/datasets/arafatrahmann/my-data221/Epic and CSCR hospital Dataset/Train/glioma/gg (457).jpg",0,glioma,0,glioma,0.9793243408,0.0060047018,0.0073311031,0.0073398114,0.09598337,0.90401664,0.00012888,0.00000679,1058
2724,"/kaggle/input/datasets/arafatrahmann/my-data221/Epic and CSCR hospital Dataset/Train/glioma/gg (46).jpg",0,glioma,0,glioma,0.9809196591,0.0056739794,0.0072776652,0.0061287223,0.09523010,0.90476993,0.00015742,0.00000555,1061
2739,"/kaggle/input/datasets/arafatrahmann/my-data221/Epic and CSCR hospital Dataset/Train/glioma/gg (473).jpg",0,glioma,0,glioma,0.9807232618,0.0060036574,0.0067585385,0.0065145604,0.09849040,0.90150962,0.00012210,0.00000800,1074
2746,"/kaggle/input/datasets/arafatrahmann/my-data221/Epic and CSCR hospital Dataset/Train/glioma/gg (48).jpg",0,glioma,0,glioma,0.9793903232,0.0071357461,0.0076461816,0.0058278218,0.08567283,0.91432717,0.00018583,0.00000733,1079
2752,"/kaggle/input/datasets/arafatrahmann/my-data221/Epic and CSCR hospital Dataset/Train/glioma/gg (485).jpg",0,glioma,0,glioma,0.9803601503,0.0053541823,0.0070434450,0.0072421567,0.08813164,0.91186836,0.00012288,0.00000522,1084
2753,"/kaggle/input/datasets/arafatrahmann/my-data221/Epic and CSCR hospital Dataset/Train/glioma/gg (486).jpg",0,glioma,0,glioma,0.9807744026,0.0056341244,0.0070910542,0.0065004500,0.08677228,0.91322773,0.00017091,0.00000698,1084
2754,"/kaggle/input/datasets/arafatrahmann/my-data221/Epic and CSCR hospital Dataset/Train/glioma/gg (487).jpg",0,glioma,0,glioma,0.9808921814,0.0055411919,0.0072772303,0.0062894011,0.10911746,0.89088256,0.00012526,0.00000803,1085
2760,"/kaggle/input/datasets/arafatrahmann/my-data221/Epic and CSCR hospital Dataset/Train/glioma/gg (492).jpg",0,glioma,0,glioma,0.9804899096,0.0060356413,0.0069653699,0.0065090908,0.08864969,0.91135030,0.00017305,0.00000724,1091
2770,"/kaggle/input/datasets/arafatrahmann/my-data221/Epic and CSCR hospital Dataset/Train/glioma/gg (500).jpg",0,glioma,0,glioma,0.9802517891,0.0058934786,0.0077704052,0.0060842675,0.09310824,0.90689175,0.00021728,0.00000699,1099
2772,"/kaggle/input/datasets/arafatrahmann/my-data221/Epic and CSCR hospital Dataset/Train/glioma/gg (502).jpg",0,glioma,0,glioma,0.9807705879,0.0057914043,0.0072000413,0.0062379283,0.09228336,0.90771663,0.00013207,0.00000588,1101
2785,"/kaggle/input/datasets/arafatrahmann/my-data221/Epic and CSCR hospital Dataset/Train/glioma/gg (514).jpg",0,glioma,0,glioma,0.9805444479,0.0060784561,0.0068870136,0.0064901472,0.08656239,0.91343761,0.00017634,0.00000570,1111
2786,"/kaggle/input/datasets/arafatrahmann/my-data221/Epic and CSCR hospital Dataset/Train/glioma/gg (515).jpg",0,glioma,0,glioma,0.9803783298,0.0063092671,0.0069248504,0.0063874274,0.11287468,0.88712533,0.00015125,0.00000615,1111
2788,"/kaggle/input/datasets/arafatrahmann/my-data221/Epic and CSCR hospital Dataset/Train/glioma/gg (517).jpg",0,glioma,0,glioma,0.9805102348,0.0055748201,0.0071503706,0.0067646066,0.08311856,0.91688144,0.00022434,0.00000740,1112
2794,"/kaggle/input/datasets/arafatrahmann/my-data221/Epic and CSCR hospital Dataset/Train/glioma/gg (522).jpg",0,glioma,0,glioma,0.9803730249,0.0056701242,0.0071375901,0.0068192855,0.08043127,0.91956872,0.00018782,0.00000578,1118
2798,"/kaggle/input/datasets/arafatrahmann/my-data221/Epic and CSCR hospital Dataset/Train/glioma/gg (526).jpg",0,glioma,0,glioma,0.9807783961,0.0060069538,0.0069600465,0.0062545850,0.10708826,0.89291175,0.00012686,0.00000642,1120
2799,"/kaggle/input/datasets/arafatrahmann/my-data221/Epic and CSCR hospital Dataset/Train/glioma/gg (527).jpg",0,glioma,0,glioma,0.9807881117,0.0058522960,0.0069585466,0.0064010285,0.08832730,0.91167272,0.00013920,0.00000564,1120
2804,"/kaggle/input/datasets/arafatrahmann/my-data221/Epic and CSCR hospital Dataset/Train/glioma/gg (531).jpg",0,glioma,0,glioma,0.9806602597,0.0059121358,0.0070820837,0.0063454835,0.15372956,0.84627043,0.00011923,0.00000823,1124
2808,"/kaggle/input/datasets/arafatrahmann/my-data221/Epic and CSCR hospital Dataset/Train/glioma/gg (535).jpg",0,glioma,0,glioma,0.9808101654,0.0057698893,0.0073109344,0.0061090835,0.10269669,0.89730330,0.00016366,0.00000758,1127
2813,"/kaggle/input/datasets/arafatrahmann/my-data221/Epic and CSCR hospital Dataset/Train/glioma/gg (54).jpg",0,glioma,0,glioma,0.9804185033,0.0058530020,0.0074877017,0.0062408559,0.09032561,0.90967440,0.00014834,0.00000677,1130
2827,"/kaggle/input/datasets/arafatrahmann/my-data221/Epic and CSCR hospital Dataset/Train/glioma/gg (552).jpg",0,glioma,0,glioma,0.9804618955,0.0061792242,0.0071489499,0.0062099351,0.08703063,0.91296939,0.00016524,0.00000767,1138
2828,"/kaggle/input/datasets/arafatrahmann/my-data221/Epic and CSCR hospital Dataset/Train/glioma/gg (553).jpg",0,glioma,0,glioma,0.9804998636,0.0059769759,0.0072961426,0.0062270928,0.08583943,0.91416057,0.00013635,0.00000604,1138
2831,"/kaggle/input/datasets/arafatrahmann/my-data221/Epic and CSCR hospital Dataset/Train/glioma/gg (556).jpg",0,glioma,0,glioma,0.9808145761,0.0057109511,0.0068579642,0.0066165850,0.08360627,0.91639373,0.00018064,0.00000697,1140
2835,"/kaggle/input/datasets/arafatrahmann/my-data221/Epic and CSCR hospital Dataset/Train/glioma/gg (56).jpg",0,glioma,0,glioma,0.9808194041,0.0056718164,0.0072521409,0.0062565715,0.09438199,0.90561800,0.00011410,0.00000608,1143
2836,"/kaggle/input/datasets/arafatrahmann/my-data221/Epic and CSCR hospital Dataset/Train/glioma/gg (560).jpg",0,glioma,0,glioma,0.9807909131,0.0060990597,0.0067149252,0.0063951514,0.10748306,0.89251694,0.00014642,0.00000686,1144
2840,"/kaggle/input/datasets/arafatrahmann/my-data221/Epic and CSCR hospital Dataset/Train/glioma/gg (564).jpg",0,glioma,0,glioma,0.9807165265,0.0060971109,0.0068524098,0.0063339630,0.09128328,0.90871671,0.00018166,0.00000669,301
2844,"/kaggle/input/datasets/arafatrahmann/my-data221/Epic and CSCR hospital Dataset/Train/glioma/gg (568).jpg",0,glioma,0,glioma,0.9806820750,0.0061877766,0.0067419745,0.0063881478,0.09652831,0.90347170,0.00011964,0.00000526,302
2845,"/kaggle/input/datasets/arafatrahmann/my-data221/Epic and CSCR hospital Dataset/Train/glioma/gg (569).jpg",0,glioma,0,glioma,0.9807339907,0.0059825201,0.0068140016,0.0064694853,0.08873551,0.91126449,0.00015912,0.00000686,302
2846,"/kaggle/input/datasets/arafatrahmann/my-data221/Epic and CSCR hospital Dataset/Train/glioma/gg (57).jpg",0,glioma,0,glioma,0.9807367325,0.0059049199,0.0070128478,0.0063454458,0.08864992,0.91135008,0.00017222,0.00000699,1143
2847,"/kaggle/input/datasets/arafatrahmann/my-data221/Epic and CSCR hospital Dataset/Train/glioma/gg (570).jpg",0,glioma,0,glioma,0.9806864858,0.0059638293,0.0070639080,0.0062857643,0.10651841,0.89348156,0.00014787,0.00000670,302
2848,"/kaggle/input/datasets/arafatrahmann/my-data221/Epic and CSCR hospital Dataset/Train/glioma/gg (571).jpg",0,glioma,0,glioma,0.9805958867,0.0060790488,0.0070492006,0.0062758201,0.10844638,0.89155363,0.00017326,0.00000689,302
2849,"/kaggle/input/datasets/arafatrahmann/my-data221/Epic and CSCR hospital Dataset/Train/glioma/gg (572).jpg",0,glioma,0,glioma,0.9805356860,0.0061897915,0.0069223205,0.0063521578,0.09664990,0.90335008,0.00010945,0.00000482,302
2857,"/kaggle/input/datasets/arafatrahmann/my-data221/Epic and CSCR hospital Dataset/Train/glioma/gg (58).jpg",0,glioma,0,glioma,0.9806472063,0.0056871674,0.0072951913,0.0063705160,0.09016939,0.90983061,0.00011325,0.00000645,1143
2858,"/kaggle/input/datasets/arafatrahmann/my-data221/Epic and CSCR hospital Dataset/Train/glioma/gg (580).jpg",0,glioma,0,glioma,0.9802710414,0.0063455678,0.0069257417,0.0064575151,0.08637018,0.91362982,0.00016262,0.00000521,304
2860,"/kaggle/input/datasets/arafatrahmann/my-data221/Epic and CSCR hospital Dataset/Train/glioma/gg (582).jpg",0,glioma,0,glioma,0.9806882739,0.0057838815,0.0068905852,0.0066372566,0.09625474,0.90374525,0.00010891,0.00000595,1156
2862,"/kaggle/input/datasets/arafatrahmann/my-data221/Epic and CSCR hospital Dataset/Train/glioma/gg (584).jpg",0,glioma,0,glioma,0.9805509448,0.0058700209,0.0069746114,0.0066044806,0.08193655,0.91806344,0.00019594,0.00000552,1158
2868,"/kaggle/input/datasets/arafatrahmann/my-data221/Epic and CSCR hospital Dataset/Train/glioma/gg (59).jpg",0,glioma,0,glioma,0.9804886580,0.0062515056,0.0070058317,0.0062539456,0.09064037,0.90935963,0.00011971,0.00000594,1161
2871,"/kaggle/input/datasets/arafatrahmann/my-data221/Epic and CSCR hospital Dataset/Train/glioma/gg (592).jpg",0,glioma,0,glioma,0.9807633162,0.0053030015,0.0068737664,0.0070599094,0.08574737,0.91425264,0.00012825,0.00000476,1162
2882,"/kaggle/input/datasets/arafatrahmann/my-data221/Epic and CSCR hospital Dataset/Train/glioma/gg (601).jpg",0,glioma,0,glioma,0.9807716608,0.0055583245,0.0074052447,0.0062648458,0.08824052,0.91175947,0.00016948,0.00000702,1171
2892,"/kaggle/input/datasets/arafatrahmann/my-data221/Epic and CSCR hospital Dataset/Train/glioma/gg (610).jpg",0,glioma,0,glioma,0.9811316729,0.0052317288,0.0070074336,0.0066292225,0.09444693,0.90555307,0.00012823,0.00000608,1178
2893,"/kaggle/input/datasets/arafatrahmann/my-data221/Epic and CSCR hospital Dataset/Train/glioma/gg (611).jpg",0,glioma,0,glioma,0.9805173874,0.0057303337,0.0073877922,0.0063645067,0.07978300,0.92021699,0.00018319,0.00000483,1178
2894,"/kaggle/input/datasets/arafatrahmann/my-data221/Epic and CSCR hospital Dataset/Train/glioma/gg (612).jpg",0,glioma,0,glioma,0.9806729555,0.0053859334,0.0077527156,0.0061883358,0.09260089,0.90739912,0.00013243,0.00000663,310
2895,"/kaggle/input/datasets/arafatrahmann/my-data221/Epic and CSCR hospital Dataset/Train/glioma/gg (613).jpg",0,glioma,0,glioma,0.9806069136,0.0055042659,0.0068347850,0.0070541007,0.08899370,0.91100628,0.00020438,0.00000782,1179
2896,"/kaggle/input/datasets/arafatrahmann/my-data221/Epic and CSCR hospital Dataset/Train/glioma/gg (614).jpg",0,glioma,0,glioma,0.9804918170,0.0057282238,0.0069489079,0.0068310173,0.09318324,0.90681673,0.00012667,0.00000821,1179
2897,"/kaggle/input/datasets/arafatrahmann/my-data221/Epic and CSCR hospital Dataset/Train/glioma/gg (615).jpg",0,glioma,0,glioma,0.9805226326,0.0057759741,0.0070320815,0.0066693351,0.09450556,0.90549445,0.00013656,0.00000649,1179
2904,"/kaggle/input/datasets/arafatrahmann/my-data221/Epic and CSCR hospital Dataset/Train/glioma/gg (621).jpg",0,glioma,0,glioma,0.9804805517,0.0063402066,0.0067759803,0.0064032478,0.08771927,0.91228073,0.00015572,0.00000702,1185
2906,"/kaggle/input/datasets/arafatrahmann/my-data221/Epic and CSCR hospital Dataset/Train/glioma/gg (623).jpg",0,glioma,0,glioma,0.9794172049,0.0074980855,0.0067660557,0.0063186549,0.08062094,0.91937907,0.00023854,0.00000479,312
2907,"/kaggle/input/datasets/arafatrahmann/my-data221/Epic and CSCR hospital Dataset/Train/glioma/gg (624).jpg",0,glioma,0,glioma,0.9804097414,0.0065210508,0.0067357123,0.0063334494,0.08638854,0.91361145,0.00011058,0.00000481,1187
2915,"/kaggle/input/datasets/arafatrahmann/my-data221/Epic and CSCR hospital Dataset/Train/glioma/gg (631).jpg",0,glioma,0,glioma,0.9806349874,0.0058597070,0.0067494931,0.0067558303,0.10421676,0.89578323,0.00012700,0.00000667,1194
2927,"/kaggle/input/datasets/arafatrahmann/my-data221/Epic and CSCR hospital Dataset/Train/glioma/gg (642).jpg",0,glioma,0,glioma,0.9805660248,0.0058325930,0.0070915325,0.0065097809,0.09819718,0.90180281,0.00015097,0.00000690,1200
2932,"/kaggle/input/datasets/arafatrahmann/my-data221/Epic and CSCR hospital Dataset/Train/glioma/gg (647).jpg",0,glioma,0,glioma,0.9805196524,0.0057314839,0.0071205758,0.0066283331,0.10264944,0.89735055,0.00021317,0.00000481,1202
2941,"/kaggle/input/datasets/arafatrahmann/my-data221/Epic and CSCR hospital Dataset/Train/glioma/gg (667).jpg",0,glioma,0,glioma,0.9795093536,0.0073635764,0.0070793279,0.0060477322,0.09344427,0.90655574,0.00016530,0.00000750,1208
2953,"/kaggle/input/datasets/arafatrahmann/my-data221/Epic and CSCR hospital Dataset/Train/glioma/image(10).jpg",0,glioma,0,glioma,0.7466508150,0.2398710996,0.0071256398,0.0063523920,0.10541860,0.89458138,0.00096319,0.00002989,1214
2957,"/kaggle/input/datasets/arafatrahmann/my-data221/Epic and CSCR hospital Dataset/Train/glioma/image(14).jpg",0,glioma,0,glioma,0.9301997423,0.0558028035,0.0070143878,0.0069831172,0.08437680,0.91562321,0.00086213,0.00003379,1216
2963,"/kaggle/input/datasets/arafatrahmann/my-data221/Epic and CSCR hospital Dataset/Train/glioma/image(2).jpg",0,glioma,1,meningioma,0.0054462091,0.9780505300,0.0076924465,0.0088107707,0.08477364,0.91522638,0.00037024,0.00000910,1221
2969,"/kaggle/input/datasets/arafatrahmann/my-data221/Epic and CSCR hospital Dataset/Train/glioma/image(25).jpg",0,glioma,0,glioma,0.9737600088,0.0125775784,0.0070609539,0.0066014691,0.09628978,0.90371020,0.00014075,0.00000776,118
2978,"/kaggle/input/datasets/arafatrahmann/my-data221/Epic and CSCR hospital Dataset/Train/glioma/image(33).jpg",0,glioma,2,notumor,0.0045920755,0.1957270205,0.7936181426,0.0060626962,0.08125770,0.91874231,0.00205772,0.00011687,1231
2986,"/kaggle/input/datasets/arafatrahmann/my-data221/Epic and CSCR hospital Dataset/Train/glioma/image(57).jpg",0,glioma,1,meningioma,0.0090054227,0.8860846758,0.1006278247,0.0042820806,0.12090056,0.87909943,0.00141956,0.00009824,1238
2996,"/kaggle/input/datasets/arafatrahmann/my-data221/Epic and CSCR hospital Dataset/Train/glioma/image(67).jpg",0,glioma,0,glioma,0.9804419279,0.0065277135,0.0067210943,0.0063091903,0.08984822,0.91015180,0.00014319,0.00000623,1187
3002,"/kaggle/input/datasets/arafatrahmann/my-data221/Epic and CSCR hospital Dataset/Train/glioma/image(73).jpg",0,glioma,0,glioma,0.9806772470,0.0060290508,0.0069431453,0.0063505373,0.08659834,0.91340165,0.00013067,0.00000591,71
3006,"/kaggle/input/datasets/arafatrahmann/my-data221/Epic and CSCR hospital Dataset/Train/glioma/image(77).jpg",0,glioma,0,glioma,0.9779269099,0.0075384504,0.0074177808,0.0071168607,0.08543125,0.91456875,0.00024263,0.00000786,1242
3009,"/kaggle/input/datasets/arafatrahmann/my-data221/Epic and CSCR hospital Dataset/Train/glioma/image(80).jpg",0,glioma,0,glioma,0.9778606296,0.0075449110,0.0074401153,0.0071543255,0.08052687,0.91947311,0.00023218,0.00000588,1242
3010,"/kaggle/input/datasets/arafatrahmann/my-data221/Epic and CSCR hospital Dataset/Train/glioma/image(81).jpg",0,glioma,0,glioma,0.9749206305,0.0088634128,0.0096023073,0.0066136657,0.08337887,0.91662112,0.00025579,0.00000893,1244
3015,"/kaggle/input/datasets/arafatrahmann/my-data221/Epic and CSCR hospital Dataset/Train/glioma/image(86).jpg",0,glioma,2,notumor,0.3162259459,0.0070342286,0.6665550470,0.0101848003,0.08392175,0.91607826,0.00114037,0.00004273,1248
3022,"/kaggle/input/datasets/arafatrahmann/my-data221/Epic and CSCR hospital Dataset/Train/meningioma/1304.jpg",1,meningioma,1,meningioma,0.0054328591,0.9795628786,0.0077896500,0.0072146407,0.09666114,0.90333884,0.00027077,0.00000761,1255
3033,"/kaggle/input/datasets/arafatrahmann/my-data221/Epic and CSCR hospital Dataset/Train/meningioma/1315.jpg",1,meningioma,1,meningioma,0.0062745563,0.9784443974,0.0077740462,0.0075070560,0.08689589,0.91310409,0.00037787,0.00000825,1266
3034,"/kaggle/input/datasets/arafatrahmann/my-data221/Epic and CSCR hospital Dataset/Train/meningioma/1316.jpg",1,meningioma,1,meningioma,0.0056927679,0.9794641733,0.0078616124,0.0069815209,0.10141044,0.89858956,0.00014505,0.00000993,1267
3035,"/kaggle/input/datasets/arafatrahmann/my-data221/Epic and CSCR hospital Dataset/Train/meningioma/1317.jpg",1,meningioma,1,meningioma,0.0055823913,0.9795457721,0.0079671871,0.0069045960,0.08576434,0.91423565,0.00035175,0.00000770,1268
3041,"/kaggle/input/datasets/arafatrahmann/my-data221/Epic and CSCR hospital Dataset/Train/meningioma/1323.jpg",1,meningioma,1,meningioma,0.0069387020,0.9659191966,0.0211845692,0.0059575392,0.09726271,0.90273728,0.00047300,0.00007537,1274
3050,"/kaggle/input/datasets/arafatrahmann/my-data221/Epic and CSCR hospital Dataset/Train/meningioma/1332.jpg",1,meningioma,1,meningioma,0.0055977171,0.9795605540,0.0078493450,0.0069923578,0.08951108,0.91048892,0.00027508,0.00000870,1283
3051,"/kaggle/input/datasets/arafatrahmann/my-data221/Epic and CSCR hospital Dataset/Train/meningioma/1333.jpg",1,meningioma,1,meningioma,0.0043953802,0.9804977179,0.0091842627,0.0059227482,0.12092441,0.87907559,0.00010846,0.00000906,1284
3052,"/kaggle/input/datasets/arafatrahmann/my-data221/Epic and CSCR hospital Dataset/Train/meningioma/1334.jpg",1,meningioma,1,meningioma,0.0076467670,0.9749263525,0.0079863202,0.0094405664,0.08047390,0.91952609,0.00038472,0.00000727,1285
3061,"/kaggle/input/datasets/arafatrahmann/my-data221/Epic and CSCR hospital Dataset/Train/meningioma/1343.jpg",1,meningioma,1,meningioma,0.0057755308,0.9798119664,0.0075523257,0.0068603107,0.11412789,0.88587212,0.00013552,0.00001038,1294
3066,"/kaggle/input/datasets/arafatrahmann/my-data221/Epic and CSCR hospital Dataset/Train/meningioma/1348.jpg",1,meningioma,1,meningioma,0.0077226320,0.9767581820,0.0076373704,0.0078818109,0.09928875,0.90071126,0.00019007,0.00000663,1299
3067,"/kaggle/input/datasets/arafatrahmann/my-data221/Epic and CSCR hospital Dataset/Train/meningioma/1349.jpg",1,meningioma,1,meningioma,0.0051515857,0.9800645709,0.0078836810,0.0069001475,0.08647296,0.91352705,0.00016768,0.00000778,1300
3070,"/kaggle/input/datasets/arafatrahmann/my-data221/Epic and CSCR hospital Dataset/Train/meningioma/1352.jpg",1,meningioma,1,meningioma,0.0054564727,0.9796859622,0.0078519797,0.0070056282,0.09482131,0.90517868,0.00021012,0.00000862,1303
3071,"/kaggle/input/datasets/arafatrahmann/my-data221/Epic and CSCR hospital Dataset/Train/meningioma/1353.jpg",1,meningioma,1,meningioma,0.0049605011,0.9801479578,0.0078307893,0.0070608631,0.08129815,0.91870183,0.00027854,0.00000776,1304
3079,"/kaggle/input/datasets/arafatrahmann/my-data221/Epic and CSCR hospital Dataset/Train/meningioma/1361.jpg",1,meningioma,1,meningioma,0.0050661513,0.9789441824,0.0074628242,0.0085268216,0.08263416,0.91736583,0.00054504,0.00000808,1312
3090,"/kaggle/input/datasets/arafatrahmann/my-data221/Epic and CSCR hospital Dataset/Train/meningioma/1372.jpg",1,meningioma,1,meningioma,0.0048527480,0.9803956747,0.0079873772,0.0067641228,0.08742010,0.91257988,0.00018611,0.00000667,1321
3096,"/kaggle/input/datasets/arafatrahmann/my-data221/Epic and CSCR hospital Dataset/Train/meningioma/1378.jpg",1,meningioma,1,meningioma,0.0065941736,0.9788457751,0.0076196827,0.0069404044,0.10937187,0.89062813,0.00021925,0.00000907,1327
3098,"/kaggle/input/datasets/arafatrahmann/my-data221/Epic and CSCR hospital Dataset/Train/meningioma/1380.jpg",1,meningioma,1,meningioma,0.0053004082,0.9796458483,0.0078593772,0.0071943947,0.08861592,0.91138409,0.00029279,0.00000944,1329
3099,"/kaggle/input/datasets/arafatrahmann/my-data221/Epic and CSCR hospital Dataset/Train/meningioma/1381.jpg",1,meningioma,1,meningioma,0.0093900608,0.9750140905,0.0072454959,0.0083503947,0.09695407,0.90304593,0.00021902,0.00001205,1330
3110,"/kaggle/input/datasets/arafatrahmann/my-data221/Epic and CSCR hospital Dataset/Train/meningioma/1392.jpg",1,meningioma,1,meningioma,0.0054550651,0.9790951014,0.0077396692,0.0077101523,0.08807762,0.91192241,0.00044086,0.00000943,1340
3116,"/kaggle/input/datasets/arafatrahmann/my-data221/Epic and CSCR hospital Dataset/Train/meningioma/1398.jpg",1,meningioma,1,meningioma,0.0060736174,0.9794856906,0.0073866658,0.0070541254,0.10353364,0.89646638,0.00012530,0.00000804,1346
3119,"/kaggle/input/datasets/arafatrahmann/my-data221/Epic and CSCR hospital Dataset/Train/meningioma/1401.jpg",1,meningioma,2,notumor,0.0049483841,0.0112467157,0.9774513245,0.0063535469,0.12547476,0.87452524,0.00007860,0.00000918,1349
3124,"/kaggle/input/datasets/arafatrahmann/my-data221/Epic and CSCR hospital Dataset/Train/meningioma/1406.jpg",1,meningioma,1,meningioma,0.0052483114,0.9804873466,0.0074003628,0.0068641179,0.17482022,0.82517978,0.00009610,0.00000994,1354
3131,"/kaggle/input/datasets/arafatrahmann/my-data221/Epic and CSCR hospital Dataset/Train/meningioma/1413.jpg",1,meningioma,1,meningioma,0.0053553237,0.9792645574,0.0080121923,0.0073680012,0.07589019,0.92410982,0.00037066,0.00000625,1360
3133,"/kaggle/input/datasets/arafatrahmann/my-data221/Epic and CSCR hospital Dataset/Train/meningioma/1415.jpg",1,meningioma,1,meningioma,0.0050901133,0.9799831510,0.0077613750,0.0071653984,0.08385429,0.91614570,0.00027379,0.00000748,1361
3137,"/kaggle/input/datasets/arafatrahmann/my-data221/Epic and CSCR hospital Dataset/Train/meningioma/1419.jpg",1,meningioma,1,meningioma,0.0054932609,0.9797821045,0.0078325355,0.0068921028,0.09634206,0.90365794,0.00026100,0.00000859,21
3144,"/kaggle/input/datasets/arafatrahmann/my-data221/Epic and CSCR hospital Dataset/Train/meningioma/1426.jpg",1,meningioma,1,meningioma,0.0053664036,0.9741509557,0.0073288106,0.0131538939,0.07334629,0.92665372,0.00065624,0.00000709,1221
3145,"/kaggle/input/datasets/arafatrahmann/my-data221/Epic and CSCR hospital Dataset/Train/meningioma/1427.jpg",1,meningioma,2,notumor,0.0055064326,0.0085008685,0.9793901443,0.0066024875,0.08486816,0.91513183,0.00013748,0.00000426,1371
3150,"/kaggle/input/datasets/arafatrahmann/my-data221/Epic and CSCR hospital Dataset/Train/meningioma/1432.jpg",1,meningioma,1,meningioma,0.0053185364,0.9794530869,0.0077511473,0.0074772038,0.08802514,0.91197485,0.00037132,0.00001026,1340
3151,"/kaggle/input/datasets/arafatrahmann/my-data221/Epic and CSCR hospital Dataset/Train/meningioma/1433.jpg",1,meningioma,1,meningioma,0.0059253941,0.9789541364,0.0078898724,0.0072305612,0.09638636,0.90361364,0.00018885,0.00000741,1376
3152,"/kaggle/input/datasets/arafatrahmann/my-data221/Epic and CSCR hospital Dataset/Train/meningioma/1434.jpg",1,meningioma,1,meningioma,0.0059368331,0.9793621898,0.0078821434,0.0068187537,0.09134210,0.90865792,0.00016598,0.00000839,1377
3160,"/kaggle/input/datasets/arafatrahmann/my-data221/Epic and CSCR hospital Dataset/Train/meningioma/1442.jpg",1,meningioma,1,meningioma,0.0053460533,0.9799044728,0.0080822753,0.0066671534,0.10381670,0.89618330,0.00019682,0.00000905,1385
3162,"/kaggle/input/datasets/arafatrahmann/my-data221/Epic and CSCR hospital Dataset/Train/meningioma/1444.jpg",1,meningioma,1,meningioma,0.0062202369,0.9792820215,0.0079394374,0.0065582125,0.10469047,0.89530952,0.00011666,0.00000937,1386
3164,"/kaggle/input/datasets/arafatrahmann/my-data221/Epic and CSCR hospital Dataset/Train/meningioma/1446.jpg",1,meningioma,1,meningioma,0.0046773367,0.9806880951,0.0084980475,0.0061364761,0.10214515,0.89785486,0.00028109,0.00000988,1387
3219,"/kaggle/input/datasets/arafatrahmann/my-data221/Epic and CSCR hospital Dataset/Train/meningioma/M_827.jpg",1,meningioma,1,meningioma,0.0063110264,0.9786044955,0.0077699693,0.0073145134,0.09394706,0.90605294,0.00022215,0.00000940,1392
3220,"/kaggle/input/datasets/arafatrahmann/my-data221/Epic and CSCR hospital Dataset/Train/meningioma/M_827_BR_.jpg",1,meningioma,1,meningioma,0.0062197857,0.9784801602,0.0074739642,0.0078261290,0.09504494,0.90495505,0.00014525,0.00000883,1392
3221,"/kaggle/input/datasets/arafatrahmann/my-data221/Epic and CSCR hospital Dataset/Train/meningioma/M_827_DA_.jpg",1,meningioma,1,meningioma,0.0061874203,0.9766954184,0.0075171641,0.0095999260,0.07461981,0.92538019,0.00060672,0.00000827,1392
3222,"/kaggle/input/datasets/arafatrahmann/my-data221/Epic and CSCR hospital Dataset/Train/meningioma/M_827_HF_.jpg",1,meningioma,1,meningioma,0.0064706095,0.9781147242,0.0078257602,0.0075888843,0.08576196,0.91423805,0.00019496,0.00000767,1392
3223,"/kaggle/input/datasets/arafatrahmann/my-data221/Epic and CSCR hospital Dataset/Train/meningioma/M_827_RO_.jpg",1,meningioma,1,meningioma,0.0061909840,0.9785584211,0.0077319676,0.0075186915,0.10210463,0.89789537,0.00017995,0.00000974,1392
3224,"/kaggle/input/datasets/arafatrahmann/my-data221/Epic and CSCR hospital Dataset/Train/meningioma/M_827_SP_.jpg",1,meningioma,1,meningioma,0.2812370956,0.7055771947,0.0062151556,0.0069705918,0.10105127,0.89894873,0.00239096,0.00024503,1392
3225,"/kaggle/input/datasets/arafatrahmann/my-data221/Epic and CSCR hospital Dataset/Train/meningioma/M_827_VF_.jpg",1,meningioma,1,meningioma,0.0058506327,0.9787678719,0.0078710886,0.0075104809,0.08038356,0.91961645,0.00029843,0.00000668,1392
3226,"/kaggle/input/datasets/arafatrahmann/my-data221/Epic and CSCR hospital Dataset/Train/meningioma/M_828.jpg",1,meningioma,1,meningioma,0.0055658175,0.9794526100,0.0078553688,0.0071261488,0.08560693,0.91439308,0.00041239,0.00001066,1392
3227,"/kaggle/input/datasets/arafatrahmann/my-data221/Epic and CSCR hospital Dataset/Train/meningioma/M_828_BR_.jpg",1,meningioma,1,meningioma,0.0052394229,0.9799858928,0.0074758553,0.0072987764,0.09736152,0.90263847,0.00013971,0.00000939,1392
3228,"/kaggle/input/datasets/arafatrahmann/my-data221/Epic and CSCR hospital Dataset/Train/meningioma/M_828_DA_.jpg",1,meningioma,1,meningioma,0.0053111361,0.9793785214,0.0075385631,0.0077718557,0.09792363,0.90207638,0.00032281,0.00000821,1392
3229,"/kaggle/input/datasets/arafatrahmann/my-data221/Epic and CSCR hospital Dataset/Train/meningioma/M_828_HF_.jpg",1,meningioma,1,meningioma,0.0053327424,0.9798322916,0.0076305955,0.0072044479,0.11212012,0.88787989,0.00015588,0.00000909,1392
3230,"/kaggle/input/datasets/arafatrahmann/my-data221/Epic and CSCR hospital Dataset/Train/meningioma/M_828_RO_.jpg",1,meningioma,1,meningioma,0.0059145903,0.9790427089,0.0078998404,0.0071429387,0.08426726,0.91573274,0.00033773,0.00000868,1392
3231,"/kaggle/input/datasets/arafatrahmann/my-data221/Epic and CSCR hospital Dataset/Train/meningioma/M_828_SP_.jpg",1,meningioma,1,meningioma,0.0161816850,0.9692921638,0.0074771917,0.0070489929,0.08104606,0.91895393,0.00037997,0.00001374,1392
3232,"/kaggle/input/datasets/arafatrahmann/my-data221/Epic and CSCR hospital Dataset/Train/meningioma/M_828_VF_.jpg",1,meningioma,1,meningioma,0.0053886948,0.9798635244,0.0078621656,0.0068855225,0.09479622,0.90520379,0.00017342,0.00000800,1392
3254,"/kaggle/input/datasets/arafatrahmann/my-data221/Epic and CSCR hospital Dataset/Train/meningioma/M_832.jpg",1,meningioma,1,meningioma,0.0053313607,0.9793192148,0.0075391135,0.0078103952,0.11649625,0.88350376,0.00031247,0.00000911,1312
3255,"/kaggle/input/datasets/arafatrahmann/my-data221/Epic and CSCR hospital Dataset/Train/meningioma/M_832_BR_.jpg",1,meningioma,1,meningioma,0.0055491133,0.9781334996,0.0073255757,0.0089917807,0.09072739,0.90927263,0.00019077,0.00000709,1312
3256,"/kaggle/input/datasets/arafatrahmann/my-data221/Epic and CSCR hospital Dataset/Train/meningioma/M_832_DA_.jpg",1,meningioma,1,meningioma,0.0054723150,0.9791556597,0.0076643513,0.0077077462,0.09063885,0.90936115,0.00033957,0.00000681,1312
3257,"/kaggle/input/datasets/arafatrahmann/my-data221/Epic and CSCR hospital Dataset/Train/meningioma/M_832_HF_.jpg",1,meningioma,1,meningioma,0.0056963465,0.9788768888,0.0077667371,0.0076599740,0.08031977,0.91968023,0.00034730,0.00000853,1312
3258,"/kaggle/input/datasets/arafatrahmann/my-data221/Epic and CSCR hospital Dataset/Train/meningioma/M_832_RO_.jpg",1,meningioma,1,meningioma,0.0076558962,0.9766244888,0.0075061717,0.0082134819,0.10095654,0.89904348,0.00017028,0.00000956,1312
3259,"/kaggle/input/datasets/arafatrahmann/my-data221/Epic and CSCR hospital Dataset/Train/meningioma/M_832_SP_.jpg",1,meningioma,1,meningioma,0.0995344222,0.8855838776,0.0072104237,0.0076712384,0.09234112,0.90765889,0.00037761,0.00001435,1312
3260,"/kaggle/input/datasets/arafatrahmann/my-data221/Epic and CSCR hospital Dataset/Train/meningioma/M_832_VF_.jpg",1,meningioma,1,meningioma,0.0069902539,0.9778180122,0.0075993901,0.0075923302,0.11120838,0.88879163,0.00015907,0.00000752,1312
3275,"/kaggle/input/datasets/arafatrahmann/my-data221/Epic and CSCR hospital Dataset/Train/meningioma/M_835.jpg",1,meningioma,1,meningioma,0.0050793099,0.9789718390,0.0074997633,0.0084491009,0.08089518,0.91910483,0.00039902,0.00000808,1312
3276,"/kaggle/input/datasets/arafatrahmann/my-data221/Epic and CSCR hospital Dataset/Train/meningioma/M_835_BR_.jpg",1,meningioma,1,meningioma,0.0048515121,0.9786966443,0.0072221300,0.0092296945,0.09624729,0.90375271,0.00016377,0.00000709,1312
3277,"/kaggle/input/datasets/arafatrahmann/my-data221/Epic and CSCR hospital Dataset/Train/meningioma/M_835_DA_.jpg",1,meningioma,1,meningioma,0.0053662378,0.9786095619,0.0074259015,0.0085982475,0.08781407,0.91218591,0.00030307,0.00000813,1312
3278,"/kaggle/input/datasets/arafatrahmann/my-data221/Epic and CSCR hospital Dataset/Train/meningioma/M_835_HF_.jpg",1,meningioma,1,meningioma,0.0053757010,0.9790194631,0.0075112632,0.0080935899,0.08751981,0.91248021,0.00033076,0.00000755,1312
3279,"/kaggle/input/datasets/arafatrahmann/my-data221/Epic and CSCR hospital Dataset/Train/meningioma/M_835_RO_.jpg",1,meningioma,1,meningioma,0.0060963440,0.9710644484,0.0071338164,0.0157053657,0.07558379,0.92441623,0.00187391,0.00000799,1312
3280,"/kaggle/input/datasets/arafatrahmann/my-data221/Epic and CSCR hospital Dataset/Train/meningioma/M_835_SP_.jpg",1,meningioma,1,meningioma,0.0106268022,0.8665168881,0.0072637363,0.1155925021,0.08421694,0.91578305,0.00196676,0.00001101,1312
3281,"/kaggle/input/datasets/arafatrahmann/my-data221/Epic and CSCR hospital Dataset/Train/meningioma/M_835_VF_.jpg",1,meningioma,1,meningioma,0.0057669212,0.9776190519,0.0075833537,0.0090306755,0.07731616,0.92268384,0.00046115,0.00000648,1312
3310,"/kaggle/input/datasets/arafatrahmann/my-data221/Epic and CSCR hospital Dataset/Train/meningioma/M_840.jpg",1,meningioma,1,meningioma,0.0050569125,0.9792089462,0.0074431798,0.0082909344,0.07839633,0.92160367,0.00031531,0.00000688,1399
3311,"/kaggle/input/datasets/arafatrahmann/my-data221/Epic and CSCR hospital Dataset/Train/meningioma/M_840_BR_.jpg",1,meningioma,1,meningioma,0.0048085656,0.9793728590,0.0074556991,0.0083629601,0.08647604,0.91352397,0.00022613,0.00000818,1399
3312,"/kaggle/input/datasets/arafatrahmann/my-data221/Epic and CSCR hospital Dataset/Train/meningioma/M_840_DA_.jpg",1,meningioma,1,meningioma,0.0052852640,0.9794586897,0.0078086876,0.0074472190,0.08713243,0.91286759,0.00026630,0.00000804,1399
3313,"/kaggle/input/datasets/arafatrahmann/my-data221/Epic and CSCR hospital Dataset/Train/meningioma/M_840_HF_.jpg",1,meningioma,1,meningioma,0.0051161968,0.9791337252,0.0074090483,0.0083409827,0.07809953,0.92190047,0.00036895,0.00000606,1399
3314,"/kaggle/input/datasets/arafatrahmann/my-data221/Epic and CSCR hospital Dataset/Train/meningioma/M_840_RO_.jpg",1,meningioma,1,meningioma,0.0052319700,0.9789049029,0.0076261526,0.0082369801,0.07701703,0.92298297,0.00032607,0.00000665,1399
3315,"/kaggle/input/datasets/arafatrahmann/my-data221/Epic and CSCR hospital Dataset/Train/meningioma/M_840_SP_.jpg",1,meningioma,1,meningioma,0.0056524454,0.9787772298,0.0072521893,0.0083181858,0.08422031,0.91577970,0.00024135,0.00000697,1399
3316,"/kaggle/input/datasets/arafatrahmann/my-data221/Epic and CSCR hospital Dataset/Train/meningioma/M_840_VF_.jpg",1,meningioma,1,meningioma,0.0056250906,0.9772127271,0.0071916827,0.0099706063,0.07854372,0.92145626,0.00031407,0.00000677,1399
3324,"/kaggle/input/datasets/arafatrahmann/my-data221/Epic and CSCR hospital Dataset/Train/meningioma/M_842.jpg",1,meningioma,1,meningioma,0.0053136875,0.9796420336,0.0079338225,0.0071105072,0.08494534,0.91505466,0.00025680,0.00000799,1401
3325,"/kaggle/input/datasets/arafatrahmann/my-data221/Epic and CSCR hospital Dataset/Train/meningioma/M_842_BR_.jpg",1,meningioma,1,meningioma,0.0049685095,0.9804307222,0.0075499266,0.0070509305,0.11381179,0.88618822,0.00022600,0.00001042,1401
3326,"/kaggle/input/datasets/arafatrahmann/my-data221/Epic and CSCR hospital Dataset/Train/meningioma/M_842_DA_.jpg",1,meningioma,1,meningioma,0.0054635503,0.9798262715,0.0076836781,0.0070265592,0.08691180,0.91308820,0.00023227,0.00000770,1401
3327,"/kaggle/input/datasets/arafatrahmann/my-data221/Epic and CSCR hospital Dataset/Train/meningioma/M_842_HF_.jpg",1,meningioma,1,meningioma,0.0053061834,0.9798132777,0.0078240614,0.0070564100,0.10006706,0.89993296,0.00026566,0.00000798,1401
3328,"/kaggle/input/datasets/arafatrahmann/my-data221/Epic and CSCR hospital Dataset/Train/meningioma/M_842_RO_.jpg",1,meningioma,1,meningioma,0.0055422625,0.9794813991,0.0078843888,0.0070919394,0.08238558,0.91761441,0.00028281,0.00000846,1401
3329,"/kaggle/input/datasets/arafatrahmann/my-data221/Epic and CSCR hospital Dataset/Train/meningioma/M_842_SP_.jpg",1,meningioma,1,meningioma,0.0057280455,0.9796437025,0.0078621786,0.0067661018,0.08768510,0.91231489,0.00027323,0.00000997,1401
3330,"/kaggle/input/datasets/arafatrahmann/my-data221/Epic and CSCR hospital Dataset/Train/meningioma/M_842_VF_.jpg",1,meningioma,1,meningioma,0.0052687698,0.9799014926,0.0080025764,0.0068272157,0.08738904,0.91261097,0.00019750,0.00000846,1401
3415,"/kaggle/input/datasets/arafatrahmann/my-data221/Epic and CSCR hospital Dataset/Train/meningioma/M_855.jpg",1,meningioma,1,meningioma,0.0049727797,0.9797180295,0.0077513764,0.0075578401,0.08054091,0.91945909,0.00029518,0.00000774,1408
3416,"/kaggle/input/datasets/arafatrahmann/my-data221/Epic and CSCR hospital Dataset/Train/meningioma/M_855_BR_.jpg",1,meningioma,1,meningioma,0.0048645185,0.9798820615,0.0072615729,0.0079918373,0.11159877,0.88840123,0.00015669,0.00000797,1408
3417,"/kaggle/input/datasets/arafatrahmann/my-data221/Epic and CSCR hospital Dataset/Train/meningioma/M_855_DA_.jpg",1,meningioma,1,meningioma,0.0051117791,0.9785462618,0.0074498467,0.0088921320,0.09068350,0.90931650,0.00015730,0.00000709,1408
3418,"/kaggle/input/datasets/arafatrahmann/my-data221/Epic and CSCR hospital Dataset/Train/meningioma/M_855_HF_.jpg",1,meningioma,1,meningioma,0.0047459435,0.9801158905,0.0075639011,0.0075741760,0.10864473,0.89135529,0.00018530,0.00000926,1408
3419,"/kaggle/input/datasets/arafatrahmann/my-data221/Epic and CSCR hospital Dataset/Train/meningioma/M_855_RO_.jpg",1,meningioma,1,meningioma,0.0054896204,0.9763206244,0.0073636919,0.0108260438,0.09075096,0.90924905,0.00034830,0.00000937,1408
3420,"/kaggle/input/datasets/arafatrahmann/my-data221/Epic and CSCR hospital Dataset/Train/meningioma/M_855_SP_.jpg",1,meningioma,1,meningioma,0.0076186126,0.9760851860,0.0074008098,0.0088954419,0.10774068,0.89225934,0.00015184,0.00000753,1408
3421,"/kaggle/input/datasets/arafatrahmann/my-data221/Epic and CSCR hospital Dataset/Train/meningioma/M_855_VF_.jpg",1,meningioma,1,meningioma,0.0053041815,0.9752027392,0.0071146614,0.0123784095,0.08573020,0.91426980,0.00049934,0.00000676,1408
3548,"/kaggle/input/datasets/arafatrahmann/my-data221/Epic and CSCR hospital Dataset/Train/meningioma/M_874.jpg",1,meningioma,1,meningioma,0.0049363407,0.9802507162,0.0078428052,0.0069701960,0.08254395,0.91745606,0.00029284,0.00000823,1304
3549,"/kaggle/input/datasets/arafatrahmann/my-data221/Epic and CSCR hospital Dataset/Train/meningioma/M_874_BR_.jpg",1,meningioma,1,meningioma,0.0046221120,0.9804614782,0.0075587714,0.0073576681,0.09239891,0.90760110,0.00016080,0.00000822,1304
3550,"/kaggle/input/datasets/arafatrahmann/my-data221/Epic and CSCR hospital Dataset/Train/meningioma/M_874_DA_.jpg",1,meningioma,1,meningioma,0.0054009813,0.9796454310,0.0078035817,0.0071499483,0.07717980,0.92282020,0.00032045,0.00000819,1304
3551,"/kaggle/input/datasets/arafatrahmann/my-data221/Epic and CSCR hospital Dataset/Train/meningioma/M_874_HF_.jpg",1,meningioma,1,meningioma,0.0049195038,0.9803487062,0.0076793744,0.0070525245,0.09320979,0.90679020,0.00025404,0.00000874,1304
3552,"/kaggle/input/datasets/arafatrahmann/my-data221/Epic and CSCR hospital Dataset/Train/meningioma/M_874_RO_.jpg",1,meningioma,1,meningioma,0.0054088556,0.9792098999,0.0077354172,0.0076457625,0.07843692,0.92156308,0.00043018,0.00000795,1304
3553,"/kaggle/input/datasets/arafatrahmann/my-data221/Epic and CSCR hospital Dataset/Train/meningioma/M_874_SP_.jpg",1,meningioma,1,meningioma,0.0055704745,0.9797790647,0.0072797015,0.0073709032,0.10894644,0.89105356,0.00018799,0.00000954,1304
3554,"/kaggle/input/datasets/arafatrahmann/my-data221/Epic and CSCR hospital Dataset/Train/meningioma/M_874_VF_.jpg",1,meningioma,1,meningioma,0.0048926226,0.9803259969,0.0077409022,0.0070405318,0.09050623,0.90949378,0.00029083,0.00000831,1304
3555,"/kaggle/input/datasets/arafatrahmann/my-data221/Epic and CSCR hospital Dataset/Train/meningioma/M_875.jpg",1,meningioma,1,meningioma,0.0051320768,0.9799835086,0.0076695113,0.0072148689,0.08693385,0.91306615,0.00026943,0.00000798,1304
3556,"/kaggle/input/datasets/arafatrahmann/my-data221/Epic and CSCR hospital Dataset/Train/meningioma/M_875_BR_.jpg",1,meningioma,1,meningioma,0.0046260776,0.9805769920,0.0074845119,0.0073124096,0.10665216,0.89334783,0.00016646,0.00000757,1304
3557,"/kaggle/input/datasets/arafatrahmann/my-data221/Epic and CSCR hospital Dataset/Train/meningioma/M_875_DA_.jpg",1,meningioma,1,meningioma,0.0052720373,0.9799524546,0.0076499199,0.0071256673,0.10595773,0.89404227,0.00021399,0.00000877,1304
3558,"/kaggle/input/datasets/arafatrahmann/my-data221/Epic and CSCR hospital Dataset/Train/meningioma/M_875_HF_.jpg",1,meningioma,1,meningioma,0.0051147584,0.9798985720,0.0076637962,0.0073228739,0.08067536,0.91932466,0.00039443,0.00000903,1304
3559,"/kaggle/input/datasets/arafatrahmann/my-data221/Epic and CSCR hospital Dataset/Train/meningioma/M_875_RO_.jpg",1,meningioma,1,meningioma,0.0052861264,0.9795616865,0.0075695901,0.0075826175,0.09011439,0.90988560,0.00027499,0.00000863,1304
3560,"/kaggle/input/datasets/arafatrahmann/my-data221/Epic and CSCR hospital Dataset/Train/meningioma/M_875_SP_.jpg",1,meningioma,1,meningioma,0.0054944269,0.9798148274,0.0071883202,0.0075024650,0.13527734,0.86472264,0.00016357,0.00000962,1304
3561,"/kaggle/input/datasets/arafatrahmann/my-data221/Epic and CSCR hospital Dataset/Train/meningioma/M_875_VF_.jpg",1,meningioma,1,meningioma,0.0051033436,0.9796842337,0.0075705871,0.0076416908,0.07715729,0.92284274,0.00052078,0.00000749,1304
3562,"/kaggle/input/datasets/arafatrahmann/my-data221/Epic and CSCR hospital Dataset/Train/meningioma/M_876.jpg",1,meningioma,1,meningioma,0.0050347922,0.9801970720,0.0077559762,0.0070123137,0.08579471,0.91420530,0.00033951,0.00000800,1304
3563,"/kaggle/input/datasets/arafatrahmann/my-data221/Epic and CSCR hospital Dataset/Train/meningioma/M_876_BR_.jpg",1,meningioma,1,meningioma,0.0045383056,0.9806928635,0.0076834774,0.0070853857,0.09242919,0.90757080,0.00019944,0.00000900,1304
3564,"/kaggle/input/datasets/arafatrahmann/my-data221/Epic and CSCR hospital Dataset/Train/meningioma/M_876_DA_.jpg",1,meningioma,1,meningioma,0.0052770488,0.9800368547,0.0077049052,0.0069811875,0.09851583,0.90148416,0.00017379,0.00000769,1304
3565,"/kaggle/input/datasets/arafatrahmann/my-data221/Epic and CSCR hospital Dataset/Train/meningioma/M_876_HF_.jpg",1,meningioma,1,meningioma,0.0051003485,0.9800707102,0.0077551692,0.0070737144,0.08064918,0.91935083,0.00044373,0.00000847,1304
3566,"/kaggle/input/datasets/arafatrahmann/my-data221/Epic and CSCR hospital Dataset/Train/meningioma/M_876_RO_.jpg",1,meningioma,1,meningioma,0.0051361904,0.9799633026,0.0077494807,0.0071510402,0.08889186,0.91110812,0.00039433,0.00000892,1304
3567,"/kaggle/input/datasets/arafatrahmann/my-data221/Epic and CSCR hospital Dataset/Train/meningioma/M_876_SP_.jpg",1,meningioma,1,meningioma,0.0055763489,0.9795607328,0.0073528043,0.0075101205,0.09508479,0.90491521,0.00018445,0.00000720,1304
3568,"/kaggle/input/datasets/arafatrahmann/my-data221/Epic and CSCR hospital Dataset/Train/meningioma/M_876_VF_.jpg",1,meningioma,1,meningioma,0.0050939876,0.9799286127,0.0076634958,0.0073139267,0.08093460,0.91906542,0.00034267,0.00000579,1304
3569,"/kaggle/input/datasets/arafatrahmann/my-data221/Epic and CSCR hospital Dataset/Train/meningioma/M_877.jpg",1,meningioma,1,meningioma,0.0066141114,0.9785396457,0.0080307284,0.0068155690,0.09869890,0.90130110,0.00029860,0.00001030,1419
3570,"/kaggle/input/datasets/arafatrahmann/my-data221/Epic and CSCR hospital Dataset/Train/meningioma/M_877_BR_.jpg",1,meningioma,1,meningioma,0.0072820894,0.9779117703,0.0075592091,0.0072469907,0.11053054,0.88946946,0.00018148,0.00000915,1419
3571,"/kaggle/input/datasets/arafatrahmann/my-data221/Epic and CSCR hospital Dataset/Train/meningioma/M_877_DA_.jpg",1,meningioma,1,meningioma,0.0170324389,0.9687336087,0.0076197921,0.0066141500,0.10656921,0.89343080,0.00023337,0.00001441,1419
3572,"/kaggle/input/datasets/arafatrahmann/my-data221/Epic and CSCR hospital Dataset/Train/meningioma/M_877_HF_.jpg",1,meningioma,1,meningioma,0.0069696531,0.9783161879,0.0079992888,0.0067149126,0.10756722,0.89243280,0.00022383,0.00001125,1419
3573,"/kaggle/input/datasets/arafatrahmann/my-data221/Epic and CSCR hospital Dataset/Train/meningioma/M_877_RO_.jpg",1,meningioma,1,meningioma,0.3963340223,0.5911675096,0.0064758686,0.0060226014,0.13198298,0.86801704,0.00207580,0.00012440,1419
3574,"/kaggle/input/datasets/arafatrahmann/my-data221/Epic and CSCR hospital Dataset/Train/meningioma/M_877_SP_.jpg",1,meningioma,0,glioma,0.7838444114,0.2038579434,0.0062843142,0.0060133510,0.08192676,0.91807324,0.00064839,0.00002471,1419
3575,"/kaggle/input/datasets/arafatrahmann/my-data221/Epic and CSCR hospital Dataset/Train/meningioma/M_877_VF_.jpg",1,meningioma,1,meningioma,0.0924271122,0.8941750526,0.0069439998,0.0064538815,0.08800612,0.91199389,0.00180248,0.00013234,1419
3625,"/kaggle/input/datasets/arafatrahmann/my-data221/Epic and CSCR hospital Dataset/Train/meningioma/M_885.jpg",1,meningioma,1,meningioma,0.0048008831,0.9805283546,0.0078710290,0.0067997249,0.10744042,0.89255956,0.00023060,0.00000954,1423
3626,"/kaggle/input/datasets/arafatrahmann/my-data221/Epic and CSCR hospital Dataset/Train/meningioma/M_885_BR_.jpg",1,meningioma,1,meningioma,0.0047093243,0.9810174108,0.0073211817,0.0069521093,0.14556457,0.85443543,0.00010265,0.00000942,1423
3627,"/kaggle/input/datasets/arafatrahmann/my-data221/Epic and CSCR hospital Dataset/Train/meningioma/M_885_DA_.jpg",1,meningioma,1,meningioma,0.0050953422,0.9800581932,0.0077385381,0.0071079554,0.09618631,0.90381370,0.00013939,0.00000839,1423
3628,"/kaggle/input/datasets/arafatrahmann/my-data221/Epic and CSCR hospital Dataset/Train/meningioma/M_885_HF_.jpg",1,meningioma,1,meningioma,0.0047579422,0.9805392027,0.0078436788,0.0068591214,0.11440678,0.88559322,0.00031375,0.00000797,1423
3629,"/kaggle/input/datasets/arafatrahmann/my-data221/Epic and CSCR hospital Dataset/Train/meningioma/M_885_RO_.jpg",1,meningioma,1,meningioma,0.0048790430,0.9800032377,0.0079328967,0.0071848696,0.08090785,0.91909215,0.00029337,0.00000774,1423
3630,"/kaggle/input/datasets/arafatrahmann/my-data221/Epic and CSCR hospital Dataset/Train/meningioma/M_885_SP_.jpg",1,meningioma,1,meningioma,0.0053614741,0.9800602794,0.0075463718,0.0070318701,0.09038122,0.90961875,0.00023666,0.00000754,1423
3631,"/kaggle/input/datasets/arafatrahmann/my-data221/Epic and CSCR hospital Dataset/Train/meningioma/M_885_VF_.jpg",1,meningioma,1,meningioma,0.0048480211,0.9803460240,0.0079712421,0.0068347966,0.08388842,0.91611158,0.00026339,0.00000932,1423
3639,"/kaggle/input/datasets/arafatrahmann/my-data221/Epic and CSCR hospital Dataset/Train/meningioma/M_887.jpg",1,meningioma,1,meningioma,0.0060039097,0.9791226387,0.0078688096,0.0070046508,0.08903265,0.91096736,0.00019891,0.00000840,1424
3640,"/kaggle/input/datasets/arafatrahmann/my-data221/Epic and CSCR hospital Dataset/Train/meningioma/M_887_BR_.jpg",1,meningioma,1,meningioma,0.0056112288,0.9799691439,0.0076591233,0.0067604505,0.11556951,0.88443048,0.00009367,0.00000729,1424
3641,"/kaggle/input/datasets/arafatrahmann/my-data221/Epic and CSCR hospital Dataset/Train/meningioma/M_887_DA_.jpg",1,meningioma,1,meningioma,0.0058112326,0.9795792699,0.0077842958,0.0068252003,0.09287703,0.90712298,0.00015669,0.00000680,1424
3642,"/kaggle/input/datasets/arafatrahmann/my-data221/Epic and CSCR hospital Dataset/Train/meningioma/M_887_HF_.jpg",1,meningioma,1,meningioma,0.0056122206,0.9798539877,0.0077679767,0.0067657977,0.11591331,0.88408669,0.00016309,0.00000887,1424
3643,"/kaggle/input/datasets/arafatrahmann/my-data221/Epic and CSCR hospital Dataset/Train/meningioma/M_887_RO_.jpg",1,meningioma,1,meningioma,0.0057075704,0.9796663523,0.0077503561,0.0068758475,0.10712335,0.89287663,0.00019221,0.00000946,1424
3644,"/kaggle/input/datasets/arafatrahmann/my-data221/Epic and CSCR hospital Dataset/Train/meningioma/M_887_SP_.jpg",1,meningioma,1,meningioma,0.0058214469,0.9797477722,0.0078528123,0.0065779290,0.10451423,0.89548577,0.00019627,0.00000860,1424
3645,"/kaggle/input/datasets/arafatrahmann/my-data221/Epic and CSCR hospital Dataset/Train/meningioma/M_887_VF_.jpg",1,meningioma,1,meningioma,0.0059601879,0.9795523882,0.0077278903,0.0067595891,0.11635053,0.88364948,0.00014718,0.00000924,1424
3655,"/kaggle/input/datasets/arafatrahmann/my-data221/Epic and CSCR hospital Dataset/Train/meningioma/Te-me_0070.jpg",1,meningioma,1,meningioma,0.0059902696,0.9797567129,0.0072640418,0.0069889994,0.12351407,0.87648594,0.00008696,0.00000792,1346
3656,"/kaggle/input/datasets/arafatrahmann/my-data221/Epic and CSCR hospital Dataset/Train/meningioma/Te-me_0071.jpg",1,meningioma,1,meningioma,0.0076983101,0.9768552780,0.0076074912,0.0078388629,0.10220700,0.89779301,0.00019665,0.00000906,1299
3658,"/kaggle/input/datasets/arafatrahmann/my-data221/Epic and CSCR hospital Dataset/Train/meningioma/Te-me_0073.jpg",1,meningioma,1,meningioma,0.0076218182,0.9770447016,0.0075344308,0.0077991136,0.11063367,0.88936634,0.00017662,0.00001121,1299
3663,"/kaggle/input/datasets/arafatrahmann/my-data221/Epic and CSCR hospital Dataset/Train/meningioma/Te-me_0078.jpg",1,meningioma,1,meningioma,0.0059870342,0.9797189832,0.0074979090,0.0067961020,0.10853694,0.89146305,0.00014097,0.00000751,1433
3674,"/kaggle/input/datasets/arafatrahmann/my-data221/Epic and CSCR hospital Dataset/Train/meningioma/Te-me_0089.jpg",1,meningioma,1,meningioma,0.0057881977,0.9798004031,0.0075530126,0.0068584159,0.11344151,0.88655849,0.00008165,0.00000750,1294
3678,"/kaggle/input/datasets/arafatrahmann/my-data221/Epic and CSCR hospital Dataset/Train/meningioma/Te-me_0093.jpg",1,meningioma,2,notumor,0.0057247630,0.1232504994,0.8645685911,0.0064560934,0.10404064,0.89595937,0.00090114,0.00014614,1349
3684,"/kaggle/input/datasets/arafatrahmann/my-data221/Epic and CSCR hospital Dataset/Train/meningioma/Te-me_0099.jpg",1,meningioma,1,meningioma,0.0057283994,0.9789837599,0.0094504841,0.0058374037,0.13891905,0.86108096,0.00007949,0.00001039,1439
3696,"/kaggle/input/datasets/arafatrahmann/my-data221/Epic and CSCR hospital Dataset/Train/meningioma/Te-me_0122.jpg",1,meningioma,1,meningioma,0.0138202906,0.9718414545,0.0076983264,0.0066399672,0.09691531,0.90308470,0.00027048,0.00001442,1450
3699,"/kaggle/input/datasets/arafatrahmann/my-data221/Epic and CSCR hospital Dataset/Train/meningioma/Te-me_0125.jpg",1,meningioma,1,meningioma,0.0059577534,0.9791555405,0.0079418812,0.0069447504,0.08563648,0.91436352,0.00027309,0.00000895,1452
3701,"/kaggle/input/datasets/arafatrahmann/my-data221/Epic and CSCR hospital Dataset/Train/meningioma/Te-me_0127.jpg",1,meningioma,1,meningioma,0.0055473922,0.9796315432,0.0078988336,0.0069222627,0.08514507,0.91485493,0.00031962,0.00001183,21
3710,"/kaggle/input/datasets/arafatrahmann/my-data221/Epic and CSCR hospital Dataset/Train/meningioma/Te-me_0136.jpg",1,meningioma,1,meningioma,0.0055922563,0.9785826802,0.0076845540,0.0081405137,0.09211359,0.90788640,0.00018387,0.00000962,1458
3711,"/kaggle/input/datasets/arafatrahmann/my-data221/Epic and CSCR hospital Dataset/Train/meningioma/Te-me_0137.jpg",1,meningioma,1,meningioma,0.0072002695,0.9782125354,0.0077819093,0.0068053016,0.10629154,0.89370847,0.00015963,0.00001015,1459
3719,"/kaggle/input/datasets/arafatrahmann/my-data221/Epic and CSCR hospital Dataset/Train/meningioma/Te-me_0145.jpg",1,meningioma,1,meningioma,0.0051148599,0.9797613025,0.0080845729,0.0070391893,0.08689377,0.91310622,0.00026315,0.00000866,1466
3721,"/kaggle/input/datasets/arafatrahmann/my-data221/Epic and CSCR hospital Dataset/Train/meningioma/Te-me_0147.jpg",1,meningioma,1,meningioma,0.0055156662,0.9795104265,0.0079284692,0.0070454516,0.08363644,0.91636356,0.00032606,0.00000996,1303
3734,"/kaggle/input/datasets/arafatrahmann/my-data221/Epic and CSCR hospital Dataset/Train/meningioma/Te-me_0160.jpg",1,meningioma,1,meningioma,0.0053108269,0.9798353314,0.0078852065,0.0069686929,0.08729327,0.91270674,0.00024848,0.00000728,1474
3750,"/kaggle/input/datasets/arafatrahmann/my-data221/Epic and CSCR hospital Dataset/Train/meningioma/Te-me_0176.jpg",1,meningioma,1,meningioma,0.0058601182,0.9789577723,0.0080371173,0.0071450262,0.08794200,0.91205802,0.00023257,0.00000966,1484
3754,"/kaggle/input/datasets/arafatrahmann/my-data221/Epic and CSCR hospital Dataset/Train/meningioma/Te-me_0180.jpg",1,meningioma,1,meningioma,0.0054702936,0.9798711538,0.0078257406,0.0068327812,0.09880778,0.90119222,0.00019644,0.00000936,1485
3758,"/kaggle/input/datasets/arafatrahmann/my-data221/Epic and CSCR hospital Dataset/Train/meningioma/Te-me_0184.jpg",1,meningioma,1,meningioma,0.0053053992,0.9799126387,0.0078857867,0.0068961186,0.08910553,0.91089449,0.00018928,0.00000809,1489
3765,"/kaggle/input/datasets/arafatrahmann/my-data221/Epic and CSCR hospital Dataset/Train/meningioma/Te-me_0191.jpg",1,meningioma,1,meningioma,0.0050577344,0.9800269008,0.0078583285,0.0070570321,0.08880105,0.91119896,0.00028027,0.00000708,1496
3773,"/kaggle/input/datasets/arafatrahmann/my-data221/Epic and CSCR hospital Dataset/Train/meningioma/Te-me_0199.jpg",1,meningioma,1,meningioma,0.0052725445,0.9796739817,0.0079679582,0.0070855813,0.07880570,0.92119431,0.00030891,0.00000733,1500
3777,"/kaggle/input/datasets/arafatrahmann/my-data221/Epic and CSCR hospital Dataset/Train/meningioma/Te-me_0203.jpg",1,meningioma,1,meningioma,0.0050966549,0.9799447060,0.0077847666,0.0071739880,0.07988104,0.92011895,0.00031169,0.00000827,1361
3784,"/kaggle/input/datasets/arafatrahmann/my-data221/Epic and CSCR hospital Dataset/Train/meningioma/Te-me_0210.jpg",1,meningioma,1,meningioma,0.0052619521,0.9795835614,0.0078663137,0.0072882487,0.09803684,0.90196315,0.00018880,0.00001039,1360
3791,"/kaggle/input/datasets/arafatrahmann/my-data221/Epic and CSCR hospital Dataset/Train/meningioma/Te-me_0217.jpg",1,meningioma,1,meningioma,0.0059139850,0.9792801738,0.0079156002,0.0068902904,0.08591298,0.91408703,0.00019998,0.00000752,1510
3794,"/kaggle/input/datasets/arafatrahmann/my-data221/Epic and CSCR hospital Dataset/Train/meningioma/Te-me_0220.jpg",1,meningioma,1,meningioma,0.0053393077,0.9798806310,0.0080222478,0.0067578866,0.08010145,0.91989856,0.00037925,0.00000763,1511
3801,"/kaggle/input/datasets/arafatrahmann/my-data221/Epic and CSCR hospital Dataset/Train/meningioma/Te-me_0227.jpg",1,meningioma,1,meningioma,0.0048484327,0.9804162979,0.0079768933,0.0067583299,0.08948450,0.91051550,0.00021852,0.00001023,1321
3803,"/kaggle/input/datasets/arafatrahmann/my-data221/Epic and CSCR hospital Dataset/Train/meningioma/Te-me_0229.jpg",1,meningioma,1,meningioma,0.0060264673,0.9787549973,0.0079462584,0.0072722146,0.08655292,0.91344709,0.00025209,0.00000801,1376
3805,"/kaggle/input/datasets/arafatrahmann/my-data221/Epic and CSCR hospital Dataset/Train/meningioma/Te-me_0231.jpg",1,meningioma,1,meningioma,0.0052051246,0.9795683622,0.0075737373,0.0076528578,0.08760631,0.91239368,0.00020094,0.00000875,1518
3807,"/kaggle/input/datasets/arafatrahmann/my-data221/Epic and CSCR hospital Dataset/Train/meningioma/Te-me_0233.jpg",1,meningioma,1,meningioma,0.0051282234,0.9799047709,0.0077190399,0.0072480338,0.08588969,0.91411031,0.00047170,0.00001014,1520
3809,"/kaggle/input/datasets/arafatrahmann/my-data221/Epic and CSCR hospital Dataset/Train/meningioma/Te-me_0235.jpg",1,meningioma,1,meningioma,0.0052578999,0.9799429774,0.0077691302,0.0070300996,0.10615591,0.89384409,0.00020506,0.00001132,1522
3819,"/kaggle/input/datasets/arafatrahmann/my-data221/Epic and CSCR hospital Dataset/Train/meningioma/Te-me_0245.jpg",1,meningioma,1,meningioma,0.0051742662,0.9799957275,0.0079165772,0.0069133332,0.08129336,0.91870664,0.00035080,0.00000868,1300
3824,"/kaggle/input/datasets/arafatrahmann/my-data221/Epic and CSCR hospital Dataset/Train/meningioma/Te-me_0250.jpg",1,meningioma,1,meningioma,0.0052856286,0.9796942472,0.0078388853,0.0071812323,0.09174139,0.90825862,0.00018919,0.00000597,1329
3825,"/kaggle/input/datasets/arafatrahmann/my-data221/Epic and CSCR hospital Dataset/Train/meningioma/Te-me_0251.jpg",1,meningioma,1,meningioma,0.0044553988,0.9800473452,0.0077299727,0.0077672652,0.07800974,0.92199024,0.00043019,0.00000744,1530
3831,"/kaggle/input/datasets/arafatrahmann/my-data221/Epic and CSCR hospital Dataset/Train/meningioma/Te-me_0257.jpg",1,meningioma,1,meningioma,0.0053654350,0.9798102379,0.0081427954,0.0066815042,0.08481553,0.91518447,0.00026650,0.00000852,1533
3834,"/kaggle/input/datasets/arafatrahmann/my-data221/Epic and CSCR hospital Dataset/Train/meningioma/Te-me_0260.jpg",1,meningioma,1,meningioma,0.0052257162,0.9791439772,0.0074743070,0.0081559112,0.07906463,0.92093537,0.00047407,0.00000713,1536
3849,"/kaggle/input/datasets/arafatrahmann/my-data221/Epic and CSCR hospital Dataset/Train/meningioma/Te-me_0286.jpg",1,meningioma,1,meningioma,0.0045504551,0.9804844856,0.0078090020,0.0071560852,0.08831005,0.91168994,0.00034054,0.00001003,1546
3850,"/kaggle/input/datasets/arafatrahmann/my-data221/Epic and CSCR hospital Dataset/Train/meningioma/Te-me_0287.jpg",1,meningioma,1,meningioma,0.0053225877,0.9794499278,0.0077517657,0.0074756825,0.08775625,0.91224375,0.00024945,0.00000794,1340
3855,"/kaggle/input/datasets/arafatrahmann/my-data221/Epic and CSCR hospital Dataset/Train/meningioma/Te-me_0292.jpg",1,meningioma,1,meningioma,0.0054685688,0.9790436029,0.0077750185,0.0077129630,0.08293737,0.91706263,0.00035660,0.00000956,1340
3864,"/kaggle/input/datasets/arafatrahmann/my-data221/Epic and CSCR hospital Dataset/Train/meningioma/Te-me_0301.jpg",1,meningioma,1,meningioma,0.0057451907,0.9794694185,0.0078874212,0.0068979464,0.09434339,0.90565659,0.00021047,0.00000904,1424
3871,"/kaggle/input/datasets/arafatrahmann/my-data221/Epic and CSCR hospital Dataset/Train/meningioma/Tr-me_0033.jpg",1,meningioma,1,meningioma,0.0060103768,0.9790466428,0.0080330735,0.0069099581,0.08987118,0.91012881,0.00020805,0.00000812,1557
3873,"/kaggle/input/datasets/arafatrahmann/my-data221/Epic and CSCR hospital Dataset/Train/meningioma/Tr-me_0035.jpg",1,meningioma,1,meningioma,0.0068216012,0.9783457518,0.0078973621,0.0069352640,0.09503911,0.90496089,0.00019727,0.00000857,1557
3875,"/kaggle/input/datasets/arafatrahmann/my-data221/Epic and CSCR hospital Dataset/Train/meningioma/Tr-me_0037.jpg",1,meningioma,1,meningioma,0.0057880650,0.9793325663,0.0079066232,0.0069727944,0.08665439,0.91334559,0.00026754,0.00000664,1452
3881,"/kaggle/input/datasets/arafatrahmann/my-data221/Epic and CSCR hospital Dataset/Train/meningioma/Tr-me_0073.jpg",1,meningioma,1,meningioma,0.0057324385,0.9790433049,0.0080917273,0.0071325293,0.08442573,0.91557425,0.00040011,0.00001245,1563
3885,"/kaggle/input/datasets/arafatrahmann/my-data221/Epic and CSCR hospital Dataset/Train/meningioma/Tr-me_0077.jpg",1,meningioma,1,meningioma,0.0047871736,0.9752966166,0.0071553760,0.0127608106,0.07454226,0.92545776,0.00065161,0.00000782,1567
3892,"/kaggle/input/datasets/arafatrahmann/my-data221/Epic and CSCR hospital Dataset/Train/meningioma/Tr-me_0084.jpg",1,meningioma,1,meningioma,0.0056576119,0.9785703421,0.0076339068,0.0081381779,0.09648700,0.90351301,0.00019640,0.00000981,1573
3900,"/kaggle/input/datasets/arafatrahmann/my-data221/Epic and CSCR hospital Dataset/Train/meningioma/Tr-me_0092.jpg",1,meningioma,1,meningioma,0.0053130169,0.9799505472,0.0079753818,0.0067610904,0.09009062,0.90990937,0.00015972,0.00000691,1579
3901,"/kaggle/input/datasets/arafatrahmann/my-data221/Epic and CSCR hospital Dataset/Train/meningioma/Tr-me_0093.jpg",1,meningioma,1,meningioma,0.0055086450,0.9797052145,0.0080181649,0.0067680785,0.09147386,0.90852612,0.00022527,0.00000980,1580
3902,"/kaggle/input/datasets/arafatrahmann/my-data221/Epic and CSCR hospital Dataset/Train/meningioma/Tr-me_0094.jpg",1,meningioma,1,meningioma,0.0057104663,0.9784125090,0.0075263865,0.0083505390,0.11205199,0.88794801,0.00022150,0.00001037,1581
3913,"/kaggle/input/datasets/arafatrahmann/my-data221/Epic and CSCR hospital Dataset/Train/meningioma/Tr-me_0105.jpg",1,meningioma,1,meningioma,0.0054700440,0.9785846472,0.0077710822,0.0081741484,0.08093280,0.91906720,0.00042496,0.00000886,1591
3915,"/kaggle/input/datasets/arafatrahmann/my-data221/Epic and CSCR hospital Dataset/Train/meningioma/Tr-me_0107.jpg",1,meningioma,1,meningioma,0.0053269980,0.9799598455,0.0077976598,0.0069155069,0.10002518,0.89997483,0.00022945,0.00000863,1593
3916,"/kaggle/input/datasets/arafatrahmann/my-data221/Epic and CSCR hospital Dataset/Train/meningioma/Tr-me_0108.jpg",1,meningioma,1,meningioma,0.0054160720,0.9798282385,0.0078674899,0.0068881484,0.08623605,0.91376396,0.00024114,0.00000832,71
3919,"/kaggle/input/datasets/arafatrahmann/my-data221/Epic and CSCR hospital Dataset/Train/meningioma/Tr-me_0111.jpg",1,meningioma,1,meningioma,0.0052753482,0.9796365499,0.0079266028,0.0071615363,0.07521918,0.92478082,0.00039662,0.00000740,1596
3931,"/kaggle/input/datasets/arafatrahmann/my-data221/Epic and CSCR hospital Dataset/Train/meningioma/Tr-me_0125.jpg",1,meningioma,1,meningioma,0.0052002533,0.9791604280,0.0073371506,0.0083022024,0.07814168,0.92185832,0.00055128,0.00000773,1606
3939,"/kaggle/input/datasets/arafatrahmann/my-data221/Epic and CSCR hospital Dataset/Train/meningioma/Tr-me_0133.jpg",1,meningioma,1,meningioma,0.0052800654,0.9797736406,0.0078790467,0.0070672007,0.07871572,0.92128429,0.00036907,0.00000898,1610
3946,"/kaggle/input/datasets/arafatrahmann/my-data221/Epic and CSCR hospital Dataset/Train/meningioma/Tr-me_0140.jpg",1,meningioma,1,meningioma,0.0055792290,0.9787552953,0.0076945634,0.0079708863,0.09638173,0.90361826,0.00031103,0.00000879,1612
3950,"/kaggle/input/datasets/arafatrahmann/my-data221/Epic and CSCR hospital Dataset/Train/meningioma/Tr-me_0144.jpg",1,meningioma,1,meningioma,0.0053721466,0.9797194600,0.0077282973,0.0071801096,0.10526435,0.89473565,0.00014704,0.00000911,1255
3956,"/kaggle/input/datasets/arafatrahmann/my-data221/Epic and CSCR hospital Dataset/Train/meningioma/Tr-me_0150.jpg",1,meningioma,1,meningioma,0.0049224845,0.9803336859,0.0077983462,0.0069454373,0.11970855,0.88029146,0.00021844,0.00001014,1620
3963,"/kaggle/input/datasets/arafatrahmann/my-data221/Epic and CSCR hospital Dataset/Train/meningioma/Tr-me_0157.jpg",1,meningioma,1,meningioma,0.0051512108,0.9799455404,0.0079376260,0.0069656195,0.08295057,0.91704944,0.00027526,0.00000857,1627
3966,"/kaggle/input/datasets/arafatrahmann/my-data221/Epic and CSCR hospital Dataset/Train/meningioma/Tr-me_0160.jpg",1,meningioma,1,meningioma,0.0054828180,0.9785000682,0.0076743709,0.0083426442,0.08607590,0.91392410,0.00024505,0.00000723,1630
3970,"/kaggle/input/datasets/arafatrahmann/my-data221/Epic and CSCR hospital Dataset/Train/meningioma/Tr-me_0164.jpg",1,meningioma,1,meningioma,0.0060557853,0.9788404703,0.0077820467,0.0073217610,0.10460733,0.89539266,0.00024749,0.00000987,1632
3977,"/kaggle/input/datasets/arafatrahmann/my-data221/Epic and CSCR hospital Dataset/Train/meningioma/Tr-me_0171.jpg",1,meningioma,2,notumor,0.0046728421,0.3862093091,0.5846782923,0.0244395770,0.07659004,0.92340999,0.00159653,0.00003087,1638
3982,"/kaggle/input/datasets/arafatrahmann/my-data221/Epic and CSCR hospital Dataset/Train/meningioma/Tr-me_0176.jpg",1,meningioma,1,meningioma,0.0044962913,0.9801061749,0.0093983198,0.0059992075,0.08625174,0.91374826,0.00020864,0.00000700,1284
3988,"/kaggle/input/datasets/arafatrahmann/my-data221/Epic and CSCR hospital Dataset/Train/meningioma/Tr-me_0182.jpg",1,meningioma,1,meningioma,0.0060940832,0.9797253609,0.0073083201,0.0068723643,0.13859591,0.86140411,0.00014883,0.00000849,1645
3989,"/kaggle/input/datasets/arafatrahmann/my-data221/Epic and CSCR hospital Dataset/Train/meningioma/Tr-me_0183.jpg",1,meningioma,1,meningioma,0.0059742602,0.9790723920,0.0073818169,0.0075715496,0.09584757,0.90415242,0.00013973,0.00000783,1646
3997,"/kaggle/input/datasets/arafatrahmann/my-data221/Epic and CSCR hospital Dataset/Train/meningioma/Tr-me_0191.jpg",1,meningioma,1,meningioma,0.0059966045,0.9796746373,0.0072413906,0.0070873536,0.15190900,0.84809098,0.00011187,0.00000920,1346
4005,"/kaggle/input/datasets/arafatrahmann/my-data221/Epic and CSCR hospital Dataset/Train/meningioma/Tr-me_0199.jpg",1,meningioma,1,meningioma,0.0053637624,0.9738805890,0.0073098904,0.0134457024,0.07376243,0.92623758,0.00053604,0.00000710,1221
4006,"/kaggle/input/datasets/arafatrahmann/my-data221/Epic and CSCR hospital Dataset/Train/meningioma/Tr-me_0200.jpg",1,meningioma,1,meningioma,0.0055339066,0.9798520803,0.0074289790,0.0071850931,0.10581575,0.89418425,0.00016414,0.00000833,1653
4008,"/kaggle/input/datasets/arafatrahmann/my-data221/Epic and CSCR hospital Dataset/Train/meningioma/Tr-me_0202.jpg",1,meningioma,1,meningioma,0.0086377021,0.9758064151,0.0072879777,0.0082678776,0.09424439,0.90575558,0.00021576,0.00000796,1330
4016,"/kaggle/input/datasets/arafatrahmann/my-data221/Epic and CSCR hospital Dataset/Train/meningioma/Tr-me_0210.jpg",1,meningioma,1,meningioma,0.0060149394,0.9798132181,0.0076925792,0.0064793141,0.14874375,0.85125623,0.00006327,0.00000843,1386
4017,"/kaggle/input/datasets/arafatrahmann/my-data221/Epic and CSCR hospital Dataset/Train/meningioma/Tr-me_0211.jpg",1,meningioma,1,meningioma,0.0044713691,0.9802053571,0.0093454551,0.0059778662,0.09387150,0.90612848,0.00019070,0.00000878,1284
4018,"/kaggle/input/datasets/arafatrahmann/my-data221/Epic and CSCR hospital Dataset/Train/meningioma/Tr-me_0212.jpg",1,meningioma,2,notumor,0.0049600322,0.0111357402,0.9775233269,0.0063808560,0.10146152,0.89853849,0.00015444,0.00001022,1349
4019,"/kaggle/input/datasets/arafatrahmann/my-data221/Epic and CSCR hospital Dataset/Train/meningioma/Tr-me_0213.jpg",1,meningioma,1,meningioma,0.0053228121,0.9798409343,0.0082364921,0.0065997792,0.08776401,0.91223598,0.00027347,0.00000891,1659
4023,"/kaggle/input/datasets/arafatrahmann/my-data221/Epic and CSCR hospital Dataset/Train/meningioma/Tr-me_0217.jpg",1,meningioma,1,meningioma,0.0054551098,0.9799486399,0.0077005080,0.0068957983,0.10067180,0.89932821,0.00017623,0.00000921,1354
4026,"/kaggle/input/datasets/arafatrahmann/my-data221/Epic and CSCR hospital Dataset/Train/meningioma/Tr-me_0220.jpg",1,meningioma,1,meningioma,0.0059500504,0.9790477753,0.0073992410,0.0076029571,0.09228689,0.90771312,0.00014196,0.00000790,1646
4033,"/kaggle/input/datasets/arafatrahmann/my-data221/Epic and CSCR hospital Dataset/Train/meningioma/Tr-me_0227.jpg",1,meningioma,1,meningioma,0.0075872317,0.9772165418,0.0077795843,0.0074166590,0.08697651,0.91302350,0.00032632,0.00000954,1665
4035,"/kaggle/input/datasets/arafatrahmann/my-data221/Epic and CSCR hospital Dataset/Train/meningioma/Tr-me_0229.jpg",1,meningioma,1,meningioma,0.0046655457,0.9807339907,0.0084700854,0.0061304281,0.10240916,0.89759085,0.00017970,0.00000950,1387
4044,"/kaggle/input/datasets/arafatrahmann/my-data221/Epic and CSCR hospital Dataset/Train/meningioma/Tr-me_0238.jpg",1,meningioma,1,meningioma,0.0076498627,0.9770830274,0.0078238938,0.0074432744,0.08046429,0.91953570,0.00025841,0.00000755,1665
4045,"/kaggle/input/datasets/arafatrahmann/my-data221/Epic and CSCR hospital Dataset/Train/meningioma/Tr-me_0239.jpg",1,meningioma,1,meningioma,0.3635035455,0.6232236624,0.0058119176,0.0074608428,0.12863506,0.87136494,0.00137667,0.00020657,1671
4054,"/kaggle/input/datasets/arafatrahmann/my-data221/Epic and CSCR hospital Dataset/Train/meningioma/Tr-me_0248.jpg",1,meningioma,1,meningioma,0.0060701971,0.9791830182,0.0077703507,0.0069764033,0.09612279,0.90387722,0.00023156,0.00001109,1665
4055,"/kaggle/input/datasets/arafatrahmann/my-data221/Epic and CSCR hospital Dataset/Train/meningioma/Tr-me_0249.jpg",1,meningioma,1,meningioma,0.0077313730,0.9767734408,0.0076385126,0.0078566046,0.09781166,0.90218834,0.00022678,0.00000927,1299
4057,"/kaggle/input/datasets/arafatrahmann/my-data221/Epic and CSCR hospital Dataset/Train/meningioma/Tr-me_0251.jpg",1,meningioma,1,meningioma,0.0078537297,0.9764669538,0.0077618160,0.0079175029,0.08071824,0.91928177,0.00036181,0.00001006,1299
4062,"/kaggle/input/datasets/arafatrahmann/my-data221/Epic and CSCR hospital Dataset/Train/meningioma/Tr-me_0256.jpg",1,meningioma,1,meningioma,0.0060405256,0.9795734286,0.0075619854,0.0068239607,0.09737494,0.90262505,0.00018160,0.00000858,1433
4072,"/kaggle/input/datasets/arafatrahmann/my-data221/Epic and CSCR hospital Dataset/Train/meningioma/Tr-me_0266.jpg",1,meningioma,1,meningioma,0.0058776401,0.9795331955,0.0076678963,0.0069213710,0.09628355,0.90371646,0.00019231,0.00000676,1294
4076,"/kaggle/input/datasets/arafatrahmann/my-data221/Epic and CSCR hospital Dataset/Train/meningioma/Tr-me_0270.jpg",1,meningioma,2,notumor,0.0057191662,0.1230415106,0.8647934794,0.0064458959,0.12866867,0.87133133,0.00057107,0.00013468,1349
4082,"/kaggle/input/datasets/arafatrahmann/my-data221/Epic and CSCR hospital Dataset/Train/meningioma/Tr-me_0276.jpg",1,meningioma,1,meningioma,0.0057529211,0.9789611101,0.0094399471,0.0058460170,0.14541266,0.85458734,0.00011415,0.00001227,1439
4094,"/kaggle/input/datasets/arafatrahmann/my-data221/Epic and CSCR hospital Dataset/Train/meningioma/Tr-me_0288.jpg",1,meningioma,1,meningioma,0.0057247141,0.9794068336,0.0079828231,0.0068856464,0.07781898,0.92218103,0.00035712,0.00000826,1676
4097,"/kaggle/input/datasets/arafatrahmann/my-data221/Epic and CSCR hospital Dataset/Train/meningioma/Tr-me_0291.jpg",1,meningioma,1,meningioma,0.0054667061,0.9796500206,0.0081321336,0.0067511029,0.07978378,0.92021622,0.00026573,0.00000732,1679
4099,"/kaggle/input/datasets/arafatrahmann/my-data221/Epic and CSCR hospital Dataset/Train/meningioma/Tr-me_0293.jpg",1,meningioma,3,pituitary,0.0577120595,0.0114443060,0.4289427698,0.5019008517,0.27806833,0.72193167,0.00118141,0.00069060,1679
4100,"/kaggle/input/datasets/arafatrahmann/my-data221/Epic and CSCR hospital Dataset/Train/meningioma/Tr-me_0294.jpg",1,meningioma,1,meningioma,0.0065736920,0.9787687063,0.0078553306,0.0068022283,0.09542886,0.90457112,0.00016129,0.00001095,1680
4101,"/kaggle/input/datasets/arafatrahmann/my-data221/Epic and CSCR hospital Dataset/Train/meningioma/Tr-me_0295.jpg",1,meningioma,1,meningioma,0.0059522842,0.9794646502,0.0078614568,0.0067217560,0.08770429,0.91229572,0.00022469,0.00000956,1680
4102,"/kaggle/input/datasets/arafatrahmann/my-data221/Epic and CSCR hospital Dataset/Train/meningioma/Tr-me_0296.jpg",1,meningioma,1,meningioma,0.0060544163,0.9791907072,0.0079121441,0.0068427487,0.08216508,0.91783493,0.00027651,0.00000942,1680
4109,"/kaggle/input/datasets/arafatrahmann/my-data221/Epic and CSCR hospital Dataset/Train/meningioma/Tr-me_0303.jpg",1,meningioma,1,meningioma,0.0053254040,0.9799433947,0.0080757504,0.0066554537,0.10490705,0.89509295,0.00015188,0.00000938,1385
4114,"/kaggle/input/datasets/arafatrahmann/my-data221/Epic and CSCR hospital Dataset/Train/meningioma/Tr-me_0308.jpg",1,meningioma,1,meningioma,0.0047658114,0.9803409576,0.0079130968,0.0069801630,0.08145918,0.91854082,0.00044643,0.00000631,1689
4120,"/kaggle/input/datasets/arafatrahmann/my-data221/Epic and CSCR hospital Dataset/Train/meningioma/Tr-me_0314.jpg",1,meningioma,1,meningioma,0.0059456965,0.9793130755,0.0079030786,0.0068380893,0.08888991,0.91111009,0.00024559,0.00000923,1377
4124,"/kaggle/input/datasets/arafatrahmann/my-data221/Epic and CSCR hospital Dataset/Train/meningioma/Tr-me_0318.jpg",1,meningioma,1,meningioma,0.0060884049,0.9790105820,0.0079068569,0.0069940537,0.08550940,0.91449061,0.00022405,0.00000850,1696
4125,"/kaggle/input/datasets/arafatrahmann/my-data221/Epic and CSCR hospital Dataset/Train/meningioma/Tr-me_0319.jpg",1,meningioma,1,meningioma,0.0054683187,0.9795951843,0.0078579215,0.0070785275,0.08787486,0.91212513,0.00020281,0.00000960,1696
4130,"/kaggle/input/datasets/arafatrahmann/my-data221/Epic and CSCR hospital Dataset/Train/meningioma/Tr-me_0324.jpg",1,meningioma,1,meningioma,0.0053995615,0.9796224833,0.0078606354,0.0071173697,0.08798634,0.91201369,0.00025216,0.00000863,1699
4140,"/kaggle/input/datasets/arafatrahmann/my-data221/Epic and CSCR hospital Dataset/Train/meningioma/Tr-me_0334.jpg",1,meningioma,1,meningioma,0.0055903983,0.9794933200,0.0080610868,0.0068551907,0.12759015,0.87240984,0.00022356,0.00001086,1707
4141,"/kaggle/input/datasets/arafatrahmann/my-data221/Epic and CSCR hospital Dataset/Train/meningioma/Tr-me_0335.jpg",1,meningioma,2,notumor,0.0055114310,0.0085038841,0.9794421196,0.0065425471,0.09587234,0.90412765,0.00011255,0.00000538,1371
4142,"/kaggle/input/datasets/arafatrahmann/my-data221/Epic and CSCR hospital Dataset/Train/meningioma/Tr-me_0336.jpg",1,meningioma,1,meningioma,0.0055723554,0.9795282483,0.0079896646,0.0069097267,0.09063825,0.90936174,0.00021102,0.00000916,1708
4146,"/kaggle/input/datasets/arafatrahmann/my-data221/Epic and CSCR hospital Dataset/Train/meningioma/Tr-me_0340.jpg",1,meningioma,1,meningioma,0.0063120350,0.9791207314,0.0078266058,0.0067406171,0.09599820,0.90400180,0.00027578,0.00000874,1712
4147,"/kaggle/input/datasets/arafatrahmann/my-data221/Epic and CSCR hospital Dataset/Train/meningioma/Tr-me_0341.jpg",1,meningioma,1,meningioma,0.0059069293,0.9792774320,0.0079561155,0.0068595335,0.08776381,0.91223618,0.00029038,0.00000759,1712
4148,"/kaggle/input/datasets/arafatrahmann/my-data221/Epic and CSCR hospital Dataset/Train/meningioma/Tr-me_0342.jpg",1,meningioma,1,meningioma,0.0057699024,0.9791966677,0.0080285128,0.0070049041,0.09075401,0.90924600,0.00018003,0.00000968,1712
4149,"/kaggle/input/datasets/arafatrahmann/my-data221/Epic and CSCR hospital Dataset/Train/meningioma/Tr-me_0343.jpg",1,meningioma,1,meningioma,0.0077468916,0.9771817923,0.0079277940,0.0071435063,0.07998616,0.92001384,0.00037164,0.00000927,1712
4154,"/kaggle/input/datasets/arafatrahmann/my-data221/Epic and CSCR hospital Dataset/Train/meningioma/Tr-me_0348.jpg",1,meningioma,1,meningioma,0.0056343614,0.9796949625,0.0079112817,0.0067594415,0.10291862,0.89708136,0.00017874,0.00001006,1714
4164,"/kaggle/input/datasets/arafatrahmann/my-data221/Epic and CSCR hospital Dataset/Train/meningioma/Tr-me_0358.jpg",1,meningioma,1,meningioma,0.0066568614,0.9787317514,0.0076496028,0.0069617881,0.10301123,0.89698875,0.00013248,0.00000857,1327
4165,"/kaggle/input/datasets/arafatrahmann/my-data221/Epic and CSCR hospital Dataset/Train/meningioma/Tr-me_0359.jpg",1,meningioma,2,notumor,0.0198152680,0.4075003266,0.5673977137,0.0052867378,0.11033188,0.88966814,0.00085056,0.00006231,1721
4168,"/kaggle/input/datasets/arafatrahmann/my-data221/Epic and CSCR hospital Dataset/Train/meningioma/Tr-me_0362.jpg",1,meningioma,1,meningioma,0.0063596680,0.9789294004,0.0072315736,0.0074793426,0.11042718,0.88957282,0.00012291,0.00000906,1724
4172,"/kaggle/input/datasets/arafatrahmann/my-data221/Epic and CSCR hospital Dataset/Train/meningioma/Tr-me_0366.jpg",1,meningioma,1,meningioma,0.0044685430,0.9802235365,0.0093326373,0.0059752823,0.09567984,0.90432016,0.00012208,0.00000813,1284
4177,"/kaggle/input/datasets/arafatrahmann/my-data221/Epic and CSCR hospital Dataset/Train/meningioma/Tr-me_0371.jpg",1,meningioma,1,meningioma,0.0056832423,0.9794092178,0.0078868279,0.0070207641,0.08046602,0.91953399,0.00034093,0.00000803,1728
4185,"/kaggle/input/datasets/arafatrahmann/my-data221/Epic and CSCR hospital Dataset/Train/meningioma/Tr-me_0379.jpg",1,meningioma,1,meningioma,0.0051933723,0.9798485637,0.0077811433,0.0071769198,0.09020703,0.90979298,0.00019289,0.00000924,1735
4192,"/kaggle/input/datasets/arafatrahmann/my-data221/Epic and CSCR hospital Dataset/Train/meningioma/Tr-me_0386.jpg",1,meningioma,1,meningioma,0.0053656823,0.9796615839,0.0079765283,0.0069963015,0.08380347,0.91619654,0.00021043,0.00000804,1742
4195,"/kaggle/input/datasets/arafatrahmann/my-data221/Epic and CSCR hospital Dataset/Train/meningioma/Tr-me_0389.jpg",1,meningioma,1,meningioma,0.0058894898,0.9782401323,0.0077146078,0.0081557687,0.08376544,0.91623455,0.00034915,0.00000841,1745
4203,"/kaggle/input/datasets/arafatrahmann/my-data221/Epic and CSCR hospital Dataset/Train/meningioma/Tr-me_0397.jpg",1,meningioma,1,meningioma,0.0075477823,0.9755579233,0.0072740591,0.0096203182,0.08747030,0.91252971,0.00032042,0.00000893,1751
4204,"/kaggle/input/datasets/arafatrahmann/my-data221/Epic and CSCR hospital Dataset/Train/meningioma/Tr-me_0398.jpg",1,meningioma,1,meningioma,0.0051580961,0.9800434113,0.0078399125,0.0069585638,0.08991438,0.91008562,0.00030512,0.00000762,1752
4220,"/kaggle/input/datasets/arafatrahmann/my-data221/Epic and CSCR hospital Dataset/Train/meningioma/Tr-me_0414.jpg",1,meningioma,1,meningioma,0.0051027276,0.9798058271,0.0078404704,0.0072508841,0.09479889,0.90520113,0.00032180,0.00000950,1766
4222,"/kaggle/input/datasets/arafatrahmann/my-data221/Epic and CSCR hospital Dataset/Train/meningioma/Tr-me_0416.jpg",1,meningioma,1,meningioma,0.0057639382,0.9790198207,0.0078446195,0.0073716342,0.09109224,0.90890775,0.00021966,0.00000866,1768
4223,"/kaggle/input/datasets/arafatrahmann/my-data221/Epic and CSCR hospital Dataset/Train/meningioma/Tr-me_0417.jpg",1,meningioma,1,meningioma,0.0054645143,0.9797238111,0.0078217108,0.0069898991,0.10089774,0.89910225,0.00013200,0.00000885,1769
4228,"/kaggle/input/datasets/arafatrahmann/my-data221/Epic and CSCR hospital Dataset/Train/meningioma/Tr-me_0422.jpg",1,meningioma,1,meningioma,0.0051214998,0.9795820117,0.0078479527,0.0074485876,0.12098135,0.87901866,0.00033472,0.00000922,1774
4229,"/kaggle/input/datasets/arafatrahmann/my-data221/Epic and CSCR hospital Dataset/Train/meningioma/Tr-me_0423.jpg",1,meningioma,1,meningioma,0.0055482117,0.9779359102,0.0076920995,0.0088238753,0.07949995,0.92050004,0.00032006,0.00000884,1775
4239,"/kaggle/input/datasets/arafatrahmann/my-data221/Epic and CSCR hospital Dataset/Train/meningioma/Tr-me_0433.jpg",1,meningioma,1,meningioma,0.0056818463,0.9780274630,0.0077970820,0.0084937289,0.08715776,0.91284225,0.00021125,0.00000821,1784
4243,"/kaggle/input/datasets/arafatrahmann/my-data221/Epic and CSCR hospital Dataset/Train/meningioma/Tr-me_0437.jpg",1,meningioma,1,meningioma,0.0053475969,0.9798852801,0.0077612018,0.0070058526,0.10043657,0.89956343,0.00027345,0.00000980,1788
4253,"/kaggle/input/datasets/arafatrahmann/my-data221/Epic and CSCR hospital Dataset/Train/meningioma/Tr-me_0447.jpg",1,meningioma,1,meningioma,0.0056232726,0.9799693823,0.0077697719,0.0066375332,0.11313743,0.88686256,0.00015575,0.00000943,1798
4265,"/kaggle/input/datasets/arafatrahmann/my-data221/Epic and CSCR hospital Dataset/Train/meningioma/Tr-me_0459.jpg",1,meningioma,1,meningioma,0.0051658386,0.9797242880,0.0079001905,0.0072096451,0.08678504,0.91321497,0.00017712,0.00000685,1806
4268,"/kaggle/input/datasets/arafatrahmann/my-data221/Epic and CSCR hospital Dataset/Train/meningioma/Tr-me_0462.jpg",1,meningioma,1,meningioma,0.0053110169,0.9794705510,0.0077913739,0.0074271010,0.08374412,0.91625587,0.00027594,0.00000818,1809
4269,"/kaggle/input/datasets/arafatrahmann/my-data221/Epic and CSCR hospital Dataset/Train/meningioma/Tr-me_0463.jpg",1,meningioma,1,meningioma,0.0055379388,0.9791713953,0.0077695013,0.0075210831,0.08779685,0.91220315,0.00025841,0.00000803,1809
4281,"/kaggle/input/datasets/arafatrahmann/my-data221/Epic and CSCR hospital Dataset/Train/meningioma/Tr-me_0475.jpg",1,meningioma,1,meningioma,0.0051786564,0.9798100591,0.0083130524,0.0066983094,0.09615801,0.90384200,0.00017628,0.00000909,1818
4282,"/kaggle/input/datasets/arafatrahmann/my-data221/Epic and CSCR hospital Dataset/Train/meningioma/Tr-me_0476.jpg",1,meningioma,1,meningioma,0.0059952075,0.9790833592,0.0078169424,0.0071044462,0.09217170,0.90782831,0.00032847,0.00001009,1819
4292,"/kaggle/input/datasets/arafatrahmann/my-data221/Epic and CSCR hospital Dataset/Train/meningioma/Tr-me_0486.jpg",1,meningioma,1,meningioma,0.0056495285,0.9795576930,0.0079614567,0.0068312972,0.08893740,0.91106260,0.00019086,0.00000881,1826
4293,"/kaggle/input/datasets/arafatrahmann/my-data221/Epic and CSCR hospital Dataset/Train/meningioma/Tr-me_0487.jpg",1,meningioma,1,meningioma,0.0053154891,0.9796824455,0.0081070755,0.0068950197,0.08111941,0.91888056,0.00023011,0.00000714,1827
4300,"/kaggle/input/datasets/arafatrahmann/my-data221/Epic and CSCR hospital Dataset/Train/meningioma/Tr-me_0494.jpg",1,meningioma,1,meningioma,0.0065248581,0.9786203504,0.0077792346,0.0070754914,0.09853609,0.90146392,0.00022564,0.00000811,1834
4301,"/kaggle/input/datasets/arafatrahmann/my-data221/Epic and CSCR hospital Dataset/Train/meningioma/Tr-me_0495.jpg",1,meningioma,1,meningioma,0.0052031758,0.9797893763,0.0078654150,0.0071420223,0.08196052,0.91803949,0.00037405,0.00000844,1835
4302,"/kaggle/input/datasets/arafatrahmann/my-data221/Epic and CSCR hospital Dataset/Train/meningioma/Tr-me_0496.jpg",1,meningioma,3,pituitary,0.0056656366,0.0307400133,0.0072701676,0.9563242197,0.65557742,0.34442256,0.00007873,0.00012648,1836
4305,"/kaggle/input/datasets/arafatrahmann/my-data221/Epic and CSCR hospital Dataset/Train/meningioma/Tr-me_0499.jpg",1,meningioma,1,meningioma,0.0050877440,0.9801400900,0.0079454314,0.0068267644,0.08552747,0.91447253,0.00026725,0.00000874,1838
4322,"/kaggle/input/datasets/arafatrahmann/my-data221/Epic and CSCR hospital Dataset/Train/meningioma/Tr-me_0516.jpg",1,meningioma,1,meningioma,0.0053095813,0.9798286557,0.0077288165,0.0071329414,0.09289282,0.90710717,0.00024295,0.00000843,1848
4326,"/kaggle/input/datasets/arafatrahmann/my-data221/Epic and CSCR hospital Dataset/Train/meningioma/Tr-me_0520.jpg",1,meningioma,1,meningioma,0.0059306594,0.9765350223,0.0073464424,0.0101877721,0.09034545,0.90965456,0.00030465,0.00000900,1630
4328,"/kaggle/input/datasets/arafatrahmann/my-data221/Epic and CSCR hospital Dataset/Train/meningioma/Tr-me_0522.jpg",1,meningioma,1,meningioma,0.0055336906,0.9794662595,0.0078588855,0.0071411966,0.08767732,0.91232269,0.00030394,0.00000883,1853
4333,"/kaggle/input/datasets/arafatrahmann/my-data221/Epic and CSCR hospital Dataset/Train/meningioma/Tr-me_0527.jpg",1,meningioma,1,meningioma,0.0051281890,0.9788902998,0.0078191962,0.0081622545,0.08098693,0.91901307,0.00044891,0.00000830,1858
4335,"/kaggle/input/datasets/arafatrahmann/my-data221/Epic and CSCR hospital Dataset/Train/meningioma/Tr-me_0529.jpg",1,meningioma,1,meningioma,0.0063000889,0.9785319567,0.0079505658,0.0072174594,0.08860494,0.91139507,0.00021279,0.00000924,1860
4349,"/kaggle/input/datasets/arafatrahmann/my-data221/Epic and CSCR hospital Dataset/Train/meningioma/Tr-me_0543.jpg",1,meningioma,1,meningioma,0.0055638789,0.9793034792,0.0078877592,0.0072449511,0.08345465,0.91654535,0.00032468,0.00000744,1871
4356,"/kaggle/input/datasets/arafatrahmann/my-data221/Epic and CSCR hospital Dataset/Train/meningioma/Tr-me_0550.jpg",1,meningioma,1,meningioma,0.0052042524,0.9799622297,0.0077449097,0.0070886626,0.08088889,0.91911113,0.00021662,0.00000572,1877
4361,"/kaggle/input/datasets/arafatrahmann/my-data221/Epic and CSCR hospital Dataset/Train/meningioma/Tr-me_0555.jpg",1,meningioma,1,meningioma,0.0050519309,0.9798769951,0.0078124246,0.0072586359,0.08059192,0.91940808,0.00029174,0.00000806,1882
4367,"/kaggle/input/datasets/arafatrahmann/my-data221/Epic and CSCR hospital Dataset/Train/meningioma/Tr-me_0561.jpg",1,meningioma,1,meningioma,0.0052598407,0.9799792171,0.0079976469,0.0067632394,0.07717174,0.92282827,0.00030263,0.00000634,1888
4368,"/kaggle/input/datasets/arafatrahmann/my-data221/Epic and CSCR hospital Dataset/Train/meningioma/Tr-me_0562.jpg",1,meningioma,1,meningioma,0.0051907161,0.9794231653,0.0076930681,0.0076929890,0.08763637,0.91236362,0.00030413,0.00000855,1888
4377,"/kaggle/input/datasets/arafatrahmann/my-data221/Epic and CSCR hospital Dataset/Train/meningioma/Tr-me_0571.jpg",1,meningioma,1,meningioma,0.0057243654,0.9792941213,0.0078714266,0.0071101212,0.08618944,0.91381055,0.00026857,0.00000896,1896
4378,"/kaggle/input/datasets/arafatrahmann/my-data221/Epic and CSCR hospital Dataset/Train/meningioma/Tr-me_0572.jpg",1,meningioma,1,meningioma,0.0053269928,0.9798291922,0.0077772513,0.0070665525,0.09494421,0.90505580,0.00031832,0.00000850,1897
4386,"/kaggle/input/datasets/arafatrahmann/my-data221/Epic and CSCR hospital Dataset/Train/meningioma/Tr-me_0592.jpg",1,meningioma,1,meningioma,0.0069175614,0.9785753489,0.0075457371,0.0069613056,0.10655002,0.89344998,0.00014150,0.00000731,1904
4387,"/kaggle/input/datasets/arafatrahmann/my-data221/Epic and CSCR hospital Dataset/Train/meningioma/Tr-me_0593.jpg",1,meningioma,1,meningioma,0.0057214410,0.9788626432,0.0073799854,0.0080359932,0.09753591,0.90246409,0.00022910,0.00000732,1905
4388,"/kaggle/input/datasets/arafatrahmann/my-data221/Epic and CSCR hospital Dataset/Train/meningioma/Tr-me_0594.jpg",1,meningioma,1,meningioma,0.0068585360,0.9629470706,0.0242868345,0.0059075207,0.11126226,0.88873776,0.00065143,0.00008538,1274
4395,"/kaggle/input/datasets/arafatrahmann/my-data221/Epic and CSCR hospital Dataset/Train/meningioma/Tr-me_0601.jpg",1,meningioma,1,meningioma,0.0053757601,0.9798547626,0.0078382427,0.0069311624,0.08462208,0.91537792,0.00031172,0.00001021,1910
4396,"/kaggle/input/datasets/arafatrahmann/my-data221/Epic and CSCR hospital Dataset/Train/meningioma/Tr-me_0602.jpg",1,meningioma,1,meningioma,0.0050660362,0.9800924063,0.0077775130,0.0070639043,0.09212320,0.90787680,0.00030221,0.00000841,1911
4404,"/kaggle/input/datasets/arafatrahmann/my-data221/Epic and CSCR hospital Dataset/Train/meningioma/Tr-me_0610.jpg",1,meningioma,1,meningioma,0.0047984100,0.9805319905,0.0079027954,0.0067668883,0.09160113,0.90839888,0.00025222,0.00000991,1917
4414,"/kaggle/input/datasets/arafatrahmann/my-data221/Epic and CSCR hospital Dataset/Train/meningioma/Tr-me_0620.jpg",1,meningioma,1,meningioma,0.0058914004,0.9785239100,0.0076275370,0.0079570655,0.08223164,0.91776838,0.00033423,0.00000772,1926
4427,"/kaggle/input/datasets/arafatrahmann/my-data221/Epic and CSCR hospital Dataset/Train/meningioma/Tr-me_0767.jpg",1,meningioma,1,meningioma,0.0049688322,0.9797333479,0.0077426978,0.0075549791,0.08103288,0.91896712,0.00034941,0.00001001,1408
4434,"/kaggle/input/datasets/arafatrahmann/my-data221/Epic and CSCR hospital Dataset/Train/meningioma/Tr-me_0804.jpg",1,meningioma,1,meningioma,0.0059507918,0.9794330597,0.0079273861,0.0066888095,0.09210043,0.90789955,0.00020891,0.00000874,1930
4437,"/kaggle/input/datasets/arafatrahmann/my-data221/Epic and CSCR hospital Dataset/Train/meningioma/Tr-me_0807.jpg",1,meningioma,1,meningioma,0.0099990200,0.9751828313,0.0081424881,0.0066755689,0.08745615,0.91254383,0.00028428,0.00000845,1933
4440,"/kaggle/input/datasets/arafatrahmann/my-data221/Epic and CSCR hospital Dataset/Train/meningioma/Tr-me_0810.jpg",1,meningioma,1,meningioma,0.0062490059,0.9784740210,0.0077651003,0.0075119161,0.08826329,0.91173671,0.00021601,0.00000790,1266
4441,"/kaggle/input/datasets/arafatrahmann/my-data221/Epic and CSCR hospital Dataset/Train/meningioma/Tr-me_0811.jpg",1,meningioma,1,meningioma,0.0062928954,0.9783724546,0.0078720003,0.0074626417,0.08498247,0.91501754,0.00023819,0.00000707,1266
4448,"/kaggle/input/datasets/arafatrahmann/my-data221/Epic and CSCR hospital Dataset/Train/meningioma/Tr-me_0818.jpg",1,meningioma,1,meningioma,0.0083237747,0.9767200351,0.0078555793,0.0071006147,0.09147732,0.90852271,0.00028651,0.00000748,999
4449,"/kaggle/input/datasets/arafatrahmann/my-data221/Epic and CSCR hospital Dataset/Train/meningioma/Tr-me_0819.jpg",1,meningioma,1,meningioma,0.0049256147,0.9794746637,0.0077152788,0.0078844372,0.07676395,0.92323605,0.00037406,0.00000690,1939
4468,"/kaggle/input/datasets/arafatrahmann/my-data221/Epic and CSCR hospital Dataset/Train/meningioma/Tr-me_0838.jpg",1,meningioma,1,meningioma,0.0052177841,0.9801942706,0.0077953511,0.0067925751,0.10870310,0.89129689,0.00017911,0.00000859,1953
4475,"/kaggle/input/datasets/arafatrahmann/my-data221/Epic and CSCR hospital Dataset/Train/meningioma/Tr-me_0845.jpg",1,meningioma,1,meningioma,0.0054134815,0.9796124697,0.0078385826,0.0071355430,0.08819647,0.91180354,0.00023877,0.00000869,1959
4480,"/kaggle/input/datasets/arafatrahmann/my-data221/Epic and CSCR hospital Dataset/Train/meningioma/Tr-me_0850.jpg",1,meningioma,1,meningioma,0.0051252553,0.9800707698,0.0077025495,0.0071014650,0.09632811,0.90367189,0.00017402,0.00000822,1964
4486,"/kaggle/input/datasets/arafatrahmann/my-data221/Epic and CSCR hospital Dataset/Train/meningioma/Tr-me_0856.jpg",1,meningioma,1,meningioma,0.0052871043,0.9793925285,0.0075419098,0.0077784904,0.07353977,0.92646024,0.00050401,0.00000598,1968
4488,"/kaggle/input/datasets/arafatrahmann/my-data221/Epic and CSCR hospital Dataset/Train/meningioma/Tr-me_0858.jpg",1,meningioma,1,meningioma,0.0951845124,0.8919873238,0.0073845899,0.0054435842,0.17501460,0.82498537,0.00077065,0.00014236,1970
4494,"/kaggle/input/datasets/arafatrahmann/my-data221/Epic and CSCR hospital Dataset/Train/meningioma/Tr-me_0864.jpg",1,meningioma,1,meningioma,0.0051855822,0.9800037146,0.0078460863,0.0069645583,0.09028499,0.90971504,0.00025176,0.00000908,1610
4507,"/kaggle/input/datasets/arafatrahmann/my-data221/Epic and CSCR hospital Dataset/Train/meningioma/Tr-me_0877.jpg",1,meningioma,1,meningioma,0.0062702587,0.9788733721,0.0080595501,0.0067968294,0.08336488,0.91663513,0.00029396,0.00000943,1930
4510,"/kaggle/input/datasets/arafatrahmann/my-data221/Epic and CSCR hospital Dataset/Train/meningioma/Tr-me_0880.jpg",1,meningioma,1,meningioma,0.0060322881,0.9789541364,0.0078512356,0.0071623391,0.09866035,0.90133966,0.00015632,0.00000892,1980
4515,"/kaggle/input/datasets/arafatrahmann/my-data221/Epic and CSCR hospital Dataset/Train/meningioma/Tr-me_0885.jpg",1,meningioma,1,meningioma,0.0051353611,0.9800540805,0.0079253884,0.0068851309,0.08567444,0.91432557,0.00027577,0.00000892,1985
4518,"/kaggle/input/datasets/arafatrahmann/my-data221/Epic and CSCR hospital Dataset/Train/meningioma/Tr-me_0888.jpg",1,meningioma,1,meningioma,0.0054721902,0.9786688685,0.0077106571,0.0081482334,0.08898693,0.91101305,0.00030503,0.00000783,1987
4519,"/kaggle/input/datasets/arafatrahmann/my-data221/Epic and CSCR hospital Dataset/Train/meningioma/Tr-me_0889.jpg",1,meningioma,1,meningioma,0.0068771341,0.9782758951,0.0077746799,0.0070722783,0.08946359,0.91053641,0.00023244,0.00000909,1988
4520,"/kaggle/input/datasets/arafatrahmann/my-data221/Epic and CSCR hospital Dataset/Train/meningioma/Tr-me_0890.jpg",1,meningioma,1,meningioma,0.0071473895,0.9755737185,0.0074651563,0.0098136831,0.08297046,0.91702953,0.00028304,0.00000990,1987
4528,"/kaggle/input/datasets/arafatrahmann/my-data221/Epic and CSCR hospital Dataset/Train/meningioma/Tr-me_0898.jpg",1,meningioma,1,meningioma,0.0056481054,0.9795492887,0.0078205159,0.0069820890,0.09635070,0.90364931,0.00025885,0.00000713,1484
4529,"/kaggle/input/datasets/arafatrahmann/my-data221/Epic and CSCR hospital Dataset/Train/meningioma/Tr-me_0899.jpg",1,meningioma,1,meningioma,0.0057276776,0.9796766043,0.0078530032,0.0067427754,0.10008354,0.89991646,0.00022649,0.00000781,1930
4530,"/kaggle/input/datasets/arafatrahmann/my-data221/Epic and CSCR hospital Dataset/Train/meningioma/Tr-me_0900.jpg",1,meningioma,1,meningioma,0.0054403129,0.9797711372,0.0079132486,0.0068753450,0.09113020,0.90886979,0.00023345,0.00000808,1995
4536,"/kaggle/input/datasets/arafatrahmann/my-data221/Epic and CSCR hospital Dataset/Train/meningioma/Tr-me_0906.jpg",1,meningioma,1,meningioma,0.0054465416,0.9779823422,0.0077921958,0.0087790014,0.07776750,0.92223251,0.00041297,0.00000775,2001
4547,"/kaggle/input/datasets/arafatrahmann/my-data221/Epic and CSCR hospital Dataset/Train/meningioma/Tr-me_0917.jpg",1,meningioma,1,meningioma,0.0055959239,0.9794936180,0.0079876045,0.0069227992,0.08305346,0.91694652,0.00028653,0.00000849,1268
4548,"/kaggle/input/datasets/arafatrahmann/my-data221/Epic and CSCR hospital Dataset/Train/meningioma/Tr-me_0918.jpg",1,meningioma,1,meningioma,0.0055608125,0.9792513847,0.0079789693,0.0072088391,0.08988946,0.91011054,0.00032946,0.00001062,2010
4552,"/kaggle/input/datasets/arafatrahmann/my-data221/Epic and CSCR hospital Dataset/Train/meningioma/Tr-me_0922.jpg",1,meningioma,1,meningioma,0.0055585089,0.9792490005,0.0078479871,0.0073444536,0.08445472,0.91554529,0.00023812,0.00000741,2013
4555,"/kaggle/input/datasets/arafatrahmann/my-data221/Epic and CSCR hospital Dataset/Train/meningioma/Tr-me_0925.jpg",1,meningioma,1,meningioma,0.0055963998,0.9795848727,0.0078357607,0.0069829226,0.09206017,0.90793986,0.00021230,0.00000745,1283
4559,"/kaggle/input/datasets/arafatrahmann/my-data221/Epic and CSCR hospital Dataset/Train/meningioma/Tr-me_0929.jpg",1,meningioma,1,meningioma,0.0056993635,0.9784900546,0.0076741586,0.0081363712,0.09069012,0.90930988,0.00019998,0.00000810,2018
4565,"/kaggle/input/datasets/arafatrahmann/my-data221/Epic and CSCR hospital Dataset/Train/meningioma/Tr-me_0935.jpg",1,meningioma,1,meningioma,0.0115566971,0.9720309973,0.0069789691,0.0094333533,0.09073554,0.90926446,0.00026899,0.00001177,2024
4566,"/kaggle/input/datasets/arafatrahmann/my-data221/Epic and CSCR hospital Dataset/Train/meningioma/Tr-me_0936.jpg",1,meningioma,1,meningioma,0.0052438853,0.9798644781,0.0078194756,0.0070722001,0.09261540,0.90738463,0.00020743,0.00000789,2025
4572,"/kaggle/input/datasets/arafatrahmann/my-data221/Epic and CSCR hospital Dataset/Train/meningioma/Tr-me_0942.jpg",1,meningioma,1,meningioma,0.0071906671,0.9777479172,0.0081124324,0.0069490387,0.08752442,0.91247557,0.00021724,0.00000719,2029
4574,"/kaggle/input/datasets/arafatrahmann/my-data221/Epic and CSCR hospital Dataset/Train/meningioma/Tr-me_0944.jpg",1,meningioma,1,meningioma,0.0054991306,0.9796676636,0.0079114735,0.0069218031,0.08149646,0.91850352,0.00025151,0.00000773,1496
4591,"/kaggle/input/datasets/arafatrahmann/my-data221/Epic and CSCR hospital Dataset/Train/meningioma/Tr-me_0961.jpg",1,meningioma,1,meningioma,0.0052189850,0.9794882536,0.0077574900,0.0075352425,0.08432316,0.91567686,0.00037553,0.00000957,2044
4593,"/kaggle/input/datasets/arafatrahmann/my-data221/Epic and CSCR hospital Dataset/Train/meningioma/Tr-me_0963.jpg",1,meningioma,1,meningioma,0.0059410329,0.9774954915,0.0077650025,0.0087984782,0.08240294,0.91759706,0.00030324,0.00000748,2046
4598,"/kaggle/input/datasets/arafatrahmann/my-data221/Epic and CSCR hospital Dataset/Train/meningioma/Tr-me_0968.jpg",1,meningioma,1,meningioma,0.0050695180,0.9799734950,0.0078449007,0.0071119918,0.07521035,0.92478964,0.00040048,0.00000710,2051
4605,"/kaggle/input/datasets/arafatrahmann/my-data221/Epic and CSCR hospital Dataset/Train/meningioma/Tr-me_0975.jpg",1,meningioma,1,meningioma,0.0054564616,0.9796864390,0.0078584515,0.0069986782,0.09047028,0.90952972,0.00023879,0.00000709,2058
4612,"/kaggle/input/datasets/arafatrahmann/my-data221/Epic and CSCR hospital Dataset/Train/meningioma/Tr-me_0982.jpg",1,meningioma,1,meningioma,0.0050827428,0.9799312353,0.0076878844,0.0072981617,0.08356784,0.91643217,0.00029335,0.00000974,2064
4618,"/kaggle/input/datasets/arafatrahmann/my-data221/Epic and CSCR hospital Dataset/Train/meningioma/Tr-me_0988.jpg",1,meningioma,1,meningioma,0.0054041962,0.9798961878,0.0077812099,0.0069184103,0.10945994,0.89054005,0.00018934,0.00000672,2067
4619,"/kaggle/input/datasets/arafatrahmann/my-data221/Epic and CSCR hospital Dataset/Train/meningioma/Tr-me_0989.jpg",1,meningioma,1,meningioma,0.0063073486,0.9788996577,0.0077028321,0.0070901229,0.10795624,0.89204374,0.00014170,0.00000771,2067
4621,"/kaggle/input/datasets/arafatrahmann/my-data221/Epic and CSCR hospital Dataset/Train/meningioma/Tr-me_0991.jpg",1,meningioma,1,meningioma,0.0051890989,0.9799008369,0.0078047551,0.0071053952,0.09710517,0.90289482,0.00020518,0.00000785,2069
4631,"/kaggle/input/datasets/arafatrahmann/my-data221/Epic and CSCR hospital Dataset/Train/meningioma/Tr-me_1001.jpg",1,meningioma,1,meningioma,0.0053481543,0.9796225429,0.0079934588,0.0070358501,0.09263167,0.90736834,0.00025290,0.00000950,1360
4636,"/kaggle/input/datasets/arafatrahmann/my-data221/Epic and CSCR hospital Dataset/Train/meningioma/Tr-me_1006.jpg",1,meningioma,1,meningioma,0.0051265717,0.9802281260,0.0079733804,0.0066719325,0.08641752,0.91358247,0.00027845,0.00000742,2081
4641,"/kaggle/input/datasets/arafatrahmann/my-data221/Epic and CSCR hospital Dataset/Train/meningioma/Tr-me_1011.jpg",1,meningioma,1,meningioma,0.0059990017,0.9791415930,0.0078272671,0.0070322021,0.09322536,0.90677463,0.00026578,0.00001038,2084
4648,"/kaggle/input/datasets/arafatrahmann/my-data221/Epic and CSCR hospital Dataset/Train/meningioma/Tr-me_1018.jpg",1,meningioma,1,meningioma,0.0053110793,0.9793661237,0.0078403866,0.0074822954,0.07636657,0.92363344,0.00042166,0.00000896,2089
4655,"/kaggle/input/datasets/arafatrahmann/my-data221/Epic and CSCR hospital Dataset/Train/meningioma/Tr-me_1025.jpg",1,meningioma,3,pituitary,0.0052819937,0.0116447788,0.0074015991,0.9756715894,0.57863407,0.42136593,0.00001833,0.00002615,2094
4661,"/kaggle/input/datasets/arafatrahmann/my-data221/Epic and CSCR hospital Dataset/Train/meningioma/Tr-me_1031.jpg",1,meningioma,1,meningioma,0.0052440115,0.9799065590,0.0079235202,0.0069258688,0.08680559,0.91319440,0.00034578,0.00000884,1511
4662,"/kaggle/input/datasets/arafatrahmann/my-data221/Epic and CSCR hospital Dataset/Train/meningioma/Tr-me_1032.jpg",1,meningioma,1,meningioma,0.0053330571,0.9796524048,0.0079200100,0.0070945644,0.07824591,0.92175410,0.00043878,0.00000722,1511
4669,"/kaggle/input/datasets/arafatrahmann/my-data221/Epic and CSCR hospital Dataset/Train/meningioma/Tr-me_1039.jpg",1,meningioma,1,meningioma,0.0058659641,0.9788553119,0.0078397207,0.0074390396,0.08814334,0.91185666,0.00022416,0.00001003,2099
4682,"/kaggle/input/datasets/arafatrahmann/my-data221/Epic and CSCR hospital Dataset/Train/meningioma/Tr-me_1052.jpg",1,meningioma,1,meningioma,0.0052915858,0.9798485637,0.0078387456,0.0070210965,0.09426568,0.90573434,0.00016789,0.00000809,2107
4687,"/kaggle/input/datasets/arafatrahmann/my-data221/Epic and CSCR hospital Dataset/Train/meningioma/Tr-me_1057.jpg",1,meningioma,1,meningioma,0.0052293250,0.9799427986,0.0080086021,0.0068191872,0.08427580,0.91572420,0.00024289,0.00000873,2111
4691,"/kaggle/input/datasets/arafatrahmann/my-data221/Epic and CSCR hospital Dataset/Train/meningioma/Tr-me_1061.jpg",1,meningioma,0,glioma,0.6946675777,0.2932381332,0.0064365193,0.0056577856,0.08151322,0.91848678,0.00283112,0.00014882,2114
4698,"/kaggle/input/datasets/arafatrahmann/my-data221/Epic and CSCR hospital Dataset/Train/meningioma/Tr-me_1068.jpg",1,meningioma,1,meningioma,0.0052643390,0.9795635939,0.0076257586,0.0075463085,0.09026476,0.90973523,0.00028895,0.00000848,2121
4699,"/kaggle/input/datasets/arafatrahmann/my-data221/Epic and CSCR hospital Dataset/Train/meningioma/Tr-me_1069.jpg",1,meningioma,1,meningioma,0.0052713086,0.9791710973,0.0074516744,0.0081059532,0.09196892,0.90803108,0.00028599,0.00000934,2121
4708,"/kaggle/input/datasets/arafatrahmann/my-data221/Epic and CSCR hospital Dataset/Train/meningioma/Tr-me_1082.jpg",1,meningioma,1,meningioma,0.0050963913,0.9799116850,0.0077761794,0.0072158067,0.09722046,0.90277953,0.00021170,0.00000807,2130
4715,"/kaggle/input/datasets/arafatrahmann/my-data221/Epic and CSCR hospital Dataset/Train/meningioma/Tr-me_1098.jpg",1,meningioma,1,meningioma,0.0051557636,0.9802702665,0.0078465436,0.0067274100,0.10846481,0.89153517,0.00018547,0.00001047,2137
4718,"/kaggle/input/datasets/arafatrahmann/my-data221/Epic and CSCR hospital Dataset/Train/meningioma/Tr-me_1101.jpg",1,meningioma,1,meningioma,0.0052523878,0.9799793959,0.0078711435,0.0068970858,0.08277894,0.91722106,0.00026461,0.00000858,2140
4727,"/kaggle/input/datasets/arafatrahmann/my-data221/Epic and CSCR hospital Dataset/Train/meningioma/Tr-me_1110.jpg",1,meningioma,1,meningioma,0.0051780255,0.9801183939,0.0078459727,0.0068576573,0.09579429,0.90420572,0.00022302,0.00001070,1300
4729,"/kaggle/input/datasets/arafatrahmann/my-data221/Epic and CSCR hospital Dataset/Train/meningioma/Tr-me_1112.jpg",1,meningioma,1,meningioma,0.0065670148,0.9783290029,0.0077962750,0.0073076906,0.09183403,0.90816598,0.00020080,0.00001003,2149
4740,"/kaggle/input/datasets/arafatrahmann/my-data221/Epic and CSCR hospital Dataset/Train/meningioma/Tr-me_1123.jpg",1,meningioma,1,meningioma,0.0066412850,0.9771237373,0.0076199621,0.0086149322,0.09386960,0.90613040,0.00029149,0.00000833,2158
4741,"/kaggle/input/datasets/arafatrahmann/my-data221/Epic and CSCR hospital Dataset/Train/meningioma/Tr-me_1124.jpg",1,meningioma,1,meningioma,0.0069011091,0.9782452583,0.0079089906,0.0069447244,0.08493406,0.91506596,0.00021412,0.00000950,2159
4753,"/kaggle/input/datasets/arafatrahmann/my-data221/Epic and CSCR hospital Dataset/Train/meningioma/Tr-me_1136.jpg",1,meningioma,1,meningioma,0.0048757046,0.9803940654,0.0079096137,0.0068205856,0.08943892,0.91056108,0.00027004,0.00001049,2170
4763,"/kaggle/input/datasets/arafatrahmann/my-data221/Epic and CSCR hospital Dataset/Train/meningioma/Tr-me_1146.jpg",1,meningioma,1,meningioma,0.0048804516,0.9803028107,0.0079484973,0.0068682381,0.09053895,0.90946103,0.00025633,0.00000936,2175
4768,"/kaggle/input/datasets/arafatrahmann/my-data221/Epic and CSCR hospital Dataset/Train/meningioma/Tr-me_1151.jpg",1,meningioma,0,glioma,0.8957083821,0.0924050808,0.0061631599,0.0057234578,0.10065411,0.89934589,0.00187586,0.00009823,2179
4769,"/kaggle/input/datasets/arafatrahmann/my-data221/Epic and CSCR hospital Dataset/Train/meningioma/Tr-me_1152.jpg",1,meningioma,0,glioma,0.6560995579,0.3321833909,0.0061324202,0.0055845962,0.16966703,0.83033294,0.00138698,0.00010294,2179
4770,"/kaggle/input/datasets/arafatrahmann/my-data221/Epic and CSCR hospital Dataset/Train/meningioma/Tr-me_1153.jpg",1,meningioma,1,meningioma,0.0054675303,0.9772268534,0.0075310469,0.0097745536,0.08805851,0.91194150,0.00041105,0.00000692,2180
4774,"/kaggle/input/datasets/arafatrahmann/my-data221/Epic and CSCR hospital Dataset/Train/meningioma/Tr-me_1157.jpg",1,meningioma,1,meningioma,0.0052690911,0.9800017476,0.0078355102,0.0068937615,0.10512719,0.89487279,0.00025718,0.00000887,2184
4783,"/kaggle/input/datasets/arafatrahmann/my-data221/Epic and CSCR hospital Dataset/Train/meningioma/Tr-me_1166.jpg",1,meningioma,1,meningioma,0.0054399525,0.9797430038,0.0079590958,0.0068580387,0.08576970,0.91423031,0.00037021,0.00000860,2187
4786,"/kaggle/input/datasets/arafatrahmann/my-data221/Epic and CSCR hospital Dataset/Train/meningioma/Tr-me_1169.jpg",1,meningioma,1,meningioma,0.0050907987,0.9801832438,0.0079305666,0.0067953067,0.09183649,0.90816351,0.00028833,0.00001002,2190
4795,"/kaggle/input/datasets/arafatrahmann/my-data221/Epic and CSCR hospital Dataset/Train/meningioma/Tr-me_1179.jpg",1,meningioma,1,meningioma,0.0056652911,0.9793844223,0.0080386857,0.0069116093,0.08451505,0.91548496,0.00034952,0.00000708,2195
4799,"/kaggle/input/datasets/arafatrahmann/my-data221/Epic and CSCR hospital Dataset/Train/meningioma/Tr-me_1183.jpg",1,meningioma,1,meningioma,0.0064003067,0.9783632159,0.0077804923,0.0074560107,0.10420584,0.89579419,0.00028324,0.00000851,1392
4800,"/kaggle/input/datasets/arafatrahmann/my-data221/Epic and CSCR hospital Dataset/Train/meningioma/Tr-me_1184.jpg",1,meningioma,1,meningioma,0.0053674742,0.9797166586,0.0077717542,0.0071440926,0.09417698,0.90582300,0.00023374,0.00000758,1392
4804,"/kaggle/input/datasets/arafatrahmann/my-data221/Epic and CSCR hospital Dataset/Train/meningioma/Tr-me_1188.jpg",1,meningioma,1,meningioma,0.0056277975,0.9783747792,0.0075750155,0.0084224204,0.08504408,0.91495592,0.00034378,0.00000770,1312
4808,"/kaggle/input/datasets/arafatrahmann/my-data221/Epic and CSCR hospital Dataset/Train/meningioma/Tr-me_1192.jpg",1,meningioma,1,meningioma,0.0050193416,0.9791396260,0.0074481294,0.0083928835,0.07512068,0.92487933,0.00045124,0.00000680,1399
4810,"/kaggle/input/datasets/arafatrahmann/my-data221/Epic and CSCR hospital Dataset/Train/meningioma/Tr-me_1194.jpg",1,meningioma,1,meningioma,0.0052887695,0.9798545837,0.0078881094,0.0069684833,0.09527934,0.90472066,0.00022936,0.00000874,1401
4818,"/kaggle/input/datasets/arafatrahmann/my-data221/Epic and CSCR hospital Dataset/Train/meningioma/Tr-me_1202.jpg",1,meningioma,1,meningioma,0.0047848769,0.9800891876,0.0076861940,0.0074397139,0.09440643,0.90559358,0.00019485,0.00000801,1408
4830,"/kaggle/input/datasets/arafatrahmann/my-data221/Epic and CSCR hospital Dataset/Train/meningioma/Tr-me_1214.jpg",1,meningioma,1,meningioma,0.0051030316,0.9798153043,0.0077149505,0.0073666163,0.07817110,0.92182890,0.00029360,0.00000633,1304
4831,"/kaggle/input/datasets/arafatrahmann/my-data221/Epic and CSCR hospital Dataset/Train/meningioma/Tr-me_1215.jpg",1,meningioma,1,meningioma,0.0050782142,0.9799615741,0.0078071347,0.0071530230,0.07646970,0.92353030,0.00029650,0.00000652,1304
4832,"/kaggle/input/datasets/arafatrahmann/my-data221/Epic and CSCR hospital Dataset/Train/meningioma/Tr-me_1216.jpg",1,meningioma,1,meningioma,0.0062923566,0.9786524773,0.0082623949,0.0067927269,0.08054459,0.91945543,0.00025754,0.00000736,1419
4837,"/kaggle/input/datasets/arafatrahmann/my-data221/Epic and CSCR hospital Dataset/Train/meningioma/Tr-me_1222.jpg",1,meningioma,1,meningioma,0.0048226337,0.9802201986,0.0079824924,0.0069746277,0.08170837,0.91829164,0.00021911,0.00000720,1423
4842,"/kaggle/input/datasets/arafatrahmann/my-data221/Epic and CSCR hospital Dataset/Train/meningioma/Tr-me_1227.jpg",1,meningioma,1,meningioma,0.0048407987,0.9805437326,0.0079090325,0.0067064278,0.09842074,0.90157925,0.00021599,0.00001037,2204
4844,"/kaggle/input/datasets/arafatrahmann/my-data221/Epic and CSCR hospital Dataset/Train/meningioma/Tr-me_1230.jpg",1,meningioma,1,meningioma,0.0050866758,0.9802445173,0.0076323040,0.0070365309,0.12280249,0.87719753,0.00017209,0.00000906,2206
4846,"/kaggle/input/datasets/arafatrahmann/my-data221/Epic and CSCR hospital Dataset/Train/meningioma/Tr-me_1233.jpg",1,meningioma,1,meningioma,0.0051903776,0.9800269008,0.0079602618,0.0068223802,0.08311090,0.91688911,0.00031263,0.00000900,2208
4847,"/kaggle/input/datasets/arafatrahmann/my-data221/Epic and CSCR hospital Dataset/Train/meningioma/Tr-me_1234.jpg",1,meningioma,1,meningioma,0.0051390575,0.9792391062,0.0076270504,0.0079948017,0.09436811,0.90563189,0.00024349,0.00000823,2208
4848,"/kaggle/input/datasets/arafatrahmann/my-data221/Epic and CSCR hospital Dataset/Train/meningioma/Tr-me_1235.jpg",1,meningioma,1,meningioma,0.0048872894,0.9805749655,0.0076415860,0.0068960735,0.12549851,0.87450150,0.00027411,0.00001096,2209
4855,"/kaggle/input/datasets/arafatrahmann/my-data221/Epic and CSCR hospital Dataset/Train/meningioma/Tr-me_1244.jpg",1,meningioma,1,meningioma,0.0052740206,0.9796780348,0.0077868802,0.0072610280,0.09525319,0.90474681,0.00029607,0.00000965,2214
4872,"/kaggle/input/datasets/arafatrahmann/my-data221/Epic and CSCR hospital Dataset/Train/meningioma/Tr-me_1263.jpg",1,meningioma,0,glioma,0.9795790911,0.0070760241,0.0077790669,0.0055658896,0.11945267,0.88054733,0.00009607,0.00000733,21
4873,"/kaggle/input/datasets/arafatrahmann/my-data221/Epic and CSCR hospital Dataset/Train/meningioma/Tr-me_1286.jpg",1,meningioma,1,meningioma,0.0061902418,0.9788359404,0.0079806941,0.0069930227,0.08187738,0.91812263,0.00028450,0.00000917,2223
4875,"/kaggle/input/datasets/arafatrahmann/my-data221/Epic and CSCR hospital Dataset/Train/meningioma/Tr-me_1288.jpg",1,meningioma,1,meningioma,0.0056846207,0.9795008898,0.0078877565,0.0069268099,0.09060391,0.90939607,0.00023374,0.00000863,2223
4880,"/kaggle/input/datasets/arafatrahmann/my-data221/Epic and CSCR hospital Dataset/Train/meningioma/Tr-me_1293.jpg",1,meningioma,1,meningioma,0.0067387060,0.9781848192,0.0078444164,0.0072320513,0.09968773,0.90031227,0.00018943,0.00000880,21
4881,"/kaggle/input/datasets/arafatrahmann/my-data221/Epic and CSCR hospital Dataset/Train/meningioma/Tr-me_1294.jpg",1,meningioma,1,meningioma,0.0057627233,0.9793666601,0.0079636667,0.0069069453,0.08442903,0.91557099,0.00028365,0.00000884,21
4882,"/kaggle/input/datasets/arafatrahmann/my-data221/Epic and CSCR hospital Dataset/Train/meningioma/Tr-me_1295.jpg",1,meningioma,1,meningioma,0.0056891348,0.9794194102,0.0080694007,0.0068220859,0.08888991,0.91111008,0.00020137,0.00000951,21
4883,"/kaggle/input/datasets/arafatrahmann/my-data221/Epic and CSCR hospital Dataset/Train/meningioma/Tr-me_1296.jpg",1,meningioma,1,meningioma,0.0054285605,0.9797800183,0.0079478789,0.0068435818,0.08568002,0.91431997,0.00027584,0.00000824,21
4884,"/kaggle/input/datasets/arafatrahmann/my-data221/Epic and CSCR hospital Dataset/Train/meningioma/Tr-me_1297.jpg",1,meningioma,1,meningioma,0.0056303749,0.9795570374,0.0079128332,0.0068997368,0.10014475,0.89985526,0.00020882,0.00000844,21
4888,"/kaggle/input/datasets/arafatrahmann/my-data221/Epic and CSCR hospital Dataset/Train/meningioma/Tr-me_1301.jpg",1,meningioma,1,meningioma,0.0060484353,0.9785702825,0.0077125416,0.0076688193,0.09212646,0.90787355,0.00023885,0.00000935,2231
4889,"/kaggle/input/datasets/arafatrahmann/my-data221/Epic and CSCR hospital Dataset/Train/meningioma/Tr-me_1335.jpg",1,meningioma,1,meningioma,0.0058522210,0.9787060022,0.0077939304,0.0076478361,0.07988222,0.92011779,0.00033834,0.00000803,2232
4891,"/kaggle/input/datasets/arafatrahmann/my-data221/Epic and CSCR hospital Dataset/Train/meningioma/Tr-me_1337.jpg",1,meningioma,1,meningioma,0.0060282811,0.9789269567,0.0079708043,0.0070739374,0.09215698,0.90784302,0.00020935,0.00000880,2234
4894,"/kaggle/input/datasets/arafatrahmann/my-data221/Epic and CSCR hospital Dataset/Train/meningioma/m1(44).jpg",1,meningioma,1,meningioma,0.0047550662,0.9803836942,0.0078891348,0.0069721327,0.08393178,0.91606821,0.00022618,0.00000805,1689
4897,"/kaggle/input/datasets/arafatrahmann/my-data221/Epic and CSCR hospital Dataset/Train/meningioma/m1(5).jpg",1,meningioma,1,meningioma,0.0058539286,0.9795554876,0.0078039640,0.0067865141,0.10565198,0.89434802,0.00019042,0.00000849,1377
4898,"/kaggle/input/datasets/arafatrahmann/my-data221/Epic and CSCR hospital Dataset/Train/meningioma/m1(6).jpg",1,meningioma,1,meningioma,0.0050326670,0.9800138474,0.0079376223,0.0070159622,0.11083396,0.88916603,0.00019277,0.00000947,1466
4899,"/kaggle/input/datasets/arafatrahmann/my-data221/Epic and CSCR hospital Dataset/Train/meningioma/m1(7).jpg",1,meningioma,2,notumor,0.0055045979,0.0084806001,0.9795053601,0.0065094307,0.10482257,0.89517742,0.00006195,0.00000541,1371
4900,"/kaggle/input/datasets/arafatrahmann/my-data221/Epic and CSCR hospital Dataset/Train/meningioma/m1(70).jpg",1,meningioma,1,meningioma,0.0055069276,0.9797269702,0.0079008099,0.0068653538,0.10621599,0.89378399,0.00029624,0.00000884,1708
4904,"/kaggle/input/datasets/arafatrahmann/my-data221/Epic and CSCR hospital Dataset/Train/meningioma/m1(74).jpg",1,meningioma,1,meningioma,0.0063665197,0.9789827466,0.0078814765,0.0067692362,0.08690889,0.91309112,0.00021601,0.00000814,1712
4905,"/kaggle/input/datasets/arafatrahmann/my-data221/Epic and CSCR hospital Dataset/Train/meningioma/m1(75).jpg",1,meningioma,1,meningioma,0.0059322412,0.9792092443,0.0079845209,0.0068739774,0.08289480,0.91710520,0.00029738,0.00000791,1712
4906,"/kaggle/input/datasets/arafatrahmann/my-data221/Epic and CSCR hospital Dataset/Train/meningioma/m1(76).jpg",1,meningioma,1,meningioma,0.0058372929,0.9789882898,0.0081203440,0.0070542456,0.07779642,0.92220358,0.00028252,0.00000699,1712
4907,"/kaggle/input/datasets/arafatrahmann/my-data221/Epic and CSCR hospital Dataset/Train/meningioma/m1(77).jpg",1,meningioma,1,meningioma,0.0074495906,0.9778231382,0.0076918667,0.0070353681,0.12608979,0.87391021,0.00022101,0.00001108,1712
4912,"/kaggle/input/datasets/arafatrahmann/my-data221/Epic and CSCR hospital Dataset/Train/meningioma/m1(81).jpg",1,meningioma,1,meningioma,0.0056799091,0.9795594215,0.0079695657,0.0067911781,0.09350466,0.90649535,0.00024477,0.00000915,1714
4922,"/kaggle/input/datasets/arafatrahmann/my-data221/Epic and CSCR hospital Dataset/Train/meningioma/m1(90).jpg",1,meningioma,1,meningioma,0.0064705536,0.9791892767,0.0074706078,0.0068695424,0.13113581,0.86886419,0.00008391,0.00001083,1327
4923,"/kaggle/input/datasets/arafatrahmann/my-data221/Epic and CSCR hospital Dataset/Train/meningioma/m1(91).jpg",1,meningioma,2,notumor,0.0200370234,0.4075891376,0.5670822859,0.0052914638,0.11178214,0.88821785,0.00050459,0.00006618,1721
4926,"/kaggle/input/datasets/arafatrahmann/my-data221/Epic and CSCR hospital Dataset/Train/meningioma/m1(94).jpg",1,meningioma,1,meningioma,0.0064285644,0.9787206650,0.0073256269,0.0075250482,0.09652886,0.90347112,0.00017005,0.00000797,1724
4930,"/kaggle/input/datasets/arafatrahmann/my-data221/Epic and CSCR hospital Dataset/Train/meningioma/m1(98).jpg",1,meningioma,1,meningioma,0.0044041378,0.9804712534,0.0091939261,0.0059306603,0.11893969,0.88106030,0.00013104,0.00000985,1284
4935,"/kaggle/input/datasets/arafatrahmann/my-data221/Epic and CSCR hospital Dataset/Train/meningioma/m2 (101).jpg",1,meningioma,1,meningioma,0.0056521855,0.9795085788,0.0078404536,0.0069987746,0.08683983,0.91316019,0.00026217,0.00000990,1728
4943,"/kaggle/input/datasets/arafatrahmann/my-data221/Epic and CSCR hospital Dataset/Train/meningioma/m2 (109).jpg",1,meningioma,1,meningioma,0.0052008540,0.9798258543,0.0077912048,0.0071820067,0.08806919,0.91193081,0.00024642,0.00000868,1735
4950,"/kaggle/input/datasets/arafatrahmann/my-data221/Epic and CSCR hospital Dataset/Train/meningioma/m2 (115).jpg",1,meningioma,1,meningioma,0.0053264694,0.9797932506,0.0079191308,0.0069611012,0.09242636,0.90757363,0.00020903,0.00000903,1742
4953,"/kaggle/input/datasets/arafatrahmann/my-data221/Epic and CSCR hospital Dataset/Train/meningioma/m2 (118).jpg",1,meningioma,1,meningioma,0.0058984668,0.9781922102,0.0077340081,0.0081752846,0.08097673,0.91902326,0.00029431,0.00000743,1745
4961,"/kaggle/input/datasets/arafatrahmann/my-data221/Epic and CSCR hospital Dataset/Train/meningioma/m2 (125).jpg",1,meningioma,1,meningioma,0.0076346295,0.9753009677,0.0073584556,0.0097058546,0.07528493,0.92471507,0.00041484,0.00000631,1751
4962,"/kaggle/input/datasets/arafatrahmann/my-data221/Epic and CSCR hospital Dataset/Train/meningioma/m2 (126).jpg",1,meningioma,1,meningioma,0.0051940335,0.9799475670,0.0078861248,0.0069722035,0.08217510,0.91782490,0.00043320,0.00000883,1752
4978,"/kaggle/input/datasets/arafatrahmann/my-data221/Epic and CSCR hospital Dataset/Train/meningioma/m2 (140).jpg",1,meningioma,1,meningioma,0.0051490706,0.9796756506,0.0079001104,0.0072751804,0.08434957,0.91565043,0.00031268,0.00000830,1766
4980,"/kaggle/input/datasets/arafatrahmann/my-data221/Epic and CSCR hospital Dataset/Train/meningioma/m2 (142).jpg",1,meningioma,1,meningioma,0.0057666237,0.9790088534,0.0078491624,0.0073754056,0.09056690,0.90943311,0.00024833,0.00000797,1768
4981,"/kaggle/input/datasets/arafatrahmann/my-data221/Epic and CSCR hospital Dataset/Train/meningioma/m2 (143).jpg",1,meningioma,1,meningioma,0.0054718521,0.9796635509,0.0078499848,0.0070146844,0.09825807,0.90174194,0.00029300,0.00000865,1769
4986,"/kaggle/input/datasets/arafatrahmann/my-data221/Epic and CSCR hospital Dataset/Train/meningioma/m2 (148).jpg",1,meningioma,1,meningioma,0.0051830574,0.9794360995,0.0079368269,0.0074439519,0.09550767,0.90449232,0.00033455,0.00000980,1774
4987,"/kaggle/input/datasets/arafatrahmann/my-data221/Epic and CSCR hospital Dataset/Train/meningioma/m2 (149).jpg",1,meningioma,1,meningioma,0.0055420576,0.9779617190,0.0076823928,0.0088137519,0.08155791,0.91844207,0.00031683,0.00000974,1775
4997,"/kaggle/input/datasets/arafatrahmann/my-data221/Epic and CSCR hospital Dataset/Train/meningioma/m2 (158).jpg",1,meningioma,1,meningioma,0.0056846594,0.9780042768,0.0078049004,0.0085060578,0.08616535,0.91383464,0.00042237,0.00000920,1784
5001,"/kaggle/input/datasets/arafatrahmann/my-data221/Epic and CSCR hospital Dataset/Train/meningioma/m2 (161).jpg",1,meningioma,1,meningioma,0.0053904681,0.9797404408,0.0078295842,0.0070395460,0.08786466,0.91213536,0.00024038,0.00000762,1788
5011,"/kaggle/input/datasets/arafatrahmann/my-data221/Epic and CSCR hospital Dataset/Train/meningioma/m2 (170).jpg",1,meningioma,1,meningioma,0.0057601877,0.9795535803,0.0079536671,0.0067326995,0.08020656,0.91979344,0.00029813,0.00000734,1798
5023,"/kaggle/input/datasets/arafatrahmann/my-data221/Epic and CSCR hospital Dataset/Train/meningioma/m2 (21).jpg",1,meningioma,1,meningioma,0.0051773936,0.9796832800,0.0079177935,0.0072214454,0.08427236,0.91572761,0.00028746,0.00000933,1806
5026,"/kaggle/input/datasets/arafatrahmann/my-data221/Epic and CSCR hospital Dataset/Train/meningioma/m2 (24).jpg",1,meningioma,1,meningioma,0.0053325449,0.9793961644,0.0078223739,0.0074489862,0.07965418,0.92034584,0.00051248,0.00000991,1809
5027,"/kaggle/input/datasets/arafatrahmann/my-data221/Epic and CSCR hospital Dataset/Train/meningioma/m2 (25).jpg",1,meningioma,1,meningioma,0.0055815275,0.9790223837,0.0078377044,0.0075583262,0.07772268,0.92227731,0.00035404,0.00000784,1809
5039,"/kaggle/input/datasets/arafatrahmann/my-data221/Epic and CSCR hospital Dataset/Train/meningioma/m2 (36).jpg",1,meningioma,1,meningioma,0.0051931883,0.9797614813,0.0083319712,0.0067133307,0.09412724,0.90587277,0.00022848,0.00000861,1818
5040,"/kaggle/input/datasets/arafatrahmann/my-data221/Epic and CSCR hospital Dataset/Train/meningioma/m2 (37).jpg",1,meningioma,1,meningioma,0.0060097855,0.9790375829,0.0078389440,0.0071137128,0.08860326,0.91139674,0.00018849,0.00000909,1819
5050,"/kaggle/input/datasets/arafatrahmann/my-data221/Epic and CSCR hospital Dataset/Train/meningioma/m2 (46).jpg",1,meningioma,1,meningioma,0.0056609111,0.9795182943,0.0079788016,0.0068419091,0.08593034,0.91406966,0.00027160,0.00000883,1826
5051,"/kaggle/input/datasets/arafatrahmann/my-data221/Epic and CSCR hospital Dataset/Train/meningioma/m2 (47).jpg",1,meningioma,1,meningioma,0.0052963002,0.9797433615,0.0080786189,0.0068817399,0.08591569,0.91408432,0.00026632,0.00000967,1827
5058,"/kaggle/input/datasets/arafatrahmann/my-data221/Epic and CSCR hospital Dataset/Train/meningioma/m2 (53).jpg",1,meningioma,1,meningioma,0.0066117095,0.9784142375,0.0078531029,0.0071208803,0.08899397,0.91100603,0.00029411,0.00000776,1834
5059,"/kaggle/input/datasets/arafatrahmann/my-data221/Epic and CSCR hospital Dataset/Train/meningioma/m2 (54).jpg",1,meningioma,1,meningioma,0.0052017020,0.9797909856,0.0078624617,0.0071448972,0.08261005,0.91738995,0.00037017,0.00000835,1835
5060,"/kaggle/input/datasets/arafatrahmann/my-data221/Epic and CSCR hospital Dataset/Train/meningioma/m2 (55).jpg",1,meningioma,3,pituitary,0.0056744991,0.0255352613,0.0072116330,0.9615785480,0.66635627,0.33364371,0.00005676,0.00016277,1836
5063,"/kaggle/input/datasets/arafatrahmann/my-data221/Epic and CSCR hospital Dataset/Train/meningioma/m2 (58).jpg",1,meningioma,1,meningioma,0.0050864867,0.9801468849,0.0079424260,0.0068242522,0.08574082,0.91425917,0.00025497,0.00000750,1838
5080,"/kaggle/input/datasets/arafatrahmann/my-data221/Epic and CSCR hospital Dataset/Train/meningioma/m2 (73).jpg",1,meningioma,1,meningioma,0.0053207823,0.9797871709,0.0077502043,0.0071419291,0.08972114,0.91027884,0.00021940,0.00000815,1848
5084,"/kaggle/input/datasets/arafatrahmann/my-data221/Epic and CSCR hospital Dataset/Train/meningioma/m2 (77).jpg",1,meningioma,1,meningioma,0.0059328466,0.9765267372,0.0073551224,0.0101852594,0.08979916,0.91020083,0.00031144,0.00000731,1630
5086,"/kaggle/input/datasets/arafatrahmann/my-data221/Epic and CSCR hospital Dataset/Train/meningioma/m2 (79).jpg",1,meningioma,1,meningioma,0.0055117956,0.9795355797,0.0078283465,0.0071242750,0.09345189,0.90654809,0.00020104,0.00000760,1853
5091,"/kaggle/input/datasets/arafatrahmann/my-data221/Epic and CSCR hospital Dataset/Train/meningioma/m2 (83).jpg",1,meningioma,1,meningioma,0.0051350682,0.9788743258,0.0078276740,0.0081630833,0.07952783,0.92047217,0.00037524,0.00000762,1858
5093,"/kaggle/input/datasets/arafatrahmann/my-data221/Epic and CSCR hospital Dataset/Train/meningioma/m2 (85).jpg",1,meningioma,1,meningioma,0.0062991967,0.9785063863,0.0079711638,0.0072232494,0.08560760,0.91439243,0.00026296,0.00000950,1860
5107,"/kaggle/input/datasets/arafatrahmann/my-data221/Epic and CSCR hospital Dataset/Train/meningioma/m2 (98).jpg",1,meningioma,1,meningioma,0.0055643655,0.9792997241,0.0078887222,0.0072471844,0.08371312,0.91628687,0.00025747,0.00000724,1871
5114,"/kaggle/input/datasets/arafatrahmann/my-data221/Epic and CSCR hospital Dataset/Train/meningioma/m3 (103).jpg",1,meningioma,1,meningioma,0.0052059866,0.9799532890,0.0077482136,0.0070925443,0.08067169,0.91932831,0.00030967,0.00000851,1877
5119,"/kaggle/input/datasets/arafatrahmann/my-data221/Epic and CSCR hospital Dataset/Train/meningioma/m3 (108).jpg",1,meningioma,1,meningioma,0.0050578075,0.9798526764,0.0078244815,0.0072650299,0.07939580,0.92060421,0.00035886,0.00000793,1882
5125,"/kaggle/input/datasets/arafatrahmann/my-data221/Epic and CSCR hospital Dataset/Train/meningioma/m3 (113).jpg",1,meningioma,1,meningioma,0.0052207238,0.9801209569,0.0079304008,0.0067279562,0.08679515,0.91320485,0.00018401,0.00000830,1888
5126,"/kaggle/input/datasets/arafatrahmann/my-data221/Epic and CSCR hospital Dataset/Train/meningioma/m3 (114).jpg",1,meningioma,1,meningioma,0.0052202586,0.9793095589,0.0077489065,0.0077212593,0.07893427,0.92106573,0.00029830,0.00000692,1888
5135,"/kaggle/input/datasets/arafatrahmann/my-data221/Epic and CSCR hospital Dataset/Train/meningioma/m3 (122).jpg",1,meningioma,1,meningioma,0.0056301374,0.9795913696,0.0077427602,0.0070357686,0.10656692,0.89343307,0.00013318,0.00000852,1896
5136,"/kaggle/input/datasets/arafatrahmann/my-data221/Epic and CSCR hospital Dataset/Train/meningioma/m3 (123).jpg",1,meningioma,1,meningioma,0.0052977446,0.9799281359,0.0077350452,0.0070390799,0.10148884,0.89851114,0.00019458,0.00000885,1897
5144,"/kaggle/input/datasets/arafatrahmann/my-data221/Epic and CSCR hospital Dataset/Train/meningioma/m3 (130).jpg",1,meningioma,1,meningioma,0.0058240998,0.9798673391,0.0076562082,0.0066522686,0.10894284,0.89105716,0.00012712,0.00000944,2236
5156,"/kaggle/input/datasets/arafatrahmann/my-data221/Epic and CSCR hospital Dataset/Train/meningioma/m3 (141).jpg",1,meningioma,1,meningioma,0.0069258912,0.9785499573,0.0075570242,0.0069671893,0.10472656,0.89527345,0.00019422,0.00000762,1904
5157,"/kaggle/input/datasets/arafatrahmann/my-data221/Epic and CSCR hospital Dataset/Train/meningioma/m3 (142).jpg",1,meningioma,1,meningioma,0.0057091089,0.9788919687,0.0073725125,0.0080265319,0.09768558,0.90231444,0.00018768,0.00000658,1905
5158,"/kaggle/input/datasets/arafatrahmann/my-data221/Epic and CSCR hospital Dataset/Train/meningioma/m3 (143).jpg",1,meningioma,1,meningioma,0.0069466829,0.9627499580,0.0243608765,0.0059423898,0.09952917,0.90047083,0.00054742,0.00006650,1274
5165,"/kaggle/input/datasets/arafatrahmann/my-data221/Epic and CSCR hospital Dataset/Train/meningioma/m3 (150).jpg",1,meningioma,1,meningioma,0.0053719701,0.9798717499,0.0078277430,0.0069285608,0.08650631,0.91349369,0.00033952,0.00000783,1910
5166,"/kaggle/input/datasets/arafatrahmann/my-data221/Epic and CSCR hospital Dataset/Train/meningioma/m3 (151).jpg",1,meningioma,1,meningioma,0.0050922716,0.9799908400,0.0078296093,0.0070873061,0.08392272,0.91607728,0.00019149,0.00000747,1911
5174,"/kaggle/input/datasets/arafatrahmann/my-data221/Epic and CSCR hospital Dataset/Train/meningioma/m3 (159).jpg",1,meningioma,1,meningioma,0.0047338419,0.9807602167,0.0077913380,0.0067146383,0.11264351,0.88735651,0.00022321,0.00001004,1917
5181,"/kaggle/input/datasets/arafatrahmann/my-data221/Epic and CSCR hospital Dataset/Train/meningioma/m3 (168).jpg",1,meningioma,1,meningioma,0.0058821281,0.9785534143,0.0076154657,0.0079490021,0.08348197,0.91651803,0.00021338,0.00000651,1926
5186,"/kaggle/input/datasets/arafatrahmann/my-data221/Epic and CSCR hospital Dataset/Train/meningioma/m3 (173).jpg",1,meningioma,1,meningioma,0.0052282000,0.9791970253,0.0075089619,0.0080658030,0.08166922,0.91833078,0.00028447,0.00000767,2249
5194,"/kaggle/input/datasets/arafatrahmann/my-data221/Epic and CSCR hospital Dataset/Train/meningioma/m3 (181).jpg",1,meningioma,1,meningioma,0.0051224479,0.9799954295,0.0078065149,0.0070755705,0.09568444,0.90431556,0.00023701,0.00000739,2254
5195,"/kaggle/input/datasets/arafatrahmann/my-data221/Epic and CSCR hospital Dataset/Train/meningioma/m3 (182).jpg",1,meningioma,1,meningioma,0.0051494464,0.9792753458,0.0077530919,0.0078220880,0.08699013,0.91300988,0.00029408,0.00000885,2254
5196,"/kaggle/input/datasets/arafatrahmann/my-data221/Epic and CSCR hospital Dataset/Train/meningioma/m3 (183).jpg",1,meningioma,1,meningioma,0.0053230873,0.9796490669,0.0078582820,0.0071695223,0.08724352,0.91275646,0.00026375,0.00000919,2255
5199,"/kaggle/input/datasets/arafatrahmann/my-data221/Epic and CSCR hospital Dataset/Train/meningioma/m3 (186).jpg",1,meningioma,1,meningioma,0.0050599566,0.9799039960,0.0078295926,0.0072064674,0.08869007,0.91130993,0.00030067,0.00001026,2258
5202,"/kaggle/input/datasets/arafatrahmann/my-data221/Epic and CSCR hospital Dataset/Train/notumor/10 no.jpg",2,notumor,2,notumor,0.0052440218,0.0075842962,0.9797016978,0.0074700094,0.09477738,0.90522262,0.00007913,0.00000451,2261
5204,"/kaggle/input/datasets/arafatrahmann/my-data221/Epic and CSCR hospital Dataset/Train/notumor/12 no.jpg",2,notumor,2,notumor,0.0050161821,0.0077584786,0.9800847769,0.0071405834,0.09457734,0.90542266,0.00006906,0.00000421,2263
5211,"/kaggle/input/datasets/arafatrahmann/my-data221/Epic and CSCR hospital Dataset/Train/notumor/1590.jpg",2,notumor,2,notumor,0.0052952254,0.0075194435,0.9799473882,0.0072379224,0.10912923,0.89087077,0.00006342,0.00000534,2270
5216,"/kaggle/input/datasets/arafatrahmann/my-data221/Epic and CSCR hospital Dataset/Train/notumor/1595.jpg",2,notumor,2,notumor,0.0049046092,0.0077357488,0.9798604250,0.0074992971,0.10339296,0.89660705,0.00007350,0.00000535,2275
5227,"/kaggle/input/datasets/arafatrahmann/my-data221/Epic and CSCR hospital Dataset/Train/notumor/1606.jpg",2,notumor,2,notumor,0.0051220907,0.0077484772,0.9802141190,0.0069153383,0.12413165,0.87586834,0.00004851,0.00000472,2285
5228,"/kaggle/input/datasets/arafatrahmann/my-data221/Epic and CSCR hospital Dataset/Train/notumor/1607.jpg",2,notumor,1,meningioma,0.0053112889,0.7897074819,0.1995033920,0.0054778443,0.12777119,0.87222880,0.00091937,0.00012818,2286
5238,"/kaggle/input/datasets/arafatrahmann/my-data221/Epic and CSCR hospital Dataset/Train/notumor/1617.jpg",2,notumor,2,notumor,0.0053662779,0.0075476533,0.9798906446,0.0071953489,0.11257555,0.88742445,0.00005071,0.00000420,2295
5245,"/kaggle/input/datasets/arafatrahmann/my-data221/Epic and CSCR hospital Dataset/Train/notumor/1624.jpg",2,notumor,0,glioma,0.9805415869,0.0055354782,0.0076849633,0.0062380098,0.09758126,0.90241874,0.00010454,0.00000714,2301
5254,"/kaggle/input/datasets/arafatrahmann/my-data221/Epic and CSCR hospital Dataset/Train/notumor/1633.jpg",2,notumor,2,notumor,0.0055256654,0.0075727245,0.9796928167,0.0072087855,0.10268350,0.89731649,0.00006933,0.00000464,2308
5265,"/kaggle/input/datasets/arafatrahmann/my-data221/Epic and CSCR hospital Dataset/Train/notumor/1644.jpg",2,notumor,2,notumor,0.0052170483,0.0076302262,0.9797110558,0.0074417256,0.09487526,0.90512472,0.00006794,0.00000423,2261
5266,"/kaggle/input/datasets/arafatrahmann/my-data221/Epic and CSCR hospital Dataset/Train/notumor/1645.jpg",2,notumor,2,notumor,0.0055164425,0.0075244652,0.9798378944,0.0071211187,0.10249654,0.89750346,0.00007184,0.00000527,2315
5271,"/kaggle/input/datasets/arafatrahmann/my-data221/Epic and CSCR hospital Dataset/Train/notumor/1650.jpg",2,notumor,2,notumor,0.0049978932,0.0076515554,0.9801139832,0.0072365752,0.11956847,0.88043153,0.00005965,0.00000600,2319
5276,"/kaggle/input/datasets/arafatrahmann/my-data221/Epic and CSCR hospital Dataset/Train/notumor/1655.jpg",2,notumor,2,notumor,0.0055392305,0.0076637417,0.9798822403,0.0069146878,0.12032836,0.87967164,0.00006072,0.00000596,2261
5290,"/kaggle/input/datasets/arafatrahmann/my-data221/Epic and CSCR hospital Dataset/Train/notumor/1669.jpg",2,notumor,2,notumor,0.0043234522,0.2016133368,0.7878619432,0.0062013050,0.10683720,0.89316279,0.00040571,0.00001600,2331
5293,"/kaggle/input/datasets/arafatrahmann/my-data221/Epic and CSCR hospital Dataset/Train/notumor/1672.jpg",2,notumor,2,notumor,0.0050208555,0.0082485303,0.9799489975,0.0067816651,0.08792727,0.91207274,0.00010452,0.00000426,2334
5297,"/kaggle/input/datasets/arafatrahmann/my-data221/Epic and CSCR hospital Dataset/Train/notumor/1676.jpg",2,notumor,2,notumor,0.0052127438,0.0078184921,0.9797670245,0.0072017191,0.10087468,0.89912531,0.00006626,0.00000438,2335
5299,"/kaggle/input/datasets/arafatrahmann/my-data221/Epic and CSCR hospital Dataset/Train/notumor/1678.jpg",2,notumor,2,notumor,0.0047160536,0.0083808452,0.9796768427,0.0072261794,0.09275627,0.90724376,0.00009253,0.00000511,2337
5308,"/kaggle/input/datasets/arafatrahmann/my-data221/Epic and CSCR hospital Dataset/Train/notumor/1687.jpg",2,notumor,2,notumor,0.0050195996,0.0078198854,0.9800096750,0.0071506687,0.09363494,0.90636504,0.00007232,0.00000412,2270
5312,"/kaggle/input/datasets/arafatrahmann/my-data221/Epic and CSCR hospital Dataset/Train/notumor/1691.jpg",2,notumor,2,notumor,0.0052431962,0.0081140297,0.9794367552,0.0072060064,0.09189202,0.90810801,0.00008796,0.00000518,2347
5317,"/kaggle/input/datasets/arafatrahmann/my-data221/Epic and CSCR hospital Dataset/Train/notumor/1696.jpg",2,notumor,2,notumor,0.0047951364,0.0078174025,0.9798274040,0.0075600995,0.09317704,0.90682294,0.00007720,0.00000435,21
5319,"/kaggle/input/datasets/arafatrahmann/my-data221/Epic and CSCR hospital Dataset/Train/notumor/1698.jpg",2,notumor,2,notumor,0.0053851409,0.0076802373,0.9795974493,0.0073371441,0.10553100,0.89446900,0.00005718,0.00000461,2353
5320,"/kaggle/input/datasets/arafatrahmann/my-data221/Epic and CSCR hospital Dataset/Train/notumor/1699.jpg",2,notumor,2,notumor,0.0052098455,0.0075177974,0.9800519943,0.0072203903,0.10088975,0.89911026,0.00008325,0.00000514,2354
5331,"/kaggle/input/datasets/arafatrahmann/my-data221/Epic and CSCR hospital Dataset/Train/notumor/1709.jpg",2,notumor,2,notumor,0.0051405719,0.0077741044,0.9801220894,0.0069632991,0.10623450,0.89376553,0.00005895,0.00000528,2285
5333,"/kaggle/input/datasets/arafatrahmann/my-data221/Epic and CSCR hospital Dataset/Train/notumor/1711.jpg",2,notumor,2,notumor,0.0053953677,0.0076289563,0.9800384641,0.0069372645,0.11790058,0.88209941,0.00005013,0.00000557,2361
5345,"/kaggle/input/datasets/arafatrahmann/my-data221/Epic and CSCR hospital Dataset/Train/notumor/1723.jpg",2,notumor,2,notumor,0.0052237771,0.0078092380,0.9797199965,0.0072469534,0.09774729,0.90225270,0.00008191,0.00000452,2369
5354,"/kaggle/input/datasets/arafatrahmann/my-data221/Epic and CSCR hospital Dataset/Train/notumor/1732.jpg",2,notumor,2,notumor,0.0050793691,0.0077853925,0.9797518849,0.0073834830,0.09685733,0.90314265,0.00007019,0.00000505,2374
5359,"/kaggle/input/datasets/arafatrahmann/my-data221/Epic and CSCR hospital Dataset/Train/notumor/1737.jpg",2,notumor,2,notumor,0.0051010069,0.0079648867,0.9797785878,0.0071555078,0.09980825,0.90019174,0.00007716,0.00000565,2376
5360,"/kaggle/input/datasets/arafatrahmann/my-data221/Epic and CSCR hospital Dataset/Train/notumor/1738.jpg",2,notumor,2,notumor,0.0054949992,0.0075085745,0.9796497226,0.0073466972,0.11326281,0.88673719,0.00010985,0.00000567,2377
5364,"/kaggle/input/datasets/arafatrahmann/my-data221/Epic and CSCR hospital Dataset/Train/notumor/1742.jpg",2,notumor,2,notumor,0.0050344514,0.0079415515,0.9799554944,0.0070685199,0.09276478,0.90723523,0.00008775,0.00000425,2381
5372,"/kaggle/input/datasets/arafatrahmann/my-data221/Epic and CSCR hospital Dataset/Train/notumor/1750.jpg",2,notumor,2,notumor,0.0050454340,0.0075649144,0.9796602130,0.0077292733,0.09913581,0.90086420,0.00008679,0.00000441,2388
5377,"/kaggle/input/datasets/arafatrahmann/my-data221/Epic and CSCR hospital Dataset/Train/notumor/1755.jpg",2,notumor,2,notumor,0.0054113050,0.0074509643,0.9796603918,0.0074772714,0.09969189,0.90030809,0.00006945,0.00000500,2390
5378,"/kaggle/input/datasets/arafatrahmann/my-data221/Epic and CSCR hospital Dataset/Train/notumor/1756.jpg",2,notumor,2,notumor,0.0051447600,0.0077743181,0.9801131487,0.0069677667,0.10666082,0.89333919,0.00007375,0.00000455,2285
5393,"/kaggle/input/datasets/arafatrahmann/my-data221/Epic and CSCR hospital Dataset/Train/notumor/1771.jpg",2,notumor,2,notumor,0.0050048353,0.0083055850,0.9799805880,0.0067090155,0.09269664,0.90730336,0.00009884,0.00000436,2334
5396,"/kaggle/input/datasets/arafatrahmann/my-data221/Epic and CSCR hospital Dataset/Train/notumor/1774.jpg",2,notumor,2,notumor,0.0053762565,0.0076183574,0.9796953201,0.0073100487,0.10579034,0.89420966,0.00006008,0.00000427,2400
5398,"/kaggle/input/datasets/arafatrahmann/my-data221/Epic and CSCR hospital Dataset/Train/notumor/1776.jpg",2,notumor,2,notumor,0.0050484706,0.0079813851,0.9799439311,0.0070262179,0.09593141,0.90406858,0.00009383,0.00000433,2401
5413,"/kaggle/input/datasets/arafatrahmann/my-data221/Epic and CSCR hospital Dataset/Train/notumor/1791.jpg",2,notumor,2,notumor,0.0049330494,0.0083799586,0.9797887802,0.0068981722,0.09811463,0.90188535,0.00009736,0.00000468,400
5418,"/kaggle/input/datasets/arafatrahmann/my-data221/Epic and CSCR hospital Dataset/Train/notumor/1796.jpg",2,notumor,2,notumor,0.0051336410,0.0077679567,0.9801565409,0.0069417832,0.11649180,0.88350818,0.00006888,0.00000489,2285
5419,"/kaggle/input/datasets/arafatrahmann/my-data221/Epic and CSCR hospital Dataset/Train/notumor/1797.jpg",2,notumor,2,notumor,0.0045422376,0.0128040640,0.9766861200,0.0059675495,0.08276467,0.91723534,0.00023762,0.00000849,2408
5429,"/kaggle/input/datasets/arafatrahmann/my-data221/Epic and CSCR hospital Dataset/Train/notumor/1806.jpg",2,notumor,2,notumor,0.0050107138,0.0076942416,0.9799731374,0.0073218765,0.09190256,0.90809745,0.00006969,0.00000431,2263
5434,"/kaggle/input/datasets/arafatrahmann/my-data221/Epic and CSCR hospital Dataset/Train/notumor/1811.jpg",2,notumor,2,notumor,0.0050144540,0.0079584634,0.9799362421,0.0070909397,0.09043028,0.90956973,0.00009823,0.00000524,2416
5437,"/kaggle/input/datasets/arafatrahmann/my-data221/Epic and CSCR hospital Dataset/Train/notumor/1814.jpg",2,notumor,2,notumor,0.0046423632,0.0068176100,0.9782799482,0.0102600120,0.10840992,0.89159008,0.00007722,0.00000510,2419
5441,"/kaggle/input/datasets/arafatrahmann/my-data221/Epic and CSCR hospital Dataset/Train/notumor/1818.jpg",2,notumor,2,notumor,0.0050312132,0.0079645701,0.9800063372,0.0069979327,0.10334929,0.89665070,0.00006459,0.00000575,2401
5442,"/kaggle/input/datasets/arafatrahmann/my-data221/Epic and CSCR hospital Dataset/Train/notumor/1819.jpg",2,notumor,2,notumor,0.0055417479,0.0075272536,0.9796196818,0.0073113479,0.09597652,0.90402349,0.00007486,0.00000377,2421
5447,"/kaggle/input/datasets/arafatrahmann/my-data221/Epic and CSCR hospital Dataset/Train/notumor/1824.jpg",2,notumor,2,notumor,0.0052695447,0.0080175567,0.9797651172,0.0069477148,0.09618572,0.90381428,0.00011530,0.00000525,2424
5451,"/kaggle/input/datasets/arafatrahmann/my-data221/Epic and CSCR hospital Dataset/Train/notumor/1828.jpg",2,notumor,2,notumor,0.0054207253,0.0076142913,0.9793266058,0.0076383650,0.08825395,0.91174604,0.00012603,0.00000513,2426
5460,"/kaggle/input/datasets/arafatrahmann/my-data221/Epic and CSCR hospital Dataset/Train/notumor/1837.jpg",2,notumor,2,notumor,0.0049512265,0.0075615011,0.9796524048,0.0078349086,0.08315597,0.91684404,0.00011819,0.00000448,2430
5462,"/kaggle/input/datasets/arafatrahmann/my-data221/Epic and CSCR hospital Dataset/Train/notumor/1839.jpg",2,notumor,2,notumor,0.0052724704,0.0073467507,0.9792896509,0.0080912085,0.10095893,0.89904109,0.00005471,0.00000364,2432
5472,"/kaggle/input/datasets/arafatrahmann/my-data221/Epic and CSCR hospital Dataset/Train/notumor/1849.jpg",2,notumor,0,glioma,0.9805765152,0.0055446331,0.0076702633,0.0062085772,0.10187880,0.89812119,0.00011424,0.00000749,2301
5476,"/kaggle/input/datasets/arafatrahmann/my-data221/Epic and CSCR hospital Dataset/Train/notumor/1853.jpg",2,notumor,2,notumor,0.0047700726,0.0077952789,0.9799221158,0.0075125368,0.10433179,0.89566821,0.00005996,0.00000471,21
5478,"/kaggle/input/datasets/arafatrahmann/my-data221/Epic and CSCR hospital Dataset/Train/notumor/1855.jpg",2,notumor,2,notumor,0.0048730485,0.0079018641,0.9798997045,0.0073253671,0.10270834,0.89729167,0.00008599,0.00000569,2440
5480,"/kaggle/input/datasets/arafatrahmann/my-data221/Epic and CSCR hospital Dataset/Train/notumor/1857.jpg",2,notumor,2,notumor,0.0050373222,0.0075784894,0.9796603322,0.0077238120,0.09451588,0.90548410,0.00009501,0.00000587,2388
5491,"/kaggle/input/datasets/arafatrahmann/my-data221/Epic and CSCR hospital Dataset/Train/notumor/1868.jpg",2,notumor,2,notumor,0.0053691110,0.0075808936,0.9798332453,0.0072166831,0.13740206,0.86259794,0.00004671,0.00000599,2400
5494,"/kaggle/input/datasets/arafatrahmann/my-data221/Epic and CSCR hospital Dataset/Train/notumor/1871.jpg",2,notumor,2,notumor,0.0049251230,0.0083603989,0.9798475504,0.0068669715,0.10737209,0.89262792,0.00008905,0.00000597,400
5495,"/kaggle/input/datasets/arafatrahmann/my-data221/Epic and CSCR hospital Dataset/Train/notumor/1872.jpg",2,notumor,2,notumor,0.0054003363,0.0076927813,0.9794878960,0.0074189305,0.08981602,0.91018398,0.00008285,0.00000453,2446
5498,"/kaggle/input/datasets/arafatrahmann/my-data221/Epic and CSCR hospital Dataset/Train/notumor/1875.jpg",2,notumor,2,notumor,0.0052194027,0.0078698341,0.9798405766,0.0070700906,0.11310897,0.88689103,0.00006667,0.00000602,2449
5499,"/kaggle/input/datasets/arafatrahmann/my-data221/Epic and CSCR hospital Dataset/Train/notumor/1876.jpg",2,notumor,2,notumor,0.0048136855,0.0082113091,0.9799730182,0.0070019825,0.09756114,0.90243888,0.00008969,0.00000572,2295
5507,"/kaggle/input/datasets/arafatrahmann/my-data221/Epic and CSCR hospital Dataset/Train/notumor/1884.jpg",2,notumor,2,notumor,0.0053244317,0.0074253366,0.9796082377,0.0076419860,0.13937087,0.86062915,0.00005471,0.00000600,2452
5510,"/kaggle/input/datasets/arafatrahmann/my-data221/Epic and CSCR hospital Dataset/Train/notumor/1923.jpg",2,notumor,2,notumor,0.0052935290,0.0078421207,0.9796927571,0.0071717007,0.09146821,0.90853179,0.00009839,0.00000512,2454
5526,"/kaggle/input/datasets/arafatrahmann/my-data221/Epic and CSCR hospital Dataset/Train/notumor/4 no.jpg",2,notumor,2,notumor,0.0052126977,0.0077863308,0.9797644615,0.0072365231,0.09529759,0.90470243,0.00006885,0.00000437,2463
5533,"/kaggle/input/datasets/arafatrahmann/my-data221/Epic and CSCR hospital Dataset/Train/notumor/9 no.jpg",2,notumor,2,notumor,0.0052455971,0.0075892559,0.9796921611,0.0074730366,0.09317853,0.90682147,0.00008763,0.00000500,2261
5534,"/kaggle/input/datasets/arafatrahmann/my-data221/Epic and CSCR hospital Dataset/Train/notumor/N1.JPG",2,notumor,2,notumor,0.0053285896,0.0076954826,0.9799330831,0.0070428988,0.11876671,0.88123329,0.00006319,0.00000536,2465
5542,"/kaggle/input/datasets/arafatrahmann/my-data221/Epic and CSCR hospital Dataset/Train/notumor/N21.jpg",2,notumor,2,notumor,0.0049293297,0.0083482508,0.9799214602,0.0068009933,0.09093748,0.90906252,0.00009929,0.00000527,2471
5543,"/kaggle/input/datasets/arafatrahmann/my-data221/Epic and CSCR hospital Dataset/Train/notumor/N22.JPG",2,notumor,2,notumor,0.0051092608,0.0075551616,0.9798913002,0.0074442225,0.09429807,0.90570194,0.00008549,0.00000428,2472
5546,"/kaggle/input/datasets/arafatrahmann/my-data221/Epic and CSCR hospital Dataset/Train/notumor/N5.jpg",2,notumor,2,notumor,0.0052057309,0.0077729924,0.9798008204,0.0072204471,0.09946339,0.90053661,0.00006339,0.00000480,2463
5569,"/kaggle/input/datasets/arafatrahmann/my-data221/Epic and CSCR hospital Dataset/Train/notumor/N_370.jpg",2,notumor,2,notumor,0.0048149326,0.0077049313,0.9798674583,0.0076125963,0.10242241,0.89757758,0.00008119,0.00000521,21
5570,"/kaggle/input/datasets/arafatrahmann/my-data221/Epic and CSCR hospital Dataset/Train/notumor/N_370_BR_.jpg",2,notumor,2,notumor,0.0051736110,0.0071960441,0.9793904424,0.0082399296,0.08811486,0.91188513,0.00010254,0.00000496,21
5571,"/kaggle/input/datasets/arafatrahmann/my-data221/Epic and CSCR hospital Dataset/Train/notumor/N_370_DA_.jpg",2,notumor,2,notumor,0.0052463943,0.0073487302,0.9796974063,0.0077074645,0.09284605,0.90715398,0.00007460,0.00000344,21
5572,"/kaggle/input/datasets/arafatrahmann/my-data221/Epic and CSCR hospital Dataset/Train/notumor/N_370_HF_.jpg",2,notumor,2,notumor,0.0048240079,0.0076514236,0.9797661901,0.0077583515,0.09807007,0.90192993,0.00007180,0.00000442,21
5573,"/kaggle/input/datasets/arafatrahmann/my-data221/Epic and CSCR hospital Dataset/Train/notumor/N_370_VF_.jpg",2,notumor,2,notumor,0.0049097813,0.0072692358,0.9796430469,0.0081779063,0.10308434,0.89691564,0.00006665,0.00000522,21
5581,"/kaggle/input/datasets/arafatrahmann/my-data221/Epic and CSCR hospital Dataset/Train/notumor/N_372.jpg",2,notumor,2,notumor,0.0048898086,0.0077513978,0.9799898863,0.0073689418,0.11459029,0.88540969,0.00005839,0.00000437,2275
5582,"/kaggle/input/datasets/arafatrahmann/my-data221/Epic and CSCR hospital Dataset/Train/notumor/N_372_BR_.jpg",2,notumor,2,notumor,0.0052668015,0.0077724322,0.9796243906,0.0073364116,0.08872131,0.91127867,0.00009358,0.00000477,2275
5583,"/kaggle/input/datasets/arafatrahmann/my-data221/Epic and CSCR hospital Dataset/Train/notumor/N_372_DA_.jpg",2,notumor,2,notumor,0.0049291640,0.0078299809,0.9797536135,0.0074872663,0.10312098,0.89687903,0.00006505,0.00000483,2275
5584,"/kaggle/input/datasets/arafatrahmann/my-data221/Epic and CSCR hospital Dataset/Train/notumor/N_372_HF_.jpg",2,notumor,2,notumor,0.0049406947,0.0077398987,0.9797616005,0.0075577535,0.08884477,0.91115522,0.00008039,0.00000447,2275
5585,"/kaggle/input/datasets/arafatrahmann/my-data221/Epic and CSCR hospital Dataset/Train/notumor/N_372_RO_.jpg",2,notumor,2,notumor,0.0048599788,0.0085864570,0.9795908928,0.0069626980,0.09329795,0.90670205,0.00009321,0.00000544,2275
5586,"/kaggle/input/datasets/arafatrahmann/my-data221/Epic and CSCR hospital Dataset/Train/notumor/N_372_SP_.jpg",2,notumor,2,notumor,0.0049310233,0.0078966636,0.9796630740,0.0075092218,0.09613231,0.90386771,0.00006969,0.00000506,2275
5587,"/kaggle/input/datasets/arafatrahmann/my-data221/Epic and CSCR hospital Dataset/Train/notumor/N_372_VF_.jpg",2,notumor,2,notumor,0.0048808577,0.0077530602,0.9797350168,0.0076310844,0.09112787,0.90887213,0.00011598,0.00000452,2275
5665,"/kaggle/input/datasets/arafatrahmann/my-data221/Epic and CSCR hospital Dataset/Train/notumor/N_383.jpg",2,notumor,2,notumor,0.0054332763,0.0076563009,0.9799038172,0.0070066429,0.09735255,0.90264745,0.00006301,0.00000429,2361
5666,"/kaggle/input/datasets/arafatrahmann/my-data221/Epic and CSCR hospital Dataset/Train/notumor/N_383_BR_.jpg",2,notumor,2,notumor,0.0055398224,0.0077834637,0.9797733426,0.0069033592,0.08796279,0.91203721,0.00011046,0.00000390,2361
5667,"/kaggle/input/datasets/arafatrahmann/my-data221/Epic and CSCR hospital Dataset/Train/notumor/N_383_DA_.jpg",2,notumor,2,notumor,0.0050920816,0.0078977151,0.9799777269,0.0070324587,0.09363837,0.90636165,0.00009184,0.00000499,2361
5668,"/kaggle/input/datasets/arafatrahmann/my-data221/Epic and CSCR hospital Dataset/Train/notumor/N_383_HF_.jpg",2,notumor,2,notumor,0.0054098992,0.0076991930,0.9798795581,0.0070113256,0.09429519,0.90570480,0.00008839,0.00000413,2361
5669,"/kaggle/input/datasets/arafatrahmann/my-data221/Epic and CSCR hospital Dataset/Train/notumor/N_383_RO_.jpg",2,notumor,2,notumor,0.0052247923,0.0078777075,0.9800532460,0.0068442645,0.11412041,0.88587960,0.00010155,0.00000487,2361
5670,"/kaggle/input/datasets/arafatrahmann/my-data221/Epic and CSCR hospital Dataset/Train/notumor/N_383_SP_.jpg",2,notumor,2,notumor,0.0055128038,0.0074651008,0.9797224998,0.0072995424,0.10044679,0.89955321,0.00007175,0.00000470,2361
5671,"/kaggle/input/datasets/arafatrahmann/my-data221/Epic and CSCR hospital Dataset/Train/notumor/N_383_VF_.jpg",2,notumor,2,notumor,0.0055275969,0.0075140246,0.9798911214,0.0070673143,0.11095195,0.88904806,0.00005808,0.00000516,2361
5707,"/kaggle/input/datasets/arafatrahmann/my-data221/Epic and CSCR hospital Dataset/Train/notumor/N_389.jpg",2,notumor,2,notumor,0.0052653719,0.0078570805,0.9799982309,0.0068793958,0.10909655,0.89090346,0.00004919,0.00000490,2482
5708,"/kaggle/input/datasets/arafatrahmann/my-data221/Epic and CSCR hospital Dataset/Train/notumor/N_389_BR_.jpg",2,notumor,2,notumor,0.0053971084,0.0078697484,0.9798713923,0.0068618120,0.09576458,0.90423542,0.00009506,0.00000461,2482
5709,"/kaggle/input/datasets/arafatrahmann/my-data221/Epic and CSCR hospital Dataset/Train/notumor/N_389_DA_.jpg",2,notumor,2,notumor,0.0050766496,0.0079076616,0.9799612761,0.0070544332,0.09293877,0.90706123,0.00009737,0.00000522,2482
5710,"/kaggle/input/datasets/arafatrahmann/my-data221/Epic and CSCR hospital Dataset/Train/notumor/N_389_HF_.jpg",2,notumor,2,notumor,0.0052694557,0.0078936387,0.9799437523,0.0068931789,0.10116344,0.89883657,0.00008158,0.00000496,2482
5711,"/kaggle/input/datasets/arafatrahmann/my-data221/Epic and CSCR hospital Dataset/Train/notumor/N_389_RO_.jpg",2,notumor,2,notumor,0.0052072569,0.0082623800,0.9799001813,0.0066301883,0.11514691,0.88485310,0.00005604,0.00000567,2482
5712,"/kaggle/input/datasets/arafatrahmann/my-data221/Epic and CSCR hospital Dataset/Train/notumor/N_389_SP_.jpg",2,notumor,2,notumor,0.0054082954,0.0076321242,0.9798633456,0.0070961826,0.12815984,0.87184016,0.00006139,0.00000560,2482
5713,"/kaggle/input/datasets/arafatrahmann/my-data221/Epic and CSCR hospital Dataset/Train/notumor/N_389_VF_.jpg",2,notumor,2,notumor,0.0052722888,0.0078636911,0.9799407721,0.0069232611,0.10639454,0.89360546,0.00005612,0.00000513,2482
5742,"/kaggle/input/datasets/arafatrahmann/my-data221/Epic and CSCR hospital Dataset/Train/notumor/N_393.jpg",2,notumor,2,notumor,0.0050145523,0.0079325605,0.9799507260,0.0071022189,0.09386703,0.90613298,0.00008066,0.00000493,2416
5743,"/kaggle/input/datasets/arafatrahmann/my-data221/Epic and CSCR hospital Dataset/Train/notumor/N_393_BR_.jpg",2,notumor,2,notumor,0.0054750578,0.0074954880,0.9796851277,0.0073443251,0.09582998,0.90417004,0.00014151,0.00000662,2416
5744,"/kaggle/input/datasets/arafatrahmann/my-data221/Epic and CSCR hospital Dataset/Train/notumor/N_393_DA_.jpg",2,notumor,2,notumor,0.0051214835,0.0077135013,0.9799630046,0.0072020390,0.10050833,0.89949166,0.00007886,0.00000492,2416
5745,"/kaggle/input/datasets/arafatrahmann/my-data221/Epic and CSCR hospital Dataset/Train/notumor/N_393_HF_.jpg",2,notumor,2,notumor,0.0050440128,0.0077873468,0.9799402356,0.0072284476,0.09670832,0.90329168,0.00007003,0.00000481,2416
5746,"/kaggle/input/datasets/arafatrahmann/my-data221/Epic and CSCR hospital Dataset/Train/notumor/N_393_RO_.jpg",2,notumor,2,notumor,0.0050325533,0.0082538901,0.9798765182,0.0068369796,0.09403172,0.90596827,0.00011378,0.00000505,2416
5747,"/kaggle/input/datasets/arafatrahmann/my-data221/Epic and CSCR hospital Dataset/Train/notumor/N_393_SP_.jpg",2,notumor,2,notumor,0.0053039575,0.0072833709,0.9795123339,0.0079003666,0.09355611,0.90644389,0.00009336,0.00000490,2416
5748,"/kaggle/input/datasets/arafatrahmann/my-data221/Epic and CSCR hospital Dataset/Train/notumor/N_393_VF_.jpg",2,notumor,2,notumor,0.0050791935,0.0078128641,0.9799461365,0.0071617900,0.08915736,0.91084265,0.00010120,0.00000527,2416
5749,"/kaggle/input/datasets/arafatrahmann/my-data221/Epic and CSCR hospital Dataset/Train/notumor/N_394.jpg",2,notumor,0,glioma,0.9806755185,0.0056197057,0.0076448517,0.0060599754,0.11441565,0.88558436,0.00008923,0.00000726,2301
5750,"/kaggle/input/datasets/arafatrahmann/my-data221/Epic and CSCR hospital Dataset/Train/notumor/N_394_BR_.jpg",2,notumor,0,glioma,0.9794703722,0.0063706324,0.0074642622,0.0066946312,0.09166938,0.90833061,0.00013179,0.00000593,2301
5751,"/kaggle/input/datasets/arafatrahmann/my-data221/Epic and CSCR hospital Dataset/Train/notumor/N_394_DA_.jpg",2,notumor,0,glioma,0.9801610708,0.0053939577,0.0080955978,0.0063493601,0.08789108,0.91210892,0.00017427,0.00000693,2301
5752,"/kaggle/input/datasets/arafatrahmann/my-data221/Epic and CSCR hospital Dataset/Train/notumor/N_394_HF_.jpg",2,notumor,0,glioma,0.9805329442,0.0056476742,0.0076394118,0.0061801160,0.10011591,0.89988408,0.00011522,0.00000545,2301
5753,"/kaggle/input/datasets/arafatrahmann/my-data221/Epic and CSCR hospital Dataset/Train/notumor/N_394_RO_.jpg",2,notumor,0,glioma,0.9804767370,0.0056219297,0.0078775147,0.0060238042,0.12183659,0.87816342,0.00015318,0.00000587,2301
5754,"/kaggle/input/datasets/arafatrahmann/my-data221/Epic and CSCR hospital Dataset/Train/notumor/N_394_SP_.jpg",2,notumor,2,notumor,0.0345623530,0.0066473121,0.9505672455,0.0082231220,0.09107385,0.90892614,0.00091855,0.00004031,2301
5755,"/kaggle/input/datasets/arafatrahmann/my-data221/Epic and CSCR hospital Dataset/Train/notumor/N_394_VF_.jpg",2,notumor,0,glioma,0.9804003835,0.0057338732,0.0075097391,0.0063559674,0.10680168,0.89319832,0.00010067,0.00000689,2301
5804,"/kaggle/input/datasets/arafatrahmann/my-data221/Epic and CSCR hospital Dataset/Train/notumor/N_40.jpg",2,notumor,2,notumor,0.0049126432,0.0077738822,0.9798879623,0.0074253632,0.10178598,0.89821401,0.00008631,0.00000493,2275
5819,"/kaggle/input/datasets/arafatrahmann/my-data221/Epic and CSCR hospital Dataset/Train/notumor/N_402.jpg",2,notumor,2,notumor,0.0054983157,0.0076075150,0.9794756174,0.0074185180,0.08843789,0.91156213,0.00011271,0.00000607,2377
5820,"/kaggle/input/datasets/arafatrahmann/my-data221/Epic and CSCR hospital Dataset/Train/notumor/N_402_BR_.jpg",2,notumor,2,notumor,0.0053867316,0.0077843866,0.9796868563,0.0071420348,0.09135486,0.90864514,0.00009546,0.00000480,2377
5821,"/kaggle/input/datasets/arafatrahmann/my-data221/Epic and CSCR hospital Dataset/Train/notumor/N_402_DA_.jpg",2,notumor,2,notumor,0.0051670498,0.0076317228,0.9796153903,0.0075858720,0.08546885,0.91453116,0.00007892,0.00000379,2377
5822,"/kaggle/input/datasets/arafatrahmann/my-data221/Epic and CSCR hospital Dataset/Train/notumor/N_402_HF_.jpg",2,notumor,2,notumor,0.0054739201,0.0075792097,0.9796020389,0.0073448298,0.10523537,0.89476463,0.00006049,0.00000500,2377
5823,"/kaggle/input/datasets/arafatrahmann/my-data221/Epic and CSCR hospital Dataset/Train/notumor/N_402_RO_.jpg",2,notumor,2,notumor,0.0054850038,0.0078025437,0.9795588255,0.0071535865,0.10382467,0.89617534,0.00007278,0.00000558,2377
5824,"/kaggle/input/datasets/arafatrahmann/my-data221/Epic and CSCR hospital Dataset/Train/notumor/N_402_SP_.jpg",2,notumor,2,notumor,0.0055309553,0.0075489939,0.9794702530,0.0074498109,0.09098625,0.90901377,0.00006809,0.00000338,2377
5825,"/kaggle/input/datasets/arafatrahmann/my-data221/Epic and CSCR hospital Dataset/Train/notumor/N_402_VF_.jpg",2,notumor,2,notumor,0.0054212273,0.0075620362,0.9796150923,0.0074016368,0.09719350,0.90280650,0.00010266,0.00000530,2377
5861,"/kaggle/input/datasets/arafatrahmann/my-data221/Epic and CSCR hospital Dataset/Train/notumor/N_408.jpg",2,notumor,2,notumor,0.0048248768,0.0077062785,0.9798389673,0.0076299561,0.09692695,0.90307304,0.00008400,0.00000445,21
5862,"/kaggle/input/datasets/arafatrahmann/my-data221/Epic and CSCR hospital Dataset/Train/notumor/N_408_BR_.jpg",2,notumor,2,notumor,0.0051613585,0.0071714716,0.9794698954,0.0081973318,0.09652485,0.90347514,0.00008161,0.00000546,21
5863,"/kaggle/input/datasets/arafatrahmann/my-data221/Epic and CSCR hospital Dataset/Train/notumor/N_408_DA_.jpg",2,notumor,2,notumor,0.0051899510,0.0072901770,0.9798892140,0.0076307370,0.11455641,0.88544359,0.00005271,0.00000536,21
5864,"/kaggle/input/datasets/arafatrahmann/my-data221/Epic and CSCR hospital Dataset/Train/notumor/N_408_HF_.jpg",2,notumor,2,notumor,0.0048106927,0.0076366076,0.9798240662,0.0077286460,0.10348930,0.89651070,0.00007296,0.00000520,21
5865,"/kaggle/input/datasets/arafatrahmann/my-data221/Epic and CSCR hospital Dataset/Train/notumor/N_408_RO_.jpg",2,notumor,2,notumor,0.0047652209,0.0083306823,0.9796989560,0.0072050942,0.08494102,0.91505899,0.00010558,0.00000449,21
5866,"/kaggle/input/datasets/arafatrahmann/my-data221/Epic and CSCR hospital Dataset/Train/notumor/N_408_SP_.jpg",2,notumor,2,notumor,0.0050444254,0.0075644879,0.9797674417,0.0076236045,0.09882541,0.90117460,0.00009531,0.00000541,21
5867,"/kaggle/input/datasets/arafatrahmann/my-data221/Epic and CSCR hospital Dataset/Train/notumor/N_408_VF_.jpg",2,notumor,2,notumor,0.0048918426,0.0072515830,0.9797016978,0.0081547536,0.10978044,0.89021956,0.00005851,0.00000499,21
5875,"/kaggle/input/datasets/arafatrahmann/my-data221/Epic and CSCR hospital Dataset/Train/notumor/N_40_BR_.jpg",2,notumor,2,notumor,0.0052526547,0.0077315755,0.9797438383,0.0072718398,0.10506400,0.89493601,0.00009278,0.00000560,2275
5876,"/kaggle/input/datasets/arafatrahmann/my-data221/Epic and CSCR hospital Dataset/Train/notumor/N_40_DA_.jpg",2,notumor,2,notumor,0.0049014422,0.0078048469,0.9798547626,0.0074389754,0.11833154,0.88166846,0.00006772,0.00000543,2275
5877,"/kaggle/input/datasets/arafatrahmann/my-data221/Epic and CSCR hospital Dataset/Train/notumor/N_40_HF_.jpg",2,notumor,2,notumor,0.0049389033,0.0077384142,0.9797677994,0.0075548105,0.08987383,0.91012616,0.00009485,0.00000448,2275
5878,"/kaggle/input/datasets/arafatrahmann/my-data221/Epic and CSCR hospital Dataset/Train/notumor/N_40_RO_.jpg",2,notumor,2,notumor,0.0048562177,0.0085831247,0.9796036482,0.0069569349,0.09369275,0.90630724,0.00008107,0.00000485,2275
5879,"/kaggle/input/datasets/arafatrahmann/my-data221/Epic and CSCR hospital Dataset/Train/notumor/N_40_SP_.jpg",2,notumor,2,notumor,0.0049562426,0.0078725200,0.9796065092,0.0075647123,0.09204710,0.90795290,0.00008591,0.00000467,2275
5880,"/kaggle/input/datasets/arafatrahmann/my-data221/Epic and CSCR hospital Dataset/Train/notumor/N_40_VF_.jpg",2,notumor,2,notumor,0.0048346776,0.0077057718,0.9799281359,0.0075313225,0.11488297,0.88511702,0.00007998,0.00000494,2275
5987,"/kaggle/input/datasets/arafatrahmann/my-data221/Epic and CSCR hospital Dataset/Train/notumor/N_424.jpg",2,notumor,2,notumor,0.0051535782,0.0077774031,0.9800707102,0.0069982661,0.10038814,0.89961185,0.00006460,0.00000495,2285
5988,"/kaggle/input/datasets/arafatrahmann/my-data221/Epic and CSCR hospital Dataset/Train/notumor/N_424_BR_.jpg",2,notumor,2,notumor,0.0054326733,0.0077676820,0.9799917340,0.0068079447,0.11164947,0.88835053,0.00006358,0.00000518,2285
5989,"/kaggle/input/datasets/arafatrahmann/my-data221/Epic and CSCR hospital Dataset/Train/notumor/N_424_DA_.jpg",2,notumor,2,notumor,0.0049952441,0.0078958664,0.9801004529,0.0070084133,0.09833614,0.90166386,0.00008187,0.00000517,2285
5990,"/kaggle/input/datasets/arafatrahmann/my-data221/Epic and CSCR hospital Dataset/Train/notumor/N_424_HF_.jpg",2,notumor,2,notumor,0.0051344605,0.0077438555,0.9802080393,0.0069135851,0.12059447,0.87940552,0.00006055,0.00000527,2285
5991,"/kaggle/input/datasets/arafatrahmann/my-data221/Epic and CSCR hospital Dataset/Train/notumor/N_424_RO_.jpg",2,notumor,2,notumor,0.0051742923,0.0078258552,0.9800357819,0.0069640381,0.09630585,0.90369413,0.00006043,0.00000400,2285
5992,"/kaggle/input/datasets/arafatrahmann/my-data221/Epic and CSCR hospital Dataset/Train/notumor/N_424_SP_.jpg",2,notumor,2,notumor,0.0052826861,0.0075967982,0.9798626900,0.0072578923,0.10172574,0.89827427,0.00007162,0.00000481,2285
5993,"/kaggle/input/datasets/arafatrahmann/my-data221/Epic and CSCR hospital Dataset/Train/notumor/N_424_VF_.jpg",2,notumor,2,notumor,0.0052006133,0.0076954653,0.9800291061,0.0070748227,0.09678396,0.90321605,0.00005886,0.00000451,2285
5994,"/kaggle/input/datasets/arafatrahmann/my-data221/Epic and CSCR hospital Dataset/Train/notumor/N_425.jpg",2,notumor,2,notumor,0.0049361843,0.0084209545,0.9797509313,0.0068920450,0.09144174,0.90855826,0.00008868,0.00000446,400
5995,"/kaggle/input/datasets/arafatrahmann/my-data221/Epic and CSCR hospital Dataset/Train/notumor/N_425_BR_.jpg",2,notumor,2,notumor,0.0049936837,0.0085157538,0.9796870947,0.0068034395,0.11434693,0.88565306,0.00005639,0.00000513,400
5996,"/kaggle/input/datasets/arafatrahmann/my-data221/Epic and CSCR hospital Dataset/Train/notumor/N_425_DA_.jpg",2,notumor,2,notumor,0.0049617239,0.0081548858,0.9800596237,0.0068238201,0.10844041,0.89155958,0.00006198,0.00000420,400
5997,"/kaggle/input/datasets/arafatrahmann/my-data221/Epic and CSCR hospital Dataset/Train/notumor/N_425_HF_.jpg",2,notumor,2,notumor,0.0049373391,0.0083894981,0.9797951579,0.0068779676,0.10055896,0.89944103,0.00006757,0.00000485,400
5998,"/kaggle/input/datasets/arafatrahmann/my-data221/Epic and CSCR hospital Dataset/Train/notumor/N_425_RO_.jpg",2,notumor,2,notumor,0.0048477510,0.0091426130,0.9794055820,0.0066040764,0.08935618,0.91064383,0.00012540,0.00000504,400
5999,"/kaggle/input/datasets/arafatrahmann/my-data221/Epic and CSCR hospital Dataset/Train/notumor/N_425_SP_.jpg",2,notumor,2,notumor,0.0050294516,0.0076818010,0.9797846079,0.0075041107,0.09373169,0.90626832,0.00008949,0.00000407,400
6000,"/kaggle/input/datasets/arafatrahmann/my-data221/Epic and CSCR hospital Dataset/Train/notumor/N_425_VF_.jpg",2,notumor,2,notumor,0.0049732001,0.0085935798,0.9795900583,0.0068431571,0.09753555,0.90246446,0.00007144,0.00000514,400
6015,"/kaggle/input/datasets/arafatrahmann/my-data221/Epic and CSCR hospital Dataset/Train/notumor/N_428.jpg",2,notumor,2,notumor,0.0043911999,0.0064245686,0.9754384756,0.0137456525,0.10219612,0.89780389,0.00010091,0.00000508,2419
6016,"/kaggle/input/datasets/arafatrahmann/my-data221/Epic and CSCR hospital Dataset/Train/notumor/N_428_BR_.jpg",2,notumor,2,notumor,0.0036178227,0.0057827174,0.8936668634,0.0969326198,0.12713872,0.87286130,0.00065984,0.00019306,2419
6017,"/kaggle/input/datasets/arafatrahmann/my-data221/Epic and CSCR hospital Dataset/Train/notumor/N_428_DA_.jpg",2,notumor,2,notumor,0.0044498253,0.0062521333,0.9753482938,0.0139497546,0.09934384,0.90065618,0.00006670,0.00000522,2419
6018,"/kaggle/input/datasets/arafatrahmann/my-data221/Epic and CSCR hospital Dataset/Train/notumor/N_428_HF_.jpg",2,notumor,2,notumor,0.0046808613,0.0068058884,0.9779692888,0.0105439303,0.09771655,0.90228346,0.00007416,0.00000438,2419
6019,"/kaggle/input/datasets/arafatrahmann/my-data221/Epic and CSCR hospital Dataset/Train/notumor/N_428_RO_.jpg",2,notumor,2,notumor,0.0049373969,0.0089718234,0.9786257744,0.0074650338,0.10480660,0.89519340,0.00008156,0.00000688,2419
6020,"/kaggle/input/datasets/arafatrahmann/my-data221/Epic and CSCR hospital Dataset/Train/notumor/N_428_SP_.jpg",2,notumor,2,notumor,0.0043046810,0.0063404492,0.8875013590,0.1018534452,0.11000867,0.88999133,0.00123889,0.00024863,2419
6021,"/kaggle/input/datasets/arafatrahmann/my-data221/Epic and CSCR hospital Dataset/Train/notumor/N_428_VF_.jpg",2,notumor,2,notumor,0.0051334272,0.0075865565,0.9794685245,0.0078114839,0.09665889,0.90334110,0.00007983,0.00000455,2419
6022,"/kaggle/input/datasets/arafatrahmann/my-data221/Epic and CSCR hospital Dataset/Train/notumor/N_429.jpg",2,notumor,2,notumor,0.0047655432,0.0084880302,0.9798020124,0.0069443742,0.10020335,0.89979664,0.00009779,0.00000456,21
6023,"/kaggle/input/datasets/arafatrahmann/my-data221/Epic and CSCR hospital Dataset/Train/notumor/N_429_BR_.jpg",2,notumor,2,notumor,0.0051480271,0.0079958010,0.9796004295,0.0072558015,0.08617802,0.91382198,0.00008644,0.00000407,21
6024,"/kaggle/input/datasets/arafatrahmann/my-data221/Epic and CSCR hospital Dataset/Train/notumor/N_429_DA_.jpg",2,notumor,2,notumor,0.0049571767,0.0077626146,0.9798609018,0.0074193301,0.09997737,0.90002262,0.00006243,0.00000456,21
6025,"/kaggle/input/datasets/arafatrahmann/my-data221/Epic and CSCR hospital Dataset/Train/notumor/N_429_HF_.jpg",2,notumor,2,notumor,0.0047464804,0.0086168926,0.9797283411,0.0069083064,0.09014219,0.90985781,0.00010009,0.00000469,21
6026,"/kaggle/input/datasets/arafatrahmann/my-data221/Epic and CSCR hospital Dataset/Train/notumor/N_429_RO_.jpg",2,notumor,2,notumor,0.0049078749,0.0086296797,0.9794549942,0.0070074452,0.09614762,0.90385239,0.00014835,0.00000541,21
6027,"/kaggle/input/datasets/arafatrahmann/my-data221/Epic and CSCR hospital Dataset/Train/notumor/N_429_SP_.jpg",2,notumor,2,notumor,0.0050921789,0.0077447942,0.9798617363,0.0073012589,0.08841236,0.91158763,0.00011359,0.00000517,21
6028,"/kaggle/input/datasets/arafatrahmann/my-data221/Epic and CSCR hospital Dataset/Train/notumor/N_429_VF_.jpg",2,notumor,2,notumor,0.0048491186,0.0086959647,0.9796222448,0.0068326532,0.10196584,0.89803417,0.00009317,0.00000573,21
6043,"/kaggle/input/datasets/arafatrahmann/my-data221/Epic and CSCR hospital Dataset/Train/notumor/N_431.jpg",2,notumor,2,notumor,0.0050268704,0.0079242531,0.9799521565,0.0070967064,0.10156867,0.89843132,0.00007944,0.00000507,2401
6044,"/kaggle/input/datasets/arafatrahmann/my-data221/Epic and CSCR hospital Dataset/Train/notumor/N_431_BR_.jpg",2,notumor,2,notumor,0.0052205524,0.0077216239,0.9797670245,0.0072907908,0.09002240,0.90997760,0.00012803,0.00000442,2401
6045,"/kaggle/input/datasets/arafatrahmann/my-data221/Epic and CSCR hospital Dataset/Train/notumor/N_431_DA_.jpg",2,notumor,2,notumor,0.0051844129,0.0076897568,0.9798313975,0.0072943931,0.09762346,0.90237654,0.00008343,0.00000557,2401
6046,"/kaggle/input/datasets/arafatrahmann/my-data221/Epic and CSCR hospital Dataset/Train/notumor/N_431_HF_.jpg",2,notumor,2,notumor,0.0050089173,0.0080168564,0.9798870087,0.0070871552,0.09362327,0.90637673,0.00012411,0.00000588,2401
6047,"/kaggle/input/datasets/arafatrahmann/my-data221/Epic and CSCR hospital Dataset/Train/notumor/N_431_RO_.jpg",2,notumor,2,notumor,0.0052221818,0.0083597256,0.9796770215,0.0067411265,0.08545307,0.91454694,0.00013955,0.00000509,2401
6048,"/kaggle/input/datasets/arafatrahmann/my-data221/Epic and CSCR hospital Dataset/Train/notumor/N_431_SP_.jpg",2,notumor,2,notumor,0.0052328757,0.0073845098,0.9795842171,0.0077984063,0.09559819,0.90440181,0.00008287,0.00000494,2401
6049,"/kaggle/input/datasets/arafatrahmann/my-data221/Epic and CSCR hospital Dataset/Train/notumor/N_431_VF_.jpg",2,notumor,2,notumor,0.0050878734,0.0078658490,0.9799968600,0.0070494106,0.09926848,0.90073152,0.00009617,0.00000485,2401
6092,"/kaggle/input/datasets/arafatrahmann/my-data221/Epic and CSCR hospital Dataset/Train/notumor/N_438.jpg",2,notumor,1,meningioma,0.0052220384,0.8292704821,0.1599363387,0.0055711321,0.10714473,0.89285530,0.00123356,0.00023309,2286
6093,"/kaggle/input/datasets/arafatrahmann/my-data221/Epic and CSCR hospital Dataset/Train/notumor/N_438_BR_.jpg",2,notumor,1,meningioma,0.0059301988,0.7208212614,0.2676434219,0.0056050927,0.10746496,0.89253502,0.00235278,0.00037468,2286
6094,"/kaggle/input/datasets/arafatrahmann/my-data221/Epic and CSCR hospital Dataset/Train/notumor/N_438_DA_.jpg",2,notumor,2,notumor,0.0073259310,0.3295943141,0.6564548612,0.0066249007,0.12187809,0.87812191,0.00511159,0.00090158,2286
6095,"/kaggle/input/datasets/arafatrahmann/my-data221/Epic and CSCR hospital Dataset/Train/notumor/N_438_HF_.jpg",2,notumor,1,meningioma,0.0066035814,0.7484301329,0.2390454262,0.0059207552,0.12050387,0.87949613,0.00348719,0.00061148,2286
6096,"/kaggle/input/datasets/arafatrahmann/my-data221/Epic and CSCR hospital Dataset/Train/notumor/N_438_RO_.jpg",2,notumor,2,notumor,0.0112687610,0.0496920422,0.9331064224,0.0059327031,0.10110997,0.89889004,0.00145199,0.00009104,2286
6097,"/kaggle/input/datasets/arafatrahmann/my-data221/Epic and CSCR hospital Dataset/Train/notumor/N_438_SP_.jpg",2,notumor,2,notumor,0.0055325846,0.0096733887,0.9780527353,0.0067413067,0.08439879,0.91560121,0.00019220,0.00000603,2286
6098,"/kaggle/input/datasets/arafatrahmann/my-data221/Epic and CSCR hospital Dataset/Train/notumor/N_438_VF_.jpg",2,notumor,1,meningioma,0.0063335872,0.7833077312,0.2054429501,0.0049157171,0.09764814,0.90235183,0.00053103,0.00002754,2286
6112,"/kaggle/input/datasets/arafatrahmann/my-data221/Epic and CSCR hospital Dataset/Train/notumor/N_45.jpg",2,notumor,2,notumor,0.0050327834,0.0079296771,0.9799261093,0.0071113817,0.09729852,0.90270147,0.00011361,0.00000614,2401
6113,"/kaggle/input/datasets/arafatrahmann/my-data221/Epic and CSCR hospital Dataset/Train/notumor/N_45_BR_.jpg",2,notumor,2,notumor,0.0052180318,0.0077185235,0.9797752500,0.0072881253,0.09007944,0.90992055,0.00008872,0.00000491,2401
6114,"/kaggle/input/datasets/arafatrahmann/my-data221/Epic and CSCR hospital Dataset/Train/notumor/N_45_DA_.jpg",2,notumor,2,notumor,0.0051624971,0.0076741176,0.9798982739,0.0072651366,0.10811778,0.89188224,0.00010413,0.00000420,2401
6115,"/kaggle/input/datasets/arafatrahmann/my-data221/Epic and CSCR hospital Dataset/Train/notumor/N_45_HF_.jpg",2,notumor,2,notumor,0.0050179907,0.0080255540,0.9798506498,0.0071058199,0.08906509,0.91093493,0.00008733,0.00000431,2401
6116,"/kaggle/input/datasets/arafatrahmann/my-data221/Epic and CSCR hospital Dataset/Train/notumor/N_45_RO_.jpg",2,notumor,2,notumor,0.0052283718,0.0083651720,0.9796537161,0.0067526437,0.08266121,0.91733876,0.00013004,0.00000462,2401
6117,"/kaggle/input/datasets/arafatrahmann/my-data221/Epic and CSCR hospital Dataset/Train/notumor/N_45_SP_.jpg",2,notumor,2,notumor,0.0052634762,0.0074982643,0.9794729948,0.0077652661,0.08465583,0.91534417,0.00009029,0.00000407,2401
6118,"/kaggle/input/datasets/arafatrahmann/my-data221/Epic and CSCR hospital Dataset/Train/notumor/N_45_VF_.jpg",2,notumor,2,notumor,0.0051091309,0.0078819674,0.9799297452,0.0070792078,0.09018439,0.90981560,0.00007927,0.00000447,2401
6126,"/kaggle/input/datasets/arafatrahmann/my-data221/Epic and CSCR hospital Dataset/Train/notumor/N_47.jpg",2,notumor,2,notumor,0.0049381177,0.0084245708,0.9797427058,0.0068946430,0.09194475,0.90805524,0.00010453,0.00000452,400
6127,"/kaggle/input/datasets/arafatrahmann/my-data221/Epic and CSCR hospital Dataset/Train/notumor/N_47_BR_.jpg",2,notumor,2,notumor,0.0050002849,0.0085296743,0.9796503186,0.0068196966,0.10681217,0.89318783,0.00009773,0.00000536,400
6128,"/kaggle/input/datasets/arafatrahmann/my-data221/Epic and CSCR hospital Dataset/Train/notumor/N_47_DA_.jpg",2,notumor,2,notumor,0.0049127182,0.0080929836,0.9802319407,0.0067623258,0.13403986,0.86596015,0.00005228,0.00000561,400
6129,"/kaggle/input/datasets/arafatrahmann/my-data221/Epic and CSCR hospital Dataset/Train/notumor/N_47_HF_.jpg",2,notumor,2,notumor,0.0049258112,0.0083543453,0.9798927307,0.0068271407,0.11708520,0.88291479,0.00005308,0.00000535,400
6130,"/kaggle/input/datasets/arafatrahmann/my-data221/Epic and CSCR hospital Dataset/Train/notumor/N_47_RO_.jpg",2,notumor,2,notumor,0.0048500891,0.0091463923,0.9793984294,0.0066050002,0.09127413,0.90872588,0.00009484,0.00000499,400
6131,"/kaggle/input/datasets/arafatrahmann/my-data221/Epic and CSCR hospital Dataset/Train/notumor/N_47_SP_.jpg",2,notumor,2,notumor,0.0050727772,0.0075379284,0.9796601534,0.0077292114,0.08693827,0.91306173,0.00011839,0.00000476,400
6132,"/kaggle/input/datasets/arafatrahmann/my-data221/Epic and CSCR hospital Dataset/Train/notumor/N_47_VF_.jpg",2,notumor,2,notumor,0.0049820980,0.0086194845,0.9795225859,0.0068757697,0.08652955,0.91347045,0.00010250,0.00000415,400
6154,"/kaggle/input/datasets/arafatrahmann/my-data221/Epic and CSCR hospital Dataset/Train/notumor/N_50.jpg",2,notumor,2,notumor,0.0051490553,0.0077681704,0.9801023602,0.0069804243,0.10549657,0.89450344,0.00006913,0.00000493,2285
6155,"/kaggle/input/datasets/arafatrahmann/my-data221/Epic and CSCR hospital Dataset/Train/notumor/N_50_BR_.jpg",2,notumor,2,notumor,0.0054360651,0.0077906637,0.9799287915,0.0068444805,0.10093714,0.89906286,0.00007294,0.00000482,2285
6156,"/kaggle/input/datasets/arafatrahmann/my-data221/Epic and CSCR hospital Dataset/Train/notumor/N_50_DA_.jpg",2,notumor,2,notumor,0.0049937954,0.0078914156,0.9801073074,0.0070074955,0.09787545,0.90212454,0.00006520,0.00000440,2285
6157,"/kaggle/input/datasets/arafatrahmann/my-data221/Epic and CSCR hospital Dataset/Train/notumor/N_50_HF_.jpg",2,notumor,2,notumor,0.0051441155,0.0077689155,0.9801374674,0.0069495440,0.10599528,0.89400472,0.00006098,0.00000482,2285
6158,"/kaggle/input/datasets/arafatrahmann/my-data221/Epic and CSCR hospital Dataset/Train/notumor/N_50_RO_.jpg",2,notumor,2,notumor,0.0051609469,0.0078008459,0.9801090360,0.0069291862,0.10680882,0.89319117,0.00008241,0.00000480,2285
6159,"/kaggle/input/datasets/arafatrahmann/my-data221/Epic and CSCR hospital Dataset/Train/notumor/N_50_SP_.jpg",2,notumor,2,notumor,0.0053199539,0.0076127537,0.9797652364,0.0073020034,0.09385010,0.90614990,0.00010108,0.00000454,2285
6160,"/kaggle/input/datasets/arafatrahmann/my-data221/Epic and CSCR hospital Dataset/Train/notumor/N_50_VF_.jpg",2,notumor,2,notumor,0.0051872907,0.0076698274,0.9800988436,0.0070440895,0.10437287,0.89562714,0.00006019,0.00000487,2285
6182,"/kaggle/input/datasets/arafatrahmann/my-data221/Epic and CSCR hospital Dataset/Train/notumor/N_58.jpg",2,notumor,2,notumor,0.0049980427,0.0079618674,0.9800266027,0.0070134043,0.10369516,0.89630485,0.00007768,0.00000601,2416
6183,"/kaggle/input/datasets/arafatrahmann/my-data221/Epic and CSCR hospital Dataset/Train/notumor/N_58_BR_.jpg",2,notumor,2,notumor,0.0054557440,0.0075858831,0.9796595573,0.0072988188,0.09067176,0.90932826,0.00009043,0.00000478,2416
6184,"/kaggle/input/datasets/arafatrahmann/my-data221/Epic and CSCR hospital Dataset/Train/notumor/N_58_DA_.jpg",2,notumor,2,notumor,0.0051444424,0.0077560805,0.9798897505,0.0072097168,0.08937067,0.91062934,0.00008866,0.00000425,2416
6185,"/kaggle/input/datasets/arafatrahmann/my-data221/Epic and CSCR hospital Dataset/Train/notumor/N_58_HF_.jpg",2,notumor,2,notumor,0.0050615231,0.0078187995,0.9798709750,0.0072487555,0.08909928,0.91090072,0.00008257,0.00000343,2416
6191,"/kaggle/input/datasets/arafatrahmann/my-data221/Epic and CSCR hospital Dataset/Train/notumor/No16.jpg",2,notumor,2,notumor,0.0051696836,0.0084722312,0.9797869921,0.0065712305,0.11151835,0.88848165,0.00004947,0.00000555,2495
6195,"/kaggle/input/datasets/arafatrahmann/my-data221/Epic and CSCR hospital Dataset/Train/notumor/No20.jpg",2,notumor,2,notumor,0.0045407107,0.0112586487,0.9780498743,0.0061508259,0.08774653,0.91225347,0.00026584,0.00000750,2408
6200,"/kaggle/input/datasets/arafatrahmann/my-data221/Epic and CSCR hospital Dataset/Train/notumor/Te-no_0068.jpg",2,notumor,2,notumor,0.0051416573,0.0077746934,0.9801170230,0.0069666402,0.10598000,0.89402000,0.00004885,0.00000425,2285
6204,"/kaggle/input/datasets/arafatrahmann/my-data221/Epic and CSCR hospital Dataset/Train/notumor/Te-no_0072.jpg",2,notumor,2,notumor,0.0047875168,0.0078238649,0.9798734784,0.0075151408,0.09833484,0.90166515,0.00007232,0.00000432,21
6215,"/kaggle/input/datasets/arafatrahmann/my-data221/Epic and CSCR hospital Dataset/Train/notumor/Te-no_0083.jpg",2,notumor,2,notumor,0.0050389511,0.0079767946,0.9799762964,0.0070080571,0.10081380,0.89918619,0.00007173,0.00000553,2401
6219,"/kaggle/input/datasets/arafatrahmann/my-data221/Epic and CSCR hospital Dataset/Train/notumor/Te-no_0087.jpg",2,notumor,2,notumor,0.0051538614,0.0077838404,0.9800810814,0.0069811642,0.10158828,0.89841170,0.00008261,0.00000460,2285
6220,"/kaggle/input/datasets/arafatrahmann/my-data221/Epic and CSCR hospital Dataset/Train/notumor/Te-no_0088.jpg",2,notumor,2,notumor,0.0049394048,0.0084108310,0.9797242284,0.0069255121,0.08755754,0.91244245,0.00009234,0.00000433,400
6222,"/kaggle/input/datasets/arafatrahmann/my-data221/Epic and CSCR hospital Dataset/Train/notumor/Te-no_0090.jpg",2,notumor,2,notumor,0.0046504186,0.0068382532,0.9781888127,0.0103225429,0.10337223,0.89662777,0.00007220,0.00000479,2419
6223,"/kaggle/input/datasets/arafatrahmann/my-data221/Epic and CSCR hospital Dataset/Train/notumor/Te-no_0091.jpg",2,notumor,2,notumor,0.0048090094,0.0084709423,0.9797814488,0.0069386386,0.09856235,0.90143766,0.00008021,0.00000454,21
6225,"/kaggle/input/datasets/arafatrahmann/my-data221/Epic and CSCR hospital Dataset/Train/notumor/Te-no_0093.jpg",2,notumor,2,notumor,0.0050454414,0.0079852818,0.9799574018,0.0070118457,0.09985284,0.90014716,0.00011865,0.00000505,2401
6231,"/kaggle/input/datasets/arafatrahmann/my-data221/Epic and CSCR hospital Dataset/Train/notumor/Te-no_0119.jpg",2,notumor,2,notumor,0.0049101124,0.0079279467,0.9798466563,0.0073152632,0.09326730,0.90673270,0.00009288,0.00000420,2440
6251,"/kaggle/input/datasets/arafatrahmann/my-data221/Epic and CSCR hospital Dataset/Train/notumor/Te-no_0139.jpg",2,notumor,2,notumor,0.0050018588,0.0076478058,0.9801100492,0.0072402009,0.11967414,0.88032587,0.00007128,0.00000510,2319
6265,"/kaggle/input/datasets/arafatrahmann/my-data221/Epic and CSCR hospital Dataset/Train/notumor/Te-no_0153.jpg",2,notumor,2,notumor,0.0052111968,0.0077299448,0.9799249768,0.0071338965,0.12972004,0.87027997,0.00004641,0.00000639,2369
6267,"/kaggle/input/datasets/arafatrahmann/my-data221/Epic and CSCR hospital Dataset/Train/notumor/Te-no_0155.jpg",2,notumor,2,notumor,0.0053197397,0.0077840416,0.9796683192,0.0072279288,0.08258461,0.91741538,0.00011938,0.00000360,2501
6271,"/kaggle/input/datasets/arafatrahmann/my-data221/Epic and CSCR hospital Dataset/Train/notumor/Te-no_0159.jpg",2,notumor,2,notumor,0.0050693075,0.0077482834,0.9798267484,0.0073555754,0.10788279,0.89211722,0.00005546,0.00000432,2374
6291,"/kaggle/input/datasets/arafatrahmann/my-data221/Epic and CSCR hospital Dataset/Train/notumor/Te-no_0179.jpg",2,notumor,2,notumor,0.0050454708,0.0079298234,0.9799365997,0.0070880363,0.09003975,0.90996026,0.00009172,0.00000493,2381
6295,"/kaggle/input/datasets/arafatrahmann/my-data221/Epic and CSCR hospital Dataset/Train/notumor/Te-no_0183.jpg",2,notumor,2,notumor,0.0054088091,0.0074709170,0.9793605804,0.0077597247,0.09401071,0.90598933,0.00008831,0.00000502,2506
6299,"/kaggle/input/datasets/arafatrahmann/my-data221/Epic and CSCR hospital Dataset/Train/notumor/Te-no_0187.jpg",2,notumor,2,notumor,0.0055311443,0.0075829662,0.9796622992,0.0072236629,0.09720437,0.90279566,0.00006914,0.00000466,2308
6318,"/kaggle/input/datasets/arafatrahmann/my-data221/Epic and CSCR hospital Dataset/Train/notumor/Te-no_0206.jpg",2,notumor,2,notumor,0.0054559419,0.0075405040,0.9795373678,0.0074661551,0.10081772,0.89918227,0.00008456,0.00000501,2509
6328,"/kaggle/input/datasets/arafatrahmann/my-data221/Epic and CSCR hospital Dataset/Train/notumor/Te-no_0216.jpg",2,notumor,2,notumor,0.0051135519,0.0075419554,0.9798868895,0.0074576116,0.09525012,0.90474990,0.00008263,0.00000524,2472
6333,"/kaggle/input/datasets/arafatrahmann/my-data221/Epic and CSCR hospital Dataset/Train/notumor/Te-no_0221.jpg",2,notumor,2,notumor,0.0050026504,0.0076729627,0.9800254703,0.0072988486,0.09662806,0.90337195,0.00006807,0.00000461,2263
6338,"/kaggle/input/datasets/arafatrahmann/my-data221/Epic and CSCR hospital Dataset/Train/notumor/Te-no_0226.jpg",2,notumor,2,notumor,0.0045594489,0.0118552800,0.9775564075,0.0060287905,0.08405153,0.91594848,0.00028514,0.00000773,2408
6342,"/kaggle/input/datasets/arafatrahmann/my-data221/Epic and CSCR hospital Dataset/Train/notumor/Te-no_0230.jpg",2,notumor,2,notumor,0.0051792064,0.0078753103,0.9797665477,0.0071788905,0.10299621,0.89700380,0.00006478,0.00000515,2335
6348,"/kaggle/input/datasets/arafatrahmann/my-data221/Epic and CSCR hospital Dataset/Train/notumor/Te-no_0236.jpg",2,notumor,2,notumor,0.0050538052,0.0075913244,0.9796077609,0.0077471011,0.09116637,0.90883361,0.00008018,0.00000435,2388
6352,"/kaggle/input/datasets/arafatrahmann/my-data221/Epic and CSCR hospital Dataset/Train/notumor/Te-no_0240.jpg",2,notumor,2,notumor,0.0049238531,0.0075347945,0.9798371196,0.0077042840,0.10438824,0.89561176,0.00009237,0.00000491,2430
6361,"/kaggle/input/datasets/arafatrahmann/my-data221/Epic and CSCR hospital Dataset/Train/notumor/Te-no_0249.jpg",2,notumor,2,notumor,0.0053692060,0.0075682402,0.9798494577,0.0072130971,0.10539301,0.89460700,0.00006543,0.00000519,2295
6366,"/kaggle/input/datasets/arafatrahmann/my-data221/Epic and CSCR hospital Dataset/Train/notumor/Te-no_0254.jpg",2,notumor,2,notumor,0.0050090617,0.0083147893,0.9799481630,0.0067280112,0.08797684,0.91202315,0.00013742,0.00000569,2334
6368,"/kaggle/input/datasets/arafatrahmann/my-data221/Epic and CSCR hospital Dataset/Train/notumor/Te-no_0256.jpg",2,notumor,2,notumor,0.0052258740,0.0076121474,0.9796511531,0.0075107394,0.09135205,0.90864795,0.00013433,0.00000437,2376
6373,"/kaggle/input/datasets/arafatrahmann/my-data221/Epic and CSCR hospital Dataset/Train/notumor/Te-no_0261.jpg",2,notumor,2,notumor,0.0055786064,0.0075372658,0.9798287153,0.0070553860,0.12099536,0.87900464,0.00006209,0.00000559,2518
6379,"/kaggle/input/datasets/arafatrahmann/my-data221/Epic and CSCR hospital Dataset/Train/notumor/Te-no_0267.jpg",2,notumor,2,notumor,0.0052729505,0.0080294693,0.9797303081,0.0069673187,0.09111328,0.90888673,0.00007678,0.00000478,2424
6382,"/kaggle/input/datasets/arafatrahmann/my-data221/Epic and CSCR hospital Dataset/Train/notumor/Te-no_0270.jpg",2,notumor,2,notumor,0.0054364754,0.0075109028,0.9795964956,0.0074561657,0.09015200,0.90984799,0.00008437,0.00000452,2390
6389,"/kaggle/input/datasets/arafatrahmann/my-data221/Epic and CSCR hospital Dataset/Train/notumor/Te-no_0277.jpg",2,notumor,2,notumor,0.0055432804,0.0076833153,0.9798332453,0.0069401739,0.11100850,0.88899148,0.00005021,0.00000517,2261
6401,"/kaggle/input/datasets/arafatrahmann/my-data221/Epic and CSCR hospital Dataset/Train/notumor/Te-no_0289.jpg",2,notumor,2,notumor,0.0055229357,0.0075525991,0.9797582626,0.0071661631,0.08903602,0.91096398,0.00007616,0.00000419,2315
6403,"/kaggle/input/datasets/arafatrahmann/my-data221/Epic and CSCR hospital Dataset/Train/notumor/Te-no_0291.jpg",2,notumor,2,notumor,0.0052252030,0.0078875050,0.9797851443,0.0071020992,0.10709126,0.89290873,0.00008089,0.00000539,2449
6415,"/kaggle/input/datasets/arafatrahmann/my-data221/Epic and CSCR hospital Dataset/Train/notumor/Te-no_0303.jpg",2,notumor,2,notumor,0.0054265177,0.0076155015,0.9793254137,0.0076325880,0.08808032,0.91191967,0.00009035,0.00000420,2426
6423,"/kaggle/input/datasets/arafatrahmann/my-data221/Epic and CSCR hospital Dataset/Train/notumor/Te-no_0311.jpg",2,notumor,2,notumor,0.0052037118,0.0075994087,0.9797719717,0.0074248710,0.10380620,0.89619379,0.00005597,0.00000467,2261
6426,"/kaggle/input/datasets/arafatrahmann/my-data221/Epic and CSCR hospital Dataset/Train/notumor/Te-no_0314.jpg",2,notumor,2,notumor,0.0053466605,0.0078355763,0.9798735380,0.0069442736,0.09980813,0.90019186,0.00014439,0.00000611,2520
6427,"/kaggle/input/datasets/arafatrahmann/my-data221/Epic and CSCR hospital Dataset/Train/notumor/Te-no_0315.jpg",2,notumor,2,notumor,0.0055315751,0.0075589204,0.9797027707,0.0072067557,0.10334014,0.89665985,0.00006655,0.00000588,2308
6431,"/kaggle/input/datasets/arafatrahmann/my-data221/Epic and CSCR hospital Dataset/Train/notumor/Te-no_0360.jpg",2,notumor,2,notumor,0.0050404528,0.0075883567,0.9796420336,0.0077291676,0.09067425,0.90932572,0.00008775,0.00000528,2388
6453,"/kaggle/input/datasets/arafatrahmann/my-data221/Epic and CSCR hospital Dataset/Train/notumor/Tr-no_0056.jpg",2,notumor,2,notumor,0.0051339259,0.0077570686,0.9801627994,0.0069461153,0.11236661,0.88763338,0.00004239,0.00000430,2285
6458,"/kaggle/input/datasets/arafatrahmann/my-data221/Epic and CSCR hospital Dataset/Train/notumor/Tr-no_0061.jpg",2,notumor,1,meningioma,0.0053109443,0.7874901891,0.2017380744,0.0054607969,0.14320199,0.85679802,0.00169430,0.00012825,2286
6463,"/kaggle/input/datasets/arafatrahmann/my-data221/Epic and CSCR hospital Dataset/Train/notumor/Tr-no_0066.jpg",2,notumor,2,notumor,0.0049595484,0.0079905754,0.9801034927,0.0069463411,0.12025818,0.87974182,0.00008989,0.00000630,2416
6464,"/kaggle/input/datasets/arafatrahmann/my-data221/Epic and CSCR hospital Dataset/Train/notumor/Tr-no_0067.jpg",2,notumor,2,notumor,0.0053209336,0.0079167793,0.9796832800,0.0070790285,0.09343106,0.90656893,0.00009834,0.00000505,2528
6468,"/kaggle/input/datasets/arafatrahmann/my-data221/Epic and CSCR hospital Dataset/Train/notumor/Tr-no_0071.jpg",2,notumor,2,notumor,0.0054882308,0.0076168729,0.9796020389,0.0072928881,0.10069201,0.89930799,0.00006807,0.00000486,2530
6472,"/kaggle/input/datasets/arafatrahmann/my-data221/Epic and CSCR hospital Dataset/Train/notumor/Tr-no_0075.jpg",2,notumor,2,notumor,0.0051043555,0.0071806395,0.9792994261,0.0084154857,0.10642330,0.89357669,0.00006479,0.00000469,2533
6485,"/kaggle/input/datasets/arafatrahmann/my-data221/Epic and CSCR hospital Dataset/Train/notumor/Tr-no_0088.jpg",2,notumor,2,notumor,0.0053266510,0.0074203922,0.9796605110,0.0075924373,0.09344159,0.90655838,0.00006794,0.00000439,2541
6489,"/kaggle/input/datasets/arafatrahmann/my-data221/Epic and CSCR hospital Dataset/Train/notumor/Tr-no_0092.jpg",2,notumor,2,notumor,0.0053191697,0.0070622722,0.9788324237,0.0087861866,0.08779775,0.91220223,0.00011420,0.00000484,2544
6498,"/kaggle/input/datasets/arafatrahmann/my-data221/Epic and CSCR hospital Dataset/Train/notumor/Tr-no_0102.jpg",2,notumor,2,notumor,0.0053951149,0.0076282611,0.9800413251,0.0069353222,0.11869854,0.88130147,0.00006847,0.00000605,2361
6502,"/kaggle/input/datasets/arafatrahmann/my-data221/Epic and CSCR hospital Dataset/Train/notumor/Tr-no_0106.jpg",2,notumor,2,notumor,0.0050075771,0.0079495627,0.9799019694,0.0071409373,0.11657082,0.88342918,0.00007804,0.00000543,2555
6511,"/kaggle/input/datasets/arafatrahmann/my-data221/Epic and CSCR hospital Dataset/Train/notumor/Tr-no_0115.jpg",2,notumor,2,notumor,0.0053709699,0.0072673573,0.9794788361,0.0078829406,0.09034670,0.90965329,0.00007073,0.00000373,2561
6523,"/kaggle/input/datasets/arafatrahmann/my-data221/Epic and CSCR hospital Dataset/Train/notumor/Tr-no_0127.jpg",2,notumor,2,notumor,0.0053533302,0.0072306939,0.9794823527,0.0079336148,0.09655742,0.90344256,0.00007415,0.00000526,2569
6525,"/kaggle/input/datasets/arafatrahmann/my-data221/Epic and CSCR hospital Dataset/Train/notumor/Tr-no_0129.jpg",2,notumor,2,notumor,0.0053413399,0.0076122559,0.9796459079,0.0074005416,0.09562701,0.90437299,0.00008147,0.00000435,2571
6536,"/kaggle/input/datasets/arafatrahmann/my-data221/Epic and CSCR hospital Dataset/Train/notumor/Tr-no_0140.jpg",2,notumor,2,notumor,0.0052122362,0.0077841640,0.9797730446,0.0072305189,0.09564826,0.90435175,0.00009051,0.00000522,2463
6540,"/kaggle/input/datasets/arafatrahmann/my-data221/Epic and CSCR hospital Dataset/Train/notumor/Tr-no_0144.jpg",2,notumor,2,notumor,0.0050115129,0.0076751187,0.9800259471,0.0072874213,0.09528694,0.90471306,0.00007306,0.00000420,2263
6552,"/kaggle/input/datasets/arafatrahmann/my-data221/Epic and CSCR hospital Dataset/Train/notumor/Tr-no_0156.jpg",2,notumor,2,notumor,0.0051052966,0.0077535510,0.9794635773,0.0076776096,0.09187563,0.90812436,0.00008976,0.00000450,2579
6562,"/kaggle/input/datasets/arafatrahmann/my-data221/Epic and CSCR hospital Dataset/Train/notumor/Tr-no_0166.jpg",2,notumor,2,notumor,0.0054371851,0.0076280693,0.9793273807,0.0076073310,0.09131048,0.90868950,0.00011781,0.00000505,2426
6564,"/kaggle/input/datasets/arafatrahmann/my-data221/Epic and CSCR hospital Dataset/Train/notumor/Tr-no_0168.jpg",2,notumor,2,notumor,0.0052754567,0.0079221176,0.9798673391,0.0069350353,0.09134864,0.90865137,0.00008718,0.00000509,2482
6565,"/kaggle/input/datasets/arafatrahmann/my-data221/Epic and CSCR hospital Dataset/Train/notumor/Tr-no_0169.jpg",2,notumor,2,notumor,0.0054488536,0.0075945528,0.9795131683,0.0074435300,0.09379963,0.90620034,0.00009436,0.00000440,2509
6570,"/kaggle/input/datasets/arafatrahmann/my-data221/Epic and CSCR hospital Dataset/Train/notumor/Tr-no_0174.jpg",2,notumor,2,notumor,0.0048348769,0.0058750026,0.8811684847,0.1081216782,0.13167691,0.86832309,0.00009372,0.00000921,2588
6580,"/kaggle/input/datasets/arafatrahmann/my-data221/Epic and CSCR hospital Dataset/Train/notumor/Tr-no_0184.jpg",2,notumor,2,notumor,0.0050767213,0.0073646260,0.9794472456,0.0081114499,0.09941501,0.90058499,0.00006227,0.00000430,2591
6585,"/kaggle/input/datasets/arafatrahmann/my-data221/Epic and CSCR hospital Dataset/Train/notumor/Tr-no_0189.jpg",2,notumor,2,notumor,0.0048505133,0.0058931783,0.8815986514,0.1076576337,0.10108604,0.89891396,0.00011948,0.00000779,2588
6586,"/kaggle/input/datasets/arafatrahmann/my-data221/Epic and CSCR hospital Dataset/Train/notumor/Tr-no_0190.jpg",2,notumor,2,notumor,0.0053195241,0.0077823671,0.9796455503,0.0072526159,0.09075720,0.90924280,0.00009981,0.00000510,2594
6587,"/kaggle/input/datasets/arafatrahmann/my-data221/Epic and CSCR hospital Dataset/Train/notumor/Tr-no_0191.jpg",2,notumor,0,glioma,0.9807133675,0.0056039477,0.0076278276,0.0060548265,0.12715846,0.87284156,0.00010985,0.00000672,2301
6594,"/kaggle/input/datasets/arafatrahmann/my-data221/Epic and CSCR hospital Dataset/Train/notumor/Tr-no_0198.jpg",2,notumor,2,notumor,0.0062904828,0.0065163285,0.9784630537,0.0087301144,0.10530057,0.89469943,0.00007561,0.00000408,2598
6599,"/kaggle/input/datasets/arafatrahmann/my-data221/Epic and CSCR hospital Dataset/Train/notumor/Tr-no_0203.jpg",2,notumor,2,notumor,0.0052809110,0.0074029663,0.9796392322,0.0076768375,0.09746952,0.90253047,0.00006210,0.00000469,2541
6607,"/kaggle/input/datasets/arafatrahmann/my-data221/Epic and CSCR hospital Dataset/Train/notumor/Tr-no_0211.jpg",2,notumor,2,notumor,0.0050154682,0.0084308349,0.9794319868,0.0071217390,0.08721556,0.91278445,0.00011787,0.00000509,2607
6610,"/kaggle/input/datasets/arafatrahmann/my-data221/Epic and CSCR hospital Dataset/Train/notumor/Tr-no_0214.jpg",2,notumor,2,notumor,0.0049958122,0.0077807470,0.9797825813,0.0074408674,0.08859938,0.91140062,0.00010304,0.00000465,2609
6614,"/kaggle/input/datasets/arafatrahmann/my-data221/Epic and CSCR hospital Dataset/Train/notumor/Tr-no_0218.jpg",2,notumor,2,notumor,0.0050221928,0.0079241181,0.9799045324,0.0071490943,0.08854904,0.91145096,0.00013191,0.00000481,2613
6619,"/kaggle/input/datasets/arafatrahmann/my-data221/Epic and CSCR hospital Dataset/Train/notumor/Tr-no_0223.jpg",2,notumor,2,notumor,0.0052156686,0.0077939099,0.9797503352,0.0072400533,0.09406672,0.90593328,0.00007782,0.00000436,2463
6620,"/kaggle/input/datasets/arafatrahmann/my-data221/Epic and CSCR hospital Dataset/Train/notumor/Tr-no_0224.jpg",2,notumor,2,notumor,0.0051375441,0.0077662608,0.9801427722,0.0069535142,0.11144990,0.88855010,0.00007108,0.00000397,2285
6622,"/kaggle/input/datasets/arafatrahmann/my-data221/Epic and CSCR hospital Dataset/Train/notumor/Tr-no_0226.jpg",2,notumor,2,notumor,0.0052636890,0.0079607246,0.9799167514,0.0068588471,0.10931153,0.89068848,0.00006709,0.00000503,2471
6623,"/kaggle/input/datasets/arafatrahmann/my-data221/Epic and CSCR hospital Dataset/Train/notumor/Tr-no_0227.jpg",2,notumor,2,notumor,0.0051204534,0.0075601251,0.9798618555,0.0074576936,0.09026268,0.90973734,0.00010539,0.00000448,2472
6630,"/kaggle/input/datasets/arafatrahmann/my-data221/Epic and CSCR hospital Dataset/Train/notumor/Tr-no_0234.jpg",2,notumor,2,notumor,0.0051693907,0.0077052414,0.9797958136,0.0073295236,0.08955394,0.91044605,0.00010758,0.00000404,2617
6631,"/kaggle/input/datasets/arafatrahmann/my-data221/Epic and CSCR hospital Dataset/Train/notumor/Tr-no_0235.jpg",2,notumor,0,glioma,0.9804590940,0.0055321772,0.0077172867,0.0062913881,0.09018880,0.90981120,0.00012232,0.00000655,2301
6635,"/kaggle/input/datasets/arafatrahmann/my-data221/Epic and CSCR hospital Dataset/Train/notumor/Tr-no_0239.jpg",2,notumor,2,notumor,0.0051698126,0.0077109314,0.9797801971,0.0073390394,0.08688013,0.91311985,0.00012024,0.00000436,2617
6650,"/kaggle/input/datasets/arafatrahmann/my-data221/Epic and CSCR hospital Dataset/Train/notumor/Tr-no_0254.jpg",2,notumor,2,notumor,0.0064886198,0.0129941311,0.9737576246,0.0067596445,0.09930345,0.90069654,0.00025433,0.00001321,2628
6664,"/kaggle/input/datasets/arafatrahmann/my-data221/Epic and CSCR hospital Dataset/Train/notumor/Tr-no_0268.jpg",2,notumor,2,notumor,0.0051622423,0.0078028841,0.9800295830,0.0070053553,0.09479093,0.90520909,0.00005427,0.00000395,2285
6665,"/kaggle/input/datasets/arafatrahmann/my-data221/Epic and CSCR hospital Dataset/Train/notumor/Tr-no_0269.jpg",2,notumor,2,notumor,0.0051513724,0.0073876991,0.9796491861,0.0078117652,0.08803708,0.91196294,0.00010975,0.00000423,2637
6674,"/kaggle/input/datasets/arafatrahmann/my-data221/Epic and CSCR hospital Dataset/Train/notumor/Tr-no_0278.jpg",2,notumor,2,notumor,0.0051286900,0.0074845655,0.9797288775,0.0076578460,0.09266018,0.90733982,0.00007422,0.00000457,2644
6675,"/kaggle/input/datasets/arafatrahmann/my-data221/Epic and CSCR hospital Dataset/Train/notumor/Tr-no_0279.jpg",2,notumor,0,glioma,0.9804425240,0.0057133166,0.0077292933,0.0061148740,0.13025031,0.86974970,0.00012585,0.00000723,2301
6677,"/kaggle/input/datasets/arafatrahmann/my-data221/Epic and CSCR hospital Dataset/Train/notumor/Tr-no_0281.jpg",2,notumor,2,notumor,0.0054882155,0.0075934478,0.9797383547,0.0071800188,0.09980780,0.90019220,0.00005724,0.00000437,2645
6679,"/kaggle/input/datasets/arafatrahmann/my-data221/Epic and CSCR hospital Dataset/Train/notumor/Tr-no_0283.jpg",2,notumor,2,notumor,0.0054027983,0.0075882203,0.9797098041,0.0072991168,0.11181853,0.88818147,0.00007597,0.00000569,2646
6690,"/kaggle/input/datasets/arafatrahmann/my-data221/Epic and CSCR hospital Dataset/Train/notumor/Tr-no_0294.jpg",2,notumor,2,notumor,0.0049726348,0.0076353690,0.9801872373,0.0072048688,0.11570420,0.88429582,0.00005946,0.00000540,2263
6693,"/kaggle/input/datasets/arafatrahmann/my-data221/Epic and CSCR hospital Dataset/Train/notumor/Tr-no_0297.jpg",2,notumor,2,notumor,0.0055542691,0.0076475069,0.9797358513,0.0070623728,0.10483674,0.89516325,0.00009532,0.00000536,2654
6695,"/kaggle/input/datasets/arafatrahmann/my-data221/Epic and CSCR hospital Dataset/Train/notumor/Tr-no_0299.jpg",2,notumor,2,notumor,0.0054718340,0.0077749593,0.9796144366,0.0071387240,0.08815508,0.91184492,0.00008618,0.00000439,2655
6709,"/kaggle/input/datasets/arafatrahmann/my-data221/Epic and CSCR hospital Dataset/Train/notumor/Tr-no_0318.jpg",2,notumor,2,notumor,0.0053826151,0.0075599402,0.9799783826,0.0070789726,0.10249193,0.89750808,0.00010470,0.00000437,2665
6719,"/kaggle/input/datasets/arafatrahmann/my-data221/Epic and CSCR hospital Dataset/Train/notumor/Tr-no_0328.jpg",2,notumor,2,notumor,0.0055058692,0.0075955614,0.9794851542,0.0074134348,0.08525512,0.91474487,0.00012856,0.00000478,2377
6723,"/kaggle/input/datasets/arafatrahmann/my-data221/Epic and CSCR hospital Dataset/Train/notumor/Tr-no_0332.jpg",2,notumor,2,notumor,0.0051496755,0.0077776304,0.9801055193,0.0069671450,0.10911001,0.89088998,0.00007999,0.00000485,2285
6726,"/kaggle/input/datasets/arafatrahmann/my-data221/Epic and CSCR hospital Dataset/Train/notumor/Tr-no_0335.jpg",2,notumor,2,notumor,0.0047724205,0.0078105615,0.9799300432,0.0074870265,0.10557128,0.89442873,0.00007217,0.00000524,21
6737,"/kaggle/input/datasets/arafatrahmann/my-data221/Epic and CSCR hospital Dataset/Train/notumor/Tr-no_0346.jpg",2,notumor,2,notumor,0.0050615938,0.0079978528,0.9798928499,0.0070477528,0.08968143,0.91031855,0.00008834,0.00000426,2401
6741,"/kaggle/input/datasets/arafatrahmann/my-data221/Epic and CSCR hospital Dataset/Train/notumor/Tr-no_0350.jpg",2,notumor,2,notumor,0.0051497309,0.0077808416,0.9800923467,0.0069771456,0.10351897,0.89648102,0.00005718,0.00000347,2285
6743,"/kaggle/input/datasets/arafatrahmann/my-data221/Epic and CSCR hospital Dataset/Train/notumor/Tr-no_0352.jpg",2,notumor,2,notumor,0.0049328958,0.0083937719,0.9797695875,0.0069037057,0.09425153,0.90574849,0.00006859,0.00000478,400
6745,"/kaggle/input/datasets/arafatrahmann/my-data221/Epic and CSCR hospital Dataset/Train/notumor/Tr-no_0354.jpg",2,notumor,2,notumor,0.0046575209,0.0068547456,0.9781277776,0.0103598833,0.09579948,0.90420052,0.00005987,0.00000399,2419
6746,"/kaggle/input/datasets/arafatrahmann/my-data221/Epic and CSCR hospital Dataset/Train/notumor/Tr-no_0355.jpg",2,notumor,2,notumor,0.0048109670,0.0084790718,0.9797683954,0.0069415746,0.09862766,0.90137237,0.00006622,0.00000411,21
6753,"/kaggle/input/datasets/arafatrahmann/my-data221/Epic and CSCR hospital Dataset/Train/notumor/Tr-no_0362.jpg",2,notumor,2,notumor,0.0055024051,0.0075678779,0.9795373678,0.0073923147,0.09333870,0.90666129,0.00010841,0.00000562,2377
6754,"/kaggle/input/datasets/arafatrahmann/my-data221/Epic and CSCR hospital Dataset/Train/notumor/Tr-no_0363.jpg",2,notumor,2,notumor,0.0049830438,0.0080166953,0.9798326492,0.0071675843,0.09652290,0.90347709,0.00007241,0.00000459,2667
6755,"/kaggle/input/datasets/arafatrahmann/my-data221/Epic and CSCR hospital Dataset/Train/notumor/Tr-no_0364.jpg",2,notumor,2,notumor,0.0050238222,0.0079640616,0.9799056053,0.0071064928,0.08714209,0.91285791,0.00009472,0.00000478,2416
6765,"/kaggle/input/datasets/arafatrahmann/my-data221/Epic and CSCR hospital Dataset/Train/notumor/Tr-no_0374.jpg",2,notumor,2,notumor,0.0054216245,0.0074554542,0.9797317386,0.0073912130,0.10667597,0.89332401,0.00008159,0.00000480,2571
6767,"/kaggle/input/datasets/arafatrahmann/my-data221/Epic and CSCR hospital Dataset/Train/notumor/Tr-no_0376.jpg",2,notumor,2,notumor,0.0052963928,0.0073216483,0.9796259999,0.0077561014,0.10385466,0.89614534,0.00007857,0.00000435,2541
6776,"/kaggle/input/datasets/arafatrahmann/my-data221/Epic and CSCR hospital Dataset/Train/notumor/Tr-no_0385.jpg",2,notumor,2,notumor,0.0049434537,0.0067201159,0.9664524198,0.0218839869,0.09595937,0.90404065,0.00051908,0.00002072,2676
6779,"/kaggle/input/datasets/arafatrahmann/my-data221/Epic and CSCR hospital Dataset/Train/notumor/Tr-no_0388.jpg",2,notumor,2,notumor,0.0058718501,0.0069153002,0.9784989357,0.0087138563,0.09503384,0.90496617,0.00009840,0.00000538,2679
6781,"/kaggle/input/datasets/arafatrahmann/my-data221/Epic and CSCR hospital Dataset/Train/notumor/Tr-no_0390.jpg",2,notumor,2,notumor,0.0053766305,0.0076190652,0.9795985222,0.0074058175,0.09453747,0.90546254,0.00008416,0.00000437,2681
6785,"/kaggle/input/datasets/arafatrahmann/my-data221/Epic and CSCR hospital Dataset/Train/notumor/Tr-no_0394.jpg",2,notumor,2,notumor,0.0047697900,0.0078061474,0.9799396396,0.0074844202,0.10561346,0.89438656,0.00006925,0.00000518,21
6787,"/kaggle/input/datasets/arafatrahmann/my-data221/Epic and CSCR hospital Dataset/Train/notumor/Tr-no_0396.jpg",2,notumor,2,notumor,0.0053648897,0.0076355808,0.9796420932,0.0073574530,0.09573159,0.90426841,0.00007698,0.00000476,2683
6789,"/kaggle/input/datasets/arafatrahmann/my-data221/Epic and CSCR hospital Dataset/Train/notumor/Tr-no_0398.jpg",2,notumor,2,notumor,0.0054656146,0.0075310655,0.9797695875,0.0072336434,0.10331761,0.89668239,0.00007443,0.00000426,2684
6794,"/kaggle/input/datasets/arafatrahmann/my-data221/Epic and CSCR hospital Dataset/Train/notumor/Tr-no_0403.jpg",2,notumor,2,notumor,0.0051954179,0.0075382134,0.9798077345,0.0074586510,0.10815574,0.89184427,0.00008993,0.00000484,2518
6795,"/kaggle/input/datasets/arafatrahmann/my-data221/Epic and CSCR hospital Dataset/Train/notumor/Tr-no_0404.jpg",2,notumor,2,notumor,0.0053711049,0.0072879940,0.9796889424,0.0076519698,0.09595891,0.90404110,0.00006255,0.00000338,2376
6798,"/kaggle/input/datasets/arafatrahmann/my-data221/Epic and CSCR hospital Dataset/Train/notumor/Tr-no_0407.jpg",2,notumor,2,notumor,0.0048247143,0.0082252948,0.9799143672,0.0070356666,0.09078791,0.90921210,0.00009543,0.00000471,2295
6811,"/kaggle/input/datasets/arafatrahmann/my-data221/Epic and CSCR hospital Dataset/Train/notumor/Tr-no_0420.jpg",2,notumor,2,notumor,0.0049693817,0.0079133920,0.9800399542,0.0070771687,0.09674415,0.90325582,0.00006793,0.00000460,2270
6815,"/kaggle/input/datasets/arafatrahmann/my-data221/Epic and CSCR hospital Dataset/Train/notumor/Tr-no_0424.jpg",2,notumor,2,notumor,0.0052409382,0.0075318031,0.9799553156,0.0072719799,0.08921838,0.91078162,0.00009107,0.00000454,2354
6825,"/kaggle/input/datasets/arafatrahmann/my-data221/Epic and CSCR hospital Dataset/Train/notumor/Tr-no_0434.jpg",2,notumor,2,notumor,0.0049577872,0.0082034590,0.9796990156,0.0071397289,0.08956174,0.91043825,0.00012027,0.00000542,2337
6828,"/kaggle/input/datasets/arafatrahmann/my-data221/Epic and CSCR hospital Dataset/Train/notumor/Tr-no_0437.jpg",2,notumor,2,notumor,0.0054752799,0.0074087917,0.9797660708,0.0073497891,0.08251198,0.91748801,0.00012427,0.00000445,2693
6829,"/kaggle/input/datasets/arafatrahmann/my-data221/Epic and CSCR hospital Dataset/Train/notumor/Tr-no_0438.jpg",2,notumor,2,notumor,0.0048984373,0.0082075400,0.9797565341,0.0071373917,0.09903396,0.90096602,0.00008557,0.00000475,2454
6832,"/kaggle/input/datasets/arafatrahmann/my-data221/Epic and CSCR hospital Dataset/Train/notumor/Tr-no_0441.jpg",2,notumor,2,notumor,0.0052811201,0.0074822530,0.9795316458,0.0077050575,0.08828801,0.91171198,0.00010234,0.00000470,2683
6833,"/kaggle/input/datasets/arafatrahmann/my-data221/Epic and CSCR hospital Dataset/Train/notumor/Tr-no_0442.jpg",2,notumor,2,notumor,0.0048261499,0.0083238212,0.9797450900,0.0071049244,0.09033920,0.90966082,0.00009287,0.00000447,2695
6834,"/kaggle/input/datasets/arafatrahmann/my-data221/Epic and CSCR hospital Dataset/Train/notumor/Tr-no_0443.jpg",2,notumor,2,notumor,0.0049713794,0.0082063610,0.9797989726,0.0070233359,0.09635944,0.90364056,0.00007506,0.00000484,2696
6835,"/kaggle/input/datasets/arafatrahmann/my-data221/Epic and CSCR hospital Dataset/Train/notumor/Tr-no_0444.jpg",2,notumor,2,notumor,0.0047632996,0.0084950682,0.9797282219,0.0070133535,0.09475923,0.90524074,0.00008269,0.00000452,2695
6837,"/kaggle/input/datasets/arafatrahmann/my-data221/Epic and CSCR hospital Dataset/Train/notumor/Tr-no_0446.jpg",2,notumor,2,notumor,0.0048313956,0.0083652185,0.9797645807,0.0070388340,0.09601692,0.90398309,0.00006929,0.00000428,2501
6840,"/kaggle/input/datasets/arafatrahmann/my-data221/Epic and CSCR hospital Dataset/Train/notumor/Tr-no_0449.jpg",2,notumor,2,notumor,0.0051944023,0.0076780007,0.9796361923,0.0074913939,0.08798435,0.91201565,0.00010184,0.00000430,2376
6841,"/kaggle/input/datasets/arafatrahmann/my-data221/Epic and CSCR hospital Dataset/Train/notumor/Tr-no_0450.jpg",2,notumor,2,notumor,0.0053108861,0.0079329116,0.9797449112,0.0070113591,0.09512129,0.90487871,0.00007757,0.00000449,2697
6845,"/kaggle/input/datasets/arafatrahmann/my-data221/Epic and CSCR hospital Dataset/Train/notumor/Tr-no_0454.jpg",2,notumor,2,notumor,0.0055772122,0.0075660115,0.9797736406,0.0070831804,0.10715228,0.89284772,0.00006116,0.00000532,2518
6850,"/kaggle/input/datasets/arafatrahmann/my-data221/Epic and CSCR hospital Dataset/Train/notumor/Tr-no_0459.jpg",2,notumor,2,notumor,0.0050221533,0.0082526300,0.9799227715,0.0068024346,0.08409801,0.91590197,0.00012924,0.00000448,2334
6858,"/kaggle/input/datasets/arafatrahmann/my-data221/Epic and CSCR hospital Dataset/Train/notumor/Tr-no_0467.jpg",2,notumor,2,notumor,0.0047527673,0.0084908502,0.9797530174,0.0070034214,0.10241188,0.89758812,0.00008812,0.00000471,2337
6862,"/kaggle/input/datasets/arafatrahmann/my-data221/Epic and CSCR hospital Dataset/Train/notumor/Tr-no_0471.jpg",2,notumor,2,notumor,0.0053591286,0.0077340780,0.9798294306,0.0070773303,0.10482715,0.89517285,0.00006017,0.00000493,2696
6867,"/kaggle/input/datasets/arafatrahmann/my-data221/Epic and CSCR hospital Dataset/Train/notumor/Tr-no_0476.jpg",2,notumor,2,notumor,0.0050203381,0.0076404610,0.9797409177,0.0075982036,0.09889077,0.90110924,0.00006306,0.00000438,2319
6871,"/kaggle/input/datasets/arafatrahmann/my-data221/Epic and CSCR hospital Dataset/Train/notumor/Tr-no_0480.jpg",2,notumor,2,notumor,0.0050685597,0.0082215378,0.9799485207,0.0067612790,0.08902137,0.91097865,0.00011034,0.00000569,2703
6879,"/kaggle/input/datasets/arafatrahmann/my-data221/Epic and CSCR hospital Dataset/Train/notumor/Tr-no_0488.jpg",2,notumor,2,notumor,0.0055490346,0.0076562753,0.9797917604,0.0070029600,0.10253508,0.89746494,0.00007057,0.00000444,2261
6881,"/kaggle/input/datasets/arafatrahmann/my-data221/Epic and CSCR hospital Dataset/Train/notumor/Tr-no_0490.jpg",2,notumor,2,notumor,0.0053106751,0.0074596494,0.9799674749,0.0072622187,0.09884199,0.90115800,0.00006114,0.00000426,2472
6882,"/kaggle/input/datasets/arafatrahmann/my-data221/Epic and CSCR hospital Dataset/Train/notumor/Tr-no_0491.jpg",2,notumor,2,notumor,0.0053442493,0.0077244462,0.9798785448,0.0070527392,0.10756679,0.89243319,0.00006362,0.00000444,2463
6883,"/kaggle/input/datasets/arafatrahmann/my-data221/Epic and CSCR hospital Dataset/Train/notumor/Tr-no_0492.jpg",2,notumor,2,notumor,0.0047364184,0.0082195746,0.9797469974,0.0072969482,0.09293843,0.90706157,0.00007669,0.00000504,2374
6885,"/kaggle/input/datasets/arafatrahmann/my-data221/Epic and CSCR hospital Dataset/Train/notumor/Tr-no_0494.jpg",2,notumor,2,notumor,0.0053889398,0.0076361587,0.9796807170,0.0072941883,0.09015730,0.90984272,0.00011107,0.00000475,2705
6888,"/kaggle/input/datasets/arafatrahmann/my-data221/Epic and CSCR hospital Dataset/Train/notumor/Tr-no_0497.jpg",2,notumor,2,notumor,0.0053128870,0.0074489252,0.9799582362,0.0072799549,0.10527052,0.89472948,0.00005433,0.00000392,2263
6890,"/kaggle/input/datasets/arafatrahmann/my-data221/Epic and CSCR hospital Dataset/Train/notumor/Tr-no_0504.jpg",2,notumor,2,notumor,0.0046237856,0.0100038890,0.9790088534,0.0063633965,0.08115838,0.91884162,0.00017058,0.00000560,2408
6892,"/kaggle/input/datasets/arafatrahmann/my-data221/Epic and CSCR hospital Dataset/Train/notumor/Tr-no_0506.jpg",2,notumor,2,notumor,0.0052719461,0.0079134610,0.9798398018,0.0069748461,0.09746213,0.90253786,0.00006897,0.00000515,2335
6899,"/kaggle/input/datasets/arafatrahmann/my-data221/Epic and CSCR hospital Dataset/Train/notumor/Tr-no_0513.jpg",2,notumor,2,notumor,0.0051884847,0.0078397393,0.9797714353,0.0072003319,0.09462428,0.90537573,0.00006279,0.00000419,2388
6900,"/kaggle/input/datasets/arafatrahmann/my-data221/Epic and CSCR hospital Dataset/Train/notumor/Tr-no_0514.jpg",2,notumor,2,notumor,0.0052337358,0.0078264885,0.9798790812,0.0070608025,0.11776286,0.88223715,0.00004865,0.00000514,2449
6906,"/kaggle/input/datasets/arafatrahmann/my-data221/Epic and CSCR hospital Dataset/Train/notumor/Tr-no_0520.jpg",2,notumor,2,notumor,0.0053829704,0.0078195678,0.9798113108,0.0069862492,0.08823635,0.91176363,0.00011556,0.00000608,2520
6907,"/kaggle/input/datasets/arafatrahmann/my-data221/Epic and CSCR hospital Dataset/Train/notumor/Tr-no_0521.jpg",2,notumor,2,notumor,0.0054129222,0.0076474054,0.9795643091,0.0073754229,0.11932859,0.88067142,0.00008150,0.00000438,2446
6913,"/kaggle/input/datasets/arafatrahmann/my-data221/Epic and CSCR hospital Dataset/Train/notumor/Tr-no_0527.jpg",2,notumor,2,notumor,0.0053612106,0.0076221684,0.9796460867,0.0073704817,0.09744666,0.90255333,0.00006064,0.00000419,2683
6920,"/kaggle/input/datasets/arafatrahmann/my-data221/Epic and CSCR hospital Dataset/Train/notumor/Tr-no_0534.jpg",2,notumor,2,notumor,0.0050045787,0.0077140569,0.9800595045,0.0072217896,0.10810594,0.89189405,0.00006289,0.00000443,2319
6924,"/kaggle/input/datasets/arafatrahmann/my-data221/Epic and CSCR hospital Dataset/Train/notumor/Tr-no_0538.jpg",2,notumor,2,notumor,0.0054639126,0.0075514005,0.9797627330,0.0072219530,0.09996609,0.90003390,0.00006431,0.00000485,2713
6926,"/kaggle/input/datasets/arafatrahmann/my-data221/Epic and CSCR hospital Dataset/Train/notumor/Tr-no_0540.jpg",2,notumor,2,notumor,0.0047169002,0.0082195401,0.9798349142,0.0072285109,0.10285568,0.89714432,0.00010189,0.00000576,2374
6930,"/kaggle/input/datasets/arafatrahmann/my-data221/Epic and CSCR hospital Dataset/Train/notumor/Tr-no_0544.jpg",2,notumor,2,notumor,0.0049451580,0.0078490134,0.9801326990,0.0070730997,0.10326833,0.89673164,0.00004961,0.00000421,2263
6936,"/kaggle/input/datasets/arafatrahmann/my-data221/Epic and CSCR hospital Dataset/Train/notumor/Tr-no_0550.jpg",2,notumor,2,notumor,0.0054540671,0.0075925156,0.9793054461,0.0076479949,0.08903391,0.91096609,0.00009456,0.00000416,2426
6942,"/kaggle/input/datasets/arafatrahmann/my-data221/Epic and CSCR hospital Dataset/Train/notumor/Tr-no_0556.jpg",2,notumor,2,notumor,0.0048507340,0.0079891346,0.9800337553,0.0071263327,0.09729734,0.90270267,0.00006708,0.00000483,2263
6947,"/kaggle/input/datasets/arafatrahmann/my-data221/Epic and CSCR hospital Dataset/Train/notumor/Tr-no_0561.jpg",2,notumor,2,notumor,0.0050316229,0.0080281971,0.9798142314,0.0071259364,0.08819635,0.91180364,0.00009289,0.00000411,2716
6951,"/kaggle/input/datasets/arafatrahmann/my-data221/Epic and CSCR hospital Dataset/Train/notumor/Tr-no_0565.jpg",2,notumor,2,notumor,0.0052068443,0.0076681608,0.9796913266,0.0074337362,0.08614598,0.91385403,0.00011217,0.00000396,2261
6953,"/kaggle/input/datasets/arafatrahmann/my-data221/Epic and CSCR hospital Dataset/Train/notumor/Tr-no_0567.jpg",2,notumor,2,notumor,0.0052592596,0.0077416496,0.9796807170,0.0073184832,0.09022530,0.90977468,0.00007832,0.00000401,2463
6974,"/kaggle/input/datasets/arafatrahmann/my-data221/Epic and CSCR hospital Dataset/Train/notumor/Tr-no_0588.jpg",2,notumor,2,notumor,0.0050587817,0.0079910271,0.9799482226,0.0070019416,0.11684333,0.88315666,0.00006704,0.00000605,2381
6990,"/kaggle/input/datasets/arafatrahmann/my-data221/Epic and CSCR hospital Dataset/Train/notumor/Tr-no_0604.jpg",2,notumor,2,notumor,0.0051087653,0.0076863170,0.9796457291,0.0075592259,0.09032376,0.90967623,0.00010076,0.00000463,2722
6999,"/kaggle/input/datasets/arafatrahmann/my-data221/Epic and CSCR hospital Dataset/Train/notumor/Tr-no_0613.jpg",2,notumor,2,notumor,0.0055145025,0.0074260035,0.9796993136,0.0073602358,0.09344242,0.90655759,0.00005839,0.00000366,2726
7006,"/kaggle/input/datasets/arafatrahmann/my-data221/Epic and CSCR hospital Dataset/Train/notumor/Tr-no_0620.jpg",2,notumor,2,notumor,0.0052276198,0.0075146756,0.9801292419,0.0071285265,0.13512114,0.86487885,0.00004287,0.00000492,2729
7010,"/kaggle/input/datasets/arafatrahmann/my-data221/Epic and CSCR hospital Dataset/Train/notumor/Tr-no_0624.jpg",2,notumor,2,notumor,0.0054596066,0.0074245185,0.9796103239,0.0075055272,0.10025287,0.89974713,0.00007767,0.00000492,2509
7024,"/kaggle/input/datasets/arafatrahmann/my-data221/Epic and CSCR hospital Dataset/Train/notumor/Tr-no_0638.jpg",2,notumor,2,notumor,0.0053157285,0.0078523932,0.9798727036,0.0069591426,0.11733881,0.88266118,0.00006038,0.00000521,2697
7030,"/kaggle/input/datasets/arafatrahmann/my-data221/Epic and CSCR hospital Dataset/Train/notumor/Tr-no_0644.jpg",2,notumor,2,notumor,0.0052200612,0.0079835225,0.9796972275,0.0070992662,0.08889001,0.91110998,0.00010156,0.00000471,2424
7031,"/kaggle/input/datasets/arafatrahmann/my-data221/Epic and CSCR hospital Dataset/Train/notumor/Tr-no_0645.jpg",2,notumor,2,notumor,0.0052786795,0.0078253765,0.9797511101,0.0071448484,0.10139493,0.89860508,0.00007847,0.00000482,2734
7034,"/kaggle/input/datasets/arafatrahmann/my-data221/Epic and CSCR hospital Dataset/Train/notumor/Tr-no_0648.jpg",2,notumor,2,notumor,0.0054661171,0.0076319212,0.9796563983,0.0072455360,0.10464625,0.89535376,0.00006119,0.00000438,2426
7041,"/kaggle/input/datasets/arafatrahmann/my-data221/Epic and CSCR hospital Dataset/Train/notumor/Tr-no_0670.jpg",2,notumor,2,notumor,0.0050762380,0.0078241611,0.9798239470,0.0072755679,0.10662107,0.89337892,0.00007577,0.00000433,2374
7046,"/kaggle/input/datasets/arafatrahmann/my-data221/Epic and CSCR hospital Dataset/Train/notumor/Tr-no_0675.jpg",2,notumor,2,notumor,0.0052831010,0.0078694709,0.9798954129,0.0069520799,0.10705890,0.89294111,0.00008307,0.00000465,2335
7047,"/kaggle/input/datasets/arafatrahmann/my-data221/Epic and CSCR hospital Dataset/Train/notumor/Tr-no_0676.jpg",2,notumor,2,notumor,0.0050198459,0.0079336027,0.9800533056,0.0069932984,0.10011686,0.89988314,0.00005712,0.00000418,2381
7049,"/kaggle/input/datasets/arafatrahmann/my-data221/Epic and CSCR hospital Dataset/Train/notumor/Tr-no_0689.jpg",2,notumor,2,notumor,0.0053957971,0.0076721916,0.9798005819,0.0071313917,0.10031526,0.89968472,0.00007217,0.00000418,2705
7058,"/kaggle/input/datasets/arafatrahmann/my-data221/Epic and CSCR hospital Dataset/Train/notumor/image(117).jpg",2,notumor,2,notumor,0.0053265817,0.0074205301,0.9796605110,0.0075924126,0.09311683,0.90688317,0.00009147,0.00000474,2541
7060,"/kaggle/input/datasets/arafatrahmann/my-data221/Epic and CSCR hospital Dataset/Train/notumor/image(13).jpg",2,notumor,2,notumor,0.0054137353,0.0076646172,0.9799386263,0.0069830739,0.10354975,0.89645024,0.00005882,0.00000476,2361
7064,"/kaggle/input/datasets/arafatrahmann/my-data221/Epic and CSCR hospital Dataset/Train/notumor/image(141) - Copy.jpg",2,notumor,2,notumor,0.0053720293,0.0072705708,0.9794710279,0.0078863753,0.08938658,0.91061341,0.00011893,0.00000409,2561
7065,"/kaggle/input/datasets/arafatrahmann/my-data221/Epic and CSCR hospital Dataset/Train/notumor/image(141).jpg",2,notumor,2,notumor,0.0053579030,0.0072443387,0.9795397520,0.0078579616,0.09730928,0.90269071,0.00007080,0.00000469,2561
7088,"/kaggle/input/datasets/arafatrahmann/my-data221/Epic and CSCR hospital Dataset/Train/notumor/image(152) - Copy.jpg",2,notumor,2,notumor,0.0053665652,0.0072588488,0.9794070125,0.0079675512,0.08720820,0.91279182,0.00010202,0.00000485,2569
7089,"/kaggle/input/datasets/arafatrahmann/my-data221/Epic and CSCR hospital Dataset/Train/notumor/image(152).jpg",2,notumor,2,notumor,0.0053644339,0.0072473534,0.9794336557,0.0079544783,0.09236282,0.90763718,0.00007990,0.00000445,2569
7092,"/kaggle/input/datasets/arafatrahmann/my-data221/Epic and CSCR hospital Dataset/Train/notumor/image(154) - Copy.jpg",2,notumor,2,notumor,0.0053388542,0.0076131276,0.9796459079,0.0074021267,0.09450348,0.90549654,0.00008475,0.00000429,2571
7093,"/kaggle/input/datasets/arafatrahmann/my-data221/Epic and CSCR hospital Dataset/Train/notumor/image(154).jpg",2,notumor,2,notumor,0.0053349086,0.0075727417,0.9797319174,0.0073605096,0.11035150,0.88964849,0.00007054,0.00000526,2571
7110,"/kaggle/input/datasets/arafatrahmann/my-data221/Epic and CSCR hospital Dataset/Train/notumor/image(164).jpg",2,notumor,2,notumor,0.0052210949,0.0078043044,0.9797213674,0.0072532482,0.08908977,0.91091022,0.00009320,0.00000438,2463
7118,"/kaggle/input/datasets/arafatrahmann/my-data221/Epic and CSCR hospital Dataset/Train/notumor/image(179).jpg",2,notumor,2,notumor,0.0050961063,0.0077349627,0.9795082211,0.0076607191,0.09715248,0.90284752,0.00007838,0.00000410,2579
7127,"/kaggle/input/datasets/arafatrahmann/my-data221/Epic and CSCR hospital Dataset/Train/notumor/image(188).jpg",2,notumor,2,notumor,0.0054315813,0.0076095304,0.9793635607,0.0075954124,0.09717982,0.90282019,0.00008166,0.00000524,2426
7129,"/kaggle/input/datasets/arafatrahmann/my-data221/Epic and CSCR hospital Dataset/Train/notumor/image(190).jpg",2,notumor,2,notumor,0.0054534813,0.0076113888,0.9794774055,0.0074577047,0.09046082,0.90953916,0.00010071,0.00000408,2509
7135,"/kaggle/input/datasets/arafatrahmann/my-data221/Epic and CSCR hospital Dataset/Train/notumor/no 90.jpg",2,notumor,2,notumor,0.0050206319,0.0076719299,0.9800037146,0.0073036910,0.09338999,0.90661001,0.00007818,0.00000464,2263
7144,"/kaggle/input/datasets/arafatrahmann/my-data221/Epic and CSCR hospital Dataset/Train/notumor/no 99.jpg",2,notumor,2,notumor,0.0048812660,0.0078995097,0.9797695279,0.0074497154,0.09431680,0.90568321,0.00008211,0.00000452,2737
7150,"/kaggle/input/datasets/arafatrahmann/my-data221/Epic and CSCR hospital Dataset/Train/pituitary/1182.jpg",3,pituitary,3,pituitary,0.0051052719,0.0067796796,0.0086752381,0.9794398546,0.44599128,0.55400872,0.00002032,0.00001519,2742
7151,"/kaggle/input/datasets/arafatrahmann/my-data221/Epic and CSCR hospital Dataset/Train/pituitary/1183.jpg",3,pituitary,3,pituitary,0.0051249880,0.0062963567,0.0082194181,0.9803592563,0.39181532,0.60818469,0.00002474,0.00001532,2743
7153,"/kaggle/input/datasets/arafatrahmann/my-data221/Epic and CSCR hospital Dataset/Train/pituitary/1185.jpg",3,pituitary,3,pituitary,0.0053947493,0.0076479763,0.0078489808,0.9791082144,0.52945506,0.47054494,0.00001490,0.00001536,2745
7159,"/kaggle/input/datasets/arafatrahmann/my-data221/Epic and CSCR hospital Dataset/Train/pituitary/1191.jpg",3,pituitary,3,pituitary,0.0052317679,0.0069874697,0.0081435898,0.9796372652,0.47696150,0.52303850,0.00001793,0.00001565,2751
7174,"/kaggle/input/datasets/arafatrahmann/my-data221/Epic and CSCR hospital Dataset/Train/pituitary/P_706.jpg",3,pituitary,3,pituitary,0.0051793968,0.0056530670,0.0081854966,0.9809820056,0.33916479,0.66083519,0.00002383,0.00001131,2762
7175,"/kaggle/input/datasets/arafatrahmann/my-data221/Epic and CSCR hospital Dataset/Train/pituitary/P_706_BR_.jpg",3,pituitary,3,pituitary,0.0050146012,0.0054333238,0.0088211913,0.9807308316,0.35197837,0.64802164,0.00002376,0.00001235,2762
7176,"/kaggle/input/datasets/arafatrahmann/my-data221/Epic and CSCR hospital Dataset/Train/pituitary/P_706_DA_.jpg",3,pituitary,3,pituitary,0.0049012951,0.0052865203,0.0090393089,0.9807728529,0.35811443,0.64188558,0.00001998,0.00001141,2762
7177,"/kaggle/input/datasets/arafatrahmann/my-data221/Epic and CSCR hospital Dataset/Train/pituitary/P_706_HF_.jpg",3,pituitary,3,pituitary,0.0053146002,0.0059631537,0.0079238284,0.9807984233,0.43490569,0.56509430,0.00001522,0.00001214,2762
7178,"/kaggle/input/datasets/arafatrahmann/my-data221/Epic and CSCR hospital Dataset/Train/pituitary/P_706_RO_.jpg",3,pituitary,3,pituitary,0.0051104212,0.0054153106,0.0084626209,0.9810116887,0.30911350,0.69088652,0.00002099,0.00001062,2762
7179,"/kaggle/input/datasets/arafatrahmann/my-data221/Epic and CSCR hospital Dataset/Train/pituitary/P_706_SP_.jpg",3,pituitary,3,pituitary,0.0053945528,0.0057031605,0.0080224965,0.9808797836,0.37575078,0.62424923,0.00001831,0.00001122,2762
7180,"/kaggle/input/datasets/arafatrahmann/my-data221/Epic and CSCR hospital Dataset/Train/pituitary/P_706_VF_.jpg",3,pituitary,3,pituitary,0.0053811730,0.0068163527,0.0077292481,0.9800732732,0.44075039,0.55924961,0.00001922,0.00001494,2762
7183,"/kaggle/input/datasets/arafatrahmann/my-data221/Epic and CSCR hospital Dataset/Train/pituitary/P_70_BR_.jpg",3,pituitary,3,pituitary,0.0049215020,0.0061296760,0.0088135768,0.9801351428,0.31488992,0.68511008,0.00002271,0.00001092,2764
7184,"/kaggle/input/datasets/arafatrahmann/my-data221/Epic and CSCR hospital Dataset/Train/pituitary/P_70_DA_.jpg",3,pituitary,3,pituitary,0.0052873865,0.0080132717,0.0090056444,0.9776936769,0.58409238,0.41590761,0.00001385,0.00002096,2764
7185,"/kaggle/input/datasets/arafatrahmann/my-data221/Epic and CSCR hospital Dataset/Train/pituitary/P_70_HF_.jpg",3,pituitary,3,pituitary,0.0053454172,0.0080416631,0.0076730056,0.9789398909,0.47395384,0.52604615,0.00001621,0.00001488,2764
7186,"/kaggle/input/datasets/arafatrahmann/my-data221/Epic and CSCR hospital Dataset/Train/pituitary/P_70_RO_.jpg",3,pituitary,3,pituitary,0.0053620581,0.0103346119,0.0080067916,0.9762965441,0.52492618,0.47507381,0.00001633,0.00001632,2764
7187,"/kaggle/input/datasets/arafatrahmann/my-data221/Epic and CSCR hospital Dataset/Train/pituitary/P_70_SP_.jpg",3,pituitary,3,pituitary,0.0054907268,0.0068927156,0.0078863986,0.9797302485,0.38298466,0.61701535,0.00001784,0.00001194,2764
7188,"/kaggle/input/datasets/arafatrahmann/my-data221/Epic and CSCR hospital Dataset/Train/pituitary/P_70_VF_.jpg",3,pituitary,3,pituitary,0.0052969069,0.0066920496,0.0080858693,0.9799251556,0.47168707,0.52831293,0.00001626,0.00001438,2764
7189,"/kaggle/input/datasets/arafatrahmann/my-data221/Epic and CSCR hospital Dataset/Train/pituitary/P_71.jpg",3,pituitary,3,pituitary,0.0053718807,0.0087841684,0.0076292031,0.9782147408,0.49600472,0.50399529,0.00001405,0.00001377,2764
7260,"/kaggle/input/datasets/arafatrahmann/my-data221/Epic and CSCR hospital Dataset/Train/pituitary/P_71_BR_.jpg",3,pituitary,3,pituitary,0.0050285077,0.0063024266,0.0087044332,0.9799646139,0.42511704,0.57488294,0.00001713,0.00001220,2764
7261,"/kaggle/input/datasets/arafatrahmann/my-data221/Epic and CSCR hospital Dataset/Train/pituitary/P_71_DA_.jpg",3,pituitary,3,pituitary,0.0050830347,0.0070051374,0.0090747494,0.9788370132,0.46760280,0.53239722,0.00002093,0.00001569,2764
7262,"/kaggle/input/datasets/arafatrahmann/my-data221/Epic and CSCR hospital Dataset/Train/pituitary/P_71_HF_.jpg",3,pituitary,3,pituitary,0.0054420936,0.0076244860,0.0078665484,0.9790669680,0.52451232,0.47548767,0.00001501,0.00001563,2764
7263,"/kaggle/input/datasets/arafatrahmann/my-data221/Epic and CSCR hospital Dataset/Train/pituitary/P_71_RO_.jpg",3,pituitary,3,pituitary,0.0053455797,0.0084101260,0.0080518601,0.9781924486,0.52527883,0.47472116,0.00001636,0.00001806,2764
7264,"/kaggle/input/datasets/arafatrahmann/my-data221/Epic and CSCR hospital Dataset/Train/pituitary/P_71_SP_.jpg",3,pituitary,3,pituitary,0.0054905484,0.0061154850,0.0081010964,0.9802929163,0.36023099,0.63976900,0.00002783,0.00001283,2764
7265,"/kaggle/input/datasets/arafatrahmann/my-data221/Epic and CSCR hospital Dataset/Train/pituitary/P_71_VF_.jpg",3,pituitary,3,pituitary,0.0052075409,0.0063263685,0.0082670804,0.9801990390,0.41210433,0.58789566,0.00001998,0.00001346,2764
7266,"/kaggle/input/datasets/arafatrahmann/my-data221/Epic and CSCR hospital Dataset/Train/pituitary/P_72.jpg",3,pituitary,3,pituitary,0.0051891757,0.0078065097,0.0077332305,0.9792710543,0.45920232,0.54079767,0.00001767,0.00001556,2764
7337,"/kaggle/input/datasets/arafatrahmann/my-data221/Epic and CSCR hospital Dataset/Train/pituitary/P_72_BR_.jpg",3,pituitary,3,pituitary,0.0049922192,0.0060667247,0.0086673098,0.9802737236,0.38752100,0.61247902,0.00001815,0.00001155,2764
7338,"/kaggle/input/datasets/arafatrahmann/my-data221/Epic and CSCR hospital Dataset/Train/pituitary/P_72_DA_.jpg",3,pituitary,3,pituitary,0.0049970667,0.0073774545,0.0088568311,0.9787686467,0.47295799,0.52704200,0.00001541,0.00001459,2764
7339,"/kaggle/input/datasets/arafatrahmann/my-data221/Epic and CSCR hospital Dataset/Train/pituitary/P_72_HF_.jpg",3,pituitary,3,pituitary,0.0052753282,0.0074085072,0.0078983866,0.9794178009,0.49081590,0.50918409,0.00001552,0.00001469,2764
7340,"/kaggle/input/datasets/arafatrahmann/my-data221/Epic and CSCR hospital Dataset/Train/pituitary/P_72_RO_.jpg",3,pituitary,3,pituitary,0.0054405024,0.0078492137,0.0082363654,0.9784739614,0.58290547,0.41709450,0.00001103,0.00001414,2764
7341,"/kaggle/input/datasets/arafatrahmann/my-data221/Epic and CSCR hospital Dataset/Train/pituitary/P_72_SP_.jpg",3,pituitary,3,pituitary,0.0054899985,0.0059170546,0.0082827378,0.9803101420,0.39033419,0.60966580,0.00002261,0.00001443,2764
7342,"/kaggle/input/datasets/arafatrahmann/my-data221/Epic and CSCR hospital Dataset/Train/pituitary/P_72_VF_.jpg",3,pituitary,3,pituitary,0.0052389381,0.0067484444,0.0081495699,0.9798629880,0.48305861,0.51694139,0.00001728,0.00001456,2764
7393,"/kaggle/input/datasets/arafatrahmann/my-data221/Epic and CSCR hospital Dataset/Train/pituitary/P_737.jpg",3,pituitary,3,pituitary,0.0050342940,0.0061248573,0.0082992325,0.9805415869,0.40356965,0.59643033,0.00001679,0.00001130,2776
7394,"/kaggle/input/datasets/arafatrahmann/my-data221/Epic and CSCR hospital Dataset/Train/pituitary/P_737_BR_.jpg",3,pituitary,3,pituitary,0.0048136534,0.0057752626,0.0089994920,0.9804115295,0.38031791,0.61968209,0.00001933,0.00001200,2776
7395,"/kaggle/input/datasets/arafatrahmann/my-data221/Epic and CSCR hospital Dataset/Train/pituitary/P_737_DA_.jpg",3,pituitary,3,pituitary,0.0050298395,0.0061627077,0.0089819916,0.9798254967,0.49052940,0.50947058,0.00001749,0.00001645,2776
7396,"/kaggle/input/datasets/arafatrahmann/my-data221/Epic and CSCR hospital Dataset/Train/pituitary/P_737_HF_.jpg",3,pituitary,3,pituitary,0.0051522739,0.0061950921,0.0082454318,0.9804071188,0.43707614,0.56292385,0.00001863,0.00001384,2776
7397,"/kaggle/input/datasets/arafatrahmann/my-data221/Epic and CSCR hospital Dataset/Train/pituitary/P_737_RO_.jpg",3,pituitary,3,pituitary,0.0051400764,0.0062557263,0.0082076043,0.9803966284,0.44434160,0.55565838,0.00001765,0.00001495,2776
7398,"/kaggle/input/datasets/arafatrahmann/my-data221/Epic and CSCR hospital Dataset/Train/pituitary/P_737_SP_.jpg",3,pituitary,3,pituitary,0.0052798567,0.0057047098,0.0081603583,0.9808551073,0.34093492,0.65906508,0.00002529,0.00001344,2776
7399,"/kaggle/input/datasets/arafatrahmann/my-data221/Epic and CSCR hospital Dataset/Train/pituitary/P_737_VF_.jpg",3,pituitary,3,pituitary,0.0051999190,0.0069190199,0.0080239680,0.9798571467,0.44439695,0.55560305,0.00001791,0.00001519,2776
7477,"/kaggle/input/datasets/arafatrahmann/my-data221/Epic and CSCR hospital Dataset/Train/pituitary/P_748.jpg",3,pituitary,3,pituitary,0.0052790558,0.0064613475,0.0081481617,0.9801113009,0.44529984,0.55470016,0.00002250,0.00001631,2780
7478,"/kaggle/input/datasets/arafatrahmann/my-data221/Epic and CSCR hospital Dataset/Train/pituitary/P_748_BR_.jpg",3,pituitary,3,pituitary,0.0049384944,0.0053000730,0.0089786239,0.9807826877,0.30153541,0.69846459,0.00002508,0.00000997,2780
7479,"/kaggle/input/datasets/arafatrahmann/my-data221/Epic and CSCR hospital Dataset/Train/pituitary/P_748_DA_.jpg",3,pituitary,3,pituitary,0.0049511585,0.0056966087,0.0088978130,0.9804543257,0.35466865,0.64533136,0.00001914,0.00001113,2780
7480,"/kaggle/input/datasets/arafatrahmann/my-data221/Epic and CSCR hospital Dataset/Train/pituitary/P_748_HF_.jpg",3,pituitary,3,pituitary,0.0052259853,0.0062088068,0.0080267712,0.9805384874,0.38171583,0.61828417,0.00002375,0.00001234,2780
7481,"/kaggle/input/datasets/arafatrahmann/my-data221/Epic and CSCR hospital Dataset/Train/pituitary/P_748_RO_.jpg",3,pituitary,3,pituitary,0.0050519630,0.0065065934,0.0084346384,0.9800068736,0.38025687,0.61974313,0.00001616,0.00001105,2780
7482,"/kaggle/input/datasets/arafatrahmann/my-data221/Epic and CSCR hospital Dataset/Train/pituitary/P_748_SP_.jpg",3,pituitary,3,pituitary,0.0053609321,0.0058408054,0.0084187482,0.9803795815,0.37379359,0.62620640,0.00002402,0.00001352,2780
7483,"/kaggle/input/datasets/arafatrahmann/my-data221/Epic and CSCR hospital Dataset/Train/pituitary/P_748_VF_.jpg",3,pituitary,3,pituitary,0.0054741511,0.0077071683,0.0076044882,0.9792141914,0.45897193,0.54102806,0.00001866,0.00001502,2780
7533,"/kaggle/input/datasets/arafatrahmann/my-data221/Epic and CSCR hospital Dataset/Train/pituitary/P_755.jpg",3,pituitary,3,pituitary,0.0047391905,0.0056000315,0.0099860113,0.9796746969,0.36134915,0.63865084,0.00002366,0.00001379,2784
7534,"/kaggle/input/datasets/arafatrahmann/my-data221/Epic and CSCR hospital Dataset/Train/pituitary/P_755_BR_.jpg",3,pituitary,3,pituitary,0.0046678917,0.0053477632,0.0098259943,0.9801584482,0.32675410,0.67324591,0.00002265,0.00001291,2784
7535,"/kaggle/input/datasets/arafatrahmann/my-data221/Epic and CSCR hospital Dataset/Train/pituitary/P_755_DA_.jpg",3,pituitary,3,pituitary,0.0049106036,0.0051496313,0.0096543506,0.9802853465,0.34596492,0.65403507,0.00001763,0.00000965,2784
7536,"/kaggle/input/datasets/arafatrahmann/my-data221/Epic and CSCR hospital Dataset/Train/pituitary/P_755_HF_.jpg",3,pituitary,3,pituitary,0.0050467546,0.0060647666,0.0086713666,0.9802170992,0.36216824,0.63783177,0.00002638,0.00001578,2784
7537,"/kaggle/input/datasets/arafatrahmann/my-data221/Epic and CSCR hospital Dataset/Train/pituitary/P_755_RO_.jpg",3,pituitary,3,pituitary,0.0048976778,0.0059078052,0.0090648253,0.9801297188,0.35713999,0.64286002,0.00002279,0.00001348,2784
7538,"/kaggle/input/datasets/arafatrahmann/my-data221/Epic and CSCR hospital Dataset/Train/pituitary/P_755_SP_.jpg",3,pituitary,3,pituitary,0.0048586787,0.0052998206,0.0109680658,0.9788734317,0.24122486,0.75877515,0.00004379,0.00001587,2784
7539,"/kaggle/input/datasets/arafatrahmann/my-data221/Epic and CSCR hospital Dataset/Train/pituitary/P_755_VF_.jpg",3,pituitary,3,pituitary,0.0044044564,0.0052386033,0.0117018418,0.9786551595,0.36300604,0.63699397,0.00002418,0.00001480,2784
7540,"/kaggle/input/datasets/arafatrahmann/my-data221/Epic and CSCR hospital Dataset/Train/pituitary/P_756.jpg",3,pituitary,3,pituitary,0.0044774376,0.0051562488,0.0111843143,0.9791819453,0.36575251,0.63424750,0.00002661,0.00001480,2784
7541,"/kaggle/input/datasets/arafatrahmann/my-data221/Epic and CSCR hospital Dataset/Train/pituitary/P_756_BR_.jpg",3,pituitary,3,pituitary,0.0044976743,0.0048803915,0.0110165402,0.9796053767,0.27177110,0.72822890,0.00003330,0.00001183,2784
7542,"/kaggle/input/datasets/arafatrahmann/my-data221/Epic and CSCR hospital Dataset/Train/pituitary/P_756_DA_.jpg",3,pituitary,3,pituitary,0.0043327743,0.0045953901,0.0840162188,0.9070556760,0.30476285,0.69523714,0.00038848,0.00009058,2784
7543,"/kaggle/input/datasets/arafatrahmann/my-data221/Epic and CSCR hospital Dataset/Train/pituitary/P_756_HF_.jpg",3,pituitary,3,pituitary,0.0047791209,0.0055727428,0.0100480299,0.9796000719,0.35482413,0.64517587,0.00002319,0.00001285,2784
7544,"/kaggle/input/datasets/arafatrahmann/my-data221/Epic and CSCR hospital Dataset/Train/pituitary/P_756_RO_.jpg",3,pituitary,3,pituitary,0.0043570222,0.0050154021,0.0830294862,0.9075980186,0.33406043,0.66593958,0.00034968,0.00005432,2784
7545,"/kaggle/input/datasets/arafatrahmann/my-data221/Epic and CSCR hospital Dataset/Train/pituitary/P_756_SP_.jpg",3,pituitary,3,pituitary,0.0078657866,0.0038287353,0.4705886245,0.5177169442,0.17100004,0.82899995,0.00129341,0.00041704,2784
7546,"/kaggle/input/datasets/arafatrahmann/my-data221/Epic and CSCR hospital Dataset/Train/pituitary/P_756_VF_.jpg",3,pituitary,3,pituitary,0.0036688067,0.0043201027,0.1138610691,0.8781501055,0.34030844,0.65969158,0.00003529,0.00001424,2784
7547,"/kaggle/input/datasets/arafatrahmann/my-data221/Epic and CSCR hospital Dataset/Train/pituitary/P_757.jpg",3,pituitary,3,pituitary,0.0049167564,0.0063538612,0.0081799719,0.9805494547,0.35652166,0.64347835,0.00001916,0.00001106,2785
7548,"/kaggle/input/datasets/arafatrahmann/my-data221/Epic and CSCR hospital Dataset/Train/pituitary/P_757_BR_.jpg",3,pituitary,3,pituitary,0.0049173282,0.0052371868,0.0089689568,0.9808766246,0.31319757,0.68680244,0.00002510,0.00001200,2785
7549,"/kaggle/input/datasets/arafatrahmann/my-data221/Epic and CSCR hospital Dataset/Train/pituitary/P_757_DA_.jpg",3,pituitary,3,pituitary,0.0050313766,0.0060235756,0.0089526251,0.9799925089,0.43410271,0.56589730,0.00001492,0.00001068,2785
7550,"/kaggle/input/datasets/arafatrahmann/my-data221/Epic and CSCR hospital Dataset/Train/pituitary/P_757_HF_.jpg",3,pituitary,3,pituitary,0.0050363075,0.0068757683,0.0080062719,0.9800816774,0.44687517,0.55312482,0.00001898,0.00001570,2785
7551,"/kaggle/input/datasets/arafatrahmann/my-data221/Epic and CSCR hospital Dataset/Train/pituitary/P_757_RO_.jpg",3,pituitary,3,pituitary,0.0050126174,0.0074880971,0.0087258061,0.9787734747,0.50095334,0.49904666,0.00001472,0.00001411,2785
7552,"/kaggle/input/datasets/arafatrahmann/my-data221/Epic and CSCR hospital Dataset/Train/pituitary/P_757_SP_.jpg",3,pituitary,3,pituitary,0.0054314826,0.0054871226,0.0080638602,0.9810177088,0.31282842,0.68717157,0.00002967,0.00001217,2785
7553,"/kaggle/input/datasets/arafatrahmann/my-data221/Epic and CSCR hospital Dataset/Train/pituitary/P_757_VF_.jpg",3,pituitary,3,pituitary,0.0052867034,0.0069360645,0.0080434885,0.9797336459,0.47386354,0.52613645,0.00001795,0.00001333,2785
7673,"/kaggle/input/datasets/arafatrahmann/my-data221/Epic and CSCR hospital Dataset/Train/pituitary/P_773.jpg",3,pituitary,3,pituitary,0.0048942887,0.0067297951,0.0086883400,0.9796875715,0.35746677,0.64253325,0.00001812,0.00001080,2792
7674,"/kaggle/input/datasets/arafatrahmann/my-data221/Epic and CSCR hospital Dataset/Train/pituitary/P_773_BR_.jpg",3,pituitary,3,pituitary,0.0048904619,0.0056189327,0.0090400334,0.9804505110,0.36845008,0.63154992,0.00001911,0.00001269,2792
7675,"/kaggle/input/datasets/arafatrahmann/my-data221/Epic and CSCR hospital Dataset/Train/pituitary/P_773_DA_.jpg",3,pituitary,3,pituitary,0.0049494845,0.0063023856,0.0093881590,0.9793599248,0.46128199,0.53871800,0.00001861,0.00001565,2792
7676,"/kaggle/input/datasets/arafatrahmann/my-data221/Epic and CSCR hospital Dataset/Train/pituitary/P_773_HF_.jpg",3,pituitary,3,pituitary,0.0048870938,0.0063928417,0.0085505750,0.9801694751,0.32484588,0.67515411,0.00002294,0.00001125,2792
7677,"/kaggle/input/datasets/arafatrahmann/my-data221/Epic and CSCR hospital Dataset/Train/pituitary/P_773_RO_.jpg",3,pituitary,3,pituitary,0.0046028304,0.0070836162,0.0095556574,0.9787578583,0.34888654,0.65111345,0.00002258,0.00001133,2792
7678,"/kaggle/input/datasets/arafatrahmann/my-data221/Epic and CSCR hospital Dataset/Train/pituitary/P_773_SP_.jpg",3,pituitary,3,pituitary,0.0060237618,0.0054816096,0.0088544236,0.9796401858,0.26207992,0.73792008,0.00003853,0.00001517,2792
7679,"/kaggle/input/datasets/arafatrahmann/my-data221/Epic and CSCR hospital Dataset/Train/pituitary/P_773_VF_.jpg",3,pituitary,3,pituitary,0.0049422262,0.0056978660,0.0089020180,0.9804579020,0.36881362,0.63118638,0.00002249,0.00001330,2792
7736,"/kaggle/input/datasets/arafatrahmann/my-data221/Epic and CSCR hospital Dataset/Train/pituitary/P_781.jpg",3,pituitary,3,pituitary,0.0049449741,0.0105777998,0.0077079879,0.9767692685,0.40861308,0.59138691,0.00002829,0.00001582,2764
7737,"/kaggle/input/datasets/arafatrahmann/my-data221/Epic and CSCR hospital Dataset/Train/pituitary/P_781_BR_.jpg",3,pituitary,3,pituitary,0.0049231891,0.0063983491,0.0086853029,0.9799931645,0.42730485,0.57269514,0.00001872,0.00001481,2764
7738,"/kaggle/input/datasets/arafatrahmann/my-data221/Epic and CSCR hospital Dataset/Train/pituitary/P_781_DA_.jpg",3,pituitary,3,pituitary,0.0049484707,0.0071424916,0.0089510195,0.9789579511,0.39590846,0.60409153,0.00001676,0.00001145,2764
7739,"/kaggle/input/datasets/arafatrahmann/my-data221/Epic and CSCR hospital Dataset/Train/pituitary/P_781_HF_.jpg",3,pituitary,3,pituitary,0.0049787615,0.0088649942,0.0077778487,0.9783784151,0.42103041,0.57896959,0.00002133,0.00001615,2764
7740,"/kaggle/input/datasets/arafatrahmann/my-data221/Epic and CSCR hospital Dataset/Train/pituitary/P_781_RO_.jpg",3,pituitary,3,pituitary,0.0050427783,0.0095976898,0.0079593975,0.9774001241,0.48761644,0.51238354,0.00001739,0.00001684,2764
7741,"/kaggle/input/datasets/arafatrahmann/my-data221/Epic and CSCR hospital Dataset/Train/pituitary/P_781_SP_.jpg",3,pituitary,3,pituitary,0.0054033725,0.0068941498,0.0078473305,0.9798550606,0.40551953,0.59448045,0.00002166,0.00001503,2764
7742,"/kaggle/input/datasets/arafatrahmann/my-data221/Epic and CSCR hospital Dataset/Train/pituitary/P_781_VF_.jpg",3,pituitary,3,pituitary,0.0050423378,0.0061898455,0.0085585434,0.9802092314,0.37021775,0.62978226,0.00002200,0.00001102,2764
7743,"/kaggle/input/datasets/arafatrahmann/my-data221/Epic and CSCR hospital Dataset/Train/pituitary/P_782.jpg",3,pituitary,3,pituitary,0.0050120610,0.0098575149,0.0077014314,0.9774290323,0.47267757,0.52732244,0.00001770,0.00001646,2764
7744,"/kaggle/input/datasets/arafatrahmann/my-data221/Epic and CSCR hospital Dataset/Train/pituitary/P_782_BR_.jpg",3,pituitary,3,pituitary,0.0050295945,0.0062584192,0.0084519070,0.9802600145,0.45548300,0.54451702,0.00001649,0.00001308,2764
7745,"/kaggle/input/datasets/arafatrahmann/my-data221/Epic and CSCR hospital Dataset/Train/pituitary/P_782_DA_.jpg",3,pituitary,3,pituitary,0.0050442424,0.0071946597,0.0088487510,0.9789123535,0.48465977,0.51534022,0.00001746,0.00001526,2764
7746,"/kaggle/input/datasets/arafatrahmann/my-data221/Epic and CSCR hospital Dataset/Train/pituitary/P_782_HF_.jpg",3,pituitary,3,pituitary,0.0050142650,0.0079716993,0.0076510878,0.9793629646,0.42188527,0.57811471,0.00001972,0.00001296,2764
7747,"/kaggle/input/datasets/arafatrahmann/my-data221/Epic and CSCR hospital Dataset/Train/pituitary/P_782_RO_.jpg",3,pituitary,3,pituitary,0.0049258918,0.0089203138,0.0080474326,0.9781063795,0.46673110,0.53326889,0.00001796,0.00001556,2764
7748,"/kaggle/input/datasets/arafatrahmann/my-data221/Epic and CSCR hospital Dataset/Train/pituitary/P_782_SP_.jpg",3,pituitary,3,pituitary,0.0054392465,0.0065766918,0.0078188442,0.9801651835,0.42490750,0.57509250,0.00001735,0.00001291,2764
7749,"/kaggle/input/datasets/arafatrahmann/my-data221/Epic and CSCR hospital Dataset/Train/pituitary/P_782_VF_.jpg",3,pituitary,3,pituitary,0.0052082241,0.0062969788,0.0083239609,0.9801708460,0.47015156,0.52984842,0.00001705,0.00001339,2764
7750,"/kaggle/input/datasets/arafatrahmann/my-data221/Epic and CSCR hospital Dataset/Train/pituitary/P_783.jpg",3,pituitary,3,pituitary,0.0049419878,0.0090489658,0.0077650412,0.9782440066,0.41399209,0.58600793,0.00002383,0.00001809,2764
7751,"/kaggle/input/datasets/arafatrahmann/my-data221/Epic and CSCR hospital Dataset/Train/pituitary/P_783_BR_.jpg",3,pituitary,3,pituitary,0.0050180033,0.0062112254,0.0086014327,0.9801694155,0.44323268,0.55676733,0.00001912,0.00001253,2764
7752,"/kaggle/input/datasets/arafatrahmann/my-data221/Epic and CSCR hospital Dataset/Train/pituitary/P_783_DA_.jpg",3,pituitary,3,pituitary,0.0050177276,0.0064162188,0.0088725984,0.9796934128,0.38700922,0.61299080,0.00001869,0.00001102,2764
7753,"/kaggle/input/datasets/arafatrahmann/my-data221/Epic and CSCR hospital Dataset/Train/pituitary/P_783_HF_.jpg",3,pituitary,3,pituitary,0.0050853388,0.0075380043,0.0079852305,0.9793915749,0.42913149,0.57086850,0.00002100,0.00001371,2764
7754,"/kaggle/input/datasets/arafatrahmann/my-data221/Epic and CSCR hospital Dataset/Train/pituitary/P_783_RO_.jpg",3,pituitary,3,pituitary,0.0050864969,0.0089549301,0.0081620328,0.9777965546,0.48741161,0.51258841,0.00001832,0.00001684,2764
7755,"/kaggle/input/datasets/arafatrahmann/my-data221/Epic and CSCR hospital Dataset/Train/pituitary/P_783_SP_.jpg",3,pituitary,3,pituitary,0.0053617638,0.0057406491,0.0079932427,0.9809044003,0.33115228,0.66884771,0.00002073,0.00001136,2764
7756,"/kaggle/input/datasets/arafatrahmann/my-data221/Epic and CSCR hospital Dataset/Train/pituitary/P_783_VF_.jpg",3,pituitary,3,pituitary,0.0051887394,0.0063167848,0.0085398471,0.9799546003,0.47058939,0.52941060,0.00001435,0.00001267,2764
7757,"/kaggle/input/datasets/arafatrahmann/my-data221/Epic and CSCR hospital Dataset/Train/pituitary/P_784.jpg",3,pituitary,3,pituitary,0.0051323054,0.0072775530,0.0082363449,0.9793537855,0.48885000,0.51115000,0.00001768,0.00001552,2792
7758,"/kaggle/input/datasets/arafatrahmann/my-data221/Epic and CSCR hospital Dataset/Train/pituitary/P_784_BR_.jpg",3,pituitary,3,pituitary,0.0047301305,0.0057714516,0.0092588952,0.9802395105,0.31108364,0.68891638,0.00002239,0.00001107,2792
7759,"/kaggle/input/datasets/arafatrahmann/my-data221/Epic and CSCR hospital Dataset/Train/pituitary/P_784_DA_.jpg",3,pituitary,3,pituitary,0.0048529808,0.0569113977,0.0096346671,0.9286009073,0.56064475,0.43935527,0.00032371,0.00006590,2792
7760,"/kaggle/input/datasets/arafatrahmann/my-data221/Epic and CSCR hospital Dataset/Train/pituitary/P_784_HF_.jpg",3,pituitary,3,pituitary,0.0054476298,0.0080262544,0.0081580747,0.9783681035,0.60174568,0.39825432,0.00001365,0.00001922,2792
7761,"/kaggle/input/datasets/arafatrahmann/my-data221/Epic and CSCR hospital Dataset/Train/pituitary/P_784_RO_.jpg",3,pituitary,3,pituitary,0.0050748857,0.0129280416,0.0080665061,0.9739306569,0.62198676,0.37801325,0.00001872,0.00003096,2792
7762,"/kaggle/input/datasets/arafatrahmann/my-data221/Epic and CSCR hospital Dataset/Train/pituitary/P_784_SP_.jpg",3,pituitary,3,pituitary,0.0062609366,0.0356402956,0.0107930824,0.9473056793,0.50517932,0.49482068,0.00019370,0.00027513,2792
7763,"/kaggle/input/datasets/arafatrahmann/my-data221/Epic and CSCR hospital Dataset/Train/pituitary/P_784_VF_.jpg",3,pituitary,3,pituitary,0.0050210902,0.0058768028,0.0086959321,0.9804061651,0.32795493,0.67204507,0.00002468,0.00001107,2792
7764,"/kaggle/input/datasets/arafatrahmann/my-data221/Epic and CSCR hospital Dataset/Train/pituitary/P_785.jpg",3,pituitary,3,pituitary,0.0048958925,0.0075734085,0.0081939083,0.9793368578,0.35726389,0.64273613,0.00002553,0.00001484,2764
7765,"/kaggle/input/datasets/arafatrahmann/my-data221/Epic and CSCR hospital Dataset/Train/pituitary/P_785_BR_.jpg",3,pituitary,3,pituitary,0.0050767744,0.0062037399,0.0087053170,0.9800142050,0.50995926,0.49004072,0.00001209,0.00001167,2764
7766,"/kaggle/input/datasets/arafatrahmann/my-data221/Epic and CSCR hospital Dataset/Train/pituitary/P_785_DA_.jpg",3,pituitary,3,pituitary,0.0049216440,0.0062124408,0.0088893343,0.9799765348,0.33020962,0.66979039,0.00002248,0.00001120,2764
7767,"/kaggle/input/datasets/arafatrahmann/my-data221/Epic and CSCR hospital Dataset/Train/pituitary/P_785_HF_.jpg",3,pituitary,3,pituitary,0.0050152414,0.0070030233,0.0080409404,0.9799407721,0.38908993,0.61091007,0.00002098,0.00001292,2764
7768,"/kaggle/input/datasets/arafatrahmann/my-data221/Epic and CSCR hospital Dataset/Train/pituitary/P_785_RO_.jpg",3,pituitary,3,pituitary,0.0049282108,0.0085070310,0.0082716597,0.9782930613,0.41352430,0.58647569,0.00002189,0.00001581,2764
7769,"/kaggle/input/datasets/arafatrahmann/my-data221/Epic and CSCR hospital Dataset/Train/pituitary/P_785_SP_.jpg",3,pituitary,3,pituitary,0.0053451904,0.0058100345,0.0083357953,0.9805089831,0.38497654,0.61502344,0.00002330,0.00001506,2764
7770,"/kaggle/input/datasets/arafatrahmann/my-data221/Epic and CSCR hospital Dataset/Train/pituitary/P_785_VF_.jpg",3,pituitary,3,pituitary,0.0051466520,0.0059539275,0.0086033372,0.9802960157,0.43123281,0.56876719,0.00001430,0.00001160,2764
7805,"/kaggle/input/datasets/arafatrahmann/my-data221/Epic and CSCR hospital Dataset/Train/pituitary/P_79.jpg",3,pituitary,3,pituitary,0.0051543401,0.0069457344,0.0081115253,0.9797884226,0.43872004,0.56127997,0.00001901,0.00001410,2800
7806,"/kaggle/input/datasets/arafatrahmann/my-data221/Epic and CSCR hospital Dataset/Train/pituitary/P_790.jpg",3,pituitary,3,pituitary,0.0053449743,0.0084562777,0.0075497916,0.9786489606,0.46607165,0.53392836,0.00001881,0.00001558,2764
7807,"/kaggle/input/datasets/arafatrahmann/my-data221/Epic and CSCR hospital Dataset/Train/pituitary/P_790_BR_.jpg",3,pituitary,3,pituitary,0.0048561115,0.0053305505,0.0089217974,0.9808915257,0.26847482,0.73152518,0.00002923,0.00001032,2764
7808,"/kaggle/input/datasets/arafatrahmann/my-data221/Epic and CSCR hospital Dataset/Train/pituitary/P_790_DA_.jpg",3,pituitary,3,pituitary,0.0049672653,0.0057362407,0.0090658488,0.9802306890,0.40603689,0.59396310,0.00001665,0.00001133,2764
7809,"/kaggle/input/datasets/arafatrahmann/my-data221/Epic and CSCR hospital Dataset/Train/pituitary/P_790_HF_.jpg",3,pituitary,3,pituitary,0.0052344757,0.0069358437,0.0076314053,0.9801982045,0.37826854,0.62173146,0.00001938,0.00001263,2764
7810,"/kaggle/input/datasets/arafatrahmann/my-data221/Epic and CSCR hospital Dataset/Train/pituitary/P_790_RO_.jpg",3,pituitary,3,pituitary,0.0051029767,0.0070365919,0.0083398884,0.9795204997,0.39632311,0.60367688,0.00001845,0.00001324,2764
7811,"/kaggle/input/datasets/arafatrahmann/my-data221/Epic and CSCR hospital Dataset/Train/pituitary/P_790_SP_.jpg",3,pituitary,3,pituitary,0.0054945247,0.0051435535,0.0087684700,0.9805935025,0.34826048,0.65173951,0.00002514,0.00001213,2764
7812,"/kaggle/input/datasets/arafatrahmann/my-data221/Epic and CSCR hospital Dataset/Train/pituitary/P_790_VF_.jpg",3,pituitary,3,pituitary,0.0052548619,0.0057685957,0.0081593245,0.9808171988,0.41625784,0.58374214,0.00001966,0.00001386,2764
7813,"/kaggle/input/datasets/arafatrahmann/my-data221/Epic and CSCR hospital Dataset/Train/pituitary/P_791.jpg",3,pituitary,3,pituitary,0.0052663595,0.0073827864,0.0078833094,0.9794675112,0.40299088,0.59700914,0.00002555,0.00001395,2764
7814,"/kaggle/input/datasets/arafatrahmann/my-data221/Epic and CSCR hospital Dataset/Train/pituitary/P_791_BR_.jpg",3,pituitary,3,pituitary,0.0049556452,0.0056744902,0.0089214537,0.9804483652,0.35689594,0.64310406,0.00002587,0.00001419,2764
7815,"/kaggle/input/datasets/arafatrahmann/my-data221/Epic and CSCR hospital Dataset/Train/pituitary/P_791_DA_.jpg",3,pituitary,3,pituitary,0.0049436633,0.0057830648,0.0090963924,0.9801768064,0.37544956,0.62455044,0.00001677,0.00001029,2764
7816,"/kaggle/input/datasets/arafatrahmann/my-data221/Epic and CSCR hospital Dataset/Train/pituitary/P_791_HF_.jpg",3,pituitary,3,pituitary,0.0052819382,0.0067862696,0.0078710672,0.9800607562,0.41412619,0.58587381,0.00002099,0.00001506,2764
7817,"/kaggle/input/datasets/arafatrahmann/my-data221/Epic and CSCR hospital Dataset/Train/pituitary/P_791_RO_.jpg",3,pituitary,3,pituitary,0.0051476033,0.0072524822,0.0083130915,0.9792868495,0.43147055,0.56852946,0.00001709,0.00001262,2764
7818,"/kaggle/input/datasets/arafatrahmann/my-data221/Epic and CSCR hospital Dataset/Train/pituitary/P_791_SP_.jpg",3,pituitary,3,pituitary,0.0086098323,0.0038511630,0.0085006114,0.9790383577,0.14564059,0.85435942,0.00011726,0.00001164,2764
7819,"/kaggle/input/datasets/arafatrahmann/my-data221/Epic and CSCR hospital Dataset/Train/pituitary/P_791_VF_.jpg",3,pituitary,3,pituitary,0.0053224741,0.0059922161,0.0082194367,0.9804658890,0.49117292,0.50882707,0.00001619,0.00001574,2764
7820,"/kaggle/input/datasets/arafatrahmann/my-data221/Epic and CSCR hospital Dataset/Train/pituitary/P_792.jpg",3,pituitary,3,pituitary,0.0051332689,0.0074516037,0.0081341714,0.9792809486,0.41583042,0.58416958,0.00002324,0.00001750,2792
7821,"/kaggle/input/datasets/arafatrahmann/my-data221/Epic and CSCR hospital Dataset/Train/pituitary/P_792_BR_.jpg",3,pituitary,3,pituitary,0.0049126549,0.0057441276,0.0091955429,0.9801476598,0.40785264,0.59214736,0.00002036,0.00001304,2792
7822,"/kaggle/input/datasets/arafatrahmann/my-data221/Epic and CSCR hospital Dataset/Train/pituitary/P_792_DA_.jpg",3,pituitary,3,pituitary,0.0049451012,0.0066065630,0.0088409903,0.9796072841,0.40023466,0.59976532,0.00002025,0.00001497,2792
7823,"/kaggle/input/datasets/arafatrahmann/my-data221/Epic and CSCR hospital Dataset/Train/pituitary/P_792_HF_.jpg",3,pituitary,3,pituitary,0.0052032936,0.0076263817,0.0080062915,0.9791640043,0.46496263,0.53503738,0.00001610,0.00001444,2792
7824,"/kaggle/input/datasets/arafatrahmann/my-data221/Epic and CSCR hospital Dataset/Train/pituitary/P_792_RO_.jpg",3,pituitary,3,pituitary,0.0045302385,0.0078744544,0.0096511552,0.9779441953,0.43385281,0.56614722,0.00002036,0.00001520,2792
7825,"/kaggle/input/datasets/arafatrahmann/my-data221/Epic and CSCR hospital Dataset/Train/pituitary/P_792_SP_.jpg",3,pituitary,3,pituitary,0.0061905039,0.0048955302,0.0086730989,0.9802408218,0.26556461,0.73443539,0.00003719,0.00001172,2792
7826,"/kaggle/input/datasets/arafatrahmann/my-data221/Epic and CSCR hospital Dataset/Train/pituitary/P_792_VF_.jpg",3,pituitary,3,pituitary,0.0048924075,0.0063861446,0.0085784458,0.9801429510,0.37129293,0.62870705,0.00001828,0.00001130,2792
7827,"/kaggle/input/datasets/arafatrahmann/my-data221/Epic and CSCR hospital Dataset/Train/pituitary/P_793.jpg",3,pituitary,3,pituitary,0.0048845559,0.0071263341,0.0083723851,0.9796167612,0.37978401,0.62021598,0.00002097,0.00001149,2792
7828,"/kaggle/input/datasets/arafatrahmann/my-data221/Epic and CSCR hospital Dataset/Train/pituitary/P_793_BR_.jpg",3,pituitary,3,pituitary,0.0048169652,0.0053963587,0.0093108052,0.9804757833,0.30525855,0.69474145,0.00002782,0.00001217,2792
7829,"/kaggle/input/datasets/arafatrahmann/my-data221/Epic and CSCR hospital Dataset/Train/pituitary/P_793_DA_.jpg",3,pituitary,3,pituitary,0.0049269525,0.0059456662,0.0094981417,0.9796292186,0.41703251,0.58296749,0.00001920,0.00001266,2792
7830,"/kaggle/input/datasets/arafatrahmann/my-data221/Epic and CSCR hospital Dataset/Train/pituitary/P_793_HF_.jpg",3,pituitary,3,pituitary,0.0048614349,0.0068388013,0.0082957465,0.9800041318,0.37629882,0.62370117,0.00001943,0.00001291,2792
7831,"/kaggle/input/datasets/arafatrahmann/my-data221/Epic and CSCR hospital Dataset/Train/pituitary/P_793_RO_.jpg",3,pituitary,3,pituitary,0.0040795361,0.0069738468,0.0112854782,0.9776611328,0.28968507,0.71031493,0.00003472,0.00001458,2792
7832,"/kaggle/input/datasets/arafatrahmann/my-data221/Epic and CSCR hospital Dataset/Train/pituitary/P_793_SP_.jpg",3,pituitary,3,pituitary,0.0055627450,0.0049935156,0.0088919131,0.9805518389,0.27952788,0.72047210,0.00003436,0.00001245,2792
7833,"/kaggle/input/datasets/arafatrahmann/my-data221/Epic and CSCR hospital Dataset/Train/pituitary/P_793_VF_.jpg",3,pituitary,3,pituitary,0.0048055984,0.0053337431,0.0093262503,0.9805344343,0.33004838,0.66995162,0.00002339,0.00001201,2792
7834,"/kaggle/input/datasets/arafatrahmann/my-data221/Epic and CSCR hospital Dataset/Train/pituitary/P_794.jpg",3,pituitary,3,pituitary,0.0047642295,0.0064555346,0.0089197550,0.9798604846,0.32787333,0.67212667,0.00002337,0.00001131,2792
7835,"/kaggle/input/datasets/arafatrahmann/my-data221/Epic and CSCR hospital Dataset/Train/pituitary/P_794_BR_.jpg",3,pituitary,3,pituitary,0.0048660487,0.0058834157,0.0091171199,0.9801334143,0.43789366,0.56210634,0.00001716,0.00001317,2792
7836,"/kaggle/input/datasets/arafatrahmann/my-data221/Epic and CSCR hospital Dataset/Train/pituitary/P_794_DA_.jpg",3,pituitary,3,pituitary,0.0046952683,0.0063361912,0.0095869703,0.9793815613,0.41099065,0.58900934,0.00001663,0.00001246,2792
7837,"/kaggle/input/datasets/arafatrahmann/my-data221/Epic and CSCR hospital Dataset/Train/pituitary/P_794_HF_.jpg",3,pituitary,3,pituitary,0.0047262730,0.0063060946,0.0089985784,0.9799691439,0.26971654,0.73028347,0.00002916,0.00001072,2792
7838,"/kaggle/input/datasets/arafatrahmann/my-data221/Epic and CSCR hospital Dataset/Train/pituitary/P_794_RO_.jpg",3,pituitary,3,pituitary,0.0045161350,0.0062137572,0.0095023261,0.9797676802,0.23374162,0.76625841,0.00002724,0.00000926,2792
7839,"/kaggle/input/datasets/arafatrahmann/my-data221/Epic and CSCR hospital Dataset/Train/pituitary/P_794_SP_.jpg",3,pituitary,3,pituitary,0.0044953460,0.2034807503,0.0112922294,0.7807317376,0.30508150,0.69491852,0.00012223,0.00003064,2792
7840,"/kaggle/input/datasets/arafatrahmann/my-data221/Epic and CSCR hospital Dataset/Train/pituitary/P_794_VF_.jpg",3,pituitary,3,pituitary,0.0048469575,0.0058165323,0.0090519506,0.9802845120,0.40452167,0.59547832,0.00001634,0.00001150,2792
7862,"/kaggle/input/datasets/arafatrahmann/my-data221/Epic and CSCR hospital Dataset/Train/pituitary/P_798.jpg",3,pituitary,3,pituitary,0.0050300630,0.0066090575,0.0083608953,0.9799998999,0.33924508,0.66075491,0.00002834,0.00001274,2802
7863,"/kaggle/input/datasets/arafatrahmann/my-data221/Epic and CSCR hospital Dataset/Train/pituitary/P_798_BR_.jpg",3,pituitary,3,pituitary,0.0049842251,0.0055923057,0.0091126151,0.9803107977,0.39477735,0.60522265,0.00001936,0.00001404,2802
7864,"/kaggle/input/datasets/arafatrahmann/my-data221/Epic and CSCR hospital Dataset/Train/pituitary/P_798_DA_.jpg",3,pituitary,3,pituitary,0.0049790228,0.0055642300,0.0089705978,0.9804860950,0.34066937,0.65933064,0.00002306,0.00001010,2802
7865,"/kaggle/input/datasets/arafatrahmann/my-data221/Epic and CSCR hospital Dataset/Train/pituitary/P_798_HF_.jpg",3,pituitary,3,pituitary,0.0053747753,0.0073296600,0.0079620872,0.9793334007,0.51637857,0.48362144,0.00001531,0.00001535,2802
7866,"/kaggle/input/datasets/arafatrahmann/my-data221/Epic and CSCR hospital Dataset/Train/pituitary/P_798_RO_.jpg",3,pituitary,3,pituitary,0.0050841970,0.0068612099,0.0084274327,0.9796271324,0.39444481,0.60555520,0.00002283,0.00001482,2802
7867,"/kaggle/input/datasets/arafatrahmann/my-data221/Epic and CSCR hospital Dataset/Train/pituitary/P_798_SP_.jpg",3,pituitary,3,pituitary,0.0053802477,0.0058002570,0.0081087817,0.9807108045,0.34037502,0.65962499,0.00002459,0.00001370,2802
7868,"/kaggle/input/datasets/arafatrahmann/my-data221/Epic and CSCR hospital Dataset/Train/pituitary/P_798_VF_.jpg",3,pituitary,3,pituitary,0.0052739545,0.0062297652,0.0078556184,0.9806405902,0.41355022,0.58644979,0.00001571,0.00001123,2802
7876,"/kaggle/input/datasets/arafatrahmann/my-data221/Epic and CSCR hospital Dataset/Train/pituitary/P_79_BR_.jpg",3,pituitary,3,pituitary,0.0048538009,0.0065307678,0.0085830139,0.9800324440,0.47969061,0.52030938,0.00001602,0.00001404,2800
7877,"/kaggle/input/datasets/arafatrahmann/my-data221/Epic and CSCR hospital Dataset/Train/pituitary/P_79_DA_.jpg",3,pituitary,3,pituitary,0.0053474037,0.0059971684,0.0079955552,0.9806598425,0.43866715,0.56133284,0.00002121,0.00001598,2800
7878,"/kaggle/input/datasets/arafatrahmann/my-data221/Epic and CSCR hospital Dataset/Train/pituitary/P_79_HF_.jpg",3,pituitary,3,pituitary,0.0050931433,0.0062647341,0.0080222012,0.9806199074,0.40283745,0.59716255,0.00002329,0.00001505,2800
7879,"/kaggle/input/datasets/arafatrahmann/my-data221/Epic and CSCR hospital Dataset/Train/pituitary/P_79_RO_.jpg",3,pituitary,3,pituitary,0.0050226049,0.0061308136,0.0084232632,0.9804232717,0.34967200,0.65032799,0.00002087,0.00001241,2800
7880,"/kaggle/input/datasets/arafatrahmann/my-data221/Epic and CSCR hospital Dataset/Train/pituitary/P_79_SP_.jpg",3,pituitary,3,pituitary,0.0053219078,0.0066060312,0.0081728576,0.9798992872,0.43643272,0.56356727,0.00002235,0.00001485,2800
7881,"/kaggle/input/datasets/arafatrahmann/my-data221/Epic and CSCR hospital Dataset/Train/pituitary/P_79_VF_.jpg",3,pituitary,3,pituitary,0.0049725911,0.0061749504,0.0082861129,0.9805663824,0.34594889,0.65405112,0.00002416,0.00001203,2800
7981,"/kaggle/input/datasets/arafatrahmann/my-data221/Epic and CSCR hospital Dataset/Train/pituitary/P_812.jpg",3,pituitary,3,pituitary,0.0049221185,0.0069447099,0.0088351713,0.9792979360,0.45053841,0.54946161,0.00001614,0.00001424,2810
7982,"/kaggle/input/datasets/arafatrahmann/my-data221/Epic and CSCR hospital Dataset/Train/pituitary/P_812_BR_.jpg",3,pituitary,3,pituitary,0.0050326064,0.0069696074,0.0087068956,0.9792909622,0.54273211,0.45726789,0.00001240,0.00001395,2810
7983,"/kaggle/input/datasets/arafatrahmann/my-data221/Epic and CSCR hospital Dataset/Train/pituitary/P_812_DA_.jpg",3,pituitary,3,pituitary,0.0050942032,0.0066829226,0.0085904552,0.9796323776,0.31836541,0.68163457,0.00002650,0.00001220,2810
7984,"/kaggle/input/datasets/arafatrahmann/my-data221/Epic and CSCR hospital Dataset/Train/pituitary/P_812_HF_.jpg",3,pituitary,3,pituitary,0.0049535651,0.0068303593,0.0086733205,0.9795427322,0.42128976,0.57871024,0.00002090,0.00001338,2810
7985,"/kaggle/input/datasets/arafatrahmann/my-data221/Epic and CSCR hospital Dataset/Train/pituitary/P_812_RO_.jpg",3,pituitary,3,pituitary,0.0050461465,0.0071937866,0.0089810127,0.9787790179,0.50285709,0.49714289,0.00001550,0.00001511,2810
7986,"/kaggle/input/datasets/arafatrahmann/my-data221/Epic and CSCR hospital Dataset/Train/pituitary/P_812_SP_.jpg",3,pituitary,3,pituitary,0.0050919103,0.0072454885,0.0087321522,0.9789304733,0.53937545,0.46062455,0.00001519,0.00001727,2810
7987,"/kaggle/input/datasets/arafatrahmann/my-data221/Epic and CSCR hospital Dataset/Train/pituitary/P_812_VF_.jpg",3,pituitary,3,pituitary,0.0049539134,0.0066264383,0.0084407805,0.9799788594,0.45131816,0.54868183,0.00001612,0.00001366,2810
7988,"/kaggle/input/datasets/arafatrahmann/my-data221/Epic and CSCR hospital Dataset/Train/pituitary/P_813.jpg",3,pituitary,3,pituitary,0.0048816064,0.0059059216,0.0089693833,0.9802430272,0.30791614,0.69208386,0.00002076,0.00000967,2811
7989,"/kaggle/input/datasets/arafatrahmann/my-data221/Epic and CSCR hospital Dataset/Train/pituitary/P_813_BR_.jpg",3,pituitary,3,pituitary,0.0048235361,0.0055829673,0.0090566007,0.9805369377,0.32891447,0.67108552,0.00002366,0.00001287,2811
7990,"/kaggle/input/datasets/arafatrahmann/my-data221/Epic and CSCR hospital Dataset/Train/pituitary/P_813_DA_.jpg",3,pituitary,3,pituitary,0.0049691121,0.0071866303,0.0090812361,0.9787629843,0.45326402,0.54673599,0.00001850,0.00001589,2811
7991,"/kaggle/input/datasets/arafatrahmann/my-data221/Epic and CSCR hospital Dataset/Train/pituitary/P_813_HF_.jpg",3,pituitary,3,pituitary,0.0050067352,0.0063652406,0.0088497885,0.9797781706,0.38392528,0.61607471,0.00002361,0.00001449,2811
7992,"/kaggle/input/datasets/arafatrahmann/my-data221/Epic and CSCR hospital Dataset/Train/pituitary/P_813_RO_.jpg",3,pituitary,3,pituitary,0.0050032483,0.0188090652,0.0080210855,0.9681665301,0.51556943,0.48443056,0.00004974,0.00005595,2811
7993,"/kaggle/input/datasets/arafatrahmann/my-data221/Epic and CSCR hospital Dataset/Train/pituitary/P_813_SP_.jpg",3,pituitary,3,pituitary,0.0051286453,0.0062092291,0.0089997826,0.9796624184,0.32160699,0.67839300,0.00002495,0.00001292,2811
7994,"/kaggle/input/datasets/arafatrahmann/my-data221/Epic and CSCR hospital Dataset/Train/pituitary/P_813_VF_.jpg",3,pituitary,3,pituitary,0.0048552356,0.0057252455,0.0091006029,0.9803189039,0.30833663,0.69166336,0.00002432,0.00001169,2811
8065,"/kaggle/input/datasets/arafatrahmann/my-data221/Epic and CSCR hospital Dataset/Train/pituitary/P_823.jpg",3,pituitary,3,pituitary,0.0049654907,0.0069406391,0.0086638266,0.9794300199,0.41761209,0.58238792,0.00002616,0.00001672,2820
8066,"/kaggle/input/datasets/arafatrahmann/my-data221/Epic and CSCR hospital Dataset/Train/pituitary/P_823_BR_.jpg",3,pituitary,3,pituitary,0.0049235774,0.0068785995,0.0088708317,0.9793270230,0.47578130,0.52421870,0.00001354,0.00001201,2820
8067,"/kaggle/input/datasets/arafatrahmann/my-data221/Epic and CSCR hospital Dataset/Train/pituitary/P_823_DA_.jpg",3,pituitary,3,pituitary,0.0051694759,0.0072903112,0.0083609018,0.9791792631,0.43930426,0.56069573,0.00002003,0.00001681,2820
8068,"/kaggle/input/datasets/arafatrahmann/my-data221/Epic and CSCR hospital Dataset/Train/pituitary/P_823_HF_.jpg",3,pituitary,3,pituitary,0.0050802105,0.0073516956,0.0086498177,0.9789182544,0.50263734,0.49736265,0.00001680,0.00001739,2820
8069,"/kaggle/input/datasets/arafatrahmann/my-data221/Epic and CSCR hospital Dataset/Train/pituitary/P_823_RO_.jpg",3,pituitary,3,pituitary,0.0049019651,0.0063778199,0.0087006148,0.9800195694,0.39976099,0.60023901,0.00001543,0.00001013,2820
8070,"/kaggle/input/datasets/arafatrahmann/my-data221/Epic and CSCR hospital Dataset/Train/pituitary/P_823_SP_.jpg",3,pituitary,3,pituitary,0.0055536367,0.0077313012,0.0081865136,0.9785286188,0.52161761,0.47838240,0.00001647,0.00001674,2820
8071,"/kaggle/input/datasets/arafatrahmann/my-data221/Epic and CSCR hospital Dataset/Train/pituitary/P_823_VF_.jpg",3,pituitary,3,pituitary,0.0050172517,0.0069885417,0.0083574550,0.9796367884,0.45749445,0.54250554,0.00001593,0.00001391,2820
8107,"/kaggle/input/datasets/arafatrahmann/my-data221/Epic and CSCR hospital Dataset/Train/pituitary/P_829.jpg",3,pituitary,3,pituitary,0.0050355094,0.0064178864,0.0085608754,0.9799857140,0.31633514,0.68366486,0.00003047,0.00001376,2825
8108,"/kaggle/input/datasets/arafatrahmann/my-data221/Epic and CSCR hospital Dataset/Train/pituitary/P_829_BR_.jpg",3,pituitary,3,pituitary,0.0049740807,0.0056784139,0.0087384991,0.9806089401,0.37976393,0.62023608,0.00001900,0.00001230,2825
8109,"/kaggle/input/datasets/arafatrahmann/my-data221/Epic and CSCR hospital Dataset/Train/pituitary/P_829_DA_.jpg",3,pituitary,3,pituitary,0.0048603904,0.0059106732,0.0094829667,0.9797460437,0.36651232,0.63348768,0.00001875,0.00001108,2825
8110,"/kaggle/input/datasets/arafatrahmann/my-data221/Epic and CSCR hospital Dataset/Train/pituitary/P_829_HF_.jpg",3,pituitary,3,pituitary,0.0051746899,0.0062140538,0.0083833095,0.9802279472,0.38375521,0.61624478,0.00002419,0.00001517,2825
8111,"/kaggle/input/datasets/arafatrahmann/my-data221/Epic and CSCR hospital Dataset/Train/pituitary/P_829_RO_.jpg",3,pituitary,3,pituitary,0.0049000019,0.0809753388,0.0080533717,0.9060713649,0.35644202,0.64355797,0.00046227,0.00003413,2825
8112,"/kaggle/input/datasets/arafatrahmann/my-data221/Epic and CSCR hospital Dataset/Train/pituitary/P_829_SP_.jpg",3,pituitary,3,pituitary,0.0050903214,0.0060298201,0.0087907407,0.9800890684,0.31061508,0.68938492,0.00002575,0.00001168,2825
8113,"/kaggle/input/datasets/arafatrahmann/my-data221/Epic and CSCR hospital Dataset/Train/pituitary/P_829_VF_.jpg",3,pituitary,3,pituitary,0.0052137254,0.0064635919,0.0083491318,0.9799734950,0.39071650,0.60928349,0.00001899,0.00001220,2825
8142,"/kaggle/input/datasets/arafatrahmann/my-data221/Epic and CSCR hospital Dataset/Train/pituitary/P_833.jpg",3,pituitary,1,meningioma,0.0076656686,0.9772750139,0.0082994783,0.0067598186,0.08589897,0.91410103,0.00024922,0.00000965,2029
8143,"/kaggle/input/datasets/arafatrahmann/my-data221/Epic and CSCR hospital Dataset/Train/pituitary/P_833_BR_.jpg",3,pituitary,1,meningioma,0.0083821565,0.9765954018,0.0089358361,0.0060866317,0.12070348,0.87929653,0.00009855,0.00001144,2029
8144,"/kaggle/input/datasets/arafatrahmann/my-data221/Epic and CSCR hospital Dataset/Train/pituitary/P_833_DA_.jpg",3,pituitary,2,notumor,0.0107187871,0.2804729044,0.7037888765,0.0050194403,0.09309265,0.90690735,0.00124257,0.00015545,2029
8145,"/kaggle/input/datasets/arafatrahmann/my-data221/Epic and CSCR hospital Dataset/Train/pituitary/P_833_HF_.jpg",3,pituitary,1,meningioma,0.0093584182,0.9758697748,0.0080133826,0.0067584468,0.10455435,0.89544566,0.00018156,0.00001073,2029
8146,"/kaggle/input/datasets/arafatrahmann/my-data221/Epic and CSCR hospital Dataset/Train/pituitary/P_833_RO_.jpg",3,pituitary,1,meningioma,0.0081834691,0.9761959314,0.0091060949,0.0065144869,0.08835444,0.91164556,0.00038705,0.00001377,2029
8147,"/kaggle/input/datasets/arafatrahmann/my-data221/Epic and CSCR hospital Dataset/Train/pituitary/P_833_SP_.jpg",3,pituitary,0,glioma,0.9790455699,0.0065507917,0.0084324442,0.0059711547,0.08763545,0.91236454,0.00015809,0.00000763,2029
8148,"/kaggle/input/datasets/arafatrahmann/my-data221/Epic and CSCR hospital Dataset/Train/pituitary/P_833_VF_.jpg",3,pituitary,1,meningioma,0.0279612001,0.8296936154,0.1381653994,0.0041796984,0.19117386,0.80882611,0.00066512,0.00021729,2029
8170,"/kaggle/input/datasets/arafatrahmann/my-data221/Epic and CSCR hospital Dataset/Train/pituitary/P_837.jpg",3,pituitary,2,notumor,0.0047808960,0.3122850060,0.6584221125,0.0245118774,0.09472164,0.90527836,0.00449099,0.00038051,2829
8171,"/kaggle/input/datasets/arafatrahmann/my-data221/Epic and CSCR hospital Dataset/Train/pituitary/P_837_BR_.jpg",3,pituitary,2,notumor,0.0031697031,0.2069787979,0.7659326196,0.0239189547,0.09446493,0.90553508,0.00089886,0.00004715,2829
8172,"/kaggle/input/datasets/arafatrahmann/my-data221/Epic and CSCR hospital Dataset/Train/pituitary/P_837_DA_.jpg",3,pituitary,2,notumor,0.0044349143,0.0112256538,0.9758903384,0.0084489770,0.08751505,0.91248495,0.00019593,0.00000901,2829
8173,"/kaggle/input/datasets/arafatrahmann/my-data221/Epic and CSCR hospital Dataset/Train/pituitary/P_837_HF_.jpg",3,pituitary,1,meningioma,0.0044230307,0.6281098127,0.3605800271,0.0068871863,0.08455298,0.91544702,0.00282241,0.00014678,2829
8174,"/kaggle/input/datasets/arafatrahmann/my-data221/Epic and CSCR hospital Dataset/Train/pituitary/P_837_RO_.jpg",3,pituitary,2,notumor,0.0031368802,0.0136250034,0.7707042694,0.2125338316,0.15337738,0.84662263,0.00039531,0.00002275,2829
8175,"/kaggle/input/datasets/arafatrahmann/my-data221/Epic and CSCR hospital Dataset/Train/pituitary/P_837_SP_.jpg",3,pituitary,1,meningioma,0.0055536930,0.4520696998,0.4102510810,0.1321255267,0.16753678,0.83246322,0.00522156,0.00088206,2829
8176,"/kaggle/input/datasets/arafatrahmann/my-data221/Epic and CSCR hospital Dataset/Train/pituitary/P_837_VF_.jpg",3,pituitary,2,notumor,0.0046491423,0.1437773407,0.7494653463,0.1021081954,0.08997919,0.91002083,0.00341308,0.00016595,2829
8177,"/kaggle/input/datasets/arafatrahmann/my-data221/Epic and CSCR hospital Dataset/Train/pituitary/P_838.jpg",3,pituitary,3,pituitary,0.0049361712,0.0054884320,0.0092102541,0.9803651571,0.36457810,0.63542190,0.00002328,0.00001472,2811
8178,"/kaggle/input/datasets/arafatrahmann/my-data221/Epic and CSCR hospital Dataset/Train/pituitary/P_838_BR_.jpg",3,pituitary,3,pituitary,0.0049138227,0.0059893355,0.0090432530,0.9800535440,0.38943889,0.61056109,0.00002019,0.00001147,2811
8179,"/kaggle/input/datasets/arafatrahmann/my-data221/Epic and CSCR hospital Dataset/Train/pituitary/P_838_DA_.jpg",3,pituitary,3,pituitary,0.0050030309,0.0064366683,0.0090208948,0.9795392752,0.42054307,0.57945694,0.00001948,0.00001412,2811
8180,"/kaggle/input/datasets/arafatrahmann/my-data221/Epic and CSCR hospital Dataset/Train/pituitary/P_838_HF_.jpg",3,pituitary,3,pituitary,0.0049644625,0.0058912728,0.0089956904,0.9801484942,0.41503770,0.58496230,0.00001816,0.00001429,2811
8181,"/kaggle/input/datasets/arafatrahmann/my-data221/Epic and CSCR hospital Dataset/Train/pituitary/P_838_RO_.jpg",3,pituitary,3,pituitary,0.0048234002,0.0074226870,0.0091184387,0.9786354899,0.34334264,0.65665736,0.00002544,0.00001577,2811
8182,"/kaggle/input/datasets/arafatrahmann/my-data221/Epic and CSCR hospital Dataset/Train/pituitary/P_838_SP_.jpg",3,pituitary,3,pituitary,0.0050341957,0.0057846466,0.0090891831,0.9800919294,0.37360790,0.62639210,0.00002420,0.00001491,2811
8183,"/kaggle/input/datasets/arafatrahmann/my-data221/Epic and CSCR hospital Dataset/Train/pituitary/P_838_VF_.jpg",3,pituitary,3,pituitary,0.0049456269,0.0057099839,0.0090181595,0.9803262949,0.38539006,0.61460996,0.00001899,0.00001238,2811
8238,"/kaggle/input/datasets/arafatrahmann/my-data221/Epic and CSCR hospital Dataset/Train/pituitary/Te-pi_0017.jpg",3,pituitary,3,pituitary,0.0051951120,0.0107293325,0.0077044703,0.9763711095,0.47258441,0.52741560,0.00001859,0.00001707,2837
8239,"/kaggle/input/datasets/arafatrahmann/my-data221/Epic and CSCR hospital Dataset/Train/pituitary/Te-pi_0018.jpg",3,pituitary,3,pituitary,0.0047772303,0.0083014918,0.0082151182,0.9787061810,0.37337898,0.62662102,0.00001826,0.00001189,2838
8246,"/kaggle/input/datasets/arafatrahmann/my-data221/Epic and CSCR hospital Dataset/Train/pituitary/Te-pi_0025.jpg",3,pituitary,3,pituitary,0.0047535421,0.0058148829,0.0089693572,0.9804622531,0.40617927,0.59382072,0.00001682,0.00001182,2845
8248,"/kaggle/input/datasets/arafatrahmann/my-data221/Epic and CSCR hospital Dataset/Train/pituitary/Te-pi_0027.jpg",3,pituitary,3,pituitary,0.0052335756,0.0064812191,0.0081302272,0.9801549911,0.41348868,0.58651132,0.00001853,0.00001391,2847
8258,"/kaggle/input/datasets/arafatrahmann/my-data221/Epic and CSCR hospital Dataset/Train/pituitary/Te-pi_0037.jpg",3,pituitary,3,pituitary,0.0049044797,0.0062960610,0.0084494725,0.9803500175,0.34570883,0.65429119,0.00001647,0.00000899,2856
8265,"/kaggle/input/datasets/arafatrahmann/my-data221/Epic and CSCR hospital Dataset/Train/pituitary/Te-pi_0044.jpg",3,pituitary,3,pituitary,0.0051584966,0.0069904877,0.0080622490,0.9797887802,0.48136707,0.51863293,0.00001496,0.00001451,2863
8268,"/kaggle/input/datasets/arafatrahmann/my-data221/Epic and CSCR hospital Dataset/Train/pituitary/Te-pi_0047.jpg",3,pituitary,3,pituitary,0.0049911547,0.0061053755,0.0090702595,0.9798332453,0.40755428,0.59244573,0.00001955,0.00001290,2866
8274,"/kaggle/input/datasets/arafatrahmann/my-data221/Epic and CSCR hospital Dataset/Train/pituitary/Te-pi_0053.jpg",3,pituitary,3,pituitary,0.0052172621,0.0057440032,0.0080672605,0.9809714556,0.38687399,0.61312602,0.00002011,0.00001162,2762
8288,"/kaggle/input/datasets/arafatrahmann/my-data221/Epic and CSCR hospital Dataset/Train/pituitary/Te-pi_0077.jpg",3,pituitary,3,pituitary,0.0054534720,0.0090308879,0.0074448893,0.9780708551,0.55054106,0.44945894,0.00001403,0.00001632,2882
8298,"/kaggle/input/datasets/arafatrahmann/my-data221/Epic and CSCR hospital Dataset/Train/pituitary/Te-pi_0087.jpg",3,pituitary,3,pituitary,0.0055111451,0.0095373224,0.0078626201,0.9770888090,0.53931302,0.46068698,0.00001710,0.00001985,2892
8300,"/kaggle/input/datasets/arafatrahmann/my-data221/Epic and CSCR hospital Dataset/Train/pituitary/Te-pi_0089.jpg",3,pituitary,3,pituitary,0.0050451616,0.0063788043,0.0084168781,0.9801591039,0.43087093,0.56912907,0.00001809,0.00001412,2894
8302,"/kaggle/input/datasets/arafatrahmann/my-data221/Epic and CSCR hospital Dataset/Train/pituitary/Te-pi_0091.jpg",3,pituitary,3,pituitary,0.0051124641,0.0062940503,0.0084518176,0.9801416397,0.44207557,0.55792443,0.00001867,0.00001402,2896
8306,"/kaggle/input/datasets/arafatrahmann/my-data221/Epic and CSCR hospital Dataset/Train/pituitary/Te-pi_0095.jpg",3,pituitary,3,pituitary,0.0051516853,0.0065016500,0.0083431182,0.9800035357,0.43408710,0.56591289,0.00001695,0.00001328,2900
8312,"/kaggle/input/datasets/arafatrahmann/my-data221/Epic and CSCR hospital Dataset/Train/pituitary/Te-pi_0101.jpg",3,pituitary,3,pituitary,0.0047867363,0.0061489912,0.0089844419,0.9800798297,0.33925180,0.66074818,0.00002350,0.00001216,2906
8328,"/kaggle/input/datasets/arafatrahmann/my-data221/Epic and CSCR hospital Dataset/Train/pituitary/Te-pi_0117.jpg",3,pituitary,3,pituitary,0.0050028274,0.0067223259,0.0086893784,0.9795854688,0.39576833,0.60423168,0.00002494,0.00001525,2920
8335,"/kaggle/input/datasets/arafatrahmann/my-data221/Epic and CSCR hospital Dataset/Train/pituitary/Te-pi_0124.jpg",3,pituitary,3,pituitary,0.0048280149,0.0059210281,0.0088577885,0.9803932309,0.35371503,0.64628496,0.00001912,0.00001113,2923
8347,"/kaggle/input/datasets/arafatrahmann/my-data221/Epic and CSCR hospital Dataset/Train/pituitary/Te-pi_0136.jpg",3,pituitary,3,pituitary,0.0050317864,0.0056690285,0.0082184989,0.9810807109,0.37216580,0.62783419,0.00001799,0.00001139,2928
8352,"/kaggle/input/datasets/arafatrahmann/my-data221/Epic and CSCR hospital Dataset/Train/pituitary/Te-pi_0141.jpg",3,pituitary,3,pituitary,0.0053263037,0.0087805828,0.0076878918,0.9782052040,0.48427602,0.51572399,0.00001774,0.00001697,2933
8355,"/kaggle/input/datasets/arafatrahmann/my-data221/Epic and CSCR hospital Dataset/Train/pituitary/Te-pi_0144.jpg",3,pituitary,3,pituitary,0.0050536441,0.0082805455,0.0078212507,0.9788445234,0.49737663,0.50262337,0.00001296,0.00001271,2936
8357,"/kaggle/input/datasets/arafatrahmann/my-data221/Epic and CSCR hospital Dataset/Train/pituitary/Te-pi_0146.jpg",3,pituitary,3,pituitary,0.0050695981,0.0072325557,0.0083589274,0.9793388247,0.41246338,0.58753661,0.00002207,0.00001569,2938
8359,"/kaggle/input/datasets/arafatrahmann/my-data221/Epic and CSCR hospital Dataset/Train/pituitary/Te-pi_0148.jpg",3,pituitary,3,pituitary,0.0049158144,0.0055729756,0.0086214170,0.9808897972,0.32691648,0.67308353,0.00001945,0.00001076,2940
8360,"/kaggle/input/datasets/arafatrahmann/my-data221/Epic and CSCR hospital Dataset/Train/pituitary/Te-pi_0149.jpg",3,pituitary,3,pituitary,0.0049848491,0.0061842273,0.0087490585,0.9800819159,0.36792234,0.63207767,0.00001883,0.00001015,2941
8368,"/kaggle/input/datasets/arafatrahmann/my-data221/Epic and CSCR hospital Dataset/Train/pituitary/Te-pi_0157.jpg",3,pituitary,3,pituitary,0.0050513940,0.0063001765,0.0084354607,0.9802129865,0.39270571,0.60729429,0.00001754,0.00001171,2949
8384,"/kaggle/input/datasets/arafatrahmann/my-data221/Epic and CSCR hospital Dataset/Train/pituitary/Te-pi_0182.jpg",3,pituitary,3,pituitary,0.0049979175,0.0065843002,0.0082922243,0.9801255465,0.42330345,0.57669654,0.00001669,0.00001320,2964
8387,"/kaggle/input/datasets/arafatrahmann/my-data221/Epic and CSCR hospital Dataset/Train/pituitary/Te-pi_0185.jpg",3,pituitary,3,pituitary,0.0051100841,0.0061410205,0.0085539464,0.9801949263,0.38158979,0.61841022,0.00001931,0.00001238,2967
8391,"/kaggle/input/datasets/arafatrahmann/my-data221/Epic and CSCR hospital Dataset/Train/pituitary/Te-pi_0189.jpg",3,pituitary,3,pituitary,0.0050084954,0.0063631698,0.0083415369,0.9802868962,0.43350907,0.56649092,0.00001789,0.00001424,2971
8393,"/kaggle/input/datasets/arafatrahmann/my-data221/Epic and CSCR hospital Dataset/Train/pituitary/Te-pi_0191.jpg",3,pituitary,3,pituitary,0.0051287953,0.0068443799,0.0080857854,0.9799410105,0.45415802,0.54584198,0.00001464,0.00001262,2973
8403,"/kaggle/input/datasets/arafatrahmann/my-data221/Epic and CSCR hospital Dataset/Train/pituitary/Te-pi_0201.jpg",3,pituitary,3,pituitary,0.0051370165,0.0063933358,0.0083538657,0.9801157713,0.36160246,0.63839754,0.00002163,0.00001216,2983
8409,"/kaggle/input/datasets/arafatrahmann/my-data221/Epic and CSCR hospital Dataset/Train/pituitary/Te-pi_0207.jpg",3,pituitary,3,pituitary,0.0050106761,0.0078764614,0.0080135865,0.9790992737,0.44009689,0.55990313,0.00001807,0.00001494,2764
8411,"/kaggle/input/datasets/arafatrahmann/my-data221/Epic and CSCR hospital Dataset/Train/pituitary/Te-pi_0209.jpg",3,pituitary,3,pituitary,0.0053545372,0.0074011711,0.0077896751,0.9794546366,0.47215659,0.52784341,0.00001449,0.00001331,2764
8412,"/kaggle/input/datasets/arafatrahmann/my-data221/Epic and CSCR hospital Dataset/Train/pituitary/Tr-pi_0048.jpg",3,pituitary,3,pituitary,0.0050884923,0.0067692385,0.0083268369,0.9798153639,0.46083982,0.53916019,0.00001440,0.00001194,2986
8413,"/kaggle/input/datasets/arafatrahmann/my-data221/Epic and CSCR hospital Dataset/Train/pituitary/Tr-pi_0049.jpg",3,pituitary,3,pituitary,0.0049625663,0.0065419190,0.0082172276,0.9802781940,0.39682743,0.60317256,0.00001458,0.00001054,2986
8414,"/kaggle/input/datasets/arafatrahmann/my-data221/Epic and CSCR hospital Dataset/Train/pituitary/Tr-pi_0050.jpg",3,pituitary,3,pituitary,0.0049966634,0.0066312877,0.0083327210,0.9800392985,0.42344071,0.57655930,0.00001750,0.00001337,2986
8423,"/kaggle/input/datasets/arafatrahmann/my-data221/Epic and CSCR hospital Dataset/Train/pituitary/Tr-pi_0081.jpg",3,pituitary,3,pituitary,0.0051231124,0.0074072084,0.0086430870,0.9788265228,0.53087769,0.46912231,0.00001618,0.00001774,2792
8424,"/kaggle/input/datasets/arafatrahmann/my-data221/Epic and CSCR hospital Dataset/Train/pituitary/Tr-pi_0082.jpg",3,pituitary,3,pituitary,0.0050504785,0.0071052713,0.0081980005,0.9796463251,0.45336312,0.54663687,0.00001849,0.00001567,2792
8425,"/kaggle/input/datasets/arafatrahmann/my-data221/Epic and CSCR hospital Dataset/Train/pituitary/Tr-pi_0083.jpg",3,pituitary,3,pituitary,0.0051282044,0.0074258870,0.0080852378,0.9793606997,0.42848483,0.57151517,0.00001884,0.00001308,2792
8426,"/kaggle/input/datasets/arafatrahmann/my-data221/Epic and CSCR hospital Dataset/Train/pituitary/Tr-pi_0084.jpg",3,pituitary,3,pituitary,0.0048481463,0.0071203886,0.0084047318,0.9796268344,0.36216780,0.63783219,0.00002450,0.00001353,2792
8427,"/kaggle/input/datasets/arafatrahmann/my-data221/Epic and CSCR hospital Dataset/Train/pituitary/Tr-pi_0085.jpg",3,pituitary,3,pituitary,0.0048039085,0.0065554813,0.0089541487,0.9796864390,0.32910310,0.67089691,0.00002821,0.00001168,2792
8431,"/kaggle/input/datasets/arafatrahmann/my-data221/Epic and CSCR hospital Dataset/Train/pituitary/Tr-pi_0089.jpg",3,pituitary,3,pituitary,0.0051699234,0.0069768531,0.0082174744,0.9796357155,0.45237894,0.54762105,0.00001653,0.00001251,2802
8443,"/kaggle/input/datasets/arafatrahmann/my-data221/Epic and CSCR hospital Dataset/Train/pituitary/Tr-pi_0101.jpg",3,pituitary,3,pituitary,0.0050407522,0.0063923365,0.0087920288,0.9797749519,0.36918711,0.63081289,0.00002362,0.00001219,2991
8447,"/kaggle/input/datasets/arafatrahmann/my-data221/Epic and CSCR hospital Dataset/Train/pituitary/Tr-pi_0105.jpg",3,pituitary,3,pituitary,0.0048486795,0.0058319597,0.0087689171,0.9805504084,0.38342809,0.61657191,0.00001960,0.00001346,2992
8454,"/kaggle/input/datasets/arafatrahmann/my-data221/Epic and CSCR hospital Dataset/Train/pituitary/Tr-pi_0112.jpg",3,pituitary,3,pituitary,0.0046927719,0.0070583238,0.0085084597,0.9797404408,0.28292818,0.71707181,0.00003035,0.00001236,2996
8464,"/kaggle/input/datasets/arafatrahmann/my-data221/Epic and CSCR hospital Dataset/Train/pituitary/Tr-pi_0122.jpg",3,pituitary,3,pituitary,0.0061530876,0.2222535908,0.0067415610,0.7648516893,0.59508144,0.40491857,0.00077006,0.00058908,3003
8466,"/kaggle/input/datasets/arafatrahmann/my-data221/Epic and CSCR hospital Dataset/Train/pituitary/Tr-pi_0124.jpg",3,pituitary,3,pituitary,0.0056687640,0.1144759059,0.0069216802,0.8729336858,0.59985663,0.40014338,0.00083380,0.00018506,3003
8467,"/kaggle/input/datasets/arafatrahmann/my-data221/Epic and CSCR hospital Dataset/Train/pituitary/Tr-pi_0125.jpg",3,pituitary,3,pituitary,0.0050791148,0.0066132471,0.0082506072,0.9800569415,0.36576238,0.63423763,0.00002457,0.00001276,3003
8470,"/kaggle/input/datasets/arafatrahmann/my-data221/Epic and CSCR hospital Dataset/Train/pituitary/Tr-pi_0129.jpg",3,pituitary,3,pituitary,0.0050092912,0.0066521452,0.0091347266,0.9792038202,0.47743735,0.52256265,0.00001452,0.00001293,3007
8479,"/kaggle/input/datasets/arafatrahmann/my-data221/Epic and CSCR hospital Dataset/Train/pituitary/Tr-pi_0138.jpg",3,pituitary,3,pituitary,0.0048997537,0.0078395922,0.0081595471,0.9791011810,0.40306924,0.59693077,0.00002229,0.00001442,2792
8480,"/kaggle/input/datasets/arafatrahmann/my-data221/Epic and CSCR hospital Dataset/Train/pituitary/Tr-pi_0139.jpg",3,pituitary,3,pituitary,0.0049885758,0.0112360707,0.0077640982,0.9760111570,0.40603246,0.59396754,0.00002993,0.00002010,2792
8486,"/kaggle/input/datasets/arafatrahmann/my-data221/Epic and CSCR hospital Dataset/Train/pituitary/Tr-pi_0145.jpg",3,pituitary,3,pituitary,0.0049165315,0.0065062745,0.0090246685,0.9795525670,0.39378115,0.60621886,0.00002423,0.00001581,3018
8502,"/kaggle/input/datasets/arafatrahmann/my-data221/Epic and CSCR hospital Dataset/Train/pituitary/Tr-pi_0161.jpg",3,pituitary,3,pituitary,0.0055905501,0.0101016322,0.0074408846,0.9768669009,0.57641722,0.42358280,0.00001565,0.00001883,3027
8504,"/kaggle/input/datasets/arafatrahmann/my-data221/Epic and CSCR hospital Dataset/Train/pituitary/Tr-pi_0163.jpg",3,pituitary,3,pituitary,0.0054196888,0.0106919464,0.0075506801,0.9763376117,0.49907876,0.50092125,0.00001590,0.00001607,2764
8505,"/kaggle/input/datasets/arafatrahmann/my-data221/Epic and CSCR hospital Dataset/Train/pituitary/Tr-pi_0164.jpg",3,pituitary,3,pituitary,0.0055185962,0.0090787327,0.0076475404,0.9777551889,0.56564349,0.43435650,0.00001341,0.00001667,2764
8506,"/kaggle/input/datasets/arafatrahmann/my-data221/Epic and CSCR hospital Dataset/Train/pituitary/Tr-pi_0165.jpg",3,pituitary,3,pituitary,0.0051338160,0.0077132471,0.0077105789,0.9794424176,0.44310928,0.55689071,0.00001712,0.00001358,2764
8513,"/kaggle/input/datasets/arafatrahmann/my-data221/Epic and CSCR hospital Dataset/Train/pituitary/Tr-pi_0172.jpg",3,pituitary,3,pituitary,0.0050611589,0.0067099086,0.0080566369,0.9801723361,0.38266909,0.61733090,0.00002765,0.00001888,2800
8525,"/kaggle/input/datasets/arafatrahmann/my-data221/Epic and CSCR hospital Dataset/Train/pituitary/Tr-pi_0184.jpg",3,pituitary,3,pituitary,0.0048507270,0.0073269112,0.0086058006,0.9792166948,0.43124785,0.56875217,0.00001984,0.00001542,3033
8526,"/kaggle/input/datasets/arafatrahmann/my-data221/Epic and CSCR hospital Dataset/Train/pituitary/Tr-pi_0185.jpg",3,pituitary,3,pituitary,0.0051027047,0.0069011510,0.0082520731,0.9797441363,0.40140763,0.59859238,0.00001923,0.00001267,3034
8527,"/kaggle/input/datasets/arafatrahmann/my-data221/Epic and CSCR hospital Dataset/Train/pituitary/Tr-pi_0186.jpg",3,pituitary,3,pituitary,0.0051241885,0.0068381564,0.0082643088,0.9797733426,0.37180333,0.62819667,0.00002238,0.00001426,3034
8528,"/kaggle/input/datasets/arafatrahmann/my-data221/Epic and CSCR hospital Dataset/Train/pituitary/Tr-pi_0187.jpg",3,pituitary,3,pituitary,0.0053181956,0.0067052087,0.0082639931,0.9797126055,0.46804466,0.53195535,0.00002187,0.00001808,3034
8529,"/kaggle/input/datasets/arafatrahmann/my-data221/Epic and CSCR hospital Dataset/Train/pituitary/Tr-pi_0188.jpg",3,pituitary,3,pituitary,0.0051981001,0.0069051953,0.0082313772,0.9796653986,0.41466776,0.58533223,0.00001913,0.00001289,2751
8540,"/kaggle/input/datasets/arafatrahmann/my-data221/Epic and CSCR hospital Dataset/Train/pituitary/Tr-pi_0199.jpg",3,pituitary,3,pituitary,0.0052922531,0.0073934966,0.0084490925,0.9788651466,0.53836132,0.46163868,0.00001347,0.00001430,3038
8546,"/kaggle/input/datasets/arafatrahmann/my-data221/Epic and CSCR hospital Dataset/Train/pituitary/Tr-pi_0205.jpg",3,pituitary,3,pituitary,0.0050323713,0.0066977427,0.0084138978,0.9798561335,0.42261632,0.57738369,0.00001913,0.00001520,3043
8547,"/kaggle/input/datasets/arafatrahmann/my-data221/Epic and CSCR hospital Dataset/Train/pituitary/Tr-pi_0206.jpg",3,pituitary,3,pituitary,0.0053093489,0.0075524398,0.0083430791,0.9787951708,0.52411781,0.47588218,0.00002200,0.00001909,3044
8559,"/kaggle/input/datasets/arafatrahmann/my-data221/Epic and CSCR hospital Dataset/Train/pituitary/Tr-pi_0218.jpg",3,pituitary,3,pituitary,0.0049924827,0.0059820572,0.0084655043,0.9805600047,0.38956940,0.61043060,0.00002295,0.00001325,3051
8569,"/kaggle/input/datasets/arafatrahmann/my-data221/Epic and CSCR hospital Dataset/Train/pituitary/Tr-pi_0228.jpg",3,pituitary,3,pituitary,0.0048702015,0.0058608060,0.0087459404,0.9805229902,0.29171877,0.70828123,0.00002318,0.00001040,3056
8570,"/kaggle/input/datasets/arafatrahmann/my-data221/Epic and CSCR hospital Dataset/Train/pituitary/Tr-pi_0229.jpg",3,pituitary,3,pituitary,0.0050833677,0.0066365623,0.0084105693,0.9798695445,0.48702109,0.51297891,0.00001750,0.00001617,3057
8571,"/kaggle/input/datasets/arafatrahmann/my-data221/Epic and CSCR hospital Dataset/Train/pituitary/Tr-pi_0230.jpg",3,pituitary,3,pituitary,0.0050320835,0.0064530089,0.0083605088,0.9801543951,0.44393172,0.55606827,0.00001405,0.00001168,3057
8574,"/kaggle/input/datasets/arafatrahmann/my-data221/Epic and CSCR hospital Dataset/Train/pituitary/Tr-pi_0233.jpg",3,pituitary,3,pituitary,0.0049766931,0.0064861104,0.0086580124,0.9798792005,0.41889176,0.58110824,0.00001733,0.00001117,3059
8575,"/kaggle/input/datasets/arafatrahmann/my-data221/Epic and CSCR hospital Dataset/Train/pituitary/Tr-pi_0234.jpg",3,pituitary,3,pituitary,0.0049535530,0.0069245310,0.0087581314,0.9793637991,0.45404227,0.54595773,0.00002017,0.00001771,3060
8581,"/kaggle/input/datasets/arafatrahmann/my-data221/Epic and CSCR hospital Dataset/Train/pituitary/Tr-pi_0240.jpg",3,pituitary,3,pituitary,0.0049321363,0.0060255332,0.0086155068,0.9804267883,0.41764569,0.58235431,0.00001680,0.00001282,3065
8582,"/kaggle/input/datasets/arafatrahmann/my-data221/Epic and CSCR hospital Dataset/Train/pituitary/Tr-pi_0241.jpg",3,pituitary,3,pituitary,0.0048758695,0.0055399444,0.0085531231,0.9810310602,0.33172159,0.66827840,0.00001966,0.00000998,3065
8594,"/kaggle/input/datasets/arafatrahmann/my-data221/Epic and CSCR hospital Dataset/Train/pituitary/Tr-pi_0253.jpg",3,pituitary,3,pituitary,0.0051031923,0.0064309402,0.0083505102,0.9801152945,0.40891383,0.59108617,0.00002326,0.00001542,3074
8596,"/kaggle/input/datasets/arafatrahmann/my-data221/Epic and CSCR hospital Dataset/Train/pituitary/Tr-pi_0255.jpg",3,pituitary,3,pituitary,0.0057900310,0.0088176951,0.0076982290,0.9776940346,0.57440831,0.42559171,0.00001819,0.00001986,3076
8597,"/kaggle/input/datasets/arafatrahmann/my-data221/Epic and CSCR hospital Dataset/Train/pituitary/Tr-pi_0256.jpg",3,pituitary,3,pituitary,0.0054785861,0.0088184606,0.0077641765,0.9779387712,0.44895891,0.55104109,0.00001749,0.00001337,3077
8608,"/kaggle/input/datasets/arafatrahmann/my-data221/Epic and CSCR hospital Dataset/Train/pituitary/Tr-pi_0267.jpg",3,pituitary,3,pituitary,0.0053891898,0.0079479981,0.0081124594,0.9785503149,0.39847478,0.60152521,0.00002051,0.00001496,3077
8611,"/kaggle/input/datasets/arafatrahmann/my-data221/Epic and CSCR hospital Dataset/Train/pituitary/Tr-pi_0270.jpg",3,pituitary,3,pituitary,0.0050668376,0.0075885085,0.0082697626,0.9790749550,0.44110649,0.55889351,0.00002145,0.00001556,3087
8619,"/kaggle/input/datasets/arafatrahmann/my-data221/Epic and CSCR hospital Dataset/Train/pituitary/Tr-pi_0278.jpg",3,pituitary,3,pituitary,0.0053294739,0.0071008950,0.0083540296,0.9792156219,0.42297992,0.57702009,0.00001988,0.00001412,3077
8620,"/kaggle/input/datasets/arafatrahmann/my-data221/Epic and CSCR hospital Dataset/Train/pituitary/Tr-pi_0279.jpg",3,pituitary,3,pituitary,0.0052185776,0.0064472444,0.0082586929,0.9800755382,0.45959203,0.54040797,0.00001583,0.00001323,3093
8621,"/kaggle/input/datasets/arafatrahmann/my-data221/Epic and CSCR hospital Dataset/Train/pituitary/Tr-pi_0280.jpg",3,pituitary,3,pituitary,0.0051648794,0.0061913715,0.0083591873,0.9802845716,0.43683816,0.56316185,0.00001600,0.00001188,3094
8630,"/kaggle/input/datasets/arafatrahmann/my-data221/Epic and CSCR hospital Dataset/Train/pituitary/Tr-pi_0289.jpg",3,pituitary,3,pituitary,0.0053336942,0.0069587296,0.0081881788,0.9795194864,0.42237471,0.57762529,0.00001979,0.00001573,3077
8632,"/kaggle/input/datasets/arafatrahmann/my-data221/Epic and CSCR hospital Dataset/Train/pituitary/Tr-pi_0291.jpg",3,pituitary,3,pituitary,0.0052109454,0.0075267730,0.0081441049,0.9791182280,0.48638573,0.51361427,0.00001600,0.00001553,3102
8641,"/kaggle/input/datasets/arafatrahmann/my-data221/Epic and CSCR hospital Dataset/Train/pituitary/Tr-pi_0300.jpg",3,pituitary,3,pituitary,0.0052671609,0.0068639605,0.0083647808,0.9795041084,0.41439072,0.58560930,0.00002169,0.00001405,3110
8644,"/kaggle/input/datasets/arafatrahmann/my-data221/Epic and CSCR hospital Dataset/Train/pituitary/Tr-pi_0303.jpg",3,pituitary,3,pituitary,0.0052884617,0.0067707496,0.0083577791,0.9795829654,0.48018640,0.51981359,0.00001433,0.00001411,3112
8645,"/kaggle/input/datasets/arafatrahmann/my-data221/Epic and CSCR hospital Dataset/Train/pituitary/Tr-pi_0304.jpg",3,pituitary,3,pituitary,0.0052600577,0.0064503187,0.0083914399,0.9798981547,0.41814015,0.58185984,0.00002043,0.00001798,3113
8654,"/kaggle/input/datasets/arafatrahmann/my-data221/Epic and CSCR hospital Dataset/Train/pituitary/Tr-pi_0313.jpg",3,pituitary,3,pituitary,0.0054043159,0.0071802167,0.0081912465,0.9792242050,0.51930268,0.48069731,0.00001281,0.00001378,3118
8655,"/kaggle/input/datasets/arafatrahmann/my-data221/Epic and CSCR hospital Dataset/Train/pituitary/Tr-pi_0314.jpg",3,pituitary,3,pituitary,0.0051225135,0.0066485940,0.0085107572,0.9797180891,0.38518704,0.61481295,0.00001763,0.00001162,3118
8656,"/kaggle/input/datasets/arafatrahmann/my-data221/Epic and CSCR hospital Dataset/Train/pituitary/Tr-pi_0315.jpg",3,pituitary,3,pituitary,0.0051331222,0.0066074310,0.0080589820,0.9802004695,0.41476417,0.58523581,0.00001793,0.00001291,3118
8657,"/kaggle/input/datasets/arafatrahmann/my-data221/Epic and CSCR hospital Dataset/Train/pituitary/Tr-pi_0316.jpg",3,pituitary,3,pituitary,0.0050979042,0.0081195459,0.0080814483,0.9787011147,0.45886455,0.54113546,0.00001740,0.00001491,3118
8658,"/kaggle/input/datasets/arafatrahmann/my-data221/Epic and CSCR hospital Dataset/Train/pituitary/Tr-pi_0317.jpg",3,pituitary,3,pituitary,0.0049392595,0.0060145198,0.0087123588,0.9803338051,0.35505303,0.64494698,0.00001686,0.00001094,3118
8663,"/kaggle/input/datasets/arafatrahmann/my-data221/Epic and CSCR hospital Dataset/Train/pituitary/Tr-pi_0322.jpg",3,pituitary,3,pituitary,0.0051612398,0.0063304096,0.0084452443,0.9800631404,0.40938812,0.59061188,0.00002021,0.00001376,3122
8670,"/kaggle/input/datasets/arafatrahmann/my-data221/Epic and CSCR hospital Dataset/Train/pituitary/Tr-pi_0329.jpg",3,pituitary,3,pituitary,0.0051529072,0.0063700667,0.0086345933,0.9798423648,0.45449615,0.54550385,0.00001743,0.00001335,3127
8680,"/kaggle/input/datasets/arafatrahmann/my-data221/Epic and CSCR hospital Dataset/Train/pituitary/Tr-pi_0339.jpg",3,pituitary,3,pituitary,0.0051041190,0.0065635843,0.0083906045,0.9799417257,0.48075240,0.51924760,0.00001679,0.00001480,3135
8681,"/kaggle/input/datasets/arafatrahmann/my-data221/Epic and CSCR hospital Dataset/Train/pituitary/Tr-pi_0340.jpg",3,pituitary,3,pituitary,0.0050735702,0.0069713062,0.0081589427,0.9797962308,0.38629180,0.61370819,0.00002206,0.00001427,3136
8683,"/kaggle/input/datasets/arafatrahmann/my-data221/Epic and CSCR hospital Dataset/Train/pituitary/Tr-pi_0342.jpg",3,pituitary,3,pituitary,0.0050834427,0.0063864603,0.0082632639,0.9802668691,0.37477120,0.62522880,0.00002300,0.00001461,3138
8684,"/kaggle/input/datasets/arafatrahmann/my-data221/Epic and CSCR hospital Dataset/Train/pituitary/Tr-pi_0343.jpg",3,pituitary,3,pituitary,0.0050252769,0.0062411614,0.0081909355,0.9805426598,0.35784307,0.64215693,0.00002076,0.00001229,3138
8704,"/kaggle/input/datasets/arafatrahmann/my-data221/Epic and CSCR hospital Dataset/Train/pituitary/Tr-pi_0363.jpg",3,pituitary,3,pituitary,0.0051846919,0.0063035274,0.0086890887,0.9798227549,0.44183266,0.55816733,0.00002079,0.00001844,3149
8706,"/kaggle/input/datasets/arafatrahmann/my-data221/Epic and CSCR hospital Dataset/Train/pituitary/Tr-pi_0365.jpg",3,pituitary,3,pituitary,0.0048939288,0.0059481291,0.0091672093,0.9799907804,0.39589064,0.60410937,0.00001833,0.00001256,3149
8714,"/kaggle/input/datasets/arafatrahmann/my-data221/Epic and CSCR hospital Dataset/Train/pituitary/Tr-pi_0373.jpg",3,pituitary,3,pituitary,0.0051849680,0.0079059741,0.0082804738,0.9786286354,0.46019005,0.53980996,0.00001806,0.00001595,3154
8716,"/kaggle/input/datasets/arafatrahmann/my-data221/Epic and CSCR hospital Dataset/Train/pituitary/Tr-pi_0375.jpg",3,pituitary,3,pituitary,0.0049712928,0.0065977825,0.0085881315,0.9798427820,0.28108822,0.71891178,0.00002288,0.00001062,3156
8730,"/kaggle/input/datasets/arafatrahmann/my-data221/Epic and CSCR hospital Dataset/Train/pituitary/Tr-pi_0389.jpg",3,pituitary,3,pituitary,0.0054300432,0.0071028918,0.0081092203,0.9793578386,0.49483274,0.50516727,0.00001970,0.00001944,3164
8739,"/kaggle/input/datasets/arafatrahmann/my-data221/Epic and CSCR hospital Dataset/Train/pituitary/Tr-pi_0398.jpg",3,pituitary,3,pituitary,0.0057408889,0.0879125074,0.0070287548,0.8993179202,0.67879439,0.32120561,0.00034697,0.00011823,3171
8741,"/kaggle/input/datasets/arafatrahmann/my-data221/Epic and CSCR hospital Dataset/Train/pituitary/Tr-pi_0400.jpg",3,pituitary,3,pituitary,0.0052003497,0.0063815461,0.0081987968,0.9802192450,0.42749775,0.57250226,0.00001674,0.00001269,3172
8752,"/kaggle/input/datasets/arafatrahmann/my-data221/Epic and CSCR hospital Dataset/Train/pituitary/Tr-pi_0411.jpg",3,pituitary,3,pituitary,0.0052693295,0.0065345564,0.0082545923,0.9799415469,0.44378736,0.55621265,0.00001700,0.00001367,3178
8761,"/kaggle/input/datasets/arafatrahmann/my-data221/Epic and CSCR hospital Dataset/Train/pituitary/Tr-pi_0420.jpg",3,pituitary,3,pituitary,0.0049675158,0.0055214958,0.0086681824,0.9808428884,0.32711194,0.67288806,0.00001842,0.00000919,3184
8765,"/kaggle/input/datasets/arafatrahmann/my-data221/Epic and CSCR hospital Dataset/Train/pituitary/Tr-pi_0424.jpg",3,pituitary,3,pituitary,0.0052146008,0.0070428038,0.0079234410,0.9798191190,0.37610468,0.62389532,0.00002230,0.00001451,3188
8778,"/kaggle/input/datasets/arafatrahmann/my-data221/Epic and CSCR hospital Dataset/Train/pituitary/Tr-pi_0437.jpg",3,pituitary,3,pituitary,0.0053135916,0.0122710504,0.0072803558,0.9751349688,0.41597615,0.58402385,0.00002695,0.00002113,3201
8779,"/kaggle/input/datasets/arafatrahmann/my-data221/Epic and CSCR hospital Dataset/Train/pituitary/Tr-pi_0438.jpg",3,pituitary,3,pituitary,0.0054703094,0.0098446142,0.0074553848,0.9772297144,0.53147708,0.46852293,0.00001654,0.00001890,3201
8780,"/kaggle/input/datasets/arafatrahmann/my-data221/Epic and CSCR hospital Dataset/Train/pituitary/Tr-pi_0439.jpg",3,pituitary,3,pituitary,0.0054067178,0.0081910882,0.0076849512,0.9787173271,0.48432486,0.51567514,0.00001786,0.00001555,3201
8781,"/kaggle/input/datasets/arafatrahmann/my-data221/Epic and CSCR hospital Dataset/Train/pituitary/Tr-pi_0440.jpg",3,pituitary,3,pituitary,0.0052716481,0.0078414986,0.0078532426,0.9790335894,0.41506757,0.58493244,0.00002335,0.00001531,3201
8784,"/kaggle/input/datasets/arafatrahmann/my-data221/Epic and CSCR hospital Dataset/Train/pituitary/Tr-pi_0443.jpg",3,pituitary,3,pituitary,0.0049582385,0.0057408945,0.0086941328,0.9806066751,0.36422402,0.63577600,0.00002096,0.00001301,3204
8793,"/kaggle/input/datasets/arafatrahmann/my-data221/Epic and CSCR hospital Dataset/Train/pituitary/Tr-pi_0452.jpg",3,pituitary,3,pituitary,0.0052982634,0.0070075775,0.0085094469,0.9791847467,0.53897516,0.46102485,0.00001348,0.00001643,3211
8798,"/kaggle/input/datasets/arafatrahmann/my-data221/Epic and CSCR hospital Dataset/Train/pituitary/Tr-pi_0457.jpg",3,pituitary,3,pituitary,0.0051246518,0.0060859881,0.0085493010,0.9802400470,0.40100416,0.59899585,0.00002153,0.00001525,3215
8800,"/kaggle/input/datasets/arafatrahmann/my-data221/Epic and CSCR hospital Dataset/Train/pituitary/Tr-pi_0459.jpg",3,pituitary,3,pituitary,0.0049989885,0.0056762472,0.0087091941,0.9806156158,0.42828304,0.57171695,0.00001723,0.00001208,3217
8801,"/kaggle/input/datasets/arafatrahmann/my-data221/Epic and CSCR hospital Dataset/Train/pituitary/Tr-pi_0460.jpg",3,pituitary,3,pituitary,0.0050637056,0.0059299073,0.0083865281,0.9806199074,0.43726750,0.56273251,0.00001700,0.00001343,3218
8811,"/kaggle/input/datasets/arafatrahmann/my-data221/Epic and CSCR hospital Dataset/Train/pituitary/Tr-pi_0470.jpg",3,pituitary,3,pituitary,0.0053732391,0.0069725527,0.0080528781,0.9796012640,0.51856272,0.48143729,0.00001676,0.00001670,3225
8812,"/kaggle/input/datasets/arafatrahmann/my-data221/Epic and CSCR hospital Dataset/Train/pituitary/Tr-pi_0471.jpg",3,pituitary,3,pituitary,0.0050154319,0.0059851878,0.0081082936,0.9808911085,0.37727611,0.62272389,0.00001711,0.00001136,3225
8813,"/kaggle/input/datasets/arafatrahmann/my-data221/Epic and CSCR hospital Dataset/Train/pituitary/Tr-pi_0472.jpg",3,pituitary,3,pituitary,0.0050810417,0.0058918088,0.0083569335,0.9806701541,0.36383239,0.63616760,0.00002141,0.00001203,3225
8820,"/kaggle/input/datasets/arafatrahmann/my-data221/Epic and CSCR hospital Dataset/Train/pituitary/Tr-pi_0479.jpg",3,pituitary,3,pituitary,0.0050993175,0.0059627993,0.0082912203,0.9806467295,0.37584333,0.62415668,0.00002162,0.00001241,3231
8824,"/kaggle/input/datasets/arafatrahmann/my-data221/Epic and CSCR hospital Dataset/Train/pituitary/Tr-pi_0483.jpg",3,pituitary,3,pituitary,0.0054625873,0.0090520326,0.0074185682,0.9780668020,0.54970367,0.45029632,0.00001502,0.00001803,3235
8829,"/kaggle/input/datasets/arafatrahmann/my-data221/Epic and CSCR hospital Dataset/Train/pituitary/Tr-pi_0488.jpg",3,pituitary,3,pituitary,0.0051858998,0.0082862312,0.0082951710,0.9782327414,0.37690693,0.62309307,0.00002213,0.00001272,3240
8833,"/kaggle/input/datasets/arafatrahmann/my-data221/Epic and CSCR hospital Dataset/Train/pituitary/Tr-pi_0492.jpg",3,pituitary,3,pituitary,0.0053819790,0.0060370574,0.0080418866,0.9805390239,0.43714412,0.56285588,0.00001640,0.00001222,3243
8834,"/kaggle/input/datasets/arafatrahmann/my-data221/Epic and CSCR hospital Dataset/Train/pituitary/Tr-pi_0493.jpg",3,pituitary,3,pituitary,0.0050405627,0.0063093742,0.0084607061,0.9801894426,0.39955645,0.60044354,0.00002223,0.00001658,3244
8842,"/kaggle/input/datasets/arafatrahmann/my-data221/Epic and CSCR hospital Dataset/Train/pituitary/Tr-pi_0501.jpg",3,pituitary,3,pituitary,0.0051404620,0.0078911651,0.0081088264,0.9788596034,0.35564679,0.64435320,0.00002088,0.00001307,3251
8850,"/kaggle/input/datasets/arafatrahmann/my-data221/Epic and CSCR hospital Dataset/Train/pituitary/Tr-pi_0509.jpg",3,pituitary,3,pituitary,0.0050981878,0.0078167366,0.0082212314,0.9788638949,0.51286570,0.48713428,0.00001336,0.00001390,3258
8851,"/kaggle/input/datasets/arafatrahmann/my-data221/Epic and CSCR hospital Dataset/Train/pituitary/Tr-pi_0510.jpg",3,pituitary,3,pituitary,0.0048731389,0.0093460064,0.0079255495,0.9778553247,0.48720118,0.51279882,0.00001665,0.00001589,3258
8853,"/kaggle/input/datasets/arafatrahmann/my-data221/Epic and CSCR hospital Dataset/Train/pituitary/Tr-pi_0512.jpg",3,pituitary,3,pituitary,0.0050038723,0.0065194843,0.0085013676,0.9799753428,0.43694939,0.56305063,0.00002065,0.00001599,3260
8856,"/kaggle/input/datasets/arafatrahmann/my-data221/Epic and CSCR hospital Dataset/Train/pituitary/Tr-pi_0515.jpg",3,pituitary,1,meningioma,0.0075912490,0.9774545431,0.0082287621,0.0067254403,0.09626990,0.90373009,0.00019384,0.00000882,2029
8873,"/kaggle/input/datasets/arafatrahmann/my-data221/Epic and CSCR hospital Dataset/Train/pituitary/Tr-pi_0532.jpg",3,pituitary,3,pituitary,0.0051199910,0.0093475832,0.0081242351,0.9774081111,0.36023716,0.63976285,0.00003181,0.00001947,3272
8874,"/kaggle/input/datasets/arafatrahmann/my-data221/Epic and CSCR hospital Dataset/Train/pituitary/Tr-pi_0533.jpg",3,pituitary,3,pituitary,0.0049833236,0.0073658591,0.0085740993,0.9790767431,0.32467667,0.67532333,0.00002184,0.00001114,3272
8875,"/kaggle/input/datasets/arafatrahmann/my-data221/Epic and CSCR hospital Dataset/Train/pituitary/Tr-pi_0534.jpg",3,pituitary,3,pituitary,0.0051626167,0.0076624556,0.0080717606,0.9791032076,0.42245743,0.57754256,0.00002406,0.00001781,3272
8880,"/kaggle/input/datasets/arafatrahmann/my-data221/Epic and CSCR hospital Dataset/Train/pituitary/Tr-pi_0539.jpg",3,pituitary,3,pituitary,0.0049470728,0.0065750764,0.0085010417,0.9799767733,0.45378816,0.54621183,0.00001503,0.00001296,3275
8881,"/kaggle/input/datasets/arafatrahmann/my-data221/Epic and CSCR hospital Dataset/Train/pituitary/Tr-pi_0540.jpg",3,pituitary,3,pituitary,0.0050226543,0.0066189119,0.0083707450,0.9799877405,0.43368388,0.56631611,0.00001724,0.00001364,3275
8885,"/kaggle/input/datasets/arafatrahmann/my-data221/Epic and CSCR hospital Dataset/Train/pituitary/Tr-pi_0544.jpg",3,pituitary,3,pituitary,0.0050931936,0.0081251785,0.0078052096,0.9789764285,0.45701222,0.54298778,0.00002195,0.00001635,3279
8888,"/kaggle/input/datasets/arafatrahmann/my-data221/Epic and CSCR hospital Dataset/Train/pituitary/Tr-pi_0547.jpg",3,pituitary,3,pituitary,0.0051643411,0.0084074158,0.0078431377,0.9785851240,0.52077755,0.47922246,0.00001221,0.00001220,3279
8899,"/kaggle/input/datasets/arafatrahmann/my-data221/Epic and CSCR hospital Dataset/Train/pituitary/Tr-pi_0558.jpg",3,pituitary,3,pituitary,0.0049411054,0.0057328092,0.0086570019,0.9806691408,0.36509772,0.63490225,0.00001787,0.00001152,3289
8900,"/kaggle/input/datasets/arafatrahmann/my-data221/Epic and CSCR hospital Dataset/Train/pituitary/Tr-pi_0559.jpg",3,pituitary,3,pituitary,0.0050318348,0.0062410822,0.0084727285,0.9802543521,0.41479331,0.58520669,0.00001805,0.00001253,3289
8901,"/kaggle/input/datasets/arafatrahmann/my-data221/Epic and CSCR hospital Dataset/Train/pituitary/Tr-pi_0560.jpg",3,pituitary,3,pituitary,0.0050112680,0.0065073883,0.0087404335,0.9797409177,0.41903941,0.58096061,0.00002030,0.00001319,3289
8904,"/kaggle/input/datasets/arafatrahmann/my-data221/Epic and CSCR hospital Dataset/Train/pituitary/Tr-pi_0563.jpg",3,pituitary,3,pituitary,0.0056050718,0.0088122878,0.0075455299,0.9780371785,0.59187857,0.40812144,0.00001162,0.00001696,3292
8912,"/kaggle/input/datasets/arafatrahmann/my-data221/Epic and CSCR hospital Dataset/Train/pituitary/Tr-pi_0571.jpg",3,pituitary,3,pituitary,0.0050259558,0.0077979988,0.0079729231,0.9792031050,0.35528900,0.64471101,0.00002294,0.00001371,3292
8915,"/kaggle/input/datasets/arafatrahmann/my-data221/Epic and CSCR hospital Dataset/Train/pituitary/Tr-pi_0574.jpg",3,pituitary,3,pituitary,0.0050536692,0.0081191454,0.0078972485,0.9789298773,0.46384040,0.53615959,0.00001760,0.00001533,3301
8916,"/kaggle/input/datasets/arafatrahmann/my-data221/Epic and CSCR hospital Dataset/Train/pituitary/Tr-pi_0575.jpg",3,pituitary,3,pituitary,0.0052116341,0.0065783812,0.0082459487,0.9799640775,0.44979528,0.55020473,0.00001998,0.00001653,3302
8917,"/kaggle/input/datasets/arafatrahmann/my-data221/Epic and CSCR hospital Dataset/Train/pituitary/Tr-pi_0576.jpg",3,pituitary,3,pituitary,0.0051276041,0.0065481304,0.0082597192,0.9800645709,0.49393315,0.50606684,0.00001566,0.00001608,3302
8921,"/kaggle/input/datasets/arafatrahmann/my-data221/Epic and CSCR hospital Dataset/Train/pituitary/Tr-pi_0580.jpg",3,pituitary,3,pituitary,0.0054126731,0.0076632639,0.0078387549,0.9790853262,0.53481453,0.46518546,0.00001613,0.00001552,3292
8929,"/kaggle/input/datasets/arafatrahmann/my-data221/Epic and CSCR hospital Dataset/Train/pituitary/Tr-pi_0588.jpg",3,pituitary,3,pituitary,0.0050916574,0.0062503340,0.0081937350,0.9804642797,0.43428587,0.56571414,0.00001544,0.00001133,3292
8930,"/kaggle/input/datasets/arafatrahmann/my-data221/Epic and CSCR hospital Dataset/Train/pituitary/Tr-pi_0589.jpg",3,pituitary,3,pituitary,0.0051608230,0.0059769163,0.0084586833,0.9804035425,0.45572453,0.54427547,0.00001542,0.00001255,3309
8938,"/kaggle/input/datasets/arafatrahmann/my-data221/Epic and CSCR hospital Dataset/Train/pituitary/Tr-pi_0597.jpg",3,pituitary,3,pituitary,0.0055423044,0.0091245789,0.0078053139,0.9775277972,0.51923194,0.48076804,0.00001900,0.00001873,3317
8943,"/kaggle/input/datasets/arafatrahmann/my-data221/Epic and CSCR hospital Dataset/Train/pituitary/Tr-pi_0602.jpg",3,pituitary,3,pituitary,0.0047000861,0.0055903834,0.0092450809,0.9804645777,0.38658147,0.61341854,0.00001798,0.00001186,3322
8946,"/kaggle/input/datasets/arafatrahmann/my-data221/Epic and CSCR hospital Dataset/Train/pituitary/Tr-pi_0605.jpg",3,pituitary,3,pituitary,0.0051877922,0.0075403573,0.0080710035,0.9792009592,0.43526065,0.56473934,0.00002258,0.00001720,3325
8947,"/kaggle/input/datasets/arafatrahmann/my-data221/Epic and CSCR hospital Dataset/Train/pituitary/Tr-pi_0606.jpg",3,pituitary,3,pituitary,0.0050676372,0.0060312790,0.0082515161,0.9806495905,0.38252977,0.61747023,0.00002672,0.00001578,2847
8949,"/kaggle/input/datasets/arafatrahmann/my-data221/Epic and CSCR hospital Dataset/Train/pituitary/Tr-pi_0608.jpg",3,pituitary,3,pituitary,0.0050048269,0.0072014183,0.0084119812,0.9793817401,0.45772103,0.54227897,0.00001871,0.00001538,3327
8953,"/kaggle/input/datasets/arafatrahmann/my-data221/Epic and CSCR hospital Dataset/Train/pituitary/Tr-pi_0612.jpg",3,pituitary,3,pituitary,0.0049267611,0.0106233601,0.0078250142,0.9766248465,0.39956249,0.60043752,0.00002652,0.00001709,3330
8960,"/kaggle/input/datasets/arafatrahmann/my-data221/Epic and CSCR hospital Dataset/Train/pituitary/Tr-pi_0619.jpg",3,pituitary,3,pituitary,0.0050413115,0.0069620693,0.0079295933,0.9800670743,0.41526074,0.58473927,0.00001963,0.00001327,3337
8961,"/kaggle/input/datasets/arafatrahmann/my-data221/Epic and CSCR hospital Dataset/Train/pituitary/Tr-pi_0620.jpg",3,pituitary,3,pituitary,0.0050086332,0.0061283456,0.0084589683,0.9804040790,0.43737018,0.56262982,0.00001700,0.00001348,3337
8962,"/kaggle/input/datasets/arafatrahmann/my-data221/Epic and CSCR hospital Dataset/Train/pituitary/Tr-pi_0621.jpg",3,pituitary,3,pituitary,0.0049833795,0.0064461762,0.0083312355,0.9802392125,0.42787591,0.57212409,0.00001761,0.00001263,3337
8963,"/kaggle/input/datasets/arafatrahmann/my-data221/Epic and CSCR hospital Dataset/Train/pituitary/Tr-pi_0622.jpg",3,pituitary,3,pituitary,0.0050056679,0.0062695043,0.0083105965,0.9804142118,0.35830181,0.64169818,0.00001965,0.00001114,3338
8972,"/kaggle/input/datasets/arafatrahmann/my-data221/Epic and CSCR hospital Dataset/Train/pituitary/Tr-pi_0631.jpg",3,pituitary,3,pituitary,0.0051181712,0.0059492947,0.0083373990,0.9805951118,0.41969369,0.58030632,0.00001818,0.00001232,3346
8982,"/kaggle/input/datasets/arafatrahmann/my-data221/Epic and CSCR hospital Dataset/Train/pituitary/Tr-pi_0641.jpg",3,pituitary,3,pituitary,0.0050285812,0.0063672857,0.0083427113,0.9802615047,0.40506129,0.59493871,0.00001575,0.00001075,2856
8983,"/kaggle/input/datasets/arafatrahmann/my-data221/Epic and CSCR hospital Dataset/Train/pituitary/Tr-pi_0642.jpg",3,pituitary,3,pituitary,0.0048403153,0.0061127134,0.0086959461,0.9803510904,0.33208599,0.66791402,0.00002147,0.00001195,2856
8985,"/kaggle/input/datasets/arafatrahmann/my-data221/Epic and CSCR hospital Dataset/Train/pituitary/Tr-pi_0644.jpg",3,pituitary,3,pituitary,0.0050480701,0.0063563986,0.0083969953,0.9801985025,0.43752078,0.56247923,0.00001803,0.00001354,3351
8992,"/kaggle/input/datasets/arafatrahmann/my-data221/Epic and CSCR hospital Dataset/Train/pituitary/Tr-pi_0651.jpg",3,pituitary,3,pituitary,0.0049637975,0.0100242440,0.0080319922,0.9769799113,0.36607282,0.63392718,0.00002304,0.00001300,3356
9002,"/kaggle/input/datasets/arafatrahmann/my-data221/Epic and CSCR hospital Dataset/Train/pituitary/Tr-pi_0661.jpg",3,pituitary,3,pituitary,0.0052453950,0.0082315877,0.0077571794,0.9787658453,0.42489548,0.57510451,0.00001843,0.00001269,3365
9005,"/kaggle/input/datasets/arafatrahmann/my-data221/Epic and CSCR hospital Dataset/Train/pituitary/Tr-pi_0664.jpg",3,pituitary,3,pituitary,0.0050736233,0.0067499401,0.0080443518,0.9801321030,0.43624752,0.56375247,0.00001891,0.00001190,2863
9006,"/kaggle/input/datasets/arafatrahmann/my-data221/Epic and CSCR hospital Dataset/Train/pituitary/Tr-pi_0665.jpg",3,pituitary,3,pituitary,0.0052564172,0.0073044151,0.0080676218,0.9793715477,0.50902185,0.49097815,0.00001310,0.00001223,3368
9015,"/kaggle/input/datasets/arafatrahmann/my-data221/Epic and CSCR hospital Dataset/Train/pituitary/Tr-pi_0674.jpg",3,pituitary,3,pituitary,0.0051697926,0.0069725043,0.0083058318,0.9795519114,0.46395000,0.53605002,0.00001759,0.00001533,3376
9017,"/kaggle/input/datasets/arafatrahmann/my-data221/Epic and CSCR hospital Dataset/Train/pituitary/Tr-pi_0676.jpg",3,pituitary,3,pituitary,0.0055695297,0.0109556159,0.0074618785,0.9760128856,0.63291533,0.36708467,0.00001670,0.00002782,3378
9018,"/kaggle/input/datasets/arafatrahmann/my-data221/Epic and CSCR hospital Dataset/Train/pituitary/Tr-pi_0677.jpg",3,pituitary,3,pituitary,0.0053953049,0.0106475148,0.0075342702,0.9764229655,0.52261925,0.47738075,0.00002164,0.00002262,3378
9019,"/kaggle/input/datasets/arafatrahmann/my-data221/Epic and CSCR hospital Dataset/Train/pituitary/Tr-pi_0678.jpg",3,pituitary,3,pituitary,0.0051390128,0.0058986717,0.0084743695,0.9804880023,0.32373119,0.67626880,0.00002487,0.00001255,3379
9032,"/kaggle/input/datasets/arafatrahmann/my-data221/Epic and CSCR hospital Dataset/Train/pituitary/Tr-pi_0691.jpg",3,pituitary,3,pituitary,0.0056858836,0.0080409525,0.0078860046,0.9783871770,0.62372314,0.37627686,0.00000946,0.00001693,3389
9058,"/kaggle/input/datasets/arafatrahmann/my-data221/Epic and CSCR hospital Dataset/Train/pituitary/Tr-pi_0717.jpg",3,pituitary,3,pituitary,0.0050352281,0.0061394600,0.0082603255,0.9805650711,0.42694302,0.57305698,0.00001399,0.00001162,2776
9066,"/kaggle/input/datasets/arafatrahmann/my-data221/Epic and CSCR hospital Dataset/Train/pituitary/Tr-pi_0725.jpg",3,pituitary,3,pituitary,0.0051967232,0.0063132048,0.0080850599,0.9804050326,0.43346914,0.56653085,0.00001420,0.00001154,2780
9071,"/kaggle/input/datasets/arafatrahmann/my-data221/Epic and CSCR hospital Dataset/Train/pituitary/Tr-pi_0730.jpg",3,pituitary,3,pituitary,0.0044269999,0.0049978336,0.0113162817,0.9792588353,0.30855405,0.69144593,0.00002964,0.00001119,2784
9072,"/kaggle/input/datasets/arafatrahmann/my-data221/Epic and CSCR hospital Dataset/Train/pituitary/Tr-pi_0731.jpg",3,pituitary,3,pituitary,0.0049751429,0.0065087914,0.0081880726,0.9803279638,0.40247525,0.59752475,0.00001817,0.00001384,2785
9091,"/kaggle/input/datasets/arafatrahmann/my-data221/Epic and CSCR hospital Dataset/Train/pituitary/Tr-pi_0750.jpg",3,pituitary,3,pituitary,0.0050522904,0.0108250659,0.0076394998,0.9764831662,0.49534842,0.50465160,0.00001925,0.00001787,2764
9092,"/kaggle/input/datasets/arafatrahmann/my-data221/Epic and CSCR hospital Dataset/Train/pituitary/Tr-pi_0751.jpg",3,pituitary,3,pituitary,0.0052228281,0.0105710309,0.0076396624,0.9765664935,0.59990875,0.40009126,0.00001534,0.00002017,2764
9093,"/kaggle/input/datasets/arafatrahmann/my-data221/Epic and CSCR hospital Dataset/Train/pituitary/Tr-pi_0752.jpg",3,pituitary,3,pituitary,0.0051409616,0.0095364219,0.0078071156,0.9775155187,0.49745772,0.50254226,0.00001609,0.00001649,2764
9094,"/kaggle/input/datasets/arafatrahmann/my-data221/Epic and CSCR hospital Dataset/Train/pituitary/Tr-pi_0753.jpg",3,pituitary,3,pituitary,0.0050618122,0.0080248611,0.0081319250,0.9787814021,0.47542969,0.52457031,0.00001516,0.00001376,2764
9099,"/kaggle/input/datasets/arafatrahmann/my-data221/Epic and CSCR hospital Dataset/Train/pituitary/Tr-pi_0758.jpg",3,pituitary,3,pituitary,0.0053891591,0.0085485149,0.0075540156,0.9785082936,0.48365656,0.51634345,0.00002498,0.00001926,2764
9100,"/kaggle/input/datasets/arafatrahmann/my-data221/Epic and CSCR hospital Dataset/Train/pituitary/Tr-pi_0759.jpg",3,pituitary,3,pituitary,0.0052755554,0.0074197166,0.0078196991,0.9794851542,0.42846138,0.57153862,0.00001846,0.00001325,2764
9108,"/kaggle/input/datasets/arafatrahmann/my-data221/Epic and CSCR hospital Dataset/Train/pituitary/Tr-pi_0767.jpg",3,pituitary,3,pituitary,0.0051240246,0.0065743751,0.0087129772,0.9795886278,0.47069641,0.52930358,0.00001932,0.00001669,3399
9109,"/kaggle/input/datasets/arafatrahmann/my-data221/Epic and CSCR hospital Dataset/Train/pituitary/Tr-pi_0768.jpg",3,pituitary,3,pituitary,0.0050989762,0.0065193595,0.0086621987,0.9797194600,0.36676783,0.63323217,0.00002485,0.00001452,3399
9112,"/kaggle/input/datasets/arafatrahmann/my-data221/Epic and CSCR hospital Dataset/Train/pituitary/Tr-pi_0771.jpg",3,pituitary,3,pituitary,0.0050386386,0.0058289845,0.0084116831,0.9807208180,0.37240926,0.62759075,0.00001768,0.00001121,3402
9123,"/kaggle/input/datasets/arafatrahmann/my-data221/Epic and CSCR hospital Dataset/Train/pituitary/Tr-pi_0782.jpg",3,pituitary,3,pituitary,0.0050739413,0.0057589463,0.0084044524,0.9807626009,0.35599336,0.64400664,0.00002255,0.00001145,3411
9127,"/kaggle/input/datasets/arafatrahmann/my-data221/Epic and CSCR hospital Dataset/Train/pituitary/Tr-pi_0786.jpg",3,pituitary,3,pituitary,0.0052790437,0.0065005189,0.0083455155,0.9798749685,0.46744765,0.53255235,0.00001575,0.00001308,3413
9132,"/kaggle/input/datasets/arafatrahmann/my-data221/Epic and CSCR hospital Dataset/Train/pituitary/Tr-pi_0791.jpg",3,pituitary,3,pituitary,0.0055746296,0.0091397595,0.0075442293,0.9777413607,0.60167203,0.39832796,0.00001264,0.00001928,3418
9138,"/kaggle/input/datasets/arafatrahmann/my-data221/Epic and CSCR hospital Dataset/Train/pituitary/Tr-pi_0797.jpg",3,pituitary,3,pituitary,0.0053194868,0.0060461001,0.0078874212,0.9807470441,0.38776120,0.61223880,0.00002052,0.00001239,3424
9149,"/kaggle/input/datasets/arafatrahmann/my-data221/Epic and CSCR hospital Dataset/Train/pituitary/Tr-pi_0943.jpg",3,pituitary,3,pituitary,0.0043245144,0.0049982397,0.0133950878,0.9772821665,0.33652411,0.66347590,0.00003372,0.00001745,2784
9150,"/kaggle/input/datasets/arafatrahmann/my-data221/Epic and CSCR hospital Dataset/Train/pituitary/Tr-pi_0944.jpg",3,pituitary,3,pituitary,0.0049917484,0.0066168373,0.0081887748,0.9802025557,0.41333870,0.58666131,0.00001747,0.00001202,2785
9162,"/kaggle/input/datasets/arafatrahmann/my-data221/Epic and CSCR hospital Dataset/Train/pituitary/Tr-pi_0956.jpg",3,pituitary,3,pituitary,0.0050706938,0.0185102616,0.0078838505,0.9685352445,0.60806484,0.39193515,0.00002880,0.00004453,3430
9167,"/kaggle/input/datasets/arafatrahmann/my-data221/Epic and CSCR hospital Dataset/Train/pituitary/Tr-pi_0991.jpg",3,pituitary,3,pituitary,0.0052494933,0.0065460838,0.0082821194,0.9799222946,0.40774433,0.59225566,0.00002091,0.00001405,3435
9169,"/kaggle/input/datasets/arafatrahmann/my-data221/Epic and CSCR hospital Dataset/Train/pituitary/Tr-pi_0993.jpg",3,pituitary,3,pituitary,0.0052931742,0.0062844804,0.0082824826,0.9801397324,0.50702910,0.49297092,0.00001617,0.00001653,3437
9172,"/kaggle/input/datasets/arafatrahmann/my-data221/Epic and CSCR hospital Dataset/Train/pituitary/Tr-pi_0996.jpg",3,pituitary,3,pituitary,0.0051461640,0.0067390064,0.0085646380,0.9795501828,0.54644795,0.45355206,0.00001109,0.00001324,2923
9177,"/kaggle/input/datasets/arafatrahmann/my-data221/Epic and CSCR hospital Dataset/Train/pituitary/Tr-pi_1001.jpg",3,pituitary,3,pituitary,0.0049779573,0.0061130016,0.0083781928,0.9805308580,0.38405100,0.61594900,0.00002095,0.00001386,2940
9178,"/kaggle/input/datasets/arafatrahmann/my-data221/Epic and CSCR hospital Dataset/Train/pituitary/Tr-pi_1002.jpg",3,pituitary,3,pituitary,0.0049181599,0.0062968819,0.0086903330,0.9800946116,0.38701459,0.61298541,0.00002270,0.00001299,2940
9179,"/kaggle/input/datasets/arafatrahmann/my-data221/Epic and CSCR hospital Dataset/Train/pituitary/Tr-pi_1003.jpg",3,pituitary,3,pituitary,0.0048695700,0.0062850155,0.0087422272,0.9801031351,0.43452123,0.56547876,0.00001754,0.00001383,2923
9184,"/kaggle/input/datasets/arafatrahmann/my-data221/Epic and CSCR hospital Dataset/Train/pituitary/Tr-pi_1008.jpg",3,pituitary,3,pituitary,0.0050078481,0.0088108117,0.0078887213,0.9782926440,0.35703252,0.64296748,0.00002369,0.00001267,3445
9191,"/kaggle/input/datasets/arafatrahmann/my-data221/Epic and CSCR hospital Dataset/Train/pituitary/Tr-pi_1015.jpg",3,pituitary,3,pituitary,0.0050215288,0.0086809499,0.0079434551,0.9783540964,0.43283716,0.56716283,0.00001823,0.00001540,3452
9196,"/kaggle/input/datasets/arafatrahmann/my-data221/Epic and CSCR hospital Dataset/Train/pituitary/Tr-pi_1020.jpg",3,pituitary,3,pituitary,0.0050197928,0.0083014145,0.0082701501,0.9784086943,0.31326646,0.68673355,0.00002141,0.00001058,3456
9203,"/kaggle/input/datasets/arafatrahmann/my-data221/Epic and CSCR hospital Dataset/Train/pituitary/Tr-pi_1027.jpg",3,pituitary,3,pituitary,0.0052528442,0.0063848691,0.0082963686,0.9800660014,0.48191335,0.51808667,0.00001568,0.00001432,2949
9204,"/kaggle/input/datasets/arafatrahmann/my-data221/Epic and CSCR hospital Dataset/Train/pituitary/Tr-pi_1028.jpg",3,pituitary,3,pituitary,0.0049892846,0.0059795952,0.0084500732,0.9805811048,0.34759038,0.65240961,0.00002188,0.00001183,2949
9206,"/kaggle/input/datasets/arafatrahmann/my-data221/Epic and CSCR hospital Dataset/Train/pituitary/Tr-pi_1030.jpg",3,pituitary,3,pituitary,0.0049012788,0.0059317481,0.0096374545,0.9795295000,0.45472962,0.54527037,0.00001879,0.00001553,3462
9211,"/kaggle/input/datasets/arafatrahmann/my-data221/Epic and CSCR hospital Dataset/Train/pituitary/Tr-pi_1035.jpg",3,pituitary,3,pituitary,0.0050678658,0.0062557929,0.0084312418,0.9802451134,0.41967913,0.58032087,0.00002388,0.00001394,3466
9221,"/kaggle/input/datasets/arafatrahmann/my-data221/Epic and CSCR hospital Dataset/Train/pituitary/Tr-pi_1047.jpg",3,pituitary,3,pituitary,0.0046660891,0.0055507673,0.0093635432,0.9804196358,0.36379346,0.63620656,0.00001947,0.00001119,3476
9223,"/kaggle/input/datasets/arafatrahmann/my-data221/Epic and CSCR hospital Dataset/Train/pituitary/Tr-pi_1049.jpg",3,pituitary,3,pituitary,0.0046134936,0.0053195097,0.0093488907,0.9807181358,0.34235229,0.65764771,0.00001866,0.00001107,3476
9225,"/kaggle/input/datasets/arafatrahmann/my-data221/Epic and CSCR hospital Dataset/Train/pituitary/Tr-pi_1052.jpg",3,pituitary,3,pituitary,0.0048938254,0.0059700874,0.0091779279,0.9799582362,0.48389654,0.51610344,0.00001650,0.00001447,3479
9229,"/kaggle/input/datasets/arafatrahmann/my-data221/Epic and CSCR hospital Dataset/Train/pituitary/Tr-pi_1056.jpg",3,pituitary,3,pituitary,0.0051179072,0.0063879304,0.0085673276,0.9799267650,0.42560776,0.57439224,0.00001900,0.00001353,3483
9240,"/kaggle/input/datasets/arafatrahmann/my-data221/Epic and CSCR hospital Dataset/Train/pituitary/Tr-pi_1067.jpg",3,pituitary,3,pituitary,0.0048241043,0.0108425841,0.0080975369,0.9762357473,0.34873782,0.65126219,0.00002999,0.00001652,3491
9241,"/kaggle/input/datasets/arafatrahmann/my-data221/Epic and CSCR hospital Dataset/Train/pituitary/Tr-pi_1068.jpg",3,pituitary,3,pituitary,0.0050010337,0.0111194858,0.0078036697,0.9760757685,0.42550956,0.57449043,0.00002188,0.00001771,3492
9246,"/kaggle/input/datasets/arafatrahmann/my-data221/Epic and CSCR hospital Dataset/Train/pituitary/Tr-pi_1073.jpg",3,pituitary,3,pituitary,0.0052051684,0.0065289973,0.0081139160,0.9801519513,0.46879817,0.53120184,0.00001886,0.00001672,3494
9252,"/kaggle/input/datasets/arafatrahmann/my-data221/Epic and CSCR hospital Dataset/Train/pituitary/Tr-pi_1079.jpg",3,pituitary,3,pituitary,0.0050462903,0.0072176149,0.0083662719,0.9793698192,0.43271068,0.56728931,0.00001514,0.00001207,3497
9274,"/kaggle/input/datasets/arafatrahmann/my-data221/Epic and CSCR hospital Dataset/Train/pituitary/Tr-pi_1103.jpg",3,pituitary,3,pituitary,0.0050955173,0.0060836310,0.0084295366,0.9803913832,0.40964076,0.59035923,0.00002025,0.00001303,3509
9278,"/kaggle/input/datasets/arafatrahmann/my-data221/Epic and CSCR hospital Dataset/Train/pituitary/Tr-pi_1107.jpg",3,pituitary,3,pituitary,0.0051792124,0.0065363036,0.0084619215,0.9798225164,0.40826849,0.59173152,0.00002126,0.00001492,3513
9285,"/kaggle/input/datasets/arafatrahmann/my-data221/Epic and CSCR hospital Dataset/Train/pituitary/Tr-pi_1116.jpg",3,pituitary,3,pituitary,0.0047979415,0.0068681054,0.0091707362,0.9791631699,0.41634283,0.58365717,0.00001856,0.00001437,3520
9287,"/kaggle/input/datasets/arafatrahmann/my-data221/Epic and CSCR hospital Dataset/Train/pituitary/Tr-pi_1118.jpg",3,pituitary,3,pituitary,0.0048378389,0.0062318668,0.0084957937,0.9804345369,0.34778714,0.65221286,0.00001886,0.00001005,2971
9288,"/kaggle/input/datasets/arafatrahmann/my-data221/Epic and CSCR hospital Dataset/Train/pituitary/Tr-pi_1119.jpg",3,pituitary,3,pituitary,0.0051742583,0.0094759427,0.0078556659,0.9774941206,0.53956200,0.46043800,0.00001418,0.00001774,2971
9293,"/kaggle/input/datasets/arafatrahmann/my-data221/Epic and CSCR hospital Dataset/Train/pituitary/Tr-pi_1126.jpg",3,pituitary,3,pituitary,0.0051223417,0.0069374247,0.0080527924,0.9798873663,0.48883518,0.51116481,0.00001217,0.00001124,3526
9295,"/kaggle/input/datasets/arafatrahmann/my-data221/Epic and CSCR hospital Dataset/Train/pituitary/Tr-pi_1128.jpg",3,pituitary,3,pituitary,0.0048034717,0.0064982874,0.0083451672,0.9803530574,0.41827926,0.58172075,0.00001820,0.00001220,3528
9308,"/kaggle/input/datasets/arafatrahmann/my-data221/Epic and CSCR hospital Dataset/Train/pituitary/Tr-pi_1141.jpg",3,pituitary,3,pituitary,0.0051985844,0.0100560216,0.0074668815,0.9772785306,0.45509149,0.54490852,0.00002145,0.00001988,3539
9309,"/kaggle/input/datasets/arafatrahmann/my-data221/Epic and CSCR hospital Dataset/Train/pituitary/Tr-pi_1142.jpg",3,pituitary,3,pituitary,0.0050154859,0.0082304832,0.0078165745,0.9789374471,0.43282412,0.56717587,0.00002319,0.00001879,3539
9310,"/kaggle/input/datasets/arafatrahmann/my-data221/Epic and CSCR hospital Dataset/Train/pituitary/Tr-pi_1143.jpg",3,pituitary,3,pituitary,0.0053264308,0.0066316710,0.0080574434,0.9799844623,0.47420316,0.52579682,0.00001544,0.00001444,3540
9315,"/kaggle/input/datasets/arafatrahmann/my-data221/Epic and CSCR hospital Dataset/Train/pituitary/Tr-pi_1148.jpg",3,pituitary,3,pituitary,0.0050859409,0.0057632751,0.0086137103,0.9805370569,0.39123572,0.60876429,0.00001979,0.00001139,3544
9325,"/kaggle/input/datasets/arafatrahmann/my-data221/Epic and CSCR hospital Dataset/Train/pituitary/Tr-pi_1158.jpg",3,pituitary,3,pituitary,0.0052366881,0.0065494501,0.0082715033,0.9799424410,0.44264892,0.55735106,0.00001582,0.00001246,3549
9327,"/kaggle/input/datasets/arafatrahmann/my-data221/Epic and CSCR hospital Dataset/Train/pituitary/Tr-pi_1160.jpg",3,pituitary,3,pituitary,0.0054460596,0.0088251103,0.0078352671,0.9778936505,0.55114160,0.44885840,0.00001754,0.00002026,3551
9338,"/kaggle/input/datasets/arafatrahmann/my-data221/Epic and CSCR hospital Dataset/Train/pituitary/Tr-pi_1171.jpg",3,pituitary,3,pituitary,0.0050610667,0.0106014293,0.0076268315,0.9767106771,0.50052526,0.49947473,0.00001823,0.00001840,2764
9339,"/kaggle/input/datasets/arafatrahmann/my-data221/Epic and CSCR hospital Dataset/Train/pituitary/Tr-pi_1172.jpg",3,pituitary,3,pituitary,0.0049927318,0.0095520839,0.0076743336,0.9777809381,0.43205144,0.56794858,0.00002021,0.00001455,2764
9340,"/kaggle/input/datasets/arafatrahmann/my-data221/Epic and CSCR hospital Dataset/Train/pituitary/Tr-pi_1173.jpg",3,pituitary,3,pituitary,0.0051396652,0.0095147900,0.0076755197,0.9776700139,0.49204740,0.50795258,0.00001833,0.00001753,2764
9345,"/kaggle/input/datasets/arafatrahmann/my-data221/Epic and CSCR hospital Dataset/Train/pituitary/Tr-pi_1178.jpg",3,pituitary,3,pituitary,0.0054961713,0.0089317504,0.0074498802,0.9781221151,0.48385583,0.51614418,0.00001703,0.00001467,2764
9346,"/kaggle/input/datasets/arafatrahmann/my-data221/Epic and CSCR hospital Dataset/Train/pituitary/Tr-pi_1179.jpg",3,pituitary,3,pituitary,0.0051734811,0.0077733202,0.0075788908,0.9794743657,0.39977677,0.60022323,0.00001937,0.00001364,2764
9360,"/kaggle/input/datasets/arafatrahmann/my-data221/Epic and CSCR hospital Dataset/Train/pituitary/Tr-pi_1193.jpg",3,pituitary,3,pituitary,0.0050540562,0.0060255034,0.0083001973,0.9806202054,0.39415422,0.60584578,0.00001946,0.00001371,2743
9361,"/kaggle/input/datasets/arafatrahmann/my-data221/Epic and CSCR hospital Dataset/Train/pituitary/Tr-pi_1194.jpg",3,pituitary,3,pituitary,0.0051430683,0.0063273124,0.0082543986,0.9802752733,0.39029236,0.60970762,0.00002033,0.00001187,2743
9363,"/kaggle/input/datasets/arafatrahmann/my-data221/Epic and CSCR hospital Dataset/Train/pituitary/Tr-pi_1196.jpg",3,pituitary,3,pituitary,0.0054035326,0.0158072840,0.0074304403,0.9713586569,0.54057236,0.45942764,0.00002759,0.00003007,3566
9365,"/kaggle/input/datasets/arafatrahmann/my-data221/Epic and CSCR hospital Dataset/Train/pituitary/Tr-pi_1198.jpg",3,pituitary,3,pituitary,0.0052676518,0.0093186060,0.0074988208,0.9779149294,0.43588581,0.56411418,0.00001732,0.00001427,3568
9366,"/kaggle/input/datasets/arafatrahmann/my-data221/Epic and CSCR hospital Dataset/Train/pituitary/Tr-pi_1199.jpg",3,pituitary,3,pituitary,0.0052474504,0.0109186266,0.0076532839,0.9761806726,0.47167055,0.52832945,0.00002005,0.00002022,3566
9373,"/kaggle/input/datasets/arafatrahmann/my-data221/Epic and CSCR hospital Dataset/Train/pituitary/Tr-pi_1206.jpg",3,pituitary,3,pituitary,0.0049731946,0.0059236707,0.0087583987,0.9803447723,0.35171143,0.64828856,0.00002067,0.00001299,3575
9375,"/kaggle/input/datasets/arafatrahmann/my-data221/Epic and CSCR hospital Dataset/Train/pituitary/Tr-pi_1208.jpg",3,pituitary,3,pituitary,0.0052382881,0.0064605214,0.0083989827,0.9799021482,0.47130717,0.52869284,0.00001748,0.00001470,3577
9382,"/kaggle/input/datasets/arafatrahmann/my-data221/Epic and CSCR hospital Dataset/Train/pituitary/Tr-pi_1215.jpg",3,pituitary,3,pituitary,0.0050829914,0.0065386803,0.0084344186,0.9799439311,0.33789169,0.66210832,0.00002279,0.00001227,3583
9387,"/kaggle/input/datasets/arafatrahmann/my-data221/Epic and CSCR hospital Dataset/Train/pituitary/Tr-pi_1220.jpg",3,pituitary,3,pituitary,0.0052262368,0.0061349003,0.0085350126,0.9801038504,0.48688998,0.51311002,0.00001532,0.00001385,3587
9390,"/kaggle/input/datasets/arafatrahmann/my-data221/Epic and CSCR hospital Dataset/Train/pituitary/Tr-pi_1223.jpg",3,pituitary,3,pituitary,0.0053501083,0.0064978348,0.0083451290,0.9798069000,0.47839773,0.52160227,0.00001448,0.00001283,3590
9392,"/kaggle/input/datasets/arafatrahmann/my-data221/Epic and CSCR hospital Dataset/Train/pituitary/Tr-pi_1225.jpg",3,pituitary,3,pituitary,0.0050278762,0.0062217307,0.0087130377,0.9800373912,0.34440881,0.65559119,0.00002114,0.00001135,3592
9397,"/kaggle/input/datasets/arafatrahmann/my-data221/Epic and CSCR hospital Dataset/Train/pituitary/Tr-pi_1230.jpg",3,pituitary,3,pituitary,0.0052068764,0.0069246083,0.0082117496,0.9796566963,0.43072508,0.56927491,0.00001939,0.00001435,3597
9408,"/kaggle/input/datasets/arafatrahmann/my-data221/Epic and CSCR hospital Dataset/Train/pituitary/Tr-pi_1241.jpg",3,pituitary,3,pituitary,0.0050997655,0.0067151687,0.0082600154,0.9799250364,0.44084722,0.55915277,0.00002112,0.00001650,3604
9409,"/kaggle/input/datasets/arafatrahmann/my-data221/Epic and CSCR hospital Dataset/Train/pituitary/Tr-pi_1242.jpg",3,pituitary,3,pituitary,0.0050984290,0.0064409436,0.0080376202,0.9804229736,0.36940662,0.63059338,0.00001614,0.00001015,3604
9410,"/kaggle/input/datasets/arafatrahmann/my-data221/Epic and CSCR hospital Dataset/Train/pituitary/Tr-pi_1243.jpg",3,pituitary,3,pituitary,0.0051401034,0.0073006721,0.0082600331,0.9792992473,0.46495790,0.53504210,0.00001835,0.00001552,3604
9411,"/kaggle/input/datasets/arafatrahmann/my-data221/Epic and CSCR hospital Dataset/Train/pituitary/Tr-pi_1244.jpg",3,pituitary,3,pituitary,0.0050566709,0.0066521680,0.0085753249,0.9797159433,0.47202839,0.52797161,0.00001657,0.00001392,3605
9420,"/kaggle/input/datasets/arafatrahmann/my-data221/Epic and CSCR hospital Dataset/Train/pituitary/Tr-pi_1253.jpg",3,pituitary,3,pituitary,0.0050275768,0.0059261164,0.0085427733,0.9805035591,0.33056509,0.66943491,0.00002284,0.00001086,3612
9431,"/kaggle/input/datasets/arafatrahmann/my-data221/Epic and CSCR hospital Dataset/Train/pituitary/Tr-pi_1271.jpg",3,pituitary,3,pituitary,0.0050065550,0.0062503279,0.0085690571,0.9801740646,0.41442532,0.58557466,0.00001781,0.00001236,3619
9433,"/kaggle/input/datasets/arafatrahmann/my-data221/Epic and CSCR hospital Dataset/Train/pituitary/Tr-pi_1273.jpg",3,pituitary,3,pituitary,0.0055986657,0.0076869852,0.0079203742,0.9787939787,0.55205875,0.44794125,0.00001211,0.00001605,3620
9443,"/kaggle/input/datasets/arafatrahmann/my-data221/Epic and CSCR hospital Dataset/Train/pituitary/Tr-pi_1294.jpg",3,pituitary,3,pituitary,0.0048780851,0.0074378788,0.0084952014,0.9791887999,0.43896455,0.56103547,0.00001802,0.00001460,3629
9448,"/kaggle/input/datasets/arafatrahmann/my-data221/Epic and CSCR hospital Dataset/Train/pituitary/Tr-pi_1299.jpg",3,pituitary,3,pituitary,0.0050270138,0.0066242539,0.0084162494,0.9799324870,0.40856260,0.59143741,0.00002071,0.00001413,3633
9449,"/kaggle/input/datasets/arafatrahmann/my-data221/Epic and CSCR hospital Dataset/Train/pituitary/Tr-pi_1300.jpg",3,pituitary,3,pituitary,0.0050368328,0.0065348274,0.0085827578,0.9798456430,0.47733260,0.52266741,0.00001513,0.00001351,3633
9450,"/kaggle/input/datasets/arafatrahmann/my-data221/Epic and CSCR hospital Dataset/Train/pituitary/Tr-pi_1301.jpg",3,pituitary,3,pituitary,0.0050235861,0.0065948716,0.0086255316,0.9797559977,0.36215356,0.63784645,0.00002372,0.00001371,3633
9451,"/kaggle/input/datasets/arafatrahmann/my-data221/Epic and CSCR hospital Dataset/Train/pituitary/Tr-pi_1302.jpg",3,pituitary,3,pituitary,0.0050466126,0.0066313185,0.0085442327,0.9797779322,0.41068383,0.58931617,0.00001737,0.00001313,3633
9452,"/kaggle/input/datasets/arafatrahmann/my-data221/Epic and CSCR hospital Dataset/Train/pituitary/Tr-pi_1303.jpg",3,pituitary,3,pituitary,0.0048857457,0.0061012544,0.0086369449,0.9803759456,0.39570119,0.60429880,0.00001707,0.00001205,3633
9459,"/kaggle/input/datasets/arafatrahmann/my-data221/Epic and CSCR hospital Dataset/Train/pituitary/Tr-pi_1310.jpg",3,pituitary,3,pituitary,0.0047063408,0.0068491609,0.0090545863,0.9793899655,0.31671307,0.68328693,0.00002564,0.00001210,3638
9463,"/kaggle/input/datasets/arafatrahmann/my-data221/Epic and CSCR hospital Dataset/Train/pituitary/Tr-pi_1315.jpg",3,pituitary,3,pituitary,0.0052365116,0.0073051201,0.0080604162,0.9793979526,0.46317414,0.53682587,0.00001809,0.00001472,3642
9466,"/kaggle/input/datasets/arafatrahmann/my-data221/Epic and CSCR hospital Dataset/Train/pituitary/Tr-pi_1320.jpg",3,pituitary,3,pituitary,0.0050731255,0.0064738961,0.0084625427,0.9799904823,0.40695103,0.59304899,0.00001786,0.00001205,3645
9468,"/kaggle/input/datasets/arafatrahmann/my-data221/Epic and CSCR hospital Dataset/Train/pituitary/Tr-pi_1323.jpg",3,pituitary,3,pituitary,0.0049967677,0.0063112392,0.0083522741,0.9803397059,0.35683478,0.64316522,0.00002081,0.00001190,3647
9477,"/kaggle/input/datasets/arafatrahmann/my-data221/Epic and CSCR hospital Dataset/Train/pituitary/Tr-pi_1336.jpg",3,pituitary,3,pituitary,0.0050789476,0.0070185908,0.0082751103,0.9796274304,0.39185367,0.60814633,0.00002033,0.00001298,3654
9486,"/kaggle/input/datasets/arafatrahmann/my-data221/Epic and CSCR hospital Dataset/Train/pituitary/Tr-pi_1347.jpg",3,pituitary,3,pituitary,0.0051545920,0.0064078653,0.0083593084,0.9800783396,0.44548562,0.55451438,0.00002380,0.00001821,3663
9491,"/kaggle/input/datasets/arafatrahmann/my-data221/Epic and CSCR hospital Dataset/Train/pituitary/Tr-pi_1354.jpg",3,pituitary,3,pituitary,0.0048911190,0.0057753539,0.0086836796,0.9806498289,0.32623944,0.67376055,0.00002193,0.00001108,3668
9492,"/kaggle/input/datasets/arafatrahmann/my-data221/Epic and CSCR hospital Dataset/Train/pituitary/Tr-pi_1355.jpg",3,pituitary,3,pituitary,0.0050754179,0.0062393979,0.0085444022,0.9801408052,0.47901935,0.52098068,0.00001315,0.00001253,3669
9500,"/kaggle/input/datasets/arafatrahmann/my-data221/Epic and CSCR hospital Dataset/Train/pituitary/Tr-pi_1364.jpg",3,pituitary,3,pituitary,0.0049483790,0.0055450895,0.0089919986,0.9805145264,0.38592269,0.61407729,0.00001932,0.00001294,3675
9503,"/kaggle/input/datasets/arafatrahmann/my-data221/Epic and CSCR hospital Dataset/Train/pituitary/Tr-pi_1368.jpg",3,pituitary,3,pituitary,0.0053058383,0.0071568796,0.0078226095,0.9797147512,0.43606713,0.56393288,0.00001928,0.00001474,3677
9516,"/kaggle/input/datasets/arafatrahmann/my-data221/Epic and CSCR hospital Dataset/Train/pituitary/Tr-pi_1394.jpg",3,pituitary,3,pituitary,0.0046209358,0.0052413591,0.0099078435,0.9802299738,0.31037549,0.68962450,0.00002155,0.00001053,3684
9522,"/kaggle/input/datasets/arafatrahmann/my-data221/Epic and CSCR hospital Dataset/Train/pituitary/Tr-pi_1402.jpg",3,pituitary,3,pituitary,0.0049260166,0.0059448262,0.0088592349,0.9802699089,0.36649003,0.63350995,0.00001879,0.00001166,3688
9524,"/kaggle/input/datasets/arafatrahmann/my-data221/Epic and CSCR hospital Dataset/Train/pituitary/Tr-pi_1404.jpg",3,pituitary,3,pituitary,0.0049607703,0.0058010397,0.0090673175,0.9801708460,0.34365713,0.65634286,0.00003615,0.00001004,3688
9532,"/kaggle/input/datasets/arafatrahmann/my-data221/Epic and CSCR hospital Dataset/Train/pituitary/p (481).jpg",3,pituitary,3,pituitary,0.0054660579,0.0075198426,0.0079762973,0.9790377617,0.49317194,0.50682807,0.00001490,0.00001435,3188
9544,"/kaggle/input/datasets/arafatrahmann/my-data221/Epic and CSCR hospital Dataset/Train/pituitary/p (493).jpg",3,pituitary,3,pituitary,0.0053385878,0.0123967929,0.0072603123,0.9750043154,0.43000906,0.56999094,0.00002935,0.00002455,3201
9545,"/kaggle/input/datasets/arafatrahmann/my-data221/Epic and CSCR hospital Dataset/Train/pituitary/p (494).jpg",3,pituitary,3,pituitary,0.0054084226,0.0096474616,0.0075866184,0.9773575068,0.45506291,0.54493709,0.00002833,0.00002151,3201
9546,"/kaggle/input/datasets/arafatrahmann/my-data221/Epic and CSCR hospital Dataset/Train/pituitary/p (495).jpg",3,pituitary,3,pituitary,0.0054198042,0.0082300650,0.0077036871,0.9786464572,0.48170646,0.51829353,0.00001892,0.00001760,3201
9547,"/kaggle/input/datasets/arafatrahmann/my-data221/Epic and CSCR hospital Dataset/Train/pituitary/p (496).jpg",3,pituitary,3,pituitary,0.0053148768,0.0079642478,0.0077789328,0.9789419174,0.47951730,0.52048269,0.00001812,0.00001652,3201
9550,"/kaggle/input/datasets/arafatrahmann/my-data221/Epic and CSCR hospital Dataset/Train/pituitary/p (499).jpg",3,pituitary,3,pituitary,0.0050047254,0.0058382428,0.0087617394,0.9803953171,0.37187990,0.62812011,0.00002139,0.00001286,3204
9557,"/kaggle/input/datasets/arafatrahmann/my-data221/Epic and CSCR hospital Dataset/Train/pituitary/p (506).jpg",3,pituitary,3,pituitary,0.0051238043,0.0066304160,0.0084497510,0.9797960520,0.42631024,0.57368975,0.00002518,0.00001772,3211
9561,"/kaggle/input/datasets/arafatrahmann/my-data221/Epic and CSCR hospital Dataset/Train/pituitary/p (510).jpg",3,pituitary,3,pituitary,0.0051343404,0.0061124018,0.0085664010,0.9801868200,0.40283799,0.59716202,0.00002575,0.00001224,3215
9563,"/kaggle/input/datasets/arafatrahmann/my-data221/Epic and CSCR hospital Dataset/Train/pituitary/p (512).jpg",3,pituitary,3,pituitary,0.0050580446,0.0058187679,0.0087483274,0.9803748131,0.44699049,0.55300950,0.00001511,0.00001310,3217
9564,"/kaggle/input/datasets/arafatrahmann/my-data221/Epic and CSCR hospital Dataset/Train/pituitary/p (513).jpg",3,pituitary,3,pituitary,0.0050339811,0.0058433474,0.0083922315,0.9807303548,0.40986800,0.59013200,0.00001607,0.00001133,3218
9573,"/kaggle/input/datasets/arafatrahmann/my-data221/Epic and CSCR hospital Dataset/Train/pituitary/p (522).jpg",3,pituitary,3,pituitary,0.0052243513,0.0066405805,0.0080811866,0.9800537825,0.43521962,0.56478040,0.00001647,0.00001145,3225
9574,"/kaggle/input/datasets/arafatrahmann/my-data221/Epic and CSCR hospital Dataset/Train/pituitary/p (523).jpg",3,pituitary,3,pituitary,0.0050426843,0.0060079684,0.0082329344,0.9807164073,0.34297938,0.65702064,0.00001919,0.00001033,3225
9575,"/kaggle/input/datasets/arafatrahmann/my-data221/Epic and CSCR hospital Dataset/Train/pituitary/p (524).jpg",3,pituitary,3,pituitary,0.0051221675,0.0060529201,0.0082295416,0.9805954099,0.44124513,0.55875487,0.00001609,0.00001302,3225
9581,"/kaggle/input/datasets/arafatrahmann/my-data221/Epic and CSCR hospital Dataset/Train/pituitary/p (530).jpg",3,pituitary,3,pituitary,0.0052108993,0.0062604360,0.0083135460,0.9802151918,0.46268354,0.53731646,0.00001892,0.00001523,3231
9585,"/kaggle/input/datasets/arafatrahmann/my-data221/Epic and CSCR hospital Dataset/Train/pituitary/p (534).jpg",3,pituitary,3,pituitary,0.0052815294,0.0086845718,0.0074050711,0.9786288142,0.46042583,0.53957416,0.00001591,0.00001405,3235
9590,"/kaggle/input/datasets/arafatrahmann/my-data221/Epic and CSCR hospital Dataset/Train/pituitary/p (539).jpg",3,pituitary,3,pituitary,0.0053744693,0.0088050812,0.0081180641,0.9777023196,0.51900490,0.48099511,0.00001745,0.00001768,3240
9593,"/kaggle/input/datasets/arafatrahmann/my-data221/Epic and CSCR hospital Dataset/Train/pituitary/p (542).jpg",3,pituitary,3,pituitary,0.0053713336,0.0060277604,0.0079939431,0.9806069136,0.44822390,0.55177610,0.00001547,0.00001388,3243
9594,"/kaggle/input/datasets/arafatrahmann/my-data221/Epic and CSCR hospital Dataset/Train/pituitary/p (543).jpg",3,pituitary,3,pituitary,0.0049980129,0.0062177507,0.0084596574,0.9803245664,0.36276372,0.63723628,0.00002446,0.00001313,3244
9601,"/kaggle/input/datasets/arafatrahmann/my-data221/Epic and CSCR hospital Dataset/Train/pituitary/p (550).jpg",3,pituitary,3,pituitary,0.0052407412,0.0080893226,0.0080980165,0.9785718918,0.39258478,0.60741520,0.00002518,0.00001428,3251
9609,"/kaggle/input/datasets/arafatrahmann/my-data221/Epic and CSCR hospital Dataset/Train/pituitary/p (558).jpg",3,pituitary,3,pituitary,0.0049196132,0.0071613677,0.0081679150,0.9797511101,0.37944644,0.62055357,0.00001842,0.00001248,3258
9610,"/kaggle/input/datasets/arafatrahmann/my-data221/Epic and CSCR hospital Dataset/Train/pituitary/p (559).jpg",3,pituitary,3,pituitary,0.0048565008,0.0091118878,0.0079266643,0.9781049490,0.44477350,0.55522651,0.00001584,0.00001301,3258
9611,"/kaggle/input/datasets/arafatrahmann/my-data221/Epic and CSCR hospital Dataset/Train/pituitary/p (560).jpg",3,pituitary,3,pituitary,0.0049617710,0.0063674576,0.0085596675,0.9801111221,0.38551490,0.61448510,0.00002591,0.00001363,3260
9612,"/kaggle/input/datasets/arafatrahmann/my-data221/Epic and CSCR hospital Dataset/Train/pituitary/p (561).jpg",3,pituitary,3,pituitary,0.0048425919,0.0060436758,0.0088809682,0.9802327156,0.43579884,0.56420116,0.00001706,0.00001262,3696
9615,"/kaggle/input/datasets/arafatrahmann/my-data221/Epic and CSCR hospital Dataset/Train/pituitary/p (564).jpg",3,pituitary,1,meningioma,0.0076434212,0.9773429036,0.0082680285,0.0067455294,0.08976198,0.91023802,0.00029252,0.00000867,2029
9632,"/kaggle/input/datasets/arafatrahmann/my-data221/Epic and CSCR hospital Dataset/Train/pituitary/p (592).jpg",3,pituitary,3,pituitary,0.0049057999,0.0064806766,0.0085451696,0.9800683260,0.41537947,0.58462052,0.00001448,0.00001074,3275
9633,"/kaggle/input/datasets/arafatrahmann/my-data221/Epic and CSCR hospital Dataset/Train/pituitary/p (593).jpg",3,pituitary,3,pituitary,0.0050163371,0.0069711916,0.0082723647,0.9797400236,0.46131874,0.53868128,0.00001785,0.00001638,3275
9634,"/kaggle/input/datasets/arafatrahmann/my-data221/Epic and CSCR hospital Dataset/Train/pituitary/p (594).jpg",3,pituitary,3,pituitary,0.0049240794,0.0064417482,0.0082938280,0.9803403020,0.42638542,0.57361458,0.00001609,0.00001314,3275
9639,"/kaggle/input/datasets/arafatrahmann/my-data221/Epic and CSCR hospital Dataset/Train/pituitary/p (599).jpg",3,pituitary,3,pituitary,0.0052304897,0.0087759225,0.0076924218,0.9783011675,0.57272541,0.42727457,0.00001409,0.00001751,3279
9640,"/kaggle/input/datasets/arafatrahmann/my-data221/Epic and CSCR hospital Dataset/Train/pituitary/p (600).jpg",3,pituitary,3,pituitary,0.0051435023,0.0083339363,0.0078664776,0.9786561131,0.50427703,0.49572296,0.00001718,0.00001516,3279
9650,"/kaggle/input/datasets/arafatrahmann/my-data221/Epic and CSCR hospital Dataset/Test/glioma/1049.jpg",0,glioma,0,glioma,0.9798908234,0.0065182573,0.0072483951,0.0063424916,0.08474734,0.91525265,0.00015347,0.00000641,672
9653,"/kaggle/input/datasets/arafatrahmann/my-data221/Epic and CSCR hospital Dataset/Test/glioma/1052.jpg",0,glioma,0,glioma,0.9805461764,0.0058746128,0.0073994524,0.0061798333,0.11077901,0.88922098,0.00013916,0.00000590,446
9657,"/kaggle/input/datasets/arafatrahmann/my-data221/Epic and CSCR hospital Dataset/Test/glioma/1089.jpg",0,glioma,0,glioma,0.9807760119,0.0059385044,0.0068458035,0.0064396472,0.08526051,0.91473948,0.00015599,0.00000652,626
9662,"/kaggle/input/datasets/arafatrahmann/my-data221/Epic and CSCR hospital Dataset/Test/glioma/1094.jpg",0,glioma,0,glioma,0.9801347852,0.0063794344,0.0071057184,0.0063800490,0.08914000,0.91086000,0.00016825,0.00000579,672
9668,"/kaggle/input/datasets/arafatrahmann/my-data221/Epic and CSCR hospital Dataset/Test/glioma/1100.jpg",0,glioma,0,glioma,0.9803460240,0.0057006823,0.0074788332,0.0064745126,0.07814964,0.92185037,0.00021391,0.00000548,70
9669,"/kaggle/input/datasets/arafatrahmann/my-data221/Epic and CSCR hospital Dataset/Test/glioma/1101.jpg",0,glioma,0,glioma,0.9807581902,0.0059546907,0.0069433535,0.0063438201,0.08791116,0.91208883,0.00013192,0.00000577,21
9670,"/kaggle/input/datasets/arafatrahmann/my-data221/Epic and CSCR hospital Dataset/Test/glioma/1102.jpg",0,glioma,0,glioma,0.9806335568,0.0059244516,0.0069948421,0.0064471578,0.10801262,0.89198738,0.00011264,0.00000577,663
9681,"/kaggle/input/datasets/arafatrahmann/my-data221/Epic and CSCR hospital Dataset/Test/glioma/1113.jpg",0,glioma,0,glioma,0.9804822803,0.0062392312,0.0072086104,0.0060698809,0.09058383,0.90941618,0.00012365,0.00000671,585
9682,"/kaggle/input/datasets/arafatrahmann/my-data221/Epic and CSCR hospital Dataset/Test/glioma/1114.jpg",0,glioma,0,glioma,0.9806793928,0.0059000356,0.0069658002,0.0064547076,0.11999011,0.88000991,0.00011135,0.00000610,3703
9683,"/kaggle/input/datasets/arafatrahmann/my-data221/Epic and CSCR hospital Dataset/Test/glioma/1115.jpg",0,glioma,0,glioma,0.9799156189,0.0060556186,0.0072587086,0.0067700660,0.10556780,0.89443220,0.00011249,0.00000761,61
9684,"/kaggle/input/datasets/arafatrahmann/my-data221/Epic and CSCR hospital Dataset/Test/glioma/1116.jpg",0,glioma,0,glioma,0.9813472629,0.0055125304,0.0070640468,0.0060761473,0.13327631,0.86672369,0.00010372,0.00000589,860
9690,"/kaggle/input/datasets/arafatrahmann/my-data221/Epic and CSCR hospital Dataset/Test/glioma/1122.jpg",0,glioma,0,glioma,0.9805262685,0.0057396954,0.0071435184,0.0065905871,0.09252242,0.90747758,0.00012787,0.00000604,372
9696,"/kaggle/input/datasets/arafatrahmann/my-data221/Epic and CSCR hospital Dataset/Test/glioma/1128.jpg",0,glioma,0,glioma,0.9783704877,0.0059201717,0.0072786538,0.0084307771,0.09091792,0.90908208,0.00013607,0.00000641,925
9702,"/kaggle/input/datasets/arafatrahmann/my-data221/Epic and CSCR hospital Dataset/Test/glioma/1134.jpg",0,glioma,0,glioma,0.9804064035,0.0058472878,0.0069797495,0.0067665838,0.08495394,0.91504607,0.00017409,0.00000611,834
9709,"/kaggle/input/datasets/arafatrahmann/my-data221/Epic and CSCR hospital Dataset/Test/glioma/1141.jpg",0,glioma,0,glioma,0.9807881117,0.0057520969,0.0069626332,0.0064971321,0.10315607,0.89684391,0.00010807,0.00000754,691
9718,"/kaggle/input/datasets/arafatrahmann/my-data221/Epic and CSCR hospital Dataset/Test/glioma/1150.jpg",0,glioma,0,glioma,0.9776750803,0.0092308642,0.0067582340,0.0063357712,0.08722045,0.91277955,0.00022953,0.00000673,712
9721,"/kaggle/input/datasets/arafatrahmann/my-data221/Epic and CSCR hospital Dataset/Test/glioma/1153.jpg",0,glioma,0,glioma,0.9809666872,0.0054777525,0.0069384128,0.0066171521,0.09381904,0.90618095,0.00012751,0.00000551,3709
9722,"/kaggle/input/datasets/arafatrahmann/my-data221/Epic and CSCR hospital Dataset/Test/glioma/1154.jpg",0,glioma,0,glioma,0.9808772206,0.0052373470,0.0073936293,0.0064918222,0.08897366,0.91102632,0.00014293,0.00000702,921
9723,"/kaggle/input/datasets/arafatrahmann/my-data221/Epic and CSCR hospital Dataset/Test/glioma/1155.jpg",0,glioma,0,glioma,0.9812400937,0.0056384099,0.0069053536,0.0062160529,0.11802573,0.88197429,0.00011135,0.00000625,704
9727,"/kaggle/input/datasets/arafatrahmann/my-data221/Epic and CSCR hospital Dataset/Test/glioma/1159.jpg",0,glioma,0,glioma,0.9802964926,0.0057435604,0.0072293095,0.0067306189,0.09874710,0.90125291,0.00013480,0.00000638,124
9735,"/kaggle/input/datasets/arafatrahmann/my-data221/Epic and CSCR hospital Dataset/Test/glioma/1167.jpg",0,glioma,0,glioma,0.9806258082,0.0059629427,0.0070818737,0.0063293590,0.09905410,0.90094591,0.00019515,0.00000746,302
9744,"/kaggle/input/datasets/arafatrahmann/my-data221/Epic and CSCR hospital Dataset/Test/glioma/1176.jpg",0,glioma,0,glioma,0.9665886760,0.0071177697,0.0218974836,0.0043960437,0.10454984,0.89545017,0.00041626,0.00002178,277
9750,"/kaggle/input/datasets/arafatrahmann/my-data221/Epic and CSCR hospital Dataset/Test/glioma/1182.jpg",0,glioma,0,glioma,0.9805699587,0.0058960156,0.0070587480,0.0064754137,0.08972372,0.91027629,0.00012499,0.00000633,291
9756,"/kaggle/input/datasets/arafatrahmann/my-data221/Epic and CSCR hospital Dataset/Test/glioma/1188.jpg",0,glioma,0,glioma,0.9804828763,0.0060696704,0.0070901811,0.0063573360,0.08441926,0.91558074,0.00014051,0.00000582,455
9758,"/kaggle/input/datasets/arafatrahmann/my-data221/Epic and CSCR hospital Dataset/Test/glioma/1190.jpg",0,glioma,0,glioma,0.9803286791,0.0058834823,0.0069773584,0.0068104654,0.10360814,0.89639186,0.00012711,0.00000702,61
9759,"/kaggle/input/datasets/arafatrahmann/my-data221/Epic and CSCR hospital Dataset/Test/glioma/1191.jpg",0,glioma,0,glioma,0.9804413915,0.0060609402,0.0069691325,0.0065285796,0.08237662,0.91762336,0.00015973,0.00000553,354
9774,"/kaggle/input/datasets/arafatrahmann/my-data221/Epic and CSCR hospital Dataset/Test/glioma/1206.jpg",0,glioma,0,glioma,0.9805334806,0.0060334979,0.0071550244,0.0062779062,0.10094741,0.89905260,0.00014904,0.00000648,603
9782,"/kaggle/input/datasets/arafatrahmann/my-data221/Epic and CSCR hospital Dataset/Test/glioma/1214.jpg",0,glioma,0,glioma,0.9801974297,0.0058638882,0.0078318827,0.0061067874,0.08787636,0.91212363,0.00016938,0.00000779,1099
9785,"/kaggle/input/datasets/arafatrahmann/my-data221/Epic and CSCR hospital Dataset/Test/glioma/1217.jpg",0,glioma,0,glioma,0.9801970720,0.0059000850,0.0071231155,0.0067796977,0.08486000,0.91514001,0.00021700,0.00000546,124
9786,"/kaggle/input/datasets/arafatrahmann/my-data221/Epic and CSCR hospital Dataset/Test/glioma/1218.jpg",0,glioma,0,glioma,0.9806177020,0.0059775459,0.0073041925,0.0061006076,0.08620433,0.91379566,0.00016044,0.00000701,3718
9797,"/kaggle/input/datasets/arafatrahmann/my-data221/Epic and CSCR hospital Dataset/Test/glioma/1229.jpg",0,glioma,0,glioma,0.9803814888,0.0062115565,0.0071080932,0.0062988661,0.08583833,0.91416166,0.00016605,0.00000702,531
9804,"/kaggle/input/datasets/arafatrahmann/my-data221/Epic and CSCR hospital Dataset/Test/glioma/1236.jpg",0,glioma,0,glioma,0.9803876877,0.0059150225,0.0071097659,0.0065875696,0.08714963,0.91285038,0.00014482,0.00000655,3721
9807,"/kaggle/input/datasets/arafatrahmann/my-data221/Epic and CSCR hospital Dataset/Test/glioma/1239.jpg",0,glioma,0,glioma,0.9809538722,0.0053442139,0.0072403410,0.0064615412,0.08513741,0.91486259,0.00014882,0.00000526,866
9816,"/kaggle/input/datasets/arafatrahmann/my-data221/Epic and CSCR hospital Dataset/Test/glioma/1248.jpg",0,glioma,0,glioma,0.9804402590,0.0056290519,0.0074734413,0.0064572715,0.08852070,0.91147930,0.00015009,0.00000506,3726
9819,"/kaggle/input/datasets/arafatrahmann/my-data221/Epic and CSCR hospital Dataset/Test/glioma/1251.jpg",0,glioma,0,glioma,0.9806593060,0.0059285602,0.0068439506,0.0065681399,0.08504306,0.91495695,0.00014996,0.00000583,52
9820,"/kaggle/input/datasets/arafatrahmann/my-data221/Epic and CSCR hospital Dataset/Test/glioma/1252.jpg",0,glioma,0,glioma,0.9805787206,0.0053143194,0.0075662187,0.0065407576,0.08391931,0.91608069,0.00015646,0.00000513,1035
9825,"/kaggle/input/datasets/arafatrahmann/my-data221/Epic and CSCR hospital Dataset/Test/glioma/1257.jpg",0,glioma,0,glioma,0.9805760384,0.0059221499,0.0069237016,0.0065780999,0.07999472,0.92000527,0.00018634,0.00000523,52
9827,"/kaggle/input/datasets/arafatrahmann/my-data221/Epic and CSCR hospital Dataset/Test/glioma/1259.jpg",0,glioma,0,glioma,0.9805405736,0.0060479445,0.0069724754,0.0064389994,0.08337800,0.91662200,0.00016968,0.00000684,21
9828,"/kaggle/input/datasets/arafatrahmann/my-data221/Epic and CSCR hospital Dataset/Test/glioma/1260.jpg",0,glioma,0,glioma,0.9804927111,0.0059195412,0.0069754319,0.0066123381,0.08292264,0.91707736,0.00019055,0.00000762,3729
9835,"/kaggle/input/datasets/arafatrahmann/my-data221/Epic and CSCR hospital Dataset/Test/glioma/1267.jpg",0,glioma,0,glioma,0.9803937078,0.0057703098,0.0077288225,0.0061071487,0.08747316,0.91252685,0.00015423,0.00000660,623
9837,"/kaggle/input/datasets/arafatrahmann/my-data221/Epic and CSCR hospital Dataset/Test/glioma/1269.jpg",0,glioma,0,glioma,0.9806748629,0.0054961550,0.0069479169,0.0068811937,0.10015972,0.89984028,0.00011976,0.00000727,820
9848,"/kaggle/input/datasets/arafatrahmann/my-data221/Epic and CSCR hospital Dataset/Test/glioma/1280.jpg",0,glioma,1,meningioma,0.0136426939,0.9726322293,0.0073058857,0.0064191981,0.12564184,0.87435815,0.00015153,0.00001427,900
9849,"/kaggle/input/datasets/arafatrahmann/my-data221/Epic and CSCR hospital Dataset/Test/glioma/1281.jpg",0,glioma,0,glioma,0.9804819822,0.0060343766,0.0070209005,0.0064627379,0.09404775,0.90595224,0.00012146,0.00000677,544
9851,"/kaggle/input/datasets/arafatrahmann/my-data221/Epic and CSCR hospital Dataset/Test/glioma/1283.jpg",0,glioma,0,glioma,0.9802539945,0.0062801791,0.0071450351,0.0063208328,0.08611411,0.91388589,0.00018282,0.00000719,885
9856,"/kaggle/input/datasets/arafatrahmann/my-data221/Epic and CSCR hospital Dataset/Test/glioma/1288.jpg",0,glioma,0,glioma,0.9807766676,0.0055976110,0.0069516948,0.0066740001,0.07959006,0.92040994,0.00018124,0.00000540,56
9862,"/kaggle/input/datasets/arafatrahmann/my-data221/Epic and CSCR hospital Dataset/Test/glioma/1294.jpg",0,glioma,0,glioma,0.9805854559,0.0058114440,0.0073663541,0.0062367534,0.08521600,0.91478400,0.00014652,0.00000658,400
9872,"/kaggle/input/datasets/arafatrahmann/my-data221/Epic and CSCR hospital Dataset/Test/glioma/1304.jpg",0,glioma,0,glioma,0.7091963887,0.2787465155,0.0059281038,0.0061289896,0.13084760,0.86915240,0.00360331,0.00038216,726
9873,"/kaggle/input/datasets/arafatrahmann/my-data221/Epic and CSCR hospital Dataset/Test/glioma/1305.jpg",0,glioma,0,glioma,0.9803602099,0.0058226883,0.0071201203,0.0066969907,0.09572969,0.90427032,0.00012350,0.00000724,3735
9876,"/kaggle/input/datasets/arafatrahmann/my-data221/Epic and CSCR hospital Dataset/Test/glioma/1308.jpg",0,glioma,0,glioma,0.9803125262,0.0055126040,0.0071491362,0.0070257694,0.11170207,0.88829795,0.00011995,0.00000637,102
9877,"/kaggle/input/datasets/arafatrahmann/my-data221/Epic and CSCR hospital Dataset/Test/glioma/1309.jpg",0,glioma,0,glioma,0.9807685614,0.0053853234,0.0076909005,0.0061551416,0.09239572,0.90760427,0.00012819,0.00000624,870
9878,"/kaggle/input/datasets/arafatrahmann/my-data221/Epic and CSCR hospital Dataset/Test/glioma/1310.jpg",0,glioma,0,glioma,0.9805928469,0.0056677065,0.0070297746,0.0067097009,0.08721418,0.91278584,0.00012637,0.00000623,3736
9883,"/kaggle/input/datasets/arafatrahmann/my-data221/Epic and CSCR hospital Dataset/Test/glioma/1315.jpg",0,glioma,0,glioma,0.9804832339,0.0061247968,0.0071386099,0.0062532821,0.08476022,0.91523978,0.00016919,0.00000677,71
9884,"/kaggle/input/datasets/arafatrahmann/my-data221/Epic and CSCR hospital Dataset/Test/glioma/1316.jpg",0,glioma,0,glioma,0.9808214307,0.0058356174,0.0069917291,0.0063511892,0.09367204,0.90632796,0.00011908,0.00000639,581
9887,"/kaggle/input/datasets/arafatrahmann/my-data221/Epic and CSCR hospital Dataset/Test/glioma/1319.jpg",0,glioma,0,glioma,0.9804989100,0.0061015370,0.0070657218,0.0063339770,0.09297335,0.90702665,0.00015021,0.00000681,524
9890,"/kaggle/input/datasets/arafatrahmann/my-data221/Epic and CSCR hospital Dataset/Test/glioma/1322.jpg",0,glioma,1,meningioma,0.0869899690,0.8999201059,0.0069255494,0.0061644330,0.13661766,0.86338236,0.00131950,0.00004676,900
9895,"/kaggle/input/datasets/arafatrahmann/my-data221/Epic and CSCR hospital Dataset/Test/glioma/1327.jpg",0,glioma,0,glioma,0.9810873866,0.0055810199,0.0069278828,0.0064037470,0.09490513,0.90509487,0.00014856,0.00000677,209
9897,"/kaggle/input/datasets/arafatrahmann/my-data221/Epic and CSCR hospital Dataset/Test/glioma/1329.jpg",0,glioma,0,glioma,0.9808208346,0.0059207343,0.0067880219,0.0064704008,0.09005504,0.90994496,0.00014038,0.00000682,52
9898,"/kaggle/input/datasets/arafatrahmann/my-data221/Epic and CSCR hospital Dataset/Test/glioma/1330.jpg",0,glioma,0,glioma,0.9799929857,0.0048473072,0.0083053689,0.0068543791,0.09500302,0.90499697,0.00014848,0.00000696,239
9914,"/kaggle/input/datasets/arafatrahmann/my-data221/Epic and CSCR hospital Dataset/Test/glioma/1346.jpg",0,glioma,0,glioma,0.9802972674,0.0058925017,0.0071672648,0.0066428771,0.08282142,0.91717856,0.00018681,0.00000519,124
9917,"/kaggle/input/datasets/arafatrahmann/my-data221/Epic and CSCR hospital Dataset/Test/glioma/1349.jpg",0,glioma,0,glioma,0.9805215597,0.0057693389,0.0076044886,0.0061045643,0.08457245,0.91542755,0.00019508,0.00000703,186
9921,"/kaggle/input/datasets/arafatrahmann/my-data221/Epic and CSCR hospital Dataset/Test/glioma/1353.jpg",0,glioma,0,glioma,0.9807875752,0.0059899311,0.0067928331,0.0064296997,0.09414247,0.90585753,0.00011520,0.00000664,302
9930,"/kaggle/input/datasets/arafatrahmann/my-data221/Epic and CSCR hospital Dataset/Test/glioma/1362.jpg",0,glioma,0,glioma,0.9806563258,0.0058079939,0.0071629165,0.0063726930,0.09188678,0.90811322,0.00011218,0.00000674,242
9936,"/kaggle/input/datasets/arafatrahmann/my-data221/Epic and CSCR hospital Dataset/Test/glioma/1368.jpg",0,glioma,0,glioma,0.9809729457,0.0057982523,0.0070062364,0.0062225852,0.12047174,0.87952828,0.00011954,0.00000589,179
9941,"/kaggle/input/datasets/arafatrahmann/my-data221/Epic and CSCR hospital Dataset/Test/glioma/1373.jpg",0,glioma,0,glioma,0.9807701111,0.0052039274,0.0068825558,0.0071435249,0.09569513,0.90430487,0.00012209,0.00000653,37
9957,"/kaggle/input/datasets/arafatrahmann/my-data221/Epic and CSCR hospital Dataset/Test/glioma/1389.jpg",0,glioma,0,glioma,0.9799072146,0.0056791874,0.0071011549,0.0073125712,0.08985091,0.91014909,0.00010108,0.00000593,236
9958,"/kaggle/input/datasets/arafatrahmann/my-data221/Epic and CSCR hospital Dataset/Test/glioma/1390.jpg",0,glioma,0,glioma,0.9808098078,0.0059643416,0.0069155470,0.0063103223,0.12025356,0.87974641,0.00015195,0.00000686,52
9969,"/kaggle/input/datasets/arafatrahmann/my-data221/Epic and CSCR hospital Dataset/Test/glioma/1401.jpg",0,glioma,0,glioma,0.9807337523,0.0057400460,0.0071641030,0.0063620443,0.09641971,0.90358030,0.00011406,0.00000616,231
9973,"/kaggle/input/datasets/arafatrahmann/my-data221/Epic and CSCR hospital Dataset/Test/glioma/1405.jpg",0,glioma,0,glioma,0.9809167981,0.0057432628,0.0071346574,0.0062053548,0.08831653,0.91168347,0.00016749,0.00000567,217
9974,"/kaggle/input/datasets/arafatrahmann/my-data221/Epic and CSCR hospital Dataset/Test/glioma/1406.jpg",0,glioma,0,glioma,0.9805526733,0.0055028987,0.0068562999,0.0070880563,0.08381859,0.91618142,0.00016534,0.00000640,1179
9988,"/kaggle/input/datasets/arafatrahmann/my-data221/Epic and CSCR hospital Dataset/Test/glioma/1420.jpg",0,glioma,0,glioma,0.9807525873,0.0059705842,0.0070823459,0.0061945142,0.09200738,0.90799261,0.00017214,0.00000732,2
9990,"/kaggle/input/datasets/arafatrahmann/my-data221/Epic and CSCR hospital Dataset/Test/glioma/1422.jpg",0,glioma,0,glioma,0.9808923602,0.0056940969,0.0072301785,0.0061833472,0.08766390,0.91233613,0.00014296,0.00000664,224
9991,"/kaggle/input/datasets/arafatrahmann/my-data221/Epic and CSCR hospital Dataset/Test/glioma/1423.jpg",0,glioma,0,glioma,0.9806375504,0.0056669330,0.0071593425,0.0065361275,0.08133473,0.91866527,0.00021406,0.00000579,265
10000,"/kaggle/input/datasets/arafatrahmann/my-data221/Epic and CSCR hospital Dataset/Test/glioma/1432.jpg",0,glioma,0,glioma,0.9806698561,0.0057557006,0.0071906061,0.0063837878,0.08574908,0.91425090,0.00017639,0.00000704,185
10001,"/kaggle/input/datasets/arafatrahmann/my-data221/Epic and CSCR hospital Dataset/Test/glioma/1433.jpg",0,glioma,0,glioma,0.9808983803,0.0056613991,0.0069375434,0.0065027080,0.10520798,0.89479203,0.00014124,0.00000664,3747
10017,"/kaggle/input/datasets/arafatrahmann/my-data221/Epic and CSCR hospital Dataset/Test/glioma/1449.jpg",0,glioma,0,glioma,0.9803555608,0.0061435984,0.0072557675,0.0062450566,0.08894200,0.91105797,0.00016047,0.00000763,134
10021,"/kaggle/input/datasets/arafatrahmann/my-data221/Epic and CSCR hospital Dataset/Test/glioma/1453.jpg",0,glioma,0,glioma,0.9807394147,0.0057617431,0.0073289177,0.0061699292,0.09538568,0.90461432,0.00012318,0.00000596,3749
10023,"/kaggle/input/datasets/arafatrahmann/my-data221/Epic and CSCR hospital Dataset/Test/glioma/1455.jpg",0,glioma,0,glioma,0.9807918668,0.0059055914,0.0069268038,0.0063757384,0.09990281,0.90009719,0.00009974,0.00000639,183
10024,"/kaggle/input/datasets/arafatrahmann/my-data221/Epic and CSCR hospital Dataset/Test/glioma/1456.jpg",0,glioma,0,glioma,0.9806382060,0.0058063464,0.0075380490,0.0060174242,0.09000054,0.90999945,0.00011926,0.00000535,165
10030,"/kaggle/input/datasets/arafatrahmann/my-data221/Epic and CSCR hospital Dataset/Test/glioma/1462.jpg",0,glioma,0,glioma,0.9809160233,0.0056152469,0.0070553599,0.0064133727,0.11125812,0.88874190,0.00013051,0.00000708,3750
10033,"/kaggle/input/datasets/arafatrahmann/my-data221/Epic and CSCR hospital Dataset/Test/glioma/1465.jpg",0,glioma,0,glioma,0.9805154800,0.0055805640,0.0069221565,0.0069817775,0.11458560,0.88541440,0.00010447,0.00000515,271
10034,"/kaggle/input/datasets/arafatrahmann/my-data221/Epic and CSCR hospital Dataset/Test/glioma/1466.jpg",0,glioma,0,glioma,0.9785027504,0.0042125545,0.0069212667,0.0103634177,0.09961535,0.90038467,0.00015405,0.00000982,154
10041,"/kaggle/input/datasets/arafatrahmann/my-data221/Epic and CSCR hospital Dataset/Test/glioma/1473.jpg",0,glioma,0,glioma,0.9794276357,0.0064397105,0.0083711985,0.0057615321,0.08370527,0.91629477,0.00020582,0.00000707,277
10043,"/kaggle/input/datasets/arafatrahmann/my-data221/Epic and CSCR hospital Dataset/Test/glioma/1475.jpg",0,glioma,0,glioma,0.9770883322,0.0057278029,0.0077261054,0.0094577400,0.09511709,0.90488290,0.00016322,0.00000986,925
10047,"/kaggle/input/datasets/arafatrahmann/my-data221/Epic and CSCR hospital Dataset/Test/glioma/1479.jpg",0,glioma,0,glioma,0.9807675481,0.0055483682,0.0074079065,0.0062761381,0.08695540,0.91304461,0.00014289,0.00000553,1171
10053,"/kaggle/input/datasets/arafatrahmann/my-data221/Epic and CSCR hospital Dataset/Test/glioma/1485.jpg",0,glioma,0,glioma,0.9673779607,0.0199268758,0.0066201314,0.0060750972,0.08299404,0.91700597,0.00036933,0.00000804,80
10054,"/kaggle/input/datasets/arafatrahmann/my-data221/Epic and CSCR hospital Dataset/Test/glioma/1486.jpg",0,glioma,0,glioma,0.9810448885,0.0052866577,0.0076174377,0.0060510612,0.11511337,0.88488661,0.00009048,0.00000786,201
10056,"/kaggle/input/datasets/arafatrahmann/my-data221/Epic and CSCR hospital Dataset/Test/glioma/1488.jpg",0,glioma,0,glioma,0.9804250002,0.0057701902,0.0071833045,0.0066214600,0.08148032,0.91851968,0.00015873,0.00000498,167
10063,"/kaggle/input/datasets/arafatrahmann/my-data221/Epic and CSCR hospital Dataset/Test/glioma/1495.jpg",0,glioma,0,glioma,0.9800394773,0.0060003242,0.0075485930,0.0064116148,0.10801840,0.89198160,0.00010214,0.00000704,192
10066,"/kaggle/input/datasets/arafatrahmann/my-data221/Epic and CSCR hospital Dataset/Test/glioma/1498.jpg",0,glioma,0,glioma,0.9803971052,0.0063234856,0.0068185590,0.0064607686,0.08013280,0.91986721,0.00020644,0.00000559,1185
10077,"/kaggle/input/datasets/arafatrahmann/my-data221/Epic and CSCR hospital Dataset/Test/glioma/1528.jpg",0,glioma,0,glioma,0.9808984995,0.0055766287,0.0070517263,0.0064731510,0.08800023,0.91199976,0.00013616,0.00000652,166
10114,"/kaggle/input/datasets/arafatrahmann/my-data221/Epic and CSCR hospital Dataset/Test/glioma/G_682.jpg",0,glioma,0,glioma,0.9806165695,0.0055538858,0.0073834239,0.0064460719,0.08123900,0.91876101,0.00021889,0.00000637,70
10115,"/kaggle/input/datasets/arafatrahmann/my-data221/Epic and CSCR hospital Dataset/Test/glioma/G_682_BR_.jpg",0,glioma,0,glioma,0.9802387953,0.0052745976,0.0077526728,0.0067338967,0.09446029,0.90553972,0.00011029,0.00000588,70
10116,"/kaggle/input/datasets/arafatrahmann/my-data221/Epic and CSCR hospital Dataset/Test/glioma/G_682_DA_.jpg",0,glioma,0,glioma,0.9798759222,0.0052911704,0.0080108149,0.0068220361,0.13151212,0.86848789,0.00017850,0.00000665,70
10117,"/kaggle/input/datasets/arafatrahmann/my-data221/Epic and CSCR hospital Dataset/Test/glioma/G_682_HF_.jpg",0,glioma,0,glioma,0.9807637930,0.0055695344,0.0073042982,0.0063623213,0.08976072,0.91023927,0.00014492,0.00000632,70
10118,"/kaggle/input/datasets/arafatrahmann/my-data221/Epic and CSCR hospital Dataset/Test/glioma/G_682_RO_.jpg",0,glioma,0,glioma,0.9806122780,0.0057268115,0.0074194507,0.0062415162,0.09363833,0.90636166,0.00012949,0.00000605,70
10119,"/kaggle/input/datasets/arafatrahmann/my-data221/Epic and CSCR hospital Dataset/Test/glioma/G_682_SP_.jpg",0,glioma,0,glioma,0.9805237651,0.0057353619,0.0074578240,0.0062830308,0.11299337,0.88700664,0.00010230,0.00000667,70
10120,"/kaggle/input/datasets/arafatrahmann/my-data221/Epic and CSCR hospital Dataset/Test/glioma/G_682_VF_.jpg",0,glioma,0,glioma,0.9802368879,0.0060736435,0.0074743805,0.0062151155,0.08579354,0.91420645,0.00016713,0.00000572,70
10128,"/kaggle/input/datasets/arafatrahmann/my-data221/Epic and CSCR hospital Dataset/Test/glioma/G_684.jpg",0,glioma,0,glioma,0.9803845286,0.0059734024,0.0070812469,0.0065608434,0.08467141,0.91532861,0.00015863,0.00000637,326
10129,"/kaggle/input/datasets/arafatrahmann/my-data221/Epic and CSCR hospital Dataset/Test/glioma/G_684_BR_.jpg",0,glioma,0,glioma,0.9800857306,0.0061136521,0.0073343799,0.0064662383,0.11296612,0.88703389,0.00012353,0.00000795,326
10130,"/kaggle/input/datasets/arafatrahmann/my-data221/Epic and CSCR hospital Dataset/Test/glioma/G_684_DA_.jpg",0,glioma,0,glioma,0.9788471460,0.0075319312,0.0073706745,0.0062503167,0.09436882,0.90563118,0.00016306,0.00000646,326
10131,"/kaggle/input/datasets/arafatrahmann/my-data221/Epic and CSCR hospital Dataset/Test/glioma/G_684_HF_.jpg",0,glioma,0,glioma,0.9800111055,0.0063971556,0.0071032131,0.0064884769,0.08520767,0.91479232,0.00016181,0.00000652,326
10132,"/kaggle/input/datasets/arafatrahmann/my-data221/Epic and CSCR hospital Dataset/Test/glioma/G_684_RO_.jpg",0,glioma,0,glioma,0.9797019958,0.0068586902,0.0073397160,0.0060995454,0.12187138,0.87812863,0.00011416,0.00000599,326
10133,"/kaggle/input/datasets/arafatrahmann/my-data221/Epic and CSCR hospital Dataset/Test/glioma/G_684_SP_.jpg",0,glioma,0,glioma,0.9792636037,0.0060388464,0.0083260890,0.0063715405,0.08500862,0.91499136,0.00015723,0.00000555,326
10134,"/kaggle/input/datasets/arafatrahmann/my-data221/Epic and CSCR hospital Dataset/Test/glioma/G_684_VF_.jpg",0,glioma,0,glioma,0.9798253775,0.0062165922,0.0078234477,0.0061345599,0.09331435,0.90668564,0.00012962,0.00000703,326
10142,"/kaggle/input/datasets/arafatrahmann/my-data221/Epic and CSCR hospital Dataset/Test/glioma/G_686.jpg",0,glioma,1,meningioma,0.0894849300,0.8973920941,0.0069388435,0.0061840946,0.14374281,0.85625720,0.00133565,0.00003469,900
10143,"/kaggle/input/datasets/arafatrahmann/my-data221/Epic and CSCR hospital Dataset/Test/glioma/G_686_BR_.jpg",0,glioma,1,meningioma,0.3476535678,0.6401349306,0.0063473680,0.0058641057,0.18482501,0.81517499,0.00105476,0.00017042,900
10144,"/kaggle/input/datasets/arafatrahmann/my-data221/Epic and CSCR hospital Dataset/Test/glioma/G_686_DA_.jpg",0,glioma,1,meningioma,0.1967374980,0.7893761396,0.0069804890,0.0069059543,0.09915260,0.90084742,0.00050173,0.00002826,900
10145,"/kaggle/input/datasets/arafatrahmann/my-data221/Epic and CSCR hospital Dataset/Test/glioma/G_686_HF_.jpg",0,glioma,0,glioma,0.5315749645,0.4566324651,0.0062102783,0.0055822562,0.21140627,0.78859374,0.00072762,0.00020299,900
10146,"/kaggle/input/datasets/arafatrahmann/my-data221/Epic and CSCR hospital Dataset/Test/glioma/G_686_RO_.jpg",0,glioma,0,glioma,0.8736381531,0.1144241318,0.0062350440,0.0057025938,0.08458890,0.91541110,0.00063657,0.00001234,900
10147,"/kaggle/input/datasets/arafatrahmann/my-data221/Epic and CSCR hospital Dataset/Test/glioma/G_686_SP_.jpg",0,glioma,0,glioma,0.9798017740,0.0065209516,0.0074479110,0.0062293611,0.08292792,0.91707209,0.00023202,0.00000707,900
10148,"/kaggle/input/datasets/arafatrahmann/my-data221/Epic and CSCR hospital Dataset/Test/glioma/G_686_VF_.jpg",0,glioma,0,glioma,0.9788396955,0.0083107660,0.0068824673,0.0059670359,0.09026783,0.90973216,0.00018300,0.00000739,900
10260,"/kaggle/input/datasets/arafatrahmann/my-data221/Epic and CSCR hospital Dataset/Test/glioma/G_70.jpg",0,glioma,0,glioma,0.9801775813,0.0063627698,0.0071418919,0.0063176947,0.08430160,0.91569841,0.00015209,0.00000602,915
10290,"/kaggle/input/datasets/arafatrahmann/my-data221/Epic and CSCR hospital Dataset/Test/glioma/G_70_BR_.jpg",0,glioma,0,glioma,0.9798592329,0.0061302511,0.0070631602,0.0069473023,0.09540433,0.90459567,0.00013088,0.00000596,915
10291,"/kaggle/input/datasets/arafatrahmann/my-data221/Epic and CSCR hospital Dataset/Test/glioma/G_70_DA_.jpg",0,glioma,0,glioma,0.9512661099,0.0349184796,0.0071864636,0.0066289259,0.08561277,0.91438724,0.00049705,0.00003312,915
10292,"/kaggle/input/datasets/arafatrahmann/my-data221/Epic and CSCR hospital Dataset/Test/glioma/G_70_HF_.jpg",0,glioma,0,glioma,0.9808827639,0.0058123106,0.0070270845,0.0062778085,0.11395291,0.88604708,0.00014872,0.00000596,915
10293,"/kaggle/input/datasets/arafatrahmann/my-data221/Epic and CSCR hospital Dataset/Test/glioma/G_70_RO_.jpg",0,glioma,0,glioma,0.9808033705,0.0058579883,0.0070626163,0.0062760822,0.11357189,0.88642809,0.00015598,0.00000827,915
10294,"/kaggle/input/datasets/arafatrahmann/my-data221/Epic and CSCR hospital Dataset/Test/glioma/G_70_SP_.jpg",0,glioma,0,glioma,0.9805802107,0.0055746036,0.0071575837,0.0066876272,0.09030533,0.90969468,0.00014660,0.00000614,915
10295,"/kaggle/input/datasets/arafatrahmann/my-data221/Epic and CSCR hospital Dataset/Test/glioma/G_70_VF_.jpg",0,glioma,0,glioma,0.7388203144,0.2479359806,0.0063769249,0.0068668397,0.09155741,0.90844260,0.00071082,0.00008897,915
10324,"/kaggle/input/datasets/arafatrahmann/my-data221/Epic and CSCR hospital Dataset/Test/glioma/G_75.jpg",0,glioma,0,glioma,0.9808017612,0.0057697655,0.0070072869,0.0064212931,0.10310043,0.89689957,0.00010312,0.00000719,265
10325,"/kaggle/input/datasets/arafatrahmann/my-data221/Epic and CSCR hospital Dataset/Test/glioma/G_75_BR_.jpg",0,glioma,0,glioma,0.9800411463,0.0055850614,0.0071978071,0.0071760230,0.08762085,0.91237916,0.00014429,0.00000548,265
10326,"/kaggle/input/datasets/arafatrahmann/my-data221/Epic and CSCR hospital Dataset/Test/glioma/G_75_DA_.jpg",0,glioma,0,glioma,0.9807100296,0.0054499148,0.0072278627,0.0066122352,0.10118819,0.89881179,0.00012347,0.00000763,265
10327,"/kaggle/input/datasets/arafatrahmann/my-data221/Epic and CSCR hospital Dataset/Test/glioma/G_75_HF_.jpg",0,glioma,0,glioma,0.9808138609,0.0056409468,0.0070491591,0.0064959764,0.09273473,0.90726528,0.00014921,0.00000620,265
10328,"/kaggle/input/datasets/arafatrahmann/my-data221/Epic and CSCR hospital Dataset/Test/glioma/G_75_RO_.jpg",0,glioma,0,glioma,0.9804410934,0.0055872360,0.0072695152,0.0067020929,0.09697130,0.90302870,0.00010753,0.00000580,265
10329,"/kaggle/input/datasets/arafatrahmann/my-data221/Epic and CSCR hospital Dataset/Test/glioma/G_75_SP_.jpg",0,glioma,0,glioma,0.9804280996,0.0054741092,0.0070537268,0.0070440904,0.09222481,0.90777519,0.00011200,0.00000559,265
10330,"/kaggle/input/datasets/arafatrahmann/my-data221/Epic and CSCR hospital Dataset/Test/glioma/G_75_VF_.jpg",0,glioma,0,glioma,0.9801565409,0.0056148581,0.0069771567,0.0072515244,0.09639875,0.90360123,0.00013313,0.00000708,265
10331,"/kaggle/input/datasets/arafatrahmann/my-data221/Epic and CSCR hospital Dataset/Test/glioma/G_76.jpg",0,glioma,0,glioma,0.9807211757,0.0056385146,0.0072300276,0.0064103296,0.08790070,0.91209931,0.00010809,0.00000537,265
10332,"/kaggle/input/datasets/arafatrahmann/my-data221/Epic and CSCR hospital Dataset/Test/glioma/G_76_BR_.jpg",0,glioma,0,glioma,0.9800777435,0.0055668456,0.0072473884,0.0071080728,0.09356537,0.90643464,0.00012252,0.00000761,265
10333,"/kaggle/input/datasets/arafatrahmann/my-data221/Epic and CSCR hospital Dataset/Test/glioma/G_76_DA_.jpg",0,glioma,0,glioma,0.9803071022,0.0055390457,0.0075265914,0.0066272942,0.09141714,0.90858287,0.00015056,0.00000719,265
10334,"/kaggle/input/datasets/arafatrahmann/my-data221/Epic and CSCR hospital Dataset/Test/glioma/G_76_HF_.jpg",0,glioma,0,glioma,0.9807124138,0.0057654614,0.0071334639,0.0063885809,0.09505518,0.90494480,0.00015473,0.00000571,265
10335,"/kaggle/input/datasets/arafatrahmann/my-data221/Epic and CSCR hospital Dataset/Test/glioma/G_76_RO_.jpg",0,glioma,0,glioma,0.9807335138,0.0054916115,0.0071449219,0.0066300444,0.08634629,0.91365372,0.00014461,0.00000635,265
10336,"/kaggle/input/datasets/arafatrahmann/my-data221/Epic and CSCR hospital Dataset/Test/glioma/G_76_SP_.jpg",0,glioma,0,glioma,0.9805217981,0.0056089009,0.0070017641,0.0068675638,0.09265811,0.90734190,0.00018911,0.00000637,265
10337,"/kaggle/input/datasets/arafatrahmann/my-data221/Epic and CSCR hospital Dataset/Test/glioma/G_76_VF_.jpg",0,glioma,0,glioma,0.9803764224,0.0058029639,0.0070975991,0.0067230165,0.09493722,0.90506278,0.00014688,0.00000645,265
10373,"/kaggle/input/datasets/arafatrahmann/my-data221/Epic and CSCR hospital Dataset/Test/glioma/G_81.jpg",0,glioma,0,glioma,0.9790425301,0.0067200670,0.0070549147,0.0071824873,0.08277594,0.91722404,0.00018804,0.00000577,890
10374,"/kaggle/input/datasets/arafatrahmann/my-data221/Epic and CSCR hospital Dataset/Test/glioma/G_81_BR_.jpg",0,glioma,0,glioma,0.9729133844,0.0120105390,0.0076805800,0.0073954775,0.08667433,0.91332569,0.00031923,0.00000970,890
10375,"/kaggle/input/datasets/arafatrahmann/my-data221/Epic and CSCR hospital Dataset/Test/glioma/G_81_DA_.jpg",0,glioma,2,notumor,0.2081556320,0.1813935041,0.6033002138,0.0071506323,0.11893846,0.88106152,0.00178957,0.00039428,890
10376,"/kaggle/input/datasets/arafatrahmann/my-data221/Epic and CSCR hospital Dataset/Test/glioma/G_81_HF_.jpg",0,glioma,0,glioma,0.9744209051,0.0117496569,0.0070885792,0.0067408988,0.08370778,0.91629223,0.00023719,0.00000660,890
10377,"/kaggle/input/datasets/arafatrahmann/my-data221/Epic and CSCR hospital Dataset/Test/glioma/G_81_RO_.jpg",0,glioma,0,glioma,0.9615992308,0.0221304949,0.0088155679,0.0074546719,0.09566062,0.90433938,0.00078385,0.00004533,890
10378,"/kaggle/input/datasets/arafatrahmann/my-data221/Epic and CSCR hospital Dataset/Test/glioma/G_81_SP_.jpg",0,glioma,0,glioma,0.8852056265,0.0047620046,0.1014415622,0.0085908417,0.09579260,0.90420739,0.00021343,0.00001396,890
10379,"/kaggle/input/datasets/arafatrahmann/my-data221/Epic and CSCR hospital Dataset/Test/glioma/G_81_VF_.jpg",0,glioma,0,glioma,0.8848531842,0.0059955409,0.1021430045,0.0070082531,0.08814855,0.91185146,0.00033102,0.00001251,890
10394,"/kaggle/input/datasets/arafatrahmann/my-data221/Epic and CSCR hospital Dataset/Test/glioma/G_84.jpg",0,glioma,0,glioma,0.9806815386,0.0047635804,0.0077673746,0.0067875334,0.09882800,0.90117200,0.00011918,0.00000687,923
10395,"/kaggle/input/datasets/arafatrahmann/my-data221/Epic and CSCR hospital Dataset/Test/glioma/G_84_BR_.jpg",0,glioma,0,glioma,0.9797989726,0.0049526347,0.0076891319,0.0075592725,0.09508821,0.90491178,0.00014195,0.00000746,923
10396,"/kaggle/input/datasets/arafatrahmann/my-data221/Epic and CSCR hospital Dataset/Test/glioma/G_84_DA_.jpg",0,glioma,0,glioma,0.9800876379,0.0043012919,0.0077287005,0.0078823147,0.11339065,0.88660935,0.00012325,0.00000591,923
10397,"/kaggle/input/datasets/arafatrahmann/my-data221/Epic and CSCR hospital Dataset/Test/glioma/G_84_HF_.jpg",0,glioma,0,glioma,0.9808359146,0.0046687326,0.0075073279,0.0069880513,0.10003961,0.89996039,0.00011598,0.00000535,923
10398,"/kaggle/input/datasets/arafatrahmann/my-data221/Epic and CSCR hospital Dataset/Test/glioma/G_84_RO_.jpg",0,glioma,0,glioma,0.9809803963,0.0045305747,0.0073033078,0.0071857474,0.09830613,0.90169388,0.00014614,0.00000735,923
10399,"/kaggle/input/datasets/arafatrahmann/my-data221/Epic and CSCR hospital Dataset/Test/glioma/G_84_SP_.jpg",0,glioma,0,glioma,0.9803712964,0.0051909937,0.0074299863,0.0070076748,0.09545298,0.90454702,0.00011187,0.00000594,923
10400,"/kaggle/input/datasets/arafatrahmann/my-data221/Epic and CSCR hospital Dataset/Test/glioma/G_84_VF_.jpg",0,glioma,0,glioma,0.9790526628,0.0041495329,0.0081872139,0.0086105857,0.11293787,0.88706214,0.00013040,0.00000723,923
10405,"/kaggle/input/datasets/arafatrahmann/my-data221/Epic and CSCR hospital Dataset/Test/meningioma/1263.jpg",1,meningioma,1,meningioma,0.0065554203,0.9783488512,0.0077936063,0.0073021566,0.09181460,0.90818540,0.00025980,0.00000854,2149
10407,"/kaggle/input/datasets/arafatrahmann/my-data221/Epic and CSCR hospital Dataset/Test/meningioma/1265.jpg",1,meningioma,1,meningioma,0.0053389966,0.9799747467,0.0077807093,0.0069055632,0.09255302,0.90744699,0.00024332,0.00000940,1910
10408,"/kaggle/input/datasets/arafatrahmann/my-data221/Epic and CSCR hospital Dataset/Test/meningioma/1266.jpg",1,meningioma,1,meningioma,0.1213987097,0.8658415675,0.0073650256,0.0053947070,0.20029992,0.79970007,0.00087582,0.00023712,1970
10410,"/kaggle/input/datasets/arafatrahmann/my-data221/Epic and CSCR hospital Dataset/Test/meningioma/1298.jpg",1,meningioma,1,meningioma,0.0054063061,0.9797461629,0.0078107291,0.0070367465,0.10503181,0.89496818,0.00029525,0.00000947,3758
10416,"/kaggle/input/datasets/arafatrahmann/my-data221/Epic and CSCR hospital Dataset/Test/meningioma/1451.jpg",1,meningioma,1,meningioma,0.0052031660,0.9799233675,0.0078523802,0.0070211692,0.09692503,0.90307496,0.00024673,0.00000937,1500
10421,"/kaggle/input/datasets/arafatrahmann/my-data221/Epic and CSCR hospital Dataset/Test/meningioma/1456.jpg",1,meningioma,1,meningioma,0.0053549842,0.9797449112,0.0079621579,0.0069380691,0.07761311,0.92238689,0.00033280,0.00000772,1489
10427,"/kaggle/input/datasets/arafatrahmann/my-data221/Epic and CSCR hospital Dataset/Test/meningioma/1462.jpg",1,meningioma,1,meningioma,0.0051183240,0.9797313809,0.0080832941,0.0070669847,0.08721166,0.91278834,0.00023785,0.00000796,1466
10442,"/kaggle/input/datasets/arafatrahmann/my-data221/Epic and CSCR hospital Dataset/Test/meningioma/1477.jpg",1,meningioma,2,notumor,0.0057693883,0.1071195453,0.8805806041,0.0065303692,0.11949949,0.88050051,0.00129774,0.00026695,1349
10447,"/kaggle/input/datasets/arafatrahmann/my-data221/Epic and CSCR hospital Dataset/Test/meningioma/1482.jpg",1,meningioma,1,meningioma,0.0054384349,0.9790586233,0.0074804290,0.0080224741,0.12727095,0.87272904,0.00021490,0.00001075,1458
10449,"/kaggle/input/datasets/arafatrahmann/my-data221/Epic and CSCR hospital Dataset/Test/meningioma/1484.jpg",1,meningioma,1,meningioma,0.0070605921,0.9784827232,0.0076970868,0.0067596259,0.12184595,0.87815403,0.00017449,0.00000886,1459
10477,"/kaggle/input/datasets/arafatrahmann/my-data221/Epic and CSCR hospital Dataset/Test/meningioma/1512.jpg",1,meningioma,1,meningioma,0.0056643193,0.9789466858,0.0096195806,0.0057694996,0.14807881,0.85192118,0.00009582,0.00001234,1439
10488,"/kaggle/input/datasets/arafatrahmann/my-data221/Epic and CSCR hospital Dataset/Test/meningioma/1532.jpg",1,meningioma,1,meningioma,0.0051193153,0.9797160029,0.0080924425,0.0070721633,0.08657691,0.91342310,0.00027242,0.00000677,1466
10491,"/kaggle/input/datasets/arafatrahmann/my-data221/Epic and CSCR hospital Dataset/Test/meningioma/1535.jpg",1,meningioma,1,meningioma,0.0050707073,0.9799992442,0.0078673717,0.0070626265,0.08716630,0.91283370,0.00026430,0.00000799,1496
10502,"/kaggle/input/datasets/arafatrahmann/my-data221/Epic and CSCR hospital Dataset/Test/meningioma/1546.jpg",1,meningioma,1,meningioma,0.0053300979,0.9799065590,0.0080087902,0.0067545897,0.08193110,0.91806889,0.00021647,0.00000733,1511
10509,"/kaggle/input/datasets/arafatrahmann/my-data221/Epic and CSCR hospital Dataset/Test/meningioma/1553.jpg",1,meningioma,1,meningioma,0.0058735153,0.9788993001,0.0080698850,0.0071572461,0.08330384,0.91669618,0.00024189,0.00000727,1484
10586,"/kaggle/input/datasets/arafatrahmann/my-data221/Epic and CSCR hospital Dataset/Test/meningioma/M_786.jpg",1,meningioma,1,meningioma,0.0052905255,0.9800222516,0.0078278678,0.0068593859,0.09688051,0.90311947,0.00018963,0.00000897,2184
10587,"/kaggle/input/datasets/arafatrahmann/my-data221/Epic and CSCR hospital Dataset/Test/meningioma/M_786_BR_.jpg",1,meningioma,1,meningioma,0.0049610166,0.9804381132,0.0075694686,0.0070313476,0.10176413,0.89823584,0.00018414,0.00001036,2184
10588,"/kaggle/input/datasets/arafatrahmann/my-data221/Epic and CSCR hospital Dataset/Test/meningioma/M_786_DA_.jpg",1,meningioma,1,meningioma,0.0051164133,0.9801505804,0.0078177899,0.0069151684,0.09165369,0.90834630,0.00025513,0.00000898,2184
10589,"/kaggle/input/datasets/arafatrahmann/my-data221/Epic and CSCR hospital Dataset/Test/meningioma/M_786_HF_.jpg",1,meningioma,1,meningioma,0.0052635521,0.9797405005,0.0080075022,0.0069884444,0.07720935,0.92279065,0.00051081,0.00000830,2184
10590,"/kaggle/input/datasets/arafatrahmann/my-data221/Epic and CSCR hospital Dataset/Test/meningioma/M_786_RO_.jpg",1,meningioma,1,meningioma,0.0067980224,0.9780172110,0.0078521138,0.0073325904,0.08400411,0.91599589,0.00032170,0.00000987,2184
10591,"/kaggle/input/datasets/arafatrahmann/my-data221/Epic and CSCR hospital Dataset/Test/meningioma/M_786_SP_.jpg",1,meningioma,1,meningioma,0.0068425909,0.9785890579,0.0076330230,0.0069353236,0.09426356,0.90573645,0.00029269,0.00001022,2184
10592,"/kaggle/input/datasets/arafatrahmann/my-data221/Epic and CSCR hospital Dataset/Test/meningioma/M_786_VF_.jpg",1,meningioma,1,meningioma,0.0063278815,0.9787265658,0.0077119088,0.0072336877,0.08022856,0.91977143,0.00036994,0.00000747,2184
10705,"/kaggle/input/datasets/arafatrahmann/my-data221/Epic and CSCR hospital Dataset/Test/meningioma/M_800.jpg",1,meningioma,1,meningioma,0.0052891909,0.9799491763,0.0079201693,0.0068414966,0.09523466,0.90476534,0.00029320,0.00001009,2187
10706,"/kaggle/input/datasets/arafatrahmann/my-data221/Epic and CSCR hospital Dataset/Test/meningioma/M_800_BR_.jpg",1,meningioma,1,meningioma,0.0050857738,0.9805068970,0.0074291527,0.0069781491,0.11732755,0.88267244,0.00011953,0.00000734,2187
10707,"/kaggle/input/datasets/arafatrahmann/my-data221/Epic and CSCR hospital Dataset/Test/meningioma/M_800_DA_.jpg",1,meningioma,1,meningioma,0.0054729250,0.9799100757,0.0077055888,0.0069113723,0.09838095,0.90161905,0.00020896,0.00000820,2187
10708,"/kaggle/input/datasets/arafatrahmann/my-data221/Epic and CSCR hospital Dataset/Test/meningioma/M_800_HF_.jpg",1,meningioma,1,meningioma,0.0055243755,0.9796981812,0.0078734849,0.0069039362,0.09040303,0.90959699,0.00023090,0.00000918,2187
10709,"/kaggle/input/datasets/arafatrahmann/my-data221/Epic and CSCR hospital Dataset/Test/meningioma/M_800_RO_.jpg",1,meningioma,1,meningioma,0.0053953482,0.9794678688,0.0077699744,0.0073668668,0.09017163,0.90982839,0.00025685,0.00000753,2187
10710,"/kaggle/input/datasets/arafatrahmann/my-data221/Epic and CSCR hospital Dataset/Test/meningioma/M_800_SP_.jpg",1,meningioma,1,meningioma,0.0060243015,0.9794316292,0.0077033071,0.0068407981,0.11213478,0.88786522,0.00026037,0.00001130,2187
10711,"/kaggle/input/datasets/arafatrahmann/my-data221/Epic and CSCR hospital Dataset/Test/meningioma/M_800_VF_.jpg",1,meningioma,1,meningioma,0.0055021332,0.9793750048,0.0080400761,0.0070828246,0.08515112,0.91484888,0.00033284,0.00001046,2187
10733,"/kaggle/input/datasets/arafatrahmann/my-data221/Epic and CSCR hospital Dataset/Test/meningioma/M_804.jpg",1,meningioma,1,meningioma,0.0052781431,0.9799088240,0.0080420878,0.0067709335,0.08361878,0.91638123,0.00030520,0.00000885,2190
10734,"/kaggle/input/datasets/arafatrahmann/my-data221/Epic and CSCR hospital Dataset/Test/meningioma/M_804_BR_.jpg",1,meningioma,1,meningioma,0.0052655763,0.9802802205,0.0075282133,0.0069260835,0.11434994,0.88565008,0.00011362,0.00000867,2190
10735,"/kaggle/input/datasets/arafatrahmann/my-data221/Epic and CSCR hospital Dataset/Test/meningioma/M_804_DA_.jpg",1,meningioma,1,meningioma,0.0053571044,0.9798785448,0.0079650497,0.0067994110,0.08335989,0.91664011,0.00024768,0.00000851,2190
10736,"/kaggle/input/datasets/arafatrahmann/my-data221/Epic and CSCR hospital Dataset/Test/meningioma/M_804_HF_.jpg",1,meningioma,1,meningioma,0.0050891596,0.9801813960,0.0079434784,0.0067860694,0.09338783,0.90661217,0.00019538,0.00000845,2190
10737,"/kaggle/input/datasets/arafatrahmann/my-data221/Epic and CSCR hospital Dataset/Test/meningioma/M_804_RO_.jpg",1,meningioma,1,meningioma,0.0056050336,0.9795097113,0.0079825018,0.0069027357,0.08573263,0.91426735,0.00027137,0.00000791,2190
10738,"/kaggle/input/datasets/arafatrahmann/my-data221/Epic and CSCR hospital Dataset/Test/meningioma/M_804_SP_.jpg",1,meningioma,1,meningioma,0.0060082846,0.9796466827,0.0077566220,0.0065884637,0.10779466,0.89220535,0.00018124,0.00000811,2190
10739,"/kaggle/input/datasets/arafatrahmann/my-data221/Epic and CSCR hospital Dataset/Test/meningioma/M_804_VF_.jpg",1,meningioma,1,meningioma,0.0055412371,0.9796856046,0.0079581654,0.0068150358,0.08164828,0.91835172,0.00029027,0.00000681,2190
10796,"/kaggle/input/datasets/arafatrahmann/my-data221/Epic and CSCR hospital Dataset/Test/meningioma/M_812.jpg",1,meningioma,1,meningioma,0.0060924222,0.9794350863,0.0076222480,0.0068503083,0.08745124,0.91254875,0.00018442,0.00000740,1433
10797,"/kaggle/input/datasets/arafatrahmann/my-data221/Epic and CSCR hospital Dataset/Test/meningioma/M_812_BR_.jpg",1,meningioma,1,meningioma,0.0064629940,0.9790844917,0.0074715069,0.0069809421,0.10471229,0.89528773,0.00014040,0.00000884,1433
10798,"/kaggle/input/datasets/arafatrahmann/my-data221/Epic and CSCR hospital Dataset/Test/meningioma/M_812_DA_.jpg",1,meningioma,1,meningioma,0.0057786047,0.9796850085,0.0077445819,0.0067917602,0.08656198,0.91343802,0.00037879,0.00000858,1433
10799,"/kaggle/input/datasets/arafatrahmann/my-data221/Epic and CSCR hospital Dataset/Test/meningioma/M_812_HF_.jpg",1,meningioma,1,meningioma,0.0060085095,0.9795759320,0.0075950911,0.0068204505,0.09127942,0.90872059,0.00026040,0.00000986,1433
10800,"/kaggle/input/datasets/arafatrahmann/my-data221/Epic and CSCR hospital Dataset/Test/meningioma/M_812_RO_.jpg",1,meningioma,1,meningioma,0.0060957805,0.9796179533,0.0075861975,0.0067001330,0.10007012,0.89992988,0.00017415,0.00000666,1433
10801,"/kaggle/input/datasets/arafatrahmann/my-data221/Epic and CSCR hospital Dataset/Test/meningioma/M_812_SP_.jpg",1,meningioma,1,meningioma,0.0062500634,0.9792574644,0.0075547425,0.0069377548,0.09327062,0.90672938,0.00016962,0.00000838,1433
10802,"/kaggle/input/datasets/arafatrahmann/my-data221/Epic and CSCR hospital Dataset/Test/meningioma/M_812_VF_.jpg",1,meningioma,1,meningioma,0.0066108955,0.9790194631,0.0077804043,0.0065892749,0.12638615,0.87361387,0.00021640,0.00000825,1433
10860,"/kaggle/input/datasets/arafatrahmann/my-data221/Epic and CSCR hospital Dataset/Test/meningioma/M_83.jpg",1,meningioma,1,meningioma,0.0052448302,0.9798895121,0.0078223264,0.0070432513,0.08688925,0.91311075,0.00036239,0.00001084,1610
10861,"/kaggle/input/datasets/arafatrahmann/my-data221/Epic and CSCR hospital Dataset/Test/meningioma/M_83_BR_.jpg",1,meningioma,1,meningioma,0.0051280358,0.9802551270,0.0076036416,0.0070132026,0.09737420,0.90262582,0.00017360,0.00000822,1610
10862,"/kaggle/input/datasets/arafatrahmann/my-data221/Epic and CSCR hospital Dataset/Test/meningioma/M_83_DA_.jpg",1,meningioma,1,meningioma,0.0053185499,0.9799476862,0.0078340676,0.0068997568,0.10213658,0.89786342,0.00014974,0.00000859,1610
10863,"/kaggle/input/datasets/arafatrahmann/my-data221/Epic and CSCR hospital Dataset/Test/meningioma/M_83_HF_.jpg",1,meningioma,1,meningioma,0.0052483557,0.9801317453,0.0076744505,0.0069454312,0.10972714,0.89027287,0.00012498,0.00000736,1610
10864,"/kaggle/input/datasets/arafatrahmann/my-data221/Epic and CSCR hospital Dataset/Test/meningioma/M_83_RO_.jpg",1,meningioma,1,meningioma,0.0050525377,0.9799463153,0.0079569677,0.0070440779,0.07873585,0.92126412,0.00034644,0.00000916,1610
10865,"/kaggle/input/datasets/arafatrahmann/my-data221/Epic and CSCR hospital Dataset/Test/meningioma/M_83_SP_.jpg",1,meningioma,1,meningioma,0.0066687772,0.9785177112,0.0077657597,0.0070476709,0.08726663,0.91273338,0.00022960,0.00000882,1610
10866,"/kaggle/input/datasets/arafatrahmann/my-data221/Epic and CSCR hospital Dataset/Test/meningioma/M_83_VF_.jpg",1,meningioma,1,meningioma,0.0059854803,0.9785619974,0.0076881610,0.0077643124,0.08124341,0.91875659,0.00033845,0.00000778,1610
10901,"/kaggle/input/datasets/arafatrahmann/my-data221/Epic and CSCR hospital Dataset/Test/meningioma/image(107).jpg",1,meningioma,1,meningioma,0.0066961097,0.9786360860,0.0076852231,0.0069825551,0.09745898,0.90254101,0.00014166,0.00000699,1327
10906,"/kaggle/input/datasets/arafatrahmann/my-data221/Epic and CSCR hospital Dataset/Test/meningioma/image(118).jpg",1,meningioma,1,meningioma,0.0043962444,0.9804919958,0.0091891894,0.0059225918,0.12015605,0.87984394,0.00011196,0.00000914,1284
10910,"/kaggle/input/datasets/arafatrahmann/my-data221/Epic and CSCR hospital Dataset/Test/meningioma/image(13).jpg",1,meningioma,1,meningioma,0.0053522983,0.9739173651,0.0072927945,0.0134375412,0.07532493,0.92467507,0.00049209,0.00000693,1221
10911,"/kaggle/input/datasets/arafatrahmann/my-data221/Epic and CSCR hospital Dataset/Test/meningioma/image(14).jpg",1,meningioma,1,meningioma,0.0055515012,0.9797943830,0.0074553648,0.0071987277,0.10165872,0.89834129,0.00014195,0.00000901,1653
10913,"/kaggle/input/datasets/arafatrahmann/my-data221/Epic and CSCR hospital Dataset/Test/meningioma/image(16).jpg",1,meningioma,1,meningioma,0.0086885178,0.9756830931,0.0073309010,0.0082975468,0.08817982,0.91182019,0.00016112,0.00000701,1330
10921,"/kaggle/input/datasets/arafatrahmann/my-data221/Epic and CSCR hospital Dataset/Test/meningioma/image(23).jpg",1,meningioma,1,meningioma,0.0061751218,0.9793764353,0.0079164598,0.0065319752,0.11096196,0.88903804,0.00012654,0.00000774,1386
10922,"/kaggle/input/datasets/arafatrahmann/my-data221/Epic and CSCR hospital Dataset/Test/meningioma/image(24).jpg",1,meningioma,1,meningioma,0.0043729469,0.9805790782,0.0091294851,0.0059183794,0.13493821,0.86506180,0.00014261,0.00001225,1284
10923,"/kaggle/input/datasets/arafatrahmann/my-data221/Epic and CSCR hospital Dataset/Test/meningioma/image(25).jpg",1,meningioma,2,notumor,0.0049446337,0.0110905748,0.9776142240,0.0063506151,0.10949666,0.89050334,0.00014339,0.00000927,1349
10932,"/kaggle/input/datasets/arafatrahmann/my-data221/Epic and CSCR hospital Dataset/Test/meningioma/image(50).jpg",1,meningioma,1,meningioma,0.3620320857,0.6247607470,0.0057723210,0.0074348436,0.10786978,0.89213023,0.00248354,0.00022187,1671
10942,"/kaggle/input/datasets/arafatrahmann/my-data221/Epic and CSCR hospital Dataset/Test/meningioma/image(60).jpg",1,meningioma,1,meningioma,0.0077786744,0.9766616821,0.0076841288,0.0078754220,0.09059497,0.90940503,0.00018365,0.00000840,1299
10944,"/kaggle/input/datasets/arafatrahmann/my-data221/Epic and CSCR hospital Dataset/Test/meningioma/image(62).jpg",1,meningioma,1,meningioma,0.0076594418,0.9769455194,0.0075777746,0.0078174043,0.10473170,0.89526829,0.00011869,0.00000846,1299
10949,"/kaggle/input/datasets/arafatrahmann/my-data221/Epic and CSCR hospital Dataset/Test/meningioma/image(67).jpg",1,meningioma,1,meningioma,0.0060805269,0.9794656634,0.0076091238,0.0068447618,0.08950082,0.91049917,0.00015793,0.00000693,1433
10953,"/kaggle/input/datasets/arafatrahmann/my-data221/Epic and CSCR hospital Dataset/Test/notumor/1109.jpg",2,notumor,2,notumor,0.0049940757,0.0076676370,0.9801036716,0.0072346451,0.10529316,0.89470684,0.00006514,0.00000447,2263
10961,"/kaggle/input/datasets/arafatrahmann/my-data221/Epic and CSCR hospital Dataset/Test/notumor/1117.jpg",2,notumor,2,notumor,0.0050035892,0.0078730658,0.9799394608,0.0071839700,0.08872375,0.91127627,0.00011542,0.00000493,3765
10966,"/kaggle/input/datasets/arafatrahmann/my-data221/Epic and CSCR hospital Dataset/Test/notumor/1122.jpg",2,notumor,2,notumor,0.0051010628,0.0077398405,0.9794963002,0.0076628365,0.09710386,0.90289615,0.00007432,0.00000405,2579
10970,"/kaggle/input/datasets/arafatrahmann/my-data221/Epic and CSCR hospital Dataset/Test/notumor/1126.jpg",2,notumor,2,notumor,0.0049307300,0.0083752070,0.9798096418,0.0068843821,0.10127530,0.89872470,0.00007189,0.00000475,400
10973,"/kaggle/input/datasets/arafatrahmann/my-data221/Epic and CSCR hospital Dataset/Test/notumor/1129.jpg",2,notumor,2,notumor,0.0053422623,0.0077412413,0.9798071980,0.0071093156,0.09584639,0.90415362,0.00007060,0.00000462,2463
10975,"/kaggle/input/datasets/arafatrahmann/my-data221/Epic and CSCR hospital Dataset/Test/notumor/1131.jpg",2,notumor,2,notumor,0.0050105951,0.0080305506,0.9799121618,0.0070467242,0.10665938,0.89334064,0.00008454,0.00000594,2716
10993,"/kaggle/input/datasets/arafatrahmann/my-data221/Epic and CSCR hospital Dataset/Test/notumor/1151.jpg",2,notumor,2,notumor,0.0055694007,0.0076564290,0.9797455072,0.0070287748,0.09649816,0.90350184,0.00007444,0.00000505,2261
10998,"/kaggle/input/datasets/arafatrahmann/my-data221/Epic and CSCR hospital Dataset/Test/notumor/1156.jpg",2,notumor,2,notumor,0.0055475044,0.0075487094,0.9796876907,0.0072160549,0.10891563,0.89108437,0.00008133,0.00000493,2308
10999,"/kaggle/input/datasets/arafatrahmann/my-data221/Epic and CSCR hospital Dataset/Test/notumor/1157.jpg",2,notumor,2,notumor,0.0053794952,0.0075451024,0.9800008535,0.0070745125,0.10317440,0.89682561,0.00008479,0.00000591,2665
11001,"/kaggle/input/datasets/arafatrahmann/my-data221/Epic and CSCR hospital Dataset/Test/notumor/1159.jpg",2,notumor,2,notumor,0.0052461838,0.0077384277,0.9797229767,0.0072924001,0.09538124,0.90461873,0.00010335,0.00000508,2463
11007,"/kaggle/input/datasets/arafatrahmann/my-data221/Epic and CSCR hospital Dataset/Test/notumor/1165.jpg",2,notumor,2,notumor,0.0053376621,0.0074773640,0.9798908234,0.0072941282,0.08875665,0.91124334,0.00011649,0.00000545,2472
11008,"/kaggle/input/datasets/arafatrahmann/my-data221/Epic and CSCR hospital Dataset/Test/notumor/1166.jpg",2,notumor,2,notumor,0.0048330268,0.0083167125,0.9797981977,0.0070520057,0.10006947,0.89993052,0.00008077,0.00000428,2501
11015,"/kaggle/input/datasets/arafatrahmann/my-data221/Epic and CSCR hospital Dataset/Test/notumor/1173.jpg",2,notumor,2,notumor,0.0051649879,0.0077030039,0.9798105955,0.0073213666,0.09098194,0.90901807,0.00009608,0.00000444,2617
11019,"/kaggle/input/datasets/arafatrahmann/my-data221/Epic and CSCR hospital Dataset/Test/notumor/1177.jpg",2,notumor,2,notumor,0.0049800472,0.0077281641,0.9802220464,0.0070697428,0.11514954,0.88485044,0.00006999,0.00000531,2263
11026,"/kaggle/input/datasets/arafatrahmann/my-data221/Epic and CSCR hospital Dataset/Test/notumor/1184.jpg",2,notumor,2,notumor,0.0048184320,0.0081909616,0.9799294472,0.0070611998,0.09115795,0.90884205,0.00008440,0.00000452,2295
11027,"/kaggle/input/datasets/arafatrahmann/my-data221/Epic and CSCR hospital Dataset/Test/notumor/1185.jpg",2,notumor,2,notumor,0.0050127222,0.0075747981,0.9796952009,0.0077172853,0.10332093,0.89667908,0.00008010,0.00000465,2388
11032,"/kaggle/input/datasets/arafatrahmann/my-data221/Epic and CSCR hospital Dataset/Test/notumor/1190.jpg",2,notumor,2,notumor,0.0049310410,0.0083810668,0.9797881842,0.0068997354,0.09698382,0.90301619,0.00009312,0.00000527,400
11037,"/kaggle/input/datasets/arafatrahmann/my-data221/Epic and CSCR hospital Dataset/Test/notumor/1195.jpg",2,notumor,2,notumor,0.0053224629,0.0074736997,0.9798930883,0.0073107546,0.09601322,0.90398679,0.00006127,0.00000400,2263
11038,"/kaggle/input/datasets/arafatrahmann/my-data221/Epic and CSCR hospital Dataset/Test/notumor/1196.jpg",2,notumor,2,notumor,0.0049291872,0.0083531309,0.9799205661,0.0067971474,0.09094108,0.90905892,0.00010462,0.00000451,2471
11043,"/kaggle/input/datasets/arafatrahmann/my-data221/Epic and CSCR hospital Dataset/Test/notumor/1201.jpg",2,notumor,2,notumor,0.0055813035,0.0075842617,0.9797326326,0.0071018166,0.10182296,0.89817702,0.00006733,0.00000450,2518
11053,"/kaggle/input/datasets/arafatrahmann/my-data221/Epic and CSCR hospital Dataset/Test/notumor/1211.jpg",2,notumor,2,notumor,0.0052879616,0.0078928685,0.9798492193,0.0069698715,0.10058167,0.89941834,0.00008548,0.00000464,2335
11061,"/kaggle/input/datasets/arafatrahmann/my-data221/Epic and CSCR hospital Dataset/Test/notumor/1219.jpg",2,notumor,2,notumor,0.0049936883,0.0079434579,0.9800086021,0.0070542796,0.10050395,0.89949603,0.00007802,0.00000496,2416
11073,"/kaggle/input/datasets/arafatrahmann/my-data221/Epic and CSCR hospital Dataset/Test/notumor/1231.jpg",2,notumor,2,notumor,0.0054430477,0.0073461398,0.9796498418,0.0075610005,0.10414472,0.89585530,0.00007265,0.00000617,2421
11084,"/kaggle/input/datasets/arafatrahmann/my-data221/Epic and CSCR hospital Dataset/Test/notumor/1242.jpg",2,notumor,2,notumor,0.0052209361,0.0076614693,0.9797698855,0.0073477193,0.10379082,0.89620916,0.00008607,0.00000436,2697
11092,"/kaggle/input/datasets/arafatrahmann/my-data221/Epic and CSCR hospital Dataset/Test/notumor/1250.jpg",2,notumor,2,notumor,0.0049792668,0.0080157211,0.9798418880,0.0071631381,0.09685045,0.90314956,0.00007831,0.00000515,2667
11094,"/kaggle/input/datasets/arafatrahmann/my-data221/Epic and CSCR hospital Dataset/Test/notumor/1252.jpg",2,notumor,2,notumor,0.0051959106,0.0078689093,0.9796994925,0.0072357333,0.09621834,0.90378167,0.00008611,0.00000470,2369
11106,"/kaggle/input/datasets/arafatrahmann/my-data221/Epic and CSCR hospital Dataset/Test/notumor/1264.jpg",2,notumor,2,notumor,0.0052418360,0.0077804974,0.9796870947,0.0072905771,0.08679897,0.91320102,0.00009364,0.00000381,2463
11107,"/kaggle/input/datasets/arafatrahmann/my-data221/Epic and CSCR hospital Dataset/Test/notumor/1265.jpg",2,notumor,2,notumor,0.0051920828,0.0076710507,0.9796518087,0.0074850852,0.08974492,0.91025507,0.00011314,0.00000428,2376
11108,"/kaggle/input/datasets/arafatrahmann/my-data221/Epic and CSCR hospital Dataset/Test/notumor/1266.jpg",2,notumor,2,notumor,0.0051172720,0.0077260686,0.9802621007,0.0068945684,0.13025620,0.86974381,0.00004573,0.00000448,2285
11119,"/kaggle/input/datasets/arafatrahmann/my-data221/Epic and CSCR hospital Dataset/Test/notumor/1277.jpg",2,notumor,2,notumor,0.0053190971,0.0074810600,0.9799062610,0.0072935456,0.09091129,0.90908870,0.00008033,0.00000481,2472
11126,"/kaggle/input/datasets/arafatrahmann/my-data221/Epic and CSCR hospital Dataset/Test/notumor/1284.jpg",2,notumor,2,notumor,0.0050042686,0.0082292762,0.9800105095,0.0067559136,0.09727951,0.90272049,0.00012611,0.00000481,2334
11131,"/kaggle/input/datasets/arafatrahmann/my-data221/Epic and CSCR hospital Dataset/Test/notumor/1289.jpg",2,notumor,2,notumor,0.0052008657,0.0077628642,0.9798367620,0.0071994038,0.10616824,0.89383175,0.00007338,0.00000464,2463
11134,"/kaggle/input/datasets/arafatrahmann/my-data221/Epic and CSCR hospital Dataset/Test/notumor/1292.jpg",2,notumor,2,notumor,0.0048896885,0.0079239085,0.9797312021,0.0074551739,0.09037733,0.90962268,0.00009729,0.00000472,2737
11135,"/kaggle/input/datasets/arafatrahmann/my-data221/Epic and CSCR hospital Dataset/Test/notumor/1293.jpg",2,notumor,2,notumor,0.0051118033,0.0075378567,0.9799221158,0.0074282484,0.09852197,0.90147804,0.00007832,0.00000491,2472
11141,"/kaggle/input/datasets/arafatrahmann/my-data221/Epic and CSCR hospital Dataset/Test/notumor/1299.jpg",2,notumor,2,notumor,0.0051583396,0.0077195177,0.9796715975,0.0074505815,0.08871735,0.91128265,0.00008209,0.00000405,2376
11150,"/kaggle/input/datasets/arafatrahmann/my-data221/Epic and CSCR hospital Dataset/Test/notumor/1308.jpg",2,notumor,2,notumor,0.0052551897,0.0078600664,0.9800046086,0.0068801208,0.11029024,0.88970976,0.00005045,0.00000506,2482
11152,"/kaggle/input/datasets/arafatrahmann/my-data221/Epic and CSCR hospital Dataset/Test/notumor/1310.jpg",2,notumor,2,notumor,0.0050978148,0.0080638090,0.9797536731,0.0070847077,0.08817025,0.91182976,0.00010797,0.00000410,2381
11160,"/kaggle/input/datasets/arafatrahmann/my-data221/Epic and CSCR hospital Dataset/Test/notumor/1318.jpg",2,notumor,2,notumor,0.0046577640,0.0068546324,0.9781349897,0.0103525668,0.09460210,0.90539788,0.00007338,0.00000408,2419
11161,"/kaggle/input/datasets/arafatrahmann/my-data221/Epic and CSCR hospital Dataset/Test/notumor/1319.jpg",2,notumor,2,notumor,0.0051400112,0.0077700526,0.9801340103,0.0069559487,0.11047756,0.88952245,0.00006077,0.00000430,2285
11163,"/kaggle/input/datasets/arafatrahmann/my-data221/Epic and CSCR hospital Dataset/Test/notumor/1321.jpg",2,notumor,2,notumor,0.0049968329,0.0078870170,0.9796890020,0.0074270866,0.08283814,0.91716185,0.00014844,0.00000487,3777
11188,"/kaggle/input/datasets/arafatrahmann/my-data221/Epic and CSCR hospital Dataset/Test/notumor/1346.jpg",2,notumor,2,notumor,0.0052751126,0.0073840879,0.9796888232,0.0076520243,0.10650136,0.89349865,0.00007254,0.00000541,2541
11195,"/kaggle/input/datasets/arafatrahmann/my-data221/Epic and CSCR hospital Dataset/Test/notumor/1353.jpg",2,notumor,2,notumor,0.0052898726,0.0079001589,0.9798203707,0.0069895922,0.09468989,0.90531010,0.00008610,0.00000612,2335
11207,"/kaggle/input/datasets/arafatrahmann/my-data221/Epic and CSCR hospital Dataset/Test/notumor/1365.jpg",2,notumor,2,notumor,0.0054511852,0.0075580389,0.9795392752,0.0074514509,0.10190153,0.89809848,0.00010705,0.00000518,2509
11210,"/kaggle/input/datasets/arafatrahmann/my-data221/Epic and CSCR hospital Dataset/Test/notumor/1368.jpg",2,notumor,2,notumor,0.0050167767,0.0078853592,0.9798102379,0.0072876913,0.08906261,0.91093739,0.00008497,0.00000353,3779
11211,"/kaggle/input/datasets/arafatrahmann/my-data221/Epic and CSCR hospital Dataset/Test/notumor/1369.jpg",2,notumor,2,notumor,0.0052285893,0.0072906157,0.9794778824,0.0080028959,0.11838136,0.88161865,0.00006594,0.00000518,2432
11221,"/kaggle/input/datasets/arafatrahmann/my-data221/Epic and CSCR hospital Dataset/Test/notumor/1379.jpg",2,notumor,2,notumor,0.0049809813,0.0077746459,0.9798316956,0.0074127330,0.09581609,0.90418391,0.00011406,0.00000476,2609
11227,"/kaggle/input/datasets/arafatrahmann/my-data221/Epic and CSCR hospital Dataset/Test/notumor/1385.jpg",2,notumor,2,notumor,0.0051454650,0.0077824951,0.9801004529,0.0069715837,0.10458950,0.89541051,0.00006384,0.00000439,2285
11228,"/kaggle/input/datasets/arafatrahmann/my-data221/Epic and CSCR hospital Dataset/Test/notumor/1386.jpg",2,notumor,2,notumor,0.0053487802,0.0072606532,0.9797892570,0.0076012881,0.10728489,0.89271510,0.00007716,0.00000499,2376
11229,"/kaggle/input/datasets/arafatrahmann/my-data221/Epic and CSCR hospital Dataset/Test/notumor/1387.jpg",2,notumor,2,notumor,0.0050491286,0.0079731978,0.9797279239,0.0072496892,0.09230500,0.90769499,0.00009009,0.00000467,2555
11232,"/kaggle/input/datasets/arafatrahmann/my-data221/Epic and CSCR hospital Dataset/Test/notumor/1390.jpg",2,notumor,2,notumor,0.0047561778,0.0082629453,0.9797070622,0.0072738258,0.08411593,0.91588405,0.00012005,0.00000467,2374
11240,"/kaggle/input/datasets/arafatrahmann/my-data221/Epic and CSCR hospital Dataset/Test/notumor/1398.jpg",2,notumor,2,notumor,0.0054256869,0.0076924539,0.9798625112,0.0070193755,0.09224364,0.90775634,0.00008599,0.00000423,2361
11246,"/kaggle/input/datasets/arafatrahmann/my-data221/Epic and CSCR hospital Dataset/Test/notumor/1404.jpg",2,notumor,2,notumor,0.0052884379,0.0076139555,0.9795390964,0.0075584776,0.08925222,0.91074778,0.00009407,0.00000464,2347
11247,"/kaggle/input/datasets/arafatrahmann/my-data221/Epic and CSCR hospital Dataset/Test/notumor/1405.jpg",2,notumor,2,notumor,0.0053080772,0.0078675374,0.9797738194,0.0070505873,0.10708026,0.89291974,0.00005973,0.00000475,2528
11249,"/kaggle/input/datasets/arafatrahmann/my-data221/Epic and CSCR hospital Dataset/Test/notumor/1407.jpg",2,notumor,2,notumor,0.0053379065,0.0074570440,0.9795464277,0.0076586953,0.09381767,0.90618235,0.00009174,0.00000452,2353
11255,"/kaggle/input/datasets/arafatrahmann/my-data221/Epic and CSCR hospital Dataset/Test/notumor/1413.jpg",2,notumor,2,notumor,0.0053448249,0.0077156229,0.9798955917,0.0070439009,0.11265020,0.88734980,0.00007499,0.00000619,2463
11260,"/kaggle/input/datasets/arafatrahmann/my-data221/Epic and CSCR hospital Dataset/Test/notumor/1418.jpg",2,notumor,2,notumor,0.0052882568,0.0074291513,0.9798759222,0.0074066063,0.10444857,0.89555144,0.00006988,0.00000487,2520
11263,"/kaggle/input/datasets/arafatrahmann/my-data221/Epic and CSCR hospital Dataset/Test/notumor/1421.jpg",2,notumor,2,notumor,0.0052752262,0.0074585006,0.9795880318,0.0076781875,0.09659155,0.90340846,0.00009768,0.00000487,2683
11269,"/kaggle/input/datasets/arafatrahmann/my-data221/Epic and CSCR hospital Dataset/Test/notumor/1427.jpg",2,notumor,2,notumor,0.0052062431,0.0077805892,0.9797903299,0.0072228932,0.09769525,0.90230475,0.00008946,0.00000553,2463
11272,"/kaggle/input/datasets/arafatrahmann/my-data221/Epic and CSCR hospital Dataset/Test/notumor/1430.jpg",2,notumor,2,notumor,0.0052154725,0.0076105148,0.9796836972,0.0074903243,0.08728768,0.91271232,0.00009105,0.00000367,2518
11275,"/kaggle/input/datasets/arafatrahmann/my-data221/Epic and CSCR hospital Dataset/Test/notumor/1433.jpg",2,notumor,2,notumor,0.0051076105,0.0078791399,0.9798461795,0.0071670837,0.09639003,0.90360998,0.00008556,0.00000380,2388
11286,"/kaggle/input/datasets/arafatrahmann/my-data221/Epic and CSCR hospital Dataset/Test/notumor/1444.jpg",2,notumor,2,notumor,0.0050807549,0.0077522704,0.9796531796,0.0075138286,0.08187175,0.91812824,0.00011973,0.00000372,2722
11288,"/kaggle/input/datasets/arafatrahmann/my-data221/Epic and CSCR hospital Dataset/Test/notumor/1446.jpg",2,notumor,2,notumor,0.0052217459,0.0076709152,0.9797444344,0.0073628975,0.10181802,0.89818198,0.00007298,0.00000492,2335
11294,"/kaggle/input/datasets/arafatrahmann/my-data221/Epic and CSCR hospital Dataset/Test/notumor/1452.jpg",2,notumor,2,notumor,0.0052119954,0.0078013777,0.9797359705,0.0072506843,0.09639798,0.90360203,0.00009207,0.00000542,2463
11295,"/kaggle/input/datasets/arafatrahmann/my-data221/Epic and CSCR hospital Dataset/Test/notumor/1453.jpg",2,notumor,2,notumor,0.0050750887,0.0073331273,0.9795568585,0.0080349874,0.11625597,0.88374403,0.00006850,0.00000547,2591
11296,"/kaggle/input/datasets/arafatrahmann/my-data221/Epic and CSCR hospital Dataset/Test/notumor/1454.jpg",2,notumor,2,notumor,0.0053679422,0.0076267198,0.9796268344,0.0073785284,0.09597208,0.90402790,0.00008739,0.00000514,2683
11299,"/kaggle/input/datasets/arafatrahmann/my-data221/Epic and CSCR hospital Dataset/Test/notumor/1457.jpg",2,notumor,2,notumor,0.0051283287,0.0077624223,0.9794710875,0.0076382300,0.09242952,0.90757049,0.00010070,0.00000449,2376
11301,"/kaggle/input/datasets/arafatrahmann/my-data221/Epic and CSCR hospital Dataset/Test/notumor/1459.jpg",2,notumor,2,notumor,0.0054636612,0.0075559961,0.9797094464,0.0072709033,0.09400477,0.90599522,0.00007608,0.00000397,2684
11302,"/kaggle/input/datasets/arafatrahmann/my-data221/Epic and CSCR hospital Dataset/Test/notumor/1460.jpg",2,notumor,2,notumor,0.0053111445,0.0070109270,0.9789428711,0.0087349731,0.10171719,0.89828281,0.00006268,0.00000541,2544
11306,"/kaggle/input/datasets/arafatrahmann/my-data221/Epic and CSCR hospital Dataset/Test/notumor/1464.jpg",2,notumor,2,notumor,0.0048286105,0.0083772447,0.9797450304,0.0070491796,0.09384420,0.90615580,0.00009496,0.00000394,2501
11319,"/kaggle/input/datasets/arafatrahmann/my-data221/Epic and CSCR hospital Dataset/Test/notumor/1477.jpg",2,notumor,2,notumor,0.0045240088,0.0132594155,0.9762328267,0.0059837382,0.08271312,0.91728687,0.00034247,0.00000842,2408
11322,"/kaggle/input/datasets/arafatrahmann/my-data221/Epic and CSCR hospital Dataset/Test/notumor/1480.jpg",2,notumor,2,notumor,0.0051621920,0.0078124977,0.9798613787,0.0071639181,0.08797312,0.91202687,0.00012551,0.00000476,3788
11330,"/kaggle/input/datasets/arafatrahmann/my-data221/Epic and CSCR hospital Dataset/Test/notumor/1488.jpg",2,notumor,2,notumor,0.0051359897,0.0077623026,0.9801532626,0.0069484301,0.11130217,0.88869783,0.00006001,0.00000487,2285
11331,"/kaggle/input/datasets/arafatrahmann/my-data221/Epic and CSCR hospital Dataset/Test/notumor/1489.jpg",2,notumor,2,notumor,0.0053769946,0.0076196082,0.9796314240,0.0073720156,0.10977885,0.89022114,0.00007558,0.00000587,2446
11332,"/kaggle/input/datasets/arafatrahmann/my-data221/Epic and CSCR hospital Dataset/Test/notumor/1490.jpg",2,notumor,2,notumor,0.0050183469,0.0082441000,0.9799541235,0.0067833448,0.08874506,0.91125494,0.00011462,0.00000600,2334
11334,"/kaggle/input/datasets/arafatrahmann/my-data221/Epic and CSCR hospital Dataset/Test/notumor/1492.jpg",2,notumor,2,notumor,0.0052246032,0.0076716626,0.9800484776,0.0070552467,0.10884643,0.89115354,0.00004700,0.00000431,2703
11336,"/kaggle/input/datasets/arafatrahmann/my-data221/Epic and CSCR hospital Dataset/Test/notumor/1494.jpg",2,notumor,2,notumor,0.0053766863,0.0078168437,0.9798281789,0.0069783316,0.09035279,0.90964724,0.00014696,0.00000482,2520
11353,"/kaggle/input/datasets/arafatrahmann/my-data221/Epic and CSCR hospital Dataset/Test/notumor/1511.jpg",2,notumor,2,notumor,0.0052111661,0.0077863643,0.9797679186,0.0072345054,0.09452601,0.90547400,0.00010080,0.00000491,2463
11354,"/kaggle/input/datasets/arafatrahmann/my-data221/Epic and CSCR hospital Dataset/Test/notumor/1512.jpg",2,notumor,2,notumor,0.0048842225,0.0079018138,0.9797328115,0.0074812202,0.09957713,0.90042288,0.00006571,0.00000400,2337
11368,"/kaggle/input/datasets/arafatrahmann/my-data221/Epic and CSCR hospital Dataset/Test/notumor/1526.jpg",2,notumor,0,glioma,0.9807306528,0.0055574765,0.0076126768,0.0060992390,0.11728336,0.88271666,0.00008167,0.00000596,2301
11373,"/kaggle/input/datasets/arafatrahmann/my-data221/Epic and CSCR hospital Dataset/Test/notumor/1531.jpg",2,notumor,2,notumor,0.0051292358,0.0074893623,0.9797271490,0.0076541938,0.09383641,0.90616360,0.00010270,0.00000421,2644
11381,"/kaggle/input/datasets/arafatrahmann/my-data221/Epic and CSCR hospital Dataset/Test/notumor/1539.jpg",2,notumor,2,notumor,0.0053722798,0.0074105859,0.9794238210,0.0077933529,0.08100804,0.91899196,0.00013777,0.00000424,3792
11382,"/kaggle/input/datasets/arafatrahmann/my-data221/Epic and CSCR hospital Dataset/Test/notumor/1540.jpg",2,notumor,2,notumor,0.0047580721,0.0084875645,0.9798447490,0.0069095939,0.10600284,0.89399719,0.00006092,0.00000444,2337
11385,"/kaggle/input/datasets/arafatrahmann/my-data221/Epic and CSCR hospital Dataset/Test/notumor/1543.jpg",2,notumor,2,notumor,0.0051425779,0.0077256123,0.9797691107,0.0073626563,0.09965275,0.90034725,0.00008454,0.00000509,2376
11386,"/kaggle/input/datasets/arafatrahmann/my-data221/Epic and CSCR hospital Dataset/Test/notumor/1544.jpg",2,notumor,2,notumor,0.0053938660,0.0075746477,0.9799134135,0.0071180402,0.09233420,0.90766581,0.00007819,0.00000435,2665
11388,"/kaggle/input/datasets/arafatrahmann/my-data221/Epic and CSCR hospital Dataset/Test/notumor/1546.jpg",2,notumor,2,notumor,0.0052843960,0.0078696711,0.9796581268,0.0071877739,0.08261935,0.91738065,0.00011758,0.00000425,2734
11389,"/kaggle/input/datasets/arafatrahmann/my-data221/Epic and CSCR hospital Dataset/Test/notumor/1547.jpg",2,notumor,2,notumor,0.0054250872,0.0072962344,0.9797466397,0.0075320154,0.11702523,0.88297479,0.00006958,0.00000567,2308
11391,"/kaggle/input/datasets/arafatrahmann/my-data221/Epic and CSCR hospital Dataset/Test/notumor/1549.jpg",2,notumor,2,notumor,0.0052737105,0.0079354662,0.9797883034,0.0070024943,0.08890274,0.91109725,0.00009932,0.00000438,2335
11396,"/kaggle/input/datasets/arafatrahmann/my-data221/Epic and CSCR hospital Dataset/Test/notumor/1554.jpg",2,notumor,2,notumor,0.0049792700,0.0078863110,0.9799931645,0.0071412935,0.08632005,0.91367995,0.00009385,0.00000406,2263
11398,"/kaggle/input/datasets/arafatrahmann/my-data221/Epic and CSCR hospital Dataset/Test/notumor/1556.jpg",2,notumor,2,notumor,0.0050140093,0.0079231542,0.9798026085,0.0072602928,0.09059531,0.90940468,0.00008160,0.00000435,3793
11415,"/kaggle/input/datasets/arafatrahmann/my-data221/Epic and CSCR hospital Dataset/Test/notumor/1573.jpg",2,notumor,2,notumor,0.0055550514,0.0076885261,0.9797097445,0.0070466981,0.09004691,0.90995308,0.00009683,0.00000508,2261
11421,"/kaggle/input/datasets/arafatrahmann/my-data221/Epic and CSCR hospital Dataset/Test/notumor/1579.jpg",2,notumor,2,notumor,0.0052436488,0.0073330612,0.9795075655,0.0079157529,0.09645268,0.90354733,0.00009798,0.00000545,3796
11432,"/kaggle/input/datasets/arafatrahmann/my-data221/Epic and CSCR hospital Dataset/Test/notumor/44no.jpg",2,notumor,2,notumor,0.0050123176,0.0080376845,0.9798825383,0.0070674606,0.09964986,0.90035015,0.00007063,0.00000440,2716
11445,"/kaggle/input/datasets/arafatrahmann/my-data221/Epic and CSCR hospital Dataset/Test/pituitary/1208.jpg",3,pituitary,3,pituitary,0.0046659084,0.0056443335,0.0093182791,0.9803714752,0.41504656,0.58495344,0.00001650,0.00001134,3476
11447,"/kaggle/input/datasets/arafatrahmann/my-data221/Epic and CSCR hospital Dataset/Test/pituitary/1210.jpg",3,pituitary,3,pituitary,0.0050972132,0.0063737510,0.0084982757,0.9800308943,0.44831551,0.55168449,0.00001552,0.00001252,3483
11450,"/kaggle/input/datasets/arafatrahmann/my-data221/Epic and CSCR hospital Dataset/Test/pituitary/1220.jpg",3,pituitary,3,pituitary,0.0052296645,0.0063420497,0.0082191788,0.9802090526,0.40312943,0.59687056,0.00001567,0.00001102,2780
11457,"/kaggle/input/datasets/arafatrahmann/my-data221/Epic and CSCR hospital Dataset/Test/pituitary/1227.jpg",3,pituitary,3,pituitary,0.0050945817,0.0105044562,0.0075759543,0.9768249393,0.41675982,0.58324018,0.00002857,0.00002117,3566
11465,"/kaggle/input/datasets/arafatrahmann/my-data221/Epic and CSCR hospital Dataset/Test/pituitary/1235.jpg",3,pituitary,3,pituitary,0.0050582262,0.0061778715,0.0088813547,0.9798825383,0.42570218,0.57429782,0.00002133,0.00001674,2784
11468,"/kaggle/input/datasets/arafatrahmann/my-data221/Epic and CSCR hospital Dataset/Test/pituitary/1238.jpg",3,pituitary,3,pituitary,0.0049834559,0.0098024104,0.0076816543,0.9775325060,0.45761503,0.54238496,0.00002466,0.00002007,2764
11473,"/kaggle/input/datasets/arafatrahmann/my-data221/Epic and CSCR hospital Dataset/Test/pituitary/1243.jpg",3,pituitary,3,pituitary,0.0051031257,0.0067921295,0.0083300713,0.9797746539,0.45377448,0.54622552,0.00001696,0.00001584,2986
11487,"/kaggle/input/datasets/arafatrahmann/my-data221/Epic and CSCR hospital Dataset/Test/pituitary/1257.jpg",3,pituitary,3,pituitary,0.0051891827,0.0070125014,0.0080301333,0.9797680974,0.45189620,0.54810380,0.00001663,0.00001446,3804
11488,"/kaggle/input/datasets/arafatrahmann/my-data221/Epic and CSCR hospital Dataset/Test/pituitary/1258.jpg",3,pituitary,3,pituitary,0.0050888071,0.0059999344,0.0083149504,0.9805962443,0.33952660,0.66047340,0.00002601,0.00001550,3805
11490,"/kaggle/input/datasets/arafatrahmann/my-data221/Epic and CSCR hospital Dataset/Test/pituitary/1260.jpg",3,pituitary,3,pituitary,0.0053052842,0.0095381467,0.0074679395,0.9776886106,0.44734152,0.55265849,0.00001891,0.00001471,3201
11494,"/kaggle/input/datasets/arafatrahmann/my-data221/Epic and CSCR hospital Dataset/Test/pituitary/1264.jpg",3,pituitary,3,pituitary,0.0048263213,0.0056900391,0.0086000925,0.9808834195,0.31957633,0.68042367,0.00001910,0.00001055,3065
11501,"/kaggle/input/datasets/arafatrahmann/my-data221/Epic and CSCR hospital Dataset/Test/pituitary/1271.jpg",3,pituitary,3,pituitary,0.0050875572,0.0093966946,0.0076985569,0.9778172374,0.45201479,0.54798520,0.00001874,0.00001444,2764
11504,"/kaggle/input/datasets/arafatrahmann/my-data221/Epic and CSCR hospital Dataset/Test/pituitary/1274.jpg",3,pituitary,3,pituitary,0.0051171966,0.0065464289,0.0087381639,0.9795982242,0.44541824,0.55458175,0.00001506,0.00001445,3399
11512,"/kaggle/input/datasets/arafatrahmann/my-data221/Epic and CSCR hospital Dataset/Test/pituitary/1282.jpg",3,pituitary,3,pituitary,0.0053125066,0.0102805039,0.0075435368,0.9768635035,0.48196088,0.51803910,0.00002049,0.00001972,3539
11517,"/kaggle/input/datasets/arafatrahmann/my-data221/Epic and CSCR hospital Dataset/Test/pituitary/1287.jpg",3,pituitary,3,pituitary,0.0050656111,0.0057973983,0.0083725387,0.9807645082,0.37295800,0.62704200,0.00001678,0.00001084,3411
11522,"/kaggle/input/datasets/arafatrahmann/my-data221/Epic and CSCR hospital Dataset/Test/pituitary/1292.jpg",3,pituitary,3,pituitary,0.0051600942,0.0085148495,0.0079001375,0.9784249067,0.51908434,0.48091565,0.00001392,0.00001442,3279
11525,"/kaggle/input/datasets/arafatrahmann/my-data221/Epic and CSCR hospital Dataset/Test/pituitary/1295.jpg",3,pituitary,3,pituitary,0.0050951662,0.0065728081,0.0083369063,0.9799950719,0.40235672,0.59764329,0.00002001,0.00001493,3642
11530,"/kaggle/input/datasets/arafatrahmann/my-data221/Epic and CSCR hospital Dataset/Test/pituitary/1300.jpg",3,pituitary,3,pituitary,0.0053120693,0.0066925734,0.0081245704,0.9798707962,0.48467870,0.51532130,0.00001621,0.00001434,3435
11534,"/kaggle/input/datasets/arafatrahmann/my-data221/Epic and CSCR hospital Dataset/Test/pituitary/1304.jpg",3,pituitary,3,pituitary,0.0048529487,0.0109426305,0.0081104627,0.9760939479,0.37498012,0.62501988,0.00002555,0.00001516,3491
11537,"/kaggle/input/datasets/arafatrahmann/my-data221/Epic and CSCR hospital Dataset/Test/pituitary/1307.jpg",3,pituitary,3,pituitary,0.0049782759,0.0072119134,0.0079843365,0.9798254967,0.35237211,0.64762789,0.00001950,0.00001241,2792
11541,"/kaggle/input/datasets/arafatrahmann/my-data221/Epic and CSCR hospital Dataset/Test/pituitary/1311.jpg",3,pituitary,3,pituitary,0.0050910832,0.0061374544,0.0081502534,0.9806213379,0.40775795,0.59224204,0.00001666,0.00001090,3225
11549,"/kaggle/input/datasets/arafatrahmann/my-data221/Epic and CSCR hospital Dataset/Test/pituitary/1319.jpg",3,pituitary,3,pituitary,0.0050024195,0.0058206678,0.0086251944,0.9805517197,0.26896666,0.73103334,0.00002420,0.00000980,3612
11553,"/kaggle/input/datasets/arafatrahmann/my-data221/Epic and CSCR hospital Dataset/Test/pituitary/1323.jpg",3,pituitary,3,pituitary,0.0051710024,0.0082919840,0.0077708662,0.9787661433,0.52484299,0.47515701,0.00001444,0.00001575,3292
11568,"/kaggle/input/datasets/arafatrahmann/my-data221/Epic and CSCR hospital Dataset/Test/pituitary/1338.jpg",3,pituitary,3,pituitary,0.0051384512,0.0062087686,0.0086509492,0.9800018072,0.42232564,0.57767436,0.00002183,0.00001651,3149
11573,"/kaggle/input/datasets/arafatrahmann/my-data221/Epic and CSCR hospital Dataset/Test/pituitary/1343.jpg",3,pituitary,3,pituitary,0.0050967494,0.0067529334,0.0085930843,0.9795572162,0.41706183,0.58293817,0.00002100,0.00001165,3633
11576,"/kaggle/input/datasets/arafatrahmann/my-data221/Epic and CSCR hospital Dataset/Test/pituitary/1346.jpg",3,pituitary,3,pituitary,0.0054765008,0.0089736804,0.0076270192,0.9779227972,0.56028669,0.43971331,0.00001584,0.00001849,2764
11583,"/kaggle/input/datasets/arafatrahmann/my-data221/Epic and CSCR hospital Dataset/Test/pituitary/1353.jpg",3,pituitary,3,pituitary,0.0052349651,0.0068238131,0.0081111062,0.9798300862,0.46944073,0.53055926,0.00001608,0.00001514,3118
11584,"/kaggle/input/datasets/arafatrahmann/my-data221/Epic and CSCR hospital Dataset/Test/pituitary/1354.jpg",3,pituitary,3,pituitary,0.0050277812,0.0062033092,0.0085352520,0.9802336693,0.37777080,0.62222919,0.00002077,0.00001390,3289
11586,"/kaggle/input/datasets/arafatrahmann/my-data221/Epic and CSCR hospital Dataset/Test/pituitary/1356.jpg",3,pituitary,3,pituitary,0.0050525838,0.0067068762,0.0082071852,0.9800333977,0.41506716,0.58493284,0.00001813,0.00001324,3376
11587,"/kaggle/input/datasets/arafatrahmann/my-data221/Epic and CSCR hospital Dataset/Test/pituitary/1357.jpg",3,pituitary,3,pituitary,0.0049187662,0.0064142682,0.0086156968,0.9800512195,0.41430106,0.58569894,0.00001760,0.00001287,2906
11608,"/kaggle/input/datasets/arafatrahmann/my-data221/Epic and CSCR hospital Dataset/Test/pituitary/1378.jpg",3,pituitary,3,pituitary,0.0049007619,0.0060057817,0.0089151319,0.9801782370,0.34409406,0.65590594,0.00002225,0.00001207,2811
11609,"/kaggle/input/datasets/arafatrahmann/my-data221/Epic and CSCR hospital Dataset/Test/pituitary/1379.jpg",3,pituitary,3,pituitary,0.0050322223,0.0066874288,0.0083582578,0.9799221158,0.46570040,0.53429961,0.00001996,0.00001725,3275
11610,"/kaggle/input/datasets/arafatrahmann/my-data221/Epic and CSCR hospital Dataset/Test/pituitary/1380.jpg",3,pituitary,3,pituitary,0.0050043808,0.0054901200,0.0086392108,0.9808663130,0.33531165,0.66468836,0.00001859,0.00000953,3818
11619,"/kaggle/input/datasets/arafatrahmann/my-data221/Epic and CSCR hospital Dataset/Test/pituitary/1389.jpg",3,pituitary,3,pituitary,0.0050195088,0.0067522107,0.0085790548,0.9796491861,0.33273530,0.66726470,0.00002107,0.00000974,3156
11626,"/kaggle/input/datasets/arafatrahmann/my-data221/Epic and CSCR hospital Dataset/Test/pituitary/1396.jpg",3,pituitary,3,pituitary,0.0050254823,0.0073034680,0.0081741922,0.9794968367,0.34049296,0.65950703,0.00001909,0.00001079,3272
11627,"/kaggle/input/datasets/arafatrahmann/my-data221/Epic and CSCR hospital Dataset/Test/pituitary/1397.jpg",3,pituitary,3,pituitary,0.0051295487,0.0085664270,0.0078012571,0.9785027504,0.50313536,0.49686463,0.00001465,0.00001377,3539
11631,"/kaggle/input/datasets/arafatrahmann/my-data221/Epic and CSCR hospital Dataset/Test/pituitary/1401.jpg",3,pituitary,3,pituitary,0.0050603612,0.0066380464,0.0088245012,0.9794770479,0.41838353,0.58161648,0.00001847,0.00001266,3289
11633,"/kaggle/input/datasets/arafatrahmann/my-data221/Epic and CSCR hospital Dataset/Test/pituitary/1403.jpg",3,pituitary,3,pituitary,0.0050622774,0.0060228375,0.0083394079,0.9805755615,0.37208994,0.62791005,0.00002238,0.00001280,2743
11644,"/kaggle/input/datasets/arafatrahmann/my-data221/Epic and CSCR hospital Dataset/Test/pituitary/1414.jpg",3,pituitary,3,pituitary,0.0051520839,0.0060791979,0.0083394265,0.9804292917,0.40188535,0.59811463,0.00002184,0.00001245,3231
11646,"/kaggle/input/datasets/arafatrahmann/my-data221/Epic and CSCR hospital Dataset/Test/pituitary/1416.jpg",3,pituitary,3,pituitary,0.0050712610,0.0064187497,0.0083782980,0.9801317453,0.40304600,0.59695401,0.00001828,0.00001192,2742
11647,"/kaggle/input/datasets/arafatrahmann/my-data221/Epic and CSCR hospital Dataset/Test/pituitary/1417.jpg",3,pituitary,3,pituitary,0.0050926902,0.0116090914,0.0077585778,0.9755396843,0.49700031,0.50299970,0.00001933,0.00001823,3492
11649,"/kaggle/input/datasets/arafatrahmann/my-data221/Epic and CSCR hospital Dataset/Test/pituitary/1419.jpg",3,pituitary,3,pituitary,0.0042951410,0.0048406012,0.0129295411,0.9779346585,0.27820723,0.72179276,0.00003666,0.00001349,2784
11655,"/kaggle/input/datasets/arafatrahmann/my-data221/Epic and CSCR hospital Dataset/Test/pituitary/1425.jpg",3,pituitary,3,pituitary,0.0050212354,0.0062068296,0.0084312055,0.9803407788,0.40949391,0.59050608,0.00002295,0.00001451,3825
11656,"/kaggle/input/datasets/arafatrahmann/my-data221/Epic and CSCR hospital Dataset/Test/pituitary/1426.jpg",3,pituitary,3,pituitary,0.0050656139,0.0067854272,0.0085215243,0.9796274900,0.41412846,0.58587155,0.00002167,0.00001438,3826
11657,"/kaggle/input/datasets/arafatrahmann/my-data221/Epic and CSCR hospital Dataset/Test/pituitary/1427.jpg",3,pituitary,3,pituitary,0.0049913926,0.0066684857,0.0085004689,0.9798396826,0.47001774,0.52998226,0.00001484,0.00001293,2971
11663,"/kaggle/input/datasets/arafatrahmann/my-data221/Epic and CSCR hospital Dataset/Test/pituitary/1433.jpg",3,pituitary,3,pituitary,0.0053576147,0.0087771490,0.0079366658,0.9779284596,0.48084306,0.51915695,0.00001928,0.00001871,3551
11667,"/kaggle/input/datasets/arafatrahmann/my-data221/Epic and CSCR hospital Dataset/Test/pituitary/1437.jpg",3,pituitary,3,pituitary,0.0052314638,0.0061884811,0.0084346132,0.9801454544,0.41592367,0.58407632,0.00001848,0.00001343,3379
11672,"/kaggle/input/datasets/arafatrahmann/my-data221/Epic and CSCR hospital Dataset/Test/pituitary/1442.jpg",3,pituitary,3,pituitary,0.0050100302,0.0061099022,0.0086310655,0.9802489281,0.45024837,0.54975162,0.00001619,0.00001374,3828
11676,"/kaggle/input/datasets/arafatrahmann/my-data221/Epic and CSCR hospital Dataset/Test/pituitary/1446.jpg",3,pituitary,3,pituitary,0.0050165653,0.0060121841,0.0085401963,0.9804310799,0.36674763,0.63325237,0.00002189,0.00001277,3051
11681,"/kaggle/input/datasets/arafatrahmann/my-data221/Epic and CSCR hospital Dataset/Test/pituitary/1451.jpg",3,pituitary,3,pituitary,0.0050309771,0.0182587355,0.0078886207,0.9688217044,0.58195753,0.41804248,0.00002476,0.00003371,3430
11699,"/kaggle/input/datasets/arafatrahmann/my-data221/Epic and CSCR hospital Dataset/Test/pituitary/1469.jpg",3,pituitary,3,pituitary,0.0049981782,0.0061802790,0.0090282522,0.9797932506,0.45165079,0.54834920,0.00001781,0.00001424,2866
11701,"/kaggle/input/datasets/arafatrahmann/my-data221/Epic and CSCR hospital Dataset/Test/pituitary/1471.jpg",3,pituitary,3,pituitary,0.0052831979,0.0073928521,0.0081512025,0.9791728258,0.56827247,0.43172753,0.00001250,0.00001565,2973
11702,"/kaggle/input/datasets/arafatrahmann/my-data221/Epic and CSCR hospital Dataset/Test/pituitary/1472.jpg",3,pituitary,3,pituitary,0.0048611807,0.0085424362,0.0082814330,0.9783149958,0.38811188,0.61188814,0.00002477,0.00001423,2838
11708,"/kaggle/input/datasets/arafatrahmann/my-data221/Epic and CSCR hospital Dataset/Test/pituitary/1478.jpg",3,pituitary,3,pituitary,0.0050934795,0.0064767739,0.0088843722,0.9795452952,0.42500884,0.57499116,0.00002345,0.00001323,3834
11711,"/kaggle/input/datasets/arafatrahmann/my-data221/Epic and CSCR hospital Dataset/Test/pituitary/1481.jpg",3,pituitary,3,pituitary,0.0049516479,0.0061374572,0.0085806139,0.9803301692,0.41248450,0.58751552,0.00001515,0.00001204,3604
11712,"/kaggle/input/datasets/arafatrahmann/my-data221/Epic and CSCR hospital Dataset/Test/pituitary/1482.jpg",3,pituitary,3,pituitary,0.0053587062,0.0064656409,0.0079438891,0.9802317619,0.47487856,0.52512145,0.00001757,0.00001569,3677
11715,"/kaggle/input/datasets/arafatrahmann/my-data221/Epic and CSCR hospital Dataset/Test/pituitary/1485.jpg",3,pituitary,3,pituitary,0.0054162028,0.0084024025,0.0076858127,0.9784955978,0.53875558,0.46124443,0.00001390,0.00001510,2764
11717,"/kaggle/input/datasets/arafatrahmann/my-data221/Epic and CSCR hospital Dataset/Test/pituitary/1487.jpg",3,pituitary,3,pituitary,0.0048221266,0.0059459992,0.0088713709,0.9803606272,0.41320636,0.58679364,0.00001960,0.00001260,3696
11730,"/kaggle/input/datasets/arafatrahmann/my-data221/Epic and CSCR hospital Dataset/Test/pituitary/1500.jpg",3,pituitary,3,pituitary,0.0052551716,0.0084544942,0.0080290558,0.9782612920,0.37875875,0.62124125,0.00002611,0.00001394,2933
11731,"/kaggle/input/datasets/arafatrahmann/my-data221/Epic and CSCR hospital Dataset/Test/pituitary/1501.jpg",3,pituitary,3,pituitary,0.0047596912,0.0061020688,0.0089965370,0.9801417589,0.31727443,0.68272556,0.00002258,0.00001252,2906
11744,"/kaggle/input/datasets/arafatrahmann/my-data221/Epic and CSCR hospital Dataset/Test/pituitary/1514.jpg",3,pituitary,3,pituitary,0.0050406400,0.0065424861,0.0083203018,0.9800966382,0.36768407,0.63231593,0.00002062,0.00001277,3642
11746,"/kaggle/input/datasets/arafatrahmann/my-data221/Epic and CSCR hospital Dataset/Test/pituitary/1516.jpg",3,pituitary,3,pituitary,0.0049204072,0.0058902907,0.0083835367,0.9808057547,0.31564774,0.68435227,0.00002525,0.00001261,3633
11748,"/kaggle/input/datasets/arafatrahmann/my-data221/Epic and CSCR hospital Dataset/Test/pituitary/1518.jpg",3,pituitary,3,pituitary,0.0054537798,0.0084687937,0.0075342832,0.9785431027,0.44293118,0.55706882,0.00001562,0.00001263,3844
11761,"/kaggle/input/datasets/arafatrahmann/my-data221/Epic and CSCR hospital Dataset/Test/pituitary/1531.jpg",3,pituitary,3,pituitary,0.0047269077,0.0071057761,0.0088714585,0.9792959094,0.34172877,0.65827122,0.00002219,0.00001211,3849
11770,"/kaggle/input/datasets/arafatrahmann/my-data221/Epic and CSCR hospital Dataset/Test/pituitary/1540.jpg",3,pituitary,3,pituitary,0.0051942775,0.0063525490,0.0083715320,0.9800816774,0.35588342,0.64411657,0.00002055,0.00001052,3851
11773,"/kaggle/input/datasets/arafatrahmann/my-data221/Epic and CSCR hospital Dataset/Test/pituitary/1543.jpg",3,pituitary,3,pituitary,0.0050461022,0.0064709075,0.0088299513,0.9796530008,0.40565390,0.59434611,0.00002140,0.00001562,3575
11774,"/kaggle/input/datasets/arafatrahmann/my-data221/Epic and CSCR hospital Dataset/Test/pituitary/1544.jpg",3,pituitary,3,pituitary,0.0053959461,0.0075334222,0.0077824071,0.9792882800,0.49008927,0.50991073,0.00002201,0.00001464,2764
11775,"/kaggle/input/datasets/arafatrahmann/my-data221/Epic and CSCR hospital Dataset/Test/pituitary/1545.jpg",3,pituitary,3,pituitary,0.0050445786,0.0058940211,0.0086495429,0.9804118276,0.41393054,0.58606945,0.00001923,0.00001299,2940
11779,"/kaggle/input/datasets/arafatrahmann/my-data221/Epic and CSCR hospital Dataset/Test/pituitary/1549.jpg",3,pituitary,3,pituitary,0.0052989200,0.0064236345,0.0081890011,0.9800884128,0.46229862,0.53770137,0.00001169,0.00001018,3853
11780,"/kaggle/input/datasets/arafatrahmann/my-data221/Epic and CSCR hospital Dataset/Test/pituitary/1550.jpg",3,pituitary,3,pituitary,0.0048729107,0.0070012985,0.0084105404,0.9797152281,0.36050255,0.63949746,0.00002331,0.00001213,2792
11786,"/kaggle/input/datasets/arafatrahmann/my-data221/Epic and CSCR hospital Dataset/Test/pituitary/1556.jpg",3,pituitary,3,pituitary,0.0050825020,0.0062219850,0.0084326835,0.9802627563,0.41789331,0.58210669,0.00001595,0.00001255,2896
11788,"/kaggle/input/datasets/arafatrahmann/my-data221/Epic and CSCR hospital Dataset/Test/pituitary/1558.jpg",3,pituitary,3,pituitary,0.0049514389,0.0061377650,0.0086165462,0.9802943468,0.40857271,0.59142731,0.00001958,0.00001345,2941
11790,"/kaggle/input/datasets/arafatrahmann/my-data221/Epic and CSCR hospital Dataset/Test/pituitary/1560.jpg",3,pituitary,3,pituitary,0.0048139920,0.0059809284,0.0089944992,0.9802106023,0.44146008,0.55853993,0.00001831,0.00001338,2845
11793,"/kaggle/input/datasets/arafatrahmann/my-data221/Epic and CSCR hospital Dataset/Test/pituitary/1563.jpg",3,pituitary,3,pituitary,0.0051068310,0.0083465874,0.0078924121,0.9786542058,0.51051235,0.48948765,0.00001699,0.00001587,2936
11805,"/kaggle/input/datasets/arafatrahmann/my-data221/Epic and CSCR hospital Dataset/Test/pituitary/1575.jpg",3,pituitary,3,pituitary,0.0050810454,0.0054767919,0.0081636366,0.9812785387,0.30239187,0.69760813,0.00002340,0.00000914,2762
11806,"/kaggle/input/datasets/arafatrahmann/my-data221/Epic and CSCR hospital Dataset/Test/pituitary/1576.jpg",3,pituitary,3,pituitary,0.0050922115,0.0081007397,0.0079862922,0.9788208008,0.49707726,0.50292275,0.00001715,0.00001593,2764
11818,"/kaggle/input/datasets/arafatrahmann/my-data221/Epic and CSCR hospital Dataset/Test/pituitary/1588.jpg",3,pituitary,3,pituitary,0.0050927117,0.0058345301,0.0086470889,0.9804257154,0.35939440,0.64060560,0.00001787,0.00000983,3590
11819,"/kaggle/input/datasets/arafatrahmann/my-data221/Epic and CSCR hospital Dataset/Test/pituitary/1589.jpg",3,pituitary,3,pituitary,0.0049639470,0.0064510526,0.0084015448,0.9801834822,0.35061575,0.64938424,0.00002347,0.00001307,2964
11823,"/kaggle/input/datasets/arafatrahmann/my-data221/Epic and CSCR hospital Dataset/Test/pituitary/1593.jpg",3,pituitary,3,pituitary,0.0051803561,0.0070114085,0.0080938907,0.9797143936,0.45991363,0.54008635,0.00001741,0.00001395,2863
11830,"/kaggle/input/datasets/arafatrahmann/my-data221/Epic and CSCR hospital Dataset/Test/pituitary/1600.jpg",3,pituitary,3,pituitary,0.0050539281,0.0071947589,0.0082857376,0.9794654846,0.42850475,0.57149525,0.00001799,0.00001424,2938
11831,"/kaggle/input/datasets/arafatrahmann/my-data221/Epic and CSCR hospital Dataset/Test/pituitary/1601.jpg",3,pituitary,3,pituitary,0.0049900473,0.0060389959,0.0082653631,0.9807056189,0.36909872,0.63090128,0.00001886,0.00001206,3862
11836,"/kaggle/input/datasets/arafatrahmann/my-data221/Epic and CSCR hospital Dataset/Test/pituitary/1606.jpg",3,pituitary,3,pituitary,0.0051356563,0.0061715804,0.0080326153,0.9806601405,0.36371180,0.63628819,0.00001979,0.00001170,3864
11839,"/kaggle/input/datasets/arafatrahmann/my-data221/Epic and CSCR hospital Dataset/Test/pituitary/1609.jpg",3,pituitary,3,pituitary,0.0055641327,0.0095990757,0.0078286007,0.9770082235,0.57043525,0.42956474,0.00001670,0.00001962,2892
11857,"/kaggle/input/datasets/arafatrahmann/my-data221/Epic and CSCR hospital Dataset/Test/pituitary/1650.jpg",3,pituitary,3,pituitary,0.0049761888,0.0061490485,0.0084365029,0.9804383516,0.35321587,0.64678412,0.00001978,0.00001162,3647
11865,"/kaggle/input/datasets/arafatrahmann/my-data221/Epic and CSCR hospital Dataset/Test/pituitary/1658.jpg",3,pituitary,3,pituitary,0.0050794901,0.0066496423,0.0084784674,0.9797924161,0.39667687,0.60332313,0.00002426,0.00001540,3872
11878,"/kaggle/input/datasets/arafatrahmann/my-data221/Epic and CSCR hospital Dataset/Test/pituitary/image(27).jpg",3,pituitary,3,pituitary,0.0048926519,0.0068875104,0.0087851910,0.9794346690,0.44981807,0.55018194,0.00001939,0.00001508,2810
11879,"/kaggle/input/datasets/arafatrahmann/my-data221/Epic and CSCR hospital Dataset/Test/pituitary/image(28).jpg",3,pituitary,3,pituitary,0.0049125706,0.0069798017,0.0087137194,0.9793939590,0.51217265,0.48782735,0.00001340,0.00001347,2810
11882,"/kaggle/input/datasets/arafatrahmann/my-data221/Epic and CSCR hospital Dataset/Test/pituitary/image(31).jpg",3,pituitary,3,pituitary,0.0048922496,0.0059778024,0.0089386059,0.9801914096,0.33666629,0.66333370,0.00001845,0.00001028,2811
11903,"/kaggle/input/datasets/arafatrahmann/my-data221/Epic and CSCR hospital Dataset/Test/pituitary/image(56).jpg",3,pituitary,3,pituitary,0.0050603184,0.0072092465,0.0086873816,0.9790431261,0.50401717,0.49598282,0.00001554,0.00001367,2820
11904,"/kaggle/input/datasets/arafatrahmann/my-data221/Epic and CSCR hospital Dataset/Test/pituitary/image(57).jpg",3,pituitary,3,pituitary,0.0050040171,0.0070800027,0.0086259041,0.9792901278,0.48387032,0.51612967,0.00001300,0.00001322,2820
11905,"/kaggle/input/datasets/arafatrahmann/my-data221/Epic and CSCR hospital Dataset/Test/pituitary/image(87).jpg",3,pituitary,2,notumor,0.0048309471,0.3142945766,0.6559144258,0.0249600299,0.11392879,0.88607121,0.00394349,0.00044464,2829
11906,"/kaggle/input/datasets/arafatrahmann/my-data221/Epic and CSCR hospital Dataset/Test/pituitary/image(88).jpg",3,pituitary,2,notumor,0.0047678594,0.3122617304,0.6585540771,0.0244163331,0.09745485,0.90254515,0.00471593,0.00038984,2829
11907,"/kaggle/input/datasets/arafatrahmann/my-data221/Epic and CSCR hospital Dataset/Test/pituitary/image(89).jpg",3,pituitary,3,pituitary,0.0048506288,0.0052733878,0.0091775265,0.9806984067,0.29965081,0.70034918,0.00001765,0.00000872,2811
11908,"/kaggle/input/datasets/arafatrahmann/my-data221/Epic and CSCR hospital Dataset/Test/pituitary/image(90).jpg",3,pituitary,3,pituitary,0.0049060569,0.0054395366,0.0091491211,0.9805052876,0.36860456,0.63139545,0.00002594,0.00001676,2811
11909,"/kaggle/input/datasets/arafatrahmann/my-data221/Epic and CSCR hospital Dataset/Test/pituitary/image(91).jpg",3,pituitary,3,pituitary,0.0049034967,0.0053492049,0.0092701251,0.9804772139,0.29330740,0.70669258,0.00002664,0.00001044,2811
11921,"/kaggle/input/datasets/arafatrahmann/my-data221/Epic and CSCR hospital Dataset/Test/pituitary/p (34).jpg",3,pituitary,3,pituitary,0.0054751518,0.0080611445,0.0079235081,0.9785401225,0.48949013,0.51050988,0.00001671,0.00001622,3077
11922,"/kaggle/input/datasets/arafatrahmann/my-data221/Epic and CSCR hospital Dataset/Test/pituitary/p (35).jpg",3,pituitary,3,pituitary,0.0053285835,0.0071325763,0.0084378878,0.9791010022,0.40543760,0.59456240,0.00002202,0.00001364,3077
11923,"/kaggle/input/datasets/arafatrahmann/my-data221/Epic and CSCR hospital Dataset/Test/pituitary/p (36).jpg",3,pituitary,3,pituitary,0.0052610380,0.0068217167,0.0082744686,0.9796427488,0.37632479,0.62367521,0.00002350,0.00001244,3077
11930,"/kaggle/input/datasets/arafatrahmann/my-data221/Epic and CSCR hospital Dataset/Test/pituitary/p (37).jpg",3,pituitary,3,pituitary,0.0053468659,0.0070293471,0.0083387094,0.9792849422,0.45650782,0.54349217,0.00001809,0.00001387,3110
11933,"/kaggle/input/datasets/arafatrahmann/my-data221/Epic and CSCR hospital Dataset/Test/pituitary/p (372).jpg",3,pituitary,3,pituitary,0.0051251510,0.0064040138,0.0083138924,0.9801568985,0.37251288,0.62748712,0.00002053,0.00001331,3112
11934,"/kaggle/input/datasets/arafatrahmann/my-data221/Epic and CSCR hospital Dataset/Test/pituitary/p (373).jpg",3,pituitary,3,pituitary,0.0052099237,0.0063478509,0.0083795283,0.9800626636,0.38762619,0.61237382,0.00002113,0.00001363,3113
11943,"/kaggle/input/datasets/arafatrahmann/my-data221/Epic and CSCR hospital Dataset/Test/pituitary/p (381).jpg",3,pituitary,3,pituitary,0.0051618656,0.0066167414,0.0081120180,0.9801093936,0.37328712,0.62671289,0.00002011,0.00001261,3118
11944,"/kaggle/input/datasets/arafatrahmann/my-data221/Epic and CSCR hospital Dataset/Test/pituitary/p (382).jpg",3,pituitary,3,pituitary,0.0049882615,0.0063456907,0.0084233899,0.9802427292,0.31535619,0.68464383,0.00002104,0.00000926,3118
11945,"/kaggle/input/datasets/arafatrahmann/my-data221/Epic and CSCR hospital Dataset/Test/pituitary/p (383).jpg",3,pituitary,3,pituitary,0.0052438928,0.0068586329,0.0081451796,0.9797523618,0.46539335,0.53460665,0.00001694,0.00001453,3118
11946,"/kaggle/input/datasets/arafatrahmann/my-data221/Epic and CSCR hospital Dataset/Test/pituitary/p (384).jpg",3,pituitary,3,pituitary,0.0051318170,0.0081914216,0.0080259591,0.9786508679,0.50894195,0.49105806,0.00001575,0.00001571,3118
11947,"/kaggle/input/datasets/arafatrahmann/my-data221/Epic and CSCR hospital Dataset/Test/pituitary/p (385).jpg",3,pituitary,3,pituitary,0.0050206059,0.0062360624,0.0087296888,0.9800136685,0.42465658,0.57534341,0.00001867,0.00001281,3118
11952,"/kaggle/input/datasets/arafatrahmann/my-data221/Epic and CSCR hospital Dataset/Test/pituitary/p (39).jpg",3,pituitary,3,pituitary,0.0051665734,0.0062899985,0.0085160984,0.9800273776,0.37720355,0.62279644,0.00002320,0.00001394,3122
11959,"/kaggle/input/datasets/arafatrahmann/my-data221/Epic and CSCR hospital Dataset/Test/pituitary/p (396).jpg",3,pituitary,3,pituitary,0.0049553616,0.0059422799,0.0085195554,0.9805827141,0.36527781,0.63472219,0.00001698,0.00001013,3127
11969,"/kaggle/input/datasets/arafatrahmann/my-data221/Epic and CSCR hospital Dataset/Test/pituitary/p (404).jpg",3,pituitary,3,pituitary,0.0051927282,0.0067417091,0.0085249776,0.9795405269,0.48623386,0.51376614,0.00001895,0.00001556,3135
11970,"/kaggle/input/datasets/arafatrahmann/my-data221/Epic and CSCR hospital Dataset/Test/pituitary/p (405).jpg",3,pituitary,3,pituitary,0.0050799311,0.0070161917,0.0080957077,0.9798081517,0.42778956,0.57221043,0.00001634,0.00001300,3136
11972,"/kaggle/input/datasets/arafatrahmann/my-data221/Epic and CSCR hospital Dataset/Test/pituitary/p (407).jpg",3,pituitary,3,pituitary,0.0051150536,0.0064660683,0.0082542943,0.9801646471,0.41444903,0.58555097,0.00002001,0.00001296,3138
11973,"/kaggle/input/datasets/arafatrahmann/my-data221/Epic and CSCR hospital Dataset/Test/pituitary/p (408).jpg",3,pituitary,3,pituitary,0.0050539011,0.0063271536,0.0082128774,0.9804061055,0.37356051,0.62643950,0.00002098,0.00001308,3138
11993,"/kaggle/input/datasets/arafatrahmann/my-data221/Epic and CSCR hospital Dataset/Test/pituitary/p (426).jpg",3,pituitary,3,pituitary,0.0050014099,0.0058687227,0.0085997274,0.9805300832,0.33685054,0.66314945,0.00002331,0.00001163,3149
11995,"/kaggle/input/datasets/arafatrahmann/my-data221/Epic and CSCR hospital Dataset/Test/pituitary/p (428).jpg",3,pituitary,3,pituitary,0.0048786364,0.0058858939,0.0092263706,0.9800090790,0.35636780,0.64363222,0.00002353,0.00001361,3149
12003,"/kaggle/input/datasets/arafatrahmann/my-data221/Epic and CSCR hospital Dataset/Test/pituitary/p (435).jpg",3,pituitary,3,pituitary,0.0052135712,0.0079488792,0.0082565816,0.9785809517,0.50474268,0.49525732,0.00001579,0.00001600,3154
12005,"/kaggle/input/datasets/arafatrahmann/my-data221/Epic and CSCR hospital Dataset/Test/pituitary/p (437).jpg",3,pituitary,3,pituitary,0.0051667606,0.0071215355,0.0086152060,0.9790964127,0.46034171,0.53965827,0.00001797,0.00001710,3156
12019,"/kaggle/input/datasets/arafatrahmann/my-data221/Epic and CSCR hospital Dataset/Test/pituitary/p (45).jpg",3,pituitary,3,pituitary,0.0053915693,0.0070299478,0.0080046654,0.9795739055,0.51761998,0.48238003,0.00001208,0.00001179,3164
12028,"/kaggle/input/datasets/arafatrahmann/my-data221/Epic and CSCR hospital Dataset/Test/pituitary/p (458).jpg",3,pituitary,3,pituitary,0.0058127018,0.0879238993,0.0070636077,0.8991997838,0.70802601,0.29197398,0.00036062,0.00015804,3171
12030,"/kaggle/input/datasets/arafatrahmann/my-data221/Epic and CSCR hospital Dataset/Test/pituitary/p (46).jpg",3,pituitary,3,pituitary,0.0052073537,0.0064177006,0.0081597110,0.9802151918,0.45531923,0.54468077,0.00001463,0.00001265,3172
12041,"/kaggle/input/datasets/arafatrahmann/my-data221/Epic and CSCR hospital Dataset/Test/pituitary/p (47).jpg",3,pituitary,3,pituitary,0.0051787202,0.0063250465,0.0082710069,0.9802252054,0.35544956,0.64455045,0.00002055,0.00001191,3178
12050,"/kaggle/input/datasets/arafatrahmann/my-data221/Epic and CSCR hospital Dataset/Test/pituitary/p (478).jpg",3,pituitary,3,pituitary,0.0051189163,0.0058736540,0.0087790955,0.9802283049,0.39835240,0.60164761,0.00002159,0.00001332,3184
